,id,event2,datetime,bodyweight,impulse,duration,left_impulse,left_duration,right_impulse,right_duration,impulse_ratio,impulse_time_diff
0,3B00185E23,1-2024-12-11,2024-12-11 07:59:37.234,0.1032697062361606,0.013008502074860493,0.052999999999999936,0.006795774608437584,0.028000000000000025,0.006614774528409372,0.02499999999999991,1.0273630006965235,0.0030000000000001137
1,3B0018C6F9,2-2024-12-11,2024-12-11 08:00:49.235,0.098122407562645,0.012753480333355046,0.07500000000000001,0.006116336770647813,0.05299999999999999,0.007105747023309956,0.02200000000000002,0.8607591503868003,0.030999999999999972
2,3B00199DE5,3-2024-12-11,2024-12-11 08:03:18.234,0.0962241320632675,0.014658514004137271,0.04999999999999982,0.005524634267795827,0.020000000000000018,0.009580942869998627,0.029999999999999805,0.5766274095105441,-0.009999999999999787
3,3B00185CB8,8-2024-12-11,2024-12-11 08:07:13.231,0.0953970648449805,2.436206060440385e-05,0.006000000000000005,1.584122342151377e-05,0.0030000000000000027,1.369298730534857e-05,0.0030000000000000027,1.156885861956951,0.0
4,3B00185CB8,10-2024-12-11,2024-12-11 08:09:28.232,0.0923368646696707,0.004308536231778676,0.030000000000000027,0.0024311991905083983,0.016000000000000014,0.0021052899162154162,0.014000000000000012,1.154804937687088,0.0020000000000000018
5,3B00190DF0,11-2024-12-11,2024-12-11 08:09:47.231,0.1858377627654824,0.02280896085792653,0.06800000000000006,0.015864438595477398,0.052999999999999936,0.007732929034380088,0.015000000000000124,2.0515432800359554,0.03799999999999981
6,3B00190DF0,12-2024-12-11,2024-12-11 08:11:09.231,0.1858377627654824,0.022590365265418168,0.05600000000000005,0.015474671543584622,0.04200000000000004,0.007947529461844058,0.014000000000000012,1.9471046465292434,0.028000000000000025
7,01103F9A64,14-2024-12-11,2024-12-11 08:12:23.232,0.1682502769607177,0.024811899580771655,0.06000000000000005,0.01685127430752054,0.04300000000000015,0.008726458621200844,0.016999999999999904,1.9310553156787493,0.026000000000000245
8,3B00185CB8,15-2024-12-11,2024-12-11 08:12:43.232,0.0953970648449805,0.003503837800530388,0.03400000000000003,0.0020915143721101158,0.02100000000000002,0.0015885122982678657,0.013000000000000012,1.3166497825611612,0.008000000000000007
9,01103F9A64,16-2024-12-11,2024-12-11 08:13:51.230,0.1732299292332734,0.02649049708959985,0.07099999999999973,0.017693216820585975,0.054999999999999716,0.009710773392777277,0.016000000000000014,1.8220193289389202,0.0389999999999997
10,01103FA4B2,17-2024-12-11,2024-12-11 08:14:00.229,0.0968827646702097,0.011443587043782314,0.06499999999999995,0.00742102576609141,0.04899999999999993,0.0044145763532496335,0.016000000000000014,1.6810278432784804,0.03299999999999992
11,3B00192E1E,20-2024-12-11,2024-12-11 08:16:00.231,0.1005858192823128,0.010870952643398614,0.04799999999999999,0.0049458502583592774,0.02400000000000002,0.0062925090238034375,0.023999999999999966,0.7859901733394437,5.551115123125783e-17
12,01103F9A64,21-2024-12-11,2024-12-11 08:18:16.229,0.17343810965076,0.027605590594156314,0.05600000000000005,0.01775208255675954,0.038000000000000034,0.010772283637023865,0.018000000000000016,1.6479405068528286,0.020000000000000018
13,3B00182A81,22-2024-12-11,2024-12-11 08:19:17.231,0.0991547467342567,0.013258371988893397,0.050000000000000044,0.005854987274928912,0.02400000000000002,0.007808445968983001,0.026000000000000023,0.7498274686392542,-0.0020000000000000018
14,3B00192E1E,23-2024-12-11,2024-12-11 08:21:52.229,0.0938462928769488,0.011745910066313339,0.052000000000000046,0.00504164530252807,0.02499999999999991,0.007056422885746259,0.027000000000000135,0.7144760715393103,-0.002000000000000224
15,3B00199DE5,24-2024-12-11,2024-12-11 08:22:00.229,0.1123533740676661,0.012512778342144645,0.08200000000000002,0.004234004060788045,0.05400000000000005,0.00872056932141722,0.02799999999999997,0.4855192252631457,0.02600000000000008
16,3B00182A81,25-2024-12-11,2024-12-11 08:28:26.230,0.0991547467342567,0.012893145635491732,0.07699999999999996,0.006870108336824135,0.05400000000000005,0.006395513408303926,0.02299999999999991,1.0742074792469352,0.03100000000000014
17,3B00182A81,26-2024-12-11,2024-12-11 08:30:15.229,0.0929029913190344,0.00293440591170541,0.038000000000000256,0.001871738263692634,0.026000000000000245,0.0012069118020021274,0.01200000000000001,1.5508492506143665,0.014000000000000234
18,01103F9A64,28-2024-12-11,2024-12-11 08:37:34.233,0.1734381096507601,0.026349769343578928,0.051000000000000156,0.017227304035533755,0.03500000000000014,0.010036016148183162,0.016000000000000014,1.7165480586290651,0.019000000000000128
19,3B0019B8CC,29-2024-12-11,2024-12-11 08:37:45.230,0.1538416953491121,0.020494439120247218,0.05699999999999994,0.01240332866102804,0.038000000000000034,0.008732987400976184,0.018999999999999906,1.420284730932004,0.019000000000000128
20,3B0018C2F6,30-2024-12-11,2024-12-11 08:38:40.229,0.1485148966946711,0.023268722008331404,0.05899999999999994,0.014352203220064122,0.04100000000000015,0.009733942139798505,0.017999999999999794,1.4744492019716502,0.023000000000000353
21,01103F9A64,31-2024-12-11,2024-12-11 08:40:31.230,0.1739068125158319,0.02805397220833188,0.05499999999999994,0.016149044998029227,0.03300000000000014,0.012820290504191876,0.021999999999999797,1.2596473529791654,0.011000000000000343
22,01103F9A64,32-2024-12-11,2024-12-11 08:41:28.229,0.17343810965076,0.02762119598160211,0.05300000000000016,0.016879145278975386,0.03400000000000003,0.011699229597438224,0.019000000000000128,1.4427569899706392,0.014999999999999902
23,01103F97C4,34-2024-12-11,2024-12-11 08:58:00.219,0.1501898370093083,0.016528341426867973,0.06700000000000017,0.01048832053935393,0.04800000000000004,0.006525733852709958,0.019000000000000128,1.607224685542212,0.028999999999999915
24,01103F97C4,35-2024-12-11,2024-12-11 10:21:09.837,0.1618435114270358,0.014133402510158608,0.03699999999999992,0.009148678262656064,0.02400000000000002,0.005621816453581413,0.0129999999999999,1.6273527138773523,0.01100000000000012
25,01103F97C4,37-2024-12-11,2024-12-11 10:23:31.836,0.1576122741640823,0.019303099314866273,0.062000000000000055,0.013431352604114781,0.04600000000000004,0.006467237412727256,0.016000000000000014,2.0768299889041395,0.030000000000000027
26,01103F97C4,39-2024-12-11,2024-12-11 10:25:36.837,0.15501903078117,0.01835721007460693,0.06199999999999983,0.012452657933838375,0.04499999999999993,0.00644626546817699,0.016999999999999904,1.9317631263113337,0.028000000000000025
27,01103F97C4,41-2024-12-11,2024-12-11 10:27:11.837,0.1581089919097933,0.020740496806243878,0.06299999999999972,0.014617895580508545,0.04699999999999971,0.006742548097819583,0.016000000000000014,2.1680076090574283,0.030999999999999694
28,3B0018C6F9,42-2024-12-11,2024-12-11 10:27:33.839,0.093805783853227,0.011649634202634505,0.049000000000000044,0.006801882494257756,0.031000000000000028,0.005291856498383656,0.018000000000000016,1.2853490067871876,0.013000000000000012
29,01103FA4B2,43-2024-12-11,2024-12-11 10:27:52.838,0.0978635077665096,0.010982100119337385,0.07200000000000006,0.007139407504395429,0.05400000000000005,0.00418608588682342,0.018000000000000016,1.7055090835255446,0.03600000000000003
30,3B0018A99B,45-2024-12-11,2024-12-11 10:28:09.836,0.0951097925836406,0.010270576946312355,0.052000000000000046,0.0067160085016011685,0.03600000000000003,0.00391052501810222,0.016000000000000014,1.717418625507337,0.020000000000000018
31,01103FA4B2,46-2024-12-11,2024-12-11 10:28:50.837,0.1070560818927257,0.01070789674650626,0.056999999999999995,0.006869107217976403,0.03999999999999998,0.004194042003035584,0.017000000000000015,1.6378250892586785,0.022999999999999965
32,3B0018A99B,48-2024-12-11,2024-12-11 10:29:15.839,0.0951097925836406,0.0129494659223832,0.07800000000000007,0.006393599570167121,0.05500000000000005,0.006981322769556701,0.02300000000000002,0.9158149223593482,0.03200000000000003
33,3B004C5268,50-2024-12-11,2024-12-11 10:29:39.837,0.0869926524590599,0.010173651946513977,0.05900000000000016,0.006648490405621499,0.04300000000000015,0.003880732252254201,0.016000000000000014,1.7132051307480927,0.027000000000000135
34,3B0018C6F9,53-2024-12-11,2024-12-11 10:30:18.837,0.0978337541442573,0.01073923550379576,0.05300000000000016,0.006063715346840967,0.03300000000000014,0.005088235784005229,0.020000000000000018,1.1917127279954556,0.013000000000000123
35,01103F97C4,54-2024-12-11,2024-12-11 10:31:52.837,0.1618435114270358,0.020831434004721656,0.07499999999999996,0.01230833846021428,0.05499999999999994,0.009214473090502098,0.020000000000000018,1.335761506851782,0.03499999999999992
36,01103FA4B2,55-2024-12-11,2024-12-11 10:32:01.837,0.1070560818927257,0.012308144858254372,0.056999999999999995,0.007689600457460891,0.04099999999999998,0.0050862416551433155,0.016000000000000014,1.5118433174886614,0.024999999999999967
37,3B0018C2F6,56-2024-12-11,2024-12-11 10:32:07.836,0.1576520521087552,0.025031839953969338,0.05400000000000005,0.01587760363777304,0.03600000000000003,0.01001182776091053,0.018000000000000016,1.5858846173687116,0.018000000000000016
38,01103FA4B2,57-2024-12-11,2024-12-11 10:32:51.836,0.1070560818927257,0.01424129165819826,0.051000000000000156,0.0055561358921818035,0.02200000000000024,0.009110020463831282,0.028999999999999915,0.6098928003774354,-0.006999999999999673
39,3B0018A99B,58-2024-12-11,2024-12-11 10:33:13.837,0.0951097925836406,0.002376338676235258,0.03500000000000003,0.001609141184343679,0.02200000000000002,0.0008549971595295298,0.013000000000000012,1.8820427254157475,0.009000000000000008
40,3B0019B8CC,60-2024-12-11,2024-12-11 10:44:50.832,0.1538416953491121,0.021962700004007848,0.061000000000000165,0.012851549862437223,0.037000000000000144,0.009773016032949776,0.02400000000000002,1.3150034563647655,0.013000000000000123
41,3B0018C2F6,62-2024-12-11,2024-12-11 10:54:39.826,0.1424231511653939,0.024171846662576636,0.05699999999999994,0.015484229945074621,0.040000000000000036,0.009530770920961341,0.016999999999999904,1.6246566068458996,0.02300000000000013
42,3B00182A81,64-2024-12-11,2024-12-11 11:00:44.826,0.0991547467342567,0.011740641203934211,0.06399999999999995,0.007336726283484611,0.04599999999999993,0.004825730868575742,0.018000000000000016,1.5203347396059739,0.027999999999999914
43,01103FA4B2,65-2024-12-11,2024-12-11 11:02:24.823,0.0996264530551467,0.014060221208986267,0.05500000000000016,0.006513360373887564,0.03000000000000025,0.007969155281391306,0.02499999999999991,0.8173213024342549,0.0050000000000003375
44,3B0018A99B,66-2024-12-11,2024-12-11 11:02:26.822,0.0951097925836406,0.001157332643755905,0.07300000000000001,0.0006788615325302831,0.05499999999999999,0.0005221563340048155,0.018000000000000016,1.3001116491752112,0.03699999999999998
45,01103FA4B2,67-2024-12-11,2024-12-11 11:03:16.823,0.1070560818927257,0.01122611867667927,0.06899999999999995,0.007371995803776545,0.051999999999999935,0.0042101778087713,0.017000000000000015,1.7509939338946807,0.03499999999999992
46,01103F97C4,73-2024-12-11,2024-12-11 11:04:45.821,0.1618435114270357,0.02058471020681083,0.06900000000000017,0.01398875788478598,0.052000000000000046,0.007224228410784441,0.017000000000000126,1.936367053940784,0.03499999999999992
47,01103F97C4,75-2024-12-11,2024-12-11 11:05:43.822,0.1655765127639601,0.01581431537571303,0.07500000000000018,0.009319362148406665,0.052999999999999936,0.0069778684209077495,0.02200000000000024,1.3355600286877165,0.030999999999999694
48,01103F97C4,77-2024-12-11,2024-12-11 11:06:33.820,0.1652516503067811,0.01893326265937203,0.0600000000000005,0.013581324727934435,0.04500000000000082,0.005921895452280843,0.01499999999999968,2.293408392190296,0.030000000000001137
49,3B004CD4DE,81-2024-12-11,2024-12-11 11:21:03.819,0.0994476367912997,0.011963498861157097,0.050000000000000044,0.006765117070027408,0.028999999999999915,0.005604029987258792,0.02100000000000013,1.2071878782605445,0.007999999999999785
50,3B004CD4DE,84-2024-12-11,2024-12-11 11:22:48.819,0.0994476367912997,0.012403190739497513,0.05900000000000005,0.007362258903823819,0.039000000000000035,0.00545751718185699,0.020000000000000018,1.3490125011972416,0.019000000000000017
51,3B00192E1E,88-2024-12-11,2024-12-11 11:37:38.820,0.1005858192823128,0.013060388051484828,0.06400000000000006,0.006797039281702803,0.041000000000000036,0.00667611946877798,0.02300000000000002,1.0181122901545314,0.018000000000000016
52,01103F97C4,89-2024-12-11,2024-12-11 11:38:32.820,0.1615459787519868,0.019389487473130636,0.07200000000000006,0.0122745987961702,0.05300000000000016,0.007732806235314427,0.018999999999999906,1.587340794873945,0.03400000000000025
53,01103F97C4,93-2024-12-11,2024-12-11 11:42:07.817,0.1642297648399019,0.0013873361327405467,0.03000000000000025,0.0009045216247317675,0.020999999999999908,0.0005661296052730215,0.009000000000000341,1.5977288880618654,0.011999999999999567
54,01103F97C4,95-2024-12-11,2024-12-11 11:43:13.817,0.1615317162659896,0.01853181583943798,0.057000000000000384,0.012520595661960876,0.040000000000000036,0.006582822074930193,0.017000000000000348,1.902010341376825,0.022999999999999687
55,3B00192E1E,96-2024-12-11,2024-12-11 11:43:55.818,0.1005858192823128,0.011289226036405258,0.05899999999999994,0.005664060658127062,0.03499999999999992,0.005961513772079487,0.02400000000000002,0.950104432309536,0.010999999999999899
56,01103FA4B2,98-2024-12-11,2024-12-11 11:58:36.812,0.0987688529936521,0.013777830793875913,0.08400000000000007,0.004100650773243147,0.05500000000000016,0.01015000124943307,0.028999999999999915,0.4040049525582265,0.026000000000000245
57,01103F9A64,99-2024-12-11,2024-12-11 11:58:44.810,0.17343810965076,0.026536580776963612,0.06299999999999972,0.01519742565202051,0.03999999999999959,0.01219301334155148,0.02300000000000013,1.2464044142583328,0.01699999999999946
58,3B0018A99B,100-2024-12-11,2024-12-11 11:59:22.813,0.0951097925836406,0.0010682602412970413,0.020999999999999963,0.0006280692358717051,0.013000000000000012,0.0005235304982384507,0.007999999999999952,1.1996803204111337,0.00500000000000006
59,01103FA4B2,101-2024-12-11,2024-12-11 12:00:22.810,0.0990317123021343,0.010469206728992105,0.07799999999999985,0.005727379766481579,0.052999999999999936,0.005037582152942055,0.02499999999999991,1.1369302956452367,0.028000000000000025
60,3B0018C6F9,103-2024-12-11,2024-12-11 12:00:54.811,0.098122407562645,0.013564005079298471,0.07000000000000006,0.0069859283644877765,0.049000000000000044,0.007080401171633958,0.02100000000000002,0.9866571392134297,0.028000000000000025
61,01103FA4B2,104-2024-12-11,2024-12-11 12:01:04.811,0.1001558406552321,0.015350242123086525,0.04899999999999993,0.00641817034330648,0.02200000000000002,0.009403346178538413,0.026999999999999913,0.6825411105203056,-0.004999999999999893
62,01103F9A64,105-2024-12-11,2024-12-11 12:01:11.811,0.1797481985492579,0.026274689243159333,0.050000000000000266,0.016145141822390633,0.03200000000000003,0.011078724143250559,0.018000000000000238,1.45731057237549,0.01399999999999979
63,3B00190DF0,106-2024-12-11,2024-12-11 12:02:48.810,0.1858377627654824,0.02327276357580809,0.07099999999999995,0.015098826133433723,0.05499999999999994,0.009032009881991045,0.016000000000000014,1.671701684421241,0.038999999999999924
64,3B0018A99B,108-2024-12-11,2024-12-11 12:04:09.810,0.0951097925836406,0.011126492780425082,0.07499999999999996,0.005949505856133628,0.05499999999999999,0.005583614139532179,0.019999999999999962,1.0655295490443946,0.03500000000000003
65,01103F9A64,110-2024-12-11,2024-12-11 12:06:00.810,0.17343810965076,0.032606957311236244,0.06500000000000006,0.018759121153061976,0.04300000000000004,0.014849020838228453,0.02200000000000002,1.2633237812399767,0.02100000000000002
66,01103F9A64,111-2024-12-11,2024-12-11 12:06:39.810,0.17343810965076,0.026994018088600868,0.054999999999999716,0.016008222654450437,0.03699999999999992,0.011987300817160762,0.017999999999999794,1.335431795582656,0.019000000000000128
67,01103FA4B2,112-2024-12-11,2024-12-11 12:06:48.810,0.1070560818927257,0.011487746178247703,0.06300000000000006,0.007698038813737784,0.04600000000000004,0.004152534690215454,0.017000000000000015,1.8538168583820722,0.029000000000000026
68,3B0019B8CC,113-2024-12-11,2024-12-11 12:06:52.810,0.1538416953491121,0.025631814629545977,0.052000000000000046,0.011018521494896396,0.02400000000000002,0.015351658228448774,0.028000000000000025,0.7177414537849424,-0.0040000000000000036
69,3B00190DF0,115-2024-12-11,2024-12-11 12:07:05.809,0.1858377627654824,0.026823039649260177,0.06300000000000017,0.017175067258275774,0.04700000000000015,0.010613144261701946,0.016000000000000014,1.618282653544327,0.03100000000000014
70,01103F9A64,116-2024-12-11,2024-12-11 12:07:34.810,0.17343810965076,0.03268552680553837,0.06099999999999972,0.02109317511670204,0.0409999999999997,0.012558728681299262,0.020000000000000018,1.6795629280622255,0.020999999999999686
71,3B00190DF0,118-2024-12-11,2024-12-11 12:14:44.808,0.1858377627654824,0.026164623226943986,0.05699999999999994,0.018513628236326803,0.04200000000000004,0.008499765456233226,0.014999999999999902,2.1781340122450086,0.027000000000000135
72,3B00199DE5,120-2024-12-11,2024-12-11 12:14:59.808,0.1024016389159951,0.015147546877436394,0.052999999999999936,0.00622345516506743,0.02400000000000002,0.00938075735688077,0.028999999999999915,0.6634277946121842,-0.004999999999999893
73,3B00190DF0,122-2024-12-11,2024-12-11 12:16:02.810,0.1858377627654824,0.02435253405354181,0.05800000000000005,0.015902087620147075,0.04200000000000004,0.00931754363257509,0.016000000000000014,1.7066823883230062,0.026000000000000023
74,3B00190DF0,126-2024-12-11,2024-12-11 12:18:19.808,0.1858377627654825,0.024867582039938434,0.05599999999999994,0.01666649147066795,0.041000000000000036,0.009088223005110134,0.014999999999999902,1.8338559101484087,0.026000000000000134
75,3B00199DE5,129-2024-12-11,2024-12-11 12:18:56.807,0.1123533740676661,0.014824634376613499,0.050000000000000044,0.006711902906004488,0.02300000000000002,0.008567310314331422,0.027000000000000024,0.7834317492593675,-0.0040000000000000036
76,3B0018C2F6,130-2024-12-11,2024-12-11 12:24:51.810,0.1672000502891202,0.024270782356499477,0.05099999999999999,0.015142266440347748,0.033999999999999975,0.010015613752675921,0.017000000000000015,1.5118660537705053,0.01699999999999996
77,3B00182A81,132-2024-12-11,2024-12-11 12:38:08.810,0.0991547467342567,0.00318350847836036,0.040000000000000036,0.002078123818178437,0.028000000000000025,0.0012479411852122308,0.01200000000000001,1.6652417940874527,0.016000000000000014
78,3B00485E69,133-2024-12-11,2024-12-11 12:38:15.812,0.1057912313863007,0.012753698165363385,0.05400000000000005,0.005053962046320623,0.02200000000000002,0.008074482755341174,0.03200000000000003,0.625917745997722,-0.010000000000000009
79,01103FA4B2,135-2024-12-11,2024-12-11 12:39:29.811,0.0991968820079117,0.011477841198526451,0.05300000000000038,0.005914690223108085,0.025000000000000355,0.00600571094035143,0.028000000000000025,0.984844306003509,-0.0029999999999996696
80,3B0018C6F9,138-2024-12-11,2024-12-11 12:40:31.811,0.0981224075626449,0.004303140367196561,0.05299999999999999,0.002665642614696591,0.03400000000000003,0.0017830600928645387,0.01899999999999996,1.4949819276220564,0.015000000000000069
81,3B0018C6F9,140-2024-12-11,2024-12-11 12:41:17.813,0.0981224075626449,0.014494729057964855,0.04099999999999998,0.006315685808566207,0.01699999999999996,0.008723222060908866,0.02400000000000002,0.7240083726480512,-0.007000000000000062
82,3B00485E69,142-2024-12-11,2024-12-11 12:41:38.812,0.1057912313863007,0.01109214750342848,0.05899999999999994,0.00598811755219149,0.03499999999999992,0.0054328762432201815,0.02400000000000002,1.1022002497598224,0.010999999999999899
83,3B00485E69,143-2024-12-11,2024-12-11 12:43:16.814,0.1057912313863007,0.002503522254007456,0.07299999999999998,0.0019422571103947066,0.05400000000000002,0.0006058346586058835,0.01899999999999996,3.2059194415587444,0.03500000000000006
84,01103F9A64,144-2024-12-11,2024-12-11 12:43:31.812,0.17343810965076,0.027620611873053785,0.05699999999999994,0.016253455606443812,0.03699999999999992,0.012264743495257089,0.020000000000000018,1.3252177359216035,0.016999999999999904
85,3B00199DE5,145-2024-12-11,2024-12-11 12:43:49.812,0.1123533740676661,0.010269726928593242,0.05400000000000005,0.006068028427339415,0.03400000000000003,0.004558421721752698,0.020000000000000018,1.3311687241184604,0.014000000000000012
86,3B00182A81,146-2024-12-11,2024-12-11 12:43:56.813,0.0952088621756973,0.003527320094734719,0.09600000000000009,0.0015776808465966569,0.05500000000000005,0.0020413936806994467,0.041000000000000036,0.7728449742511659,0.014000000000000012
87,3B00190DF0,147-2024-12-11,2024-12-11 12:44:08.812,0.1908161188634035,0.025555044097882517,0.06800000000000006,0.017767628328214817,0.052000000000000046,0.008555277418269036,0.016000000000000014,2.0768032945692236,0.03600000000000003
88,3B00190DF0,150-2024-12-11,2024-12-11 12:46:12.812,0.1859336781505438,0.02552250874128186,0.052000000000000046,0.017491348764852976,0.03699999999999992,0.008939732971380343,0.015000000000000124,1.9565851486671662,0.021999999999999797
89,3B0018C2F6,151-2024-12-11,2024-12-11 12:46:34.811,0.1576520521087552,0.02474915530371749,0.05299999999999999,0.014860522570601137,0.033999999999999975,0.010733527060725804,0.019000000000000017,1.3844957474394501,0.014999999999999958
90,3B00190DF0,152-2024-12-11,2024-12-11 12:47:39.812,0.1855184282565355,0.02891040589601763,0.05799999999999983,0.019547562524473896,0.041999999999999815,0.010342144064679232,0.016000000000000014,1.8900880129134205,0.0259999999999998
91,01103F9A64,153-2024-12-11,2024-12-11 12:47:46.811,0.1734381096507601,0.029510531236376588,0.052999999999999936,0.01969234704720263,0.03699999999999992,0.010819552847583635,0.016000000000000014,1.8200703231095714,0.020999999999999908
92,01103F9A64,154-2024-12-11,2024-12-11 12:49:12.813,0.1808735453430809,0.028968860585965615,0.058000000000000274,0.018217705461628556,0.03699999999999992,0.011630113424337696,0.02100000000000035,1.5664254334360461,0.01599999999999957
93,01103F97C4,156-2024-12-11,2024-12-11 13:00:04.815,0.1643571035123447,0.01604268490814547,0.08000000000000007,0.009445628909385776,0.054999999999999716,0.006976653928441609,0.025000000000000355,1.3538909921959776,0.02999999999999936
94,01103F9A64,159-2024-12-11,2024-12-11 13:02:04.815,0.1878844739183932,0.02660113530361654,0.06299999999999972,0.01754207185878936,0.045999999999999375,0.009979419409769489,0.017000000000000348,1.7578248932614564,0.028999999999999027
95,3B0018A99B,160-2024-12-11,2024-12-11 13:02:23.815,0.0951097925836406,0.01306348720987639,0.06300000000000017,0.008131258074843875,0.04400000000000004,0.005361815447408784,0.019000000000000128,1.5165121132196904,0.02499999999999991
96,01103FA4B2,162-2024-12-11,2024-12-11 13:02:46.817,0.1070560818927257,0.0037433840174399607,0.040999999999999925,0.0021692057651007905,0.025999999999999912,0.0017380475587581974,0.015000000000000013,1.2480704306219603,0.010999999999999899
97,3B00190DF0,163-2024-12-11,2024-12-11 13:02:58.817,0.1858377627654824,0.025302883360234854,0.053999999999999826,0.016507972908619255,0.038999999999999924,0.009727051776707586,0.014999999999999902,1.6971198763585564,0.02400000000000002
98,01103F97C4,166-2024-12-11,2024-12-11 13:03:45.819,0.1655845491638308,0.015643147847777972,0.06800000000000006,0.008610750307072366,0.04200000000000026,0.007411771208108848,0.0259999999999998,1.1617668793731484,0.01600000000000046
99,01103F97C4,171-2024-12-11,2024-12-11 13:13:03.818,0.1618435114270357,0.015732674023399267,0.07299999999999995,0.009524353113034826,0.052000000000000046,0.006660878307684059,0.020999999999999908,1.4298944783374037,0.03100000000000014
100,3B00192E1E,174-2024-12-11,2024-12-11 13:15:56.819,0.1003175061405517,0.01072616328510339,0.0699999999999994,0.006327331151802849,0.05099999999999927,0.004756579508899318,0.019000000000000128,1.3302271390533333,0.03199999999999914
101,01103F97C4,180-2024-12-11,2024-12-11 13:27:55.822,0.1618435114270357,0.01797020444596567,0.06200000000000028,0.011831864095476383,0.04499999999999993,0.006694081306137285,0.017000000000000348,1.767511261721405,0.02799999999999958
102,3B0018C2F6,181-2024-12-11,2024-12-11 13:29:09.823,0.1702798543222825,0.023954307010466268,0.06000000000000005,0.013824138937189503,0.039000000000000146,0.010941484733674288,0.020999999999999908,1.2634609720418797,0.018000000000000238
103,3B004CD4DE,186-2024-12-11,2024-12-11 13:41:47.827,0.0984230140513655,0.013642283669850649,0.07699999999999996,0.006762897052765809,0.05500000000000016,0.0073263325208973605,0.021999999999999797,0.9230944723673913,0.03300000000000036
104,01103FA4B2,187-2024-12-11,2024-12-11 13:43:37.828,0.1070560818927257,0.0022219535310650544,0.03699999999999992,0.0014266650847691987,0.0259999999999998,0.0009058633174474269,0.01100000000000012,1.5749231228275202,0.01499999999999968
105,01103F9A64,189-2024-12-11,2024-12-11 13:44:05.828,0.1773882234495482,0.02899009280553769,0.05799999999999983,0.016093994690636736,0.03599999999999959,0.01385780719392737,0.02200000000000024,1.1613666192216388,0.013999999999999346
106,01103F9A64,192-2024-12-11,2024-12-11 13:45:57.827,0.1817553308944517,0.03372881426232211,0.057000000000000384,0.016484449257460974,0.03000000000000025,0.01813808850134793,0.027000000000000135,0.9088305670267258,0.0030000000000001137
107,3B00190DF0,193-2024-12-11,2024-12-11 13:46:15.828,0.1861748586609256,0.024164774099383165,0.05900000000000016,0.015356003367367038,0.04200000000000004,0.009666014728171513,0.017000000000000126,1.5886592147032534,0.02499999999999991
108,3B004CD4DE,196-2024-12-11,2024-12-11 13:47:07.827,0.0994476367912997,0.013200584593350155,0.07499999999999996,0.007253765811821811,0.05499999999999994,0.00640383346526687,0.020000000000000018,1.1327224312069961,0.03499999999999992
109,3B0019B8CC,197-2024-12-11,2024-12-11 13:47:13.828,0.1627008261898372,0.027735725633916197,0.08399999999999985,0.013537557143629452,0.05499999999999994,0.014878346345050785,0.028999999999999915,0.9098831839018628,0.026000000000000023
110,3B00190DF0,198-2024-12-11,2024-12-11 13:47:34.828,0.1801856776903659,0.026034424887293735,0.07099999999999995,0.017019494272251263,0.05499999999999994,0.009935466306526902,0.016000000000000014,1.7130040752159417,0.038999999999999924
111,3B00199DE5,200-2024-12-11,2024-12-11 13:48:29.828,0.1034324197864517,0.01220205748459718,0.06099999999999994,0.007340801918701971,0.040000000000000036,0.0052905705499720155,0.020999999999999908,1.3875255701373834,0.019000000000000128
112,01103F9A64,201-2024-12-11,2024-12-11 13:48:41.830,0.1852944007039373,0.030446315781017065,0.052000000000000046,0.01851934589293497,0.03299999999999992,0.012966649625580095,0.019000000000000128,1.42822906669744,0.01399999999999979
113,01103FA4B2,202-2024-12-11,2024-12-11 13:48:51.828,0.1023517918965001,0.015388384432514687,0.050000000000000266,0.006472330184973922,0.02300000000000013,0.009370483637544563,0.027000000000000135,0.6907146349459854,-0.0040000000000000036
114,3B00190DF0,203-2024-12-11,2024-12-11 13:49:53.829,0.1862532387156617,0.02605883071608397,0.06099999999999994,0.01694127100493557,0.04299999999999926,0.010000804870333219,0.018000000000000682,1.6939907562031156,0.02499999999999858
115,01103F9A64,204-2024-12-11,2024-12-11 13:50:01.829,0.1863801325626817,0.027475212722417545,0.0600000000000005,0.01693779569211307,0.04300000000000015,0.011547987988000784,0.017000000000000348,1.4667313223492002,0.0259999999999998
116,3B0018C2F6,205-2024-12-11,2024-12-11 13:50:25.829,0.1686109062311112,0.021763088148774264,0.07000000000000006,0.014605547154226014,0.05499999999999994,0.007940492976119483,0.015000000000000124,1.8393753634882934,0.039999999999999813
117,3B00192E1E,206-2024-12-11,2024-12-11 13:51:21.830,0.1005858192823128,0.010384326824755017,0.10899999999999999,0.004196738697870729,0.05499999999999994,0.006350366631837679,0.05400000000000005,0.660865575355965,0.0009999999999998899
118,3B00199DE5,207-2024-12-11,2024-12-11 13:51:58.830,0.1123533740676661,0.01145103382500985,0.040000000000000036,0.006406785269495832,0.02200000000000002,0.005501611496300684,0.018000000000000016,1.164528842831558,0.0040000000000000036
119,01103F9A64,208-2024-12-11,2024-12-11 13:52:04.830,0.17343810965076,0.030994701113919932,0.05900000000000016,0.01988997776269842,0.040999999999999925,0.012102398188513549,0.018000000000000238,1.643474082812455,0.022999999999999687
120,3B00192E1E,209-2024-12-11,2024-12-11 13:52:08.829,0.0960417513425271,0.010338815911801682,0.06399999999999995,0.006743428568499913,0.04799999999999993,0.003938454689678365,0.016000000000000014,1.712201637401754,0.03199999999999992
121,3B00192E1E,211-2024-12-11,2024-12-11 13:52:31.830,0.1005858192823128,0.010894368490362636,0.061999999999999944,0.005344455125673506,0.03699999999999992,0.005877198086754382,0.025000000000000022,0.9093542614666104,0.0119999999999999
122,01103F97C4,214-2024-12-11,2024-12-11 13:53:13.830,0.1660520231855164,0.017864286394862875,0.06199999999999939,0.0117740334231417,0.043999999999999595,0.006623488574393088,0.017999999999999794,1.7776181374662607,0.0259999999999998
123,01103F9A64,215-2024-12-11,2024-12-11 13:54:22.830,0.1892463512915307,0.026866692738194,0.06400000000000006,0.016202206171163098,0.04500000000000037,0.01160724261732466,0.018999999999999684,1.3958703807035202,0.02600000000000069
124,3B0018A99B,217-2024-12-11,2024-12-11 13:55:20.830,0.0982566517516468,0.0043176711664314705,0.036000000000001364,0.0025012454971508136,0.021000000000000796,0.002009790192438464,0.015000000000000568,1.2445306512895609,0.006000000000000227
125,3B0018C2F6,222-2024-12-11,2024-12-11 14:07:41.833,0.1679941853790762,0.025409733862206022,0.07400000000000007,0.01625324829634091,0.05499999999999994,0.009963221469055431,0.019000000000000128,1.6313246018691392,0.03599999999999981
126,01103F97C4,224-2024-12-11,2024-12-11 14:08:53.835,0.1254116616222481,0.014152545925216944,0.06800000000000006,0.010350855833057306,0.052999999999999936,0.004199024836794739,0.015000000000000124,2.465061826345012,0.03799999999999981
127,3B0018A99B,227-2024-12-11,2024-12-11 14:14:34.837,0.0971202761538076,0.00299843018131917,0.07200000000000006,0.00135567145761991,0.03400000000000003,0.0017087417312066546,0.038000000000000034,0.793374114332996,-0.0040000000000000036
128,3B00192E1E,230-2024-12-11,2024-12-11 14:18:01.836,0.1005858192823128,0.009566528115790464,0.05400000000000005,0.006244130954142423,0.038000000000000034,0.003655228215970902,0.016000000000000014,1.7082738984284886,0.02200000000000002
129,3B00199DE5,231-2024-12-11,2024-12-11 14:18:05.837,0.1123533740676661,0.012754488226582516,0.050000000000000044,0.0068721071812693655,0.028000000000000025,0.006331076297020253,0.02200000000000002,1.0854563835384121,0.006000000000000005
130,3B0018C2F6,237-2024-12-11,2024-12-11 14:26:10.839,0.1576520521087552,0.024843319281415782,0.05699999999999994,0.014216696827161554,0.03499999999999992,0.011466201503221045,0.02200000000000002,1.239878509301258,0.0129999999999999
131,01103FA4B2,239-2024-12-11,2024-12-11 14:28:43.840,0.1016864557293515,0.003777166983382009,0.07500000000000018,0.0023559861871446943,0.04800000000000004,0.0015212384727976427,0.027000000000000135,1.5487290318209634,0.020999999999999908
132,3B0018C2F6,241-2024-12-11,2024-12-11 14:31:28.841,0.1576520521087552,0.02424404617019105,0.05699999999999994,0.014838383893290133,0.03699999999999992,0.010231466784704768,0.020000000000000018,1.4502694682518387,0.016999999999999904
133,01103FA4B2,242-2024-12-11,2024-12-11 14:31:33.841,0.1070560818927257,3.499725561168193e-05,0.008999999999999897,2.4502413003236316e-05,0.006000000000000005,1.580003410973492e-05,0.0029999999999998916,1.5507822852192181,0.0030000000000001137
134,3B0019B8CC,244-2024-12-11,2024-12-11 14:33:43.842,0.1538416953491121,0.0002077413454585453,0.01100000000000001,0.0001085968621511538,0.0050000000000000044,0.00012618448817811547,0.006000000000000005,0.8606197458903515,-0.0010000000000000009
135,01103FA4B2,245-2024-12-11,2024-12-11 14:34:29.841,0.1021515363826306,0.014741305779957152,0.050000000000000266,0.007353288231004383,0.027000000000000135,0.007841931530325181,0.02300000000000013,0.9376884001816149,0.0040000000000000036
136,01103FA4B2,247-2024-12-11,2024-12-11 14:36:36.844,0.1115834239001188,0.010289775300990692,0.05700000000000005,0.007336184169118439,0.04300000000000004,0.003305874221596914,0.014000000000000012,2.219135900934147,0.029000000000000026
137,3B004CD4DE,251-2024-12-11,2024-12-11 14:37:49.842,0.1000422871599006,0.014900552998356423,0.04599999999999982,0.005912016297462914,0.019000000000000128,0.009468022666554781,0.02699999999999969,0.6244193223519368,-0.007999999999999563
138,3B00190DF0,254-2024-12-11,2024-12-11 14:41:42.843,0.1847777399683407,0.024603296803943006,0.06899999999999995,0.015574652840476946,0.051000000000000156,0.009840915753965817,0.017999999999999794,1.5826426350820526,0.03300000000000036
139,3B00185CB8,255-2024-12-11,2024-12-11 14:50:55.851,0.0953970648449806,0.004924168960356458,0.07799999999999996,0.002488972076337161,0.05499999999999994,0.002596364310157889,0.02300000000000002,0.9586374556911864,0.03199999999999992
140,3B0019B8CC,258-2024-12-11,2024-12-11 15:02:30.853,0.1649669924279017,0.03465010317790684,0.10400000000000009,0.015319791602657307,0.05500000000000016,0.019844659032026268,0.04899999999999993,0.7719856298832593,0.006000000000000227
141,3B004CD4DE,260-2024-12-11,2024-12-11 15:03:02.851,0.0994476367912997,0.011765599313165872,0.07200000000000006,0.007313111421641711,0.05499999999999994,0.00486843772979962,0.017000000000000126,1.5021474706101892,0.03799999999999981
142,01103F9A64,261-2024-12-11,2024-12-11 15:03:31.852,0.1734381096507601,0.027411879258752492,0.07299999999999995,0.01742355404124427,0.05400000000000005,0.010885564282287768,0.018999999999999906,1.6006110100874296,0.03500000000000014
143,3B0018C6F9,262-2024-12-11,2024-12-11 15:03:49.852,0.0999193233799703,0.0038007806957469736,0.07100000000000001,0.0017780348511140089,0.04299999999999998,0.0021476883655804093,0.028000000000000025,0.8278830763389166,0.014999999999999958
144,3B00190DF0,266-2024-12-11,2024-12-11 15:04:22.852,0.1858377627654824,0.022205643895735892,0.06899999999999995,0.014100038027777323,0.052000000000000046,0.008882543278153843,0.016999999999999904,1.5873874842192595,0.03500000000000014
145,3B0018C2F6,267-2024-12-11,2024-12-11 15:05:27.853,0.1576520521087552,0.02270176259408128,0.052000000000000046,0.013651109467291925,0.03299999999999992,0.009866661292559,0.019000000000000128,1.3835591455426761,0.01399999999999979
146,3B0018C2F6,270-2024-12-11,2024-12-11 15:06:56.852,0.1576520521087552,0.027132931866626794,0.05600000000000005,0.018198197652585065,0.039000000000000146,0.009835864097573567,0.016999999999999904,1.8501879928449216,0.02200000000000024
147,3B00190DF0,271-2024-12-11,2024-12-11 15:07:05.854,0.1850272339118908,0.022850580065345294,0.04800000000000004,0.01633767441678719,0.03500000000000014,0.007331772119052559,0.0129999999999999,2.2283390906724487,0.02200000000000024
148,01103F9A64,273-2024-12-11,2024-12-11 15:07:47.853,0.181489918711349,0.027189269562218794,0.06800000000000006,0.016144351204845163,0.04599999999999982,0.011903911795910526,0.02200000000000024,1.356222347883273,0.023999999999999577
149,3B0018C6F9,275-2024-12-11,2024-12-11 15:08:14.854,0.1001902755021881,0.003990210331192744,0.07500000000000001,0.002263885697118351,0.05499999999999999,0.0018621993777594172,0.020000000000000018,1.2157053235847601,0.034999999999999976
150,3B0019F652,278-2024-12-11,2024-12-11 15:14:51.856,0.0869909608772173,0.0009456470930219006,0.07000000000000006,0.0006511863135766234,0.05400000000000005,0.0003285440250860195,0.016000000000000014,1.9820366947964727,0.038000000000000034
151,3B004CD4DE,279-2024-12-11,2024-12-11 15:15:19.855,0.0994476367912997,0.014512359285844613,0.07800000000000007,0.007449268785475442,0.05400000000000005,0.007471640290707427,0.02400000000000002,0.9970058107240777,0.030000000000000027
152,3B0018C2F6,281-2024-12-11,2024-12-11 15:17:57.858,0.1576520521087552,0.0237055341143372,0.06099999999999994,0.01521292618051482,0.04300000000000015,0.009312769932441532,0.017999999999999794,1.6335554610363323,0.025000000000000355
153,01103F97C4,288-2024-12-11,2024-12-11 15:20:46.858,0.1709534228123002,0.0051469394693303035,0.0900000000000003,0.002626667785062544,0.052000000000000046,0.0026809920063143185,0.038000000000000256,0.9797372684723308,0.01399999999999979
154,3B00190DF0,290-2024-12-11,2024-12-11 15:21:51.858,0.1854022392064229,0.022446224137920676,0.05400000000000027,0.013951011159222192,0.038000000000000256,0.009378727045932638,0.016000000000000014,1.487516492472447,0.02200000000000024
155,3B0019B8CC,292-2024-12-11,2024-12-11 15:22:11.858,0.1538416953491121,0.02526075005622688,0.050000000000000044,0.011826048074828203,0.02499999999999991,0.014198250507399767,0.025000000000000133,0.8329229061471177,-2.220446049250313e-16
156,3B00199DE5,293-2024-12-11,2024-12-11 15:22:13.858,0.1123533740676661,0.0004459786807259436,0.020000000000000018,0.00024353069766656747,0.01100000000000001,0.00023746676798075617,0.009000000000000008,1.0255359086131273,0.0020000000000000018
157,01103F9A64,294-2024-12-11,2024-12-11 15:22:48.859,0.1816831212805308,0.03519417745823713,0.052999999999999936,0.015054331577839657,0.023999999999999577,0.021111555236541422,0.02900000000000036,0.7130849153065957,-0.005000000000000782
158,3B00186448,295-2024-12-11,2024-12-11 15:23:12.858,0.177209322198492,0.005095519519101613,0.06499999999999995,0.0023561355961359974,0.03299999999999992,0.0028729663082101326,0.03200000000000003,0.8201055436685151,0.0009999999999998899
159,0700ED9568,296-2024-12-11,2024-12-11 15:23:40.858,0.1662643093547894,0.027174602035761407,0.05600000000000005,0.014352066243995825,0.03100000000000014,0.013577201446156543,0.02499999999999991,1.057071024607846,0.006000000000000227
160,3B00199DE5,298-2024-12-11,2024-12-11 15:25:00.858,0.1123533740676661,0.013570050699352586,0.05600000000000005,0.0072210050268462925,0.03400000000000003,0.006799813834444591,0.02200000000000002,1.0619415770279106,0.01200000000000001
161,3B004CD4DE,299-2024-12-11,2024-12-11 15:25:09.858,0.0994476367912997,0.011997127101242297,0.04999999999999999,0.007026780997245725,0.029000000000000026,0.00535798059697414,0.020999999999999963,1.3114607024172542,0.008000000000000063
162,3B0018C6F9,300-2024-12-11,2024-12-11 15:25:15.859,0.098122407562645,0.005460549373819065,0.063,0.0035223228742376368,0.040000000000000036,0.002083864179295496,0.022999999999999965,1.6902842849520303,0.01700000000000007
163,01103F9A64,302-2024-12-11,2024-12-11 15:25:51.858,0.17343810965076,0.028285668668325846,0.05899999999999994,0.016777597111892934,0.03799999999999981,0.01243687781126471,0.02100000000000013,1.3490200166392736,0.016999999999999682
164,01103FA4B2,303-2024-12-11,2024-12-11 15:26:10.859,0.1032675425461734,0.015454985377426273,0.04899999999999993,0.006739269585251138,0.02299999999999991,0.009199798116151462,0.026000000000000023,0.7325453776446963,-0.0030000000000001137
165,3B0018A99B,306-2024-12-11,2024-12-11 15:28:58.859,0.0951097925836406,0.010131146751323275,0.06700000000000006,0.003465028930150064,0.01200000000000001,0.007156322151946544,0.05500000000000005,0.48419130058413656,-0.04300000000000004
166,3B0019B8CC,1-2024-12-14,2024-12-14 07:57:11.145,0.1593272418444766,0.023565439606429324,0.04900000000000038,0.010999117831502104,0.02400000000000002,0.013278789143394596,0.025000000000000355,0.8283223502327777,-0.001000000000000334
167,3B0019B8CC,2-2024-12-14,2024-12-14 07:58:10.142,0.1538416953491121,0.02248600844947348,0.061999999999999944,0.014063819101905427,0.040999999999999925,0.009027722300570503,0.02100000000000002,1.557847996832675,0.019999999999999907
168,3B00199DE5,3-2024-12-14,2024-12-14 07:58:17.140,0.1123533740676661,0.01447735594898149,0.050000000000000044,0.0060212254554978945,0.02100000000000013,0.00890327718800783,0.028999999999999915,0.6762931590637341,-0.007999999999999785
169,3B0019B8CC,4-2024-12-14,2024-12-14 07:59:50.140,0.158590892614602,0.02574361540999708,0.052000000000000046,0.011042383076071863,0.02400000000000002,0.015446066355422935,0.028000000000000025,0.7148993680319786,-0.0040000000000000036
170,3B00199DE5,9-2024-12-14,2024-12-14 08:03:12.143,0.1123533740676661,0.011395645937348407,0.049000000000000044,0.0070751268880692355,0.03200000000000003,0.004720401704798636,0.017000000000000015,1.4988399993324397,0.015000000000000013
171,01103FA4B2,13-2024-12-14,2024-12-14 08:07:09.142,0.0932780889062833,0.010847528057759164,0.05799999999999983,0.007061028166950955,0.040999999999999925,0.00413606519651926,0.016999999999999904,1.7071849285386562,0.02400000000000002
172,01103FA4B2,14-2024-12-14,2024-12-14 08:07:52.141,0.0932341202848224,0.011732744552908226,0.05900000000000016,0.007972346887820381,0.04300000000000015,0.004144824632117604,0.016000000000000014,1.9234461275017285,0.027000000000000135
173,3B0018A99B,15-2024-12-14,2024-12-14 08:08:02.140,0.0951097925836406,0.0016036007146999736,0.06599999999999984,0.0009862710794317183,0.010999999999999899,0.0007519371097150891,0.05499999999999994,1.311640384134544,-0.04400000000000004
174,01103F9A64,17-2024-12-14,2024-12-14 08:13:39.141,0.17343810965076,0.025865239572996235,0.05900000000000016,0.01630029547135643,0.04200000000000004,0.01047713618459534,0.017000000000000126,1.5557968498417487,0.02499999999999991
175,3B00199DE5,18-2024-12-14,2024-12-14 08:14:16.140,0.1123533740676661,0.01182800544938117,0.05499999999999999,0.008583528819661226,0.041000000000000036,0.0036164341597043543,0.013999999999999957,2.373478526251653,0.02700000000000008
176,3B00192E1E,19-2024-12-14,2024-12-14 08:14:31.142,0.1005858192823128,0.011712661208767211,0.04799999999999999,0.005464179914123014,0.02300000000000002,0.006626200056619044,0.024999999999999967,0.824632499386241,-0.0019999999999999463
177,3B00182A81,21-2024-12-14,2024-12-14 08:14:51.142,0.0991547467342567,0.0029329687191371524,0.06299999999999994,0.001409368605981054,0.03199999999999992,0.0015856060883744749,0.031000000000000028,0.8888516614021738,0.0009999999999998899
178,01103FA4B2,26-2024-12-14,2024-12-14 08:18:45.140,0.0940758314504466,0.010321440347589996,0.07100000000000017,0.007097041958811105,0.05500000000000016,0.003562332183566193,0.016000000000000014,1.99224597625996,0.039000000000000146
179,01103F9A64,27-2024-12-14,2024-12-14 08:21:10.140,0.1766210849396992,0.024857848326367026,0.07399999999999984,0.015192423729645601,0.05500000000000016,0.010499614604516247,0.018999999999999684,1.4469506074166585,0.036000000000000476
180,01103FA4B2,28-2024-12-14,2024-12-14 08:21:16.140,0.1666413483592923,0.02095085881388636,0.08999999999999986,0.007721529484733775,0.05499999999999994,0.014129062509071788,0.03499999999999992,0.5464997751815484,0.020000000000000018
181,3B00190DF0,29-2024-12-14,2024-12-14 08:35:55.142,0.1675872815429256,0.026273182883086815,0.05699999999999994,0.01778198818105947,0.040999999999999925,0.009387050575119557,0.016000000000000014,1.8943104693811659,0.02499999999999991
182,01103F9A64,34-2024-12-14,2024-12-14 08:40:35.143,0.17343810965076,0.028768855058980917,0.04699999999999993,0.018013646084942634,0.029000000000000026,0.01172341179419967,0.017999999999999905,1.5365532151532157,0.01100000000000012
183,3B001874E8,35-2024-12-14,2024-12-14 08:50:31.142,0.101336683792403,0.02858801806753512,0.07200000000000001,0.019020864668952822,0.05399999999999999,0.010433140538386634,0.018000000000000016,1.8231197594788828,0.035999999999999976
184,3B0019B8CC,36-2024-12-14,2024-12-14 08:50:41.141,0.1538416953491121,0.02208985407959068,0.06000000000000005,0.012954260400970754,0.040000000000000036,0.009847025782448547,0.020000000000000018,1.3155505720377596,0.020000000000000018
185,01103F9A64,37-2024-12-14,2024-12-14 08:50:45.141,0.17343810965076,0.027153784989367165,0.04699999999999993,0.015561442786941453,0.028000000000000025,0.0125600601702632,0.018999999999999906,1.238962439350747,0.009000000000000119
186,3B00190DF0,39-2024-12-14,2024-12-14 08:56:11.139,0.1858377627654824,0.024883881752927092,0.061,0.01679482642412659,0.045999999999999985,0.008962690324891626,0.015000000000000013,1.8738599477751863,0.030999999999999972
187,3B0019B8CC,40-2024-12-14,2024-12-14 08:56:57.139,0.1538416953491121,0.02337979448933014,0.06899999999999995,0.01371926111560451,0.04800000000000004,0.010339115992707456,0.020999999999999908,1.326927865523628,0.027000000000000135
188,3B001874E8,41-2024-12-14,2024-12-14 08:57:31.140,0.1008039731362687,0.014915966432679922,0.050000000000000266,0.006083839434461644,0.02200000000000024,0.009295070628374742,0.028000000000000025,0.6545232067295667,-0.005999999999999783
189,3B001874E8,42-2024-12-14,2024-12-14 08:58:54.138,0.1000246283588266,0.014912125026256981,0.051000000000000156,0.006560655905704744,0.02400000000000002,0.008822202146084104,0.027000000000000135,0.7436528654715547,-0.0030000000000001137
190,3B00190DF0,43-2024-12-14,2024-12-14 08:59:20.139,0.1858377627654824,0.025756682467599976,0.06099999999999994,0.01716638777786013,0.04499999999999993,0.009442172340790391,0.016000000000000014,1.8180549092183964,0.028999999999999915
191,3B0019B8CC,44-2024-12-14,2024-12-14 08:59:28.139,0.1538416953491121,0.023784461524152378,0.061000000000000165,0.0137872302524426,0.039000000000000146,0.0107242654881872,0.02200000000000002,1.2856106805290548,0.017000000000000126
192,3B001874E8,46-2024-12-14,2024-12-14 09:00:00.138,0.1000230244345629,0.014890531372854227,0.04699999999999993,0.007246344590571174,0.02400000000000002,0.008134932253367044,0.02299999999999991,0.8907688920915003,0.001000000000000112
193,3B001874E8,48-2024-12-14,2024-12-14 09:01:06.138,0.1007848233237101,0.008605965741500144,0.05600000000000005,0.005196800602259194,0.03200000000000003,0.0036353708669132536,0.02400000000000002,1.4295104385516875,0.008000000000000007
194,3B00190DF0,49-2024-12-14,2024-12-14 09:02:19.137,0.1777675806411158,0.0253144060046462,0.04899999999999993,0.01601021304367504,0.03200000000000003,0.010232514269450967,0.016999999999999904,1.5646411646327547,0.015000000000000124
195,3B0019B8CC,51-2024-12-14,2024-12-14 09:02:52.140,0.1538416953491122,-0.00012087639357676987,0.031000000000000028,-0.00015852135010742833,0.026000000000000023,4.9747727709103625e-05,0.0050000000000000044,-3.1865043371301476,0.02100000000000002
196,3B0019B8CC,52-2024-12-14,2024-12-14 09:03:57.138,0.1686846337167999,0.025701633117644132,0.05699999999999994,0.0158800289906753,0.03600000000000003,0.010555652791857212,0.020999999999999908,1.5044099407026148,0.015000000000000124
197,3B004AB6A7,53-2024-12-14,2024-12-14 09:04:47.138,0.0973397457678776,0.003226670583761646,0.07500000000000018,0.0017411867118395476,0.05500000000000016,0.0016023034184485876,0.020000000000000018,1.0866772745984854,0.03500000000000014
198,3B004AB6A7,56-2024-12-14,2024-12-14 09:08:31.137,0.0981308278633936,0.003913902003393124,0.050999999999999934,0.002521870880811178,0.03400000000000003,0.0015207583664250397,0.016999999999999904,1.6582982125816137,0.017000000000000126
199,3B004AB6A7,57-2024-12-14,2024-12-14 09:10:40.137,0.1003335166489211,0.0034967960706215892,0.06999999999999998,0.0026083283256370785,0.05400000000000002,0.000985702037047367,0.01599999999999996,2.6461630671376377,0.03800000000000006
200,3B00192E1E,58-2024-12-14,2024-12-14 09:10:48.137,0.1005858192823128,0.0034765062483736644,0.03600000000000003,0.001928770609325725,0.020000000000000018,0.0016946455211997574,0.016000000000000014,1.138155788450799,0.0040000000000000036
201,01103F97C4,61-2024-12-14,2024-12-14 09:13:28.137,0.1534167394907418,0.022858992510953732,0.07000000000000028,0.0151186786810774,0.05400000000000027,0.008525188627577727,0.016000000000000014,1.773412805456375,0.038000000000000256
202,01103F97C4,63-2024-12-14,2024-12-14 09:15:02.136,0.1571538019191632,0.023157287815145994,0.05699999999999994,0.014145466616166105,0.038000000000000256,0.00978250811098496,0.018999999999999684,1.4459958995875402,0.019000000000000572
203,01103F97C4,65-2024-12-14,2024-12-14 09:16:06.137,0.1577337707724455,0.00716721645290107,0.039000000000000146,0.004510746289989803,0.025000000000000355,0.0029642580491564523,0.01399999999999979,1.5217117454647513,0.011000000000000565
204,3B0018C2F6,68-2024-12-14,2024-12-14 09:21:28.135,0.1492524816538779,0.023119370033581846,0.05400000000000005,0.014045606658821081,0.03400000000000003,0.009878578618738823,0.020000000000000018,1.4218246572616997,0.014000000000000012
205,3B00190DF0,69-2024-12-14,2024-12-14 09:22:29.138,0.1858377627654824,0.02623783961037913,0.05300000000000005,0.016494843324575334,0.03600000000000003,0.01069139218900025,0.017000000000000015,1.5428152885033921,0.019000000000000017
206,3B0018C2F6,70-2024-12-14,2024-12-14 09:26:11.139,0.1525723162939715,0.025554212768861773,0.05500000000000016,0.016701049340384383,0.038000000000000034,0.00974907919810879,0.017000000000000126,1.7130899237770265,0.020999999999999908
207,3B00192E1E,71-2024-12-14,2024-12-14 09:27:48.136,0.098129205300644,0.011451679194307784,0.050999999999999934,0.005222662394921768,0.026999999999999913,0.006605878485860296,0.02400000000000002,0.7906083053299777,0.0029999999999998916
208,3B00192E1E,72-2024-12-14,2024-12-14 09:28:04.136,0.1005858192823128,0.011235393310919375,0.07600000000000001,0.006521609495695769,0.05499999999999999,0.00504600344139101,0.02100000000000002,1.2924306476291236,0.033999999999999975
209,3B0018C2F6,73-2024-12-14,2024-12-14 09:28:12.134,0.1511935864341189,0.026229206945340693,0.05400000000000005,0.016415507559382377,0.03600000000000003,0.010686925017878468,0.018000000000000016,1.5360365616789111,0.018000000000000016
210,01103F97C4,74-2024-12-14,2024-12-14 09:28:26.134,0.1618435114270358,0.023966940912485198,0.051000000000000156,0.014906494003012574,0.03300000000000036,0.009878923298204714,0.017999999999999794,1.508918892580279,0.015000000000000568
211,3B0019B8CC,76-2024-12-14,2024-12-14 09:28:40.135,0.1538416953491121,0.027608570211240035,0.05600000000000005,0.012035076838146003,0.02699999999999969,0.016325146958621875,0.02900000000000036,0.7372109340669587,-0.002000000000000668
212,3B0019B8CC,77-2024-12-14,2024-12-14 09:30:33.134,0.1680089543184794,0.023061273450233254,0.05899999999999994,0.01432932984022999,0.038000000000000034,0.009411067639506504,0.020999999999999908,1.5226040646097607,0.017000000000000126
213,3B00190DF0,81-2024-12-14,2024-12-14 09:35:20.135,0.1858377627654824,0.02622197282458104,0.06299999999999994,0.01682714971880664,0.04700000000000004,0.01035433687714051,0.015999999999999903,1.6251306016473441,0.03100000000000014
214,3B0018C2F6,83-2024-12-14,2024-12-14 09:41:33.134,0.1576520521087552,0.018899665548009467,0.07299999999999995,0.011657507963637655,0.05499999999999994,0.007899774206852938,0.018000000000000016,1.4756760963528475,0.03699999999999992
215,3B0018C2F6,85-2024-12-14,2024-12-14 09:56:24.132,0.1576520521087552,0.0314794108424211,0.052000000000000046,0.011899248642105571,0.02200000000000002,0.020447412261551258,0.030000000000000027,0.5819439883099822,-0.008000000000000007
216,3B0018C2F6,86-2024-12-14,2024-12-14 10:04:01.801,0.1576520521087552,0.023370178650761,0.05600000000000005,0.01440644490929486,0.03600000000000003,0.00974240682419477,0.020000000000000018,1.478735713798893,0.016000000000000014
217,3B0019F652,87-2024-12-14,2024-12-14 10:08:42.801,0.0873858134530414,0.01317471619014306,0.04899999999999993,0.005532817467080694,0.02200000000000024,0.00804099342587713,0.02699999999999969,0.688076357490264,-0.004999999999999449
218,3B0019B8CC,89-2024-12-14,2024-12-14 10:09:49.801,0.1686351736217999,0.025901663324150427,0.07699999999999996,0.013795502354117533,0.050999999999999934,0.01279917226091569,0.026000000000000023,1.0778433224345527,0.02499999999999991
219,3B0019F652,90-2024-12-14,2024-12-14 10:09:52.800,0.0876052159118358,0.011810784774789515,0.05400000000000005,0.007025124835385031,0.03400000000000003,0.005168463238429095,0.020000000000000018,1.359228945105209,0.014000000000000012
220,3B0018C2F6,91-2024-12-14,2024-12-14 10:11:31.800,0.1278849475460421,0.027852756878530678,0.05600000000000005,0.01738164912181441,0.03799999999999981,0.011443244726205703,0.018000000000000238,1.5189441052509705,0.019999999999999574
221,3B004AB6A7,93-2024-12-14,2024-12-14 10:11:52.800,0.1003335166489211,0.015159500745222048,0.052999999999999936,0.006416894624683212,0.02499999999999991,0.009192246350088801,0.028000000000000025,0.6980768769998448,-0.0030000000000001137
222,3B0018C2F6,99-2024-12-14,2024-12-14 10:18:49.799,0.1576520521087552,0.025466928460948186,0.051999999999999935,0.01688306952567106,0.03599999999999992,0.00950465524887498,0.016000000000000014,1.7762947822509845,0.019999999999999907
223,3B0018C2F6,101-2024-12-14,2024-12-14 10:30:26.799,0.161994872908492,0.026444267417620466,0.05300000000000016,0.016638646729540494,0.03500000000000014,0.010752742542761783,0.018000000000000016,1.5473863215241597,0.017000000000000126
224,3B00192E1E,103-2024-12-14,2024-12-14 10:35:59.799,0.1005858192823128,0.0019435290226011124,0.038000000000000256,0.00045250229085555137,0.009000000000000341,0.0015619174779011192,0.028999999999999915,0.28970947393687985,-0.019999999999999574
225,3B001874E8,104-2024-12-14,2024-12-14 10:39:55.799,0.102095167713991,0.014196412707010822,0.052000000000000046,0.006989648295035004,0.028000000000000025,0.00764337424526642,0.02400000000000002,0.9144715502271432,0.0040000000000000036
226,3B001874E8,105-2024-12-14,2024-12-14 10:41:30.798,0.1013366837924031,0.014333090296228429,0.06099999999999994,0.007877953470343216,0.038999999999999924,0.0068996662871114185,0.02200000000000002,1.141787608635397,0.016999999999999904
227,01103F9A64,108-2024-12-14,2024-12-14 10:48:01.796,0.17343810965076,0.02800858447965924,0.05800000000000005,0.018866449364312234,0.04200000000000004,0.010079292708200929,0.016000000000000014,1.8718029042813402,0.026000000000000023
228,01103F9A64,111-2024-12-14,2024-12-14 10:48:53.798,0.17343810965076,0.027265958448846266,0.05899999999999994,0.01598529970779941,0.038000000000000034,0.012185530392874112,0.020999999999999908,1.3118263376658055,0.017000000000000126
229,01103F97C4,112-2024-12-14,2024-12-14 10:49:15.798,0.1613891723774074,0.021219625314810853,0.04499999999999993,0.01213597114409152,0.02699999999999969,0.009853360761601319,0.018000000000000238,1.2316580543143782,0.008999999999999453
230,01103F97C4,114-2024-12-14,2024-12-14 10:55:55.794,0.1566923299512909,0.024247589877508198,0.051000000000000156,0.015030021128690037,0.03400000000000025,0.010086580597563248,0.016999999999999904,1.490100731691079,0.017000000000000348
231,01103F9A64,116-2024-12-14,2024-12-14 10:58:22.794,0.17343810965076,0.035770130076812186,0.05699999999999994,0.016511471586205615,0.02900000000000036,0.020216974633073873,0.02799999999999958,0.816713276139435,0.001000000000000778
232,01103F97C4,118-2024-12-14,2024-12-14 10:59:01.796,0.15595054481058,0.02254531142749545,0.052999999999999936,0.014435812974144743,0.03399999999999981,0.008844900605030986,0.019000000000000128,1.6321057317403478,0.01499999999999968
233,3B0018C2F6,122-2024-12-14,2024-12-14 11:02:56.793,0.1563807003982077,0.02126618919222674,0.07500000000000018,0.013500057237506004,0.053999999999999826,0.008458338981651096,0.02100000000000035,1.5960648144738634,0.032999999999999474
234,3B004AB6A7,123-2024-12-14,2024-12-14 11:03:49.793,0.1003335166489211,0.01396743180381434,0.061000000000000165,0.008239084370837143,0.04200000000000004,0.006196997101113008,0.019000000000000128,1.3295285178296061,0.02299999999999991
235,3B0018A99B,127-2024-12-14,2024-12-14 11:28:54.795,0.0955161569465598,0.0032546680433584007,0.09599999999999997,0.0006739314791109099,0.05500000000000005,0.002660352964066755,0.040999999999999925,0.2533240845157264,0.014000000000000123
236,3B0018A99B,128-2024-12-14,2024-12-14 11:30:18.793,0.0951147624138035,0.003242868776500854,0.0779999999999994,0.0013520828840766284,0.04100000000000037,0.0019654436380048624,0.036999999999999034,0.6879275792660932,0.004000000000001336
237,3B00199DE5,129-2024-12-14,2024-12-14 11:30:25.792,0.1005200364140067,0.015259570928341194,0.04899999999999993,0.006986545420616043,0.02400000000000002,0.008780610311105648,0.02499999999999991,0.7956787937370954,-0.0009999999999998899
238,01103F97C4,132-2024-12-14,2024-12-14 11:36:14.792,0.1618435114270358,0.011034826270590374,0.06499999999999995,0.007991666590925421,0.050000000000000044,0.0033706342108736865,0.014999999999999902,2.370968218724018,0.03500000000000014
239,3B0018C2F6,138-2024-12-14,2024-12-14 11:38:58.792,0.1581369643628709,0.024248293145182453,0.05099999999999971,0.014810591217025599,0.03399999999999981,0.010383992087872303,0.016999999999999904,1.4262906877907986,0.016999999999999904
240,3B00192E1E,139-2024-12-14,2024-12-14 11:39:58.793,0.1005858192823128,0.0032406182972436657,0.03199999999999997,0.0018183572954451718,0.01799999999999996,0.0015789134592188638,0.014000000000000012,1.151651019774553,0.003999999999999948
241,3B001874E8,143-2024-12-14,2024-12-14 12:10:50.790,0.1013366837924031,0.015226902731330628,0.05399999999999999,0.00758313581108478,0.030000000000000027,0.008120454956160322,0.023999999999999966,0.9338313988592569,0.006000000000000061
242,3B004AB6A7,145-2024-12-14,2024-12-14 12:46:46.791,0.1074078059712768,0.011253118722331047,0.08599999999999985,0.003658597630836233,0.05400000000000005,0.00798231430138547,0.031999999999999806,0.4583379572264174,0.02200000000000024
243,3B001874E8,146-2024-12-14,2024-12-14 12:54:39.790,0.1028030170676469,0.015176619331000332,0.06000000000000005,0.007873493984197682,0.038000000000000256,0.007810357395147362,0.021999999999999797,1.0080837003809258,0.01600000000000046
244,3B001874E8,147-2024-12-14,2024-12-14 12:56:43.792,0.1029584793704815,0.011949873993093586,0.07000000000000006,0.006993003755117878,0.05499999999999994,0.005543981745101429,0.015000000000000124,1.2613684670402785,0.039999999999999813
245,3B001874E8,148-2024-12-14,2024-12-14 12:56:59.790,0.1013366837924031,0.012264541065676074,0.06899999999999995,0.008362588148590025,0.05400000000000005,0.004322523089446063,0.014999999999999902,1.9346543617102345,0.039000000000000146
246,3B004AB6A7,149-2024-12-14,2024-12-14 12:57:09.790,0.1003335166489211,0.015503647402997122,0.05299999999999999,0.007513042364532462,0.02799999999999997,0.00845146040953234,0.025000000000000022,0.8889638003934275,0.002999999999999947
247,3B0019F652,151-2024-12-14,2024-12-14 13:14:44.787,0.0905389973583477,0.01303175768468354,0.07799999999999996,0.006221468930170505,0.05499999999999994,0.007245589170947687,0.02300000000000002,0.8586560434748977,0.03199999999999992
248,3B0018A99B,152-2024-12-14,2024-12-14 13:15:40.787,0.0951097925836406,0.014311894521346383,0.05499999999999999,0.005991895999993664,0.025999999999999968,0.008748044276552302,0.029000000000000026,0.6849412063509965,-0.003000000000000058
249,3B0018A99B,154-2024-12-14,2024-12-14 13:17:44.787,0.0968748642556969,0.011294846498466316,0.06800000000000006,0.00696992454944416,0.051000000000000156,0.004709245379571877,0.016999999999999904,1.4800512582501708,0.03400000000000025
250,3B0019F652,156-2024-12-14,2024-12-14 13:32:32.785,0.0905389973583477,0.013889325714335765,0.04700000000000015,0.004788708444371629,0.017000000000000126,0.009542514994090548,0.030000000000000027,0.5018287576532142,-0.0129999999999999
251,01103F8EAC,160-2024-12-14,2024-12-14 13:41:40.785,0.1622998238879239,0.024715857713624882,0.07699999999999996,0.015712757685292393,0.050999999999999934,0.009647284876053598,0.026000000000000023,1.6287233026874177,0.02499999999999991
252,01103F97C4,161-2024-12-14,2024-12-14 13:41:57.784,0.1610374908449456,0.026220296718296964,0.05800000000000005,0.015237425889267799,0.038000000000000034,0.011832761165825269,0.020000000000000018,1.2877320581163842,0.018000000000000016
253,01103F97C4,165-2024-12-14,2024-12-14 13:50:27.783,0.1618435114270357,0.023401043317132515,0.06499999999999995,0.013837713067393908,0.04400000000000004,0.010347245552159745,0.020999999999999908,1.3373330126978198,0.02300000000000013
254,3B0018C2F6,167-2024-12-14,2024-12-14 13:51:20.785,0.1576520521087552,0.02657882848097218,0.05399999999999994,0.017180919877494802,0.03600000000000003,0.010288057635490186,0.017999999999999905,1.66998674445861,0.018000000000000127
255,01103F97C4,169-2024-12-14,2024-12-14 13:52:04.784,0.1618435114270358,0.019506482805340196,0.07499999999999996,0.010305536921170465,0.05499999999999994,0.010117772538794945,0.020000000000000018,1.0185578774039017,0.03499999999999992
256,01103F97C4,171-2024-12-14,2024-12-14 13:54:08.783,0.1618435114270358,0.02263579588080655,0.05400000000000005,0.014805764441092049,0.038000000000000034,0.008654672895773121,0.016000000000000014,1.7107249019570776,0.02200000000000002
257,01103F97C4,173-2024-12-14,2024-12-14 13:55:44.783,0.1604417468407833,0.026663478161609553,0.04999999999999982,0.017264943189905946,0.03299999999999992,0.010290562751299335,0.016999999999999904,1.6777452902394472,0.016000000000000014
258,3B001874E8,175-2024-12-14,2024-12-14 13:57:11.782,0.1013366837924031,0.014730277368562049,0.05799999999999983,0.0071318385527420845,0.03299999999999992,0.008033747021186985,0.02499999999999991,0.8877350175371039,0.008000000000000007
259,3B001874E8,176-2024-12-14,2024-12-14 13:58:26.781,0.1013366837924031,0.015651859229935304,0.049000000000000044,0.007311972862874745,0.02400000000000002,0.008834389636409687,0.025000000000000022,0.8276715385904515,-0.0010000000000000009
260,3B001874E8,177-2024-12-14,2024-12-14 13:59:42.782,0.1068481760994502,0.016062222260430324,0.052999999999999936,0.0067496928741411335,0.025000000000000355,0.00979380523877942,0.02799999999999958,0.6891798141354842,-0.0029999999999992255
261,3B001874E8,178-2024-12-14,2024-12-14 14:00:31.782,0.1049755707683813,0.015884305279165647,0.05300000000000016,0.00741060671600135,0.028000000000000025,0.008968886105138008,0.025000000000000133,0.8262571995151141,0.0029999999999998916
262,3B001874E8,179-2024-12-14,2024-12-14 14:01:46.782,0.1013366837924031,0.016231862478159758,0.05400000000000005,0.007035023399371025,0.026000000000000023,0.009691473505551,0.028000000000000025,0.7258982233549485,-0.0020000000000000018
263,3B0018A99B,180-2024-12-14,2024-12-14 14:03:12.781,0.0951097925836406,0.0038638826445835375,0.04200000000000001,0.0022633229028756166,0.024999999999999994,0.0017311671832402995,0.017000000000000015,1.307397069900123,0.00799999999999998
264,3B0018C2F6,182-2024-12-14,2024-12-14 14:03:23.780,0.1576520521087552,0.026300555034717,0.051999999999999824,0.016603820797568482,0.03399999999999981,0.010620979697338304,0.018000000000000016,1.5633040708786519,0.015999999999999792
265,3B00182A81,183-2024-12-14,2024-12-14 14:04:34.782,0.0991547467342567,0.01297667165928187,0.05599999999999983,0.007727035187756202,0.03599999999999981,0.005685575680036128,0.020000000000000018,1.359059420295519,0.015999999999999792
266,01103F8EAC,185-2024-12-14,2024-12-14 14:06:34.780,0.1622998238879239,0.025654937726482568,0.07,0.016767434168473507,0.04899999999999999,0.009544464803789836,0.02100000000000002,1.7567704961115929,0.02799999999999997
267,01103F97C4,186-2024-12-14,2024-12-14 14:07:59.782,0.1618435114270357,0.025503776795197886,0.052000000000000046,0.01603733307259524,0.03299999999999992,0.010302176856512166,0.019000000000000128,1.5566936285371369,0.01399999999999979
268,01103F97C4,188-2024-12-14,2024-12-14 14:12:43.780,0.1618435114270357,0.026964522587677533,0.05600000000000005,0.016940014428513776,0.03700000000000003,0.010869261621704767,0.019000000000000017,1.558524858274306,0.018000000000000016
269,01103F97C4,190-2024-12-14,2024-12-14 14:16:15.781,0.1620974053607334,0.025723567914047868,0.052999999999999936,0.0171908654414777,0.03600000000000003,0.009380579239580819,0.016999999999999904,1.8326016978718995,0.019000000000000128
270,01103F8EAC,192-2024-12-14,2024-12-14 14:17:04.780,0.1622998238879239,0.025633384722036696,0.06999999999999995,0.019572760740665444,0.05499999999999999,0.006702125914976045,0.014999999999999958,2.9203809341942812,0.040000000000000036
271,3B004AB6A7,193-2024-12-14,2024-12-14 14:17:18.779,0.1068542708645937,0.008059041304634815,0.06099999999999994,0.00553903958854466,0.04800000000000004,0.0028404048481129587,0.0129999999999999,1.950088063053602,0.03500000000000014
272,01103F8EAC,194-2024-12-14,2024-12-14 14:19:35.782,0.1622998238879239,0.02584997449999099,0.06799999999999995,0.01696702993127647,0.04700000000000004,0.009549069149572936,0.020999999999999908,1.7768255382290628,0.026000000000000134
273,3B0018C2F6,195-2024-12-14,2024-12-14 14:19:50.779,0.1576520521087552,0.026926632495529,0.052000000000000046,0.017308921267689948,0.03500000000000014,0.010553716266192793,0.016999999999999904,1.6400783222812627,0.018000000000000238
274,01103F97C4,197-2024-12-14,2024-12-14 14:21:56.783,0.1618435114270358,0.02448121147700582,0.04799999999999993,0.01443661806805676,0.030000000000000027,0.010926563553150938,0.017999999999999905,1.3212404794820978,0.012000000000000122
275,3B001857EE,201-2024-12-14,2024-12-14 14:33:38.781,0.1022206670076564,0.013679035990998902,0.06400000000000006,0.008922103926563145,0.04600000000000004,0.005175157844355528,0.018000000000000016,1.7240254683814829,0.028000000000000025
276,3B004AB6A7,203-2024-12-14,2024-12-14 14:35:28.780,0.1003335166489211,-0.0005503371664767145,0.04700000000000015,0.00025804917881202096,0.016000000000000014,-0.0007900862842143544,0.03100000000000014,-0.32660885775104903,-0.015000000000000124
277,01103F8EAC,204-2024-12-14,2024-12-14 14:43:54.781,0.1755584290458361,0.02310742441558699,0.07199999999999984,0.016206682710939935,0.05499999999999994,0.007523176390167729,0.016999999999999904,2.154234045624791,0.038000000000000034
278,3B0018C6F9,205-2024-12-14,2024-12-14 14:58:44.782,0.0981224075626449,0.012495632426338804,0.06499999999999995,0.008037787371144625,0.04899999999999993,0.004897945860241479,0.016000000000000014,1.6410527189347792,0.03299999999999992
279,3B0018A99B,206-2024-12-14,2024-12-14 15:01:36.778,0.0951097925836406,0.0031979815439032457,0.03600000000000003,0.0020351250777619215,0.02400000000000002,0.001326845237713139,0.01200000000000001,1.5338074252499303,0.01200000000000001
280,3B00185CB8,207-2024-12-14,2024-12-14 15:02:16.780,0.0953970648449806,0.0071604361841768,0.04300000000000004,0.004397329781175172,0.026000000000000023,0.0030144327464382086,0.017000000000000015,1.4587586292548624,0.009000000000000008
281,3B0018A99B,208-2024-12-14,2024-12-14 15:03:25.780,0.0951097925836406,0.004872443500764594,0.039000000000000035,0.003134559877583989,0.025000000000000022,0.0019294659611032664,0.014000000000000012,1.6245738151253268,0.01100000000000001
282,3B0018A99B,212-2024-12-14,2024-12-14 15:07:34.346,0.0951097925836406,0.004718975977310791,0.04200000000000004,0.003080058599174235,0.028000000000000025,0.0018271469171339259,0.014000000000000012,1.685720272568795,0.014000000000000012
283,3B00190DF0,213-2024-12-14,2024-12-14 15:27:18.345,0.1858377627654824,0.026921874734242207,0.04899999999999993,0.018520376232710196,0.03399999999999992,0.009290720759431615,0.015000000000000013,1.9934272821523515,0.018999999999999906
284,01103F8EAC,214-2024-12-14,2024-12-14 15:31:35.345,0.1622998238879239,0.024558985735174923,0.07199999999999995,0.015198047294113953,0.04799999999999993,0.00999076522168443,0.02400000000000002,1.5212095326919894,0.02399999999999991
285,3B00190DF0,215-2024-12-14,2024-12-14 15:31:45.345,0.1788287518626044,0.026266468744089985,0.061000000000000165,0.01780657465032456,0.04500000000000015,0.009359528454841127,0.016000000000000014,1.9025076675859967,0.029000000000000137
286,3B00182A81,217-2024-12-14,2024-12-14 15:33:39.346,0.0991547467342567,0.013013693623472078,0.057999999999999996,0.00807847553110818,0.03799999999999998,0.005353086416764224,0.020000000000000018,1.5091248117737972,0.01799999999999996
287,3B00192E1E,221-2024-12-14,2024-12-14 15:36:18.347,0.1000279597521426,0.013776540065802081,0.05699999999999994,0.005929784716391575,0.028000000000000025,0.008245493767980085,0.028999999999999915,0.7191545931935385,-0.0009999999999998899
288,01103F8EAC,222-2024-12-14,2024-12-14 15:36:32.345,0.1837347042177931,0.026585463148148327,0.06000000000000005,0.012128772288246627,0.028999999999999915,0.015120217435549083,0.03100000000000014,0.802155943851093,-0.002000000000000224
289,3B00190DF0,223-2024-12-14,2024-12-14 15:36:56.348,0.1858377627654824,0.024613676855182887,0.07100000000000006,0.01588361405868759,0.05500000000000005,0.009640103934089586,0.016000000000000014,1.6476600425976262,0.039000000000000035
290,3B00199DE5,224-2024-12-14,2024-12-14 15:37:53.347,0.1123533740676661,0.015462532177955096,0.046999999999999986,0.006693038069420759,0.020999999999999963,0.009258766950751588,0.026000000000000023,0.72288654688273,-0.00500000000000006
291,3B00190DF0,225-2024-12-14,2024-12-14 15:38:02.346,0.1858377627654824,0.014926132005282167,0.07200000000000006,0.009853686094258664,0.05400000000000027,0.005512240549345584,0.017999999999999794,1.787600886798835,0.036000000000000476
292,3B00182A81,226-2024-12-14,2024-12-14 15:38:44.346,0.0991547467342567,0.004705246311474596,0.063,0.0029906819618741197,0.04400000000000004,0.0018454085040288724,0.01899999999999996,1.6206070121303227,0.025000000000000078
293,3B00190DF0,228-2024-12-14,2024-12-14 15:39:42.345,0.1835013040290576,0.025193743114164956,0.05600000000000005,0.016165600858433334,0.040000000000000036,0.00999644175560967,0.016000000000000014,1.6171355021762355,0.02400000000000002
294,01103F8EAC,229-2024-12-14,2024-12-14 15:39:51.345,0.1858519073903788,0.0236075893271875,0.06400000000000006,0.014539345822180878,0.040000000000000036,0.009685394244451327,0.02400000000000002,1.501162002828159,0.016000000000000014
295,3B0019F652,232-2024-12-14,2024-12-14 15:41:31.345,0.0915875287327503,0.011817355576047892,0.06000000000000005,0.007053848741874576,0.041000000000000036,0.005176559731208402,0.019000000000000017,1.3626518591775132,0.02200000000000002
296,3B00199DE5,235-2024-12-14,2024-12-14 15:42:42.347,0.1123533740676661,0.015551689565824086,0.050000000000000044,0.006887978723687876,0.02300000000000002,0.009143321117480379,0.027000000000000024,0.753334443271308,-0.0040000000000000036
297,01103F8EAC,236-2024-12-14,2024-12-14 15:43:16.344,0.1622998238879239,0.022765727280017106,0.07400000000000001,0.01490271106321546,0.05499999999999999,0.00849988885218745,0.019000000000000017,1.753283051387224,0.035999999999999976
298,3B00190DF0,237-2024-12-14,2024-12-14 15:43:38.346,0.1780357741898643,0.027495709453297407,0.050999999999999934,0.01800873155919507,0.03500000000000003,0.010459532494022112,0.015999999999999903,1.7217530104225514,0.019000000000000128
299,01103F9A64,238-2024-12-14,2024-12-14 15:44:32.345,0.187585103963429,0.023522692238418,0.05800000000000005,0.014927704384648894,0.040000000000000036,0.009356855160808555,0.018000000000000016,1.5953762378597025,0.02200000000000002
300,01103F9A64,240-2024-12-14,2024-12-14 15:49:48.343,0.175154616142388,0.028776478251932552,0.05300000000000038,0.018073465813986535,0.03500000000000014,0.011668317449069366,0.018000000000000238,1.5489350450803878,0.016999999999999904
301,01103F9A64,242-2024-12-14,2024-12-14 15:51:36.345,0.17343810965076,0.02909683666829434,0.052999999999999936,0.018923069271247983,0.03499999999999992,0.011108379605294372,0.018000000000000016,1.7034950140008762,0.016999999999999904
302,01103F9A64,244-2024-12-14,2024-12-14 15:54:31.343,0.17343810965076,0.034645909302169625,0.05699999999999994,0.01634133168646779,0.029999999999999805,0.01922762731631788,0.027000000000000135,0.8498881020332352,0.0029999999999996696
303,3B0019B8CC,247-2024-12-14,2024-12-14 15:56:05.343,0.1715556756889568,0.026974136140540127,0.05500000000000016,0.011765863093364389,0.026000000000000245,0.01592276988736244,0.028999999999999915,0.7389331866626234,-0.0029999999999996696
304,01103F8EAC,253-2024-12-14,2024-12-14 15:58:54.343,0.162299823887924,0.02239945883191932,0.07800000000000007,0.013738740973705874,0.052000000000000046,0.009203721236629776,0.026000000000000023,1.492737624323869,0.026000000000000023
305,3B0019B8CC,254-2024-12-14,2024-12-14 15:59:00.341,0.1538416953491122,0.026355334487070337,0.052999999999999936,0.012082712059801127,0.026000000000000023,0.015017207896632356,0.026999999999999913,0.8045911159364519,-0.0009999999999998899
306,01103FA4B2,255-2024-12-14,2024-12-14 15:59:58.344,0.1070560818927257,0.01306721410387981,0.052999999999999936,0.0093724964349344,0.038000000000000034,0.004084825991392666,0.014999999999999902,2.294466509634349,0.02300000000000013
307,3B00190DF0,256-2024-12-14,2024-12-14 16:00:03.342,0.1833066182255423,0.024419371319191203,0.06099999999999994,0.016461099357003607,0.04599999999999982,0.008862147182227307,0.015000000000000124,1.8574617435846366,0.030999999999999694
308,01103F8EAC,257-2024-12-14,2024-12-14 16:00:30.343,0.162299823887924,0.023049791973206227,0.07400000000000001,0.015423174691156477,0.05499999999999999,0.008274687578729557,0.019000000000000017,1.863898128408185,0.035999999999999976
309,01103FA4B2,258-2024-12-14,2024-12-14 16:00:48.341,0.1070560818927257,0.012885374369245023,0.04799999999999982,0.007856895498059511,0.030999999999999917,0.005486168489057487,0.016999999999999904,1.432127998571424,0.014000000000000012
310,3B004873F2,1-2024-12-22,2024-12-22 08:26:58.390,0.0927200920530829,0.012314080920927818,0.08200000000000007,0.004231969505799768,0.05400000000000005,0.008489041619962561,0.028000000000000025,0.49852146982622897,0.026000000000000023
311,3B00182A81,2-2024-12-22,2024-12-22 08:28:13.387,0.0991547467342567,0.012754586655552964,0.07100000000000001,0.008094221349836523,0.05499999999999999,0.005129956808599228,0.016000000000000014,1.577834210274123,0.03899999999999998
312,3B004CD4DE,3-2024-12-22,2024-12-22 08:31:13.386,0.0994476367912997,0.012994644349583797,0.04300000000000004,0.006573787860053053,0.02200000000000002,0.006876159961632607,0.02100000000000002,0.9560260227704532,0.0010000000000000009
313,3B00186A36,4-2024-12-22,2024-12-22 08:31:21.388,0.1177048050359731,0.00309968925490747,0.03300000000000003,0.0018301188981220595,0.020000000000000018,0.0014282509194521974,0.013000000000000012,1.281370712384346,0.007000000000000006
314,3B004873F2,5-2024-12-22,2024-12-22 08:38:10.388,0.1000426597534706,0.012565194635416211,0.04400000000000004,0.00524674989386561,0.019000000000000017,0.007730850514269763,0.025000000000000022,0.6786769300714134,-0.006000000000000005
315,3B0018A99B,7-2024-12-22,2024-12-22 08:38:27.386,0.0951097925836405,0.0026942117292350545,0.03699999999999992,0.0017761974615013573,0.02499999999999991,0.0010301398511074929,0.01200000000000001,1.7242294428196185,0.0129999999999999
316,3B004873F2,8-2024-12-22,2024-12-22 08:39:17.384,0.1000426597534706,0.012659960810072575,0.08000000000000007,0.00609621871976277,0.05500000000000005,0.00696168248261507,0.025000000000000022,0.8756818103937427,0.030000000000000027
317,3B0018A99B,9-2024-12-22,2024-12-22 08:39:33.385,0.0951097925836406,0.004267672222606892,0.034999999999999976,0.002565709256564576,0.020999999999999963,0.001894232266330396,0.014000000000000012,1.354485034475207,0.006999999999999951
318,01103F9A64,13-2024-12-22,2024-12-22 08:43:01.384,0.17343810965076,0.025358107138767915,0.050999999999999934,0.015148098731358086,0.030000000000000027,0.011004664217775913,0.020999999999999908,1.3765162145419443,0.009000000000000119
319,3B004AB6A7,14-2024-12-22,2024-12-22 08:43:04.383,0.0881276611212149,0.013840656514116433,0.05400000000000005,0.0068904624632873815,0.028000000000000025,0.0074115201429372475,0.026000000000000023,0.9296962472474147,0.0020000000000000018
320,3B004873F2,16-2024-12-22,2024-12-22 08:44:04.384,0.1000426597534706,0.012963851385874964,0.04699999999999993,0.005332774674963026,0.020999999999999908,0.00805644553074067,0.026000000000000023,0.6619264853979291,-0.0050000000000001155
321,3B00182A81,17-2024-12-22,2024-12-22 08:44:16.385,0.0991547467342567,0.0025671461196135116,0.06,0.0018797505792756699,0.04799999999999999,0.0007708002948300876,0.01200000000000001,2.4386998706195815,0.035999999999999976
322,3B004AB6A7,19-2024-12-22,2024-12-22 08:45:53.385,0.0895870278483071,0.012015272638283225,0.07800000000000029,0.00764176455083372,0.05500000000000016,0.004708073057144849,0.02300000000000013,1.6231193649887776,0.03200000000000003
323,01103F9A64,20-2024-12-22,2024-12-22 08:46:02.384,0.17343810965076,0.034607777534804894,0.051999999999999824,0.012882181832655064,0.020999999999999908,0.022664263911849815,0.030999999999999917,0.5683918031822656,-0.010000000000000009
324,3B00192E1E,22-2024-12-22,2024-12-22 08:47:13.383,0.0918372382367766,0.011970636147160646,0.04999999999999999,0.005324455147974396,0.023999999999999966,0.007014078084847779,0.026000000000000023,0.7591097623330706,-0.0020000000000000573
325,3B0018C2F6,23-2024-12-22,2024-12-22 08:47:33.384,0.1576520521087552,0.02767957444912064,0.04700000000000015,0.013596650914033002,0.02400000000000002,0.014969726359997186,0.02300000000000013,0.9082765166881486,0.0009999999999998899
326,01103F97C4,24-2024-12-22,2024-12-22 08:48:24.383,0.1618435114270358,0.022511340495694154,0.052000000000000046,0.015005021555642456,0.03600000000000003,0.008246969202038476,0.016000000000000014,1.8194589052101144,0.020000000000000018
327,01103F9A64,26-2024-12-22,2024-12-22 08:48:45.384,0.17343810965076,0.024146069353279672,0.06599999999999984,0.01374142249104026,0.040999999999999925,0.01116995402365119,0.02499999999999991,1.230212985831836,0.016000000000000014
328,01103F97C4,28-2024-12-22,2024-12-22 08:49:34.386,0.1618435114270358,0.0011102984431274742,0.019000000000000017,0.0005665875311468433,0.009000000000000008,0.0006310968225041135,0.010000000000000009,0.8977822593032471,-0.0010000000000000009
329,011016B2E1,30-2024-12-22,2024-12-22 08:50:19.383,0.1034056593821557,0.012570758562976033,0.06000000000000005,0.005675155811273034,0.03600000000000003,0.007320175827066725,0.02400000000000002,0.7752758875393204,0.01200000000000001
330,01103F97C4,31-2024-12-22,2024-12-22 08:50:27.382,0.1618435114270358,0.024924315669238035,0.05799999999999983,0.014305508795301299,0.0349999999999997,0.011413182245914427,0.02300000000000013,1.2534198164076664,0.011999999999999567
331,3B0018C2F6,35-2024-12-22,2024-12-22 08:53:35.381,0.1576520521087552,0.023040100346104077,0.06000000000000005,0.014767238317443681,0.04299999999999993,0.009097617280033726,0.017000000000000126,1.62319845547393,0.0259999999999998
332,3B004873F2,36-2024-12-22,2024-12-22 08:54:17.382,0.1000426597534706,0.013030994030256756,0.061,0.006020059800505986,0.03600000000000003,0.007411813746364975,0.024999999999999967,0.8122249163989642,0.011000000000000065
333,011016B2E1,37-2024-12-22,2024-12-22 08:54:22.381,0.1034056593821557,0.013887217512313678,0.07800000000000007,0.006124569096534197,0.052000000000000046,0.008204048639400368,0.026000000000000023,0.7465300811504989,0.026000000000000023
334,01103F9A64,41-2024-12-22,2024-12-22 08:55:06.382,0.17343810965076,0.030712011205986437,0.04799999999999999,0.017987565544507,0.028000000000000025,0.013691365416343358,0.019999999999999962,1.3137890193943165,0.008000000000000063
335,3B0019B8CC,42-2024-12-22,2024-12-22 08:55:18.380,0.1538416953491121,0.026282385374156086,0.051999999999999824,0.0111580655933532,0.02400000000000002,0.015873032014216717,0.027999999999999803,0.7029574175469093,-0.0039999999999997815
336,3B0018C2F6,43-2024-12-22,2024-12-22 08:55:28.380,0.1541173452113238,0.023074145072448985,0.052999999999999936,0.014383637678958675,0.03500000000000014,0.009513372561475348,0.017999999999999794,1.511938861430235,0.017000000000000348
337,01103F97C4,44-2024-12-22,2024-12-22 08:55:38.382,0.1515746321190634,0.023002553779075945,0.05500000000000016,0.014237190673405606,0.03600000000000003,0.009547757177092513,0.019000000000000128,1.4911555048304153,0.016999999999999904
338,01103F97C4,45-2024-12-22,2024-12-22 08:56:18.380,0.1551029700186177,0.02401326692223043,0.05300000000000016,0.01525455801079942,0.03500000000000014,0.009570546232677266,0.018000000000000016,1.593906725899814,0.017000000000000126
339,01103F9A64,46-2024-12-22,2024-12-22 08:57:13.381,0.1752105108737489,0.028511963182262585,0.06499999999999995,0.01647315824011884,0.040999999999999925,0.012883277469635008,0.02400000000000002,1.2786465461870966,0.016999999999999904
340,3B0018C2F6,48-2024-12-22,2024-12-22 09:01:44.378,0.1581497560645627,0.021926122319637757,0.05600000000000005,0.01307577038620968,0.03500000000000014,0.009568521006917633,0.020999999999999908,1.36654038557855,0.014000000000000234
341,3B0018D520,49-2024-12-22,2024-12-22 09:03:37.380,0.1013628464497047,0.012083841112482265,0.06599999999999984,0.008368742015960271,0.04999999999999993,0.0040839469640520775,0.015999999999999903,2.0491798962190333,0.03400000000000003
342,011016B2E1,50-2024-12-22,2024-12-22 09:04:16.376,0.0992369940173999,0.013034189447877353,0.04699999999999993,0.005707206746447938,0.02200000000000002,0.007777472563951251,0.02499999999999991,0.7338125206511125,-0.0029999999999998916
343,3B0018C2F6,53-2024-12-22,2024-12-22 09:08:13.375,0.1403229455018428,0.0282172771079371,0.051000000000000156,0.01903637931290905,0.03400000000000025,0.010082636930824245,0.016999999999999904,1.8880357830511354,0.017000000000000348
344,01103FA4B2,57-2024-12-22,2024-12-22 09:16:50.372,0.1070560818927258,0.0036557701546843925,0.038999999999999924,0.002255114101959907,0.02499999999999991,0.00155580945477681,0.014000000000000012,1.4494796229936888,0.010999999999999899
345,3B001857EE,58-2024-12-22,2024-12-22 09:16:56.371,0.0932343928752492,0.014369171941676884,0.05400000000000005,0.009238415556754535,0.03600000000000003,0.0056006840061041925,0.018000000000000016,1.6495155853616406,0.018000000000000016
346,3B004CD4DE,62-2024-12-22,2024-12-22 09:17:59.371,0.0994476367912997,2.4821955818765714e-05,0.0050000000000000044,1.6622801542807514e-05,0.0030000000000000027,1.4316877720130905e-05,0.0020000000000000018,1.1610633175580076,0.0010000000000000009
347,01103FA4B2,64-2024-12-22,2024-12-22 09:18:19.371,0.094700592148065,0.004172948402074208,0.04300000000000015,0.0027357943619247638,0.028000000000000025,0.0015836381232924319,0.015000000000000124,1.7275375742009569,0.0129999999999999
348,01103F97C4,65-2024-12-22,2024-12-22 09:18:48.370,0.1526736660831715,0.022430032253387654,0.052999999999999936,0.014188788880650748,0.036000000000000476,0.009040510687502014,0.01699999999999946,1.5694676297729433,0.019000000000001016
349,3B001857EE,68-2024-12-22,2024-12-22 09:20:00.372,0.0977687392677557,0.00556976273498982,0.04800000000000004,0.003853582545344158,0.03300000000000003,0.0018851767902998068,0.015000000000000013,2.0441491562875163,0.018000000000000016
350,011016B2E1,69-2024-12-22,2024-12-22 09:20:09.369,0.0975087086911109,0.003722340372315571,0.056999999999999995,0.0016730732856899881,0.031000000000000028,0.0021506531826069866,0.025999999999999968,0.7779372793440903,0.00500000000000006
351,3B0018C2F6,72-2024-12-22,2024-12-22 09:20:44.370,0.1511128246712101,0.022557362117647334,0.06099999999999994,0.014205079699901377,0.04400000000000004,0.009184301554803416,0.016999999999999904,1.5466695660131151,0.027000000000000135
352,3B004873F2,73-2024-12-22,2024-12-22 09:21:46.371,0.1000426597534706,0.013166066299651252,0.050000000000000044,0.006295351306715737,0.025000000000000022,0.007261374225278063,0.025000000000000022,0.866964173916359,0.0
353,3B001857EE,75-2024-12-22,2024-12-22 09:23:14.369,0.0977687392677557,0.0012740717473624852,0.03300000000000003,0.0008812458719589009,0.02300000000000002,0.00045387360799463547,0.010000000000000009,1.9416107401629679,0.013000000000000012
354,3B0019B8CC,76-2024-12-22,2024-12-22 09:23:24.369,0.1538416953491121,0.023162259644821485,0.07400000000000007,0.013906149075554668,0.05400000000000005,0.009942446702183007,0.020000000000000018,1.3986646840662846,0.03400000000000003
355,3B0019B8CC,78-2024-12-22,2024-12-22 09:24:22.369,0.1538416953491122,0.02394354189782273,0.053999999999999826,0.013947077525998408,0.03400000000000003,0.010732671610851022,0.019999999999999796,1.2994972763256387,0.014000000000000234
356,3B001857EE,79-2024-12-22,2024-12-22 09:25:05.368,0.0977687392677557,0.004828835156040838,0.04300000000000015,0.0027869903182581473,0.026000000000000023,0.002220269852689035,0.017000000000000126,1.2552484622005475,0.008999999999999897
357,3B0019B8CC,80-2024-12-22,2024-12-22 09:25:55.368,0.1538416953491122,0.023633620608117308,0.062000000000000055,0.01060418486399414,0.028000000000000025,0.013763337272719913,0.03400000000000003,0.7704661052673992,-0.006000000000000005
358,3B001857EE,81-2024-12-22,2024-12-22 09:26:13.369,0.0977687392677556,0.03264938243901,0.09700000000000003,0.015288778196623033,0.05400000000000005,0.018521533256889773,0.04299999999999998,0.8254596411955152,0.011000000000000065
359,01103F9A64,82-2024-12-22,2024-12-22 09:27:26.368,0.17343810965076,0.0257805025051564,0.05699999999999994,0.01412620802151635,0.03299999999999992,0.012421675253554799,0.02400000000000002,1.1372224545536846,0.008999999999999897
360,3B0019B8CC,84-2024-12-22,2024-12-22 09:32:02.365,0.1538416953491121,0.02653003062503347,0.05099999999999999,0.01051007644149578,0.02200000000000002,0.01676245775161505,0.02899999999999997,0.6270009205829701,-0.006999999999999951
361,3B0018C2F6,88-2024-12-22,2024-12-22 09:34:44.365,0.155012538480509,0.02354492015915019,0.052000000000000046,0.01525669338045322,0.03500000000000003,0.00912523455557254,0.017000000000000015,1.6719234215340095,0.018000000000000016
362,01103F9A64,89-2024-12-22,2024-12-22 09:35:10.365,0.17343810965076,0.026893900482946983,0.05600000000000005,0.016860012140520443,0.03699999999999992,0.010901566689080716,0.019000000000000128,1.5465678118914647,0.017999999999999794
363,011016B2E1,90-2024-12-22,2024-12-22 09:35:38.367,0.0970380859362891,0.01493151898677415,0.04500000000000015,0.006114957468914736,0.019000000000000128,0.009336385711872609,0.026000000000000023,0.6549598161029974,-0.006999999999999895
364,3B0018C2F6,92-2024-12-22,2024-12-22 09:37:17.365,0.1576520521087552,0.027940496055801983,0.04899999999999999,0.016422760630430046,0.029000000000000026,0.012388023287918154,0.019999999999999962,1.3256966223535362,0.009000000000000064
365,01103F97C4,96-2024-12-22,2024-12-22 09:38:32.364,0.1618435114270358,0.025336596322492903,0.05899999999999994,0.013944264805485891,0.03499999999999992,0.012190522841064536,0.02400000000000002,1.1438610949904269,0.010999999999999899
366,3B0018C2F6,97-2024-12-22,2024-12-22 09:38:36.364,0.1576520521087552,0.0257171429822569,0.051000000000000156,0.014418048699395707,0.030000000000000027,0.01220686364652658,0.02100000000000013,1.1811427666350898,0.008999999999999897
367,3B004873F2,98-2024-12-22,2024-12-22 09:39:00.365,0.0956289709748087,0.0031334243337809097,0.05699999999999994,0.002015867520723954,0.038000000000000034,0.001214880243803852,0.018999999999999906,1.6593137726992497,0.019000000000000128
368,3B0018C2F6,99-2024-12-22,2024-12-22 09:42:04.364,0.1576520521087552,0.021664804488532752,0.05099999999999999,0.013187208911253807,0.03400000000000003,0.00929324582619146,0.01699999999999996,1.419010016294615,0.01700000000000007
369,3B004DB16E,105-2024-12-22,2024-12-22 09:53:50.361,0.0991720033477613,0.01129598053254463,0.04899999999999993,0.0062226234237674535,0.026999999999999913,0.005453571994636666,0.02200000000000002,1.1410179291457256,0.004999999999999893
370,3B004CD4DE,106-2024-12-22,2024-12-22 09:56:45.361,0.0919371448985171,0.012031610930276989,0.06799999999999995,0.006814998564930816,0.04699999999999993,0.005625026351211888,0.02100000000000002,1.211549624734212,0.025999999999999912
371,3B0018C2F6,108-2024-12-22,2024-12-22 10:03:09.357,0.1576520521087552,0.02647908756284289,0.05799999999999983,0.016598572725345543,0.039000000000000146,0.010744317262347937,0.018999999999999684,1.5448699363628329,0.020000000000000462
372,01103F97C4,110-2024-12-22,2024-12-22 10:04:44.357,0.1618435114270358,0.024219084455874083,0.05700000000000005,0.01450598011156282,0.03700000000000003,0.01050011700629097,0.020000000000000018,1.3815065206294181,0.017000000000000015
373,01103F97C4,113-2024-12-22,2024-12-22 10:05:45.356,0.1602720077161665,0.015599687525540902,0.08199999999999985,0.008080406031168712,0.054999999999999716,0.007945281534079552,0.027000000000000135,1.0170068859749744,0.02799999999999958
374,3B004873F2,114-2024-12-22,2024-12-22 10:10:33.355,0.1000426597534706,0.0037815440873325223,0.06,0.0019419156921542827,0.039000000000000035,0.0019712974809284107,0.020999999999999963,0.9850952030029023,0.01800000000000007
375,01103F97C4,119-2024-12-22,2024-12-22 10:13:10.354,0.1465330256810636,0.02583254945364796,0.052000000000000046,0.015608898413737268,0.03200000000000003,0.01107777353436979,0.020000000000000018,1.4090284807961866,0.01200000000000001
376,01103F9A64,120-2024-12-22,2024-12-22 10:13:33.353,0.17343810965076,0.027053856092868388,0.05699999999999994,0.016635455935554763,0.03600000000000003,0.011252105314017257,0.020999999999999908,1.4784305222269136,0.015000000000000124
377,01103F9A64,122-2024-12-22,2024-12-22 10:14:21.352,0.17343810965076,0.02585920674303635,0.05699999999999994,0.016046388943459142,0.03699999999999992,0.01062798793806966,0.020000000000000018,1.5098237819767055,0.016999999999999904
378,3B004CD4DE,126-2024-12-22,2024-12-22 10:21:24.352,0.098340039735647,0.014286844960596486,0.04400000000000004,0.00582069816101463,0.018000000000000016,0.008947058085281862,0.026000000000000023,0.6505711827879854,-0.008000000000000007
379,3B004CD4DE,128-2024-12-22,2024-12-22 10:23:45.353,0.0994476367912997,0.01321074982523621,0.07099999999999995,0.0093717749785531,0.05499999999999994,0.0042370340366171145,0.016000000000000014,2.2118715350315217,0.038999999999999924
380,3B004CD4DE,129-2024-12-22,2024-12-22 10:24:34.350,0.0994476367912997,0.014405094096120603,0.04499999999999993,0.005996674543958908,0.019000000000000128,0.008902408700432941,0.0259999999999998,0.6736013528189598,-0.006999999999999673
381,3B00199DE5,134-2024-12-22,2024-12-22 10:30:13.347,0.1123533740676661,2.150738924966969e-05,0.006000000000000227,1.1635263696858092e-05,0.0030000000000001137,1.4443710658817096e-05,0.0030000000000001137,0.805559178780378,0.0
382,3B004873F2,136-2024-12-22,2024-12-22 10:38:12.348,0.094269773774899,0.012840688662900656,0.07500000000000001,0.007038465517812938,0.05499999999999999,0.006247958848619031,0.020000000000000018,1.1265223872863106,0.034999999999999976
383,3B00199DE5,137-2024-12-22,2024-12-22 10:39:26.347,0.1123533740676661,0.010829166561171133,0.04999999999999993,0.006816370759358473,0.031000000000000028,0.004346708279403836,0.018999999999999906,1.5681684440745027,0.012000000000000122
384,3B001857EE,138-2024-12-22,2024-12-22 10:39:51.346,0.0977687392677556,0.005065379020785518,0.04499999999999993,0.0027093202409492734,0.02499999999999991,0.0025229602121804033,0.020000000000000018,1.073865623353534,0.004999999999999893
385,3B004873F2,139-2024-12-22,2024-12-22 10:40:14.346,0.1000426597534706,0.009812728945617473,0.08099999999999996,0.004991241333586026,0.05400000000000005,0.005113484820911095,0.026999999999999913,0.9760938984652568,0.027000000000000135
386,01103FA4B2,140-2024-12-22,2024-12-22 10:41:38.345,0.1070560818927257,0.015191905902575143,0.050999999999999934,0.006017068211354922,0.02200000000000002,0.009617098127715365,0.028999999999999915,0.6256635974228469,-0.006999999999999895
387,3B00199DE5,143-2024-12-22,2024-12-22 10:41:59.345,0.0974486809167252,0.003232295645038929,0.06899999999999995,0.0014937014768871932,0.03499999999999992,0.0018277267140386503,0.03400000000000003,0.8172455244069965,0.0009999999999998899
388,3B004873F2,144-2024-12-22,2024-12-22 10:42:21.346,0.0972068866676387,0.0056428202804315675,0.07800000000000029,0.0029971050657849265,0.054999999999999716,0.002804803972484416,0.023000000000000576,1.068561330911898,0.03199999999999914
389,3B004CD4DE,147-2024-12-22,2024-12-22 10:46:27.345,0.0994476367912997,0.014084009353323414,0.046999999999999986,0.00577606419693569,0.020000000000000018,0.00875818897912465,0.02699999999999997,0.6595044033307657,-0.006999999999999951
390,3B004873F2,148-2024-12-22,2024-12-22 10:46:32.345,0.1000426597534706,0.004154249200364485,0.05300000000000005,0.002539899179607707,0.03600000000000003,0.0017548634411002268,0.017000000000000015,1.4473486199104446,0.019000000000000017
391,3B0018C6F9,149-2024-12-22,2024-12-22 10:49:56.346,0.0981224075626449,0.010276329137270597,0.05399999999999994,0.005261631922212979,0.031000000000000028,0.0054121268026621,0.02299999999999991,0.972193023937448,0.008000000000000118
392,3B0018A99B,152-2024-12-22,2024-12-22 10:50:56.344,0.0951097925836406,0.002787326257193203,0.030000000000000027,0.0016746472440735982,0.018000000000000016,0.0012590763248423494,0.01200000000000001,1.3300601488819852,0.006000000000000005
393,3B0019F652,154-2024-12-22,2024-12-22 10:52:01.346,0.0905389973583477,0.011527684703461334,0.052000000000000046,0.006702266863488872,0.031000000000000028,0.005240681880464275,0.02100000000000002,1.2788921396799444,0.010000000000000009
394,011016B2E1,156-2024-12-22,2024-12-22 10:59:32.342,0.0981873252689785,0.0034557523478506024,0.08899999999999997,0.0010256184091111116,0.05500000000000016,0.0025308309767119717,0.03399999999999981,0.4052496664331112,0.02100000000000035
395,011016B2E1,158-2024-12-22,2024-12-22 11:02:34.341,0.1034056593821557,0.0048602863002255945,0.038000000000000034,0.0028706749658594763,0.02200000000000002,0.0021849964887151996,0.016000000000000014,1.3138121643149472,0.006000000000000005
396,3B001857EE,159-2024-12-22,2024-12-22 11:02:39.340,0.0973028300534727,0.014491653078098403,0.04300000000000015,0.009352340847026842,0.028000000000000025,0.005709226127423342,0.015000000000000124,1.6381100762683736,0.0129999999999999
397,3B001857EE,160-2024-12-22,2024-12-22 11:02:53.342,0.0982860670160087,0.005185762354954611,0.04899999999999993,0.0038423845935992495,0.03599999999999981,0.0015112632938948719,0.013000000000000123,2.5424984574968033,0.022999999999999687
398,01103F97C4,161-2024-12-22,2024-12-22 11:03:13.341,0.1465775826310717,0.021760242533662887,0.07199999999999962,0.012180732536460086,0.05500000000000016,0.01046707940639387,0.01699999999999946,1.1637183653177812,0.0380000000000007
399,3B004873F2,163-2024-12-22,2024-12-22 11:04:58.340,0.0969779387728729,0.013251558406074473,0.052000000000000046,0.008146303461918194,0.03299999999999992,0.005551670086126088,0.019000000000000128,1.4673608725915162,0.01399999999999979
400,3B004873F2,164-2024-12-22,2024-12-22 11:05:09.340,0.1000426597534706,0.00014505768645134797,0.01799999999999996,4.3773630994681706e-05,0.0050000000000000044,0.00011217844530154443,0.012999999999999956,0.3902142775915174,-0.007999999999999952
401,3B004AB6A7,165-2024-12-22,2024-12-22 11:05:38.340,0.1003335166489211,8.871819564476836e-05,0.016999999999999904,5.002316941736204e-05,0.008999999999999897,4.6129358806376434e-05,0.008000000000000007,1.084410681434561,0.0009999999999998899
402,01103F97C4,169-2024-12-22,2024-12-22 11:08:06.339,0.1618435114270358,0.025050778490619992,0.05799999999999983,0.015444909418103153,0.0389999999999997,0.010420627942681237,0.019000000000000128,1.4821476693206996,0.019999999999999574
403,3B0018C2F6,170-2024-12-22,2024-12-22 11:08:12.339,0.1548872358474068,0.02684930157737434,0.07599999999999996,0.017279860228957132,0.05399999999999994,0.010341530390342538,0.02200000000000002,1.6709190590489362,0.03199999999999992
404,01103F97C4,173-2024-12-22,2024-12-22 11:10:18.337,0.1618435114270358,0.02462131774951926,0.050999999999999934,0.014074382016472332,0.030999999999999917,0.011403053402687467,0.020000000000000018,1.2342643254792869,0.010999999999999899
405,3B0019B8CC,174-2024-12-22,2024-12-22 11:10:33.339,0.1538416953491121,0.02512168599006052,0.05600000000000005,0.015439998620474718,0.03600000000000003,0.010466346531892587,0.020000000000000018,1.4752042246476973,0.016000000000000014
406,3B00192E1E,176-2024-12-22,2024-12-22 11:11:40.338,0.1005858192823128,0.0031114072340463106,0.03500000000000014,0.001747525587015324,0.020000000000000018,0.0015034277834019027,0.015000000000000124,1.1623608438717858,0.004999999999999893
407,3B0018C2F6,177-2024-12-22,2024-12-22 11:12:13.337,0.1576520521087552,0.024378724436739167,0.06099999999999994,0.016407117489515673,0.04400000000000004,0.008787777218458873,0.016999999999999904,1.8670383968146405,0.027000000000000135
408,3B004CD4DE,179-2024-12-22,2024-12-22 11:18:44.337,0.0994476367912997,0.014258770720311231,0.08499999999999996,0.00395119439785526,0.05499999999999994,0.010813153474088925,0.030000000000000027,0.36540629958904497,0.02499999999999991
409,3B0019B8CC,181-2024-12-22,2024-12-22 11:18:57.336,0.1594723602318773,0.02447506774003981,0.08099999999999996,0.010480454318317277,0.05400000000000005,0.014686348272905738,0.026999999999999913,0.7136188059527535,0.027000000000000135
410,3B001857EE,182-2024-12-22,2024-12-22 11:19:01.336,0.0812032526829754,0.0067910518198545005,0.06400000000000006,0.003528987367776118,0.04100000000000015,0.003458150425677631,0.02299999999999991,1.020484054589559,0.018000000000000238
411,3B0019B8CC,184-2024-12-22,2024-12-22 11:20:45.335,0.1538416953491121,0.026105977648382676,0.05499999999999994,0.011573738288772407,0.026999999999999913,0.01525082735957633,0.028000000000000025,0.7588924860201111,-0.001000000000000112
412,3B001857EE,186-2024-12-22,2024-12-22 11:22:03.334,0.0977687392677557,0.0032989878568088745,0.045999999999999985,0.0023658991842147666,0.032999999999999974,0.001038214769056201,0.013000000000000012,2.278814802803768,0.019999999999999962
413,3B001857EE,187-2024-12-22,2024-12-22 11:23:29.333,0.0977687392677557,0.004859690445655023,0.04899999999999993,0.003210009510185127,0.03400000000000003,0.0018158388547812314,0.014999999999999902,1.7677832489006093,0.019000000000000128
414,3B004873F2,192-2024-12-22,2024-12-22 11:27:01.333,0.1000426597534706,0.013209758845397856,0.04599999999999993,0.005251585446527071,0.018999999999999906,0.008380288161285717,0.027000000000000024,0.6266592920739571,-0.008000000000000118
415,3B001857EE,194-2024-12-22,2024-12-22 11:28:07.334,0.0977687392677557,0.005663704195386209,0.04700000000000004,0.0033432217338292235,0.029000000000000026,0.002506350938422186,0.018000000000000016,1.3339000866071333,0.01100000000000001
416,3B004873F2,195-2024-12-22,2024-12-22 11:28:53.333,0.1000426597534706,0.012473304938790017,0.05900000000000016,0.005593652070569849,0.028000000000000025,0.007232881540331318,0.03100000000000014,0.7733642586815571,-0.0030000000000001137
417,3B004873F2,198-2024-12-22,2024-12-22 11:42:54.331,0.0969760482487569,0.0028427094521774137,0.049000000000000044,0.0019293181925740788,0.03600000000000003,0.001021432031934827,0.013000000000000012,1.8888365865318584,0.02300000000000002
418,3B001857EE,199-2024-12-22,2024-12-22 11:43:47.332,0.0977687392677557,0.006076421916547274,0.04300000000000015,0.0030140082266715933,0.021999999999999797,0.0032772190514696073,0.02100000000000035,0.9196847019792643,0.0009999999999994458
419,3B004873F2,200-2024-12-22,2024-12-22 11:44:03.331,0.0970627893002384,0.013747872092042914,0.052000000000000046,0.006577479556049616,0.026000000000000245,0.0075809966133300955,0.0259999999999998,0.8676272911775295,4.440892098500626e-16
420,3B004873F2,202-2024-12-22,2024-12-22 11:53:18.329,0.097773528498202,0.01229231499166411,0.08099999999999996,0.004586567112527542,0.05500000000000016,0.008137131058929725,0.0259999999999998,0.5636589947134036,0.02900000000000036
421,3B004873F2,208-2024-12-22,2024-12-22 12:07:09.327,0.0996517654165881,0.014176724739985972,0.04899999999999993,0.005473638122698905,0.020000000000000018,0.009127698223058938,0.028999999999999915,0.5996734323305161,-0.008999999999999897
422,01103F97C4,209-2024-12-22,2024-12-22 12:07:28.326,0.1618435114270358,0.023576522990417015,0.05200000000000049,0.012971352176934434,0.03200000000000003,0.011493278513867633,0.020000000000000462,1.1286033102985695,0.011999999999999567
423,01103F97C4,213-2024-12-22,2024-12-22 12:08:38.326,0.1618435114270358,0.023402932460902446,0.052000000000000046,0.01427399559338133,0.03299999999999992,0.009943753366472442,0.019000000000000128,1.435473615175257,0.01399999999999979
424,3B0018A99B,214-2024-12-22,2024-12-22 12:10:01.324,0.0951097925836406,0.001986374692197709,0.06999999999999984,0.0004983027121590962,0.016999999999999904,0.0015299955736711578,0.052999999999999936,0.32568898938932256,-0.03600000000000003
425,3B004CD4DE,217-2024-12-22,2024-12-22 12:11:31.325,0.0994476367912997,0.010284099140205706,0.07300000000000001,0.005677685789478279,0.05499999999999999,0.005018140973208614,0.018000000000000016,1.1314321020056854,0.03699999999999998
426,3B004CD4DE,218-2024-12-22,2024-12-22 12:14:03.325,0.0994476367912997,0.011479182722982465,0.04899999999999999,0.005380097439433382,0.022999999999999965,0.00652172079183424,0.026000000000000023,0.8249505937404943,-0.003000000000000058
427,3B001857EE,219-2024-12-22,2024-12-22 12:19:13.323,0.0977687392677557,0.003134206045049398,0.03999999999999998,0.0020585852085760765,0.024999999999999967,0.0011879931214101185,0.015000000000000013,1.7328258652984343,0.009999999999999953
428,3B00192E1E,221-2024-12-22,2024-12-22 12:22:07.323,0.1005858192823128,0.0034891132376400633,0.0349999999999997,0.0018803456688015027,0.020000000000000018,0.0017739521814458343,0.01499999999999968,1.0599753975718522,0.0050000000000003375
429,3B004873F2,224-2024-12-22,2024-12-22 12:30:57.320,0.1000426597534706,0.014606563164540638,0.06899999999999995,0.006369188620200061,0.038999999999999924,0.008607056767627668,0.030000000000000027,0.7399961208755427,0.008999999999999897
430,3B0019F652,225-2024-12-22,2024-12-22 12:36:10.318,0.0905389973583477,0.012205913407669801,0.05599999999999983,0.007304518225101023,0.03600000000000003,0.005313473863671673,0.019999999999999796,1.3747161296947672,0.016000000000000236
431,011016B2E1,226-2024-12-22,2024-12-22 12:36:37.319,0.1034056593821557,0.015220365425414542,0.04800000000000004,0.006611609674437154,0.02200000000000002,0.009125455664067101,0.026000000000000023,0.7245237846556413,-0.0040000000000000036
432,011016B2E1,227-2024-12-22,2024-12-22 12:44:11.320,0.0982545594863731,0.004459668122797874,0.038000000000000256,0.0027032621052468686,0.02300000000000013,0.0019457530383559724,0.015000000000000124,1.3893140866072804,0.008000000000000007
433,011016B2E1,228-2024-12-22,2024-12-22 12:47:22.319,0.1034056593821557,0.0036357230412687913,0.034999999999999976,0.0019336972580989138,0.018000000000000016,0.0018567875721586424,0.01699999999999996,1.0414208319214775,0.0010000000000000564
434,3B001857EE,229-2024-12-22,2024-12-22 12:47:28.319,0.0977687392677557,0.004941252678890428,0.04800000000000004,0.003098112476372644,0.030000000000000027,0.0019884503673559127,0.018000000000000016,1.5580537121941214,0.01200000000000001
435,3B004873F2,230-2024-12-22,2024-12-22 12:48:15.320,0.0971654671624592,0.013972407994149554,0.052000000000000046,0.0055287936003398,0.02299999999999991,0.008860554235026599,0.029000000000000137,0.6239783035787945,-0.006000000000000227
436,3B00186A36,231-2024-12-22,2024-12-22 12:48:32.319,0.1177048050359731,0.00030156079758727816,0.017000000000000015,0.00017689912842092364,0.010000000000000009,0.00015061948252864804,0.007000000000000006,1.174477069307931,0.0030000000000000027
437,01103F97C4,232-2024-12-22,2024-12-22 12:48:44.319,0.1618435114270358,0.02462097512987444,0.05699999999999994,0.0145886152988,0.0349999999999997,0.010837900466275127,0.02200000000000024,1.3460739323262998,0.012999999999999456
438,3B00192E1E,233-2024-12-22,2024-12-22 12:48:52.318,0.0972512410329318,0.012359953588414992,0.04899999999999993,0.004777816545294062,0.019999999999999796,0.007966745780340402,0.029000000000000137,0.5997199706163985,-0.009000000000000341
439,3B001857EE,234-2024-12-22,2024-12-22 12:49:10.319,0.0977687392677557,0.0001451194592989994,0.017000000000000015,0.000103658681326366,0.01200000000000001,5.2685456458309296e-05,0.0050000000000000044,1.9675008682593933,0.007000000000000006
440,3B004873F2,235-2024-12-22,2024-12-22 12:49:31.319,0.1000426597534706,0.013638949683319027,0.050000000000000044,0.005405618969475154,0.02100000000000013,0.00864159219842821,0.028999999999999915,0.6255350686946746,-0.007999999999999785
441,01103F9A64,236-2024-12-22,2024-12-22 12:49:36.318,0.1734381096507601,0.027270708867608313,0.05300000000000038,0.016403528452924716,0.03400000000000025,0.01181692859185586,0.019000000000000128,1.3881380703467994,0.015000000000000124
442,01103F9A64,240-2024-12-22,2024-12-22 12:54:00.318,0.1742951453380193,0.028679909200399506,0.05600000000000005,0.018039445179838676,0.03699999999999992,0.011545804230915517,0.019000000000000128,1.5624243074844038,0.017999999999999794
443,3B0018A99B,241-2024-12-22,2024-12-22 13:00:09.316,0.0951097925836405,0.004036387210605866,0.040000000000000036,0.0025340766998928304,0.025000000000000022,0.0016616249145183436,0.015000000000000013,1.525059402848076,0.010000000000000009
444,3B0019F652,243-2024-12-22,2024-12-22 13:00:18.316,0.0841511374893488,0.012060567329038164,0.062000000000000055,0.007558750158348714,0.040000000000000036,0.004849744651087861,0.02200000000000002,1.558587245753895,0.018000000000000016
445,3B00182A81,244-2024-12-22,2024-12-22 13:00:24.316,0.0963184177398437,0.01185682916569124,0.04200000000000026,0.006818753015333495,0.025000000000000355,0.0055548910096594375,0.016999999999999904,1.2275223768524566,0.008000000000000451
446,3B00192E1E,245-2024-12-22,2024-12-22 13:01:34.315,0.097328791035641,0.010268597886731373,0.06099999999999994,0.006654457303631096,0.04299999999999993,0.003939148989323004,0.018000000000000016,1.68931343335017,0.02499999999999991
447,01103F97C4,249-2024-12-22,2024-12-22 13:02:37.316,0.1618435114270358,0.023451826892751652,0.07099999999999995,0.01561162015282481,0.05400000000000005,0.00858173667393406,0.016999999999999904,1.8191679313865607,0.037000000000000144
448,3B0019B8CC,250-2024-12-22,2024-12-22 13:02:43.316,0.1538416953491121,0.025325708834351226,0.05699999999999994,0.01142751083032405,0.030999999999999917,0.014617482308314073,0.026000000000000023,0.7817701153518315,0.004999999999999893
449,3B001857EE,252-2024-12-22,2024-12-22 13:03:49.317,0.0977687392677557,0.0041236318336065675,0.052000000000000046,0.002527702486696388,0.03500000000000003,0.0017270576471741866,0.017000000000000015,1.4635889490036522,0.018000000000000016
450,3B00192E1E,253-2024-12-22,2024-12-22 13:04:37.315,0.1005858192823128,0.01001380064020459,0.05499999999999994,0.006026017765623206,0.03699999999999992,0.00433746670373924,0.018000000000000016,1.3892942994647777,0.018999999999999906
451,3B004873F2,255-2024-12-22,2024-12-22 13:05:27.316,0.0987796204829241,0.010794215558206186,0.06499999999999995,0.006334885335627267,0.042999999999999705,0.0048298429867381166,0.02200000000000024,1.3116131006787854,0.020999999999999464
452,3B0019F652,258-2024-12-22,2024-12-22 13:07:20.315,0.0885666016905213,0.01192832713883208,0.05699999999999994,0.007700262904716686,0.038999999999999924,0.004642587412941846,0.018000000000000016,1.6586145224215172,0.020999999999999908
453,3B001857EE,261-2024-12-22,2024-12-22 13:10:03.314,0.0977687392677557,0.004806431578143194,0.04600000000000004,0.0031956450447506624,0.031000000000000028,0.0017656595604881025,0.015000000000000013,1.8098874303193826,0.016000000000000014
454,3B001857EE,264-2024-12-22,2024-12-22 13:12:11.314,0.0977687392677557,0.005735811503830561,0.04400000000000004,0.0033767392025847473,0.027000000000000024,0.002563165985277593,0.017000000000000015,1.3174094935638916,0.010000000000000009
455,01103F97C4,267-2024-12-22,2024-12-22 13:18:27.314,0.1618435114270358,0.024289810994847907,0.04899999999999999,0.014672238943037577,0.030000000000000027,0.010472762511301635,0.01899999999999996,1.4009903239192234,0.011000000000000065
456,3B004CD4DE,268-2024-12-22,2024-12-22 13:27:46.312,0.0994476367912997,0.009612462127910731,0.07500000000000001,0.005337427452846688,0.05499999999999999,0.004652965503012774,0.020000000000000018,1.147102304839941,0.034999999999999976
457,3B001857EE,269-2024-12-22,2024-12-22 13:27:50.311,0.0977687392677557,0.005933686021307928,0.05499999999999994,0.0041699075232898754,0.040000000000000036,0.001951848155810365,0.014999999999999902,2.1363893040945188,0.025000000000000133
458,3B004CD4DE,270-2024-12-22,2024-12-22 13:31:48.312,0.0958089211313919,0.014713460389298987,0.07799999999999985,0.006135131342569188,0.050000000000000044,0.009004887463453043,0.027999999999999803,0.6813112731801526,0.02200000000000024
459,3B004873F2,272-2024-12-22,2024-12-22 13:37:05.310,0.0967421965190226,0.014227207303386157,0.049000000000000044,0.008447669437997652,0.027000000000000024,0.0062289317418711045,0.02200000000000002,1.356198749331625,0.0050000000000000044
460,3B00192E1E,273-2024-12-22,2024-12-22 13:37:11.312,0.1005858192823128,0.003967553120922496,0.03700000000000003,0.0024390976661595315,0.02300000000000002,0.0016996778693887796,0.014000000000000012,1.4350352558491888,0.009000000000000008
461,3B00182A81,275-2024-12-22,2024-12-22 13:38:27.310,0.0991547467342567,0.0031021304770649507,0.07499999999999996,0.0015222098541685263,0.04799999999999999,0.0016697486734281938,0.02699999999999997,0.9116401039224947,0.02100000000000002
462,3B00182A81,279-2024-12-22,2024-12-22 13:43:36.311,0.0966200436943591,0.004049437075415481,0.061999999999999944,0.0026290119203387645,0.04299999999999993,0.001541309129586055,0.019000000000000017,1.7057006085760555,0.02399999999999991
463,3B004CD4DE,280-2024-12-22,2024-12-22 13:44:15.310,0.0960834636958426,0.013743750983269774,0.04599999999999982,0.007602924413830253,0.0259999999999998,0.006606115684175328,0.020000000000000018,1.1508918065184264,0.005999999999999783
464,3B001857EE,281-2024-12-22,2024-12-22 13:46:13.311,0.0977687392677557,0.006572306121719403,0.04799999999999999,0.0035623503619500586,0.027000000000000024,0.0032170962572357093,0.020999999999999963,1.1073185497442992,0.006000000000000061
465,3B004CD4DE,282-2024-12-22,2024-12-22 13:46:53.309,0.0994476367912997,0.011030136498438448,0.06800000000000006,0.005179661092760604,0.03600000000000003,0.006144579810858524,0.03200000000000003,0.8429642468972828,0.0040000000000000036
466,3B0018C6F9,283-2024-12-22,2024-12-22 13:50:31.311,0.0981224075626449,0.0026289158609001584,0.057999999999999996,0.0010633353512433548,0.026000000000000023,0.0016472922980031296,0.03199999999999997,0.6455049614038411,-0.00599999999999995
467,3B00199DE5,284-2024-12-22,2024-12-22 13:50:37.309,0.1123533740676661,0.012005853931216887,0.05400000000000005,0.006790157939494425,0.030999999999999917,0.0055996177750137835,0.02300000000000013,1.212610969590279,0.007999999999999785
468,01103F9A64,286-2024-12-22,2024-12-22 13:50:56.310,0.176514474418616,0.03639913529450857,0.053999999999999826,0.015537626419261898,0.02499999999999991,0.021840798941423323,0.028999999999999915,0.7114037568375391,-0.0040000000000000036
469,01103F9A64,289-2024-12-22,2024-12-22 13:54:15.309,0.1734381096507601,0.030023868975451604,0.06800000000000006,0.017862391534044623,0.04800000000000004,0.013137481622674039,0.020000000000000018,1.359651114808476,0.028000000000000025
470,3B004873F2,290-2024-12-22,2024-12-22 13:54:20.310,0.1000426597534706,0.013818978011862212,0.04999999999999993,0.005621406983863351,0.02199999999999991,0.008609646324509161,0.028000000000000025,0.6529196173669571,-0.006000000000000116
471,01103F9A64,293-2024-12-22,2024-12-22 14:03:14.306,0.1803197429806088,0.026007578148270597,0.07899999999999974,0.014357347043865378,0.054999999999999716,0.012496194889191533,0.02400000000000002,1.1489375102723174,0.030999999999999694
472,3B0019F652,297-2024-12-22,2024-12-22 14:08:45.306,0.0905389973583477,0.003484873233642896,0.035999999999999976,0.0020550130979814017,0.021999999999999964,0.0015817420647722125,0.014000000000000012,1.2992087292546939,0.007999999999999952
473,3B004873F2,301-2024-12-22,2024-12-22 14:22:11.302,0.1000426597534706,0.012407243193564925,0.07500000000000007,0.007203182540744223,0.05500000000000005,0.005604040245743819,0.020000000000000018,1.2853552481559938,0.03500000000000003
474,3B004CD4DE,302-2024-12-22,2024-12-22 14:22:21.301,0.0994476367912997,0.010531284598762607,0.05900000000000005,0.006357278556363456,0.03600000000000003,0.00451044097167713,0.02300000000000002,1.4094583204354874,0.013000000000000012
475,3B0019F652,304-2024-12-22,2024-12-22 14:23:19.302,0.0905389973583477,0.00048343106773882615,0.018000000000000016,0.0002871486596803177,0.010000000000000009,0.0002362094077471264,0.008000000000000007,1.2156529344831355,0.0020000000000000018
476,3B004873F2,305-2024-12-22,2024-12-22 14:24:23.303,0.1000426597534706,0.013795926374388508,0.04899999999999993,0.005700183078476228,0.02200000000000002,0.008525240215431072,0.026999999999999913,0.668624336022654,-0.004999999999999893
477,3B00192E1E,306-2024-12-22,2024-12-22 14:24:37.300,0.1005858192823128,0.012623238531410789,0.050999999999999934,0.0049854571539843665,0.020999999999999908,0.008018432788586263,0.030000000000000027,0.6217495719463849,-0.009000000000000119
478,3B0019F652,307-2024-12-22,2024-12-22 14:26:13.302,0.0905389973583477,0.0021084187800506095,0.04999999999999999,0.001385500679122748,0.039000000000000035,0.0008246219449084098,0.010999999999999954,1.680164695685651,0.02800000000000008
479,3B00192E1E,309-2024-12-22,2024-12-22 14:28:18.302,0.1005858192823128,0.010878343768631076,0.08200000000000007,0.00435369639044672,0.05500000000000005,0.0068659544536743555,0.027000000000000024,0.6340992239056893,0.028000000000000025
480,01103F97C4,311-2024-12-22,2024-12-22 14:28:28.301,0.1618435114270357,0.025573060247299804,0.05300000000000016,0.01480675503226796,0.03300000000000014,0.011616043230348715,0.020000000000000018,1.2746814675743472,0.013000000000000123
481,3B004873F2,312-2024-12-22,2024-12-22 14:28:39.299,0.1000426597534706,0.003956307503831223,0.04800000000000004,0.0026211715079646008,0.03300000000000014,0.0014717115516924306,0.014999999999999902,1.7810361717622727,0.018000000000000238
482,3B001857EE,313-2024-12-22,2024-12-22 14:29:42.302,0.0977687392677557,0.005698056155721548,0.04599999999999982,0.003254246341306168,0.026999999999999913,0.0026353520017833674,0.018999999999999906,1.2348431401588815,0.008000000000000007
483,01103F97C4,316-2024-12-22,2024-12-22 14:30:40.299,0.1633741859577452,0.026218698279170224,0.052000000000000046,0.01573121404124619,0.03200000000000003,0.01136932904966321,0.020000000000000018,1.3836536855015373,0.01200000000000001
484,011016B2E1,320-2024-12-22,2024-12-22 14:34:02.299,0.1034056593821557,0.015467586659478704,0.04699999999999993,0.006003434030203266,0.018999999999999906,0.009971008931579472,0.028000000000000025,0.6020889231369171,-0.009000000000000119
485,3B004CD4DE,322-2024-12-22,2024-12-22 14:37:10.298,0.0987031125762391,0.0013896009106422027,0.10999999999999999,0.0004954928313924254,0.05499999999999994,0.0009421092585092469,0.05500000000000005,0.5259398810881786,-1.1102230246251565e-16
486,3B001857EE,323-2024-12-22,2024-12-22 14:37:38.301,0.0977687392677557,0.007212687637832692,0.04799999999999993,0.003554033988983673,0.02399999999999991,0.003854518813802364,0.02400000000000002,0.9220434924995808,-1.1102230246251565e-16
487,3B00186A36,325-2024-12-22,2024-12-22 14:40:02.299,0.1177048050359731,0.0006121170420404932,0.04299999999999993,0.0003143224569586302,0.013999999999999901,0.0003280583887417294,0.029000000000000026,0.9581296127321008,-0.015000000000000124
488,3B001857EE,326-2024-12-22,2024-12-22 14:40:41.300,0.0779222616828208,0.0017388883840787294,0.05600000000000005,0.0012933713196611816,0.04600000000000004,0.0005131445755879674,0.010000000000000009,2.520481324740149,0.03600000000000003
489,01103F97C4,328-2024-12-22,2024-12-22 14:42:17.299,0.159439337006261,0.024573802497670112,0.04999999999999982,0.01505762478680333,0.031999999999999806,0.010379336948296453,0.018000000000000016,1.4507308956064595,0.01399999999999979
490,3B00192E1E,329-2024-12-22,2024-12-22 14:42:21.298,0.1005858192823128,0.01088783092603859,0.06999999999999984,0.004424594185562299,0.04399999999999982,0.006828656293714832,0.026000000000000023,0.6479450707798462,0.017999999999999794
491,011016B2E1,330-2024-12-22,2024-12-22 14:43:39.299,0.0873207759803356,0.006490974036242864,0.04200000000000004,0.003303784902721379,0.02200000000000002,0.003429037307588866,0.020000000000000018,0.9634730119178673,0.0020000000000000018
492,01103F97C4,334-2024-12-22,2024-12-22 14:46:45.299,0.1604116169868989,0.026786414467372895,0.04800000000000004,0.01681619867768609,0.030000000000000027,0.010883562089671854,0.018000000000000016,1.5451006333343853,0.01200000000000001
493,3B004873F2,335-2024-12-22,2024-12-22 14:48:37.298,0.1000426597534706,0.014323940973264157,0.04899999999999999,0.005846323090878334,0.020999999999999963,0.008911530658272031,0.028000000000000025,0.6560402825356998,-0.007000000000000062
494,011016B2E1,337-2024-12-22,2024-12-22 14:48:51.298,0.1034056593821557,0.015594811681382412,0.04600000000000004,0.006627142543992451,0.020000000000000018,0.00950253942302255,0.026000000000000023,0.6974075296058599,-0.006000000000000005
495,3B004873F2,338-2024-12-22,2024-12-22 14:52:22.298,0.1000426597534706,0.012874273234495977,0.08000000000000007,0.0054294231947640504,0.05500000000000005,0.007864828141186817,0.025000000000000022,0.6903422550749775,0.030000000000000027
496,01103F9A64,339-2024-12-22,2024-12-22 14:52:35.298,0.1734381096507601,0.02897864690939492,0.05399999999999994,0.018996894232744033,0.03700000000000003,0.010977008263768477,0.016999999999999904,1.730607627894987,0.02000000000000013
497,01103F9A64,341-2024-12-22,2024-12-22 14:56:06.296,0.17343810965076,0.031034465396774773,0.05699999999999994,0.01949233142324143,0.03699999999999992,0.012486728638939562,0.020000000000000018,1.5610438880248478,0.016999999999999904
498,011016B2E1,344-2024-12-22,2024-12-22 14:57:05.297,0.1034214401718883,0.014851844017925421,0.04800000000000004,0.006779015075176989,0.022999999999999687,0.008571149450575424,0.025000000000000355,0.7909108474035392,-0.002000000000000668
499,01103F97C4,345-2024-12-22,2024-12-22 14:57:23.297,0.1652825512909186,0.02525481414166263,0.07299999999999995,0.014492041417254553,0.051000000000000156,0.011560297409791158,0.021999999999999797,1.2536045487013432,0.02900000000000036
500,3B001857EE,347-2024-12-22,2024-12-22 14:58:25.298,0.0977687392677557,0.012778722634117194,0.05400000000000005,0.008711880808200278,0.03700000000000003,0.004463698924972495,0.017000000000000015,1.9517178364026782,0.020000000000000018
501,3B00192E1E,348-2024-12-22,2024-12-22 14:59:15.296,0.1005858192823128,0.012017216353615948,0.05099999999999999,0.004916739002650111,0.022999999999999965,0.007461399099250748,0.028000000000000025,0.6589567100282621,-0.00500000000000006
502,01103F9A64,349-2024-12-22,2024-12-22 14:59:26.296,0.187916408153421,0.027669122902170273,0.04899999999999993,0.016198434196665234,0.029999999999999805,0.012443078406598035,0.019000000000000128,1.3018027908653131,0.010999999999999677
503,3B0019B8CC,350-2024-12-22,2024-12-22 14:59:40.296,0.1538416953491122,0.028097522117240707,0.05499999999999999,0.011494438469083585,0.024999999999999967,0.01736613176352198,0.030000000000000027,0.6618882446364917,-0.00500000000000006
504,011016B2E1,352-2024-12-22,2024-12-22 14:59:51.296,0.1034056593821557,0.015434269262727802,0.04699999999999993,0.006364599162754229,0.020000000000000018,0.009591511010598257,0.026999999999999913,0.6635658506487233,-0.006999999999999895
505,3B0019B8CC,353-2024-12-22,2024-12-22 15:02:30.296,0.1538416953491121,0.028436139380624614,0.08099999999999996,0.015326006911929167,0.05499999999999994,0.013879465289201282,0.026000000000000023,1.104221711181723,0.028999999999999915
506,3B0019F652,354-2024-12-22,2024-12-22 15:02:36.296,0.0905389973583477,0.01994972118534379,0.10899999999999999,0.00910832956744143,0.05499999999999994,0.011564466798943955,0.05400000000000005,0.7876134477962431,0.0009999999999998899
507,3B00199DE5,355-2024-12-22,2024-12-22 15:02:41.295,0.1123533740676661,0.013247624387883865,0.05699999999999994,0.008680032186076082,0.040999999999999925,0.0050443451026221135,0.016000000000000014,1.7207451134864056,0.02499999999999991
508,01103F9A64,360-2024-12-22,2024-12-22 15:13:31.293,0.17343810965076,0.026063252873815702,0.07000000000000006,0.017657142024836515,0.05499999999999994,0.009344853042929816,0.015000000000000124,1.8895045158784665,0.039999999999999813
509,01103F97C4,361-2024-12-22,2024-12-22 15:13:54.294,0.1694913714007045,0.024288641624898976,0.07199999999999918,0.01590876696360092,0.054999999999999716,0.009206464121123008,0.01699999999999946,1.7279996700470888,0.038000000000000256
510,01103F97C4,364-2024-12-22,2024-12-22 15:18:17.292,0.1618435114270358,0.025282140428708723,0.04800000000000004,0.015830137021210954,0.03100000000000014,0.010342435465604125,0.016999999999999904,1.5306005122156476,0.014000000000000234
511,01103F97C4,365-2024-12-22,2024-12-22 15:19:58.292,0.1686447503456519,0.026137290691563606,0.05600000000000005,0.015757287714090403,0.03600000000000003,0.011222347941599528,0.020000000000000018,1.404099017076502,0.016000000000000014
512,01103F97C4,366-2024-12-22,2024-12-22 15:20:47.292,0.1644931050895774,0.03107028847772076,0.05400000000000005,0.0214009486212328,0.03600000000000003,0.01050324130590829,0.018000000000000016,2.037556597808938,0.018000000000000016
513,01103F97C4,367-2024-12-22,2024-12-22 15:21:01.293,0.163641148180173,0.02645841403015397,0.051000000000000156,0.017447806012774354,0.03400000000000025,0.009879414662144348,0.016999999999999904,1.7660768992347642,0.017000000000000348
514,3B00199DE5,369-2024-12-22,2024-12-22 15:21:35.293,0.1031094739551505,0.01585375429721251,0.04899999999999993,0.006066668260653882,0.020000000000000018,0.010269023216887696,0.028999999999999915,0.5907736434636818,-0.008999999999999897
515,01103F97C4,370-2024-12-22,2024-12-22 15:22:08.292,0.163356767458935,0.026379779009528495,0.05099999999999971,0.015416443205202114,0.03200000000000003,0.011884149840359506,0.018999999999999684,1.2972272659207529,0.013000000000000345
516,3B0019F652,371-2024-12-22,2024-12-22 15:22:56.292,0.0905389973583477,0.0023142781440383354,0.03499999999999992,0.0015034576749132888,0.02399999999999991,0.0009259603225067401,0.01100000000000001,1.6236739721667124,0.0129999999999999
517,3B004873F2,375-2024-12-22,2024-12-22 15:40:23.292,0.1000426597534706,0.014481134863102986,0.046999999999999986,0.005841941593505743,0.020000000000000018,0.009080901838159992,0.02699999999999997,0.643321742445953,-0.006999999999999951
518,3B004873F2,376-2024-12-22,2024-12-22 15:42:10.292,0.0988056086068905,0.014031364354365165,0.051999999999999824,0.005560240680595715,0.02200000000000002,0.00887543998808382,0.029999999999999805,0.6264749339819663,-0.007999999999999785
519,3B00182A81,379-2024-12-22,2024-12-22 15:50:22.290,0.0985212965974723,0.0028217751523589196,0.07600000000000001,0.001827333194157852,0.05499999999999999,0.0010793267575443385,0.02100000000000002,1.6930305687180052,0.033999999999999975
520,3B004873F2,381-2024-12-22,2024-12-22 15:51:19.293,0.1000426597534706,0.013197409682377268,0.05600000000000005,0.0061275626529970085,0.029000000000000026,0.007433567573532352,0.027000000000000024,0.8243098071529679,0.0020000000000000018
521,011016B2E1,383-2024-12-22,2024-12-22 15:56:15.290,0.1034056593821557,0.008371838102099852,0.07599999999999985,0.004554550934845441,0.050999999999999934,0.004073027588901428,0.02499999999999991,1.1182224611628246,0.026000000000000023
522,011016B2E1,384-2024-12-22,2024-12-22 15:57:47.288,0.1028667443772133,0.003772894894562565,0.03599999999999959,0.002009339214012045,0.018999999999999684,0.0019244006095667692,0.016999999999999904,1.044137693587822,0.0019999999999997797
523,3B00186A36,387-2024-12-22,2024-12-22 15:59:01.288,0.1177048050359731,0.00072460992063097,0.03200000000000003,0.0004374999796675247,0.02300000000000002,0.0003364556574438194,0.009000000000000008,1.3003198786769619,0.014000000000000012
524,3B00186A36,388-2024-12-22,2024-12-22 16:00:23.288,0.0956899563311259,0.0027270055250983925,0.06999999999999984,0.0015970249825800044,0.05499999999999994,0.0012534474224875042,0.014999999999999902,1.2741060805012947,0.040000000000000036
525,3B0018A99B,389-2024-12-22,2024-12-22 16:00:27.288,0.0951097925836405,0.003663364889996953,0.03300000000000014,0.0020308552818353617,0.018000000000000016,0.0018000205791378465,0.015000000000000124,1.1282400353489725,0.0029999999999998916
526,3B0018A99B,392-2024-12-22,2024-12-22 16:02:13.287,0.0951097925836406,0.00383326507185634,0.03299999999999992,0.002215769964675602,0.019000000000000017,0.0017960909712718281,0.013999999999999901,1.2336624369903688,0.0050000000000001155
527,3B0018A99B,394-2024-12-22,2024-12-22 16:03:02.289,0.0951097925836406,0.004507557797701614,0.03600000000000003,0.0026127470276497617,0.02100000000000002,0.0020914597968318487,0.015000000000000013,1.2492456377156094,0.006000000000000005
528,3B004CD4DE,4-2024-12-30,2024-12-30 08:11:46.952,0.0994476367912997,0.015058781833769394,0.050000000000000044,0.00558331415520493,0.020000000000000018,0.00991557446670619,0.030000000000000027,0.5630852931367906,-0.010000000000000009
529,3B0019B8CC,5-2024-12-30,2024-12-30 08:16:21.948,0.1546928998638901,0.026212181011109226,0.05600000000000005,0.012006361109717905,0.028999999999999915,0.014925598438641878,0.027000000000000135,0.8044140514080719,0.0019999999999997797
530,3B0019B8CC,6-2024-12-30,2024-12-30 08:17:23.949,0.1559398976945933,0.023860526088654282,0.05600000000000005,0.01582953414194688,0.03699999999999992,0.00866998373567644,0.019000000000000128,1.8257859097023836,0.017999999999999794
531,3B00182A81,7-2024-12-30,2024-12-30 08:17:33.950,0.0991547467342567,0.011182778418196624,0.044999999999999984,0.00650677228445557,0.02699999999999997,0.0050982148128314855,0.018000000000000016,1.276284449230924,0.008999999999999952
532,3B00199DE5,8-2024-12-30,2024-12-30 08:17:53.950,0.1123533740676661,0.011134356402785667,0.052000000000000046,0.005489431972467524,0.027000000000000024,0.006020922337910917,0.025000000000000022,0.9117260885268611,0.0020000000000000018
533,3B00190DF0,9-2024-12-30,2024-12-30 08:17:57.950,0.1858377627654824,0.030226095752807193,0.049000000000000044,0.014259388326766771,0.02400000000000002,0.01689489582039989,0.025000000000000022,0.8440056972443208,-0.0010000000000000009
534,3B0019B8CC,10-2024-12-30,2024-12-30 08:18:51.948,0.1538416953491121,0.025951414956024516,0.050000000000000044,0.011375405116291658,0.02300000000000002,0.01532569059664641,0.027000000000000024,0.7422442104358312,-0.0040000000000000036
535,3B0019B8CC,15-2024-12-30,2024-12-30 08:20:52.948,0.1557059583986899,0.003940766987062184,0.08400000000000007,0.002483586314918093,0.05500000000000016,0.0015328061125774873,0.028999999999999915,1.6202873243647387,0.026000000000000245
536,3B004CD4DE,17-2024-12-30,2024-12-30 08:21:10.948,0.0979790878148781,0.0136273007542024,0.04600000000000004,0.005697847539724888,0.020000000000000018,0.008377645933142597,0.026000000000000023,0.6801251312357061,-0.006000000000000005
537,3B00190DF0,18-2024-12-30,2024-12-30 08:22:15.949,0.1687962978795278,0.02272772451344905,0.05300000000000016,0.014262039817302511,0.03600000000000003,0.009292744289617336,0.017000000000000126,1.5347500558298268,0.018999999999999906
538,3B004CD4DE,19-2024-12-30,2024-12-30 08:22:45.947,0.0976154985712006,0.013576680445175062,0.04400000000000004,0.00634642627423396,0.02100000000000013,0.007695827179424724,0.02299999999999991,0.8246581070845156,-0.0019999999999997797
539,3B00192E1E,21-2024-12-30,2024-12-30 08:24:17.948,0.1005858192823128,0.0028873044610797562,0.031000000000000028,0.0015759868578559262,0.017000000000000015,0.001455333130212915,0.014000000000000012,1.0829045427045008,0.0030000000000000027
540,3B00190DF0,22-2024-12-30,2024-12-30 08:24:32.946,0.1858377627654824,0.027559091762047003,0.04599999999999982,0.015082523461802562,0.02499999999999991,0.013395785069580715,0.020999999999999908,1.1259156058014181,0.0040000000000000036
541,01103F9A64,23-2024-12-30,2024-12-30 08:24:47.948,0.1686981796187518,0.02547219166477109,0.053999999999999826,0.015152269066181777,0.03399999999999981,0.011174633601113669,0.020000000000000018,1.355952204524334,0.01399999999999979
542,3B0019B8CC,24-2024-12-30,2024-12-30 08:24:53.950,0.1538416953491121,0.020141649807660165,0.05799999999999994,0.01379079497013314,0.04300000000000004,0.007048202510498955,0.014999999999999902,1.9566400014174488,0.028000000000000136
543,3B00190DF0,27-2024-12-30,2024-12-30 08:25:44.949,0.1684395087544307,0.024542696386109945,0.052999999999999936,0.016062809847644792,0.038000000000000256,0.009391373012017375,0.01499999999999968,1.7103792839545957,0.023000000000000576
544,3B00192E1E,28-2024-12-30,2024-12-30 08:26:19.949,0.0921915103794029,0.0032724501285580744,0.07799999999999996,0.0020888289361206745,0.05500000000000005,0.0012703355846648051,0.02299999999999991,1.6443127007827933,0.03200000000000014
545,3B00190DF0,30-2024-12-30,2024-12-30 08:26:48.947,0.1699587932385697,0.02327127871570291,0.05699999999999994,0.01393907834359536,0.0389999999999997,0.010174443681798194,0.018000000000000238,1.3700088947892055,0.020999999999999464
546,3B00182A81,33-2024-12-30,2024-12-30 08:42:41.946,0.0991547467342567,0.004123808880262195,0.055999999999999994,0.0026358531995903803,0.03899999999999998,0.0016183086426049837,0.017000000000000015,1.6287703903919464,0.021999999999999964
547,3B0018D520,34-2024-12-30,2024-12-30 08:42:52.946,0.1021846413898618,0.014423867950559851,0.04800000000000004,0.0057367914263337805,0.020000000000000018,0.009163698991801458,0.028000000000000025,0.6260344683371147,-0.008000000000000007
548,3B0018D520,38-2024-12-30,2024-12-30 08:46:58.945,0.1021846413898618,0.011823258334512319,0.04799999999999999,0.006935013015489708,0.02899999999999997,0.005302347637528723,0.019000000000000017,1.3079136808015712,0.009999999999999953
549,3B0018D520,40-2024-12-30,2024-12-30 08:55:22.943,0.0965338616511292,0.011790119979946903,0.05099999999999971,0.007034666712476675,0.03299999999999992,0.005186536126197005,0.017999999999999794,1.3563323461577428,0.015000000000000124
550,3B00190DF0,41-2024-12-30,2024-12-30 08:55:39.943,0.1858377627654824,0.030984148607058615,0.04899999999999993,0.016769323126861486,0.027000000000000135,0.015191760037289224,0.021999999999999797,1.1038433391325313,0.0050000000000003375
551,01103F9A64,42-2024-12-30,2024-12-30 08:55:49.945,0.17343810965076,0.02850628146888141,0.05399999999999994,0.017360944482240334,0.03299999999999992,0.012001598720585538,0.02100000000000002,1.4465526540611853,0.0119999999999999
552,01103F9A64,44-2024-12-30,2024-12-30 09:00:16.942,0.172243140423553,0.03217352435608404,0.05200000000000049,0.01517781339275734,0.0259999999999998,0.017910184809656195,0.02600000000000069,0.8474403560913727,-8.881784197001252e-16
553,3B00190DF0,45-2024-12-30,2024-12-30 09:01:56.941,0.1858377627654824,0.031332211027856334,0.049000000000000155,0.01459570015472832,0.02400000000000002,0.01769219239270247,0.025000000000000133,0.8249797329102432,-0.001000000000000112
554,3B00192E1E,46-2024-12-30,2024-12-30 09:02:07.942,0.1005858192823128,0.009179246509419781,0.05399999999999999,0.005758945423725153,0.035999999999999976,0.0037253117160832338,0.018000000000000016,1.5458962531543714,0.01799999999999996
555,01103F9A64,47-2024-12-30,2024-12-30 09:02:19.941,0.1726714738986926,0.03176784492225424,0.051999999999999824,0.014529136884928356,0.02499999999999991,0.01814022379985852,0.026999999999999913,0.8009348200567223,-0.0020000000000000018
556,3B0018D520,48-2024-12-30,2024-12-30 09:02:23.941,0.0940838217997269,0.01180050986133075,0.05899999999999994,0.006076047021126506,0.038000000000000034,0.006147452945979824,0.020999999999999908,0.9883844698803242,0.017000000000000126
557,3B004873F2,53-2024-12-30,2024-12-30 09:08:14.940,0.1000426597534706,0.010764779600527023,0.04600000000000004,0.005679437016763218,0.025000000000000133,0.005467821275273956,0.020999999999999908,1.038702022402636,0.004000000000000226
558,3B004873F2,54-2024-12-30,2024-12-30 09:09:08.940,0.1000426597534706,0.011529257439731959,0.07299999999999995,0.007081437767698446,0.05499999999999994,0.004814042588052734,0.018000000000000016,1.4709960782799942,0.03699999999999992
559,011016B2E1,55-2024-12-30,2024-12-30 09:09:49.940,0.1034056593821557,9.025082618432551e-06,0.04800000000000182,0.00040583909479411235,0.022999999999999687,-0.0003689902331135289,0.02500000000000213,-1.0998640570230107,-0.0020000000000024443
560,01103FD2E8,56-2024-12-30,2024-12-30 09:13:29.937,0.1459443602257775,0.029344430266332423,0.05699999999999994,0.012521265610380649,0.02699999999999969,0.017638639162565296,0.03000000000000025,0.7098770769660444,-0.0030000000000005578
561,3B004873F2,57-2024-12-30,2024-12-30 09:13:36.937,0.1000426597534706,0.013281261255802663,0.051000000000000156,0.005792304900203748,0.02400000000000002,0.007900307403908423,0.027000000000000135,0.7331746227163505,-0.0030000000000001137
562,011016B2E1,61-2024-12-30,2024-12-30 09:16:07.937,0.1034056593821557,0.014146680397811567,0.04700000000000004,0.005787337825233688,0.02100000000000002,0.008830149793326364,0.026000000000000023,0.6554065288459356,-0.0050000000000000044
563,3B001857EE,62-2024-12-30,2024-12-30 09:16:30.938,0.0977687392677557,0.006002907780819031,0.04400000000000004,0.002781184008065338,0.020999999999999908,0.003423641744853316,0.02300000000000013,0.8123466809125778,-0.002000000000000224
564,3B001857EE,63-2024-12-30,2024-12-30 09:17:27.939,0.0977687392677557,0.011853826919026538,0.06400000000000006,0.007843153328781322,0.04600000000000004,0.004379868802344052,0.018000000000000016,1.7907279150881787,0.028000000000000025
565,01103FD2E8,64-2024-12-30,2024-12-30 09:18:06.941,0.1459443602257775,0.029883347316663252,0.052999999999999936,0.012559225902251097,0.02400000000000002,0.01819431833476342,0.028999999999999915,0.6902828493582255,-0.004999999999999893
566,01103FD2E8,65-2024-12-30,2024-12-30 09:19:04.936,0.1459443602257775,0.0276995715594455,0.053999999999999826,0.01218874736744678,0.0259999999999998,0.016309514279284218,0.028000000000000025,0.7473396913437518,-0.002000000000000224
567,3B00192E1E,66-2024-12-30,2024-12-30 09:19:15.939,0.1005858192823128,0.003158126959810925,0.03500000000000003,0.0019027192510169893,0.02100000000000002,0.0013908414293079933,0.014000000000000012,1.3680346378261672,0.007000000000000006
568,3B004873F2,67-2024-12-30,2024-12-30 09:19:36.938,0.1000426597534706,0.014112707465848253,0.046999999999999986,0.005863493186226408,0.020000000000000018,0.008705459549263588,0.02699999999999997,0.6735420632357556,-0.006999999999999951
569,01103F9A64,70-2024-12-30,2024-12-30 09:29:23.935,0.1744321086579065,0.031862374889069275,0.051000000000000156,0.013514188234371107,0.02300000000000013,0.0192578037713293,0.028000000000000025,0.7017512689837877,-0.004999999999999893
570,3B00190DF0,71-2024-12-30,2024-12-30 09:29:31.935,0.1725912155800689,0.025670403738868884,0.06000000000000005,0.016373224473324358,0.04300000000000015,0.010208445051625586,0.016999999999999904,1.6038901508038286,0.026000000000000245
571,3B0018D520,75-2024-12-30,2024-12-30 09:30:17.935,0.1021846413898618,0.012101327175365655,0.05399999999999999,0.0076795022577463784,0.03699999999999998,0.004834409818106283,0.017000000000000015,1.5885087418498096,0.019999999999999962
572,3B001857EE,76-2024-12-30,2024-12-30 09:30:20.935,0.0977687392677557,0.013901796070247746,0.056999999999999995,0.004049625384717457,0.017000000000000015,0.01023375722545493,0.03999999999999998,0.3957124734837977,-0.022999999999999965
573,011016B2E1,77-2024-12-30,2024-12-30 09:30:33.935,0.1034056593821557,-0.0012989687882653629,0.07400000000000007,0.0005465095079094568,0.019000000000000017,-0.0017902982340318395,0.05500000000000005,-0.3052617142333267,-0.03600000000000003
574,3B00192E1E,80-2024-12-30,2024-12-30 09:31:47.934,0.1005858192823128,0.003388986044505926,0.05400000000000005,0.002156631345866786,0.037000000000000144,0.001331320144960296,0.016999999999999904,1.619919411593598,0.02000000000000024
575,01103F9A64,81-2024-12-30,2024-12-30 09:31:54.934,0.1741438957302248,0.00703886978006417,0.07499999999999996,0.004173234391086671,0.05400000000000005,0.0030588960183072695,0.020999999999999908,1.3642942964096092,0.03300000000000014
576,01103F9A64,86-2024-12-30,2024-12-30 09:34:00.934,0.1767184663475563,0.03230236458686409,0.052999999999999936,0.01281453938302973,0.02299999999999991,0.020387190574070554,0.030000000000000027,0.6285583752441054,-0.007000000000000117
577,3B001857EE,87-2024-12-30,2024-12-30 09:34:46.934,0.0977687392677557,0.0058480467972318005,0.04200000000000004,0.0029718583017029677,0.02100000000000013,0.0030761888148430824,0.020999999999999908,0.966084489795716,2.220446049250313e-16
578,3B00186448,89-2024-12-30,2024-12-30 09:42:12.933,0.1516095260475985,0.030128733521332197,0.06299999999999972,0.014870097433353824,0.036000000000000476,0.016010952215410258,0.026999999999999247,0.9287453508881014,0.00900000000000123
579,3B00186448,91-2024-12-30,2024-12-30 09:44:04.934,0.1720324744783095,0.026193457878000252,0.05500000000000005,0.015376856982936034,0.03400000000000003,0.01156143776724358,0.02100000000000002,1.3300125202855377,0.013000000000000012
580,3B001877B5,92-2024-12-30,2024-12-30 09:49:57.931,0.1606585764672204,0.023569542586663748,0.05899999999999994,0.015945933974374285,0.041999999999999926,0.008349419621932351,0.017000000000000015,1.9098254365473886,0.02499999999999991
581,3B004CD4DE,96-2024-12-30,2024-12-30 09:53:50.931,0.0994476367912997,0.000369978352671076,0.01200000000000001,0.00021064682756128175,0.005999999999999783,0.0002022303433226364,0.006000000000000227,1.0416183056427777,-4.440892098500626e-16
582,3B001877B5,100-2024-12-30,2024-12-30 09:55:47.931,0.1632102912015287,0.019061167076335074,0.06400000000000006,0.013314874037527182,0.04800000000000004,0.006326656938998114,0.016000000000000014,2.104567098533988,0.03200000000000003
583,3B00192E1E,102-2024-12-30,2024-12-30 09:56:42.931,0.0976639243558517,0.00350414367703655,0.06899999999999995,0.0021948128616022552,0.05399999999999999,0.0014474677160819752,0.014999999999999958,1.516312134092499,0.039000000000000035
584,01103F97C4,103-2024-12-30,2024-12-30 09:56:51.931,0.1476557653518743,0.02384801162460367,0.05899999999999972,0.014940808492721707,0.041999999999999815,0.009773741232423963,0.016999999999999904,1.5286683100588159,0.02499999999999991
585,011016B2E1,105-2024-12-30,2024-12-30 09:57:45.932,0.1034056593821557,0.014640138343835239,0.04500000000000004,0.0060925625973971085,0.019000000000000017,0.009063403781415324,0.026000000000000023,0.6722157309034404,-0.007000000000000006
586,011016B2E1,109-2024-12-30,2024-12-30 09:59:53.929,0.1034056593821557,-0.00032880172107278214,0.029999999999999805,-0.00044515338637753066,0.02400000000000002,0.00014957101513702852,0.005999999999999783,-2.976200876685274,0.018000000000000238
587,01103FD532,111-2024-12-30,2024-12-30 10:01:29.928,0.1676166163072031,0.026921230216974935,0.050000000000000044,0.010867398124470302,0.02200000000000002,0.01684879593961917,0.028000000000000025,0.6449955334147122,-0.006000000000000005
588,3B0018D520,113-2024-12-30,2024-12-30 10:06:23.928,0.0968490839196881,0.012485787453167163,0.05800000000000005,0.0077513188793364215,0.039000000000000146,0.005134741497449364,0.018999999999999906,1.509583078950872,0.02000000000000024
589,3B001877B5,115-2024-12-30,2024-12-30 10:06:45.928,0.1782068500941566,0.02391316372314449,0.061000000000000054,0.016036909780680488,0.04200000000000004,0.008556410084726249,0.019000000000000017,1.8742567995084083,0.02300000000000002
590,01103F97C4,118-2024-12-30,2024-12-30 10:08:29.928,0.0937837589219317,0.011846317898367697,0.050000000000000266,0.0073974297601817895,0.03200000000000003,0.004838119556255574,0.018000000000000238,1.5289886234037124,0.01399999999999979
591,3B0019B8CC,119-2024-12-30,2024-12-30 10:08:41.928,0.1578032486979221,0.025700679280318373,0.08099999999999996,0.012866258053127976,0.05499999999999994,0.013526235694683648,0.026000000000000023,0.951207589720245,0.028999999999999915
592,3B0019B8CC,122-2024-12-30,2024-12-30 10:09:25.928,0.1524010050891847,0.0253080040025284,0.04800000000000004,0.013425975144935718,0.026000000000000245,0.012675334269385745,0.021999999999999797,1.059220598021069,0.004000000000000448
593,01103FD2E8,123-2024-12-30,2024-12-30 10:09:37.927,0.1459443602257775,0.028150331768592753,0.05600000000000005,0.014840974598553451,0.030000000000000027,0.014049534650581312,0.026000000000000023,1.056332111180593,0.0040000000000000036
594,3B004873F2,124-2024-12-30,2024-12-30 10:10:13.928,0.1000426597534706,0.01405609458953503,0.049000000000000044,0.005803001871135625,0.02200000000000002,0.008699313950629473,0.027000000000000024,0.6670643115157059,-0.0050000000000000044
595,3B0019B8CC,126-2024-12-30,2024-12-30 10:11:20.927,0.1538416953491122,0.027100991857863386,0.052000000000000046,0.012087382177000167,0.02499999999999991,0.015795319599189884,0.027000000000000135,0.7652508770775432,-0.002000000000000224
596,3B0019B8CC,127-2024-12-30,2024-12-30 10:12:16.928,0.1538416953491122,0.025556176286298506,0.050999999999999934,0.01247029052149912,0.026000000000000023,0.013829588155032619,0.02499999999999991,0.9017109100939605,0.001000000000000112
597,01103FD532,128-2024-12-30,2024-12-30 10:12:26.926,0.1676166163072031,0.029020245279872698,0.06099999999999994,0.012400735419827063,0.030000000000000027,0.017376319739366507,0.030999999999999917,0.7136571843652757,-0.0009999999999998899
598,3B004873F2,129-2024-12-30,2024-12-30 10:12:33.926,0.1000426597534706,0.01395264800358249,0.04800000000000004,0.006505266117515454,0.02300000000000002,0.007888661418899474,0.025000000000000022,0.8246349757045329,-0.0020000000000000018
599,01103FD2E8,130-2024-12-30,2024-12-30 10:13:03.926,0.1459443602257775,0.011643242563808708,0.05899999999999972,0.00850364472207816,0.04299999999999993,0.003434956992928619,0.015999999999999792,2.475618978515366,0.027000000000000135
600,3B00186448,131-2024-12-30,2024-12-30 10:13:41.926,0.1605933771267244,0.026957901439578942,0.07699999999999996,0.01580341948948449,0.05500000000000016,0.01192747276194324,0.021999999999999797,1.324959595792007,0.03300000000000036
601,01103FD532,135-2024-12-30,2024-12-30 10:15:17.925,0.1676166163072031,0.027241271006605127,0.05999999999999983,0.013016270106878995,0.031999999999999806,0.014952798186275951,0.028000000000000025,0.8704905894353373,0.0039999999999997815
602,3B00186448,138-2024-12-30,2024-12-30 10:16:02.925,0.1656995091464558,0.027519466331895448,0.06000000000000005,0.01570237108941423,0.037000000000000366,0.012543247925153935,0.022999999999999687,1.2518584646585087,0.014000000000000679
603,3B0019B8CC,140-2024-12-30,2024-12-30 10:16:22.924,0.1538416953491122,0.025160390221513756,0.05600000000000005,0.016685124431761227,0.03699999999999992,0.009156531331846691,0.019000000000000128,1.8222101609295938,0.017999999999999794
604,3B0019B8CC,141-2024-12-30,2024-12-30 10:17:10.924,0.1538416953491121,0.020577726493968822,0.06800000000000006,0.01542782584990133,0.052999999999999936,0.0057296360961431635,0.015000000000000124,2.6926362496714913,0.03799999999999981
605,3B00192E1E,142-2024-12-30,2024-12-30 10:17:25.924,0.1005858192823128,0.0036642233117552252,0.032999999999999974,0.0020768187896537072,0.019000000000000017,0.001763715900823125,0.013999999999999957,1.177524559757304,0.00500000000000006
606,01103FD2E8,143-2024-12-30,2024-12-30 10:18:28.925,0.156467850608837,0.02736445148044667,0.05400000000000027,0.01191923651002376,0.027000000000000135,0.016263918660973094,0.027000000000000135,0.7328637555612698,0.0
607,3B0019F652,146-2024-12-30,2024-12-30 10:56:46.923,0.0905389973583477,0.004256275026574783,0.03799999999999998,0.002575190513286693,0.023999999999999966,0.001866177209187078,0.014000000000000012,1.3799281764931997,0.009999999999999953
608,3B004873F2,148-2024-12-30,2024-12-30 11:04:32.922,0.1000426597534706,0.01092551927167068,0.07099999999999995,0.005171689942251551,0.04999999999999993,0.00618543455367058,0.02100000000000002,0.8361077782615209,0.028999999999999915
609,3B001857EE,150-2024-12-30,2024-12-30 11:16:48.919,0.0977687392677556,0.006179880935770304,0.04400000000000004,0.0027659886251014142,0.020000000000000018,0.0036204028092843843,0.02400000000000002,0.7640002427376706,-0.0040000000000000036
610,3B004873F2,151-2024-12-30,2024-12-30 11:28:00.919,0.1000426597534706,0.012809018586894516,0.06600000000000006,0.006870406357706126,0.04300000000000015,0.006357358027264305,0.02299999999999991,1.0807015002523928,0.02000000000000024
611,3B00190DF0,152-2024-12-30,2024-12-30 11:28:08.919,0.1858377627654824,0.024161512490560692,0.04700000000000015,0.01593390326564179,0.03200000000000003,0.00916682026211069,0.015000000000000124,1.738214867318993,0.016999999999999904
612,3B00186448,153-2024-12-30,2024-12-30 11:28:16.918,0.1720324744783095,0.027158755874077817,0.05500000000000016,0.01301022188248183,0.028999999999999915,0.01488988678583034,0.026000000000000245,0.873762310594782,0.0029999999999996696
613,3B001857EE,157-2024-12-30,2024-12-30 11:32:07.917,0.0977687392677557,0.009563523222237575,0.08199999999999996,0.00478692217224369,0.05499999999999994,0.005049298632650519,0.027000000000000024,0.9480370484109988,0.027999999999999914
614,3B00186448,159-2024-12-30,2024-12-30 11:33:37.918,0.1624284777711811,0.028553469974492096,0.05600000000000005,0.012726916024198363,0.02800000000000047,0.016598776258074002,0.02799999999999958,0.7667382116803771,8.881784197001252e-16
615,3B0019F652,161-2024-12-30,2024-12-30 11:33:52.917,0.0905389973583477,0.0036074519065199774,0.03199999999999997,0.002135538586469754,0.01899999999999996,0.0016482438060877252,0.013000000000000012,1.2956448424573017,0.00599999999999995
616,01103F9A64,162-2024-12-30,2024-12-30 11:34:35.919,0.1734381096507601,0.0311223390118245,0.053999999999999826,0.018484712748827466,0.03299999999999992,0.013526065769025583,0.020999999999999908,1.3665993544964925,0.01200000000000001
617,3B00186448,165-2024-12-30,2024-12-30 11:35:01.918,0.1666179776779393,0.027685469550120065,0.05600000000000005,0.017427137337494788,0.03499999999999992,0.010999161059354607,0.02100000000000013,1.584406050920883,0.01399999999999979
618,3B0019F652,166-2024-12-30,2024-12-30 11:35:21.919,0.0905389973583477,-6.963130620215144e-05,0.040000000000000036,0.0002516719723112923,0.008000000000000007,-0.0002789110103643336,0.03200000000000003,-0.9023378890010126,-0.02400000000000002
619,3B0019B8CC,167-2024-12-30,2024-12-30 11:35:37.917,0.1538416953491121,0.027465031415342886,0.051999999999999935,0.011581965243809222,0.02399999999999991,0.01665297590526376,0.028000000000000025,0.6954892212477372,-0.004000000000000115
620,01103F97C4,168-2024-12-30,2024-12-30 11:36:42.918,0.1618435114270358,0.02370301913450843,0.05499999999999994,0.014985546363548657,0.03699999999999992,0.009490981842018652,0.018000000000000016,1.5789247743794395,0.018999999999999906
621,3B00190DF0,169-2024-12-30,2024-12-30 11:36:45.916,0.1858377627654824,0.023514208068461266,0.04799999999999999,0.01532459782814896,0.03300000000000003,0.009105216423255335,0.014999999999999958,1.6830569550229368,0.01800000000000007
622,01103F9A64,170-2024-12-30,2024-12-30 11:37:05.917,0.17343810965076,0.03327288119575658,0.052000000000000046,0.015667472354546363,0.026000000000000245,0.018560434548058915,0.0259999999999998,0.8441328415010033,4.440892098500626e-16
623,3B001877B5,171-2024-12-30,2024-12-30 11:37:25.916,0.1614634192786702,0.024674392582999843,0.05999999999999983,0.016316801767061115,0.04200000000000004,0.00908082859328645,0.017999999999999794,1.7968406296231925,0.024000000000000243
624,3B00186448,172-2024-12-30,2024-12-30 11:37:52.917,0.1720324744783095,0.02883519085043116,0.052999999999999936,0.014515264511924926,0.028999999999999915,0.015163366544924057,0.02400000000000002,0.9572586977252698,0.004999999999999893
625,01103F97C4,177-2024-12-30,2024-12-30 11:38:48.916,0.1618435114270358,0.002199983920881089,0.07500000000000018,0.0010789503368647182,0.025000000000000355,0.0012112048779319312,0.04999999999999982,0.8908074567095282,-0.024999999999999467
626,3B0019F652,180-2024-12-30,2024-12-30 11:39:19.917,0.0905389973583477,0.005318679106616322,0.038999999999999924,0.0028320853184488986,0.020000000000000018,0.0026868322838837022,0.018999999999999906,1.0540610723774835,0.001000000000000112
627,3B004873F2,181-2024-12-30,2024-12-30 11:39:23.916,0.1000426597534706,0.014332419736852975,0.045999999999999985,0.005957634349332684,0.020000000000000018,0.008838091023117823,0.025999999999999968,0.6740861045387834,-0.00599999999999995
628,3B0018C2F6,185-2024-12-30,2024-12-30 11:39:54.916,0.1576520521087552,0.022150468939737048,0.057000000000000384,0.01575539194131098,0.04300000000000015,0.007192552264762897,0.014000000000000234,2.1905147660168387,0.028999999999999915
629,3B004873F2,186-2024-12-30,2024-12-30 11:40:16.917,0.1000426597534706,0.014281963769148528,0.04699999999999993,0.006348124910833657,0.02200000000000002,0.008395253899664385,0.02499999999999991,0.7561563934459963,-0.0029999999999998916
630,3B0019B8CC,187-2024-12-30,2024-12-30 11:40:24.916,0.1538416953491121,0.02726999639720574,0.052000000000000046,0.011271683540338678,0.02400000000000002,0.016771949839312104,0.028000000000000025,0.6720556434004326,-0.0040000000000000036
631,3B00190DF0,190-2024-12-30,2024-12-30 11:41:40.915,0.1748761283945401,0.02320730289886162,0.04600000000000004,0.015168274974372238,0.030999999999999917,0.008966256138049957,0.015000000000000124,1.6917066321586411,0.015999999999999792
632,01103F9A64,192-2024-12-30,2024-12-30 11:42:08.917,0.17343810965076,0.00743344247850941,0.04399999999999982,0.003827777161523937,0.02299999999999991,0.003889299646003949,0.020999999999999908,0.9841816033528754,0.0020000000000000018
633,3B0018C2F6,193-2024-12-30,2024-12-30 11:42:35.916,0.1514174582370624,0.022572957637401102,0.05600000000000005,0.013618487262815723,0.03799999999999937,0.00980456073849235,0.018000000000000682,1.38899514481562,0.019999999999998685
634,3B004B0F76,195-2024-12-30,2024-12-30 11:44:29.915,0.0930241340811426,0.03192758200731854,0.06600000000000072,0.017804234930863277,0.04100000000000037,0.014968506414382342,0.025000000000000355,1.1894463240337896,0.016000000000000014
635,3B0018C2F6,196-2024-12-30,2024-12-30 11:45:46.915,0.157378110662557,0.029755895188651394,0.04700000000000015,0.014139244677257634,0.02300000000000013,0.016574956488818193,0.02400000000000002,0.8530486753794051,-0.0009999999999998899
636,3B0018C2F6,197-2024-12-30,2024-12-30 11:46:52.915,0.1576520521087552,0.022816990723800404,0.050000000000000044,0.013867011036952662,0.03200000000000003,0.009784725444500847,0.018000000000000016,1.4172100296126466,0.014000000000000012
637,3B0019B8CC,198-2024-12-30,2024-12-30 11:46:59.916,0.1571752458119988,0.026687207256222843,0.04899999999999993,0.012611713113221363,0.02400000000000002,0.014893207637428308,0.02499999999999991,0.8468097283171362,-0.0009999999999998899
638,3B00186448,200-2024-12-30,2024-12-30 11:48:13.914,0.1720324744783095,0.0280122867915716,0.05400000000000027,0.013566892470860863,0.028000000000000025,0.015216233532114916,0.026000000000000245,0.8916064834459195,0.0019999999999997797
639,01103F97C4,202-2024-12-30,2024-12-30 11:53:15.918,0.1618435114270358,0.02289932370488756,0.07200000000000006,0.013721468931906754,0.05300000000000005,0.01000047385844309,0.019000000000000017,1.3720818759325233,0.03400000000000003
640,3B0019F652,205-2024-12-30,2024-12-30 11:59:22.914,0.0905389973583477,0.00864466681096373,0.06,0.005114840018567868,0.03799999999999998,0.0037939128006507427,0.02200000000000002,1.3481701576511078,0.01599999999999996
641,3B001857EE,210-2024-12-30,2024-12-30 12:00:37.914,0.0977687392677556,0.00625091970761437,0.043999999999999984,0.0030376601697215456,0.021999999999999964,0.003420291355481174,0.02200000000000002,0.8881290667982293,-5.551115123125783e-17
642,01103F97C4,213-2024-12-30,2024-12-30 12:01:03.912,0.1618435114270358,5.607315267474616e-05,0.006000000000000005,3.347861385334805e-05,0.0030000000000001137,3.4039633035005014e-05,0.0029999999999998916,0.9835186477750792,2.220446049250313e-16
643,01103FD2E8,214-2024-12-30,2024-12-30 12:03:27.912,0.1527308585860836,0.00553532081346741,0.07699999999999996,0.0029405138102964797,0.05499999999999994,0.0027713426561619655,0.02200000000000002,1.061043030445322,0.03299999999999992
644,3B0018C2F6,215-2024-12-30,2024-12-30 12:03:35.913,0.1576520521087552,0.023601609445466472,0.06799999999999984,0.01603242547178669,0.052999999999999936,0.008376407679141018,0.014999999999999902,1.9139977524865144,0.038000000000000034
645,3B0019B8CC,216-2024-12-30,2024-12-30 12:03:45.913,0.1538416953491121,0.025434709320572214,0.04899999999999999,0.011443956287712076,0.02300000000000002,0.014753951152961685,0.025999999999999968,0.775653665182078,-0.002999999999999947
646,01103FD2E8,218-2024-12-30,2024-12-30 12:04:36.915,0.1459443602257775,0.006177483551289144,0.09099999999999997,0.003174632091564977,0.05500000000000005,0.003156799956069166,0.03599999999999992,1.005648801236685,0.019000000000000128
647,3B001857EE,219-2024-12-30,2024-12-30 12:04:42.911,0.0977687392677557,1.5185972828478806e-05,0.0050000000000000044,1.1168327024707506e-05,0.0030000000000000027,7.7003175792731e-06,0.0020000000000000018,1.4503722618881625,0.0010000000000000009
648,01103FD532,223-2024-12-30,2024-12-30 12:06:18.912,0.1667702398881075,0.025759686436153117,0.05400000000000027,0.011534731113288208,0.0259999999999998,0.014935869483884659,0.02800000000000047,0.7722838717714979,-0.002000000000000668
649,3B0018C2F6,224-2024-12-30,2024-12-30 12:06:29.912,0.1576520521087552,0.024558376910824863,0.07199999999999995,0.01632559349864254,0.05499999999999994,0.009066112507222567,0.017000000000000015,1.800726991379896,0.03799999999999992
650,01103F97C4,225-2024-12-30,2024-12-30 12:06:35.910,0.1575199718508067,0.003530749038482654,0.04800000000000004,0.0014438592051201884,0.020999999999999908,0.0021978478908926046,0.027000000000000135,0.6569422802657188,-0.006000000000000227
651,0700ED9568,229-2024-12-30,2024-12-30 12:07:31.912,0.1575964314210749,0.02078262295152316,0.06600000000000006,0.012013289203545517,0.04200000000000004,0.009398979626466195,0.02400000000000002,1.2781482332101026,0.018000000000000016
652,01103F97C4,230-2024-12-30,2024-12-30 12:07:43.911,0.1618435114270358,0.0043332983918743795,0.08299999999999996,0.0014104612562335609,0.040999999999999925,0.003036015515801549,0.04200000000000004,0.4645764321336744,-0.001000000000000112
653,3B00190DF0,231-2024-12-30,2024-12-30 12:07:54.911,0.1755099000599881,0.024222647724776822,0.05600000000000005,0.015236464884049344,0.040000000000000036,0.009889423242858205,0.016000000000000014,1.5406828598475228,0.02400000000000002
654,3B00186448,232-2024-12-30,2024-12-30 12:08:01.912,0.1720324744783095,0.025337859098896645,0.07399999999999984,0.01613683733742185,0.054999999999999716,0.009939401288579584,0.019000000000000128,1.623522068272175,0.03599999999999959
655,01103FD2E8,233-2024-12-30,2024-12-30 12:08:12.911,0.1459443602257775,0.008778845715341738,0.052999999999999936,0.0056877788866197205,0.040000000000000036,0.0034645339247554,0.0129999999999999,1.6417154544160752,0.027000000000000135
656,3B00192E1E,234-2024-12-30,2024-12-30 12:08:16.911,0.1005858192823128,0.002185554527957491,0.066,0.0015774963340123328,0.05499999999999999,0.0006870307918429325,0.01100000000000001,2.2961071799718935,0.043999999999999984
657,3B004873F2,236-2024-12-30,2024-12-30 12:09:10.909,0.0958996061397859,0.014385158470622108,0.05300000000000005,0.007493901146248461,0.029000000000000026,0.007316655381725451,0.02400000000000002,1.024224971011442,0.0050000000000000044
658,3B00190DF0,237-2024-12-30,2024-12-30 12:09:19.910,0.1858377627654824,0.02720854842331274,0.06700000000000017,0.015325858974777992,0.04900000000000038,0.012949392656233613,0.017999999999999794,1.1835195195351798,0.031000000000000583
659,3B001877B5,238-2024-12-30,2024-12-30 12:09:37.911,0.1629480281343632,0.02207561041058619,0.07000000000000028,0.013034935564663118,0.04500000000000037,0.009667354751659425,0.02499999999999991,1.3483456332690842,0.020000000000000462
660,3B0018D520,239-2024-12-30,2024-12-30 12:09:53.912,0.1021846413898618,0.011804085251130346,0.050000000000000044,0.007431194765342798,0.03300000000000003,0.004766582057552003,0.017000000000000015,1.5590195816662964,0.016000000000000014
661,01103F9A64,240-2024-12-30,2024-12-30 12:09:57.910,0.17343810965076,0.005105023351846235,0.07800000000000001,0.0025615026870802107,0.05400000000000005,0.0027241224673461685,0.023999999999999966,0.9403037924266373,0.030000000000000082
662,01103FD2E8,241-2024-12-30,2024-12-30 12:10:10.910,0.1550225608828028,0.0043144102133489395,0.10499999999999998,0.0013612438356079973,0.05499999999999994,0.003048458718555455,0.050000000000000044,0.44653510553458875,0.004999999999999893
663,3B00192E1E,244-2024-12-30,2024-12-30 12:10:28.910,0.1005858192823128,0.011772981635092388,0.05399999999999999,0.00549692596420357,0.02699999999999997,0.006611704091292314,0.027000000000000024,0.8313932215210721,-5.551115123125783e-17
664,3B0018D520,245-2024-12-30,2024-12-30 12:10:49.910,0.0959727523093484,0.0023703891610789636,0.1080000000000001,0.0006764489329698172,0.05500000000000005,0.00175541378623934,0.05300000000000005,0.3853501312753092,0.0020000000000000018
665,3B001877B5,248-2024-12-30,2024-12-30 12:11:25.910,0.1602042838490591,0.02238324530328348,0.07700000000000007,0.014519341730829553,0.05500000000000005,0.00847867728073693,0.02200000000000002,1.7124536351698,0.03300000000000003
666,3B00190DF0,249-2024-12-30,2024-12-30 12:11:31.909,0.1806238863294013,0.024024623370423753,0.06899999999999995,0.01531829177337844,0.04999999999999982,0.009499245823382246,0.019000000000000128,1.6125797835100448,0.030999999999999694
667,3B0019F652,251-2024-12-30,2024-12-30 12:12:23.911,0.0905389973583477,0.0025057530585351063,0.032999999999999974,0.001573678126221674,0.020999999999999963,0.0010636167592022955,0.01200000000000001,1.4795537138789734,0.008999999999999952
668,3B004CD4DE,254-2024-12-30,2024-12-30 12:12:49.908,0.1701731427370128,0.008286870430941036,0.07500000000000007,0.004026159446809681,0.05500000000000005,0.004653080334829184,0.020000000000000018,0.8652675554885907,0.03500000000000003
669,3B0018D520,258-2024-12-30,2024-12-30 12:13:38.909,0.1021846413898618,0.0007239724079334862,0.016999999999999904,0.0003476005934451019,0.006999999999999895,0.00043818664147690384,0.010000000000000009,0.7932706306917926,-0.0030000000000001137
670,01103F9A64,261-2024-12-30,2024-12-30 12:14:05.910,0.1746304733331192,0.0342296089691412,0.0519999999999996,0.01750067022001701,0.028000000000000025,0.017698210604954297,0.023999999999999577,0.9888383978840217,0.004000000000000448
671,3B001877B5,262-2024-12-30,2024-12-30 12:14:10.909,0.1635970566558373,0.019855988520752748,0.08699999999999974,0.007328384231063654,0.054999999999999716,0.013044620224812804,0.03200000000000003,0.5617936056983843,0.022999999999999687
672,3B0018D520,264-2024-12-30,2024-12-30 12:15:16.909,0.086304650173275,0.005284322646644465,0.06499999999999995,0.004346383521735686,0.05499999999999994,0.0010897145897388067,0.010000000000000009,3.988552197669913,0.04499999999999993
673,01103FD532,265-2024-12-30,2024-12-30 12:15:20.908,0.167616616307203,0.00539260573803789,0.10200000000000009,0.002728241664281742,0.05500000000000005,0.0028111014048414432,0.04700000000000004,0.9705241011878849,0.008000000000000007
674,3B00190DF0,266-2024-12-30,2024-12-30 12:15:34.908,0.174497907575017,0.03100473133133378,0.07400000000000029,0.01943802094591303,0.05400000000000027,0.012454276925968838,0.020000000000000018,1.5607506611148294,0.03400000000000025
675,3B0019F652,268-2024-12-30,2024-12-30 12:15:47.908,0.0905389973583477,0.003370111382042769,0.038999999999999924,0.0018600092833143153,0.02199999999999991,0.0016444030246563779,0.017000000000000015,1.1311152165406602,0.004999999999999893
676,3B00186448,269-2024-12-30,2024-12-30 12:16:27.909,0.1720324744783095,0.028156965325946113,0.05499999999999994,0.012692392708939742,0.026999999999999913,0.016238608473630213,0.028000000000000025,0.7816182482354229,-0.001000000000000112
677,3B0018C2F6,270-2024-12-30,2024-12-30 12:16:37.909,0.1609012704503494,0.027822913438357473,0.04800000000000004,0.01587883998391523,0.027000000000000135,0.012809313443779523,0.020999999999999908,1.2396324013467197,0.006000000000000227
678,3B004873F2,273-2024-12-30,2024-12-30 12:17:25.908,0.1000426597534706,0.012244085937474185,0.05400000000000005,0.005565089738437291,0.026000000000000023,0.007024649735284925,0.028000000000000025,0.7922230927022252,-0.0020000000000000018
679,3B0018C2F6,274-2024-12-30,2024-12-30 12:17:51.908,0.1217446457003788,0.024192258560883088,0.07299999999999951,0.016024276739702317,0.054999999999999716,0.008978083666355606,0.017999999999999794,1.7848214981278863,0.03699999999999992
680,01103FD532,276-2024-12-30,2024-12-30 12:18:05.907,0.167616616307203,0.008747276720443885,0.041999999999999926,0.0032314462340117477,0.010999999999999899,0.005938360939408473,0.031000000000000028,0.5441646722022315,-0.02000000000000013
681,3B00186448,277-2024-12-30,2024-12-30 12:18:24.907,0.1720324744783095,6.014417858469909e-05,0.030999999999998806,2.7275863868241073e-05,0.027999999999998693,4.944179791670322e-05,0.0030000000000001137,0.5516762135995524,0.02499999999999858
682,01103FA4B2,279-2024-12-30,2024-12-30 12:19:14.908,0.1070560818927257,0.013008052164834864,0.051000000000000156,0.008588171233241052,0.03400000000000003,0.004833195344625,0.017000000000000126,1.776913743573796,0.016999999999999904
683,3B00186448,280-2024-12-30,2024-12-30 12:19:29.909,0.1720324744783095,6.704306820409725e-05,0.01100000000000001,4.608095206300833e-05,0.008000000000000007,3.040139496700964e-05,0.0030000000000000027,1.515751238159088,0.0050000000000000044
684,3B004C5268,281-2024-12-30,2024-12-30 12:19:54.909,0.0869926524590599,0.0005385975592342701,0.027000000000000024,0.00031127414885254406,0.015000000000000013,0.00025878905895773956,0.01200000000000001,1.2028103124072775,0.0030000000000000027
685,3B00186448,283-2024-12-30,2024-12-30 12:20:19.907,0.1686700997965013,0.02872645114384314,0.06199999999999983,0.014165070539858184,0.0349999999999997,0.015388567773078288,0.027000000000000135,0.9204931055792882,0.007999999999999563
686,3B001877B5,284-2024-12-30,2024-12-30 12:20:24.907,0.1623070059467591,0.020360756359197967,0.07500000000000018,0.0138293821384192,0.05500000000000016,0.007073606617161469,0.020000000000000018,1.9550680277960835,0.03500000000000014
687,3B0019B8CC,286-2024-12-30,2024-12-30 12:21:35.907,0.1584888706399936,0.020334600410694265,0.07200000000000006,0.012535515765144337,0.05400000000000027,0.008467878540745667,0.017999999999999794,1.4803608371123946,0.036000000000000476
688,01103F9A64,287-2024-12-30,2024-12-30 12:21:47.907,0.1775647431885448,0.005407253122976816,0.07299999999999995,0.0037436750764614775,0.05400000000000005,0.0018366590143641393,0.018999999999999906,2.038307082143692,0.03500000000000014
689,3B004873F2,288-2024-12-30,2024-12-30 12:21:53.906,0.1000426597534706,0.014094773864586716,0.04999999999999999,0.005576089617983578,0.021999999999999964,0.00894726818915379,0.028000000000000025,0.6232169976466247,-0.006000000000000061
690,3B004873F2,291-2024-12-30,2024-12-30 12:23:48.906,0.1000426597534706,0.003484388487424196,0.052000000000000046,0.0019014065219411778,0.03100000000000014,0.0017066716036722143,0.020999999999999908,1.114102161101149,0.010000000000000231
691,3B0019B8CC,292-2024-12-30,2024-12-30 12:24:11.908,0.1538416953491122,0.023480643127766744,0.06299999999999994,0.013053967083771557,0.040999999999999925,0.011133857150855431,0.02200000000000002,1.1724568500296055,0.018999999999999906
692,3B00190DF0,296-2024-12-30,2024-12-30 12:24:53.907,0.1759534309346692,0.0262194769248672,0.05600000000000005,0.01693447525559354,0.040000000000000036,0.01023089199750803,0.016000000000000014,1.6552295987210424,0.02400000000000002
693,3B00190DF0,302-2024-12-30,2024-12-30 12:26:36.906,0.1763622826785386,0.025171047477849432,0.05399999999999938,0.016382768520063512,0.03699999999999992,0.009636590727352462,0.01699999999999946,1.700058556348432,0.020000000000000462
694,01103FD532,303-2024-12-30,2024-12-30 12:26:41.905,0.167616616307203,0.0006316544263578845,0.02100000000000002,0.0003520052530073241,0.01100000000000001,0.0003189505096025794,0.010000000000000009,1.1036359636042963,0.0010000000000000009
695,01103FD532,308-2024-12-30,2024-12-30 12:29:10.904,0.1706601754849593,0.003233474702620267,0.04899999999999993,0.001968262570417058,0.030000000000000027,0.001379220011165908,0.018999999999999906,1.4270838259903214,0.01100000000000012
696,3B00199DE5,309-2024-12-30,2024-12-30 12:29:15.906,0.1123533740676661,0.00011833766014347529,0.008000000000000007,6.770916585420678e-05,0.0040000000000000036,6.945132287889171e-05,0.0040000000000000036,0.9749154234581985,0.0
697,3B00192E1E,310-2024-12-30,2024-12-30 12:29:36.905,0.0963039583699799,0.0012681293943657766,0.06000000000000005,0.0008003241820751984,0.04200000000000004,0.0005180040022143644,0.018000000000000016,1.545015441297695,0.02400000000000002
698,3B001877B5,315-2024-12-30,2024-12-30 12:32:21.904,0.1662645648588077,0.022034080049148995,0.0680000000000005,0.014168321991694249,0.0470000000000006,0.00847740775666226,0.020999999999999908,1.6713035869437316,0.02600000000000069
699,3B001857EE,316-2024-12-30,2024-12-30 12:39:17.904,0.0977687392677557,0.0017250621702829593,0.05400000000000005,0.0007037925147172878,0.03400000000000003,0.001097786858384683,0.020000000000000018,0.6411012386802204,0.014000000000000012
700,3B0018D520,317-2024-12-30,2024-12-30 12:39:21.904,0.1021846413898618,0.003912931212142012,0.05399999999999999,0.002222657120743982,0.03300000000000003,0.00183028737229288,0.020999999999999963,1.214376034272456,0.012000000000000066
701,01103FD532,318-2024-12-30,2024-12-30 12:39:45.903,0.1709473024276437,0.022406796076762967,0.04899999999999993,0.013079371506235685,0.028000000000000025,0.010002281267299882,0.020999999999999908,1.3076388432502521,0.007000000000000117
702,3B00191394,322-2024-12-30,2024-12-30 12:40:55.903,0.0955494162184201,0.0008434561128991113,0.05900000000000016,0.000133591882867493,0.04899999999999993,0.0008347539619137941,0.010000000000000231,0.16003743493617484,0.0389999999999997
703,3B0019F652,323-2024-12-30,2024-12-30 12:41:09.903,0.0905389973583477,0.003501447716898951,0.06700000000000006,0.0025380249542410116,0.05500000000000005,0.0010891995977114848,0.01200000000000001,2.3301743404731794,0.04300000000000004
704,01103FD532,324-2024-12-30,2024-12-30 12:41:17.903,0.1723070465555111,0.003913690600301174,0.03699999999999992,0.002588847310271061,0.0259999999999998,0.0015078741535573248,0.01100000000000012,1.7168855266625147,0.01499999999999968
705,3B0018D520,325-2024-12-30,2024-12-30 12:41:22.903,0.0981915226872702,0.012378066241321541,0.04999999999999982,0.006771031390663179,0.029999999999999805,0.006048630681644884,0.020000000000000018,1.1194321073710924,0.009999999999999787
706,3B004CD4DE,332-2024-12-30,2024-12-30 12:43:20.902,0.0995943608967469,0.0148879271513642,0.04899999999999993,0.007198442245590005,0.02499999999999991,0.008161676013512741,0.02400000000000002,0.8819808864836127,0.0009999999999998899
707,3B0018D520,333-2024-12-30,2024-12-30 12:43:34.903,0.0969389241398493,0.014573147233121655,0.050000000000000044,0.007187914856772952,0.026000000000000023,0.007866329551290728,0.02400000000000002,0.9137571480962858,0.0020000000000000018
708,3B0018A99B,336-2024-12-30,2024-12-30 12:52:01.903,0.0951097925836405,0.0049377306034785245,0.038000000000000034,0.0030267935629743827,0.02300000000000013,0.0021056290955867533,0.014999999999999902,1.4374770795665408,0.00800000000000023
709,0700ED9568,337-2024-12-30,2024-12-30 12:52:52.904,0.1557668900228975,0.023853961170026583,0.07300000000000006,0.016091437756989544,0.05500000000000005,0.00841596870410597,0.018000000000000016,1.912012546950047,0.03700000000000003
710,3B0018A99B,338-2024-12-30,2024-12-30 12:53:01.903,0.0951097925836406,0.0020666503271532296,0.029999999999999805,0.0013064982583773314,0.018999999999999906,0.0008753077911148394,0.010999999999999899,1.4926158222735622,0.008000000000000007
711,3B004BF067,340-2024-12-30,2024-12-30 13:09:33.903,0.116182347348253,0.01075863598253248,0.04799999999999993,0.006758436346683771,0.031000000000000028,0.00434883687651161,0.016999999999999904,1.554079064953341,0.014000000000000123
712,3B004873F2,342-2024-12-30,2024-12-30 13:12:11.900,0.1000426597534706,0.014563158922297814,0.04899999999999999,0.006777913460844968,0.02400000000000002,0.008255685369852975,0.024999999999999967,0.8209994878917818,-0.0009999999999999454
713,3B001877B5,344-2024-12-30,2024-12-30 13:13:12.902,0.1782068500941566,0.02281043473592629,0.06500000000000017,0.01553986136985449,0.04700000000000015,0.007913756433330761,0.018000000000000016,1.9636517121508166,0.029000000000000137
714,3B0019F652,345-2024-12-30,2024-12-30 13:14:18.899,0.0905389973583477,0.012531917062087035,0.06000000000000005,0.007634530834749805,0.040000000000000036,0.005298434805988059,0.020000000000000018,1.440903042936679,0.020000000000000018
715,3B004873F2,346-2024-12-30,2024-12-30 13:14:24.899,0.0967565757841882,0.014521008700398472,0.050000000000000266,0.007241401755480365,0.027000000000000135,0.007740447209226337,0.02300000000000013,0.9355275683359576,0.0040000000000000036
716,3B0018D520,347-2024-12-30,2024-12-30 13:14:29.900,0.1021846413898618,0.011313662234929758,0.05899999999999994,0.007196373592278871,0.04300000000000004,0.00454125335184952,0.015999999999999903,1.5846668385827885,0.027000000000000135
717,3B001877B5,349-2024-12-30,2024-12-30 13:14:51.899,0.1669381412387889,0.0217090798619783,0.062000000000000055,0.014543817458592293,0.04400000000000004,0.007807155224652405,0.018000000000000016,1.8628830912273584,0.026000000000000023
718,3B00191394,351-2024-12-30,2024-12-30 13:15:03.899,0.0955494162184201,0.01044771229328853,0.050000000000000044,0.006244973334310082,0.03400000000000003,0.004624271076281601,0.016000000000000014,1.3504773468712168,0.018000000000000016
719,3B0019F652,353-2024-12-30,2024-12-30 13:15:42.899,0.0877713008989015,0.010562282317829411,0.05600000000000005,0.007350039117405811,0.040999999999999925,0.003561970001394501,0.015000000000000124,2.063475861539623,0.0259999999999998
720,3B004873F2,355-2024-12-30,2024-12-30 13:18:18.900,0.1000426597534706,0.012946555849111568,0.051000000000000045,0.007413673207881755,0.030000000000000027,0.005980505476795055,0.02100000000000002,1.2396398994445421,0.009000000000000008
721,01103FD532,356-2024-12-30,2024-12-30 13:18:26.900,0.1709965656822069,0.02339520353853228,0.07200000000000006,0.015361921070570574,0.05499999999999994,0.008756456553058232,0.017000000000000126,1.7543535992541817,0.03799999999999981
722,3B0019F652,358-2024-12-30,2024-12-30 13:18:54.898,0.0905389973583477,0.010199197207145457,0.04700000000000015,0.006579057504881154,0.03100000000000014,0.0040060260174383695,0.016000000000000014,1.6422902587857118,0.015000000000000124
723,01103FD532,360-2024-12-30,2024-12-30 13:19:59.899,0.167616616307203,0.023518571829525232,0.05600000000000005,0.015557631322058911,0.040000000000000036,0.008759966753809354,0.016000000000000014,1.7759920510307334,0.02400000000000002
724,3B001877B5,361-2024-12-30,2024-12-30 13:20:04.898,0.1671695192232512,0.024691102627707063,0.06099999999999994,0.015826425224085946,0.04200000000000026,0.009617299511893261,0.018999999999999684,1.6456204992382895,0.023000000000000576
725,3B0018D520,362-2024-12-30,2024-12-30 13:21:12.900,0.1021846413898618,0.01060339859785808,0.07100000000000006,0.00684515890594818,0.05500000000000005,0.004147190250985713,0.016000000000000014,1.6505533847455411,0.039000000000000035
726,3B0018D520,364-2024-12-30,2024-12-30 13:23:28.898,0.1021846413898618,0.008773094922384542,0.07399999999999995,0.005738587531265203,0.05499999999999994,0.0032964465335533003,0.019000000000000017,1.7408404695341664,0.03599999999999992
727,3B001877B5,365-2024-12-30,2024-12-30 13:23:33.899,0.1782068500941566,0.02299632223549335,0.061000000000000054,0.014928055318679316,0.041000000000000036,0.008714900503442735,0.020000000000000018,1.7129346815585715,0.02100000000000002
728,3B004BF067,366-2024-12-30,2024-12-30 13:24:16.898,0.116182347348253,0.010850607430801476,0.05399999999999999,0.0067768549943266875,0.03600000000000003,0.00440337614208369,0.01799999999999996,1.5390134241677254,0.01800000000000007
729,0700ED9568,367-2024-12-30,2024-12-30 13:25:08.898,0.1596885256536028,0.01492808991248034,0.07200000000000006,0.008431769621103204,0.05499999999999994,0.007077912793921707,0.017000000000000126,1.1912791053803529,0.03799999999999981
730,3B004873F2,368-2024-12-30,2024-12-30 13:25:17.899,0.1012484382530845,0.012764315587644862,0.08000000000000007,0.005129768964055879,0.05500000000000016,0.00806288923087563,0.02499999999999991,0.6362196995603258,0.03000000000000025
731,3B004873F2,369-2024-12-30,2024-12-30 13:25:50.897,0.1000426597534706,0.01432018952252998,0.049000000000000044,0.0065610786205467005,0.02400000000000002,0.0082081452396286,0.025000000000000022,0.799337539602744,-0.0010000000000000009
732,3B004CD4DE,370-2024-12-30,2024-12-30 13:25:55.898,0.0999574024237536,0.012785846208430781,0.04499999999999993,0.007663133315594997,0.028000000000000025,0.005600216183189642,0.016999999999999904,1.3683638389885167,0.01100000000000012
733,3B004873F2,371-2024-12-30,2024-12-30 13:27:21.900,0.0973845802297542,0.01300661145438324,0.07999999999999996,0.005168995849636132,0.05499999999999994,0.008297683745709314,0.025000000000000022,0.622944427390233,0.029999999999999916
734,3B00190DF0,372-2024-12-30,2024-12-30 13:27:58.899,0.1858377627654824,0.027378325402499827,0.052999999999999936,0.017486313917250727,0.03699999999999992,0.010891276778987886,0.016000000000000014,1.6055338847862526,0.020999999999999908
735,3B001877B5,373-2024-12-30,2024-12-30 13:28:10.900,0.1679652772530024,0.02280140677045103,0.07600000000000007,0.009643379657582043,0.050000000000000044,0.014296177828705733,0.026000000000000023,0.6745425087129796,0.02400000000000002
736,3B004873F2,374-2024-12-30,2024-12-30 13:28:23.897,0.1000426597534706,0.012241320872180423,0.051000000000000156,0.007272785809480336,0.03200000000000003,0.0053904506355646675,0.019000000000000128,1.3491981099866779,0.0129999999999999
737,3B004873F2,375-2024-12-30,2024-12-30 13:28:36.897,0.1000426597534706,0.014839716485483653,0.049000000000000155,0.0066281508767090875,0.02300000000000013,0.008666160336168264,0.026000000000000023,0.764831323169324,-0.0029999999999998916
738,3B004CD4DE,378-2024-12-30,2024-12-30 13:29:16.898,0.0994476367912997,0.013775547333521926,0.07599999999999996,0.007287627106029798,0.05499999999999994,0.006943062473908794,0.02100000000000002,1.0496271830213018,0.03399999999999992
739,01103F9A64,380-2024-12-30,2024-12-30 13:29:39.898,0.1788043816833048,0.033790042178319386,0.052999999999999936,0.015206565932092055,0.026000000000000023,0.019525226151553207,0.026999999999999913,0.778816379081089,-0.0009999999999998899
740,3B00190DF0,381-2024-12-30,2024-12-30 13:29:49.897,0.1858377627654824,0.025945877536382864,0.06700000000000017,0.01856789727687581,0.052000000000000046,0.008175521437747179,0.015000000000000124,2.271157554690765,0.03699999999999992
741,3B00186448,382-2024-12-30,2024-12-30 13:30:15.897,0.1720324744783095,0.02969184190409219,0.06000000000000005,0.013098951118672831,0.030000000000000027,0.01732668218334256,0.030000000000000027,0.7559988103934772,0.0
742,01103FD2E8,384-2024-12-30,2024-12-30 13:30:39.897,0.1459443602257775,0.008181879231527184,0.04600000000000004,0.005582440046239314,0.03100000000000014,0.0028582661290074583,0.014999999999999902,1.9530861698234634,0.016000000000000236
743,01103F9A64,386-2024-12-30,2024-12-30 13:30:57.896,0.17343810965076,0.03369372418627407,0.05500000000000016,0.016617492792513254,0.029000000000000137,0.017990078042222735,0.026000000000000023,0.9237032075965417,0.0030000000000001137
744,01103F97C4,387-2024-12-30,2024-12-30 13:31:07.897,0.1618435114270358,0.00962389648970358,0.04400000000000004,0.005937551321741941,0.028000000000000025,0.004034279032291934,0.016000000000000014,1.471775074112494,0.01200000000000001
745,3B0018D520,388-2024-12-30,2024-12-30 13:31:10.897,0.1021846413898617,0.011838128291612765,0.060000000000000026,0.007493899198478492,0.04200000000000001,0.0047373936052079865,0.018000000000000016,1.5818612137780108,0.023999999999999994
746,3B001877B5,389-2024-12-30,2024-12-30 13:31:23.896,0.1782068500941566,0.022784106294170464,0.056999999999999995,0.014561372468031013,0.038000000000000034,0.008917143176827985,0.01899999999999996,1.6329638516817893,0.019000000000000072
747,3B0019B8CC,390-2024-12-30,2024-12-30 13:31:26.897,0.1538416953491121,0.02834070014614075,0.05499999999999994,0.012058610367778434,0.026999999999999913,0.017064640713680232,0.028000000000000025,0.7066430855535911,-0.001000000000000112
748,01103FD2E8,392-2024-12-30,2024-12-30 13:32:03.896,0.1459443602257775,0.008896296600678798,0.04400000000000004,0.006283115231865649,0.030000000000000027,0.002917057878334581,0.014000000000000012,2.153922031692025,0.016000000000000014
749,01103F9A64,395-2024-12-30,2024-12-30 13:33:05.897,0.17343810965076,0.030488466847893157,0.054999999999999716,0.01831957136247621,0.03399999999999981,0.013130197750413698,0.020999999999999908,1.395224330258012,0.0129999999999999
750,3B00190DF0,399-2024-12-30,2024-12-30 13:34:54.898,0.1778340312092599,0.026817166546118855,0.051000000000000045,0.017456340913393764,0.03500000000000003,0.01032126743287301,0.016000000000000014,1.691298188611575,0.019000000000000017
751,01103F9A64,400-2024-12-30,2024-12-30 13:35:12.896,0.1795765852651256,0.03541515316680584,0.052000000000000046,0.014208724334749576,0.02200000000000024,0.022207255218796934,0.029999999999999805,0.6398235259044015,-0.007999999999999563
752,01103FD532,401-2024-12-30,2024-12-30 13:35:16.896,0.167616616307203,0.023547418766999267,0.07800000000000007,0.011039917706847771,0.05499999999999994,0.013348186893779498,0.02300000000000013,0.8270724552105707,0.031999999999999806
753,3B0018D520,402-2024-12-30,2024-12-30 13:35:19.896,0.1021846413898618,0.012044356916165455,0.07000000000000006,0.008137415328693392,0.05400000000000005,0.004295907975205022,0.016000000000000014,1.894224777546599,0.038000000000000034
754,3B001877B5,403-2024-12-30,2024-12-30 13:35:27.896,0.1782068500941566,0.030712235518826788,0.06400000000000006,0.019081745103662465,0.040000000000000036,0.01244449838253766,0.02400000000000002,1.5333478712519508,0.016000000000000014
755,3B0019B8CC,404-2024-12-30,2024-12-30 13:35:30.897,0.1538416953491121,0.030119909558063263,0.05600000000000005,0.013087894946475278,0.026000000000000023,0.01783184015932288,0.030000000000000027,0.7339621053990122,-0.0040000000000000036
756,01103F97C4,406-2024-12-30,2024-12-30 13:36:26.896,0.1654128459578713,0.01162432444042768,0.06199999999999983,0.00790222520034992,0.04700000000000015,0.0040876541676938055,0.01499999999999968,1.9331931900707342,0.03200000000000047
757,3B0019B8CC,407-2024-12-30,2024-12-30 13:36:28.897,0.1538416953491121,0.023505038693135524,0.07299999999999995,0.014383693662262304,0.052999999999999936,0.00980887905766699,0.020000000000000018,1.4663952504358249,0.03299999999999992
758,01103F9A64,408-2024-12-30,2024-12-30 13:36:52.896,0.1824312117005569,0.035434153769251714,0.05900000000000016,0.021780442930766312,0.03699999999999992,0.01467317936184303,0.02200000000000024,1.4843710687136706,0.01499999999999968
759,3B001877B5,410-2024-12-30,2024-12-30 13:37:13.896,0.1782068500941566,0.0246728352224764,0.06299999999999994,0.016188802808262546,0.04400000000000004,0.009222384093161493,0.018999999999999906,1.7553815417714749,0.025000000000000133
760,01103F97C4,411-2024-12-30,2024-12-30 13:37:30.896,0.1618435114270358,0.0017939272860127223,0.03600000000000003,0.0008799880441145714,0.008000000000000007,0.0010687475512247621,0.028000000000000025,0.8233825126486828,-0.020000000000000018
761,3B0018A99B,416-2024-12-30,2024-12-30 13:54:02.896,0.0951097925836406,0.004750571425943141,0.040000000000000036,0.0024645421478149267,0.02100000000000013,0.0024533503423167886,0.018999999999999906,1.0045618456137697,0.002000000000000224
762,3B0018D520,418-2024-12-30,2024-12-30 13:54:45.896,0.1021846413898618,0.011555474077400974,0.050000000000000044,0.007408821612569424,0.03400000000000003,0.004545142865179468,0.016000000000000014,1.6300525269136688,0.018000000000000016
763,01103FD2E8,419-2024-12-30,2024-12-30 13:54:56.895,0.1459443602257775,0.0015927302166452192,0.020999999999999908,0.0009646105394378559,0.0129999999999999,0.0007471177894230179,0.008000000000000007,1.2911090501309073,0.004999999999999893
764,01103FD532,420-2024-12-30,2024-12-30 13:55:52.897,0.1725713265350607,0.027814323663662512,0.05600000000000005,0.01250320061758714,0.02800000000000047,0.016091712187888765,0.02799999999999958,0.7769962867591881,8.881784197001252e-16
765,3B0018D520,422-2024-12-30,2024-12-30 14:00:02.896,0.1021846413898618,0.01064676110003668,0.05499999999999994,0.007151377613450031,0.038999999999999924,0.0038462514863038706,0.016000000000000014,1.8593109782122657,0.02299999999999991
766,3B00182A81,423-2024-12-30,2024-12-30 14:00:09.895,0.0991547467342568,0.003805023878831974,0.06200000000000003,0.0023784265233556257,0.04200000000000001,0.001547153805211066,0.020000000000000018,1.5372915836452057,0.021999999999999992
767,01103FD532,424-2024-12-30,2024-12-30 14:00:22.895,0.167616616307203,0.028664063827010575,0.05800000000000005,0.012961900150817909,0.029000000000000026,0.016447469326395615,0.029000000000000026,0.7880786942715915,0.0
768,3B0019F652,426-2024-12-30,2024-12-30 14:01:27.894,0.0905389973583477,0.004468010693357825,0.040000000000000036,0.0027108141839863294,0.025000000000000022,0.0019323754979941935,0.015000000000000013,1.4028402796455222,0.010000000000000009
769,01103FD2E8,427-2024-12-30,2024-12-30 14:01:53.894,0.1459443602257775,0.028815490088913424,0.04900000000000038,0.01341820852532184,0.02400000000000002,0.01630191931593086,0.025000000000000355,0.8231060567333967,-0.001000000000000334
770,01103FD532,428-2024-12-30,2024-12-30 14:02:05.895,0.1711230420074075,0.007922865908520196,0.047999999999999154,0.005706339814064161,0.034999999999999254,0.0024735181017390643,0.0129999999999999,2.306973136785288,0.021999999999999353
771,3B004873F2,430-2024-12-30,2024-12-30 14:02:18.894,0.0982398881801371,0.01434955727781973,0.05299999999999999,0.0065133673903411005,0.02699999999999997,0.008271839797038112,0.026000000000000023,0.7874145958041081,0.0009999999999999454
772,3B00182A81,431-2024-12-30,2024-12-30 14:02:56.896,0.0991547467342568,0.01237120475376765,0.05500000000000005,0.0075092417721382065,0.03600000000000003,0.005292566715211303,0.019000000000000017,1.4188279857778616,0.017000000000000015
773,3B004873F2,432-2024-12-30,2024-12-30 14:03:15.894,0.1000426597534706,0.013917097740281981,0.04500000000000004,0.006418035118998024,0.02100000000000002,0.007967759590854022,0.02400000000000002,0.805500598482554,-0.0030000000000000027
774,3B00190DF0,435-2024-12-30,2024-12-30 14:03:51.893,0.1769769043041692,0.02587654796397302,0.05400000000000005,0.016966397187846736,0.038000000000000034,0.009836552774195395,0.016000000000000014,1.7248316129971197,0.02200000000000002
775,3B00186448,436-2024-12-30,2024-12-30 14:04:05.893,0.1720324744783095,0.02713610844815819,0.06700000000000017,0.01814225680276513,0.04800000000000004,0.009719633476658999,0.019000000000000128,1.866557709849086,0.028999999999999915
776,3B00192E1E,438-2024-12-30,2024-12-30 14:04:36.896,0.1005858192823128,0.012357653802883539,0.05400000000000005,0.005263677323525453,0.026000000000000023,0.007470955706630262,0.028000000000000025,0.7045520720801609,-0.0020000000000000018
777,3B00190DF0,440-2024-12-30,2024-12-30 14:05:02.895,0.1858377627654824,0.023025724904177723,0.07200000000000006,0.014499771056689504,0.05500000000000005,0.009376224913635073,0.017000000000000015,1.5464401921079858,0.038000000000000034
778,3B004BF067,441-2024-12-30,2024-12-30 14:05:07.894,0.1086516294408959,0.004130533347349824,0.04600000000000004,0.002789789367724066,0.03200000000000003,0.0014835495160180527,0.014000000000000012,1.8804828134163323,0.018000000000000016
779,3B0018D520,442-2024-12-30,2024-12-30 14:05:12.894,0.0970947057377326,0.012810514004291658,0.05899999999999994,0.008427812399289447,0.04200000000000004,0.004801112857713163,0.016999999999999904,1.7553872714635022,0.025000000000000133
780,3B00192E1E,444-2024-12-30,2024-12-30 14:05:36.893,0.1005858192823128,0.0127274249275657,0.05499999999999999,0.005614480858218561,0.02899999999999997,0.007509510311400981,0.026000000000000023,0.7476493972842176,0.002999999999999947
781,3B0019F652,446-2024-12-30,2024-12-30 14:05:59.893,0.0905389973583477,0.004717654613659635,0.040999999999999925,0.002769201164351977,0.025000000000000022,0.002129967710508696,0.015999999999999903,1.3001141522894797,0.009000000000000119
782,3B00191394,448-2024-12-30,2024-12-30 14:07:14.895,0.0955494162184201,0.008649315365945372,0.10999999999999999,0.003088135906929521,0.05500000000000005,0.0057663641675691985,0.05499999999999994,0.5355429898613774,1.1102230246251565e-16
783,3B0019F652,451-2024-12-30,2024-12-30 14:07:44.892,0.0905389973583477,0.004063963300929231,0.03600000000000003,0.002405011413800191,0.02200000000000002,0.0018434757247668956,0.014000000000000012,1.3046070428208654,0.008000000000000007
784,3B00191394,452-2024-12-30,2024-12-30 14:08:53.892,0.0922328556878819,0.0032446177218934413,0.039000000000000146,0.0019563673592729977,0.02400000000000002,0.0014235649778438985,0.015000000000000124,1.3742733136327014,0.008999999999999897
785,3B00190DF0,453-2024-12-30,2024-12-30 14:10:05.893,0.1807569984043656,0.032591534643798034,0.05899999999999994,0.017856014612764596,0.03599999999999981,0.01568144534925196,0.02300000000000013,1.1386714818105952,0.012999999999999678
786,01103FD532,456-2024-12-30,2024-12-30 14:10:38.893,0.1676166163072031,0.029621294165598167,0.052999999999999936,0.012742526134539621,0.02499999999999991,0.017718735165793222,0.028000000000000025,0.7191555161984482,-0.0030000000000001137
787,3B00191394,458-2024-12-30,2024-12-30 14:11:50.891,0.0955494162184201,0.0127806118949942,0.05499999999999994,0.00767474548004728,0.03499999999999992,0.005505013503507433,0.020000000000000018,1.3941374485562,0.014999999999999902
788,3B0019F652,460-2024-12-30,2024-12-30 14:14:14.891,0.0905389973583477,0.0035907448094550593,0.03999999999999998,0.002202246390667794,0.026000000000000023,0.0015403625123081423,0.013999999999999957,1.429693577369562,0.012000000000000066
789,01103FD2E8,461-2024-12-30,2024-12-30 14:14:30.891,0.1459443602257775,0.030932475895401348,0.05299999999999999,0.01371102128265623,0.024999999999999967,0.018166265475496154,0.028000000000000025,0.7547517843527363,-0.003000000000000058
790,01103FD532,462-2024-12-30,2024-12-30 14:14:55.893,0.1676166163072031,0.028922977057905874,0.05300000000000016,0.012158804732360985,0.02400000000000002,0.017571873046246054,0.029000000000000137,0.6919469939465853,-0.0050000000000001155
791,0700ED9568,463-2024-12-30,2024-12-30 14:16:08.892,0.1604751081224612,0.024337358584484596,0.06699999999999995,0.015780286772894687,0.04799999999999982,0.009267851167053224,0.019000000000000128,1.7026910001525344,0.028999999999999693
792,3B004873F2,464-2024-12-30,2024-12-30 14:17:25.892,0.1006303318616337,0.013517939963277579,0.052000000000000046,0.006282393559520653,0.026000000000000023,0.007648712973433825,0.026000000000000023,0.8213661018973006,0.0
793,3B001857EE,465-2024-12-30,2024-12-30 14:23:43.891,0.0977687392677557,0.005238771085387257,0.04300000000000004,0.0027522447804249283,0.02300000000000002,0.002665069557621179,0.020000000000000018,1.0327102992694723,0.0030000000000000027
794,3B004C0894,467-2024-12-30,2024-12-30 14:24:24.890,0.1067658805452534,0.012768180466740076,0.04800000000000004,0.007714875785809518,0.030000000000000027,0.005484118472216135,0.018000000000000016,1.4067667985100862,0.01200000000000001
795,3B004873F2,469-2024-12-30,2024-12-30 14:26:10.890,0.1000426597534706,0.014382569371433774,0.04799999999999993,0.006487476933397699,0.02299999999999991,0.008351020496442393,0.025000000000000022,0.7768484026786212,-0.002000000000000113
796,3B0019B8CC,473-2024-12-30,2024-12-30 14:31:00.889,0.1538416953491121,0.029136521379417947,0.07099999999999995,0.015849157298228375,0.04599999999999982,0.014023308939216281,0.025000000000000133,1.1302009651877594,0.020999999999999686
797,01103F97C4,474-2024-12-30,2024-12-30 14:31:12.890,0.1618435114270358,0.012362595798810693,0.08099999999999996,0.005367748512500553,0.054999999999999716,0.00747143621568267,0.026000000000000245,0.7184359683394684,0.02899999999999947
798,01103FD532,475-2024-12-30,2024-12-30 14:31:16.889,0.1736785019282978,0.02186039207688008,0.05699999999999994,0.016812021086208995,0.04300000000000015,0.00563701057247638,0.01399999999999979,2.982435613709227,0.02900000000000036
799,3B001857EE,477-2024-12-30,2024-12-30 14:31:34.890,0.0977687392677557,0.013845832329208396,0.063,0.009241268568752634,0.045999999999999985,0.005031425307811776,0.017000000000000015,1.836709879088271,0.02899999999999997
800,3B00186448,479-2024-12-30,2024-12-30 14:32:14.888,0.1720324744783095,9.671646831635667e-05,0.01200000000000001,5.4462428204834324e-05,0.006000000000000227,5.230644101765944e-05,0.005999999999999783,1.0412183881225447,4.440892098500626e-16
801,3B004B0F76,481-2024-12-30,2024-12-30 14:36:10.890,0.1632701478120788,0.02538430198912673,0.05600000000000005,0.017983167607906657,0.040999999999999925,0.008221248719539798,0.015000000000000124,2.1874009924021984,0.0259999999999998
802,01103F9A64,484-2024-12-30,2024-12-30 14:36:24.890,0.17343810965076,0.018988960367237753,0.07000000000000006,0.013483792478685317,0.05499999999999994,0.006137516593563734,0.015000000000000124,2.1969459916125436,0.039999999999999813
803,3B0018A99B,485-2024-12-30,2024-12-30 14:36:31.889,0.1622017208283497,6.382190606545687e-05,0.05899999999999994,3.777155319828043e-05,0.05499999999999994,3.596842020591096e-05,0.0040000000000000036,1.050131003309207,0.050999999999999934
804,3B001877B5,486-2024-12-30,2024-12-30 14:36:36.888,0.1703289761377389,0.022896473164005973,0.07299999999999995,0.015670773669541564,0.05500000000000016,0.007886931733545134,0.017999999999999794,1.9869290364071193,0.037000000000000366
805,01103F9A64,487-2024-12-30,2024-12-30 14:37:28.888,0.1817584408918406,0.03606032827729631,0.055000000000000604,0.015502798726307826,0.02600000000000069,0.021544397664255307,0.028999999999999915,0.7195744790780944,-0.0029999999999992255
806,3B001877B5,489-2024-12-30,2024-12-30 14:38:03.888,0.1693897630498318,0.025837148715228537,0.06099999999999972,0.017731539632086984,0.04399999999999982,0.008881622177559596,0.016999999999999904,1.996430300411527,0.026999999999999913
807,3B0018A99B,490-2024-12-30,2024-12-30 14:38:28.889,0.1063625501178201,0.002478769585958672,0.039000000000000146,0.0010389198051736143,0.015000000000000124,0.0015554696179288635,0.02400000000000002,0.667913916928159,-0.008999999999999897
808,3B004BF067,492-2024-12-30,2024-12-30 14:38:57.889,0.116182347348253,0.004599694602557668,0.04099999999999998,0.00198287869601669,0.018000000000000016,0.0027760477309372845,0.022999999999999965,0.7142811969400849,-0.004999999999999949
809,3B00192E1E,493-2024-12-30,2024-12-30 14:39:04.888,0.1005858192823128,0.0022119147867723896,0.07599999999999998,0.001543177279365898,0.05400000000000002,0.000733925873109917,0.021999999999999964,2.102633707171109,0.032000000000000056
810,01103FD532,494-2024-12-30,2024-12-30 14:39:14.889,0.167616616307203,0.007641054419808796,0.04699999999999993,0.004956119554865163,0.03299999999999992,0.0029671967844784454,0.014000000000000012,1.670303628256431,0.018999999999999906
811,3B001877B5,495-2024-12-30,2024-12-30 14:39:19.889,0.1686569105903054,0.02376145750700771,0.06800000000000006,0.016644699608821537,0.04999999999999982,0.007770953585605671,0.018000000000000238,2.1419121122603184,0.031999999999999584
812,01103F97C4,496-2024-12-30,2024-12-30 14:39:24.889,0.1649317431768846,0.004911473723649037,0.07700000000000001,0.002821778688704993,0.04299999999999998,0.0022164955201961307,0.03400000000000003,1.2730811603243406,0.008999999999999952
813,3B0019B8CC,497-2024-12-30,2024-12-30 14:39:31.888,0.1538416953491121,0.00646043171954292,0.08999999999999986,0.0031325996500880648,0.05400000000000005,0.003509935346996413,0.03599999999999981,0.8924949722417967,0.018000000000000238
814,0700ED9568,500-2024-12-30,2024-12-30 14:39:49.888,0.1557668900228975,0.02626870814666865,0.04999999999999993,0.01284823778502876,0.026000000000000023,0.014218054428706222,0.02399999999999991,0.9036565339831724,0.002000000000000113
815,3B00192E1E,501-2024-12-30,2024-12-30 14:40:10.889,0.1005858192823128,0.0034331705521300905,0.032999999999999974,0.0019649712349472954,0.018000000000000016,0.0016339291222115632,0.014999999999999958,1.202604940591094,0.003000000000000058
816,3B001877B5,504-2024-12-30,2024-12-30 14:40:56.888,0.1715336780463753,0.022402092272434806,0.06500000000000039,0.015973167702473038,0.04800000000000004,0.007070393602529637,0.017000000000000348,2.259162445603902,0.030999999999999694
817,01103FD532,505-2024-12-30,2024-12-30 14:41:03.888,0.1755600418252376,0.027679577629830525,0.05899999999999972,0.012411011273177926,0.029999999999999805,0.0160083946908999,0.028999999999999915,0.775281439071031,0.0009999999999998899
818,01103F9A64,507-2024-12-30,2024-12-30 14:41:36.889,0.17343810965076,0.03113067189965976,0.06099999999999994,0.018311842916514904,0.039999999999999813,0.013793775496181764,0.02100000000000013,1.3275439288963184,0.018999999999999684
819,01103F9A64,510-2024-12-30,2024-12-30 14:42:35.888,0.1809081052479175,0.028329059074024592,0.07599999999999996,0.01738109716884834,0.05499999999999994,0.011805858588257955,0.02100000000000002,1.472243381445843,0.03399999999999992
820,3B00190DF0,511-2024-12-30,2024-12-30 14:42:46.889,0.1825235225609189,0.024925025144249727,0.052000000000000046,0.015426383969931188,0.03500000000000014,0.010436895292213885,0.016999999999999904,1.4780625404414618,0.018000000000000238
821,01103F97C4,512-2024-12-30,2024-12-30 14:43:05.888,0.1618435114270358,0.002919623001546385,0.040999999999999925,0.0017582206166342075,0.026000000000000023,0.0012775143796743737,0.014999999999999902,1.3762824470769255,0.01100000000000012
822,3B0019B8CC,514-2024-12-30,2024-12-30 14:44:32.888,0.1538416953491121,0.03039159614809901,0.05599999999999994,0.012024100517778866,0.02399999999999991,0.01916585661069795,0.03200000000000003,0.6273708899119742,-0.008000000000000118
823,3B001857EE,515-2024-12-30,2024-12-30 14:44:55.888,0.0977687392677557,0.0040879950311056845,0.04299999999999998,0.002598720334711312,0.029000000000000026,0.001650478410111176,0.013999999999999957,1.574525494420895,0.015000000000000069
824,3B00190DF0,516-2024-12-30,2024-12-30 14:46:46.888,0.1791350975401886,0.025150782573308876,0.06000000000000005,0.015514742235268478,0.04400000000000004,0.010596268892865577,0.016000000000000014,1.464170302974709,0.028000000000000025
825,3B0019B8CC,517-2024-12-30,2024-12-30 14:47:06.887,0.1538416953491121,0.027759385103875586,0.051000000000000156,0.013585085218150108,0.026000000000000245,0.014981850701722952,0.02499999999999991,0.9067694965474317,0.001000000000000334
826,3B001877B5,518-2024-12-30,2024-12-30 14:47:17.887,0.1782068500941566,0.025088032400715096,0.06499999999999995,0.01702801114655461,0.04699999999999993,0.008800115038081988,0.018000000000000016,1.9349759716625157,0.028999999999999915
827,3B001877B5,519-2024-12-30,2024-12-30 14:51:41.887,0.1745259086680745,0.02300862055781647,0.06000000000000005,0.016113633381149708,0.04400000000000004,0.007584230546368866,0.016000000000000014,2.124623359302349,0.028000000000000025
828,3B0019B8CC,521-2024-12-30,2024-12-30 14:52:30.888,0.1538416953491121,0.004731189727193186,0.10999999999999988,0.0018675805851256168,0.054999999999999716,0.0029424931965636373,0.05500000000000016,0.6346932551302592,-4.440892098500626e-16
829,01103FD532,524-2024-12-30,2024-12-30 14:53:27.887,0.176361317674939,0.028731188542048362,0.052999999999999936,0.01144252732186772,0.02300000000000013,0.018131524955634682,0.029999999999999805,0.6310846633069194,-0.006999999999999673
830,3B0019B8CC,526-2024-12-30,2024-12-30 14:53:55.888,0.1538416953491121,0.027433896285397528,0.05600000000000005,0.012729299880637143,0.028999999999999915,0.015468397708509074,0.027000000000000135,0.822922976284404,0.0019999999999997797
831,3B00186448,530-2024-12-30,2024-12-30 14:55:11.887,0.1720324744783095,0.02811449092665665,0.053000000000000824,0.016181788162961265,0.03200000000000003,0.01278559637655742,0.021000000000000796,1.2656263881934215,0.010999999999999233
832,3B001877B5,531-2024-12-30,2024-12-30 14:55:55.886,0.1748428719093422,0.029132498235015233,0.0600000000000005,0.01362403552604103,0.03200000000000003,0.016259493597481148,0.02800000000000047,0.8379126597246306,0.0039999999999995595
833,01103FD532,532-2024-12-30,2024-12-30 14:56:08.886,0.1816160330883492,0.02826039633536338,0.05600000000000005,0.012031981267878014,0.0259999999999998,0.016998034009284433,0.03000000000000025,0.7078454638522355,-0.004000000000000448
834,3B00182A81,533-2024-12-30,2024-12-30 14:56:21.886,0.0991547467342567,0.004298891351986762,0.063,0.0025139074534654914,0.03799999999999998,0.0019092299757497745,0.025000000000000022,1.3167127508975203,0.012999999999999956
835,3B00192E1E,534-2024-12-30,2024-12-30 14:56:29.887,0.1009467005279147,0.012331127450760173,0.06399999999999961,0.005331224622027016,0.03600000000000003,0.007375611617602274,0.02799999999999958,0.7228179706892071,0.008000000000000451
836,01103F9A64,535-2024-12-30,2024-12-30 14:56:59.887,0.1734381096507601,0.03492214436911866,0.052999999999999936,0.014555486770550182,0.02400000000000002,0.021342821395988053,0.028999999999999915,0.6819851274811431,-0.004999999999999893
837,3B00192E1E,536-2024-12-30,2024-12-30 14:57:16.885,0.1005858192823128,0.001733259824886473,0.025000000000000355,0.0010124205084768463,0.014000000000000234,0.0008286889994758417,0.01100000000000012,1.2217134644205698,0.0030000000000001137
838,01103FD532,537-2024-12-30,2024-12-30 14:57:31.885,0.1788542392215467,0.02801622493330415,0.05799999999999983,0.013471367361588054,0.030999999999999694,0.015314955690948165,0.027000000000000135,0.8796217000843329,0.0039999999999995595
839,01103F9A64,538-2024-12-30,2024-12-30 14:58:02.889,0.1820397664761779,0.005387272262577464,0.07499999999999996,0.0027100526455247765,0.04899999999999993,0.0028958251077146387,0.026000000000000023,0.9358481761571326,0.02299999999999991
840,3B004873F2,541-2024-12-30,2024-12-30 15:01:19.886,0.0978331684949609,0.014550868877708156,0.050000000000000044,0.006586797926420257,0.02400000000000002,0.008411160556851123,0.026000000000000023,0.7831021512310958,-0.0020000000000000018
841,3B004873F2,543-2024-12-30,2024-12-30 15:02:13.886,0.1000426597534706,0.014657107583710683,0.052999999999999936,0.006592289773227577,0.026000000000000023,0.008485117638505991,0.026999999999999913,0.7769237922302168,-0.0009999999999998899
842,3B004CD4DE,546-2024-12-30,2024-12-30 15:03:54.885,0.1008409376936862,0.01311519423978777,0.04800000000000004,0.005816433895267079,0.02300000000000013,0.007723788106195443,0.02499999999999991,0.7530545653630208,-0.0019999999999997797
843,3B004873F2,549-2024-12-30,2024-12-30 15:04:46.884,0.0975596284761052,0.013815082098558024,0.05300000000000016,0.006459902967475829,0.027000000000000135,0.007775425307423548,0.026000000000000023,0.8308102402203348,0.001000000000000112
844,3B0019F652,552-2024-12-30,2024-12-30 15:05:20.884,0.0907325610904745,0.003514005209711923,0.03400000000000003,0.0020350763791813224,0.020000000000000018,0.0016456929494712772,0.014000000000000012,1.2366075821344102,0.006000000000000005
845,3B00190DF0,553-2024-12-30,2024-12-30 15:05:57.887,0.1858377627654824,0.027099404902216618,0.07100000000000006,0.018560213347103418,0.05500000000000005,0.009411672839674598,0.016000000000000014,1.9720419168060588,0.039000000000000035
846,3B0019F652,554-2024-12-30,2024-12-30 15:06:04.885,0.0905389973583477,0.0031678405119552667,0.03100000000000014,0.001930118136779739,0.019000000000000128,0.001415453080658462,0.01200000000000001,1.3636044621711214,0.007000000000000117
847,3B00191394,555-2024-12-30,2024-12-30 15:06:08.885,0.0925076465863743,0.009887661068033902,0.04699999999999993,0.006623509023543736,0.03200000000000003,0.003622971127182735,0.014999999999999902,1.8281981255241895,0.017000000000000126
848,3B004CD4DE,559-2024-12-30,2024-12-30 15:23:34.884,0.0994476367912997,3.71161905538063e-05,0.008000000000000007,2.4944855552741896e-05,0.004999999999999893,1.7884074566289904e-05,0.0030000000000001137,1.3948082949598644,0.0019999999999997797
849,3B00186448,564-2024-12-30,2024-12-30 15:26:14.884,0.1674232619183863,0.004751356355543291,0.0950000000000002,0.003135438103631758,0.05500000000000016,0.0017546864321236933,0.040000000000000036,1.786893684381513,0.015000000000000124
850,3B0019B8CC,574-2024-12-30,2024-12-30 15:35:09.886,0.1538416953491121,0.007046642591256897,0.08099999999999996,0.003777635682424589,0.05499999999999994,0.0034285857445560033,0.026000000000000023,1.1018058067886494,0.028999999999999915
851,3B0018A99B,575-2024-12-30,2024-12-30 15:35:15.884,0.0951097925836406,0.013255720225925895,0.052999999999999936,0.005903478152003048,0.027000000000000135,0.007746483829949658,0.0259999999999998,0.7620848738080195,0.001000000000000334
852,3B00186448,576-2024-12-30,2024-12-30 15:35:55.883,0.1720324744783095,0.025448679980660045,0.07500000000000018,0.015326764973771542,0.052999999999999936,0.010796833777815939,0.02200000000000024,1.4195610758834847,0.030999999999999694
853,3B00190DF0,577-2024-12-30,2024-12-30 15:35:58.884,0.1858377627654824,0.02689614270772748,0.052000000000000046,0.017196364286047854,0.03600000000000003,0.0106804286667771,0.016000000000000014,1.6100818443307845,0.020000000000000018
854,3B00191394,578-2024-12-30,2024-12-30 15:36:12.884,0.0913183515271847,0.012862991637927578,0.07600000000000007,0.007170221745669425,0.05499999999999994,0.006102270148887513,0.02100000000000013,1.1750089017243208,0.03399999999999981
855,3B0019B8CC,580-2024-12-30,2024-12-30 15:36:24.885,0.1538416953491121,0.028120209248295287,0.053999999999999826,0.012631527662479497,0.026999999999999913,0.016265461838844957,0.026999999999999913,0.7765858595120276,0.0
856,3B0018A99B,581-2024-12-30,2024-12-30 15:36:55.884,0.0951097925836406,0.0004485431635903156,0.02699999999999997,0.0002354056320446714,0.013999999999999957,0.0002358277175021419,0.013000000000000012,0.9982101957227879,0.0009999999999999454
857,3B00191394,582-2024-12-30,2024-12-30 15:37:04.884,0.0928304036334207,0.003983851002798698,0.057999999999999996,0.0021933694794763156,0.03500000000000003,0.0019280042044159248,0.022999999999999965,1.137637290651439,0.012000000000000066
858,3B00186448,584-2024-12-30,2024-12-30 15:37:40.884,0.1740467396129491,0.0203472121537773,0.05699999999999994,0.013777970183198247,0.040000000000000036,0.0071952304178783625,0.016999999999999904,1.9148754637465688,0.02300000000000013
859,3B0018D520,585-2024-12-30,2024-12-30 15:37:53.884,0.1021846413898618,0.011010184280911363,0.053999999999999826,0.006456313074807301,0.03599999999999981,0.004952852714628415,0.018000000000000016,1.3035544254603746,0.017999999999999794
860,3B00182A81,587-2024-12-30,2024-12-30 15:38:49.885,0.0998873923685058,0.004126918281801303,0.05800000000000005,0.0026838699493643347,0.040000000000000036,0.0015724401641841277,0.018000000000000016,1.7068184917273979,0.02200000000000002
861,3B00192E1E,591-2024-12-30,2024-12-30 15:39:14.884,0.1005858192823128,0.0006778797381013355,0.028000000000000025,0.0004139138735647063,0.018000000000000016,0.0003035288876242435,0.010000000000000009,1.3636720933037352,0.008000000000000007
862,3B0018D520,592-2024-12-30,2024-12-30 15:39:47.884,0.0981425089369807,0.01265099206077789,0.051999999999999935,0.007699862729495042,0.03299999999999992,0.005355331263154955,0.019000000000000017,1.4377939199523704,0.013999999999999901
863,01103F9A64,598-2024-12-30,2024-12-30 15:41:15.884,0.1734381096507601,0.027043308962796806,0.06299999999999994,0.014490134739795314,0.03699999999999992,0.013401166458658114,0.026000000000000023,1.0812592160911223,0.010999999999999899
864,3B00186A36,599-2024-12-30,2024-12-30 15:41:25.884,0.0979317397787424,0.0066106812398116915,0.040999999999999925,0.005139842983484943,0.030000000000000027,0.001681292132811302,0.010999999999999899,3.057079066259931,0.019000000000000128
865,3B00192E1E,601-2024-12-30,2024-12-30 15:41:45.883,0.1005858192823128,0.0034209483724414766,0.07600000000000007,0.0021574153310088876,0.054999999999999716,0.0013658540727160605,0.02100000000000035,1.5795357455125296,0.033999999999999364
866,01103F9A64,602-2024-12-30,2024-12-30 15:42:40.883,0.1866093583916071,0.027605502222611954,0.05500000000000016,0.01660167529413923,0.03600000000000003,0.01192383997532008,0.019000000000000128,1.3923094681328596,0.016999999999999904
867,3B00190DF0,603-2024-12-30,2024-12-30 15:44:34.883,0.1809127353562951,0.027366311082224187,0.06199999999999983,0.017480346864511206,0.04499999999999993,0.010844783638677979,0.016999999999999904,1.6118668151356617,0.028000000000000025
868,01103F9A64,605-2024-12-30,2024-12-30 15:44:59.884,0.17343810965076,0.028634900808805267,0.05299999999999999,0.01757048173264036,0.034999999999999976,0.01202654788093801,0.018000000000000016,1.4609746626036757,0.01699999999999996
869,3B0019F652,606-2024-12-30,2024-12-30 15:48:18.883,0.0905389973583477,0.003571180879287751,0.03400000000000003,0.0020949446644117397,0.02100000000000002,0.001647769545842123,0.013000000000000012,1.271382075058973,0.008000000000000007
870,3B0019F652,607-2024-12-30,2024-12-30 15:50:05.883,0.0905389973583477,1.1613917961373246e-05,0.006000000000000005,7.909715114501046e-06,0.0029999999999998916,6.2321670872285125e-06,0.0030000000000001137,1.269175714288904,-2.220446049250313e-16
871,3B0018D520,608-2024-12-30,2024-12-30 15:50:10.885,0.1021846413898618,0.004063831559919769,0.03500000000000014,0.002423390930021953,0.02200000000000024,0.0018449135137256292,0.0129999999999999,1.3135525931121526,0.009000000000000341
872,3B00190DF0,609-2024-12-30,2024-12-30 15:50:19.883,0.1815695098022323,0.026438691846239384,0.052999999999999936,0.016575500467737796,0.03599999999999959,0.010823961978911356,0.017000000000000348,1.531370906515778,0.01899999999999924
873,3B0019B8CC,610-2024-12-30,2024-12-30 15:50:34.883,0.1538416953491121,0.027774743460130733,0.052000000000000046,0.01172854365582396,0.02400000000000002,0.01685206088596284,0.028000000000000025,0.695970880665012,-0.0040000000000000036
874,3B00182A81,613-2024-12-30,2024-12-30 15:51:17.883,0.0989676732594143,0.004354895101386581,0.055999999999999994,0.0021227055787226947,0.030999999999999972,0.0023541364059883564,0.025000000000000022,0.901691836260228,0.00599999999999995
875,3B00190DF0,615-2024-12-30,2024-12-30 15:51:35.884,0.1830048244989053,0.022215246056855164,0.05099999999999971,0.01408071122973032,0.0349999999999997,0.008976220922752007,0.016000000000000014,1.5686680787947158,0.018999999999999684
876,3B0019B8CC,616-2024-12-30,2024-12-30 15:51:43.883,0.1631602356249758,0.027991620505432295,0.08699999999999974,0.009373920305022525,0.054999999999999716,0.019377726377114934,0.03200000000000003,0.4837471704674864,0.022999999999999687
877,3B004CD4DE,621-2024-12-30,2024-12-30 15:52:22.883,0.0994476367912997,0.0038207521273118665,0.05400000000000005,0.0022660953461717355,0.03400000000000003,0.001676308151423664,0.020000000000000018,1.3518369783307287,0.014000000000000012
878,3B0019B8CC,623-2024-12-30,2024-12-30 15:53:03.883,0.1662040965160216,0.0051603037246076774,0.10000000000000009,0.0015821949990793734,0.05499999999999994,0.0036828032489860337,0.04500000000000015,0.42961703140535423,0.009999999999999787
879,01103FA4B2,624-2024-12-30,2024-12-30 15:53:11.884,0.100804472277342,0.011358433552795076,0.06499999999999995,0.006387075260837582,0.04499999999999993,0.0053798676887855746,0.020000000000000018,1.1872179076358234,0.02499999999999991
880,01103F9A64,631-2024-12-30,2024-12-30 15:54:19.883,0.17343810965076,0.02906302487637643,0.05400000000000005,0.017547229952689147,0.03500000000000014,0.012462502658719796,0.018999999999999906,1.4080021030456236,0.016000000000000236
881,3B001877B5,632-2024-12-30,2024-12-30 15:54:27.883,0.1727423593856938,0.024215122419221326,0.05600000000000005,0.0158057427415843,0.03699999999999992,0.009080284361961994,0.019000000000000128,1.7406660531244775,0.017999999999999794
882,3B004CD4DE,634-2024-12-30,2024-12-30 15:57:10.883,0.0994476367912997,0.003272290716975674,0.07399999999999995,0.0015234828076887605,0.05099999999999999,0.0018731393138070448,0.022999999999999965,0.8133312863912785,0.028000000000000025
883,3B00191394,635-2024-12-30,2024-12-30 15:57:41.882,0.0955494162184201,0.0032383248085578824,0.06499999999999995,0.0026403750001903446,0.05499999999999994,0.0006879629460825155,0.010000000000000009,3.8379610634925876,0.04499999999999993
884,3B0018D520,636-2024-12-30,2024-12-30 15:57:49.881,0.1007947895705848,0.0016289663504427613,0.07200000000000006,0.00044285538274276335,0.016999999999999904,0.0012301283880382181,0.05500000000000016,0.3600074488558218,-0.038000000000000256
885,3B004CD4DE,639-2024-12-30,2024-12-30 15:59:05.881,0.0994476367912997,0.014141557440815905,0.08400000000000007,0.009887946620142661,0.05500000000000005,0.004589018435616605,0.029000000000000026,2.154697515137366,0.026000000000000023
886,3B0018D520,641-2024-12-30,2024-12-30 15:59:30.882,0.101134022296378,0.015149740303285347,0.04699999999999993,0.006358037450723641,0.020000000000000018,0.009304741592311245,0.026999999999999913,0.6833115554737658,-0.006999999999999895
887,3B004CD4DE,642-2024-12-30,2024-12-30 15:59:51.884,0.1000085836526818,0.003748664818390526,0.061000000000000165,0.0021181442321704953,0.03600000000000003,0.0017526750536975603,0.025000000000000133,1.2085207852430584,0.010999999999999899
888,3B004CD4DE,643-2024-12-30,2024-12-30 16:01:06.881,0.0994476367912997,0.0029133216318712653,0.05700000000000016,0.0014579318143393167,0.03400000000000003,0.0015607029527323496,0.02300000000000013,0.9341507375166366,0.010999999999999899
889,3B00191394,644-2024-12-30,2024-12-30 16:01:10.882,0.0955494162184201,0.0033032385264457984,0.07799999999999999,0.0018194543516865285,0.05400000000000002,0.0015955104224221314,0.023999999999999966,1.1403588006178171,0.030000000000000054
890,3B001877B5,645-2024-12-30,2024-12-30 16:01:20.881,0.1782068500941566,0.020848447504645574,0.06499999999999995,0.014370566004473884,0.04800000000000004,0.007104629071408964,0.016999999999999904,2.022704614137437,0.03100000000000014
891,3B004873F2,1-2025-01-02,2025-01-02 08:11:59.619,0.0842701301515383,0.012201560476191899,0.04200000000000026,0.006587307743228673,0.02300000000000013,0.006116232070861351,0.019000000000000128,1.0770205686948338,0.0040000000000000036
892,3B00182A81,3-2025-01-02,2025-01-02 08:14:48.618,0.0991547467342567,0.0038210808350493245,0.030000000000000027,0.0021674277289276157,0.017000000000000015,0.0018665184798843453,0.013000000000000012,1.1612141815289798,0.0040000000000000036
893,3B004C5268,4-2025-01-02,2025-01-02 08:15:07.618,0.0831484827160637,0.010499334805939684,0.050999999999999934,0.0061219589020146785,0.03300000000000014,0.004762459524878941,0.017999999999999794,1.2854616128564988,0.015000000000000346
894,3B00190DF0,6-2025-01-02,2025-01-02 08:17:40.620,0.163096646779058,0.02442999327492145,0.05500000000000005,0.016119120733153854,0.039000000000000035,0.009153872603879693,0.016000000000000014,1.7609072608594174,0.02300000000000002
895,3B004873F2,9-2025-01-02,2025-01-02 08:18:42.620,0.1000426597534706,0.012921196137760974,0.06799999999999995,0.00706859434447238,0.04799999999999993,0.0062953155739399,0.020000000000000018,1.122833996397821,0.027999999999999914
896,3B0019B8CC,10-2025-01-02,2025-01-02 08:19:37.619,0.1538416953491121,0.024429697600041756,0.04899999999999993,0.011257274197179968,0.02400000000000002,0.01390841819180964,0.02499999999999991,0.8093856570842203,-0.0009999999999998899
897,3B00192E1E,11-2025-01-02,2025-01-02 08:19:41.619,0.0915037525301155,0.012230228209048616,0.04799999999999993,0.005024203229994467,0.02100000000000002,0.007592693911953408,0.026999999999999913,0.661715497589691,-0.005999999999999894
898,01103F9A64,12-2025-01-02,2025-01-02 08:27:18.617,0.17343810965076,0.027310867388483904,0.06400000000000006,0.015765649712781576,0.038999999999999924,0.012349488566889244,0.025000000000000133,1.276623693960214,0.01399999999999979
899,01103F9A64,13-2025-01-02,2025-01-02 08:28:27.618,0.17343810965076,0.03322110464523784,0.05400000000000005,0.014966017495374144,0.026000000000000023,0.01913350412466693,0.028000000000000025,0.7821890542297447,-0.0020000000000000018
900,3B00190DF0,15-2025-01-02,2025-01-02 08:29:35.617,0.1858377627654824,0.023941970685221223,0.052999999999999936,0.015077421018557486,0.03599999999999992,0.009711302794486475,0.017000000000000015,1.5525641963421826,0.018999999999999906
901,3B00199DE5,16-2025-01-02,2025-01-02 08:29:39.616,0.1123533740676661,0.01445937896231521,0.04200000000000004,0.0058924499843616,0.016999999999999904,0.009083528924624934,0.025000000000000133,0.6486961216568047,-0.00800000000000023
902,01103F9A64,18-2025-01-02,2025-01-02 08:30:28.617,0.1709408238970988,0.03289548158094034,0.053999999999999826,0.013830835444817603,0.02499999999999991,0.019950132786573673,0.028999999999999915,0.6932703452543272,-0.0040000000000000036
903,3B0018C6F9,19-2025-01-02,2025-01-02 08:31:06.617,0.0981224075626449,0.010751546539694847,0.04400000000000004,0.005982330226944742,0.026000000000000023,0.005231921388547749,0.018000000000000016,1.1434289207860762,0.008000000000000007
904,3B00190DF0,20-2025-01-02,2025-01-02 08:31:40.617,0.1858377627654824,0.014587779759279721,0.06399999999999961,0.00806678084164415,0.043999999999999595,0.007044011898544685,0.020000000000000018,1.14519693575628,0.023999999999999577
905,3B00192E1E,21-2025-01-02,2025-01-02 08:31:45.617,0.1005858192823128,0.0035294317261078782,0.0349999999999997,0.0019870115036829217,0.020000000000000018,0.001704281433649547,0.01499999999999968,1.1658940034498508,0.0050000000000003375
906,01103F9A64,22-2025-01-02,2025-01-02 08:31:51.618,0.1727188220428621,0.03205242960533498,0.05400000000000005,0.013097949154078503,0.025000000000000133,0.019837958741112372,0.028999999999999915,0.6602468189902114,-0.0039999999999997815
907,01103FA4B2,24-2025-01-02,2025-01-02 08:32:31.617,0.0868262848202522,0.011801959326531036,0.06999999999999984,0.0080329064209819,0.05499999999999994,0.004181304141450186,0.014999999999999902,1.921148557778884,0.040000000000000036
908,3B004CD4DE,25-2025-01-02,2025-01-02 08:32:44.616,0.0994476367912997,3.570684113206983e-05,0.008000000000000007,2.1277550151630618e-05,0.0040000000000000036,2.1131464876902816e-05,0.0040000000000000036,1.0069131636438264,0.0
909,3B004C0894,26-2025-01-02,2025-01-02 08:33:02.616,0.1067658805452534,0.011432235877862046,0.052000000000000046,0.007095381304717395,0.03300000000000003,0.004707644474248968,0.019000000000000017,1.5072041534847114,0.014000000000000012
910,3B00190DF0,27-2025-01-02,2025-01-02 08:33:10.616,0.1858377627654824,0.023737911392627858,0.052999999999999936,0.015386092962051387,0.03699999999999992,0.009228924204938493,0.016000000000000014,1.6671599658189986,0.020999999999999908
911,01103F9A64,29-2025-01-02,2025-01-02 08:34:06.617,0.17343810965076,0.030944482583637526,0.050000000000000044,0.013884672729239005,0.02400000000000002,0.01796546514796778,0.026000000000000023,0.7728535061509172,-0.0020000000000000018
912,3B0019B8CC,30-2025-01-02,2025-01-02 08:34:31.617,0.1538416953491121,0.024404958682303107,0.07899999999999996,0.011331602096112194,0.05400000000000005,0.013790619579517821,0.02499999999999991,0.8216891221437344,0.029000000000000137
913,3B00186A36,32-2025-01-02,2025-01-02 08:35:22.616,0.0895548290511844,0.009883528795572426,0.051000000000000156,0.005234112725288107,0.028000000000000025,0.005017247928118119,0.02300000000000013,1.0432238550450368,0.004999999999999893
914,3B004873F2,34-2025-01-02,2025-01-02 08:36:19.616,0.1000426597534706,0.011555221397256569,0.08000000000000002,0.003955751987275055,0.05499999999999999,0.00804853685881103,0.025000000000000022,0.4914870934515939,0.02999999999999997
915,3B004873F2,35-2025-01-02,2025-01-02 08:37:18.616,0.1000426597534706,0.003974186534889372,0.04899999999999999,0.0023560921971522496,0.03199999999999997,0.0017786888239264104,0.017000000000000015,1.3246230399937162,0.014999999999999958
916,3B0018C6F9,36-2025-01-02,2025-01-02 08:38:12.616,0.0981224075626449,0.010975202000713329,0.06899999999999995,0.005993102613088966,0.052999999999999936,0.005481251752832051,0.016000000000000014,1.0933821111194997,0.03699999999999992
917,01103F88A1,37-2025-01-02,2025-01-02 08:39:59.615,0.0975647419255526,0.005847426903755862,0.041000000000000036,0.003072410186139843,0.02100000000000002,0.0029768705594858903,0.020000000000000018,1.0320939808247667,0.0010000000000000009
918,3B004C0894,38-2025-01-02,2025-01-02 08:45:08.615,0.0996242336276853,0.015155324745461368,0.04899999999999993,0.0057057625115128465,0.020000000000000018,0.009924193336084347,0.028999999999999915,0.5749346388453261,-0.008999999999999897
919,3B00190DF0,39-2025-01-02,2025-01-02 08:46:08.616,0.1858377627654824,0.02283627433199345,0.05800000000000005,0.015122425458095003,0.04300000000000004,0.008524307461991863,0.015000000000000013,1.7740356651285507,0.028000000000000025
920,3B004C5268,41-2025-01-02,2025-01-02 08:46:47.615,0.0869926524590599,0.003916231380387573,0.03699999999999998,0.0023312109658734717,0.02300000000000002,0.0017714655642020686,0.013999999999999957,1.3159787088063055,0.009000000000000064
921,3B00190DF0,43-2025-01-02,2025-01-02 08:47:23.615,0.1858377627654824,0.022669338527320657,0.052999999999999936,0.01476126610877741,0.03799999999999992,0.008762787322242456,0.015000000000000013,1.6845400402802315,0.02299999999999991
922,3B0018A99B,44-2025-01-02,2025-01-02 08:47:31.615,0.0951097925836406,0.004702843981856719,0.040000000000000036,0.002825241034461496,0.02400000000000002,0.0020627961195259807,0.016000000000000014,1.3696171946991647,0.008000000000000007
923,3B004C0894,45-2025-01-02,2025-01-02 08:47:47.616,0.1067658805452534,0.011777894203145008,0.04899999999999993,0.007143885024850617,0.030999999999999917,0.005030339385187514,0.018000000000000016,1.4201596508352323,0.0129999999999999
924,3B00190DF0,46-2025-01-02,2025-01-02 08:48:13.616,0.1858377627654824,0.024779420310457774,0.050000000000000044,0.016234070329702286,0.03400000000000003,0.009388757282950765,0.016000000000000014,1.729096816591698,0.018000000000000016
925,3B004C0894,47-2025-01-02,2025-01-02 08:49:12.614,0.1067658805452534,0.01205057495488625,0.05800000000000005,0.007745910223377583,0.038999999999999924,0.004681951008117207,0.019000000000000128,1.6544193243261878,0.019999999999999796
926,3B0018C6F9,48-2025-01-02,2025-01-02 08:49:44.614,0.0981224075626449,0.0044272147731449826,0.03500000000000014,0.002565674164166772,0.020000000000000018,0.0020644349161337166,0.015000000000000124,1.2427973118047135,0.004999999999999893
927,3B004AB6A7,49-2025-01-02,2025-01-02 08:51:31.615,0.0885037707928097,0.013475439076742693,0.07500000000000018,0.008057163573106508,0.05400000000000027,0.005851544011947489,0.020999999999999908,1.3769295004285462,0.03300000000000036
928,3B0018C6F9,50-2025-01-02,2025-01-02 08:51:43.615,0.0981224075626449,0.004923902577879482,0.03600000000000003,0.0028730433068560822,0.02100000000000002,0.002262823564757397,0.015000000000000013,1.2696718169293542,0.006000000000000005
929,3B004AB6A7,53-2025-01-02,2025-01-02 08:56:06.614,0.0957301853559012,0.014135944599253623,0.07100000000000017,0.009984471981579757,0.05500000000000016,0.004563048660413996,0.016000000000000014,2.1881142903862623,0.039000000000000146
930,3B004CD4DE,54-2025-01-02,2025-01-02 08:58:09.615,0.0994476367912997,0.01384425528186049,0.04400000000000004,0.005910041040630203,0.018999999999999906,0.008422057145952129,0.025000000000000133,0.70173366651528,-0.006000000000000227
931,3B0018A99B,55-2025-01-02,2025-01-02 08:58:20.614,0.0951097925836406,0.004154057590582143,0.039000000000000146,0.002614147279487619,0.025000000000000133,0.0017050491064766443,0.014000000000000012,1.5331800530305886,0.01100000000000012
932,3B00192E1E,56-2025-01-02,2025-01-02 08:58:41.615,0.0943865482311138,0.011114208861967746,0.08000000000000007,0.004803900878503379,0.05499999999999994,0.006699082720002947,0.025000000000000133,0.7170983072293315,0.029999999999999805
933,3B004AB6A7,60-2025-01-02,2025-01-02 08:59:17.615,0.1003335166489211,0.013327962808230247,0.07400000000000007,0.00832843702954445,0.05400000000000005,0.005424186675383465,0.020000000000000018,1.5354259593131843,0.03400000000000003
934,3B00192E1E,61-2025-01-02,2025-01-02 08:59:40.615,0.1005858192823128,0.012520870832310503,0.04699999999999993,0.005506040550803389,0.020999999999999908,0.007420168089962406,0.026000000000000023,0.7420371727497194,-0.0050000000000001155
935,3B004C0894,63-2025-01-02,2025-01-02 09:00:19.612,0.1067658805452534,0.004328802917461323,0.040999999999999925,0.0027146066576373387,0.0259999999999998,0.0017832180651307424,0.015000000000000124,1.5223077371854175,0.010999999999999677
936,3B004ACEEA,69-2025-01-02,2025-01-02 09:04:37.611,0.0977517369156262,0.010847298491562327,0.05099999999999999,0.0068523606524438325,0.034999999999999976,0.004409623071241558,0.016000000000000014,1.5539560959604888,0.01899999999999996
937,3B004873F2,71-2025-01-02,2025-01-02 09:04:45.612,0.1000426597534705,0.005553482702000658,0.03700000000000003,0.0032285786540946384,0.02100000000000002,0.002562610116311128,0.016000000000000014,1.2598789935092314,0.0050000000000000044
938,01103FA4B2,73-2025-01-02,2025-01-02 09:06:15.610,0.0952762507135543,0.012107482999116409,0.05600000000000005,0.007451937028633939,0.039000000000000146,0.0051035166756746055,0.016999999999999904,1.4601572802050085,0.02200000000000024
939,01103FA4B2,74-2025-01-02,2025-01-02 09:06:51.612,0.0938673889337303,0.006031235310927897,0.04599999999999982,0.003965520213675663,0.030999999999999917,0.002281287035794272,0.014999999999999902,1.7382820098721135,0.016000000000000014
940,3B004ACEEA,75-2025-01-02,2025-01-02 09:07:30.611,0.0977517369156262,0.009941513723826649,0.05200000000000049,0.006352231029263872,0.03500000000000014,0.003945326683362496,0.017000000000000348,1.6100646509327934,0.017999999999999794
941,01103FA4B2,76-2025-01-02,2025-01-02 09:07:55.613,0.1070560818927257,0.0010374839278287802,0.031000000000000028,0.0005315439801684243,0.01100000000000001,0.000580119216229246,0.020000000000000018,0.9162668039570228,-0.009000000000000008
942,3B0018C2F6,77-2025-01-02,2025-01-02 09:15:23.609,0.1576520521087552,0.025021482825263387,0.051000000000000156,0.014695019444564281,0.03100000000000014,0.011197320966447412,0.020000000000000018,1.3123692255136443,0.01100000000000012
943,3B004C0894,79-2025-01-02,2025-01-02 09:21:22.607,0.1067658805452534,0.0070781872190801304,0.04999999999999982,0.003511369172315888,0.026999999999999913,0.0037776544490401268,0.02299999999999991,0.9295104196753888,0.0040000000000000036
944,3B00185CB8,81-2025-01-02,2025-01-02 09:22:29.607,0.0941581997724188,0.00424452581147803,0.03699999999999992,0.002222399149718729,0.020000000000000018,0.0022105848806730937,0.016999999999999904,1.0053444086897212,0.0030000000000001137
945,3B004CD4DE,82-2025-01-02,2025-01-02 09:22:48.606,0.0994476367912997,0.010771692108822766,0.065,0.007193861782708256,0.04799999999999999,0.003936462316185545,0.017000000000000015,1.8274941317561375,0.030999999999999972
946,3B004C0894,83-2025-01-02,2025-01-02 09:23:00.606,0.1022299081281012,0.005825846298530925,0.039000000000000146,0.003380280486565596,0.02300000000000013,0.0026756753635611462,0.016000000000000014,1.263337298911579,0.007000000000000117
947,3B004873F2,84-2025-01-02,2025-01-02 09:23:59.607,0.1000426597534706,0.013918187505304016,0.04800000000000004,0.006360507900481478,0.02300000000000002,0.007999494785896684,0.025000000000000022,0.795113700392082,-0.0020000000000000018
948,3B004873F2,89-2025-01-02,2025-01-02 09:25:50.606,0.0928641803194198,0.014603293969147661,0.04899999999999993,0.006894115927185683,0.02400000000000002,0.008178110696434468,0.02499999999999991,0.8429961617163502,-0.0009999999999998899
949,3B0018A99B,92-2025-01-02,2025-01-02 09:27:59.606,0.0891708489445692,0.004640829371899529,0.040000000000000036,0.0027841278083166237,0.025000000000000133,0.0020423281897670184,0.014999999999999902,1.3632127403746148,0.010000000000000231
950,3B0018C2F6,93-2025-01-02,2025-01-02 09:28:08.606,0.153429240853115,0.021264693094304926,0.049000000000000155,0.012203076579804397,0.029000000000000137,0.009870774522861945,0.020000000000000018,1.2362835916817418,0.009000000000000119
951,01103F88A1,96-2025-01-02,2025-01-02 09:41:00.604,0.1019386163201484,0.014297134013016096,0.050999999999999934,0.005402325747507653,0.020000000000000018,0.009326651987635274,0.030999999999999917,0.579235266274515,-0.010999999999999899
952,01103F88A1,97-2025-01-02,2025-01-02 09:42:43.603,0.1019386163201484,0.010664519008745885,0.06999999999999984,0.005989786800928249,0.04799999999999982,0.005005673673097088,0.02200000000000002,1.196599537265136,0.0259999999999998
953,3B004C0894,99-2025-01-02,2025-01-02 09:44:01.603,0.1067658805452534,0.006687371611837184,0.04500000000000015,0.003142138270490533,0.02200000000000002,0.0037684430544855305,0.02300000000000013,0.8338027734691347,-0.001000000000000112
954,3B004873F2,100-2025-01-02,2025-01-02 09:44:38.603,0.0942581198121808,0.00316304292045921,0.09500000000000008,0.0010377239159736046,0.05500000000000005,0.0022150291806626136,0.040000000000000036,0.46849220995958857,0.015000000000000013
955,3B004C0894,101-2025-01-02,2025-01-02 09:45:05.603,0.1009614470480454,0.006009271302216885,0.04599999999999982,0.003776566454131367,0.029999999999999805,0.002441952500137837,0.016000000000000014,1.5465355914655168,0.01399999999999979
956,3B004873F2,102-2025-01-02,2025-01-02 09:45:35.604,0.1000426597534706,0.013580411374295418,0.045999999999999985,0.0057193888848882995,0.020000000000000018,0.008300539332193638,0.025999999999999968,0.6890382246254352,-0.00599999999999995
957,3B004C0894,103-2025-01-02,2025-01-02 09:46:08.604,0.1067658805452534,0.006055105347517002,0.040999999999999925,0.0036919699542425507,0.02499999999999991,0.002587121727144035,0.016000000000000014,1.4270569163818105,0.008999999999999897
958,3B004873F2,104-2025-01-02,2025-01-02 09:46:22.604,0.094944830402485,0.003722835371516805,0.05300000000000016,0.0024991127379172104,0.039000000000000146,0.001366747244324621,0.014000000000000012,1.8285112688499683,0.025000000000000133
959,3B0018C2F6,105-2025-01-02,2025-01-02 09:47:29.603,0.1576520521087552,0.025144383541463866,0.062000000000000055,0.014276336634005276,0.039000000000000146,0.011700203053859467,0.02299999999999991,1.2201785360721613,0.016000000000000236
960,3B004873F2,113-2025-01-02,2025-01-02 10:13:22.598,0.1000426597534705,0.013298616354005185,0.04600000000000004,0.0060827579643076965,0.02200000000000002,0.007637386154120197,0.02400000000000002,0.7964449932947526,-0.0020000000000000018
961,3B004CD4DE,115-2025-01-02,2025-01-02 10:15:19.597,0.0994476367912997,0.01511638555185921,0.044999999999999984,0.005888507055144017,0.018000000000000016,0.009724140984666679,0.02699999999999997,0.6055554999078268,-0.008999999999999952
962,3B001857EE,117-2025-01-02,2025-01-02 10:22:42.596,0.0977687392677557,0.012747879050231921,0.05099999999999999,0.0066485758997827825,0.02699999999999997,0.0065448010177427,0.02400000000000002,1.0158560790096984,0.002999999999999947
963,01103FA4B2,119-2025-01-02,2025-01-02 10:23:31.594,0.1070560818927257,0.013202565817328255,0.05400000000000005,0.007638609957345302,0.03400000000000003,0.005994778277436913,0.020000000000000018,1.2742105885876425,0.014000000000000012
964,3B004AB6A7,121-2025-01-02,2025-01-02 10:23:52.594,0.1003335166489211,0.013562137045024012,0.08699999999999997,0.004092406210374388,0.05499999999999999,0.009956826337464515,0.03199999999999997,0.41101512386290256,0.02300000000000002
965,01103F88A1,122-2025-01-02,2025-01-02 10:24:52.595,0.1019386163201484,0.0115464490068235,0.08399999999999996,0.003418954634919173,0.05499999999999999,0.008522221385833247,0.02899999999999997,0.40118115689913986,0.026000000000000023
966,3B001857EE,124-2025-01-02,2025-01-02 10:25:08.594,0.0977687392677557,0.0028742463603014584,0.03799999999999998,0.0020573438783621652,0.027000000000000024,0.0009362981696226004,0.010999999999999954,2.197316992717642,0.01600000000000007
967,3B004873F2,125-2025-01-02,2025-01-02 10:25:45.595,0.1000426597534706,0.014204676805812486,0.045999999999999985,0.005892227462069147,0.020000000000000018,0.008773376533460034,0.025999999999999968,0.6716031666482434,-0.00599999999999995
968,3B004BF067,127-2025-01-02,2025-01-02 10:26:26.594,0.116182347348253,0.010198724256912753,0.04699999999999993,0.006321271053311525,0.030000000000000027,0.0042202788724179765,0.016999999999999904,1.4978325471865799,0.013000000000000123
969,3B001857EE,131-2025-01-02,2025-01-02 10:29:43.593,0.0977687392677557,0.011957865149716177,0.05299999999999999,0.007381130940851128,0.03500000000000003,0.004981239272937211,0.01799999999999996,1.4817860649562433,0.01700000000000007
970,3B004873F2,132-2025-01-02,2025-01-02 10:30:31.593,0.1000426597534706,0.01426640529851729,0.04800000000000004,0.006600210595213665,0.02300000000000002,0.008131301820390308,0.025000000000000022,0.8117040470275952,-0.0020000000000000018
971,3B00192E1E,135-2025-01-02,2025-01-02 10:32:19.592,0.1005858192823128,0.012518122766949354,0.05399999999999994,0.0050356290943717194,0.025000000000000022,0.007858800736553238,0.028999999999999915,0.6407630455560166,-0.0039999999999998925
972,3B004AB6A7,136-2025-01-02,2025-01-02 10:32:29.592,0.0946272079715549,0.013519867430780775,0.052999999999999936,0.008377038210275897,0.034999999999999254,0.005605751999038973,0.018000000000000682,1.494364754579229,0.016999999999998572
973,3B004BF067,140-2025-01-02,2025-01-02 10:33:36.593,0.0994993940516733,0.0038024567532127947,0.04299999999999993,0.0025871291270537565,0.028999999999999915,0.0013437425896858993,0.014000000000000012,1.9253160143257049,0.014999999999999902
974,3B004873F2,141-2025-01-02,2025-01-02 10:33:42.592,0.0972763624995051,0.014596580513590387,0.04899999999999993,0.0061402448292141535,0.02200000000000024,0.008913370271835397,0.02699999999999969,0.6888802598738878,-0.004999999999999449
975,3B00192E1E,143-2025-01-02,2025-01-02 10:33:53.593,0.1005858192823128,0.004103179517075826,0.08299999999999999,0.002104938173941794,0.05000000000000002,0.0021056872918153906,0.032999999999999974,0.9996442406825987,0.017000000000000043
976,3B004C0894,144-2025-01-02,2025-01-02 10:33:57.592,0.1067658805452534,0.006975994089075463,0.04499999999999993,0.002854746276464798,0.019000000000000128,0.004347821638974635,0.0259999999999998,0.6565923153043703,-0.006999999999999673
977,3B004CD4DE,146-2025-01-02,2025-01-02 10:36:07.592,0.0994476367912997,0.013279457488944667,0.08000000000000007,0.004592156299608608,0.05400000000000005,0.009188415349161858,0.026000000000000023,0.4997767433344741,0.028000000000000025
978,3B004C0894,147-2025-01-02,2025-01-02 10:36:15.593,0.1028665162180503,0.00486629820552799,0.040000000000000036,0.002693825333732827,0.02200000000000002,0.0023461003068162806,0.018000000000000016,1.1482140494616866,0.0040000000000000036
979,3B0019B8CC,148-2025-01-02,2025-01-02 10:48:36.592,0.1538416953491121,0.025340920374179777,0.04899999999999993,0.013674705734766644,0.026999999999999913,0.012415213076755013,0.02200000000000002,1.1014475265325714,0.004999999999999893
980,3B0019B8CC,149-2025-01-02,2025-01-02 10:49:22.591,0.1538416953491121,0.024837508536324354,0.07400000000000001,0.015476209962217035,0.05499999999999999,0.010118743432163164,0.019000000000000017,1.5294596671978826,0.035999999999999976
981,3B004873F2,151-2025-01-02,2025-01-02 11:03:48.589,0.0951853761214166,0.012745462674006879,0.07899999999999996,0.005023836382728844,0.05499999999999994,0.00818670392431031,0.02400000000000002,0.6136580031690931,0.030999999999999917
982,3B004873F2,152-2025-01-02,2025-01-02 11:05:32.587,0.0949928254296818,0.014495835676771634,0.051000000000000156,0.0070086408537370845,0.026000000000000023,0.007940666492471223,0.025000000000000133,0.8826262707774192,0.0009999999999998899
983,011016B2E1,153-2025-01-02,2025-01-02 11:22:04.584,0.1034056593821557,0.0001050755286291553,0.03699999999999992,-0.00012899408601323124,0.029000000000000137,0.00028460214354029706,0.007999999999999785,-0.45324355048284043,0.02100000000000035
984,3B004873F2,157-2025-01-02,2025-01-02 11:58:33.270,0.0941818221819564,0.013409595320541699,0.04299999999999993,0.007016356150144756,0.02200000000000002,0.00692158469889881,0.020999999999999908,1.0136921608805889,0.001000000000000112
985,3B00192E1E,158-2025-01-02,2025-01-02 12:00:48.270,0.1005858192823128,0.012715854883945518,0.04600000000000004,0.007368271049371538,0.027000000000000024,0.005776147620236347,0.019000000000000017,1.2756375933948247,0.008000000000000007
986,3B004AB6A7,159-2025-01-02,2025-01-02 12:00:58.270,0.1003335166489211,0.01610977880846172,0.07699999999999996,0.008523758514108927,0.05400000000000005,0.008070653130495606,0.02299999999999991,1.0561423439078588,0.03100000000000014
987,3B00192E1E,160-2025-01-02,2025-01-02 12:02:58.269,0.1005858192823128,0.013536409520160565,0.04899999999999999,0.006265028611990625,0.023999999999999966,0.007682102614106057,0.025000000000000022,0.8155356582306817,-0.0010000000000000564
988,3B00192E1E,162-2025-01-02,2025-01-02 12:06:19.267,0.1005858192823128,0.00861784476508567,0.05699999999999994,0.006002399190111037,0.041999999999999815,0.0028836042390154937,0.015000000000000124,2.081561369933465,0.02699999999999969
989,3B004BF067,167-2025-01-02,2025-01-02 12:14:55.265,0.1051238363602725,0.011399674489926364,0.04899999999999993,0.007936428754229606,0.03400000000000003,0.003830030906231502,0.014999999999999902,2.0721578881561897,0.019000000000000128
990,3B0019B8CC,169-2025-01-02,2025-01-02 12:18:46.266,0.1538416953491121,0.028017332011065606,0.08400000000000002,0.012180910207530716,0.05499999999999999,0.01656591777567303,0.029000000000000026,0.7352994486920806,0.025999999999999968
991,3B0019B8CC,171-2025-01-02,2025-01-02 12:26:11.265,0.1538416953491121,0.02746722010031386,0.04999999999999999,0.012700603757337316,0.02400000000000002,0.015543437998305945,0.025999999999999968,0.8171038967518984,-0.0019999999999999463
992,3B0019B8CC,172-2025-01-02,2025-01-02 12:27:05.265,0.1538416953491121,0.027071335455859144,0.07400000000000001,0.01695035128348068,0.05400000000000005,0.010871141791984212,0.019999999999999962,1.5592061632365926,0.034000000000000086
993,3B0019F652,173-2025-01-02,2025-01-02 12:27:39.264,0.0905389973583477,0.011139237260887634,0.05300000000000005,0.007441542414685751,0.03500000000000003,0.004041431795024468,0.018000000000000016,1.8413133740985719,0.017000000000000015
994,3B004873F2,177-2025-01-02,2025-01-02 12:34:05.263,0.0968401006238244,0.014671887411235665,0.04800000000000004,0.006061907834043641,0.020999999999999908,0.009066451252704173,0.027000000000000135,0.6686086612152254,-0.006000000000000227
995,3B00192E1E,178-2025-01-02,2025-01-02 12:36:02.264,0.0944931908843983,0.010472002100396161,0.06600000000000006,0.007025100363552827,0.050999999999999934,0.003818894871587464,0.015000000000000124,1.8395636957224188,0.03599999999999981
996,3B004873F2,179-2025-01-02,2025-01-02 12:36:09.263,0.0984728052183014,0.014733835980241855,0.04800000000000004,0.006741279163574049,0.02300000000000013,0.008468400357657028,0.02499999999999991,0.7960510697251888,-0.0019999999999997797
997,3B001857EE,182-2025-01-02,2025-01-02 13:04:40.259,0.0977687392677557,0.004753141986515689,0.04200000000000004,0.003043060207812141,0.028000000000000025,0.0018994604565344816,0.014000000000000012,1.6020655746443537,0.014000000000000012
998,3B00192E1E,183-2025-01-02,2025-01-02 13:05:41.260,0.1005858192823128,0.00976136273354139,0.064,0.004481111436966699,0.035999999999999976,0.005550251695415558,0.028000000000000025,0.8073708514278811,0.007999999999999952
999,3B0018A99B,187-2025-01-02,2025-01-02 13:07:18.259,0.0940679484196336,0.012216686316095772,0.04899999999999993,0.0067488212291853585,0.028999999999999915,0.005895323523619875,0.020000000000000018,1.1447753803749543,0.008999999999999897
1000,3B004BF067,189-2025-01-02,2025-01-02 13:16:00.257,0.1044431652655579,0.00977178553081415,0.06299999999999994,0.007097797292337299,0.04899999999999993,0.0029869789585776994,0.014000000000000012,2.3762461640228745,0.03499999999999992
1001,3B001857EE,190-2025-01-02,2025-01-02 13:16:07.257,0.0977687392677557,0.003913436287945424,0.038999999999999924,0.002704123475695448,0.026999999999999913,0.001365707316911068,0.01200000000000001,1.9800168324583522,0.014999999999999902
1002,3B001857EE,191-2025-01-02,2025-01-02 13:18:09.256,0.0977687392677557,0.005385889882623207,0.04199999999999998,0.003538515397541454,0.02799999999999997,0.0020475793967557137,0.014000000000000012,1.7281456353526772,0.013999999999999957
1003,3B004BF067,192-2025-01-02,2025-01-02 13:18:15.256,0.116182347348253,0.003594309064936603,0.04499999999999993,0.002623741454755787,0.03299999999999992,0.001096661454029972,0.01200000000000001,2.3924807834853286,0.020999999999999908
1004,3B004CD4DE,194-2025-01-02,2025-01-02 13:25:31.256,0.0994476367912997,0.015113198464450556,0.06599999999999995,0.007058393144202711,0.040000000000000036,0.008502400416481527,0.025999999999999912,0.8301647532995892,0.014000000000000123
1005,3B004ACEEA,196-2025-01-02,2025-01-02 13:27:53.254,0.0958626402949981,0.011326539305189582,0.0600000000000005,0.0068793761091897766,0.04100000000000037,0.004828604342439016,0.019000000000000128,1.424713151319182,0.02200000000000024
1006,3B00182A81,198-2025-01-02,2025-01-02 13:29:14.254,0.0991547467342568,0.0038242895373231402,0.06199999999999997,0.0022532064928875687,0.04000000000000001,0.0016810921753678037,0.021999999999999964,1.3403229911498415,0.018000000000000044
1007,3B00182A81,203-2025-01-02,2025-01-02 13:32:30.255,0.0991547467342568,0.005087926245576231,0.07600000000000001,0.003572276273165479,0.05499999999999999,0.0016333003033715857,0.02100000000000002,2.1871521518677906,0.033999999999999975
1008,3B00199DE5,205-2025-01-02,2025-01-02 13:33:03.254,0.1039066726376801,0.014724609310760948,0.06099999999999994,0.008675245820830117,0.040999999999999925,0.006513849498394375,0.020000000000000018,1.3318155144616888,0.020999999999999908
1009,3B004ACEEA,207-2025-01-02,2025-01-02 13:33:43.253,0.0972593279268455,0.012056956824030103,0.05699999999999994,0.008261695061921199,0.04200000000000004,0.004226206609030083,0.014999999999999902,1.9548724958852077,0.027000000000000135
1010,3B00182A81,213-2025-01-02,2025-01-02 13:41:34.252,0.0991547467342567,0.011701921722125608,0.05800000000000005,0.0075359427607000155,0.040000000000000036,0.00454661569059479,0.018000000000000016,1.6574839998658784,0.02200000000000002
1011,3B004BF067,214-2025-01-02,2025-01-02 13:41:38.253,0.116182347348253,0.03674711912325518,0.06800000000000006,0.011940225841587224,0.02400000000000002,0.025984670363688993,0.04400000000000004,0.4595103834094624,-0.020000000000000018
1012,3B001857EE,215-2025-01-02,2025-01-02 13:41:57.252,0.0977687392677557,0.005671977060909053,0.043999999999999984,0.003658924999528194,0.02899999999999997,0.0022198801922263048,0.015000000000000013,1.64825336625878,0.013999999999999957
1013,3B0018A99B,216-2025-01-02,2025-01-02 13:43:09.252,0.0951097925836406,0.005372315369753203,0.040999999999999925,0.0031707777096857664,0.0239999999999998,0.002391728445573924,0.017000000000000126,1.3257264701406768,0.006999999999999673
1014,3B004ACEEA,218-2025-01-02,2025-01-02 13:43:22.252,0.0973398179060687,0.01053487618088632,0.05999999999999994,0.006578912647496292,0.04300000000000004,0.004346834415167244,0.016999999999999904,1.5134951137178683,0.026000000000000134
1015,3B0019B8CC,221-2025-01-02,2025-01-02 13:44:59.252,0.1538416953491121,0.02803690595377901,0.05199999999999999,0.012807486952125743,0.025999999999999968,0.016036998449767095,0.026000000000000023,0.7986212003600802,-5.551115123125783e-17
1016,3B00182A81,224-2025-01-02,2025-01-02 13:45:25.252,0.0991547467342567,0.00460973266342652,0.07199999999999995,0.0027448558569623384,0.05199999999999999,0.002028763197360353,0.019999999999999962,1.352970056107929,0.03200000000000003
1017,3B004AB6A7,226-2025-01-02,2025-01-02 13:45:43.253,0.1041871435151602,0.014568186676079785,0.04800000000000004,0.009542394682208345,0.03200000000000003,0.005524516871041069,0.016000000000000014,1.7272812998777438,0.016000000000000014
1018,3B0018A99B,227-2025-01-02,2025-01-02 13:46:05.255,0.0951097925836406,0.004539255981918878,0.03499999999999992,0.0027469562930524274,0.020999999999999908,0.001985955019531208,0.014000000000000012,1.3831915960014325,0.006999999999999895
1019,3B004ACEEA,229-2025-01-02,2025-01-02 13:47:25.251,0.0969478198680414,0.013133942640433782,0.06000000000000005,0.008344204969584493,0.04400000000000004,0.005290082276613776,0.016000000000000014,1.577329904011566,0.028000000000000025
1020,3B004CD4DE,231-2025-01-02,2025-01-02 13:48:07.252,0.1045882007075464,0.014654164958367957,0.06899999999999995,0.006001013057001698,0.04200000000000004,0.009103556150933249,0.026999999999999913,0.6591943804714716,0.015000000000000124
1021,3B004BF067,234-2025-01-02,2025-01-02 13:51:30.252,0.116182347348253,0.010515247013265125,0.07,0.007198937007683209,0.05400000000000005,0.0036358966654018734,0.01599999999999996,1.979961937913743,0.03800000000000009
1022,3B004AB6A7,236-2025-01-02,2025-01-02 13:55:10.250,0.1003335166489211,0.014587068445418237,0.051000000000000156,0.008582683769304792,0.03100000000000014,0.006484673086434411,0.020000000000000018,1.3235337625977335,0.01100000000000012
1023,3B004873F2,237-2025-01-02,2025-01-02 13:55:14.251,0.1000426597534706,0.015312757891401145,0.04899999999999999,0.006507526055306608,0.021999999999999964,0.009276358749234933,0.027000000000000024,0.701517290482466,-0.00500000000000006
1024,3B004C0894,238-2025-01-02,2025-01-02 13:56:16.250,0.1067658805452534,0.013738427905084309,0.052000000000000046,0.008787806967200487,0.03499999999999992,0.005418712060094058,0.017000000000000126,1.6217519716388007,0.017999999999999794
1025,3B004873F2,239-2025-01-02,2025-01-02 13:57:02.250,0.1000426597534705,0.01487697587190593,0.04700000000000004,0.006868300352034695,0.02200000000000002,0.008497726229385697,0.025000000000000022,0.8082515447819041,-0.0030000000000000027
1026,3B004C0894,241-2025-01-02,2025-01-02 13:57:51.249,0.1067658805452534,0.013786366148835997,0.052999999999999936,0.007874095482352786,0.03299999999999992,0.006388839281604037,0.020000000000000018,1.2324766886882537,0.0129999999999999
1027,3B004873F2,243-2025-01-02,2025-01-02 14:09:21.249,0.1000426597534706,0.014454155660554522,0.07899999999999996,0.006910543789108013,0.05499999999999994,0.007998477915142885,0.02400000000000002,0.8639823554460064,0.030999999999999917
1028,3B004BF067,244-2025-01-02,2025-01-02 14:18:03.247,0.104205370289655,0.011235833352576512,0.04800000000000004,0.007170862913577515,0.03200000000000003,0.004459051773646456,0.016000000000000014,1.608158702251047,0.016000000000000014
1029,3B004AB6A7,245-2025-01-02,2025-01-02 14:18:29.247,0.1037159849188524,0.01316842905808888,0.06499999999999995,0.0089802397900333,0.04800000000000004,0.00459142789576574,0.016999999999999904,1.9558708083633343,0.03100000000000014
1030,3B004C0894,246-2025-01-02,2025-01-02 14:18:37.248,0.1067658805452534,0.013868008410490323,0.06600000000000006,0.009503028333211752,0.050000000000000044,0.004796677608315355,0.016000000000000014,1.9811688650364223,0.03400000000000003
1031,3B004C0894,249-2025-01-02,2025-01-02 14:22:15.246,0.107955195370306,0.013093815296457553,0.050999999999999934,0.00864014143812756,0.03499999999999992,0.0049024946042054126,0.016000000000000014,1.7623969296602497,0.018999999999999906
1032,3B0018A99B,250-2025-01-02,2025-01-02 14:23:31.246,0.0951097925836406,0.004039837741598243,0.04399999999999993,0.002617563428535598,0.029999999999999916,0.001576414689957064,0.014000000000000012,1.660453588266734,0.015999999999999903
1033,3B004873F2,251-2025-01-02,2025-01-02 14:38:56.245,0.1000426597534706,0.014953234375682606,0.064,0.007608991834183365,0.040000000000000036,0.0077995130049306315,0.023999999999999966,0.975572683752585,0.01600000000000007
1034,3B00182A81,253-2025-01-02,2025-01-02 14:42:44.244,0.0991547467342567,0.004217388185850959,0.07299999999999998,0.002733662684461299,0.05400000000000002,0.0016134104554836085,0.01899999999999996,1.6943380248778062,0.03500000000000006
1035,3B004873F2,255-2025-01-02,2025-01-02 14:44:38.244,0.1000426597534706,0.015066187855026898,0.04700000000000015,0.0062366848306975925,0.020000000000000018,0.009311785291976024,0.027000000000000135,0.6697625251380904,-0.007000000000000117
1036,3B004CD4DE,258-2025-01-02,2025-01-02 14:45:44.246,0.0994476367912997,0.015563165744463188,0.04699999999999993,0.00563790042149956,0.017999999999999905,0.010420753307439313,0.029000000000000026,0.5410261864154001,-0.01100000000000012
1037,3B004CD4DE,259-2025-01-02,2025-01-02 14:47:44.244,0.0994476367912997,0.015763074071911118,0.067,0.00726077913973963,0.04099999999999998,0.00896971183243995,0.026000000000000023,0.8094774141439218,0.014999999999999958
1038,3B004C0894,260-2025-01-02,2025-01-02 14:48:01.245,0.1067658805452534,0.013443048274637694,0.04999999999999993,0.007314593192079267,0.028000000000000025,0.0065609646611913845,0.02199999999999991,1.114865506797446,0.006000000000000116
1039,3B00192E1E,261-2025-01-02,2025-01-02 14:48:53.245,0.1005858192823128,0.012508771464402673,0.08199999999999996,0.005247283142373839,0.05499999999999999,0.007641952476683976,0.02699999999999997,0.6866416872368145,0.028000000000000025
1040,3B0019F652,263-2025-01-02,2025-01-02 14:49:02.245,0.0905389973583477,0.012935668331126186,0.05300000000000005,0.008554185301314519,0.03600000000000003,0.004810550379107524,0.017000000000000015,1.7782134323893166,0.019000000000000017
1041,3B00190DF0,264-2025-01-02,2025-01-02 14:49:17.244,0.1858377627654824,0.029364843062159952,0.053999999999999826,0.019266373988234692,0.03699999999999992,0.01110237440250248,0.016999999999999904,1.7353381618883295,0.020000000000000018
1042,3B004C0894,266-2025-01-02,2025-01-02 14:58:47.244,0.110069282114889,0.012699584769614436,0.05300000000000005,0.006146556154899668,0.027000000000000024,0.006938886375423232,0.026000000000000023,0.8858130573617822,0.0010000000000000009
1043,3B00192E1E,269-2025-01-02,2025-01-02 15:01:55.243,0.1005858192823128,0.014228331362470537,0.06200000000000003,0.0076046920489548945,0.038000000000000006,0.007032998944368301,0.02400000000000002,1.0812872444754706,0.013999999999999985
1044,01103F97C4,270-2025-01-02,2025-01-02 15:02:03.243,0.1618435114270357,0.027207031078284125,0.05499999999999994,0.01634031682393059,0.03499999999999992,0.01177985157243029,0.020000000000000018,1.3871411471918433,0.014999999999999902
1045,3B004AB6A7,272-2025-01-02,2025-01-02 15:03:43.242,0.1003335166489211,0.017554388373393612,0.059,0.010972838900726051,0.03899999999999998,0.007113152649541514,0.020000000000000018,1.5426125996935154,0.01899999999999996
1046,3B004ACEEA,276-2025-01-02,2025-01-02 15:09:56.241,0.0977517369156262,0.014468815890018976,0.05400000000000005,0.00839579014074885,0.03300000000000003,0.006517600278119265,0.02100000000000002,1.2881719931391007,0.01200000000000001
1047,3B004AB6A7,277-2025-01-02,2025-01-02 15:11:50.241,0.1100030789284714,0.014715128292387459,0.04800000000000004,0.008771938342437884,0.030000000000000027,0.0064712883858676065,0.018000000000000016,1.355516524591081,0.01200000000000001
1048,3B001857EE,278-2025-01-02,2025-01-02 15:12:07.239,0.0806103352327072,0.007219236016032771,0.04800000000000004,0.004051037143386498,0.028000000000000025,0.0034035683868529417,0.020000000000000018,1.1902323335222387,0.008000000000000007
1049,3B004AB6A7,280-2025-01-02,2025-01-02 15:12:45.241,0.1105711687179665,0.01679924698572549,0.049000000000000155,0.006953310194483213,0.02200000000000002,0.010365910494912674,0.027000000000000135,0.6707862466973569,-0.0050000000000001155
1050,3B001857EE,282-2025-01-02,2025-01-02 15:16:36.239,0.0772926192037774,0.008479223108162038,0.05300000000000005,0.0053851853967088695,0.03400000000000003,0.003337351085980384,0.019000000000000017,1.6136106924234228,0.015000000000000013
1051,3B0018A99B,284-2025-01-02,2025-01-02 15:16:55.239,0.0951097925836406,0.003561269414485239,0.03299999999999992,0.0020609960451027157,0.019000000000000128,0.0016655868587012233,0.01399999999999979,1.2373993192464432,0.0050000000000003375
1052,3B00182A81,286-2025-01-02,2025-01-02 15:20:12.238,0.0991547467342567,0.0035691862563174605,0.07700000000000001,0.0020062838352098815,0.05400000000000005,0.0016722751029185317,0.022999999999999965,1.199733125075188,0.031000000000000083
1053,3B00190DF0,287-2025-01-02,2025-01-02 15:30:27.238,0.1858377627654824,0.025362295295080845,0.04999999999999999,0.01681485626660486,0.034999999999999976,0.009506474448740846,0.015000000000000013,1.768779409997996,0.019999999999999962
1054,3B004873F2,288-2025-01-02,2025-01-02 15:30:37.238,0.1000426597534706,0.015665503697161832,0.04600000000000004,0.0066757562550733935,0.020000000000000018,0.009493609798878479,0.026000000000000023,0.7031841835191108,-0.006000000000000005
1055,3B00190DF0,289-2025-01-02,2025-01-02 15:31:44.238,0.180667810585333,0.026619737351829372,0.051999999999999824,0.017550106462761467,0.03699999999999992,0.010049743911244264,0.014999999999999902,1.7463237489191483,0.02200000000000002
1056,3B0019B8CC,290-2025-01-02,2025-01-02 15:31:49.238,0.1538416953491121,0.02797827379657066,0.08299999999999996,0.012493916855984381,0.05499999999999994,0.016232283143932925,0.028000000000000025,0.769695596435809,0.026999999999999913
1057,3B004873F2,291-2025-01-02,2025-01-02 15:32:07.237,0.1000426597534706,0.013605210373141025,0.04800000000000004,0.00766450374613085,0.027000000000000024,0.006432752119891063,0.02100000000000002,1.191481282549505,0.006000000000000005
1058,3B00190DF0,292-2025-01-02,2025-01-02 15:32:34.238,0.1858377627654824,0.02690186835016523,0.04899999999999993,0.01732904627375173,0.03299999999999992,0.01059078931357594,0.016000000000000014,1.6362374664122785,0.016999999999999904
1059,3B00190DF0,299-2025-01-02,2025-01-02 15:35:08.236,0.1824161650609681,0.024150510477083033,0.051000000000000156,0.014977293080928338,0.03400000000000025,0.010096744732795135,0.016999999999999904,1.4833784033660615,0.017000000000000348
1060,3B004ACEEA,301-2025-01-02,2025-01-02 15:36:35.238,0.0977517369156262,0.011744567614968213,0.04800000000000004,0.007701779686849154,0.03300000000000003,0.004475112191112501,0.015000000000000013,1.7210249392506318,0.018000000000000016
1061,3B004C0894,302-2025-01-02,2025-01-02 15:36:41.238,0.1067658805452534,0.006772513650058182,0.07299999999999995,0.00493689086936987,0.05499999999999994,0.0019997154713202237,0.018000000000000016,2.4687966564115773,0.03699999999999992
1062,3B00186A36,305-2025-01-02,2025-01-02 15:37:10.237,0.1177048050359731,0.0014175769639762955,0.03500000000000003,0.0008915165840837818,0.02200000000000002,0.0005918919883191007,0.013000000000000012,1.506214988000729,0.009000000000000008
1063,3B004ACEEA,307-2025-01-02,2025-01-02 15:49:30.237,0.0977517369156262,8.200697057353265e-05,0.009000000000000341,3.992172919443647e-05,0.004000000000000448,5.464950983344598e-05,0.004999999999999893,0.7305047989653517,-0.0009999999999994458
1064,3B004ACEEA,308-2025-01-02,2025-01-02 15:49:52.237,0.0977517369156262,0.014773986220562665,0.052000000000000046,0.005977470797393075,0.02300000000000013,0.009234920419856876,0.028999999999999915,0.6472682519862705,-0.005999999999999783
1065,3B004C0894,311-2025-01-02,2025-01-02 15:59:09.235,0.1082628400144714,0.031090746350883283,0.057999999999999996,0.013647630330531058,0.02899999999999997,0.01827733532080343,0.029000000000000026,0.7466969386394744,-5.551115123125783e-17
1066,3B004ACEEA,312-2025-01-02,2025-01-02 16:00:54.234,0.0977517369156262,0.015370962082089757,0.04899999999999993,0.005971471872768813,0.02100000000000013,0.009880966968354266,0.027999999999999803,0.6043408395042329,-0.006999999999999673
1067,3B004C0894,314-2025-01-02,2025-01-02 16:02:20.235,0.1084781431216755,0.012896236434669124,0.052000000000000046,0.006687710083876924,0.026000000000000245,0.006608880936263591,0.0259999999999998,1.0119277602930914,4.440892098500626e-16
1068,3B0019B8CC,316-2025-01-02,2025-01-02 16:03:06.234,0.1538416953491121,0.028677610668610735,0.05400000000000005,0.012528935778838755,0.026000000000000023,0.016925436416971428,0.028000000000000025,0.7402429970004067,-0.0020000000000000018
1069,3B0018A99B,317-2025-01-02,2025-01-02 16:03:51.234,0.0951097925836406,0.005090708141314668,0.038000000000000034,0.003213010805784397,0.02400000000000002,0.0020817179028265035,0.014000000000000012,1.5434419819428238,0.010000000000000009
1070,3B00182A81,320-2025-01-02,2025-01-02 16:05:08.234,0.1003826099509247,0.0034814529182786657,0.08699999999999997,0.0017457172267539177,0.050000000000000044,0.0018220163412465684,0.03699999999999992,0.9581238034119666,0.013000000000000123
1071,3B0019B8CC,321-2025-01-02,2025-01-02 16:05:25.232,0.1672683760399494,0.028374858301838446,0.04999999999999982,0.011814232634372002,0.021999999999999797,0.017398342087360446,0.028000000000000025,0.6790435878919067,-0.006000000000000227
1072,3B004C0894,323-2025-01-02,2025-01-02 16:05:43.233,0.1067658805452534,0.015100161072035158,0.04899999999999993,0.005777826373174888,0.019999999999999796,0.009791121450343396,0.029000000000000137,0.5901087431585528,-0.009000000000000341
1073,3B004ACEEA,324-2025-01-02,2025-01-02 16:07:56.233,0.099435498976271,0.012057883895496337,0.054999999999999716,0.0074228064085847,0.03600000000000003,0.005063428157781237,0.018999999999999684,1.4659645949903883,0.017000000000000348
1074,3B004ACEEA,325-2025-01-02,2025-01-02 16:09:53.231,0.0977517369156262,0.016146341148530176,0.04899999999999999,0.006417238368461973,0.020000000000000018,0.010243406019546694,0.02899999999999997,0.6264750568528141,-0.008999999999999952
1075,3B004C0894,326-2025-01-02,2025-01-02 16:10:49.232,0.1077049584392424,0.013100351690169744,0.06600000000000072,0.007510650790159136,0.04300000000000015,0.005981725154093994,0.023000000000000576,1.2555994460926911,0.019999999999999574
1076,3B004ACEEA,328-2025-01-02,2025-01-02 16:11:22.231,0.0977517369156262,0.014644633774056153,0.07699999999999996,0.007440095068113652,0.05400000000000005,0.007672301009443913,0.02299999999999991,0.9697345110620091,0.03100000000000014
1077,3B004CD4DE,1-2025-01-20,2025-01-20 07:58:16.919,0.0994476367912997,0.004150167706068823,0.05499999999999999,0.003245370541523791,0.04299999999999998,0.0010145528198138801,0.01200000000000001,3.1988187092310825,0.030999999999999972
1078,3B004C0894,2-2025-01-20,2025-01-20 07:58:43.919,0.0939127313230881,0.0012500178683434457,0.03499999999999992,0.0007429422648949588,0.02300000000000013,0.0005707109139878159,0.011999999999999789,1.3017838746129533,0.011000000000000343
1079,3B0019B8CC,6-2025-01-20,2025-01-20 08:00:11.919,0.1554298926708327,0.0059227098136617915,0.06799999999999995,0.0026744131890250604,0.03200000000000003,0.0033931387764774864,0.03599999999999992,0.7881826725052031,-0.0039999999999998925
1080,3B004CD4DE,7-2025-01-20,2025-01-20 08:00:34.918,0.0922709249517845,0.004925851196145119,0.050000000000000044,0.002811362926294961,0.03100000000000014,0.002277651013262659,0.018999999999999906,1.2343255880398363,0.012000000000000233
1081,3B004C0894,9-2025-01-20,2025-01-20 08:02:13.918,0.103350014323519,0.006160754671134473,0.04499999999999993,0.003574105288264959,0.027000000000000135,0.002809403148444036,0.017999999999999794,1.272193807515467,0.009000000000000341
1082,3B004D0071,10-2025-01-20,2025-01-20 08:05:07.917,0.088557496467778,0.004153860271098669,0.06,0.0030080126098660205,0.04600000000000004,0.0012710523906505386,0.013999999999999957,2.3665528124505446,0.032000000000000084
1083,3B0019B8CC,12-2025-01-20,2025-01-20 08:05:28.917,0.1538416953491121,0.00784517323686319,0.06099999999999994,0.003454149945916603,0.030000000000000027,0.004633942795546241,0.030999999999999917,0.7454019391945113,-0.0009999999999998899
1084,3B00484043,13-2025-01-20,2025-01-20 08:06:09.918,0.0952484497809403,0.004917957276002357,0.06899999999999995,0.003723504777855099,0.054999999999999716,0.0013281859697971533,0.014000000000000234,2.8034513709128923,0.04099999999999948
1085,3B0018D520,14-2025-01-20,2025-01-20 08:06:31.916,0.0959216181978099,0.003861087936297277,0.06300000000000061,0.003069397056306648,0.051000000000000156,0.0008963041837942371,0.012000000000000455,3.4245037698175955,0.0389999999999997
1086,3B00191394,16-2025-01-20,2025-01-20 08:07:18.918,0.0880950390522702,0.00397979522692794,0.05600000000000005,0.0020985946141541894,0.03200000000000003,0.002010756709077989,0.02400000000000002,1.043684004474354,0.008000000000000007
1087,3B00199DE5,19-2025-01-20,2025-01-20 08:07:46.917,0.1123533740676662,0.012988886412293496,0.06500000000000017,0.007997044067969238,0.04500000000000015,0.0053623452651510445,0.020000000000000018,1.4913333014829622,0.025000000000000133
1088,3B0018D520,20-2025-01-20,2025-01-20 08:07:52.916,0.1021846413898617,0.003174015798654089,0.03600000000000003,0.0013413193606116667,0.015000000000000124,0.0019595841619523347,0.020999999999999908,0.6844918358981374,-0.005999999999999783
1089,3B0019B8CC,23-2025-01-20,2025-01-20 08:08:19.917,0.1538416953491121,0.00755573195358406,0.07699999999999999,0.003399564857556561,0.04200000000000001,0.004353181455395655,0.034999999999999976,0.780938008762049,0.007000000000000034
1090,3B0018C6F9,24-2025-01-20,2025-01-20 08:08:47.917,0.098122407562645,0.004009865101273716,0.07899999999999996,0.002811663353525595,0.05499999999999994,0.0012989408477958953,0.02400000000000002,2.1645815190865383,0.030999999999999917
1091,3B00191394,25-2025-01-20,2025-01-20 08:09:27.917,0.0907852317289655,0.0033450215789719976,0.04599999999999993,0.0019461048199509868,0.029000000000000026,0.0015453289565921088,0.016999999999999904,1.2593466340284616,0.012000000000000122
1092,3B00191394,26-2025-01-20,2025-01-20 08:09:42.916,0.0908996595470017,0.0035690671129421214,0.08299999999999996,0.0015641948600274387,0.05400000000000005,0.0021272872108893844,0.028999999999999915,0.7353002697616342,0.025000000000000133
1093,3B00191394,27-2025-01-20,2025-01-20 08:09:53.916,0.0933413739378918,0.0018684914385674334,0.066,0.000461674283555338,0.015000000000000013,0.0014539700888014113,0.05099999999999999,0.3175266720486127,-0.035999999999999976
1094,3B0018D520,30-2025-01-20,2025-01-20 08:11:18.915,0.1021846413898618,0.0009215591060576183,0.03299999999999992,0.0004024292848183521,0.02300000000000013,0.0006163187614265891,0.009999999999999787,0.6529564082827068,0.013000000000000345
1095,3B0018C6F9,31-2025-01-20,2025-01-20 08:11:45.914,0.0941890571308259,0.004194683827937717,0.09299999999999997,0.0014171718286945078,0.05499999999999994,0.002875245773936277,0.038000000000000034,0.4928871964758572,0.016999999999999904
1096,3B004CEFFE,34-2025-01-20,2025-01-20 08:13:31.915,0.0958909222991259,0.00470179674127764,0.06899999999999995,0.003624747500486699,0.05500000000000016,0.0011893217424345467,0.01399999999999979,3.0477434079922103,0.04100000000000037
1097,3B004CEFFE,36-2025-01-20,2025-01-20 08:14:49.913,0.0894504035648659,0.010007217867575666,0.051000000000000156,0.003550698245250301,0.018000000000000682,0.006750429325685193,0.032999999999999474,0.5259959143250333,-0.014999999999998792
1098,3B001816CC,38-2025-01-20,2025-01-20 08:16:53.912,0.0916886465376473,0.003519392058986271,0.054999999999999716,0.0020669526988027257,0.029999999999999805,0.0015686305913588405,0.02499999999999991,1.3176797075034787,0.004999999999999893
1099,3B004CEFFE,45-2025-01-20,2025-01-20 08:20:25.910,0.0968863060282778,0.003914066415021556,0.08500000000000041,0.002369563058980651,0.05500000000000016,0.0016449208895770624,0.03000000000000025,1.440533142958569,0.02499999999999991
1100,3B00185CB8,46-2025-01-20,2025-01-20 08:23:05.909,0.0953970648449805,0.011561262392421763,0.04299999999999993,0.006981601683730778,0.026000000000000023,0.005021633561395164,0.016999999999999904,1.3903048875177333,0.009000000000000119
1101,3B004CEFFE,47-2025-01-20,2025-01-20 08:28:28.907,0.1069954981198278,7.705374918726727e-05,0.01200000000000001,5.0156003959801534e-05,0.007000000000000117,3.6268558522363144e-05,0.004999999999999893,1.3829059108835386,0.002000000000000224
1102,3B004CEFFE,54-2025-01-20,2025-01-20 08:32:18.906,0.1069954981198278,0.0012237016020960315,0.03699999999999992,0.000758839156682505,0.026000000000000245,0.0005280837884912526,0.010999999999999677,1.43696733969154,0.015000000000000568
1103,3B0018C6F9,55-2025-01-20,2025-01-20 08:32:55.905,0.0981224075626449,0.003568210269454764,0.061,0.0020988351049745445,0.035999999999999976,0.0015712556998492666,0.025000000000000022,1.335769286422248,0.010999999999999954
1104,3B00484043,57-2025-01-20,2025-01-20 08:35:47.905,0.0957330448773143,0.005846859195475715,0.06899999999999995,0.002713175819235846,0.03600000000000003,0.003273326816150212,0.03299999999999992,0.8288741001507559,0.0030000000000001137
1105,01103F88A1,64-2025-01-20,2025-01-20 08:43:17.903,0.0997901905949458,0.004370790423601467,0.05300000000000005,0.002318330383261647,0.030000000000000027,0.00221025327521119,0.02300000000000002,1.0488980648790716,0.007000000000000006
1106,3B004CDB63,66-2025-01-20,2025-01-20 08:44:02.901,0.1813364004184234,0.008527945539496285,0.040000000000000036,0.005588856811675102,0.0259999999999998,0.003265403545262659,0.014000000000000234,1.7115363336281157,0.011999999999999567
1107,01103F88A1,67-2025-01-20,2025-01-20 08:44:07.902,0.1037497690173074,0.003683862359846396,0.07499999999999998,0.0020253698763015985,0.049000000000000016,0.0017788781418604203,0.025999999999999968,1.1385658346351861,0.023000000000000048
1108,3B004C0894,69-2025-01-20,2025-01-20 08:45:05.901,0.1047190782288129,0.0008211519462336283,0.02100000000000035,0.0005066654342237231,0.013000000000000345,0.0003769148668814309,0.008000000000000007,1.3442436972991805,0.0050000000000003375
1109,3B004C0894,70-2025-01-20,2025-01-20 08:45:50.902,0.1067658805452534,0.0026549648107755714,0.039999999999999925,0.0014456293629723786,0.02300000000000002,0.001314506454880798,0.016999999999999904,1.099750676464705,0.006000000000000116
1110,3B00484043,71-2025-01-20,2025-01-20 08:46:17.901,0.0941812955044005,0.004925465728264817,0.06599999999999995,0.0023730255245912493,0.033999999999999975,0.0026967752260145367,0.03199999999999997,0.8799493193573478,0.0020000000000000018
1111,3B004CEFFE,74-2025-01-20,2025-01-20 08:47:56.900,0.0965183326557083,0.013245535107629073,0.052000000000000046,0.005716326673483336,0.02400000000000002,0.007904031197690911,0.028000000000000025,0.7232166132078663,-0.0040000000000000036
1112,3B00191394,77-2025-01-20,2025-01-20 08:49:03.900,0.0955494162184201,0.0034285292302159904,0.07100000000000001,0.001322524389025851,0.04299999999999998,0.0022066492411488762,0.028000000000000025,0.5993360269334369,0.014999999999999958
1113,3B00191394,78-2025-01-20,2025-01-20 08:49:41.900,0.0906073270122726,0.0034596741395086926,0.07899999999999974,0.001653755108480248,0.052999999999999936,0.001915072394347904,0.0259999999999998,0.8635470457206207,0.027000000000000135
1114,3B00185CB8,79-2025-01-20,2025-01-20 08:49:46.899,0.0925223851691955,0.003657717974268654,0.07899999999999996,0.00175194325377711,0.05499999999999994,0.0020273699436126314,0.02400000000000002,0.8641458157632886,0.030999999999999917
1115,3B004CEFFE,80-2025-01-20,2025-01-20 08:49:59.899,0.1069954981198278,0.009010200387870385,0.040999999999999925,0.005296437572443973,0.02400000000000002,0.004041549465906464,0.016999999999999904,1.310496782762018,0.007000000000000117
1116,3B00191394,83-2025-01-20,2025-01-20 08:51:27.898,0.0905843169776478,0.0036776541983280565,0.05500000000000016,0.0022991738451423995,0.03500000000000014,0.0014742352082664494,0.020000000000000018,1.5595705707273089,0.015000000000000124
1117,3B00191394,84-2025-01-20,2025-01-20 08:51:34.899,0.0907650976461,0.0037166658824312696,0.05799999999999983,0.0022259404479981304,0.039000000000000146,0.00162395910538902,0.018999999999999684,1.370687501065432,0.020000000000000462
1118,3B00185CB8,85-2025-01-20,2025-01-20 08:51:54.899,0.0935639286085422,0.004387248134035249,0.07499999999999996,0.002988564521939053,0.05499999999999994,0.0014944391011921946,0.020000000000000018,1.9997901015537631,0.03499999999999992
1119,3B0018C6F9,86-2025-01-20,2025-01-20 08:52:33.898,0.0943538434024817,0.0032516490167672444,0.08299999999999996,0.0015967054118426632,0.04899999999999993,0.0017649349328678168,0.03400000000000003,0.9046823098731465,0.014999999999999902
1120,3B00186A36,87-2025-01-20,2025-01-20 08:57:39.897,0.0945406447064571,0.0011070571143838583,0.06600000000000028,0.0007416094498317375,0.05500000000000016,0.00041405823075351826,0.01100000000000012,1.7910752516189077,0.04400000000000004
1121,3B00191394,89-2025-01-20,2025-01-20 08:59:01.897,0.0902074074507404,0.004418846198535757,0.06099999999999994,0.002208498265190183,0.03500000000000014,0.0023496125786570104,0.0259999999999998,0.9399414547110208,0.009000000000000341
1122,3B0018C6F9,90-2025-01-20,2025-01-20 08:59:20.897,0.096462641793699,0.003153893111245499,0.08899999999999997,0.002204567052418091,0.05499999999999994,0.001017078568990498,0.03400000000000003,2.1675484270661953,0.020999999999999908
1123,3B004C5268,91-2025-01-20,2025-01-20 08:59:50.897,0.0912717055813623,0.011710275448986238,0.04800000000000004,0.005276459939572645,0.023000000000000576,0.006833529006698351,0.024999999999999467,0.7721427588001107,-0.0019999999999988916
1124,3B0018C6F9,92-2025-01-20,2025-01-20 09:00:51.895,0.0989641308897329,0.013009229505833327,0.050999999999999934,0.007031654545261212,0.028999999999999915,0.006395006289450201,0.02200000000000002,1.0995539686741647,0.006999999999999895
1125,01103FA4B2,96-2025-01-20,2025-01-20 09:05:39.895,0.0944995839190082,0.013391288305653328,0.07099999999999995,0.008650188962541383,0.05499999999999994,0.005223465859608615,0.016000000000000014,1.6560247917825055,0.038999999999999924
1126,3B0019B8CC,99-2025-01-20,2025-01-20 09:07:04.895,0.1538416953491121,0.027899567772517182,0.05699999999999994,0.011298528148269425,0.025999999999999912,0.017335316403661188,0.031000000000000028,0.6517635954936015,-0.0050000000000001155
1127,3B004873F2,101-2025-01-20,2025-01-20 09:08:05.893,0.1000426597534706,0.014545309463195372,0.05299999999999999,0.007154755215332601,0.02899999999999997,0.007862858863146876,0.02400000000000002,0.9099432330989499,0.004999999999999949
1128,01103FA4B2,102-2025-01-20,2025-01-20 09:08:10.893,0.0969394484148949,0.012818828943022078,0.06000000000000005,0.008012458658820736,0.04300000000000015,0.005259043869288485,0.016999999999999904,1.523558056933412,0.026000000000000245
1129,3B004873F2,107-2025-01-20,2025-01-20 09:10:33.891,0.1000426597534706,0.01433757550701497,0.04800000000000004,0.006658820579704147,0.02300000000000002,0.008147724726022399,0.025000000000000022,0.8172613586756369,-0.0020000000000000018
1130,3B0019B8CC,109-2025-01-20,2025-01-20 09:11:13.891,0.1606413689352712,0.027389652383905387,0.052999999999999936,0.011164169549326858,0.02400000000000002,0.01702482731314255,0.028999999999999915,0.6557581668219639,-0.004999999999999893
1131,3B00191394,111-2025-01-20,2025-01-20 09:12:47.891,0.0955494162184201,0.011707238489727299,0.04600000000000004,0.007188030475452848,0.029000000000000026,0.0049329033620771475,0.017000000000000015,1.4571602052277204,0.01200000000000001
1132,3B004873F2,112-2025-01-20,2025-01-20 09:13:03.890,0.1000426597534706,0.013543668016471992,0.05399999999999999,0.006659493072694314,0.030999999999999972,0.007320771155824115,0.02300000000000002,0.9096709801393376,0.007999999999999952
1133,3B00192E1E,114-2025-01-20,2025-01-20 09:13:42.892,0.1005858192823128,0.0038901602405481796,0.04400000000000004,0.002419568729260151,0.028999999999999915,0.0016193972885383458,0.015000000000000124,1.49411682135397,0.01399999999999979
1134,3B00192E1E,116-2025-01-20,2025-01-20 09:14:39.891,0.0918897274139437,0.013331990275583483,0.049000000000000044,0.005538002277730357,0.02100000000000002,0.008208021673935188,0.028000000000000025,0.6747060982205304,-0.007000000000000006
1135,3B00191394,117-2025-01-20,2025-01-20 09:14:57.890,0.0955494162184201,0.01164403817032249,0.04600000000000004,0.006704846020257376,0.028000000000000025,0.005372781360444868,0.018000000000000016,1.2479283206309764,0.010000000000000009
1136,3B00182DFC,119-2025-01-20,2025-01-20 09:18:03.889,0.1144449634497805,0.01281539116410041,0.04899999999999993,0.005567634548927675,0.02299999999999991,0.0076348010350065255,0.026000000000000023,0.7292442230517034,-0.0030000000000001137
1137,3B00182DFC,120-2025-01-20,2025-01-20 09:19:44.887,0.0993644432235166,0.013337054043045209,0.05600000000000005,0.007859829660928182,0.0349999999999997,0.005872441636503784,0.02100000000000035,1.3384261858083975,0.013999999999999346
1138,3B00182DFC,121-2025-01-20,2025-01-20 09:22:39.887,0.1005110889971253,0.01431333641424171,0.051000000000000156,0.0066976751630838435,0.026000000000000245,0.008051614638845659,0.02499999999999991,0.8318424891785523,0.001000000000000334
1139,3B00182DFC,123-2025-01-20,2025-01-20 09:25:09.886,0.101589539199635,0.01452508350530113,0.052999999999999936,0.007265182825437371,0.029000000000000137,0.007702629988738022,0.0239999999999998,0.9432080777682116,0.0050000000000003375
1140,3B004CEFFE,125-2025-01-20,2025-01-20 09:27:01.886,0.1069954981198278,0.009705161324369237,0.062000000000000055,0.0067823100477734845,0.04800000000000004,0.0032434949269032447,0.014000000000000012,2.091049994102798,0.03400000000000003
1141,3B004AB6A7,126-2025-01-20,2025-01-20 09:29:02.885,0.0993894517633795,0.01302877963264782,0.05600000000000005,0.008404436614014518,0.039000000000000146,0.005064923874904837,0.016999999999999904,1.6593411513361445,0.02200000000000024
1142,3B001816CC,128-2025-01-20,2025-01-20 09:31:23.884,0.0927218667093121,0.01405136423174256,0.05800000000000005,0.007220558722634846,0.03300000000000014,0.0072191321837409205,0.02499999999999991,1.0001976053156554,0.00800000000000023
1143,3B004AB6A7,129-2025-01-20,2025-01-20 09:32:26.883,0.1003335166489211,0.016456690904297158,0.06600000000000006,0.010526714666786513,0.04700000000000004,0.006398721775428512,0.019000000000000017,1.645127735856519,0.028000000000000025
1144,3B001816CC,130-2025-01-20,2025-01-20 09:33:19.883,0.0913088152105386,0.011499256924350817,0.06299999999999994,0.006838042008339944,0.040000000000000036,0.004998504064581893,0.02299999999999991,1.3680176948924663,0.017000000000000126
1145,3B004AB6A7,131-2025-01-20,2025-01-20 09:33:38.884,0.1003335166489211,0.0125275677431016,0.05800000000000005,0.008718229592373165,0.04400000000000004,0.00426154166635001,0.014000000000000012,2.0457924091682735,0.030000000000000027
1146,3B004AB6A7,132-2025-01-20,2025-01-20 09:36:22.882,0.1022665164980078,0.012721159672285919,0.050000000000000044,0.0077613219506444155,0.03299999999999992,0.005440263920221891,0.017000000000000126,1.4266443805777453,0.015999999999999792
1147,3B004CD4DE,133-2025-01-20,2025-01-20 09:39:30.881,0.0994476367912997,0.014008597045267634,0.05299999999999999,0.00674960010357103,0.02899999999999997,0.007704265997655245,0.02400000000000002,0.8760860678519196,0.004999999999999949
1148,3B004CD4DE,134-2025-01-20,2025-01-20 09:40:14.881,0.0994476367912997,0.014163291945043477,0.04500000000000004,0.005372833212537921,0.018000000000000016,0.009257304870617333,0.027000000000000024,0.5803884918591461,-0.009000000000000008
1149,3B00484043,135-2025-01-20,2025-01-20 09:40:19.880,0.0938045142806377,0.004061377087147383,0.07099999999999995,0.003219644520093472,0.05499999999999994,0.0009153119573064619,0.016000000000000014,3.517537921790178,0.038999999999999924
1150,3B0018D520,136-2025-01-20,2025-01-20 09:46:30.881,0.0957032352459425,0.011344686767069892,0.053999999999999826,0.007792624394932449,0.03799999999999981,0.003927797745000787,0.016000000000000014,1.9839678366460511,0.021999999999999797
1151,01103FD2E8,137-2025-01-20,2025-01-20 09:51:03.879,0.1459443602257775,0.02933645414334396,0.05400000000000027,0.012782830077945966,0.026000000000000245,0.017464491059148206,0.028000000000000025,0.7319325845026612,-0.0019999999999997797
1152,01103FD2E8,138-2025-01-20,2025-01-20 09:52:12.878,0.1529377838182513,0.03054445706455403,0.051999999999999824,0.013490740982926823,0.02400000000000002,0.017982829401164628,0.027999999999999803,0.7502012437516155,-0.0039999999999997815
1153,01103FD2E8,139-2025-01-20,2025-01-20 09:53:22.879,0.1459443602257775,0.02556339875279156,0.06500000000000017,0.015972284690315145,0.04600000000000004,0.010434746406318205,0.019000000000000128,1.530682593363647,0.026999999999999913
1154,3B0018D520,140-2025-01-20,2025-01-20 09:58:51.878,0.1021846413898618,0.01146157918653225,0.04999999999999982,0.0072168699950352,0.03299999999999992,0.004662322682984785,0.016999999999999904,1.5479130222739135,0.016000000000000014
1155,3B00199DE5,141-2025-01-20,2025-01-20 10:00:21.877,0.1123533740676661,0.01070107953114095,0.04899999999999999,0.007010284340141223,0.032999999999999974,0.004074032005053873,0.016000000000000014,1.7207239244671868,0.01699999999999996
1156,01103FD2E8,142-2025-01-20,2025-01-20 10:00:29.877,0.1510547622739331,0.028082355967921874,0.08099999999999996,0.012507979569988576,0.05400000000000005,0.016395296160643186,0.026999999999999913,0.7629004958150075,0.027000000000000135
1157,3B00191394,144-2025-01-20,2025-01-20 10:01:54.878,0.0955494162184201,0.010877737828653696,0.050999999999999934,0.006948019056964736,0.03400000000000003,0.0043241949968170984,0.016999999999999904,1.606777460794194,0.017000000000000126
1158,3B00192E1E,145-2025-01-20,2025-01-20 10:01:57.877,0.1005858192823128,0.012121904217833575,0.051000000000000045,0.0052898772939143435,0.02400000000000002,0.007208350742560889,0.027000000000000024,0.7338540371906244,-0.0030000000000000027
1159,3B00199DE5,146-2025-01-20,2025-01-20 10:02:01.876,0.1123533740676661,0.011571771146521928,0.04799999999999993,0.007339531579792079,0.030999999999999917,0.004635760207672937,0.017000000000000015,1.583242284112099,0.013999999999999901
1160,01103FD2E8,147-2025-01-20,2025-01-20 10:02:15.877,0.1459443602257775,0.02980727544428551,0.05600000000000005,0.014383267384721015,0.030000000000000027,0.016334677224386578,0.026000000000000023,0.8805357575874081,0.0040000000000000036
1161,01103FD2E8,150-2025-01-20,2025-01-20 10:03:16.876,0.1554457550902563,0.02406868137148874,0.05600000000000005,0.01461489124055539,0.03799999999999981,0.010286023374590149,0.018000000000000238,1.420849506978466,0.019999999999999574
1162,01103FD2E8,153-2025-01-20,2025-01-20 10:04:05.876,0.1459443602257775,0.027545339010773197,0.08000000000000007,0.014130004332545229,0.054999999999999716,0.014178745088051605,0.025000000000000355,0.996562406954657,0.02999999999999936
1163,3B00191394,154-2025-01-20,2025-01-20 10:04:13.877,0.091793285056911,0.01023211156087543,0.05700000000000016,0.006415730889832665,0.04100000000000015,0.0041951277860016204,0.016000000000000014,1.5293290734172136,0.025000000000000133
1164,3B00192E1E,156-2025-01-20,2025-01-20 10:04:50.876,0.0964816615969599,0.012269429922433739,0.051000000000000156,0.005481564340321204,0.025000000000000133,0.007180129391353361,0.026000000000000023,0.7634353145393666,-0.0009999999999998899
1165,3B00191394,160-2025-01-20,2025-01-20 10:06:25.876,0.0955494162184201,0.011478329286962135,0.04700000000000004,0.006499302397662958,0.029000000000000026,0.005414487253523686,0.018000000000000016,1.2003541782157279,0.01100000000000001
1166,3B00191394,161-2025-01-20,2025-01-20 10:07:45.875,0.0955494162184201,0.002714560149785262,0.030999999999999694,0.0016516190907608914,0.018999999999999684,0.001208554366657421,0.01200000000000001,1.366607193128501,0.006999999999999673
1167,3B00185CB8,162-2025-01-20,2025-01-20 10:08:26.874,0.0953970648449805,0.0038218404374497092,0.04400000000000004,0.002504546373707204,0.031000000000000028,0.0014769734751145752,0.013000000000000012,1.6957287425306777,0.018000000000000016
1168,3B00484043,163-2025-01-20,2025-01-20 10:08:29.875,0.0941812955044005,0.012089232183704996,0.05999999999999994,0.0070344472866932725,0.038999999999999924,0.005437478847478267,0.02100000000000002,1.2936964876572585,0.017999999999999905
1169,3B00182DFC,164-2025-01-20,2025-01-20 10:08:44.875,0.1144449634497805,0.013470925009773553,0.052000000000000046,0.007381073019353376,0.030000000000000027,0.006495941989719261,0.02200000000000002,1.136259072361631,0.008000000000000007
1170,3B004CDB63,168-2025-01-20,2025-01-20 10:12:30.872,0.1012702462445025,0.009677978019498013,0.05899999999999994,0.006256002929342441,0.04300000000000004,0.003783240905356998,0.015999999999999903,1.6536094543924122,0.027000000000000135
1171,3B0018D520,169-2025-01-20,2025-01-20 10:12:39.872,0.1021846413898618,0.011327300119229106,0.07200000000000006,0.007659149538301252,0.05499999999999994,0.004000427472373059,0.017000000000000126,1.9145827767645627,0.03799999999999981
1172,3B004CDB63,172-2025-01-20,2025-01-20 10:13:42.873,0.0906034883408599,0.011377176442795902,0.05899999999999972,0.007459925783398726,0.042999999999999705,0.0043324014440635945,0.016000000000000014,1.721891629784348,0.02699999999999969
1173,3B00182DFC,173-2025-01-20,2025-01-20 10:13:58.872,0.1144449634497805,0.013236803510942634,0.05300000000000016,0.006483106558076238,0.029000000000000137,0.007168004274839862,0.02400000000000002,0.9044507103368147,0.0050000000000001155
1174,3B004D0071,174-2025-01-20,2025-01-20 10:14:59.872,0.0917740816701959,0.00286592390506671,0.038999999999999924,0.0019166661620494687,0.028000000000000025,0.0010855852148024788,0.010999999999999899,1.7655603041703218,0.017000000000000126
1175,3B004CEFFE,175-2025-01-20,2025-01-20 10:15:51.872,0.0965857946004626,0.004496216917260563,0.04999999999999982,0.0031151841562550007,0.03599999999999959,0.0015335912354078683,0.014000000000000234,2.0313001824286623,0.021999999999999353
1176,3B004CDB63,176-2025-01-20,2025-01-20 10:16:19.872,0.0909961955516573,0.01031332518455011,0.06000000000000005,0.0067748039193643115,0.04500000000000015,0.00393519596087696,0.014999999999999902,1.7215925170482598,0.03000000000000025
1177,3B004CEFFE,177-2025-01-20,2025-01-20 10:16:54.870,0.1069954981198278,0.009392716006192651,0.06500000000000017,0.006750261017584546,0.052000000000000046,0.0029737306240270054,0.013000000000000123,2.269963850472572,0.038999999999999924
1178,3B004CD4DE,178-2025-01-20,2025-01-20 10:17:02.870,0.0994476367912997,0.013242083842778508,0.04599999999999993,0.0060902324441164555,0.02200000000000002,0.0075839878455099844,0.02399999999999991,0.8030382653793557,-0.0019999999999998908
1179,3B004CDB63,179-2025-01-20,2025-01-20 10:17:29.871,0.1012702462445025,0.011589508357259684,0.05299999999999999,0.007295720153451614,0.035999999999999976,0.004700242776201579,0.017000000000000015,1.5522007055447304,0.01899999999999996
1180,3B0049A710,180-2025-01-20,2025-01-20 10:17:35.870,0.0932259526476738,0.003911435797638761,0.08200000000000007,0.002347068851126853,0.05400000000000005,0.001676125466166914,0.028000000000000025,1.4002942491496781,0.026000000000000023
1181,3B004CD4DE,182-2025-01-20,2025-01-20 10:18:35.869,0.0949408181681109,0.004362514190282612,0.03399999999999981,0.002524940076709188,0.020000000000000018,0.002041255619281814,0.01399999999999979,1.236954378892317,0.006000000000000227
1182,3B004CD4DE,184-2025-01-20,2025-01-20 10:19:34.870,0.0994476367912997,0.014342197945300809,0.04700000000000015,0.005820565766535532,0.020000000000000018,0.008994934321965789,0.027000000000000135,0.6470937483469565,-0.007000000000000117
1183,3B00182DFC,185-2025-01-20,2025-01-20 10:19:54.869,0.0894020456382989,0.0009305824380444634,0.06400000000000006,0.0005710061805228588,0.05400000000000005,0.0004179979997992566,0.010000000000000009,1.3660500308544163,0.04400000000000004
1184,3B00182DFC,186-2025-01-20,2025-01-20 10:20:13.870,0.1048537444566593,0.013565085827413406,0.04899999999999993,0.006685479478847396,0.0259999999999998,0.007309441664153766,0.02300000000000013,0.9146361358397123,0.0029999999999996696
1185,3B0049A710,187-2025-01-20,2025-01-20 10:21:31.868,0.1059882406227716,0.013640884140960341,0.08299999999999996,0.004223141643362572,0.05400000000000005,0.009869218459080025,0.028999999999999915,0.42791044304801407,0.025000000000000133
1186,3B004CD4DE,189-2025-01-20,2025-01-20 10:26:54.867,0.0994476367912997,0.014329011228394445,0.07200000000000001,0.007274737854947156,0.04899999999999999,0.007503654644383384,0.02300000000000002,0.9694926272216465,0.025999999999999968
1187,3B00192E1E,193-2025-01-20,2025-01-20 10:28:30.866,0.1005858192823128,0.003859400022186924,0.03599999999999981,0.002359080013468951,0.02299999999999991,0.001681550922986406,0.0129999999999999,1.4029191630303202,0.010000000000000009
1188,3B00186448,195-2025-01-20,2025-01-20 10:28:55.867,0.1720324744783095,0.02702023282451385,0.050999999999999934,0.011920550494587194,0.02399999999999991,0.015878424990923037,0.027000000000000024,0.7507388485571852,-0.0030000000000001137
1189,3B00192E1E,196-2025-01-20,2025-01-20 10:29:11.868,0.1005858192823128,0.0034289967767474673,0.03400000000000003,0.002025595407346178,0.020000000000000018,0.0015628329769299932,0.014000000000000012,1.29610485397181,0.006000000000000005
1190,3B0049A710,198-2025-01-20,2025-01-20 10:29:40.865,0.1059882406227716,0.01278156510734268,0.06299999999999994,0.007844735057937906,0.04200000000000004,0.005318892155494395,0.020999999999999908,1.4748813904478824,0.02100000000000013
1191,3B00192E1E,199-2025-01-20,2025-01-20 10:29:56.866,0.1005858192823128,0.0033738976127402676,0.03199999999999997,0.0018809802697185324,0.018000000000000016,0.0016545178292147228,0.013999999999999957,1.1368751889553796,0.004000000000000059
1192,3B00186448,200-2025-01-20,2025-01-20 10:30:13.867,0.1656351178275708,0.029260145280199573,0.05400000000000027,0.013390379853360654,0.027000000000000135,0.016657010146759906,0.027000000000000135,0.803888557152937,0.0
1193,3B00182A81,201-2025-01-20,2025-01-20 10:30:25.865,0.0991547467342568,0.0038623867254770823,0.062,0.002500929978794804,0.043999999999999984,0.0014915000817987587,0.018000000000000016,1.6767883618073065,0.025999999999999968
1194,3B00186448,204-2025-01-20,2025-01-20 10:31:24.866,0.1720324744783095,0.02816622694204195,0.06299999999999994,0.01539770849888271,0.038999999999999924,0.013532903897912807,0.02400000000000002,1.1377978159778046,0.014999999999999902
1195,3B0049A710,207-2025-01-20,2025-01-20 10:33:11.865,0.0877796448459452,0.014789993937437563,0.07799999999999985,0.008318789416552147,0.053999999999999826,0.0068715903445965175,0.02400000000000002,1.2106061332794142,0.029999999999999805
1196,3B001877B5,209-2025-01-20,2025-01-20 10:38:52.864,0.1623272214296639,0.021915329339707957,0.06899999999999995,0.016223415140941295,0.05400000000000005,0.006337510784517603,0.014999999999999902,2.559903358361888,0.039000000000000146
1197,3B004AB6A7,211-2025-01-20,2025-01-20 10:48:25.863,0.1003335166489211,0.01656958803861289,0.050000000000000044,0.00679913862567545,0.02200000000000002,0.01027416299933823,0.028000000000000025,0.6617705623429753,-0.006000000000000005
1198,01103F8EAC,212-2025-01-20,2025-01-20 10:48:47.862,0.162299823887924,0.022197069829237612,0.07600000000000001,0.013074781240324415,0.05299999999999999,0.009704286513083494,0.02300000000000002,1.3473201994496722,0.02999999999999997
1199,3B00182A81,213-2025-01-20,2025-01-20 10:48:54.862,0.0963299723942132,0.004150208138236294,0.07099999999999995,0.002451613044864951,0.04299999999999993,0.001794315637165777,0.028000000000000025,1.366322064014006,0.014999999999999902
1200,3B004AB6A7,218-2025-01-20,2025-01-20 10:50:37.862,0.1003335166489211,0.012065272477078042,0.051999999999999824,0.007486007755359571,0.03499999999999992,0.005029214150477051,0.016999999999999904,1.4885044723437515,0.018000000000000016
1201,01103F8EAC,219-2025-01-20,2025-01-20 10:57:59.519,0.1622998238879239,0.020169161238160083,0.06499999999999995,0.013697399283670617,0.04699999999999993,0.0070060055414167205,0.018000000000000016,1.9550939836825758,0.028999999999999915
1202,3B001877B5,220-2025-01-20,2025-01-20 10:58:02.521,0.1648231827362868,0.0203244412017103,0.06899999999999995,0.015072663764853377,0.05500000000000005,0.005845514429597073,0.013999999999999901,2.5785008225345063,0.04100000000000015
1203,01103F9A64,221-2025-01-20,2025-01-20 10:58:05.519,0.17343810965076,0.030229820410073112,0.04899999999999993,0.0156548097661036,0.0259999999999998,0.015494824134185702,0.02300000000000013,1.0103251015005021,0.0029999999999996696
1204,01103F9A64,222-2025-01-20,2025-01-20 10:59:15.519,0.17343810965076,0.02815975011007702,0.04999999999999982,0.01727615823147712,0.03200000000000003,0.011847816580867997,0.017999999999999794,1.4581723234452224,0.014000000000000234
1205,01103F9A64,225-2025-01-20,2025-01-20 11:00:25.520,0.17343810965076,0.033128176359730296,0.05600000000000005,0.014776579522737844,0.028000000000000025,0.019248573405366478,0.028000000000000025,0.7676714118781475,0.0
1206,3B001877B5,226-2025-01-20,2025-01-20 11:00:29.520,0.1694878784051801,0.02288033208879708,0.07099999999999995,0.015992817350700538,0.05499999999999994,0.007599465195383498,0.016000000000000014,2.1044661616998797,0.038999999999999924
1207,01103F8EAC,227-2025-01-20,2025-01-20 11:01:26.518,0.1731222073140373,0.018472574102350474,0.06999999999999984,0.013794457836118235,0.05499999999999994,0.005175907697248144,0.014999999999999902,2.6651282524710176,0.040000000000000036
1208,3B001877B5,228-2025-01-20,2025-01-20 11:01:49.520,0.1639802622960011,0.026058185113175737,0.06999999999999984,0.019266300677906478,0.05499999999999994,0.007539828514777134,0.014999999999999902,2.555270407032057,0.040000000000000036
1209,3B004CD4DE,229-2025-01-20,2025-01-20 11:01:58.518,0.0994476367912997,0.010518295858470654,0.04300000000000004,0.005706974175333229,0.02300000000000002,0.005224687519416927,0.020000000000000018,1.092309186745416,0.0030000000000000027
1210,01103F9A64,230-2025-01-20,2025-01-20 11:02:04.519,0.17343810965076,0.02920985363907967,0.05899999999999972,0.01716694664763635,0.03799999999999981,0.012997561396149096,0.020999999999999908,1.3207821163070295,0.016999999999999904
1211,01103FA4B2,232-2025-01-20,2025-01-20 11:03:16.518,0.1010571764369905,0.012446121545908819,0.06500000000000006,0.008604920442639868,0.051000000000000045,0.004294538849760506,0.014000000000000012,2.0036890440797244,0.03700000000000003
1212,3B001877B5,233-2025-01-20,2025-01-20 11:03:24.518,0.1656651884888598,0.02414881665920875,0.07100000000000017,0.01698870300723586,0.05500000000000016,0.007874091617486517,0.016000000000000014,2.1575444930698953,0.039000000000000146
1213,3B00190DF0,235-2025-01-20,2025-01-20 11:04:00.518,0.1858377627654824,0.023667941909833408,0.06499999999999995,0.016088651036342407,0.050000000000000044,0.008375219330983256,0.014999999999999902,1.9209826513825268,0.03500000000000014
1214,01103F97C4,236-2025-01-20,2025-01-20 11:04:05.518,0.1618435114270357,0.02597988469148932,0.07799999999999985,0.013906352096567013,0.05500000000000016,0.012846922159705803,0.022999999999999687,1.0824656617118844,0.03200000000000047
1215,3B001877B5,237-2025-01-20,2025-01-20 11:04:30.518,0.1694996645523379,0.024365903068558126,0.06699999999999973,0.016669785760680927,0.04999999999999982,0.008428963080979067,0.016999999999999904,1.9776792946570418,0.03299999999999992
1216,3B0018A99B,238-2025-01-20,2025-01-20 11:04:44.518,0.0938369244372144,0.009178478054715226,0.07199999999999962,0.006095130888333476,0.054999999999999716,0.003374612946855553,0.016999999999999904,1.806171843800009,0.03799999999999981
1217,01103FA4B2,240-2025-01-20,2025-01-20 11:05:45.519,0.0995647230465705,0.013766418815953798,0.062000000000000055,0.009113907822345392,0.04600000000000004,0.005112454898396998,0.016000000000000014,1.7826871832557474,0.030000000000000027
1218,01103F8EAC,242-2025-01-20,2025-01-20 11:06:54.517,0.1622998238879239,0.02101341201812643,0.07500000000000018,0.0135704011056874,0.05500000000000016,0.008004774098611105,0.020000000000000018,1.6952884539292594,0.03500000000000014
1219,3B0018C6F9,243-2025-01-20,2025-01-20 11:07:07.518,0.0993678039723161,0.012225671845280643,0.05700000000000016,0.007250768829616256,0.040000000000000036,0.005459526150471915,0.017000000000000126,1.3280948986734882,0.02299999999999991
1220,01103F9A64,245-2025-01-20,2025-01-20 11:07:18.517,0.1682912132838222,0.027645264672047188,0.05400000000000027,0.016641641343449313,0.03500000000000014,0.01192873192940303,0.019000000000000128,1.3950888863911404,0.016000000000000014
1221,01103FD2E8,246-2025-01-20,2025-01-20 11:07:56.518,0.1459443602257775,0.030526594471685663,0.05499999999999994,0.013631037426618078,0.025999999999999912,0.017778958510009105,0.029000000000000026,0.7666949342923629,-0.0030000000000001137
1222,01103F9A64,248-2025-01-20,2025-01-20 11:08:20.516,0.1678418767226315,0.03237885473479747,0.052000000000000046,0.015705250556857796,0.026000000000000245,0.017611209720505776,0.0259999999999998,0.8917757954225735,4.440892098500626e-16
1223,3B0018D520,250-2025-01-20,2025-01-20 11:08:41.516,0.0988246546870378,0.011183719082119835,0.057999999999999996,0.007269372577066743,0.04199999999999998,0.0042904921992593815,0.016000000000000014,1.6942980524056357,0.025999999999999968
1224,01103FD2E8,251-2025-01-20,2025-01-20 11:08:54.517,0.1459443602257775,0.025613112012256935,0.064,0.016595491089202576,0.045999999999999985,0.009843891392712759,0.018000000000000016,1.6858669429741875,0.02799999999999997
1225,3B00190DF0,252-2025-01-20,2025-01-20 11:09:27.516,0.168240941233518,0.023644020930971447,0.05600000000000005,0.01530125177456048,0.040000000000000036,0.009222769132191642,0.016000000000000014,1.6590734903199713,0.02400000000000002
1226,01103F9A64,253-2025-01-20,2025-01-20 11:09:36.515,0.17343810965076,0.03192694887734601,0.05400000000000005,0.015372762726688095,0.028000000000000025,0.017457186760928223,0.026000000000000023,0.8805979415362973,0.0020000000000000018
1227,3B00191394,254-2025-01-20,2025-01-20 11:09:46.516,0.0955494162184201,0.011319032958695583,0.043999999999999984,0.006652108101053297,0.02699999999999997,0.005100431504815593,0.017000000000000015,1.3042245729155824,0.009999999999999953
1228,3B00191394,256-2025-01-20,2025-01-20 11:10:44.516,0.0906839021565542,0.00396267287519975,0.03299999999999992,0.0022571061545300698,0.018999999999999906,0.0018960807053541738,0.014000000000000012,1.1904061615923986,0.004999999999999893
1229,01103FD2E8,258-2025-01-20,2025-01-20 11:11:58.514,0.1459443602257775,0.030126682031940934,0.05799999999999983,0.01385861167138222,0.030000000000000027,0.017123389523950174,0.027999999999999803,0.8093381075048507,0.002000000000000224
1230,3B0018D520,259-2025-01-20,2025-01-20 11:12:02.515,0.1021846413898618,0.011369891972943063,0.051000000000000045,0.0070158850187975194,0.03400000000000003,0.004765670611935425,0.017000000000000015,1.472171618665068,0.017000000000000015
1231,3B00190DF0,261-2025-01-20,2025-01-20 11:13:02.515,0.1858377627654824,0.0231585340919943,0.050000000000000044,0.015327362286086487,0.03499999999999992,0.008709951216109705,0.015000000000000124,1.7597529430173369,0.019999999999999796
1232,3B004CD4DE,266-2025-01-20,2025-01-20 11:16:31.513,0.0953138566799505,0.014519376782365699,0.05600000000000005,0.006851761790468463,0.03200000000000003,0.008143064745198504,0.02400000000000002,0.8414229783090638,0.008000000000000007
1233,3B00186448,269-2025-01-20,2025-01-20 11:17:08.513,0.1593277019967654,0.03028028283892319,0.05400000000000027,0.012166729918908284,0.02400000000000002,0.018940939812810444,0.03000000000000025,0.6423509096776435,-0.006000000000000227
1234,3B00186448,270-2025-01-20,2025-01-20 11:17:55.514,0.1720324744783095,6.9858026909166145e-06,0.0030000000000000027,5.7847825383545155e-06,0.0020000000000000018,3.6630124595641022e-06,0.0010000000000000009,1.5792418404830935,0.0010000000000000009
1235,3B004AB6A7,271-2025-01-20,2025-01-20 11:18:18.513,0.1003335166489211,-0.0001004638225957969,0.028999999999999915,-0.0001931811837118709,0.02299999999999991,0.00011502174795054592,0.006000000000000005,-1.679518761920832,0.016999999999999904
1236,01103F8EAC,272-2025-01-20,2025-01-20 11:20:25.513,0.1693465896743778,0.024054880084216638,0.06599999999999984,0.010666437194090045,0.03300000000000036,0.013966731396144107,0.032999999999999474,0.7637031809056486,8.881784197001252e-16
1237,3B001877B5,274-2025-01-20,2025-01-20 11:23:21.512,0.1782068500941566,0.020284313220401293,0.07,0.014192587380253743,0.05499999999999999,0.006744290688176651,0.015000000000000013,2.1043854775024196,0.03999999999999998
1238,01103F8EAC,275-2025-01-20,2025-01-20 11:23:36.513,0.1622998238879239,0.020322609087982335,0.07299999999999995,0.014138558338845215,0.05499999999999999,0.006726775264944054,0.01799999999999996,2.1018330153717133,0.03700000000000003
1239,011016B2E1,276-2025-01-20,2025-01-20 11:23:42.511,0.1012101392178434,0.01532747012632259,0.04699999999999993,0.006523118852466577,0.020999999999999908,0.009316913974022605,0.026000000000000023,0.7001372847977688,-0.0050000000000001155
1240,3B00192E1E,277-2025-01-20,2025-01-20 11:24:35.511,0.1005858192823128,0.013241927841639025,0.04699999999999993,0.005444007850995407,0.020000000000000018,0.008216135215367036,0.026999999999999913,0.6625995931533861,-0.006999999999999895
1241,3B0049A710,279-2025-01-20,2025-01-20 11:25:01.512,0.0955003214481397,0.013855497429572925,0.06500000000000039,0.008426334766737991,0.04600000000000026,0.005876624595837918,0.019000000000000128,1.4338732429336885,0.027000000000000135
1242,011016B2E1,280-2025-01-20,2025-01-20 11:25:11.511,0.1016619776403348,0.005747075974587987,0.03699999999999992,0.003160053018282615,0.020000000000000018,0.002823438791029635,0.016999999999999904,1.1192213652098424,0.0030000000000001137
1243,01103F97C4,281-2025-01-20,2025-01-20 11:25:56.511,0.1618435114270358,0.025944054153277038,0.05499999999999994,0.013830684585106778,0.030999999999999917,0.01283999705572218,0.02400000000000002,1.0771563673328957,0.006999999999999895
1244,3B00192E1E,282-2025-01-20,2025-01-20 11:26:22.510,0.1005858192823128,0.004402115199790152,0.03799999999999981,0.0027354776975838844,0.0239999999999998,0.0018524389124891388,0.014000000000000012,1.4766898272009403,0.009999999999999787
1245,3B00186448,283-2025-01-20,2025-01-20 11:26:30.512,0.1720324744783095,0.02795394801425638,0.054999999999999716,0.00955904867805618,0.020999999999999908,0.019145787520035703,0.03399999999999981,0.49927686014758166,-0.0129999999999999
1246,3B00191394,286-2025-01-20,2025-01-20 11:26:43.510,0.0955494162184201,0.012182582535187898,0.044999999999999984,0.00774398938927566,0.029000000000000026,0.004874763541419872,0.01599999999999996,1.5885876973265596,0.013000000000000067
1247,3B004D0071,287-2025-01-20,2025-01-20 11:27:13.511,0.0844145070589476,0.010982563733449385,0.06899999999999995,0.00812389574098481,0.05500000000000016,0.0032129736495055327,0.01399999999999979,2.528466345260894,0.04100000000000037
1248,3B004CD4DE,289-2025-01-20,2025-01-20 11:27:31.511,0.0994476367912997,0.014541861340700506,0.04700000000000004,0.005579092923096136,0.019000000000000017,0.009432734691182547,0.028000000000000025,0.5914608123465313,-0.009000000000000008
1249,3B00191394,290-2025-01-20,2025-01-20 11:28:03.510,0.0955494162184201,0.01205515825044729,0.06400000000000006,0.0081621446612928,0.04800000000000004,0.0042866876082207975,0.016000000000000014,1.9040679907814702,0.03200000000000003
1250,01103FA4B2,291-2025-01-20,2025-01-20 11:28:15.510,0.0998456297315621,0.01279161241337318,0.05799999999999983,0.00826470260145526,0.040999999999999925,0.004947976755478915,0.016999999999999904,1.6703196093845267,0.02400000000000002
1251,3B004CDB63,292-2025-01-20,2025-01-20 11:28:23.510,0.1012702462445025,0.009926475850160375,0.05400000000000005,0.006011861666287093,0.037000000000000144,0.00428666459138561,0.016999999999999904,1.4024567441941695,0.02000000000000024
1252,3B00186448,295-2025-01-20,2025-01-20 11:30:13.509,0.1720324744783095,0.02964252773083866,0.051999999999999824,0.016147342667916797,0.028999999999999915,0.014382787423399119,0.02299999999999991,1.122685206460533,0.006000000000000005
1253,3B004CDB63,296-2025-01-20,2025-01-20 11:30:18.509,0.0926243535832445,0.011368094102355883,0.07499999999999996,0.0055300437297693215,0.050999999999999934,0.0062753187820911585,0.02400000000000002,0.8812371007431936,0.026999999999999913
1254,3B001877B5,298-2025-01-20,2025-01-20 11:31:18.509,0.1782068500941566,0.020750260024658553,0.06299999999999994,0.013218562857985398,0.04299999999999993,0.008136286528210157,0.020000000000000018,1.624643234005336,0.02299999999999991
1255,3B001857EE,299-2025-01-20,2025-01-20 11:31:46.510,0.1008818015661151,0.011735658880809517,0.06800000000000006,0.007442998922147971,0.049000000000000155,0.004687493858244642,0.018999999999999906,1.5878418505139549,0.03000000000000025
1256,3B00192E1E,302-2025-01-20,2025-01-20 11:33:01.508,0.1005858192823128,0.0039785386645858675,0.03499999999999992,0.0023796307198363734,0.020999999999999908,0.001780328459160158,0.014000000000000012,1.3366245467754454,0.006999999999999895
1257,3B001857EE,304-2025-01-20,2025-01-20 11:33:34.509,0.0977687392677557,0.006879136909615299,0.049000000000000044,0.004413889891036816,0.031000000000000028,0.002655401138327767,0.018000000000000016,1.662230925236574,0.013000000000000012
1258,011016B2E1,305-2025-01-20,2025-01-20 11:33:46.509,0.1022847820082712,0.014863500220822303,0.04699999999999993,0.006773216187868292,0.02200000000000002,0.008605959947692152,0.02499999999999991,0.7870378469149925,-0.0029999999999998916
1259,01103F97C4,306-2025-01-20,2025-01-20 11:33:55.509,0.1618435114270358,0.023668087104814894,0.06099999999999994,0.015657180540769765,0.04400000000000004,0.008787529067577795,0.016999999999999904,1.7817500710794838,0.027000000000000135
1260,3B0049A710,307-2025-01-20,2025-01-20 11:34:30.509,0.0978366382424402,0.011700928121028938,0.054999999999999716,0.007682951219797923,0.0389999999999997,0.0044138962154852334,0.016000000000000014,1.7406279723668836,0.022999999999999687
1261,01103F8EAC,308-2025-01-20,2025-01-20 11:35:28.509,0.162299823887924,0.019816935710827818,0.07200000000000006,0.013683274411918023,0.052000000000000046,0.0066299422310593485,0.020000000000000018,2.0638602773665005,0.03200000000000003
1262,011016B2E1,309-2025-01-20,2025-01-20 11:35:51.508,0.1034056593821557,0.01244914823235076,0.06999999999999995,0.006204523833248426,0.041000000000000036,0.006603755432914323,0.028999999999999915,0.9395447630183194,0.012000000000000122
1263,01103F97C4,310-2025-01-20,2025-01-20 11:35:59.508,0.1728204372205902,0.0266666105673356,0.051000000000000156,0.01516352134171541,0.02900000000000036,0.012275347790924403,0.021999999999999797,1.235282421319772,0.007000000000000561
1264,0700ED9568,311-2025-01-20,2025-01-20 11:37:06.507,0.1613283166959491,0.023376975202469792,0.07099999999999995,0.016584314421814086,0.05499999999999994,0.007523683119320016,0.016000000000000014,2.204281355128758,0.038999999999999924
1265,3B004B0F76,312-2025-01-20,2025-01-20 11:37:19.507,0.1774240499055155,0.021061484514259644,0.05600000000000005,0.014708422438896303,0.040000000000000036,0.00701178956019891,0.016000000000000014,2.097670261296184,0.02400000000000002
1266,01103F97C4,313-2025-01-20,2025-01-20 11:38:12.507,0.1720225509664873,0.027786639776593278,0.06199999999999983,0.014733838984746143,0.03600000000000003,0.013742934013053505,0.0259999999999998,1.0721028690635817,0.010000000000000231
1267,3B0018A99B,314-2025-01-20,2025-01-20 11:38:21.507,0.0941824178758108,0.004134430569686157,0.04499999999999993,0.0027570313730635914,0.03299999999999992,0.0015595915572778913,0.01200000000000001,1.767790650185174,0.020999999999999908
1268,3B004CD4DE,315-2025-01-20,2025-01-20 11:39:04.507,0.0994476367912997,0.020731240577404685,0.08499999999999996,0.01075726693370519,0.05500000000000016,0.010830053662306284,0.029999999999999805,0.9932791904019436,0.025000000000000355
1269,3B00186448,316-2025-01-20,2025-01-20 11:39:17.507,0.166255675869415,0.028595622009011397,0.07200000000000006,0.02012855599676603,0.05400000000000005,0.0091672752767229,0.018000000000000016,2.195696691674077,0.03600000000000003
1270,3B0018C6F9,318-2025-01-20,2025-01-20 11:39:37.508,0.0973789819561331,0.003642122756653316,0.08199999999999996,0.001994197058895089,0.05500000000000005,0.0017615634849426339,0.026999999999999913,1.1320608515906145,0.028000000000000136
1271,011016B2E1,319-2025-01-20,2025-01-20 11:39:49.508,0.1034056593821557,0.013138345190402603,0.06099999999999994,0.007830614489534862,0.03599999999999992,0.0057038477787332625,0.025000000000000022,1.372865264520422,0.010999999999999899
1272,3B001877B5,322-2025-01-20,2025-01-20 11:41:14.506,0.1682035063367732,0.020212654475215107,0.06999999999999984,0.013992751880269858,0.052000000000000046,0.006783222508550545,0.017999999999999794,2.0628472474006845,0.03400000000000025
1273,3B004CD4DE,323-2025-01-20,2025-01-20 11:41:32.506,0.0994476367912997,0.01475040460893892,0.08100000000000002,0.0068342556052499144,0.05499999999999999,0.008334958603416416,0.026000000000000023,0.8199507556580571,0.02899999999999997
1274,3B00192E1E,324-2025-01-20,2025-01-20 11:41:37.507,0.1005858192823128,5.175226721489105e-05,0.006000000000000005,3.2346907154877866e-05,0.0030000000000000027,3.157709289980598e-05,0.0030000000000000027,1.0243788830566039,0.0
1275,011016B2E1,325-2025-01-20,2025-01-20 11:42:04.506,0.1034056593821557,0.015393559175637592,0.04499999999999993,0.006827020280260231,0.020000000000000018,0.00910936326257163,0.02499999999999991,0.749450876364867,-0.004999999999999893
1276,3B00191394,328-2025-01-20,2025-01-20 11:57:54.505,0.0955494162184201,0.011670773710144026,0.04499999999999993,0.007304677293616863,0.029000000000000026,0.004796033927678483,0.015999999999999903,1.5230662259206926,0.013000000000000123
1277,01103F8EAC,330-2025-01-20,2025-01-20 12:02:21.504,0.1622998238879239,0.021692326118754317,0.07899999999999996,0.012031849697485534,0.05499999999999994,0.010223047417543887,0.02400000000000002,1.1769337660351198,0.030999999999999917
1278,3B0018C6F9,332-2025-01-20,2025-01-20 12:03:53.504,0.0981224075626449,0.005239514403359619,0.03499999999999992,0.003063433422509161,0.020000000000000018,0.002415090643189924,0.014999999999999902,1.2684548429465514,0.0050000000000001155
1279,3B00190DF0,333-2025-01-20,2025-01-20 12:03:56.504,0.1858377627654824,0.024938208815555085,0.05800000000000005,0.01656941556118478,0.04200000000000004,0.009234455998712811,0.016000000000000014,1.794303374610739,0.026000000000000023
1280,3B001877B5,334-2025-01-20,2025-01-20 12:04:55.504,0.1690608236105072,0.02393561384136466,0.06999999999999984,0.017132429122314854,0.05499999999999994,0.007508556189678075,0.014999999999999902,2.281720838137511,0.040000000000000036
1281,01103F97C4,335-2025-01-20,2025-01-20 12:05:35.503,0.1618435114270358,0.028267037487509732,0.05500000000000016,0.01731239140483302,0.03400000000000003,0.011728442285836822,0.02100000000000013,1.4761032183906753,0.0129999999999999
1282,3B004AB6A7,337-2025-01-20,2025-01-20 12:06:11.504,0.1049029955762353,0.013934762619516906,0.04800000000000004,0.008193862564044701,0.030000000000000027,0.006263441150656633,0.018000000000000016,1.3082046062148587,0.01200000000000001
1283,01103F8EAC,339-2025-01-20,2025-01-20 12:06:57.502,0.1622998238879239,0.021232705082003,0.07299999999999995,0.014665148236817901,0.05300000000000016,0.007081141228437971,0.019999999999999796,2.071014793197803,0.03300000000000036
1284,01103F97C4,340-2025-01-20,2025-01-20 12:08:10.502,0.1689613618487944,0.02338538053432839,0.050000000000000266,0.014135994688681309,0.03200000000000003,0.01009930676159035,0.018000000000000238,1.399699506350602,0.01399999999999979
1285,01103F8EAC,341-2025-01-20,2025-01-20 12:09:33.502,0.1622998238879239,0.020213507365301416,0.06899999999999995,0.015485171935662574,0.052999999999999936,0.005203989720406783,0.016000000000000014,2.9756346126010675,0.03699999999999992
1286,3B004873F2,343-2025-01-20,2025-01-20 12:09:47.501,0.1000426597534706,0.014382965777790557,0.06300000000000006,0.007756363384914746,0.03600000000000003,0.007032567571819168,0.027000000000000024,1.1029205628959706,0.009000000000000008
1287,01103F97C4,344-2025-01-20,2025-01-20 12:10:06.502,0.169710600462396,0.027626766986120214,0.06099999999999994,0.017036745671564612,0.04200000000000004,0.011462124311287484,0.018999999999999906,1.4863515007237744,0.02300000000000013
1288,3B004873F2,345-2025-01-20,2025-01-20 12:10:35.500,0.0958067424613378,0.015793704814507127,0.04499999999999993,0.0069537788735692194,0.020000000000000018,0.009371580696506013,0.02499999999999991,0.7420070422230672,-0.004999999999999893
1289,3B001877B5,346-2025-01-20,2025-01-20 12:10:40.502,0.1782068500941566,0.022856336580561517,0.06499999999999995,0.01602089430855606,0.04899999999999993,0.0075373745317432565,0.016000000000000014,2.125527163481781,0.03299999999999992
1290,3B004873F2,347-2025-01-20,2025-01-20 12:11:38.500,0.1000426597534706,0.015596652107588722,0.04800000000000004,0.0066394025480397325,0.02100000000000002,0.009446377514964603,0.027000000000000024,0.7028517055899826,-0.006000000000000005
1291,3B004873F2,349-2025-01-20,2025-01-20 12:13:08.500,0.1000426597534706,0.01499513240537455,0.050000000000000044,0.006424956504685751,0.02299999999999991,0.009019890807791094,0.027000000000000135,0.7123097875127357,-0.004000000000000226
1292,3B004873F2,350-2025-01-20,2025-01-20 12:13:59.503,0.1000426597534706,0.015205703942961082,0.049000000000000044,0.006586081527840484,0.02200000000000002,0.009083093730220324,0.027000000000000024,0.725092322446036,-0.0050000000000000044
1293,3B001877B5,352-2025-01-20,2025-01-20 12:15:20.502,0.1782068500941566,0.019714598206795865,0.061999999999999944,0.014768549129648164,0.04899999999999993,0.005556394096236386,0.013000000000000012,2.657937661342563,0.03599999999999992
1294,3B004CD4DE,353-2025-01-20,2025-01-20 12:16:32.501,0.0994476367912997,0.01043478548244328,0.04600000000000004,0.006120844973965748,0.026999999999999913,0.004701547587094559,0.019000000000000128,1.3018787666357068,0.007999999999999785
1295,3B004CD4DE,355-2025-01-20,2025-01-20 12:17:46.499,0.0994476367912997,0.0035762829964251885,0.03300000000000014,0.0022134203217446047,0.02100000000000013,0.0015346068621159667,0.01200000000000001,1.4423370417441426,0.009000000000000119
1296,3B0018C6F9,356-2025-01-20,2025-01-20 12:18:18.499,0.1013064305157634,0.009501372117909739,0.07000000000000028,0.0059738210203762335,0.04800000000000004,0.003832317582078615,0.02200000000000024,1.5588011411977205,0.0259999999999998
1297,3B0018D520,357-2025-01-20,2025-01-20 12:18:59.498,0.0985253224186717,0.01083836628240442,0.06000000000000005,0.0069719594756756315,0.04400000000000004,0.004258541446215707,0.016000000000000014,1.6371707458362688,0.028000000000000025
1298,3B0018D520,358-2025-01-20,2025-01-20 12:20:00.498,0.0992458342617828,0.009892414422647114,0.051000000000000156,0.006258407475464349,0.03399999999999981,0.003993522387308365,0.017000000000000348,1.5671396998684453,0.01699999999999946
1299,3B001857EE,359-2025-01-20,2025-01-20 12:21:26.498,0.1005124236609979,0.0050924223072203465,0.04700000000000015,0.0034549785879172115,0.03300000000000014,0.0018274498831251024,0.014000000000000012,1.89060100625517,0.019000000000000128
1300,01103FD2E8,360-2025-01-20,2025-01-20 12:23:13.499,0.1459443602257775,0.010876771896982091,0.04899999999999999,0.006940847306112721,0.032999999999999974,0.0043042835622902785,0.016000000000000014,1.6125441564587688,0.01699999999999996
1301,3B0019B8CC,361-2025-01-20,2025-01-20 12:23:17.499,0.1538416953491121,0.023752012162984167,0.07800000000000007,0.012154969727366495,0.05499999999999994,0.012316571592973037,0.02300000000000013,0.9868793142323192,0.031999999999999806
1302,3B001857EE,362-2025-01-20,2025-01-20 12:23:23.499,0.0977687392677557,0.004730058507799833,0.04200000000000004,0.002980517978666829,0.026999999999999913,0.001926647988441452,0.015000000000000124,1.546996647310699,0.011999999999999789
1303,01103FA4B2,363-2025-01-20,2025-01-20 12:24:07.497,0.100307444613546,0.01455848918518564,0.05600000000000005,0.009377551596702486,0.038999999999999924,0.005675951619290565,0.017000000000000126,1.6521549558018576,0.021999999999999797
1304,3B0018D520,364-2025-01-20,2025-01-20 12:24:19.498,0.1021846413898618,0.011813828614058861,0.05499999999999994,0.006751268694501114,0.03400000000000003,0.005463908654563568,0.020999999999999908,1.2356115596592774,0.013000000000000123
1305,01103FD2E8,365-2025-01-20,2025-01-20 12:24:45.497,0.1573554084908281,0.010858879558421328,0.04599999999999982,0.0066063652139185325,0.028000000000000025,0.0045959137709433735,0.017999999999999794,1.4374432470177714,0.010000000000000231
1306,3B0019B8CC,366-2025-01-20,2025-01-20 12:25:39.498,0.149879086606886,0.02299107498657752,0.052999999999999936,0.014796845548900449,0.03600000000000003,0.008952435485854277,0.016999999999999904,1.652829062245789,0.019000000000000128
1307,01103FD2E8,367-2025-01-20,2025-01-20 12:30:42.497,0.1459443602257775,0.02125903734839445,0.07300000000000001,0.015219584951855302,0.05499999999999999,0.00664223243527899,0.018000000000000016,2.2913357971364103,0.03699999999999998
1308,3B00191394,369-2025-01-20,2025-01-20 12:33:06.497,0.0955494162184201,0.010461513263620442,0.07799999999999996,0.004922913050139936,0.05499999999999994,0.005951004613963585,0.02300000000000002,0.8272406710269876,0.03199999999999992
1309,3B004CD4DE,372-2025-01-20,2025-01-20 12:34:55.495,0.0994476367912997,0.014953451696703186,0.07200000000000001,0.006989144181622541,0.046999999999999986,0.008421085298059128,0.025000000000000022,0.8299576520419978,0.021999999999999964
1310,3B001857EE,374-2025-01-20,2025-01-20 12:36:20.495,0.0977687392677557,1.2230712788272799e-05,0.006000000000000005,6.377922243247888e-06,0.0030000000000000027,8.466856221473306e-06,0.0030000000000000027,0.7532810380165018,0.0
1311,01103FD2E8,375-2025-01-20,2025-01-20 12:36:25.496,0.158865412912794,0.024210214272560128,0.07099999999999973,0.01638638174381793,0.054999999999999716,0.00862081215122371,0.016000000000000014,1.90079327288113,0.0389999999999997
1312,3B004CD4DE,376-2025-01-20,2025-01-20 12:36:47.495,0.0971920536793138,0.010197749476784862,0.07400000000000029,0.00440958615855972,0.04200000000000026,0.006082591434471694,0.03200000000000003,0.7249518903356553,0.010000000000000231
1313,3B004B0F76,379-2025-01-20,2025-01-20 12:42:07.495,0.1774240499055155,0.022074831335411323,0.06900000000000006,0.015576894304670902,0.05500000000000005,0.007274637738036439,0.014000000000000012,2.141260481360464,0.041000000000000036
1314,3B00191394,380-2025-01-20,2025-01-20 12:42:13.494,0.0955494162184201,0.011563404433098246,0.053999999999999826,0.007363857970211664,0.03799999999999981,0.004621156083284643,0.016000000000000014,1.5935099004441229,0.021999999999999797
1315,3B0018C6F9,381-2025-01-20,2025-01-20 12:42:30.495,0.098122407562645,0.003582235593709621,0.09200000000000003,0.001590872327269567,0.05499999999999999,0.0020896334125892657,0.03700000000000003,0.7613164671301443,0.01799999999999996
1316,3B004873F2,387-2025-01-20,2025-01-20 12:44:45.494,0.1000426597534706,0.014660415515884767,0.052000000000000046,0.006519236218653543,0.025000000000000022,0.008582048818868638,0.027000000000000024,0.7596363474791986,-0.0020000000000000018
1317,3B004CD4DE,389-2025-01-20,2025-01-20 12:45:30.495,0.0994476367912997,0.015303368606374925,0.04999999999999999,0.006387746750413715,0.02200000000000002,0.009391661770219942,0.02799999999999997,0.6801508515424445,-0.00599999999999995
1318,3B0018D520,391-2025-01-20,2025-01-20 12:46:15.492,0.1021846413898618,0.011174286396335326,0.07099999999999995,0.0070171661066278975,0.05499999999999994,0.004561104573789432,0.016000000000000014,1.5384795487813019,0.038999999999999924
1319,3B00192E1E,394-2025-01-20,2025-01-20 12:46:57.494,0.0989245808280772,0.003675864883468042,0.03699999999999992,0.002073778097920006,0.020999999999999908,0.0017570404272723645,0.016000000000000014,1.1802677193599616,0.004999999999999893
1320,3B001857EE,395-2025-01-20,2025-01-20 12:47:27.493,0.1021838634516159,0.005138852785832695,0.04699999999999993,0.0033656133914320525,0.03200000000000003,0.0019493831927489642,0.014999999999999902,1.7265016975374456,0.017000000000000126
1321,3B004CDB63,397-2025-01-20,2025-01-20 12:47:42.493,0.0824058756915591,0.011863471065775453,0.07399999999999984,0.007328429018208209,0.05500000000000016,0.004980410224476807,0.018999999999999684,1.4714508821365335,0.036000000000000476
1322,3B004873F2,398-2025-01-20,2025-01-20 12:47:57.495,0.1000426597534706,0.014447027366675117,0.05599999999999983,0.007987057784188348,0.03299999999999992,0.006883970251298233,0.02299999999999991,1.1602400203112566,0.010000000000000009
1323,3B0018D520,400-2025-01-20,2025-01-20 12:48:29.492,0.1021846413898618,0.003175183719594033,0.031999999999999806,0.0019785464507867767,0.020000000000000018,0.0013529527145166218,0.011999999999999789,1.4623914269566065,0.00800000000000023
1324,3B00192E1E,403-2025-01-20,2025-01-20 12:49:07.494,0.1005858192823128,0.002968682051223096,0.04700000000000015,0.002062482577464875,0.03500000000000014,0.0010192926997329233,0.01200000000000001,2.0234448632912705,0.02300000000000013
1325,011016B2E1,404-2025-01-20,2025-01-20 12:49:26.493,0.1034056593821557,0.016047984314448562,0.04899999999999999,0.006973334848487268,0.022999999999999965,0.009607905719732038,0.026000000000000023,0.7257913484898093,-0.003000000000000058
1326,3B001877B5,405-2025-01-20,2025-01-20 12:49:33.492,0.1782068500941566,0.02319720999847895,0.06899999999999995,0.016858797083394435,0.05400000000000005,0.007017434439265858,0.014999999999999902,2.4024160438267166,0.039000000000000146
1327,3B0019B8CC,406-2025-01-20,2025-01-20 12:49:36.492,0.1538416953491121,0.02546161006548264,0.08000000000000002,0.012558926822924563,0.05499999999999999,0.013651025688003905,0.025000000000000022,0.91999876858784,0.02999999999999997
1328,3B004B0F76,407-2025-01-20,2025-01-20 12:49:52.493,0.1774240499055155,0.02522845343344872,0.06700000000000017,0.017307239256410808,0.051000000000000156,0.0087285949295356,0.016000000000000014,1.982820762806509,0.03500000000000014
1329,01103F97C4,409-2025-01-20,2025-01-20 12:50:23.492,0.1720935021540027,0.012288118185312018,0.05699999999999994,0.0089224275227254,0.041999999999999815,0.003722383974543658,0.015000000000000124,2.396965918546658,0.02699999999999969
1330,3B001877B5,410-2025-01-20,2025-01-20 12:50:26.493,0.1721024296022581,0.023301103861103952,0.06299999999999994,0.016107528202787227,0.04699999999999993,0.007911088900658484,0.016000000000000014,2.0360696744852036,0.030999999999999917
1331,011016B2E1,411-2025-01-20,2025-01-20 12:50:38.493,0.1044787339349843,0.012608092000087978,0.08599999999999985,0.005250766960989682,0.053999999999999826,0.007794675196502883,0.03200000000000003,0.6736351199528446,0.021999999999999797
1332,01103FA4B2,412-2025-01-20,2025-01-20 12:50:44.493,0.098960792533209,0.013812770651763697,0.06800000000000006,0.010361341279404164,0.054999999999999716,0.003880510921983012,0.013000000000000345,2.6700971824888797,0.04199999999999937
1333,011016B2E1,413-2025-01-20,2025-01-20 12:50:53.492,0.1019215038386709,0.015748251545838976,0.052999999999999936,0.007257358541794017,0.028000000000000025,0.009015133699105645,0.02499999999999991,0.8050195131896924,0.0030000000000001137
1334,3B0018D520,414-2025-01-20,2025-01-20 12:51:38.493,0.1021846413898618,0.012247596116223633,0.05800000000000005,0.007898446724430812,0.04100000000000015,0.004758831719069576,0.016999999999999904,1.659744910243449,0.024000000000000243
1335,3B001877B5,415-2025-01-20,2025-01-20 12:52:03.492,0.1738535783344391,0.020223961162274675,0.06899999999999995,0.014189450166712702,0.05400000000000027,0.0066751846306579935,0.01499999999999968,2.125701527646585,0.03900000000000059
1336,3B004B0F76,416-2025-01-20,2025-01-20 12:52:07.493,0.166754417964252,0.024290596886767945,0.07199999999999984,0.01643605323416099,0.05499999999999994,0.008626520943472637,0.016999999999999904,1.905293378624152,0.038000000000000034
1337,3B00190DF0,418-2025-01-20,2025-01-20 12:52:16.492,0.1858377627654824,0.02561714721381607,0.052000000000000046,0.01625077661755457,0.03499999999999992,0.010269136012306935,0.017000000000000126,1.5824872314554024,0.017999999999999794
1338,3B00190DF0,422-2025-01-20,2025-01-20 12:56:00.492,0.1858377627654824,0.023648345366344577,0.062000000000000055,0.014684978067122385,0.04600000000000004,0.00989962353950366,0.016000000000000014,1.483387525649147,0.030000000000000027
1339,3B004CDB63,424-2025-01-20,2025-01-20 12:56:25.491,0.0948287851824152,0.010867148239553122,0.06999999999999984,0.007155557622439089,0.05499999999999994,0.004137706245455492,0.014999999999999902,1.7293537041925462,0.040000000000000036
1340,3B0019B8CC,425-2025-01-20,2025-01-20 12:57:12.492,0.1566895765351043,0.026262580173430725,0.08200000000000007,0.014540578977934171,0.05500000000000005,0.012354756870141825,0.027000000000000024,1.1769214992060992,0.028000000000000025
1341,3B0019B8CC,426-2025-01-20,2025-01-20 12:57:26.491,0.1538416953491121,0.028561669905087763,0.07399999999999995,0.01970757118921147,0.05499999999999994,0.009608340570203051,0.019000000000000017,2.051089992618256,0.03599999999999992
1342,3B004CDB63,427-2025-01-20,2025-01-20 12:58:10.490,0.1012702462445025,0.010863242650744679,0.055999999999999994,0.007150898170351968,0.04099999999999998,0.004124205508235036,0.015000000000000013,1.7338850249031872,0.025999999999999968
1343,3B00182DFC,428-2025-01-20,2025-01-20 12:58:26.491,0.1144449634497805,0.014032543071614122,0.052999999999999936,0.007429001681211763,0.030000000000000027,0.007011440933187222,0.02299999999999991,1.059554198916246,0.007000000000000117
1344,3B00190DF0,429-2025-01-20,2025-01-20 12:58:30.491,0.1858377627654824,0.02398050784497303,0.051999999999999935,0.014942375040960647,0.03600000000000003,0.00993901220188067,0.015999999999999903,1.5034064489963332,0.02000000000000013
1345,3B004B0F76,432-2025-01-20,2025-01-20 13:02:31.491,0.1774240499055155,0.019438019466921228,0.06899999999999995,0.01357141314120216,0.05499999999999994,0.006560648915298508,0.014000000000000012,2.0686083520725425,0.040999999999999925
1346,3B0019F652,433-2025-01-20,2025-01-20 13:03:05.490,0.0905389973583477,0.003383348403657894,0.03500000000000003,0.002028763125437718,0.02200000000000002,0.0015183723829785957,0.013000000000000012,1.3361433256958266,0.009000000000000008
1347,3B00190DF0,434-2025-01-20,2025-01-20 13:03:12.490,0.1858377627654824,0.02509643052945882,0.049000000000000044,0.01595597566686961,0.03300000000000003,0.010064804233635294,0.016000000000000014,1.5853239960243608,0.017000000000000015
1348,3B001877B5,436-2025-01-20,2025-01-20 13:03:32.489,0.1698145415107292,0.023235368957530415,0.06599999999999984,0.016728798191668365,0.04999999999999982,0.007168731499818832,0.016000000000000014,2.3335785685502564,0.03399999999999981
1349,3B0019F652,439-2025-01-20,2025-01-20 13:04:16.490,0.0857896865734982,0.005905614525967572,0.04699999999999993,0.0038478797681845514,0.03200000000000003,0.00227135255774104,0.014999999999999902,1.6940918110975414,0.017000000000000126
1350,3B00190DF0,441-2025-01-20,2025-01-20 13:04:29.490,0.1858377627654824,0.024240562152465225,0.050000000000000044,0.01590219224886612,0.03400000000000003,0.009236945530560068,0.016000000000000014,1.721585582187786,0.018000000000000016
1351,3B0019F652,443-2025-01-20,2025-01-20 13:05:41.490,0.0905389973583477,0.004109611789416903,0.038000000000000034,0.002524484594099434,0.02400000000000002,0.0017704339957665997,0.014000000000000012,1.4259128553427545,0.010000000000000009
1352,3B004D0071,444-2025-01-20,2025-01-20 13:05:45.489,0.0949071936548209,0.0042424578192108275,0.052000000000000046,0.0027849905982668937,0.03500000000000003,0.0015966948164159722,0.017000000000000015,1.7442222330991433,0.018000000000000016
1353,3B0019F652,445-2025-01-20,2025-01-20 13:06:33.489,0.0905389973583477,0.002215616248989284,0.024999999999999967,0.00121890734663602,0.013999999999999957,0.001133953689706658,0.01100000000000001,1.07491810088941,0.002999999999999947
1354,01103F97C4,447-2025-01-20,2025-01-20 13:06:53.489,0.1724642421757425,0.023444928060428836,0.052999999999999936,0.014672280198559921,0.0349999999999997,0.009596939033671927,0.018000000000000238,1.5288499955121728,0.01699999999999946
1355,3B00182DFC,449-2025-01-20,2025-01-20 13:08:12.489,0.1144449634497805,0.014461467918226023,0.050000000000000044,0.006995245084279591,0.026000000000000023,0.00791155392786113,0.02400000000000002,0.8841809267892761,0.0020000000000000018
1356,01103F97C4,450-2025-01-20,2025-01-20 13:09:15.489,0.15754966119084,0.010723894376074811,0.04700000000000015,0.006504682626458339,0.02900000000000036,0.004556446474543561,0.017999999999999794,1.4275779739319643,0.011000000000000565
1357,3B004CD4DE,458-2025-01-20,2025-01-20 13:12:38.487,0.1585185595518365,9.077654681612238e-05,0.05899999999999994,6.687994018217705e-05,0.05499999999999994,3.306230492000012e-05,0.0040000000000000036,2.0228456649953612,0.050999999999999934
1358,3B0018C2F6,461-2025-01-20,2025-01-20 13:13:32.488,0.1576520521087552,0.02824192449309442,0.04400000000000004,0.013897498502350975,0.02200000000000002,0.015313447188025396,0.02200000000000002,0.9075356013385643,0.0
1359,3B004CD4DE,463-2025-01-20,2025-01-20 13:13:57.487,0.0994476367912997,0.0032176988684582647,0.07200000000000006,0.0012830548035200348,0.03200000000000003,0.0019996829446767986,0.040000000000000036,0.641629117723665,-0.008000000000000007
1360,3B0018C2F6,467-2025-01-20,2025-01-20 13:16:39.486,0.160709544673348,0.029368314416132427,0.049000000000000155,0.014129094274272759,0.02400000000000002,0.016128224457305784,0.025000000000000133,0.8760477206697446,-0.001000000000000112
1361,3B0019F652,468-2025-01-20,2025-01-20 13:16:53.488,0.0885402923995932,0.0010525966318193716,0.036000000000000476,0.0005749952155951204,0.020999999999999908,0.000521251701990421,0.015000000000000568,1.103104725412843,0.005999999999999339
1362,3B0018C2F6,470-2025-01-20,2025-01-20 13:17:44.486,0.1576520521087552,0.029048704201382468,0.07800000000000007,0.015371652207791879,0.05499999999999994,0.014559593257140258,0.02300000000000013,1.0557748376832832,0.031999999999999806
1363,3B004873F2,474-2025-01-20,2025-01-20 13:23:18.486,0.1000144855903411,0.004381086039185196,0.06099999999999994,0.002337030393083504,0.038999999999999924,0.002205597742746548,0.02200000000000002,1.0595904900470599,0.016999999999999904
1364,3B004B0F76,475-2025-01-20,2025-01-20 13:24:08.484,0.1666699208054596,0.024569942808424932,0.06299999999999994,0.017006158586294933,0.04699999999999993,0.008355087695240264,0.016000000000000014,2.0354255043885443,0.030999999999999917
1365,3B00185E23,478-2025-01-20,2025-01-20 13:25:53.485,0.1086580372530637,0.0037327786883742825,0.07299999999999995,0.0014085689659521438,0.03300000000000014,0.002419170454170619,0.039999999999999813,0.5822528807442191,-0.006999999999999673
1366,3B0019F652,480-2025-01-20,2025-01-20 13:25:59.484,0.0905389973583477,0.002919177785582649,0.03200000000000003,0.0017416085128509533,0.019000000000000017,0.0013331545847015285,0.013000000000000012,1.3063815200702107,0.006000000000000005
1367,3B00191394,481-2025-01-20,2025-01-20 13:26:13.486,0.0955494162184201,0.0022210482171198882,0.09599999999999997,0.001096551835736286,0.05499999999999999,0.0011913884378948168,0.04099999999999998,0.9203982520376754,0.014000000000000012
1368,3B0018D520,483-2025-01-20,2025-01-20 13:28:56.485,0.1021846413898618,0.0037371809883873187,0.06800000000000006,0.0016803710148132359,0.03200000000000003,0.0021485683375358734,0.03600000000000003,0.7820886985332761,-0.0040000000000000036
1369,3B004B0F76,484-2025-01-20,2025-01-20 13:30:53.484,0.1774240499055155,0.023151724016286006,0.06899999999999995,0.01697435384328949,0.05499999999999994,0.006945437170208755,0.014000000000000012,2.443957583562635,0.040999999999999925
1370,3B001877B5,490-2025-01-20,2025-01-20 13:33:36.483,0.1782068500941566,0.022104588003680967,0.06800000000000006,0.016736043957283984,0.05400000000000005,0.005990383155188251,0.014000000000000012,2.793818612886047,0.040000000000000036
1371,3B001857EE,492-2025-01-20,2025-01-20 13:33:52.483,0.0977687392677557,0.005695718552015377,0.04299999999999993,0.0034180498001715244,0.026000000000000023,0.0024860855845202615,0.016999999999999904,1.3748721369264942,0.009000000000000119
1372,3B00192E1E,493-2025-01-20,2025-01-20 13:34:37.483,0.0994958078267939,0.004577277726208398,0.06899999999999995,0.003232571794157117,0.05400000000000005,0.0014781169938335953,0.014999999999999902,2.1869525941740413,0.039000000000000146
1373,3B0018D520,496-2025-01-20,2025-01-20 13:35:31.483,0.1043523704267213,0.003629485139551094,0.06900000000000006,0.00237254598655848,0.051000000000000045,0.0013710106063772021,0.018000000000000016,1.730508849109318,0.03300000000000003
1374,3B00192E1E,498-2025-01-20,2025-01-20 13:35:53.483,0.100736769063236,0.003742163479575494,0.08600000000000008,0.0019522936381375375,0.05499999999999994,0.0018816233574112421,0.03100000000000014,1.0375581438484716,0.0239999999999998
1375,3B001877B5,499-2025-01-20,2025-01-20 13:36:06.483,0.1782068500941566,0.023115167974322046,0.06600000000000028,0.01598416422870293,0.050000000000000266,0.007841206378043053,0.016000000000000014,2.038482786712742,0.03400000000000025
1376,3B004873F2,501-2025-01-20,2025-01-20 13:36:37.482,0.1007326451739639,0.004795884923432111,0.04800000000000004,0.002952844000358754,0.03200000000000003,0.0020307966578002965,0.016000000000000014,1.454032332098278,0.016000000000000014
1377,3B001877B5,504-2025-01-20,2025-01-20 13:37:01.482,0.1739375388998826,0.026550466703859802,0.07599999999999985,0.015884710444900866,0.05499999999999994,0.011398281098786073,0.020999999999999908,1.3936057820676664,0.03400000000000003
1378,3B0018A99B,507-2025-01-20,2025-01-20 13:38:07.483,0.0938189856643421,0.003812842452452669,0.08399999999999996,0.0019191329837639328,0.05499999999999999,0.0019874331901378363,0.02899999999999997,0.9656339610746026,0.026000000000000023
1379,3B004B0F76,508-2025-01-20,2025-01-20 13:38:30.482,0.1636579580342548,0.02518273953054956,0.06099999999999994,0.01746093126766712,0.04600000000000004,0.008579261980193575,0.014999999999999902,2.035248638866387,0.03100000000000014
1380,3B00484043,509-2025-01-20,2025-01-20 13:38:36.482,0.0941812955044005,0.009418448332324627,0.05300000000000016,0.005562535109914968,0.03200000000000003,0.004134915988448253,0.02100000000000013,1.3452595229153543,0.010999999999999899
1381,3B004873F2,510-2025-01-20,2025-01-20 13:38:38.482,0.1000426597534706,0.005113434339956277,0.059,0.003273437724703852,0.04400000000000004,0.0020395881364844498,0.014999999999999958,1.6049503652958759,0.02900000000000008
1382,3B001857EE,511-2025-01-20,2025-01-20 13:38:55.484,0.0977687392677557,0.0008090692763332189,0.030000000000000027,0.0005154679555090794,0.020000000000000018,0.00033539291416575704,0.010000000000000009,1.5369077095478714,0.010000000000000009
1383,3B001870F2,512-2025-01-20,2025-01-20 13:39:08.482,0.1033449037589002,0.007426364203792502,0.06099999999999994,0.003213387206986426,0.03400000000000003,0.0044254511077804004,0.026999999999999913,0.7261151753178245,0.007000000000000117
1384,3B0018A99B,513-2025-01-20,2025-01-20 13:39:17.481,0.0953925610419349,0.003694834701290235,0.07099999999999973,0.00193359987487382,0.04699999999999971,0.0018780886630494697,0.02400000000000002,1.0295572903007764,0.022999999999999687
1385,3B001877B5,514-2025-01-20,2025-01-20 13:39:28.482,0.1713699099798264,0.025606232050632935,0.06400000000000006,0.017561475881704265,0.04700000000000015,0.008799659405571602,0.016999999999999904,1.9956995006630622,0.03000000000000025
1386,3B001877B5,517-2025-01-20,2025-01-20 13:41:11.481,0.1732752950612119,0.025364256588545527,0.0690000000000004,0.01750532846178145,0.052000000000000046,0.008624701959285335,0.017000000000000348,2.029673436185844,0.0349999999999997
1387,3B004873F2,518-2025-01-20,2025-01-20 13:41:17.482,0.1000426597534706,0.00458146617514228,0.07199999999999995,0.0025894984094343067,0.05499999999999994,0.0021896922829837797,0.017000000000000015,1.182585530194102,0.03799999999999992
1388,3B001870F2,519-2025-01-20,2025-01-20 13:43:06.481,0.099070958308261,0.0020408912127107405,0.04500000000000037,0.0013225257248634232,0.03100000000000014,0.0007954774529390488,0.014000000000000234,1.6625558901475965,0.016999999999999904
1389,3B0018D520,520-2025-01-20,2025-01-20 13:43:49.482,0.1021846413898618,0.003705445743674514,0.06399999999999995,0.002065479100667546,0.03799999999999992,0.0017605424437063223,0.026000000000000023,1.1732060809163263,0.0119999999999999
1390,3B004CDB63,522-2025-01-20,2025-01-20 13:44:12.480,0.0947876296985091,0.010674315808618752,0.07099999999999995,0.006620993590724728,0.05499999999999994,0.00447384209874008,0.016000000000000014,1.4799345718055914,0.038999999999999924
1391,3B001877B5,523-2025-01-20,2025-01-20 13:44:28.480,0.1731133964272173,0.009578443154107214,0.04499999999999993,0.006206402737262003,0.030999999999999694,0.0037385451524955633,0.014000000000000234,1.6601117504543417,0.01699999999999946
1392,3B00191394,527-2025-01-20,2025-01-20 13:45:49.481,0.1107401214312527,6.236943285131353e-05,0.05899999999999994,4.201780439501442e-05,0.05499999999999994,2.7409392300164025e-05,0.0040000000000000036,1.5329710317861727,0.050999999999999934
1393,3B0018D520,528-2025-01-20,2025-01-20 13:45:56.480,0.1043787578229934,0.0036913244935698596,0.06199999999999983,0.0016631587429634018,0.03299999999999992,0.002137235302573327,0.028999999999999915,0.7781823278704428,0.0040000000000000036
1394,3B00191394,529-2025-01-20,2025-01-20 13:46:42.480,0.0980990938741269,0.003422455786146697,0.037000000000000144,0.0020140802009767983,0.02400000000000002,0.0015717302003397048,0.013000000000000123,1.2814414334861584,0.010999999999999899
1395,3B00182A81,530-2025-01-20,2025-01-20 13:46:50.481,0.1024112506862033,0.004142657238342971,0.07799999999999996,0.0021833271556371396,0.04699999999999993,0.002070131224306363,0.031000000000000028,1.0546805584118006,0.015999999999999903
1396,3B0018D520,532-2025-01-20,2025-01-20 13:47:43.481,0.1045551712454063,0.012826468860199076,0.051000000000000156,0.007774710913987589,0.03299999999999992,0.005485572178010749,0.018000000000000238,1.4173017256345644,0.01499999999999968
1397,3B00182A81,533-2025-01-20,2025-01-20 13:47:46.480,0.0991547467342567,0.004869648932735501,0.069,0.003096782509227993,0.04800000000000004,0.0019108392629287707,0.020999999999999963,1.6206399822879451,0.02700000000000008
1398,3B00182A81,534-2025-01-20,2025-01-20 13:48:52.480,0.0991547467342567,0.005467216540136016,0.063,0.003821882951407233,0.046999999999999986,0.0018101273837512698,0.016000000000000014,2.1113889473827214,0.030999999999999972
1399,3B004CDB63,535-2025-01-20,2025-01-20 13:49:52.480,0.0967362303386076,0.0037872701907326846,0.06100000000000039,0.0021876869568436233,0.040000000000000036,0.0017332868605994852,0.02100000000000035,1.2621609305265122,0.018999999999999684
1400,3B00190DF0,536-2025-01-20,2025-01-20 13:50:39.480,0.1801564921443559,0.029496984486065726,0.07200000000000006,0.016818910599166927,0.051000000000000156,0.013582974330760483,0.020999999999999908,1.2382347333954853,0.03000000000000025
1401,3B00192E1E,538-2025-01-20,2025-01-20 13:51:28.480,0.1021652060853179,0.003799272234159192,0.07799999999999996,0.0021853574558903,0.05500000000000005,0.001722561585922691,0.02299999999999991,1.268667241711252,0.03200000000000014
1402,011016B2E1,539-2025-01-20,2025-01-20 13:51:43.480,0.1032784248133764,0.01459939485194976,0.08099999999999952,0.005985407022577352,0.054999999999999716,0.009137595379392537,0.0259999999999998,0.6550308668816609,0.028999999999999915
1403,011016B2E1,540-2025-01-20,2025-01-20 13:51:53.479,0.10450444006882,0.015583010826311272,0.04800000000000004,0.006919309183619817,0.02300000000000013,0.00918864414467825,0.02499999999999991,0.7530283113235205,-0.0019999999999997797
1404,3B0019B8CC,542-2025-01-20,2025-01-20 13:52:17.480,0.1538416953491121,0.026660220996949945,0.07699999999999996,0.015461852844356768,0.05499999999999994,0.011929839417210542,0.02200000000000002,1.2960654627128325,0.03299999999999992
1405,011016B2E1,546-2025-01-20,2025-01-20 13:54:03.480,0.1044158614524459,0.004041190652313136,0.06400000000000006,0.0021101701804087792,0.03699999999999992,0.0020475594051472235,0.027000000000000135,1.0305782460348465,0.009999999999999787
1406,3B004C0894,547-2025-01-20,2025-01-20 13:54:24.479,0.1099451948965244,0.0008242443680076446,0.022999999999999687,0.0004852423003239624,0.014000000000001123,0.00039246746067675685,0.008999999999998565,1.2363886154720392,0.005000000000002558
1407,3B004CD4DE,548-2025-01-20,2025-01-20 13:54:56.479,0.0994476367912997,0.013216366264785485,0.07700000000000001,0.006571350683146079,0.05499999999999999,0.007094517752198475,0.02200000000000002,0.9262575572680363,0.032999999999999974
1408,3B004CD4DE,549-2025-01-20,2025-01-20 13:55:51.479,0.0994476367912997,0.011122390556947104,0.07599999999999996,0.0061077330113045855,0.05499999999999994,0.005419427880319945,0.02100000000000002,1.127006973094733,0.03399999999999992
1409,3B00185CB8,550-2025-01-20,2025-01-20 13:56:18.480,0.0953970648449805,0.0027298202333535253,0.039000000000000035,0.0017249185081259194,0.025000000000000022,0.001117212641568256,0.014000000000000012,1.5439482547428154,0.01100000000000001
1410,01103FD2E8,552-2025-01-20,2025-01-20 13:59:24.479,0.1459443602257775,0.008248882270642705,0.04200000000000004,0.005316023038945583,0.026999999999999913,0.003244538527795981,0.015000000000000124,1.6384527393967376,0.011999999999999789
1411,011016B2E1,553-2025-01-20,2025-01-20 13:59:36.479,0.1034056593821557,0.014183018571857723,0.052999999999999936,0.008251577177377229,0.030999999999999917,0.006385408803672675,0.02200000000000002,1.2922551133501736,0.008999999999999897
1412,3B00182DFC,554-2025-01-20,2025-01-20 14:00:00.477,0.1045986171478088,0.012451312170004919,0.07800000000000007,0.0058734218100752415,0.05500000000000005,0.007049452212621856,0.02300000000000002,0.8331742145239366,0.03200000000000003
1413,01103FD2E8,555-2025-01-20,2025-01-20 14:00:27.478,0.1459443602257775,0.004431389142537389,0.08699999999999997,0.0027904699638167073,0.05499999999999999,0.001808780219077062,0.03199999999999997,1.542735780934489,0.02300000000000002
1414,011016B2E1,556-2025-01-20,2025-01-20 14:02:57.479,0.1034056593821557,0.015472644891220013,0.049000000000000044,0.006930204883779002,0.02400000000000002,0.009065031325218843,0.025000000000000022,0.7644987242900341,-0.0010000000000000009
1415,01103F97C4,557-2025-01-20,2025-01-20 14:03:05.479,0.1733793186415017,0.027255583576928515,0.0810000000000004,0.011936206827265634,0.05500000000000016,0.016204144030187002,0.026000000000000245,0.7366144614013213,0.028999999999999915
1416,01103FD2E8,558-2025-01-20,2025-01-20 14:03:08.477,0.1459443602257775,0.021579642721186815,0.065,0.015406019740379296,0.046999999999999986,0.006776124592075955,0.018000000000000016,2.273573859370177,0.02899999999999997
1417,01103F97C4,559-2025-01-20,2025-01-20 14:04:24.479,0.1740378213485231,0.025902171777943243,0.07600000000000007,0.015564434494484839,0.05500000000000016,0.011069016308040015,0.020999999999999908,1.4061262592213875,0.03400000000000025
1418,01103F97C4,562-2025-01-20,2025-01-20 14:05:19.477,0.1737759760363592,0.024212138672598478,0.06199999999999983,0.016259320382355676,0.04499999999999993,0.00871378988777825,0.016999999999999904,1.8659298183400777,0.028000000000000025
1419,3B004CDB63,565-2025-01-20,2025-01-20 14:12:08.006,0.1012702462445025,0.01180387352780539,0.061999999999999944,0.004863813263311496,0.03700000000000003,0.0073748908458095225,0.02499999999999991,0.6595098646205939,0.012000000000000122
1420,3B00191394,568-2025-01-20,2025-01-20 14:12:38.005,0.0955494162184201,0.012244347220898635,0.04699999999999993,0.007582192988554423,0.030000000000000027,0.005122084303813305,0.016999999999999904,1.4802944541364944,0.013000000000000123
1421,3B004CEFFE,572-2025-01-20,2025-01-20 14:13:24.006,0.1069954981198278,0.0110101213509098,0.07000000000000006,0.007763710753785746,0.05499999999999994,0.0035948795482022575,0.015000000000000124,2.1596581052815123,0.039999999999999813
1422,3B001877B5,574-2025-01-20,2025-01-20 14:14:03.006,0.1782068500941566,0.02433691501213616,0.064,0.016767211162951084,0.04799999999999999,0.008321143435667163,0.016000000000000014,2.015012875644144,0.03199999999999997
1423,01103FD2E8,576-2025-01-20,2025-01-20 14:14:48.004,0.1459443602257775,0.025028815973896428,0.07099999999999995,0.01665923305985146,0.05499999999999994,0.009210605334424585,0.016000000000000014,1.8087012150642987,0.038999999999999924
1424,3B0019F652,577-2025-01-20,2025-01-20 14:14:59.005,0.0905389973583477,0.010506263580164285,0.07299999999999995,0.006007179962708263,0.05499999999999994,0.004895216146537305,0.018000000000000016,1.2271531599186933,0.03699999999999992
1425,3B00191394,578-2025-01-20,2025-01-20 14:15:03.004,0.0955494162184201,0.011102058416073573,0.04999999999999999,0.006788268031896861,0.032999999999999974,0.004735586071424113,0.017000000000000015,1.43345890656686,0.01599999999999996
1426,011016B2E1,579-2025-01-20,2025-01-20 14:15:32.004,0.10561727976507,0.015085883291509426,0.04699999999999993,0.006375003311564723,0.020999999999999908,0.009215167674830162,0.026000000000000023,0.6917946082497317,-0.0050000000000001155
1427,3B004CDB63,580-2025-01-20,2025-01-20 14:16:03.004,0.1012702462445025,0.010541247283019061,0.061,0.006878543151552076,0.045999999999999985,0.004075164933850148,0.015000000000000013,1.687917731725607,0.030999999999999972
1428,3B001870F2,581-2025-01-20,2025-01-20 14:16:13.004,0.1033449037589002,0.009726077885395343,0.05999999999999983,0.005721995018281478,0.040000000000000036,0.004311404669334005,0.019999999999999796,1.3271765137196851,0.02000000000000024
1429,01103F97C4,584-2025-01-20,2025-01-20 14:16:37.004,0.1618435114270358,0.024612946507564737,0.07000000000000006,0.017671702510414774,0.05499999999999994,0.0076946142274444285,0.015000000000000124,2.296632682036872,0.039999999999999813
1430,3B0019F652,585-2025-01-20,2025-01-20 14:16:42.005,0.0905389973583477,0.01089564113855735,0.052999999999999936,0.007276528898302914,0.03699999999999992,0.004002064637498682,0.016000000000000014,1.8181937468283358,0.020999999999999908
1431,3B0019B8CC,4-2025-01-23,2025-01-23 08:02:26.832,0.1483318349553951,0.006368613305413336,0.08099999999999996,0.003719588357895182,0.05500000000000016,0.002814486849259611,0.0259999999999998,1.3215866895500579,0.02900000000000036
1432,3B00484043,5-2025-01-23,2025-01-23 08:02:46.833,0.0941812955044005,5.0281743611588216e-08,0.0,5.0281743611588216e-08,0.0,5.0281743611588216e-08,0.0,1.0,0.0
1433,3B004C0894,7-2025-01-23,2025-01-23 08:03:53.833,0.1003435710796431,0.004262308853179063,0.08300000000000018,0.0019058967951834595,0.054999999999999716,0.0024851928921831123,0.02800000000000047,0.7669009521064695,0.026999999999999247
1434,3B00484043,8-2025-01-23,2025-01-23 08:04:11.833,0.0892390695916781,0.004355835458679183,0.08699999999999974,0.0023024567067952396,0.054999999999999716,0.002166467958061781,0.03200000000000003,1.0627697945992796,0.022999999999999687
1435,3B00199DE5,10-2025-01-23,2025-01-23 08:05:27.832,0.0975016775398295,0.01660977230002184,0.0470000000000006,0.006487228291432851,0.019000000000000128,0.010665955882697848,0.02800000000000047,0.6082181815467974,-0.009000000000000341
1436,3B004C0894,11-2025-01-23,2025-01-23 08:06:43.831,0.1021122863686225,0.0021994169480815144,0.08999999999999986,0.0008503450606612263,0.054999999999999716,0.0014009267486817451,0.03500000000000014,0.6069875255514898,0.019999999999999574
1437,3B004C5268,12-2025-01-23,2025-01-23 08:06:58.832,0.0890541521070664,0.010951143475802368,0.052000000000000046,0.005030580189047574,0.027000000000000135,0.006270934535035908,0.02499999999999991,0.8022058213080626,0.002000000000000224
1438,3B0019B8CC,13-2025-01-23,2025-01-23 08:08:46.832,0.1538416953491121,0.004836383943344286,0.06599999999999995,0.004074727432657314,0.05499999999999994,0.0008631145696997315,0.01100000000000001,4.720957768184667,0.04399999999999993
1439,3B004C0894,14-2025-01-23,2025-01-23 08:08:59.829,0.1067658805452534,0.0010087738268604628,0.029000000000000026,0.0005811033997865264,0.017000000000000015,0.00047898466058134397,0.01200000000000001,1.2131983497785521,0.0050000000000000044
1440,3B0019B8CC,17-2025-01-23,2025-01-23 08:10:38.831,0.1538416953491121,0.005996202265932498,0.09099999999999997,0.0024402166877265014,0.05400000000000005,0.0036958292447032523,0.03699999999999992,0.6602622919399602,0.017000000000000126
1441,3B00199DE5,18-2025-01-23,2025-01-23 08:11:01.828,0.0949902798224367,0.014553758848444296,0.05500000000000016,0.006255773694508573,0.027000000000000135,0.008713742417512016,0.028000000000000025,0.7179204289922937,-0.0009999999999998899
1442,01103FA4B2,20-2025-01-23,2025-01-23 08:20:33.825,0.0909962292567467,0.011009260700003019,0.058000000000000274,0.008044639453201234,0.04499999999999993,0.0033665525322132007,0.013000000000000345,2.389577877138492,0.031999999999999584
1443,3B00484043,22-2025-01-23,2025-01-23 08:21:12.827,0.092196617496948,0.004314829655071547,0.06,0.002273207425650814,0.03199999999999997,0.0021628981766324607,0.028000000000000025,1.05100066670272,0.003999999999999948
1444,3B004C0894,23-2025-01-23,2025-01-23 08:23:11.825,0.1030943959208952,0.010320467219236741,0.062000000000000055,0.007466910187655641,0.04600000000000004,0.0031380005970109946,0.016000000000000014,2.3795120353922226,0.030000000000000027
1445,3B00185CB8,28-2025-01-23,2025-01-23 08:33:00.823,0.0953970648449805,0.00191591969505551,0.07500000000000001,0.0010508695983136888,0.046999999999999986,0.0009304869368488872,0.028000000000000025,1.1293759822921103,0.01899999999999996
1446,3B0019B8CC,29-2025-01-23,2025-01-23 08:33:14.826,0.1520444150516947,0.006280459229536217,0.07700000000000007,0.0034058559146851407,0.04600000000000004,0.003063665680357496,0.031000000000000028,1.1116930729490415,0.015000000000000013
1447,3B00199DE5,32-2025-01-23,2025-01-23 08:40:10.823,0.097814930709142,0.003193357807337542,0.05600000000000005,0.0014590951863458843,0.026000000000000023,0.001825587717828852,0.030000000000000027,0.7992468245136791,-0.0040000000000000036
1448,01103FA4B2,34-2025-01-23,2025-01-23 08:43:48.823,0.0943163056448282,0.012825986350077572,0.052000000000000046,0.008856809302729057,0.03600000000000003,0.004369069269269959,0.016000000000000014,2.0271615661998803,0.020000000000000018
1449,01103FA4B2,36-2025-01-23,2025-01-23 08:44:44.822,0.0954584215593353,0.012114181402590485,0.07399999999999984,0.00634499577109869,0.054999999999999716,0.006267201518056893,0.019000000000000128,1.0124129171238005,0.03599999999999959
1450,0700ED9568,37-2025-01-23,2025-01-23 08:45:56.822,0.150735995054502,0.016085969332750208,0.07600000000000007,0.009359024704143992,0.05500000000000016,0.007261742514529682,0.020999999999999908,1.2888125247374107,0.03400000000000025
1451,3B0018A99B,39-2025-01-23,2025-01-23 08:48:31.821,0.0922548963106816,0.004479707527157961,0.056999999999999995,0.002915500305880287,0.04199999999999998,0.0017278452141314814,0.015000000000000013,1.6873619708729477,0.02699999999999997
1452,3B0018C6F9,41-2025-01-23,2025-01-23 08:49:20.823,0.098542995024965,0.0036024581661024606,0.08299999999999996,0.0015197248061885407,0.05400000000000005,0.002200996102439835,0.028999999999999915,0.6904713754394678,0.025000000000000133
1453,0700ED9568,43-2025-01-23,2025-01-23 08:49:41.821,0.1557668900228975,0.011945937974382917,0.0479999999999996,0.00400257620105519,0.017999999999999794,0.00829924139478991,0.029999999999999805,0.48228217624419545,-0.01200000000000001
1454,0700ED9568,45-2025-01-23,2025-01-23 08:49:56.822,0.1545368539577682,0.02264380193419875,0.07699999999999996,0.014364046717907157,0.05500000000000005,0.008880317090211202,0.02199999999999991,1.6175150697873937,0.03300000000000014
1455,0700ED9568,48-2025-01-23,2025-01-23 08:51:59.821,0.1557668900228976,0.02115672382732122,0.06899999999999995,0.015176001574540842,0.05500000000000005,0.006664402990916867,0.013999999999999901,2.2771734535298527,0.04100000000000015
1456,3B00185CB8,55-2025-01-23,2025-01-23 08:56:38.819,0.09789542233693,0.014105715619476164,0.053999999999999826,0.0069352026600263275,0.03100000000000014,0.00761682495384807,0.022999999999999687,0.9105109677651995,0.008000000000000451
1457,3B004873F2,58-2025-01-23,2025-01-23 09:02:53.818,0.1000426597534706,0.00015598492795262226,0.04899999999999993,-0.00010733454329551064,0.04200000000000026,0.0003294092627619008,0.006999999999999673,-0.32583948124462053,0.035000000000000586
1458,3B004873F2,59-2025-01-23,2025-01-23 09:03:45.818,0.1000426597534706,0.000832664640368347,0.02200000000000024,0.0004170150653453576,0.010000000000000231,0.0004699866975573421,0.01200000000000001,0.8872912095442413,-0.0019999999999997797
1459,3B004873F2,60-2025-01-23,2025-01-23 09:04:15.818,0.1000426597534706,0.0005989926144000993,0.051000000000000156,0.00012441659743955434,0.040000000000000036,0.0005500782501637834,0.01100000000000012,0.226179816058006,0.028999999999999915
1460,3B00185CB8,62-2025-01-23,2025-01-23 09:06:00.818,0.0953970648449805,0.001977636869800472,0.1100000000000001,0.0009626645853660178,0.05500000000000005,0.0010807660653856606,0.05500000000000005,0.8907242891850982,0.0
1461,3B004873F2,64-2025-01-23,2025-01-23 09:07:30.817,0.1000426597534706,0.0004204984929696334,0.016999999999999904,0.00018974711470136043,0.007000000000000117,0.000267895579406634,0.009999999999999787,0.708287591462443,-0.0029999999999996696
1462,0700ED9568,67-2025-01-23,2025-01-23 09:08:11.816,0.1557668900228975,0.023988096454209004,0.06199999999999983,0.014795876197101713,0.04299999999999993,0.00999510092975733,0.018999999999999906,1.48031283536633,0.02400000000000002
1463,3B004873F2,70-2025-01-23,2025-01-23 09:09:26.817,0.1000426597534706,0.011964450221313332,0.08800000000000097,0.0055555206056740886,0.054999999999999716,0.006947475495479056,0.03300000000000125,0.7996459446728877,0.021999999999998465
1464,3B004873F2,71-2025-01-23,2025-01-23 09:09:44.817,0.0980744519955014,0.011817040336933328,0.056999999999999496,0.005602791421094928,0.03200000000000003,0.006597463108193043,0.024999999999999467,0.8492342176399768,0.007000000000000561
1465,3B00186A36,72-2025-01-23,2025-01-23 09:10:33.816,0.0949001366521732,0.01295412506091029,0.04499999999999993,0.005324944722086967,0.019000000000000128,0.008071530140555866,0.0259999999999998,0.6597193629162675,-0.006999999999999673
1466,3B004873F2,74-2025-01-23,2025-01-23 09:17:59.814,0.0973545604046096,0.014449480059959248,0.04800000000000004,0.006441920435904991,0.021999999999999797,0.008454177669323135,0.026000000000000245,0.7619807257280824,-0.004000000000000448
1467,3B004AB6A7,75-2025-01-23,2025-01-23 09:22:51.814,0.1003335166489211,0.028861060842268,0.09799999999999986,0.0152407676011243,0.05500000000000016,0.014416035231941005,0.042999999999999705,1.0572093752487488,0.012000000000000455
1468,01103FA4B2,79-2025-01-23,2025-01-23 09:27:42.814,0.0945229772901116,0.012375735942883891,0.05300000000000016,0.008000156057850797,0.03600000000000003,0.004799167873369523,0.017000000000000126,1.6669881673119804,0.018999999999999906
1469,3B00186A36,80-2025-01-23,2025-01-23 09:28:49.812,0.1177048050359731,0.012220616229628018,0.04899999999999993,0.00519054703827166,0.021999999999999797,0.007409268746968995,0.027000000000000135,0.7005478159224585,-0.0050000000000003375
1470,3B0018A99B,84-2025-01-23,2025-01-23 09:30:16.812,0.0913296672033603,0.011988401715319801,0.04800000000000004,0.006949503769581113,0.03100000000000014,0.005542672610943047,0.016999999999999904,1.253818195189902,0.014000000000000234
1471,3B0019F652,90-2025-01-23,2025-01-23 09:34:53.812,0.0815533951828139,0.004193291207631679,0.038000000000000034,0.0025472084633664034,0.02400000000000002,0.0018277130594375262,0.014000000000000012,1.3936588406006685,0.010000000000000009
1472,3B0018A99B,91-2025-01-23,2025-01-23 09:35:06.811,0.091713416500159,0.0017411834125418226,0.06299999999999994,0.0014006107206715078,0.05400000000000005,0.0003963399430454859,0.008999999999999897,3.5338621434649773,0.04500000000000015
1473,3B0018A99B,92-2025-01-23,2025-01-23 09:36:01.812,0.0908259318468038,0.0036053413371543498,0.05699999999999994,0.002295951427979403,0.038000000000000034,0.0014290081490243153,0.018999999999999906,1.6066748321533442,0.019000000000000128
1474,3B0019F652,96-2025-01-23,2025-01-23 09:37:39.812,0.0826687386145923,0.0024218539035431377,0.08999999999999986,0.0011328499140546668,0.05499999999999994,0.0013533078897667015,0.03499999999999992,0.837096955261201,0.020000000000000018
1475,3B0019F652,97-2025-01-23,2025-01-23 09:37:50.809,0.0926553869155863,0.0033444047821405954,0.08700000000000008,0.001514986328008505,0.05500000000000005,0.0019176495089581116,0.03200000000000003,0.7900225358864563,0.02300000000000002
1476,01103FA4B2,98-2025-01-23,2025-01-23 09:38:29.811,0.098382917312315,0.003616582449800864,0.06899999999999995,0.0021104179610475543,0.050999999999999934,0.0016250220786402842,0.018000000000000016,1.2987010999957729,0.03299999999999992
1477,3B0019F652,101-2025-01-23,2025-01-23 09:40:50.809,0.0849262486631262,0.003040917700743466,0.06600000000000006,0.0014520602122097851,0.03699999999999992,0.0016997523560501732,0.029000000000000137,0.8542775110981657,0.007999999999999785
1478,01103F88A1,102-2025-01-23,2025-01-23 09:54:40.811,0.1019386163201484,0.004596148320037059,0.051000000000000045,0.0026524441353368436,0.03200000000000003,0.002120490825361473,0.019000000000000017,1.250863292409997,0.013000000000000012
1479,3B00186A36,107-2025-01-23,2025-01-23 09:57:01.807,0.09541657837371,0.012635360727423934,0.04499999999999993,0.004966159839221293,0.017999999999999905,0.008094739513190192,0.027000000000000024,0.6135045891382978,-0.009000000000000119
1480,3B0018A99B,114-2025-01-23,2025-01-23 10:01:43.807,0.0895730632099813,0.0035918879138087494,0.07800000000000007,0.0020268773787373083,0.05400000000000005,0.0016615567297811758,0.02400000000000002,1.2198664917112065,0.030000000000000027
1481,3B0018C6F9,115-2025-01-23,2025-01-23 10:02:09.807,0.0981224075626449,0.006264180546645352,0.042999999999999705,0.003899357302468319,0.028000000000000025,0.002624763735528635,0.01499999999999968,1.4856031610338358,0.013000000000000345
1482,3B0018A99B,116-2025-01-23,2025-01-23 10:02:56.811,0.0927134087593549,0.0033314942826474367,0.08799999999999986,0.001383274719888265,0.05499999999999994,0.0020255022366390506,0.03299999999999992,0.6829292482952553,0.02200000000000002
1483,011016B2E1,119-2025-01-23,2025-01-23 10:21:11.710,0.0977562122813035,0.015053214469253715,0.04800000000000004,0.006486393137797018,0.02200000000000002,0.00904842281240943,0.026000000000000023,0.7168534530571753,-0.0040000000000000036
1484,011016B2E1,120-2025-01-23,2025-01-23 10:21:40.708,0.0964894386225378,0.01570609610168538,0.04800000000000004,0.006710478552739627,0.021999999999999797,0.009523491906717639,0.026000000000000245,0.7046237470949306,-0.004000000000000448
1485,011016B2E1,124-2025-01-23,2025-01-23 10:29:24.708,0.1034056593821557,0.015550884783542638,0.04600000000000004,0.006695055911086789,0.02100000000000013,0.009389190467796732,0.02499999999999991,0.7130599740254125,-0.0039999999999997815
1486,01103F97C4,126-2025-01-23,2025-01-23 10:32:51.707,0.1618435114270358,0.021554883835411775,0.07499999999999996,0.012936620946076246,0.05500000000000005,0.0093611003077474,0.019999999999999907,1.3819551677455788,0.03500000000000014
1487,3B001877B5,128-2025-01-23,2025-01-23 10:34:24.707,0.1655181675435093,0.02387819222074687,0.066,0.016303309952291817,0.04999999999999999,0.008333817895182059,0.016000000000000014,1.9562834414364962,0.033999999999999975
1488,01103F97C4,129-2025-01-23,2025-01-23 10:35:27.708,0.1618435114270357,-0.000315804942939248,0.04899999999999993,-0.0004700829411496492,0.041999999999999926,0.00019004820035170252,0.007000000000000006,-2.4734932521313824,0.03499999999999992
1489,01103FD2E8,131-2025-01-23,2025-01-23 10:38:31.708,0.1459443602257775,0.024934219914968688,0.07200000000000006,0.01747082721436019,0.05500000000000005,0.008200555981730882,0.017000000000000015,2.1304442349130386,0.038000000000000034
1490,3B001877B5,132-2025-01-23,2025-01-23 10:38:40.707,0.1654738069156652,0.02250316840231608,0.06599999999999995,0.015063093092832304,0.04899999999999993,0.008165995141234755,0.017000000000000015,1.8446120567437245,0.03199999999999992
1491,01103F97C4,134-2025-01-23,2025-01-23 10:39:35.707,0.163009293533765,0.024492169581675754,0.055000000000000604,0.014547520603071237,0.036000000000000476,0.010797845324422779,0.019000000000000128,1.3472614365170956,0.017000000000000348
1492,3B001877B5,136-2025-01-23,2025-01-23 10:40:09.707,0.1667416026656578,0.02483812783630474,0.062000000000000055,0.016885443469247155,0.04400000000000004,0.008680719327209839,0.018000000000000016,1.9451663891861461,0.026000000000000023
1493,01103FD2E8,138-2025-01-23,2025-01-23 10:40:40.706,0.1459443602257774,0.02560485462248865,0.06000000000000005,0.01644297826520966,0.040000000000000036,0.00994879549825617,0.020000000000000018,1.652760705362955,0.020000000000000018
1494,01103F97C4,139-2025-01-23,2025-01-23 10:41:12.707,0.1659941858214166,0.026531380381825197,0.05600000000000005,0.013949840402101824,0.03200000000000003,0.013342890767006378,0.02400000000000002,1.0454886160498502,0.008000000000000007
1495,3B004B0F76,140-2025-01-23,2025-01-23 10:41:48.706,0.1600329372454117,0.024861381211662537,0.05600000000000005,0.016629353693414454,0.040000000000000036,0.009077159390691005,0.016000000000000014,1.8319997454785832,0.02400000000000002
1496,01103FD2E8,141-2025-01-23,2025-01-23 10:41:54.706,0.1459443602257774,0.020521541093468813,0.08299999999999996,0.0076680052644778505,0.05400000000000005,0.013625174840790902,0.028999999999999915,0.5627821553908768,0.025000000000000133
1497,01103FD2E8,144-2025-01-23,2025-01-23 10:44:17.709,0.1459443602257775,0.028300745826406584,0.062000000000000055,0.014194856824941569,0.038000000000000034,0.01504282598125554,0.02400000000000002,0.9436296639095205,0.014000000000000012
1498,01103FD2E8,145-2025-01-23,2025-01-23 10:46:39.705,0.1459443602257775,0.02471935793333114,0.06899999999999995,0.015527815027233573,0.050000000000000044,0.010006500363824382,0.018999999999999906,1.551772793950012,0.03100000000000014
1499,3B001877B5,147-2025-01-23,2025-01-23 10:47:02.705,0.1782068500941566,0.02287102362317339,0.06499999999999995,0.0148802719075564,0.04800000000000004,0.008741524921229323,0.016999999999999904,1.7022512709903461,0.03100000000000014
1500,3B004CD4DE,149-2025-01-23,2025-01-23 10:48:17.706,0.0994476367912997,0.01302487505565619,0.04500000000000004,0.006338776279742235,0.02300000000000002,0.00713179921706069,0.02200000000000002,0.8888046461794121,0.0010000000000000009
1501,01103FD2E8,150-2025-01-23,2025-01-23 10:48:26.706,0.150688908237059,0.026643451010215893,0.06599999999999995,0.01734626037849775,0.04799999999999993,0.010139387350420685,0.018000000000000016,1.710779929694475,0.029999999999999916
1502,3B004873F2,152-2025-01-23,2025-01-23 10:48:40.706,0.1000426597534706,0.014600169495351246,0.04699999999999993,0.006447324813247398,0.02200000000000002,0.008620424524984592,0.02499999999999991,0.747912680467314,-0.0029999999999998916
1503,3B004873F2,153-2025-01-23,2025-01-23 10:48:57.706,0.0932208762632485,0.015016757241515093,0.04899999999999993,0.0068224548598864385,0.02299999999999991,0.008675505568780722,0.026000000000000023,0.7864042972247534,-0.0030000000000001137
1504,3B00199DE5,154-2025-01-23,2025-01-23 10:49:04.705,0.0990114634037254,0.016666702045602257,0.052000000000000046,0.007123830642354088,0.02300000000000013,0.01003778773854095,0.028999999999999915,0.709701263656087,-0.005999999999999783
1505,3B004873F2,157-2025-01-23,2025-01-23 10:49:40.710,0.092949336104591,0.015168995034861788,0.04800000000000004,0.007321013524926381,0.02400000000000002,0.00833446216894669,0.02400000000000002,0.8784026343299859,0.0
1506,3B004873F2,160-2025-01-23,2025-01-23 10:57:18.706,0.1000426597534706,0.010863290943318421,0.07499999999999996,0.006560635314317589,0.05499999999999999,0.004673101398928374,0.019999999999999962,1.4039146070791575,0.03500000000000003
1507,3B004873F2,161-2025-01-23,2025-01-23 11:09:09.704,0.1000426597534706,0.01328443933400666,0.04500000000000004,0.006878830933574172,0.02300000000000002,0.006942736767965816,0.02200000000000002,0.9907952963611542,0.0010000000000000009
1508,3B004873F2,162-2025-01-23,2025-01-23 11:10:17.704,0.1000426597534706,0.01508851059706784,0.049000000000000044,0.006367737852911956,0.02200000000000002,0.009198695299358822,0.027000000000000024,0.6922435895181578,-0.0050000000000000044
1509,011016B2E1,164-2025-01-23,2025-01-23 11:15:17.703,0.1034056593821557,0.015077670942779805,0.04899999999999993,0.006251295814458683,0.02200000000000002,0.009318332107984321,0.026999999999999913,0.6708599502589441,-0.004999999999999893
1510,3B004873F2,166-2025-01-23,2025-01-23 11:15:47.702,0.1000426597534706,0.013351279280881034,0.06499999999999995,0.006318458504021355,0.04200000000000004,0.007477011196378467,0.02299999999999991,0.8450513631812852,0.019000000000000128
1511,01103FD2E8,167-2025-01-23,2025-01-23 11:16:15.702,0.1459443602257774,0.029133431023038454,0.05399999999999994,0.013213274731112817,0.026999999999999913,0.0167795189728785,0.027000000000000024,0.7874644530912974,-1.1102230246251565e-16
1512,3B004873F2,169-2025-01-23,2025-01-23 11:16:36.702,0.1000426597534706,0.014327109975892554,0.04899999999999993,0.006529112860269685,0.02299999999999991,0.00826065372676665,0.026000000000000023,0.7903869446934537,-0.0030000000000001137
1513,3B001870F2,170-2025-01-23,2025-01-23 11:17:22.703,0.1033449037589002,0.009721685718400557,0.07100000000000001,0.0058052705205179495,0.05099999999999999,0.004225457418403937,0.020000000000000018,1.37387978286875,0.030999999999999972
1514,3B001877B5,172-2025-01-23,2025-01-23 11:17:37.702,0.1782068500941566,0.028795943657952926,0.05500000000000016,0.01315809473746757,0.028000000000000025,0.01650196230866286,0.027000000000000135,0.7973654582013016,0.0009999999999998899
1515,3B00186448,175-2025-01-23,2025-01-23 11:18:07.701,0.1720324744783095,0.02824896287756886,0.06300000000000006,0.011920172969276338,0.03300000000000003,0.017031902062758345,0.030000000000000027,0.6998732687255628,0.0030000000000000027
1516,3B004B0F76,178-2025-01-23,2025-01-23 11:18:33.702,0.1565628804395187,0.025311953186201906,0.05699999999999994,0.017718829263922195,0.041999999999999815,0.008441281651965735,0.015000000000000124,2.0990686005360315,0.02699999999999969
1517,3B0018A99B,182-2025-01-23,2025-01-23 11:20:12.701,0.0951097925836406,0.005066375148399191,0.04400000000000004,0.0034827538405336825,0.03100000000000014,0.0017810247693027044,0.0129999999999999,1.9554774872093599,0.018000000000000238
1518,3B001857EE,184-2025-01-23,2025-01-23 11:21:09.703,0.0977687392677557,0.0011961370738814913,0.03399999999999992,0.0007711356290231266,0.02300000000000002,0.0004836506260791954,0.010999999999999899,1.594406349216339,0.012000000000000122
1519,011016B2E1,186-2025-01-23,2025-01-23 11:22:59.699,0.1001238611988221,0.015182319551860855,0.050999999999999934,0.007140811288470761,0.026999999999999913,0.008539892743439685,0.02400000000000002,0.8361710741573781,0.0029999999999998916
1520,011016B2E1,188-2025-01-23,2025-01-23 11:26:29.702,0.1034056593821557,0.01308170692018572,0.05399999999999994,0.008753668772100714,0.03599999999999992,0.004735360678899215,0.018000000000000016,1.848574874371681,0.017999999999999905
1521,3B0018F763,189-2025-01-23,2025-01-23 11:26:45.699,0.102316053093905,0.013985633093996837,0.051000000000000156,0.00823597709311681,0.03200000000000003,0.006217253780883646,0.019000000000000128,1.32469694552926,0.0129999999999999
1522,3B00191394,191-2025-01-23,2025-01-23 11:28:41.700,0.0955494162184201,0.012069653435732915,0.061000000000000054,0.007020788872827097,0.04200000000000004,0.005484770973752227,0.019000000000000017,1.2800514199089799,0.02300000000000002
1523,01103F97C4,192-2025-01-23,2025-01-23 11:29:19.699,0.1650688068237487,0.00847774755089626,0.04200000000000159,0.005438160416531216,0.02800000000000047,0.0033872243015901802,0.014000000000001123,1.6054916746960615,0.013999999999999346
1524,3B00191394,193-2025-01-23,2025-01-23 11:29:40.701,0.0955494162184201,0.012036512076560788,0.04700000000000004,0.006963006276139897,0.029000000000000026,0.005521850362484215,0.018000000000000016,1.2609914827549442,0.01100000000000001
1525,3B00191394,194-2025-01-23,2025-01-23 11:31:14.700,0.0965114570440128,0.012205798620385828,0.06199999999999983,0.00745582890667058,0.04499999999999993,0.005200028952505951,0.016999999999999904,1.433805268156735,0.028000000000000025
1526,011016B2E1,196-2025-01-23,2025-01-23 11:33:49.698,0.1005514663402242,0.005652765704092667,0.038000000000000034,0.003268058576368098,0.02200000000000002,0.0026265413235688462,0.016000000000000014,1.2442441118449956,0.006000000000000005
1527,3B00186448,198-2025-01-23,2025-01-23 11:34:16.701,0.163599555497762,0.026245164577050666,0.07400000000000007,0.01636652650308154,0.05499999999999994,0.010669192302518707,0.019000000000000128,1.5339986419794727,0.03599999999999981
1528,3B0019B8CC,201-2025-01-23,2025-01-23 11:35:34.701,0.1560844797890678,0.008064798180801453,0.07099999999999995,0.0059131673004699375,0.05499999999999994,0.002359008860489181,0.016000000000000014,2.506632085834447,0.038999999999999924
1529,3B0018F763,202-2025-01-23,2025-01-23 11:36:06.699,0.102316053093905,0.013577434668386788,0.067,0.0088074831130454,0.04800000000000004,0.0051775728080076236,0.01899999999999996,1.701083391705041,0.02900000000000008
1530,01103F97C4,206-2025-01-23,2025-01-23 11:36:53.699,0.1618435114270357,0.023846125939778987,0.07099999999999995,0.014965140206407842,0.05400000000000005,0.009727577438534406,0.016999999999999904,1.5384241658283366,0.037000000000000144
1531,011016B2E1,207-2025-01-23,2025-01-23 11:37:04.698,0.1021779950236473,0.0158555243856228,0.04600000000000004,0.00707103472126543,0.02100000000000013,0.009320606699582732,0.02499999999999991,0.7586453274100695,-0.0039999999999997815
1532,3B00186448,208-2025-01-23,2025-01-23 11:38:52.697,0.1683855687408986,0.03033864653062794,0.05800000000000005,0.013184554205038236,0.028000000000000025,0.017905628813245183,0.030000000000000027,0.7363357267456218,-0.0020000000000000018
1533,3B004B0F76,209-2025-01-23,2025-01-23 11:39:10.696,0.1774240499055155,0.02582703654227436,0.05800000000000005,0.016876969600930082,0.04100000000000015,0.009799307676910092,0.016999999999999904,1.7222614247225791,0.024000000000000243
1534,3B001877B5,211-2025-01-23,2025-01-23 11:39:49.697,0.1782068500941566,0.02246961945678558,0.062000000000000055,0.015528497135871955,0.04500000000000004,0.007629119699083399,0.017000000000000015,2.0354244982861687,0.028000000000000025
1535,3B004CD4DE,212-2025-01-23,2025-01-23 11:40:08.696,0.0994476367912997,-3.324421856772223e-05,0.04799999999999999,0.0004244686841820272,0.023999999999999966,-0.0004342606588241777,0.02400000000000002,-0.9774513890605159,-5.551115123125783e-17
1536,01103F97C4,215-2025-01-23,2025-01-23 11:41:36.698,0.1618435114270357,0.025344618613526545,0.06599999999999984,0.011302085996636386,0.03600000000000003,0.014796920876665648,0.029999999999999805,0.7638133697436658,0.006000000000000227
1537,3B004873F2,216-2025-01-23,2025-01-23 11:41:49.698,0.1000426597534706,0.014587600654376538,0.049000000000000044,0.007245137156998867,0.025999999999999912,0.00780685532668828,0.02300000000000013,0.9280480877147625,0.0029999999999997806
1538,3B0019B8CC,218-2025-01-23,2025-01-23 11:45:54.695,0.1538416953491121,0.006922323209028447,0.03699999999999992,0.004283054952711376,0.02400000000000002,0.002960570018274977,0.0129999999999999,1.4466994282428642,0.01100000000000012
1539,3B00192E1E,221-2025-01-23,2025-01-23 11:53:00.695,0.1005858192823128,0.011180951461359665,0.06499999999999995,0.005685899135355372,0.041999999999999815,0.005842515896954229,0.02300000000000013,0.973193609677553,0.018999999999999684
1540,3B0019F652,222-2025-01-23,2025-01-23 11:53:06.696,0.0905389973583477,0.0022518698464200236,0.026999999999999913,0.001230911113268774,0.014999999999999902,0.001154028739806939,0.01200000000000001,1.0666208481728945,0.0029999999999998916
1541,3B00186448,223-2025-01-23,2025-01-23 11:53:42.697,0.1720324744783095,0.02959159317663282,0.050999999999999934,0.014001767999569257,0.026000000000000023,0.016467995186413058,0.02499999999999991,0.8502412006484819,0.001000000000000112
1542,3B0019F652,224-2025-01-23,2025-01-23 11:53:54.695,0.0845972348341637,0.0008853693838014053,0.06500000000000006,0.000525461161110449,0.04200000000000004,0.0004013506079959039,0.02300000000000002,1.3092322538995924,0.019000000000000017
1543,3B001857EE,225-2025-01-23,2025-01-23 11:54:07.698,0.0977687392677557,0.00400386148241223,0.038999999999999924,0.002383011873909891,0.02499999999999991,0.0018065322799560263,0.014000000000000012,1.3191083825902614,0.010999999999999899
1544,01103F97C4,226-2025-01-23,2025-01-23 11:54:12.696,0.1618435114270357,0.02742159230202332,0.05899999999999994,0.014246343495383151,0.03299999999999992,0.013893957384880586,0.026000000000000023,1.025362544359466,0.006999999999999895
1545,3B00182A81,228-2025-01-23,2025-01-23 11:54:25.695,0.0991547467342568,0.002951581521981096,0.051999999999999935,0.0014325774574093899,0.030000000000000027,0.0016178406711079953,0.02199999999999991,0.8854873554565011,0.008000000000000118
1546,3B001877B5,230-2025-01-23,2025-01-23 11:55:40.696,0.1782068500941566,0.022997107939439106,0.062000000000000055,0.01586670840077885,0.04500000000000004,0.007834816854612209,0.017000000000000015,2.0251537075098853,0.028000000000000025
1547,01103F97C4,231-2025-01-23,2025-01-23 11:55:57.695,0.1618435114270358,0.010714369162297229,0.040000000000000036,0.006218877791747127,0.02300000000000013,0.0049107816514228145,0.016999999999999904,1.2663722871786234,0.006000000000000227
1548,3B0019F652,232-2025-01-23,2025-01-23 11:55:59.695,0.0905389973583477,0.011534676414485115,0.056999999999999995,0.006881929631650974,0.035999999999999976,0.005018738594118261,0.02100000000000002,1.3712468785914234,0.014999999999999958
1549,011016B2E1,234-2025-01-23,2025-01-23 11:56:08.696,0.1034056593821557,3.8155963488617775e-06,0.0030000000000001137,3.19682012165598e-06,0.0020000000000000018,1.909651022743292e-06,0.001000000000000112,1.6740336760920942,0.0009999999999998899
1550,3B001877B5,240-2025-01-23,2025-01-23 11:58:14.695,0.1616291005708098,0.023733923084447387,0.06199999999999983,0.014887249633848106,0.039999999999999813,0.009549193792666092,0.02200000000000002,1.5590059178903366,0.017999999999999794
1551,3B0018F763,241-2025-01-23,2025-01-23 11:59:46.696,0.1059907454544647,0.01448208509558901,0.052999999999999936,0.009657913696177607,0.03600000000000003,0.005265271732044305,0.016999999999999904,1.8342669073278401,0.019000000000000128
1552,3B004B0F76,242-2025-01-23,2025-01-23 12:00:42.695,0.1774240499055155,0.02414852326785647,0.057000000000000384,0.01654482223707441,0.04200000000000026,0.008460501653254791,0.015000000000000124,1.9555367890873878,0.027000000000000135
1553,3B001870F2,243-2025-01-23,2025-01-23 12:02:15.696,0.0963827512503533,0.011811412569391824,0.04400000000000004,0.006618188957087424,0.02499999999999991,0.005642870012401908,0.019000000000000128,1.1728409377749192,0.005999999999999783
1554,011016B2E1,244-2025-01-23,2025-01-23 12:02:32.695,0.1034056593821557,0.0007967225057225138,0.019000000000000128,0.0005064709639078741,0.01200000000000001,0.0003541369681630464,0.007000000000000117,1.4301555879212597,0.004999999999999893
1555,3B00186448,245-2025-01-23,2025-01-23 12:02:43.695,0.1720324744783095,0.02907535146548255,0.05600000000000005,0.02000717808372118,0.037000000000000144,0.009805493120914863,0.018999999999999906,2.0404050910041827,0.018000000000000238
1556,3B004873F2,246-2025-01-23,2025-01-23 12:06:23.694,0.1000426597534706,0.004223486338112191,0.04799999999999999,0.00260992853173723,0.03199999999999997,0.0017675632036655274,0.016000000000000014,1.4765687169346062,0.01599999999999996
1557,3B00199DE5,247-2025-01-23,2025-01-23 12:06:51.695,0.1123533740676661,0.015195746833120697,0.04899999999999993,0.00641479386154331,0.02200000000000024,0.009266434902478528,0.02699999999999969,0.6922612557098439,-0.004999999999999449
1558,3B001870F2,248-2025-01-23,2025-01-23 12:07:06.698,0.1033449037589002,0.010247771161355218,0.038000000000000034,0.0045288692523936126,0.01200000000000001,0.006258577934046358,0.026000000000000023,0.7236259259083098,-0.014000000000000012
1559,3B004873F2,249-2025-01-23,2025-01-23 12:07:21.695,0.0955886715276219,0.015280532385465388,0.050000000000000044,0.006886770061646646,0.02400000000000002,0.008860016698951692,0.026000000000000023,0.7772863523453044,-0.0020000000000000018
1560,3B004873F2,252-2025-01-23,2025-01-23 12:09:22.693,0.0935431676852003,0.014854037104695114,0.052000000000000046,0.008269740171024147,0.028999999999999915,0.007105734038504858,0.02300000000000013,1.1638122291394137,0.005999999999999783
1561,01103F97C4,256-2025-01-23,2025-01-23 12:16:00.692,0.1676111702959538,0.010967056644457312,0.04499999999999993,0.006721765954276448,0.028000000000000025,0.004633324686324168,0.016999999999999904,1.4507435609070465,0.01100000000000012
1562,011016B2E1,258-2025-01-23,2025-01-23 12:16:19.692,0.1028532371694933,0.0062986248454009,0.040999999999999925,0.003702247964947362,0.02499999999999991,0.002839355352288689,0.016000000000000014,1.3039044098383565,0.008999999999999897
1563,3B0018A99B,261-2025-01-23,2025-01-23 12:16:56.692,0.0958782400903417,0.0025392068609278893,0.066,0.002094991935721172,0.05499999999999999,0.0005026648773053273,0.01100000000000001,4.167770676463312,0.043999999999999984
1564,3B001857EE,262-2025-01-23,2025-01-23 12:17:07.693,0.0985374397643724,0.004012757552071694,0.04400000000000004,0.00258931891016415,0.030000000000000027,0.0015796178060913327,0.014000000000000012,1.6392059523380915,0.016000000000000014
1565,3B00186448,263-2025-01-23,2025-01-23 12:17:17.691,0.1720324744783095,0.005898769240466838,0.06800000000000006,0.0026297863040094242,0.028999999999999915,0.0034310536395365672,0.039000000000000146,0.7664661005896223,-0.010000000000000231
1566,3B001877B5,265-2025-01-23,2025-01-23 12:17:58.692,0.1584515432356628,0.024819745882741284,0.07200000000000001,0.01616311459583207,0.05499999999999999,0.009427681389950794,0.017000000000000015,1.7144315688331115,0.03799999999999998
1567,01103F97C4,266-2025-01-23,2025-01-23 12:18:10.691,0.1669610377172801,0.024513433449330487,0.05800000000000005,0.015211966607974328,0.040000000000000036,0.010209873437317624,0.018000000000000016,1.4899270496707422,0.02200000000000002
1568,3B004CD4DE,268-2025-01-23,2025-01-23 12:18:27.692,0.0994476367912997,0.003937891918250165,0.06299999999999994,0.0018951665256472362,0.03399999999999992,0.0021671008090722306,0.029000000000000026,0.8745170126435357,0.004999999999999893
1569,011016B2E1,273-2025-01-23,2025-01-23 12:20:25.692,0.100562629134449,0.002960929474773949,0.09999999999999987,0.0008644660685527734,0.05499999999999994,0.0021699955411316543,0.04499999999999993,0.39837227872917824,0.010000000000000009
1570,3B00192E1E,278-2025-01-23,2025-01-23 12:29:38.689,0.098993500956094,0.0040347986040696355,0.05399999999999994,0.0022920258330104614,0.03400000000000003,0.0018723650389471525,0.019999999999999907,1.2241340685891506,0.014000000000000123
1571,3B004CD4DE,281-2025-01-23,2025-01-23 12:30:23.690,0.0994476367912997,0.01230562884831176,0.056999999999999995,0.007949949860458832,0.038000000000000034,0.004708439820353525,0.01899999999999996,1.6884467390010995,0.019000000000000072
1572,3B0019B8CC,283-2025-01-23,2025-01-23 12:31:29.689,0.164786088647443,0.005060778232672649,0.08400000000000007,0.0032721966683801483,0.05400000000000027,0.0019027325745295642,0.029999999999999805,1.719735454252773,0.024000000000000465
1573,01103F97C4,286-2025-01-23,2025-01-23 12:32:36.690,0.1672360040021936,0.00924821641854419,0.04400000000000004,0.005521853148490347,0.028000000000000025,0.004084096721468362,0.016000000000000014,1.3520378005408906,0.01200000000000001
1574,3B001857EE,288-2025-01-23,2025-01-23 12:32:46.689,0.0977687392677557,0.005914793954569479,0.04499999999999993,0.003606600278813036,0.027999999999999914,0.002512960212855519,0.017000000000000015,1.435199912980236,0.010999999999999899
1575,3B0018A99B,289-2025-01-23,2025-01-23 12:33:14.690,0.0951097925836406,0.012122913930454145,0.059,0.008060456555411922,0.04299999999999998,0.00445808707900837,0.016000000000000014,1.8080527393387842,0.02699999999999997
1576,3B00186448,292-2025-01-23,2025-01-23 12:34:51.689,0.1720324744783095,0.02137744471972723,0.07299999999999995,0.013357058361238487,0.05499999999999994,0.008703695478486661,0.018000000000000016,1.5346421981621214,0.03699999999999992
1577,3B0019F652,293-2025-01-23,2025-01-23 12:34:57.690,0.0905389973583477,0.004840490737953414,0.03600000000000003,0.0030816348527895067,0.02300000000000013,0.0019878106335943224,0.0129999999999999,1.5502658053586078,0.010000000000000231
1578,3B001877B5,296-2025-01-23,2025-01-23 12:36:14.690,0.1782068500941566,0.02251760285912748,0.05700000000000005,0.014361429495786044,0.039999999999999925,0.008934087204001375,0.017000000000000126,1.6074870513188952,0.0229999999999998
1579,3B0018A99B,297-2025-01-23,2025-01-23 12:36:30.689,0.0839363682884378,0.003501044081623659,0.06499999999999995,0.002113822242644011,0.04299999999999993,0.0014993328413237786,0.02200000000000002,1.409841887260798,0.020999999999999908
1580,3B001857EE,298-2025-01-23,2025-01-23 12:36:47.690,0.0989146769963851,0.002066249477369093,0.09699999999999998,0.0010424500212533462,0.05499999999999994,0.0010988865721639365,0.04200000000000004,0.9486420597537606,0.0129999999999999
1581,3B00186448,300-2025-01-23,2025-01-23 12:39:32.689,0.1720324744783095,5.693745614042734e-05,0.007000000000000006,3.299996133203231e-05,0.0040000000000000036,3.459446444016892e-05,0.0030000000000000027,0.9539087211222969,0.0010000000000000009
1582,3B004C0894,304-2025-01-23,2025-01-23 12:40:25.688,0.111877142955957,0.004072811244444374,0.07100000000000017,0.0021318069959445378,0.051000000000000156,0.0020999909553583943,0.020000000000000018,1.0151505607702551,0.03100000000000014
1583,3B0018A99B,305-2025-01-23,2025-01-23 12:40:52.689,0.0976447839873166,0.0039471593344753905,0.05700000000000005,0.0023090151700435033,0.03600000000000003,0.001768126344083749,0.02100000000000002,1.3059107330025364,0.015000000000000013
1584,3B00192E1E,306-2025-01-23,2025-01-23 12:41:35.687,0.1005858192823128,0.0034688511980477707,0.03699999999999992,0.0020953205893062938,0.02299999999999991,0.0015213197753856653,0.014000000000000012,1.3773045109961284,0.008999999999999897
1585,3B001877B5,310-2025-01-23,2025-01-23 12:43:35.688,0.1733904877703007,0.02442722860544114,0.06399999999999983,0.016635244294933557,0.04600000000000004,0.008485091111577987,0.017999999999999794,1.960526301507194,0.028000000000000247
1586,3B00191394,311-2025-01-23,2025-01-23 12:43:45.688,0.0955494162184201,0.004491628379597427,0.06299999999999997,0.0022507621497072678,0.04000000000000001,0.002394188982927706,0.022999999999999965,0.9400937711086406,0.017000000000000043
1587,3B001857EE,313-2025-01-23,2025-01-23 12:44:38.688,0.0977687392677557,0.0016592485951421082,0.09999999999999998,0.000716551703651219,0.05499999999999999,0.001007107930661575,0.044999999999999984,0.7114944504314566,0.010000000000000009
1588,3B0019B8CC,317-2025-01-23,2025-01-23 12:47:16.689,0.1560715958338713,0.006110753915899088,0.08999999999999997,0.002937296180664005,0.05499999999999999,0.0033463362193279934,0.034999999999999976,0.8777648114671122,0.020000000000000018
1589,3B004B0F76,318-2025-01-23,2025-01-23 12:47:54.688,0.1562368398333313,0.0055160237139910235,0.08299999999999996,0.0033607128671582697,0.05400000000000005,0.0023355819514692794,0.028999999999999915,1.4389188377843458,0.025000000000000133
1590,3B001857EE,319-2025-01-23,2025-01-23 12:47:58.687,0.0977687392677557,0.004033919384937774,0.04300000000000004,0.002514350122150361,0.029000000000000026,0.0016786523719037293,0.014000000000000012,1.4978384829605202,0.015000000000000013
1591,3B0018A99B,321-2025-01-23,2025-01-23 12:48:43.688,0.0963689010888513,0.0034945289165506394,0.06099999999999994,0.002226714595901359,0.04499999999999993,0.00140109244748212,0.016000000000000014,1.5892702868414934,0.028999999999999915
1592,3B0019B8CC,322-2025-01-23,2025-01-23 12:48:53.687,0.1538416953491121,0.006175419893873516,0.08300000000000007,0.0032693311320224623,0.05500000000000005,0.003082967007957749,0.028000000000000025,1.0604496005256205,0.027000000000000024
1593,3B004B0F76,324-2025-01-23,2025-01-23 12:50:56.688,0.1774240499055155,0.021234311589330805,0.07399999999999984,0.011848561364759336,0.04599999999999982,0.009958710212805479,0.028000000000000025,1.1897686659788311,0.017999999999999794
1594,3B004873F2,325-2025-01-23,2025-01-23 12:51:16.688,0.0975780844606691,0.004480136242685579,0.045999999999999985,0.0029147956758958076,0.03199999999999997,0.0017523952134485543,0.014000000000000012,1.6633209526746853,0.01799999999999996
1595,3B00186448,327-2025-01-23,2025-01-23 12:51:27.687,0.1701908162823508,0.022206698712433665,0.07199999999999984,0.014653945468397517,0.05400000000000005,0.00822074728690495,0.017999999999999794,1.7825563731584575,0.036000000000000254
1596,011016B2E1,332-2025-01-23,2025-01-23 13:00:40.687,0.1034056593821557,0.006151460245468879,0.039000000000000146,0.003557942956296981,0.02300000000000013,0.0028399757114858496,0.016000000000000014,1.252807529975493,0.007000000000000117
1597,3B001857EE,333-2025-01-23,2025-01-23 13:01:21.686,0.0994073070841184,0.011168444434511466,0.08799999999999986,0.0047894157897645645,0.05499999999999994,0.006641924598133652,0.03299999999999992,0.7210885518198094,0.02200000000000002
1598,3B004C0894,334-2025-01-23,2025-01-23 13:01:26.687,0.1103853078531659,0.004445489619521661,0.05899999999999994,0.0021969966321514337,0.03399999999999981,0.0023939410180947376,0.025000000000000133,0.917732147761917,0.008999999999999675
1599,3B00484043,336-2025-01-23,2025-01-23 13:04:39.689,0.0963628805061484,0.0041741775807031326,0.08000000000000007,0.0016637192850562225,0.039000000000000035,0.0025946359976574125,0.041000000000000036,0.6412149089730985,-0.0020000000000000018
1600,011016B2E1,338-2025-01-23,2025-01-23 13:06:08.687,0.1030354724089068,0.002730001523803737,0.08000000000000007,0.0016389635558104866,0.04600000000000004,0.001148447093360353,0.03400000000000003,1.427112807621711,0.01200000000000001
1601,3B001877B5,339-2025-01-23,2025-01-23 13:06:41.687,0.1782068500941566,0.025938770010883933,0.05599999999999983,0.017699395741345304,0.03799999999999981,0.008984444761246128,0.018000000000000016,1.9700044033539617,0.019999999999999796
1602,3B0018A99B,341-2025-01-23,2025-01-23 13:07:33.685,0.0964937034931366,0.003752237394962716,0.07100000000000001,0.0024690102795282853,0.05299999999999999,0.0014017523882069458,0.018000000000000016,1.7613740488693046,0.034999999999999976
1603,3B00191394,342-2025-01-23,2025-01-23 13:07:36.687,0.0955494162184201,0.012387049540189283,0.09899999999999998,0.00561926019108342,0.04399999999999993,0.007404525761287165,0.05500000000000005,0.7588953529559463,-0.01100000000000012
1604,3B004CD4DE,345-2025-01-23,2025-01-23 13:08:13.685,0.0994476367912997,0.005973557005662303,0.08799999999999986,0.00283507615385954,0.05499999999999994,0.0032497976394908735,0.03299999999999992,0.8723854431452214,0.02200000000000002
1605,3B001877B5,346-2025-01-23,2025-01-23 13:08:21.686,0.1714786444965209,0.022710633982213117,0.06099999999999994,0.015296059329822148,0.04400000000000004,0.00815547819259281,0.016999999999999904,1.875556401305168,0.027000000000000135
1606,3B0018A99B,347-2025-01-23,2025-01-23 13:08:29.687,0.0972384246619161,0.0034852517869636683,0.07700000000000001,0.0015314359662365212,0.04799999999999999,0.002039877398949878,0.029000000000000026,0.7507490239486447,0.01899999999999996
1607,01103F97C4,350-2025-01-23,2025-01-23 13:09:58.687,0.1618435114270358,-0.0014348934316770522,0.0600000000000005,-0.0018121450941393955,0.051000000000000156,0.0004470389581725396,0.009000000000000341,-4.053662574616099,0.041999999999999815
1608,3B00192E1E,351-2025-01-23,2025-01-23 13:10:04.685,0.1005858192823128,0.01433036332931087,0.08500000000000002,0.00632596180982389,0.05499999999999999,0.008376264121262902,0.030000000000000027,0.7552247300518641,0.024999999999999967
1609,3B0019F652,352-2025-01-23,2025-01-23 13:15:17.686,0.0867228476187316,0.0031344497715198715,0.04399999999999993,0.0017766327547211267,0.02499999999999991,0.0014745109312094286,0.019000000000000017,1.204896292809366,0.005999999999999894
1610,01103F88A1,353-2025-01-23,2025-01-23 13:16:19.684,0.1097695704417189,0.0037759024212785136,0.06099999999999994,0.0029527045529846355,0.04899999999999993,0.0009235526312836735,0.01200000000000001,3.197115630411429,0.03699999999999992
1611,3B0018A99B,355-2025-01-23,2025-01-23 13:17:22.684,0.0978809062657393,0.003019805009694289,0.07399999999999984,0.0021019067232742675,0.05500000000000016,0.0009828654988881954,0.018999999999999684,2.1385497055822156,0.036000000000000476
1612,3B004CD4DE,358-2025-01-23,2025-01-23 13:18:12.685,0.0994476367912997,0.011934570554207902,0.05500000000000005,0.007683626666238593,0.03700000000000003,0.004643683302012708,0.018000000000000016,1.654640544265429,0.019000000000000017
1613,01103F97C4,359-2025-01-23,2025-01-23 13:18:27.684,0.1618435114270357,0.02588530643381114,0.06600000000000006,0.014729549203038787,0.04200000000000004,0.011815858528543775,0.02400000000000002,1.246591533527281,0.018000000000000016
1614,011016B2E1,360-2025-01-23,2025-01-23 13:18:39.684,0.1034056593821557,0.00013983712994486774,0.008000000000000007,7.916071879144445e-05,0.0040000000000000036,8.475689778390194e-05,0.0040000000000000036,0.9339737633304416,0.0
1615,3B004CD4DE,361-2025-01-23,2025-01-23 13:18:48.683,0.0985204497062859,0.0036199614972807284,0.05699999999999994,0.001839610430730396,0.029000000000000026,0.0018848482443912624,0.027999999999999914,0.9759992276325267,0.001000000000000112
1616,3B004B0F76,363-2025-01-23,2025-01-23 13:19:32.683,0.1774240499055155,0.024422886879965505,0.06000000000000005,0.016596640586566395,0.04300000000000015,0.008592211831897402,0.016999999999999904,1.9315911794625051,0.026000000000000245
1617,01103F97C4,364-2025-01-23,2025-01-23 13:19:41.683,0.1618435114270357,0.006720406180604528,0.09900000000000003,0.002566694976340282,0.05400000000000005,0.0042800835880535334,0.044999999999999984,0.5996833761621805,0.009000000000000064
1618,3B00484043,366-2025-01-23,2025-01-23 13:20:27.683,0.0948822850803394,0.005477592245724703,0.07599999999999996,0.002641121969876831,0.04400000000000004,0.0029497741322853147,0.03199999999999992,0.8953641368570284,0.012000000000000122
1619,011016B2E1,368-2025-01-23,2025-01-23 13:20:52.684,0.1017913730737091,0.013618965625118282,0.07899999999999996,0.005530582625787136,0.05400000000000005,0.008571074422276613,0.02499999999999991,0.6452613001950956,0.029000000000000137
1620,3B00199DE5,370-2025-01-23,2025-01-23 13:21:27.683,0.1123533740676661,0.004394034561915325,0.07399999999999984,0.0012255590454847286,0.020999999999999908,0.003263587605596185,0.052999999999999936,0.3755250949547733,-0.03200000000000003
1621,3B00186448,374-2025-01-23,2025-01-23 13:29:38.681,0.1720324744783094,0.02776360593255741,0.05400000000000005,0.017841888910974567,0.03400000000000003,0.010672369827833697,0.020000000000000018,1.6717832307912213,0.014000000000000012
1622,3B00182A81,375-2025-01-23,2025-01-23 13:30:38.681,0.0992632740903416,0.012206852542711111,0.04700000000000015,0.007463273901190659,0.030000000000000027,0.005211786781723987,0.017000000000000126,1.4319990847211732,0.0129999999999999
1623,3B001877B5,379-2025-01-23,2025-01-23 13:31:30.682,0.1782068500941566,0.024414172957757153,0.07499999999999996,0.01332366758445812,0.05500000000000005,0.011935388880407556,0.019999999999999907,1.1163161684936367,0.03500000000000014
1624,3B0019B8CC,380-2025-01-23,2025-01-23 13:31:54.682,0.1557857217040515,0.02378905932664769,0.04999999999999982,0.012800616963211813,0.028000000000000025,0.011723641208703141,0.021999999999999797,1.0918635887380423,0.006000000000000227
1625,3B00186448,381-2025-01-23,2025-01-23 13:32:16.681,0.1723577647298019,0.016439282718120906,0.07899999999999996,0.008037618370459142,0.05499999999999994,0.008991137273453418,0.02400000000000002,0.8939490217984363,0.030999999999999917
1626,3B004873F2,382-2025-01-23,2025-01-23 13:32:45.682,0.1000426597534706,0.015125579024374232,0.049000000000000044,0.006786442187447089,0.02300000000000002,0.008826798329107304,0.026000000000000023,0.7688452748566914,-0.0030000000000000027
1627,01103F88A1,383-2025-01-23,2025-01-23 13:33:01.681,0.1019386163201484,0.008771537689699915,0.07899999999999996,0.005718247994756213,0.05400000000000005,0.00322828052789102,0.02499999999999991,1.7712983569280598,0.029000000000000137
1628,011016B2E1,384-2025-01-23,2025-01-23 13:43:29.681,0.1004115459101954,0.013738247771868656,0.08299999999999996,0.004430737429013097,0.05400000000000005,0.009783076751759682,0.028999999999999915,0.45289815683150403,0.025000000000000133
1629,3B00191394,385-2025-01-23,2025-01-23 13:43:55.681,0.0955494162184201,0.011708146213589869,0.04799999999999999,0.006887502570843216,0.02999999999999997,0.0052471279929584055,0.018000000000000016,1.3126233208121045,0.011999999999999955
1630,3B00182DFC,386-2025-01-23,2025-01-23 13:44:12.680,0.1055718753556272,0.016173970476166578,0.05600000000000005,0.008182960905375137,0.030999999999999917,0.008427131476109158,0.025000000000000133,0.9710256602230258,0.005999999999999783
1631,01103F9A64,388-2025-01-23,2025-01-23 13:44:59.681,0.17343810965076,0.02547015375204815,0.052000000000000046,0.014874665345832077,0.03200000000000003,0.011535714324794184,0.020000000000000018,1.2894446695738078,0.01200000000000001
1632,3B00191394,390-2025-01-23,2025-01-23 13:45:10.681,0.0955494162184201,0.011005325174459365,0.04799999999999993,0.006539448414066246,0.031000000000000028,0.00489833364440329,0.016999999999999904,1.3350353178857166,0.014000000000000123
1633,3B0018A99B,391-2025-01-23,2025-01-23 13:45:50.679,0.0964748571583741,0.014750061475322979,0.053999999999999826,0.008701203433602566,0.03399999999999981,0.00652813932388859,0.020000000000000018,1.332876490819065,0.01399999999999979
1634,3B00186448,392-2025-01-23,2025-01-23 13:46:01.681,0.1689517529289651,0.029214415589571337,0.052999999999999936,0.01444502983658096,0.028000000000000025,0.015595144567876824,0.02499999999999991,0.9262517428876619,0.0030000000000001137
1635,3B00182A81,393-2025-01-23,2025-01-23 13:46:34.680,0.0991547467342567,0.004341003079109941,0.069,0.00258279656292067,0.045999999999999985,0.0018818294183936613,0.02300000000000002,1.3724923936651803,0.022999999999999965
1636,3B00186448,399-2025-01-23,2025-01-23 13:48:15.681,0.1671330565186299,0.028950598849859645,0.05699999999999994,0.013660036011691138,0.030999999999999917,0.01610853035372273,0.026000000000000023,0.8480001410267859,0.004999999999999893
1637,3B00182A81,400-2025-01-23,2025-01-23 13:49:17.681,0.099993335777221,0.004404022189808953,0.06999999999999984,0.0027718639710080737,0.04699999999999971,0.001753064682225395,0.02300000000000013,1.5811532792329048,0.023999999999999577
1638,3B004C0894,401-2025-01-23,2025-01-23 13:50:20.679,0.1067658805452534,0.011331833163173934,0.04899999999999993,0.0058778585331006475,0.026999999999999913,0.005834825918056414,0.02200000000000002,1.0073751326343885,0.004999999999999893
1639,3B0018A99B,402-2025-01-23,2025-01-23 13:50:45.680,0.0951097925836406,0.012139438182851002,0.061999999999999944,0.007379950515474471,0.041999999999999926,0.005131867145340967,0.020000000000000018,1.4380634389911002,0.02199999999999991
1640,3B00186448,403-2025-01-23,2025-01-23 13:50:54.679,0.1719035992712184,0.02722719613446043,0.06199999999999983,0.01606370877847941,0.039999999999999813,0.011917725272625057,0.02200000000000002,1.3478837958597394,0.017999999999999794
1641,3B004C0894,404-2025-01-23,2025-01-23 13:51:34.679,0.1067658805452534,0.028596756369072353,0.07099999999999995,0.019887479055210714,0.05400000000000005,0.009543403822766132,0.016999999999999904,2.0838978863881272,0.037000000000000144
1642,01103F9A64,405-2025-01-23,2025-01-23 13:51:41.679,0.17343810965076,0.031166070421126697,0.055000000000000604,0.018640213758649073,0.03300000000000036,0.013419633524438835,0.02200000000000024,1.3890255441553532,0.01100000000000012
1643,3B00182DFC,406-2025-01-23,2025-01-23 13:51:52.679,0.1052468553347653,0.012850291411857733,0.05900000000000005,0.008648890143443307,0.04300000000000004,0.004625267008324131,0.016000000000000014,1.869922347807776,0.027000000000000024
1644,3B00186448,407-2025-01-23,2025-01-23 13:52:06.679,0.1720324744783095,0.0251449428391904,0.07099999999999973,0.017979143657974483,0.054999999999999716,0.007912248182521946,0.016000000000000014,2.272317961118836,0.0389999999999997
1645,3B0018A99B,408-2025-01-23,2025-01-23 13:52:12.679,0.0976960383080292,0.004283163064688376,0.03299999999999992,0.0026259657662691424,0.020999999999999908,0.0018660616010420259,0.01200000000000001,1.4072235154524262,0.008999999999999897
1646,01103F9A64,410-2025-01-23,2025-01-23 13:52:43.679,0.17343810965076,0.02921798732885881,0.062000000000000055,0.017441826717953822,0.04200000000000004,0.012728001494104113,0.020000000000000018,1.3703507754955289,0.02200000000000002
1647,3B0019F652,415-2025-01-23,2025-01-23 13:54:42.680,0.0861984108905421,0.011608111175613448,0.051000000000000156,0.00777473294057833,0.03600000000000003,0.004252021654029139,0.015000000000000124,1.8284791501969735,0.020999999999999908
1648,011016B2E1,416-2025-01-23,2025-01-23 13:55:28.679,0.1034056593821557,5.503802973685557e-05,0.016000000000000014,3.7120256341221806e-05,0.01200000000000001,2.5132067237179755e-05,0.0040000000000000036,1.477007680701531,0.008000000000000007
1649,3B004CD4DE,420-2025-01-23,2025-01-23 14:04:34.631,0.0994476367912997,0.012893997896489371,0.08000000000000002,0.00461201616839855,0.05499999999999999,0.008763143967823562,0.025000000000000022,0.5262969757581197,0.02999999999999997
1650,3B0019F652,421-2025-01-23,2025-01-23 14:04:53.630,0.0885788922090366,0.010384063953644983,0.06299999999999994,0.006929576925443815,0.04599999999999982,0.00378789836511626,0.017000000000000126,1.8293988532691607,0.028999999999999693
1651,3B004CD4DE,422-2025-01-23,2025-01-23 14:05:24.633,0.0994476367912997,0.012442183021689519,0.07899999999999996,0.005013877510429247,0.05500000000000005,0.00788757541614378,0.02399999999999991,0.6356677744300443,0.03100000000000014
1652,3B004CD4DE,423-2025-01-23,2025-01-23 14:06:33.631,0.0994476367912997,0.013893796303781784,0.08199999999999996,0.005632052421160354,0.05500000000000005,0.00869617490778084,0.026999999999999913,0.6476470955202518,0.028000000000000136
1653,01103F88A1,424-2025-01-23,2025-01-23 14:06:45.630,0.1019386163201484,0.013758164155411628,0.051000000000000045,0.007040893623781098,0.027000000000000024,0.007141569068367628,0.02400000000000002,0.9859028956210121,0.0030000000000000027
1654,0700ED9568,425-2025-01-23,2025-01-23 14:07:55.630,0.155120330188778,0.02751974191942366,0.053999999999999826,0.01709701502693419,0.03299999999999992,0.011204974489124343,0.020999999999999908,1.525841495090303,0.01200000000000001
1655,3B00484043,428-2025-01-23,2025-01-23 14:11:44.629,0.0946479547236582,0.012797656192606718,0.06499999999999995,0.008545140735655534,0.04800000000000004,0.004674343527616073,0.016999999999999904,1.8280942949893924,0.03100000000000014
1656,3B00182A81,430-2025-01-23,2025-01-23 14:12:22.629,0.0991547467342567,0.004214889768976416,0.07200000000000001,0.0024011583217593575,0.04199999999999998,0.0019160309882478718,0.030000000000000027,1.2531938869919395,0.011999999999999955
1657,3B004873F2,432-2025-01-23,2025-01-23 14:20:49.629,0.1000426597534706,0.01369856935125197,0.04800000000000004,0.007006895635726223,0.025000000000000022,0.007127945758577375,0.02300000000000002,0.9830175303024036,0.0020000000000000018
1658,3B00191394,433-2025-01-23,2025-01-23 14:21:22.630,0.0955494162184201,0.011700137626298917,0.04600000000000004,0.006912140904735754,0.028000000000000025,0.005207287616295552,0.018000000000000016,1.3273975655012944,0.010000000000000009
1659,3B004873F2,434-2025-01-23,2025-01-23 14:21:46.631,0.1000426597534706,0.014961331696464164,0.04799999999999999,0.006401007070263972,0.021999999999999964,0.00903390259974257,0.026000000000000023,0.708553916714397,-0.004000000000000059
1660,3B00191394,435-2025-01-23,2025-01-23 14:23:50.630,0.0955494162184201,0.012864787102406695,0.05399999999999994,0.00776451192017724,0.03599999999999992,0.0055481996065323115,0.018000000000000016,1.399465136588723,0.017999999999999905
1661,3B004CD4DE,436-2025-01-23,2025-01-23 14:23:53.629,0.0994476367912997,0.014076583264571613,0.049000000000000044,0.005684409565887671,0.02200000000000002,0.008832045300606672,0.027000000000000024,0.6436119123502695,-0.0050000000000000044
1662,3B004C0894,437-2025-01-23,2025-01-23 14:24:54.630,0.1067658805452534,0.006504858448464674,0.046999999999999986,0.003754002724159359,0.028000000000000025,0.0029625297497176705,0.01899999999999996,1.267161190370195,0.009000000000000064
1663,3B00182A81,439-2025-01-23,2025-01-23 14:25:27.629,0.0991547467342567,0.003804697463975832,0.064,0.0020354067819744583,0.03899999999999998,0.0018855959249566817,0.025000000000000022,1.0794501383010882,0.013999999999999957
1664,3B0018A99B,440-2025-01-23,2025-01-23 14:27:15.629,0.0951097925836406,0.0036245084871952653,0.03399999999999992,0.002315623743649133,0.02299999999999991,0.0014964147534711739,0.01100000000000001,1.5474478170424828,0.0119999999999999
1665,3B00186448,443-2025-01-23,2025-01-23 14:28:58.630,0.1720324744783095,0.03132146133199712,0.05400000000000005,0.013727611867522771,0.026000000000000023,0.018452552265514035,0.028000000000000025,0.7439410911832667,-0.0020000000000000018
1666,0700ED9568,444-2025-01-23,2025-01-23 14:29:24.627,0.1578717164726878,0.02516905627646701,0.07099999999999995,0.015907419338906752,0.052000000000000046,0.009997044811902864,0.018999999999999906,1.5912121670162735,0.03300000000000014
1667,3B0018F763,445-2025-01-23,2025-01-23 14:29:47.628,0.102316053093905,0.007004274760946748,0.043999999999999984,0.004461778062423796,0.028000000000000025,0.002798580630548651,0.01599999999999996,1.5943003441530579,0.012000000000000066
1668,3B00192E1E,446-2025-01-23,2025-01-23 14:29:50.628,0.1001345110110096,0.013604290320682569,0.04799999999999993,0.005092403364422495,0.019000000000000017,0.008923000283018396,0.028999999999999915,0.5707052788190522,-0.009999999999999898
1669,01103F88A1,452-2025-01-23,2025-01-23 14:32:40.627,0.1019386163201484,0.012030992888069903,0.05399999999999999,0.006958813589833444,0.032999999999999974,0.005428147548545442,0.02100000000000002,1.2819868155017577,0.011999999999999955
1670,3B00182A81,456-2025-01-23,2025-01-23 14:41:54.627,0.0991547467342568,0.0044318621427329305,0.07900000000000007,0.0027506576052081563,0.05500000000000005,0.0018023735578024907,0.02400000000000002,1.5261306921090445,0.031000000000000028
1671,3B00186448,458-2025-01-23,2025-01-23 14:42:46.628,0.1715466760657708,0.03058728265836779,0.054999999999999716,0.013051108284224686,0.0259999999999998,0.018370048163127983,0.028999999999999915,0.7104558555497218,-0.0030000000000001137
1672,3B00192E1E,461-2025-01-23,2025-01-23 14:44:46.626,0.1012896275137331,0.0039018106730614724,0.03200000000000003,0.002206810631247851,0.018000000000000238,0.0018907088853102308,0.01399999999999979,1.1671868939705932,0.004000000000000448
1673,3B00186448,462-2025-01-23,2025-01-23 14:44:55.628,0.1725074001745792,0.029277349492752604,0.05699999999999994,0.013932616967231333,0.030999999999999917,0.016183081007167418,0.026000000000000023,0.8609372319807728,0.004999999999999893
1674,3B004C0894,463-2025-01-23,2025-01-23 14:45:29.626,0.1102225509005475,0.006353979296568684,0.04899999999999993,0.003304544571200724,0.026999999999999913,0.003241730323119892,0.02200000000000002,1.019376765436916,0.004999999999999893
1675,3B0019B8CC,464-2025-01-23,2025-01-23 14:46:14.631,0.1619438313098368,0.005650835776846933,0.07600000000000007,0.0022434463737049555,0.03500000000000014,0.003551065746037227,0.040999999999999925,0.6317670621019914,-0.005999999999999783
1676,3B004CD4DE,466-2025-01-23,2025-01-23 14:50:59.629,0.0994476367912997,0.015104071304245735,0.04500000000000004,0.005963785658764619,0.018000000000000016,0.009642451090177098,0.027000000000000024,0.6184927051214201,-0.009000000000000008
1677,3B0019F652,467-2025-01-23,2025-01-23 14:51:24.626,0.0905389973583477,0.00013897973947325727,0.02499999999999991,5.8792627220817434e-05,0.008000000000000007,9.04255711922768e-05,0.016999999999999904,0.6501770068535534,-0.008999999999999897
1678,3B0018A99B,469-2025-01-23,2025-01-23 14:51:53.626,0.0951097925836406,0.0012664310874514445,0.07299999999999998,0.0008228390906846341,0.054999999999999966,0.0004875394241508594,0.018000000000000016,1.6877385703069274,0.03699999999999995
1679,3B0018F763,470-2025-01-23,2025-01-23 14:51:57.627,0.102316053093905,0.014103934648645556,0.07199999999999984,0.009167543741790634,0.05499999999999994,0.0053969733917863276,0.016999999999999904,1.6986453473613101,0.038000000000000034
1680,3B004873F2,471-2025-01-23,2025-01-23 14:52:13.627,0.1000426597534706,0.014308024299158797,0.04899999999999993,0.0063541021507706,0.02299999999999991,0.008408115169338138,0.026000000000000023,0.7557106465361102,-0.0030000000000001137
1681,3B0018F763,472-2025-01-23,2025-01-23 14:54:40.626,0.102316053093905,0.014324706468577331,0.051999999999999824,0.00932575073033699,0.03399999999999981,0.005445229547591723,0.018000000000000016,1.712646023244606,0.015999999999999792
1682,3B004873F2,473-2025-01-23,2025-01-23 14:54:43.627,0.1000426597534706,0.014549845174675634,0.07400000000000007,0.00860923509315596,0.05300000000000005,0.006399223807624294,0.02100000000000002,1.3453561481782477,0.03200000000000003
1683,3B004C0894,474-2025-01-23,2025-01-23 14:55:08.627,0.1067658805452534,0.006641507049185733,0.04600000000000004,0.0036233444984547143,0.026000000000000023,0.0032353209685743634,0.020000000000000018,1.1199335502255694,0.006000000000000005
1684,3B0018F763,475-2025-01-23,2025-01-23 14:58:23.627,0.1094027026246487,0.013860921998689301,0.052000000000000046,0.007536159417990523,0.03200000000000003,0.006828080063735289,0.020000000000000018,1.1037010913237417,0.01200000000000001
1685,3B004C0894,476-2025-01-23,2025-01-23 14:58:35.627,0.1106379760762788,0.013260420297507828,0.061000000000000165,0.008576749931091142,0.04400000000000004,0.005115632063031714,0.017000000000000126,1.6765767798414026,0.026999999999999913
1686,3B00182A81,477-2025-01-23,2025-01-23 14:58:57.627,0.1017992641711671,0.004981138609654548,0.05600000000000005,0.0031442464586803344,0.038999999999999924,0.001988474405076207,0.017000000000000126,1.5812355696677087,0.021999999999999797
1687,3B004AB6A7,478-2025-01-23,2025-01-23 14:59:07.627,0.1003335166489211,0.013746319649331875,0.052000000000000046,0.008584171831738978,0.03400000000000003,0.005637591683242171,0.018000000000000016,1.5226664707299682,0.016000000000000014
1688,3B0019F652,480-2025-01-23,2025-01-23 14:59:17.627,0.0905389973583477,0.002944524551963655,0.031000000000000028,0.00172156409193842,0.019000000000000017,0.0013843673389862907,0.01200000000000001,1.243574623191445,0.007000000000000006
1689,3B0018A99B,481-2025-01-23,2025-01-23 14:59:25.627,0.0951097925836406,0.002853957308674883,0.028000000000000025,0.0016369834629053417,0.016000000000000014,0.0013762464155602134,0.01200000000000001,1.1894552054030185,0.0040000000000000036
1690,3B00191394,483-2025-01-23,2025-01-23 14:59:46.628,0.096164406084028,0.009260899428225774,0.05300000000000005,0.005777315758668455,0.03700000000000003,0.0038412928926658744,0.016000000000000014,1.5040029282065426,0.02100000000000002
1691,3B00186448,484-2025-01-23,2025-01-23 15:00:37.626,0.1765123482081916,0.02938756363939313,0.08100000000000018,0.014144096296686077,0.05400000000000005,0.016017007811241536,0.027000000000000135,0.8830673283907026,0.026999999999999913
1692,3B004C0894,485-2025-01-23,2025-01-23 15:00:59.627,0.1067658805452534,0.006840176462938664,0.04200000000000004,0.0037339543351112385,0.02300000000000013,0.0033440033606138074,0.018999999999999906,1.1166120163305857,0.004000000000000226
1693,3B00186448,487-2025-01-23,2025-01-23 15:05:47.626,0.1266061614457154,0.0006664909368545773,0.08899999999999997,0.0005762468311605046,0.05499999999999994,0.00015321905369077387,0.03400000000000003,3.760934539665568,0.020999999999999908
1694,3B00186448,492-2025-01-23,2025-01-23 15:09:45.626,0.1720324744783095,0.030906286527400812,0.05400000000000005,0.013559458162896344,0.026000000000000023,0.018208112900851493,0.028000000000000025,0.7446932165201064,-0.0020000000000000018
1695,3B0019F652,493-2025-01-23,2025-01-23 15:09:57.627,0.0886286454417694,0.004565200778720928,0.0349999999999997,0.0026336422229378746,0.020000000000000018,0.0021397946438933627,0.01499999999999968,1.2307920437383444,0.0050000000000003375
1696,3B00191394,494-2025-01-23,2025-01-23 15:09:59.626,0.0955494162184201,0.011932131037517654,0.07300000000000006,0.007493449460707904,0.05400000000000005,0.004836518961049839,0.019000000000000017,1.5493476860227875,0.03500000000000003
1697,3B0019F652,498-2025-01-23,2025-01-23 15:26:04.623,0.0905389973583477,0.0010004999638939629,0.03700000000000003,0.0007178361601491948,0.027000000000000024,0.00032622282931690116,0.010000000000000009,2.200447349599407,0.017000000000000015
1698,3B00199DE5,500-2025-01-23,2025-01-23 15:30:44.624,0.1123533740676661,0.0032531901495025297,0.039999999999999925,0.0023007578295754483,0.028000000000000025,0.0010759578002515835,0.0119999999999999,2.1383346345344387,0.016000000000000125
1699,3B00186448,501-2025-01-23,2025-01-23 15:30:53.624,0.1720324744783095,0.03229978185061457,0.05600000000000005,0.012178205080564178,0.02400000000000002,0.020958850658690624,0.03200000000000003,0.5810530967982476,-0.008000000000000007
1700,3B004C0894,502-2025-01-23,2025-01-23 15:32:05.622,0.1067658805452534,0.0077791762757178145,0.04499999999999993,0.0038805364105880267,0.02299999999999991,0.004159981115691879,0.02200000000000002,0.9328254871038337,0.0009999999999998899
1701,3B0018F763,503-2025-01-23,2025-01-23 15:32:38.623,0.1076436685659436,0.0066818499211628544,0.04999999999999982,0.003788294784122855,0.030999999999999694,0.0031110803677975836,0.019000000000000128,1.21767821343834,0.011999999999999567
1702,3B0019F652,506-2025-01-23,2025-01-23 15:46:11.626,0.0905389973583477,0.0013295812365955247,0.03200000000000003,0.0008509587769163006,0.02200000000000002,0.0005550595834213548,0.010000000000000009,1.533094468293008,0.01200000000000001
1703,3B004B0F76,507-2025-01-23,2025-01-23 15:46:19.623,0.1550161290468764,0.024822894308959544,0.06400000000000006,0.01472764259319022,0.041999999999999815,0.010877111832911448,0.02200000000000024,1.354003049654047,0.019999999999999574
1704,01103F88A1,509-2025-01-23,2025-01-23 15:49:20.624,0.1019386163201484,0.004627504764721993,0.037000000000000144,0.002640775366936645,0.02100000000000013,0.0021851859946488217,0.016000000000000014,1.2084899744934712,0.0050000000000001155
1705,3B00186448,513-2025-01-23,2025-01-23 15:52:43.622,0.1706789805429898,0.030727588975071933,0.053999999999999826,0.012558537422460068,0.02499999999999991,0.019003262841436358,0.028999999999999915,0.6608621649476082,-0.0040000000000000036
1706,3B001816CC,514-2025-01-23,2025-01-23 15:53:00.623,0.0938637827692101,0.01330216196832984,0.08299999999999996,0.004652216572889369,0.05499999999999994,0.009113975476036684,0.028000000000000025,0.5104486604250156,0.026999999999999913
1707,3B0018A99B,515-2025-01-23,2025-01-23 15:53:27.623,0.0951097925836406,0.003919519462316314,0.07700000000000001,0.0020969394314250046,0.05099999999999999,0.0019325972902901108,0.026000000000000023,1.0850369303323526,0.024999999999999967
1708,3B0019B8CC,516-2025-01-23,2025-01-23 15:55:31.623,0.1538416953491121,0.029812649494398005,0.062,0.009800728874116454,0.024999999999999967,0.02070269589549299,0.03700000000000003,0.47340350858605273,-0.012000000000000066
1709,3B00186448,518-2025-01-23,2025-01-23 15:55:49.623,0.1720324744783095,0.031098714060006524,0.054999999999999716,0.013041141175430378,0.0259999999999998,0.018889456825990806,0.028999999999999915,0.6903925981337122,-0.0030000000000001137
1710,3B004B0F76,520-2025-01-23,2025-01-23 15:56:35.622,0.1774240499055155,0.022925311378050404,0.06899999999999995,0.015717223774975378,0.05500000000000005,0.00805445753676447,0.013999999999999901,1.9513696239919704,0.04100000000000015
1711,3B0019F652,521-2025-01-23,2025-01-23 15:57:04.625,0.0894507793951886,0.0038179930163270872,0.065,0.002312956225229523,0.03999999999999998,0.0015911499388451518,0.025000000000000022,1.4536381322480862,0.014999999999999958
1712,3B0019B8CC,526-2025-01-23,2025-01-23 16:04:26.623,0.1538416953491121,0.007605921337200348,0.08699999999999997,0.004407581649130071,0.05499999999999999,0.003371735248334083,0.03199999999999997,1.307214631192583,0.02300000000000002
1713,3B0019B8CC,527-2025-01-23,2025-01-23 16:06:18.625,0.1642573094340412,0.006842916137730192,0.06400000000000006,0.0034604900105238267,0.03300000000000003,0.0036000832053329833,0.031000000000000028,0.961225008743584,0.0020000000000000018
1714,3B0019F652,528-2025-01-23,2025-01-23 16:06:34.622,0.0905389973583477,0.0043301068044227665,0.03600000000000003,0.0023312478527755674,0.019000000000000128,0.0021822166828218345,0.016999999999999904,1.0682934793445993,0.002000000000000224
1715,3B0019B8CC,530-2025-01-23,2025-01-23 16:09:49.622,0.1538416953491121,0.028539726035856375,0.05500000000000016,0.012940929663468905,0.027000000000000135,0.01636875486810498,0.028000000000000025,0.7905872968190576,-0.0009999999999998899
1716,3B0019F652,534-2025-01-23,2025-01-23 16:12:44.622,0.0905389973583477,0.003153757625369793,0.028000000000000025,0.0018195279326576794,0.016000000000000014,0.0015144882078124628,0.01200000000000001,1.2014143941640973,0.0040000000000000036
1717,3B004C0894,535-2025-01-23,2025-01-23 16:13:35.622,0.1091004184571855,0.008199023325509149,0.04499999999999993,0.00391470931490759,0.021999999999999797,0.0045419358697690185,0.02300000000000013,0.8619032560463418,-0.001000000000000334
1718,3B004B0F76,537-2025-01-23,2025-01-23 16:13:54.621,0.1646461020672047,0.02519124399873447,0.05700000000000016,0.01694547645645784,0.04100000000000015,0.009094331395689537,0.016000000000000014,1.8633009639927494,0.025000000000000133
1719,3B0019B8CC,538-2025-01-23,2025-01-23 16:14:00.622,0.1538416953491122,0.003355949446351481,0.10999999999999999,0.0023248940564795334,0.05499999999999994,0.0011041419455435548,0.05500000000000005,2.105611570924441,-1.1102230246251565e-16
1720,3B0019F652,539-2025-01-23,2025-01-23 16:15:38.623,0.0905389973583477,0.0001977218963472393,0.014000000000000012,0.00011431009750488585,0.008000000000000007,0.00010448852709605174,0.006000000000000005,1.0939966394569385,0.0020000000000000018
1721,3B00199DE5,541-2025-01-23,2025-01-23 16:16:43.622,0.1123533740676661,0.015759680854434254,0.04799999999999999,0.00668020303240131,0.02100000000000002,0.009594205412508794,0.02699999999999997,0.6962747559784109,-0.00599999999999995
1722,3B0019F652,542-2025-01-23,2025-01-23 16:18:06.620,0.0905389973583477,0.004384300555000944,0.03299999999999992,0.0024658994597128057,0.017999999999999794,0.0021241321261546036,0.015000000000000124,1.1608973986834408,0.0029999999999996696
1723,3B004C0894,548-2025-01-23,2025-01-23 16:19:34.621,0.108296312406178,0.0037740147419007787,0.07799999999999985,0.0019020283373378376,0.05499999999999994,0.002002549024705972,0.02299999999999991,0.9498036322067605,0.03200000000000003
1724,01103F88A1,554-2025-01-23,2025-01-23 16:23:12.620,0.1019386163201484,0.00481177413914387,0.03700000000000003,0.0027869210573172464,0.02100000000000002,0.002224889540320532,0.016000000000000014,1.2526109754265573,0.0050000000000000044
1725,01103F88A1,555-2025-01-23,2025-01-23 16:25:57.618,0.1089568640757323,0.004604635889338493,0.07300000000000001,0.0027330420125024784,0.05499999999999999,0.0020436571447325132,0.018000000000000016,1.3373290228974275,0.03699999999999998
1726,01103F88A1,556-2025-01-23,2025-01-23 16:30:50.618,0.1019386163201484,0.015482979763388298,0.050999999999999934,0.005580325407468782,0.018999999999999906,0.010377906986351798,0.03200000000000003,0.5377120275608159,-0.013000000000000123
1727,3B0019B8CC,557-2025-01-23,2025-01-23 16:37:25.618,0.1656443108001034,0.027122017328406228,0.05400000000000027,0.011926902150800694,0.026000000000000245,0.015946587669837798,0.028000000000000025,0.7479281710757377,-0.0019999999999997797
1728,3B0019B8CC,559-2025-01-23,2025-01-23 16:40:32.619,0.1538416953491121,0.007087318112411431,0.0940000000000003,0.0031600227500464405,0.05500000000000016,0.004078217448476681,0.039000000000000146,0.7748539134976214,0.016000000000000014
1729,01103FA4B2,1-2025-01-29,2025-01-29 07:54:34.296,0.0885223679809744,0.012270254374087297,0.05499999999999994,0.008111347739523671,0.040000000000000036,0.004622369598444113,0.014999999999999902,1.754802935328656,0.025000000000000133
1730,01103FA4B2,2-2025-01-29,2025-01-29 07:58:36.293,0.0862480870932599,0.01382201583323081,0.07199999999999984,0.009239112382469767,0.05499999999999994,0.005034568150977855,0.016999999999999904,1.8351350315270378,0.038000000000000034
1731,3B0019B8CC,4-2025-01-29,2025-01-29 08:32:21.282,0.1538416953491122,0.023060727516413575,0.05800000000000005,0.013653781373801646,0.03699999999999992,0.010135855642269797,0.02100000000000013,1.3470773317706854,0.015999999999999792
1732,3B0019B8CC,5-2025-01-29,2025-01-29 08:33:38.281,0.1538416953491122,0.025346287313189244,0.051999999999999824,0.013439461370281026,0.028999999999999915,0.01267801382608009,0.02299999999999991,1.0600604759268013,0.006000000000000005
1733,3B0019B8CC,7-2025-01-29,2025-01-29 08:34:36.281,0.1538416953491121,0.0261917220432997,0.07699999999999996,0.012181273044682502,0.04999999999999982,0.014768125597382775,0.027000000000000135,0.8248354176268166,0.022999999999999687
1734,3B00192E1E,8-2025-01-29,2025-01-29 08:34:42.282,0.0923911420029187,0.012389450262134427,0.050999999999999934,0.005278092395021543,0.02300000000000013,0.007485916736959403,0.027999999999999803,0.7050696101070149,-0.004999999999999671
1735,3B0019B8CC,10-2025-01-29,2025-01-29 08:36:29.282,0.1538416953491121,0.025733565923885444,0.05700000000000005,0.011666002095057701,0.028000000000000025,0.014731133802565993,0.029000000000000026,0.7919283234685994,-0.0010000000000000009
1736,3B00192E1E,12-2025-01-29,2025-01-29 08:52:33.276,0.1005858192823128,0.012499790868334458,0.051000000000000156,0.004899786137127772,0.02200000000000002,0.007972606661595508,0.029000000000000137,0.614577683950008,-0.007000000000000117
1737,3B00192E1E,13-2025-01-29,2025-01-29 08:53:32.277,0.1005858192823128,0.01344627647463247,0.050000000000000044,0.005637164753787007,0.02200000000000002,0.008215541920650797,0.028000000000000025,0.686158601372027,-0.006000000000000005
1738,3B004873F2,19-2025-01-29,2025-01-29 09:33:53.266,0.0940954715773772,0.014920378692596065,0.08900000000000008,0.005393200948046137,0.05500000000000005,0.01019884723769178,0.03400000000000003,0.5288049543594042,0.02100000000000002
1739,3B004873F2,22-2025-01-29,2025-01-29 09:36:06.264,0.1000426597534706,0.014420397067397273,0.04899999999999999,0.006138801537526184,0.021999999999999964,0.008743387012015763,0.027000000000000024,0.7021079507392068,-0.00500000000000006
1740,3B00192E1E,26-2025-01-29,2025-01-29 09:38:54.261,0.1005858192823128,0.011381054479481262,0.061999999999999944,0.005328882385029645,0.03799999999999992,0.006438040980540777,0.02400000000000002,0.8277179970019443,0.013999999999999901
1741,3B00484043,27-2025-01-29,2025-01-29 09:39:03.262,0.0941812955044005,0.010020742746477521,0.05099999999999999,0.006622332560785807,0.034999999999999976,0.0037202765118184386,0.016000000000000014,1.780064610721333,0.01899999999999996
1742,3B00192E1E,28-2025-01-29,2025-01-29 09:40:23.261,0.0957492114828224,0.0041992911667874284,0.06499999999999995,0.0028675690124124148,0.050000000000000044,0.0014687081882027563,0.014999999999999902,1.952442994085456,0.03500000000000014
1743,011016B2E1,29-2025-01-29,2025-01-29 09:46:44.261,0.1034056593821557,0.014363758108605558,0.05300000000000016,0.006694794604618743,0.028000000000000025,0.008115744154769443,0.025000000000000133,0.8249144473935098,0.0029999999999998916
1744,011016B2E1,30-2025-01-29,2025-01-29 09:47:52.259,0.1034056593821557,6.309874498276183e-05,0.007000000000000117,3.573873802986816e-05,0.0030000000000001137,3.992332441597236e-05,0.0040000000000000036,0.8951844204529709,-0.0009999999999998899
1745,011016B2E1,31-2025-01-29,2025-01-29 09:48:30.259,0.0947377998126785,0.0037416832298343716,0.056999999999999995,0.002066990757471222,0.03400000000000003,0.001812445535236279,0.022999999999999965,1.1404429635463553,0.011000000000000065
1746,011016B2E1,33-2025-01-29,2025-01-29 09:50:33.257,0.0960398517298536,0.014978896631396928,0.04699999999999993,0.006516796080565044,0.020999999999999908,0.008971913156235863,0.026000000000000023,0.7263552340601506,-0.0050000000000001155
1747,011016B2E1,34-2025-01-29,2025-01-29 09:51:54.257,0.0966401099129659,0.014646576428389025,0.04600000000000026,0.006321673639436849,0.020999999999999908,0.008822128191566846,0.025000000000000355,0.7165701406923326,-0.004000000000000448
1748,011016B2E1,35-2025-01-29,2025-01-29 09:54:12.256,0.0986012728074016,0.015874446235723757,0.04699999999999971,0.006720141207606479,0.020999999999999908,0.009694153565436724,0.0259999999999998,0.6932158813293706,-0.004999999999999893
1749,011016B2E1,37-2025-01-29,2025-01-29 09:56:14.255,0.0983212258466596,0.01469151949722618,0.04599999999999982,0.006492088212668584,0.020999999999999908,0.008697414372115351,0.02499999999999991,0.7464388765335558,-0.0040000000000000036
1750,011016B2E1,38-2025-01-29,2025-01-29 09:58:37.256,0.1002545995080192,0.014521509888610076,0.0470000000000006,0.0064179395578773035,0.02200000000000024,0.008594801369804282,0.025000000000000355,0.7467234298660064,-0.0030000000000001137
1751,3B00190DF0,39-2025-01-29,2025-01-29 10:04:36.254,0.1858377627654824,0.023243616235486556,0.04999999999999999,0.015309741899402568,0.034999999999999976,0.008832292031506693,0.015000000000000013,1.7333826649740987,0.019999999999999962
1752,3B00190DF0,40-2025-01-29,2025-01-29 10:05:42.255,0.1858377627654824,0.02471096621199677,0.050999999999999934,0.015072196944035741,0.03400000000000003,0.010542098116339257,0.016999999999999904,1.4297151077236947,0.017000000000000126
1753,3B00190DF0,41-2025-01-29,2025-01-29 10:06:48.256,0.1602058304468161,0.02554902653447606,0.05399999999999994,0.01654757406118745,0.03699999999999992,0.009876766112672292,0.017000000000000015,1.6754040616549823,0.019999999999999907
1754,3B00192E1E,42-2025-01-29,2025-01-29 10:07:29.254,0.0946356316216093,0.0044150804492277766,0.040000000000000036,0.002601072310631816,0.02400000000000002,0.001987402635625565,0.016000000000000014,1.308779742969944,0.008000000000000007
1755,3B00190DF0,43-2025-01-29,2025-01-29 10:09:11.255,0.1858377627654825,0.025186004928118327,0.053999999999999826,0.015232218326931042,0.03600000000000003,0.010809490519286298,0.017999999999999794,1.4091522907350453,0.018000000000000238
1756,3B0019B8CC,47-2025-01-29,2025-01-29 10:15:35.253,0.1538416953491122,0.022240797736398574,0.04999999999999982,0.01176198904432599,0.0259999999999998,0.011230264927088415,0.02400000000000002,1.0473474241872076,0.0019999999999997797
1757,3B0019B8CC,49-2025-01-29,2025-01-29 10:16:37.253,0.1538416953491121,0.026022423664729902,0.04899999999999993,0.01217514206263789,0.02400000000000002,0.014651486891935107,0.02499999999999991,0.8309833774850306,-0.0009999999999998899
1758,3B00190DF0,51-2025-01-29,2025-01-29 10:17:58.251,0.1858377627654824,0.024467155447349117,0.04899999999999993,0.015794663278619156,0.03299999999999992,0.009575574032922689,0.016000000000000014,1.6494743003723877,0.016999999999999904
1759,3B00190DF0,52-2025-01-29,2025-01-29 10:20:32.251,0.1858377627654824,0.0208833764842448,0.06499999999999995,0.01322806477908098,0.04899999999999993,0.008449838488057916,0.016000000000000014,1.5654813755051165,0.03299999999999992
1760,3B00484043,53-2025-01-29,2025-01-29 10:21:07.250,0.0941812955044005,0.011358896843275606,0.07000000000000006,0.007830359065821198,0.05400000000000005,0.00388639287191561,0.016000000000000014,2.014814076674034,0.038000000000000034
1761,01103FD532,54-2025-01-29,2025-01-29 10:21:45.250,0.167616616307203,0.02184902987097012,0.05400000000000005,0.014132739063855988,0.038000000000000034,0.00849794058185816,0.016000000000000014,1.6630781220131483,0.02200000000000002
1762,3B0019B8CC,55-2025-01-29,2025-01-29 10:21:53.249,0.1538416953491121,0.025109691495110067,0.05899999999999994,0.013500996737533537,0.03399999999999981,0.012281743605777436,0.025000000000000133,1.0992736187052914,0.008999999999999675
1763,3B00484043,56-2025-01-29,2025-01-29 10:22:15.249,0.0893694247196363,0.008116441043198103,0.05700000000000016,0.005667672658397116,0.04300000000000015,0.0027310113403083793,0.014000000000000012,2.0753017663255604,0.029000000000000137
1764,3B004CDB63,57-2025-01-29,2025-01-29 10:28:49.248,0.1012702462445025,0.010470592432171794,0.050000000000000044,0.006302790467782649,0.03400000000000003,0.004589441815160188,0.016000000000000014,1.3733239730728908,0.018000000000000016
1765,3B0019B8CC,60-2025-01-29,2025-01-29 10:37:41.247,0.1538416953491121,0.02571336424987627,0.04999999999999993,0.011602688078391203,0.02400000000000002,0.014867574391565615,0.025999999999999912,0.7804022211567622,-0.0019999999999998908
1766,3B0019F652,63-2025-01-29,2025-01-29 10:39:54.246,0.0905389973583477,0.008319814087914214,0.06299999999999994,0.0048933451915096375,0.04499999999999993,0.0037373265873765576,0.018000000000000016,1.309316988255114,0.026999999999999913
1767,3B0019F652,64-2025-01-29,2025-01-29 10:40:53.247,0.0905389973583477,0.012005632993974157,0.04400000000000004,0.004939635110679825,0.018999999999999906,0.007474952930411761,0.025000000000000133,0.6608249117640562,-0.006000000000000227
1768,3B0019F652,66-2025-01-29,2025-01-29 10:41:55.246,0.0905389973583477,0.009834190847379111,0.052999999999999936,0.006443725592331245,0.03699999999999992,0.0037282563815708787,0.016000000000000014,1.728348303561736,0.020999999999999908
1769,3B00190DF0,67-2025-01-29,2025-01-29 10:43:33.244,0.1858377627654824,0.024327920502674415,0.052000000000000046,0.01605505107499191,0.03600000000000003,0.009069455003167954,0.016000000000000014,1.7702332796605629,0.020000000000000018
1770,3B00192E1E,69-2025-01-29,2025-01-29 10:49:01.244,0.0977512268903166,0.012299515656457488,0.04699999999999993,0.0049057926085816295,0.020000000000000018,0.007795892802625766,0.026999999999999913,0.6292791259173407,-0.006999999999999895
1771,3B004873F2,71-2025-01-29,2025-01-29 10:49:46.244,0.1000426597534706,0.013777548548699444,0.04600000000000004,0.006632252579274071,0.02300000000000002,0.007603720772603796,0.02300000000000002,0.8722377869489994,0.0
1772,3B004CD4DE,72-2025-01-29,2025-01-29 10:49:55.244,0.0994476367912997,0.01499176455525179,0.04499999999999993,0.0059591056492865595,0.018000000000000016,0.009546400324009614,0.026999999999999913,0.6242254092675276,-0.008999999999999897
1773,3B00192E1E,73-2025-01-29,2025-01-29 10:50:03.245,0.1005858192823128,0.010897523273172498,0.08100000000000007,0.004822959963505333,0.05500000000000005,0.006402582750169124,0.026000000000000023,0.7532835031890739,0.029000000000000026
1774,011016B2E1,75-2025-01-29,2025-01-29 11:08:23.244,0.1034056593821557,0.01315034258894071,0.051000000000000156,0.005487392339302654,0.02400000000000002,0.008062285367652133,0.027000000000000135,0.6806249207351824,-0.0030000000000001137
1775,3B00186448,81-2025-01-29,2025-01-29 11:10:28.244,0.1477362182433382,0.027387102877798913,0.07400000000000007,0.017614399066414523,0.05499999999999994,0.010585207958805463,0.019000000000000128,1.6640579131713442,0.03599999999999981
1776,3B001816CC,82-2025-01-29,2025-01-29 11:11:23.243,0.0938637827692101,0.005033998527827705,0.04199999999999998,0.0032644122509192133,0.02699999999999997,0.0019554165621435437,0.015000000000000013,1.6694203752374572,0.011999999999999955
1777,3B0019F652,83-2025-01-29,2025-01-29 11:11:31.244,0.0905389973583477,0.004771426071965859,0.03500000000000003,0.0026246163062412704,0.019000000000000017,0.0023489936251321957,0.016000000000000014,1.11733649600414,0.0030000000000000027
1778,3B00186448,84-2025-01-29,2025-01-29 11:12:01.247,0.1720324744783095,0.027730422275892574,0.06799999999999995,0.01798318181437855,0.04899999999999993,0.010538800039943676,0.019000000000000017,1.706378500988682,0.029999999999999916
1779,011016B2E1,85-2025-01-29,2025-01-29 11:12:46.243,0.1002819520978681,0.014015336422339882,0.04599999999999982,0.006054242329631618,0.020999999999999908,0.008435296757990873,0.02499999999999991,0.7177272481725495,-0.0040000000000000036
1780,011016B2E1,86-2025-01-29,2025-01-29 11:13:57.243,0.1034056593821557,0.014417713373233143,0.05099999999999971,0.0068613962365063,0.027000000000000135,0.008014967294165794,0.023999999999999577,0.8560728927117153,0.0030000000000005578
1781,3B00186448,87-2025-01-29,2025-01-29 11:14:14.243,0.1604084882043179,0.015634913494385012,0.06699999999999995,0.009883347098296039,0.05400000000000005,0.006481532607210653,0.0129999999999999,1.5248472386455163,0.04100000000000015
1782,3B00192E1E,88-2025-01-29,2025-01-29 11:15:25.241,0.0998674144533128,0.011882343941188738,0.049000000000000155,0.005964093537913918,0.027000000000000135,0.006320995475854506,0.02200000000000002,0.9435370679659693,0.0050000000000001155
1783,3B004CDB63,90-2025-01-29,2025-01-29 11:16:12.244,0.1012702462445025,0.007092255238220159,0.08799999999999997,0.00425868592250548,0.03300000000000003,0.003087162948064618,0.05499999999999994,1.3794820662690657,-0.02199999999999991
1784,011016B2E1,93-2025-01-29,2025-01-29 11:16:39.241,0.1001740970604984,0.014407548972947314,0.04900000000000038,0.006642567319009549,0.025000000000000355,0.008251354203572137,0.02400000000000002,0.8050275330725568,0.001000000000000334
1785,3B004CEFFE,96-2025-01-29,2025-01-29 11:17:31.241,0.0949378776715615,0.004728984838712134,0.040000000000000036,0.003013732684943329,0.026000000000000023,0.0019171035887171368,0.014000000000000012,1.5720239128862206,0.01200000000000001
1786,3B00484043,100-2025-01-29,2025-01-29 11:18:46.240,0.0905851522925223,0.004041338875590655,0.063,0.0019952023853970252,0.03899999999999998,0.002166508498481199,0.02400000000000002,0.9209298679399293,0.014999999999999958
1787,3B004AB6A7,102-2025-01-29,2025-01-29 11:19:13.239,0.0988475616844329,0.013261783109301789,0.04800000000000004,0.0071753361252279435,0.028000000000000025,0.006581242688494062,0.020000000000000018,1.090270707958017,0.008000000000000007
1788,3B00186448,103-2025-01-29,2025-01-29 11:19:31.239,0.1720324744783095,0.023657428002939143,0.07000000000000006,0.018172614667406186,0.05499999999999994,0.006085580308789963,0.015000000000000124,2.986176131988236,0.039999999999999813
1789,3B00186448,104-2025-01-29,2025-01-29 11:19:42.240,0.1620343337822996,0.019451201181918804,0.06999999999999984,0.014331295726852891,0.05500000000000016,0.005683212668843966,0.01499999999999968,2.521689150472711,0.04000000000000048
1790,3B0018A99B,107-2025-01-29,2025-01-29 11:21:06.239,0.0952491069618908,0.0017496359261757444,0.02300000000000013,0.0010130311102113034,0.0129999999999999,0.0008592973352517163,0.010000000000000231,1.1789063792622532,0.0029999999999996696
1791,3B0018C2F6,112-2025-01-29,2025-01-29 11:22:36.238,0.1576520521087552,0.02561730269493863,0.04500000000000004,0.014045584825111965,0.02400000000000002,0.012424850248625566,0.02100000000000002,1.130442986760801,0.0030000000000000027
1792,01103FA4B2,113-2025-01-29,2025-01-29 11:23:17.237,0.0969083392354018,0.012224155776634781,0.052999999999999936,0.00835919429949228,0.038000000000000256,0.004290670766233943,0.01499999999999968,1.9482255234487282,0.023000000000000576
1793,3B0018C2F6,114-2025-01-29,2025-01-29 11:24:07.237,0.153247118018245,0.027432151880055683,0.053999999999999826,0.014830804432539561,0.030000000000000027,0.013405203192507452,0.0239999999999998,1.1063468579744407,0.006000000000000227
1794,3B001857EE,115-2025-01-29,2025-01-29 11:24:14.237,0.0977687392677557,0.005422380492846418,0.051000000000000045,0.0034024578537835697,0.03300000000000003,0.002183438417494804,0.018000000000000016,1.5583026416139654,0.015000000000000013
1795,3B0018C2F6,117-2025-01-29,2025-01-29 11:26:01.236,0.1576520521087552,0.026279697457458985,0.07100000000000017,0.015567866407465252,0.051000000000000156,0.011530819834285104,0.020000000000000018,1.350109240383465,0.03100000000000014
1796,3B0018C2F6,119-2025-01-29,2025-01-29 11:28:29.235,0.1528921638354462,0.026353251815711805,0.04999999999999982,0.01510950182350923,0.029999999999999805,0.012116723457507758,0.020000000000000018,1.2469956813404937,0.009999999999999787
1797,3B00182A81,120-2025-01-29,2025-01-29 11:29:30.236,0.0991547467342568,0.0008668514442294942,0.014999999999999902,0.00043005267088855483,0.006999999999999895,0.0005213680185033213,0.008000000000000007,0.8248543363344317,-0.001000000000000112
1798,3B0018C2F6,122-2025-01-29,2025-01-29 11:29:48.235,0.1530645916935034,0.028398344453452604,0.07599999999999985,0.01688252805809441,0.05499999999999994,0.012355093081113967,0.020999999999999908,1.3664428059956175,0.03400000000000003
1799,3B004873F2,123-2025-01-29,2025-01-29 11:30:44.237,0.1000426597534706,0.003630468326741823,0.05099999999999999,0.0019060309342347102,0.02799999999999997,0.001867051445853803,0.02300000000000002,1.0208775652473152,0.004999999999999949
1800,3B00186448,124-2025-01-29,2025-01-29 11:31:02.236,0.1676015798946796,0.025087036991286542,0.06299999999999994,0.01809136464495625,0.04799999999999982,0.0077515490720147665,0.015000000000000124,2.333903130442801,0.032999999999999696
1801,3B00484043,125-2025-01-29,2025-01-29 11:31:25.235,0.0941812955044005,0.009801142149863324,0.04899999999999999,0.00430429620977565,0.02400000000000002,0.005793909068286781,0.024999999999999967,0.7429002007186145,-0.0009999999999999454
1802,3B0018C2F6,126-2025-01-29,2025-01-29 11:31:32.234,0.1576520521087552,0.004269732489118345,0.09,0.002332782895586115,0.04600000000000001,0.002041455303356951,0.043999999999999984,1.1427058391874207,0.0020000000000000295
1803,01101763D0,127-2025-01-29,2025-01-29 11:31:45.235,0.1509897005506909,0.00044569107697086307,0.019000000000000017,0.00027646654654857393,0.01100000000000001,0.0002018628573591762,0.008000000000000007,1.3695761080833944,0.0030000000000000027
1804,3B00186448,128-2025-01-29,2025-01-29 11:32:21.234,0.1645471173381085,0.02409562519146922,0.06800000000000006,0.016585002151618813,0.052000000000000046,0.008254108562458388,0.016000000000000014,2.0093026431771532,0.03600000000000003
1805,3B00192E1E,131-2025-01-29,2025-01-29 11:33:27.233,0.1005858192823128,0.012617333333884723,0.04699999999999993,0.005589044803300851,0.02200000000000002,0.007445657199541543,0.02499999999999991,0.7506449267695254,-0.0029999999999998916
1806,3B0019B8CC,132-2025-01-29,2025-01-29 11:34:36.234,0.1538416953491122,0.005347522044522516,0.06999999999999984,0.0035902099131589565,0.05499999999999994,0.001955313348651127,0.014999999999999902,1.836130211884281,0.040000000000000036
1807,3B00192E1E,134-2025-01-29,2025-01-29 11:34:57.234,0.1005858192823128,0.0037077825443750188,0.03400000000000003,0.002162633176080652,0.020000000000000018,0.001717733994597585,0.014000000000000012,1.2590035377318674,0.006000000000000005
1808,3B0019B8CC,135-2025-01-29,2025-01-29 11:35:16.235,0.1538416953491121,0.006218975561210861,0.09699999999999998,0.0021577512441961154,0.05499999999999999,0.004184675412562671,0.04199999999999998,0.5156316873988372,0.013000000000000012
1809,3B00190DF0,138-2025-01-29,2025-01-29 11:36:30.234,0.1858377627654824,0.00883230097662748,0.038999999999999924,0.005480958603296017,0.02499999999999991,0.0037338468588820326,0.014000000000000012,1.4679119981201088,0.010999999999999899
1810,01103F97C4,140-2025-01-29,2025-01-29 11:46:53.254,0.1612373857647205,0.026181763742705273,0.04899999999999993,0.016263508356211296,0.030999999999999917,0.010826210239822031,0.018000000000000016,1.502234669006266,0.0129999999999999
1811,01103F97C4,141-2025-01-29,2025-01-29 11:48:01.252,0.1618435114270357,0.025916829833250166,0.07800000000000007,0.013002118389095749,0.05499999999999994,0.013841692898363796,0.02300000000000013,0.9393445212639205,0.031999999999999806
1812,01103F97C4,143-2025-01-29,2025-01-29 11:49:31.253,0.1618435114270357,0.024875188002974086,0.06099999999999994,0.01506224406249629,0.040999999999999925,0.010639058059556374,0.020000000000000018,1.4157497757958803,0.020999999999999908
1813,01103F97C4,145-2025-01-29,2025-01-29 11:50:41.253,0.1640288522116516,0.02788802263379794,0.06299999999999972,0.017562995819496934,0.04300000000000015,0.011189746328755329,0.019999999999999574,1.5695615703426335,0.023000000000000576
1814,3B0018F763,146-2025-01-29,2025-01-29 11:51:05.253,0.102316053093905,0.00997065949269087,0.07200000000000006,0.006172473274141497,0.05400000000000005,0.004138271262865286,0.018000000000000016,1.4915584025460322,0.03600000000000003
1815,3B00484043,147-2025-01-29,2025-01-29 11:53:38.252,0.0941812955044005,0.010646851047082309,0.058000000000000024,0.007755514845405669,0.04400000000000001,0.0032217542552392146,0.014000000000000012,2.4072335227907766,0.03
1816,3B0019F652,148-2025-01-29,2025-01-29 11:55:55.251,0.0905389973583477,0.01377395584508832,0.04600000000000004,0.00558295957813635,0.019000000000000128,0.008632733467698932,0.026999999999999913,0.6467197903220445,-0.007999999999999785
1817,3B0018C2F6,151-2025-01-29,2025-01-29 11:57:50.251,0.1576520521087552,0.02251867635196416,0.05700000000000016,0.013610853694535277,0.038000000000000034,0.009715801088161011,0.019000000000000128,1.4008987597657288,0.018999999999999906
1818,3B0018C2F6,156-2025-01-29,2025-01-29 12:10:48.252,0.1576520521087552,0.02412844671227842,0.05700000000000016,0.013582318659023741,0.03400000000000003,0.011384350537595796,0.02300000000000013,1.1930692589067204,0.010999999999999899
1819,3B00192E1E,157-2025-01-29,2025-01-29 12:11:46.255,0.1005858192823128,0.013823658276264939,0.050000000000000044,0.005542940804023053,0.02100000000000002,0.008704298351154443,0.029000000000000026,0.6368050106287887,-0.008000000000000007
1820,3B0018C2F6,158-2025-01-29,2025-01-29 12:12:53.252,0.1526449126196052,0.02545636947843033,0.051000000000000156,0.015042702565711347,0.03100000000000014,0.011308301578573324,0.020000000000000018,1.330235355078774,0.01100000000000012
1821,3B004AB6A7,160-2025-01-29,2025-01-29 12:14:12.250,0.1003335166489211,0.016321713648919114,0.04999999999999982,0.006560980739391251,0.021999999999999797,0.010262906973326411,0.028000000000000025,0.6392906762619428,-0.006000000000000227
1822,3B0018C2F6,161-2025-01-29,2025-01-29 12:14:53.251,0.1551291239124893,0.02553602642858355,0.05400000000000005,0.0153026244361336,0.03400000000000003,0.011131229883906229,0.020000000000000018,1.3747469592967856,0.014000000000000012
1823,3B004873F2,164-2025-01-29,2025-01-29 12:16:34.250,0.0943470293495633,0.011914156900695467,0.07199999999999984,0.007349993732402984,0.05400000000000005,0.004997894537953269,0.017999999999999794,1.4706180125627348,0.036000000000000254
1824,01103F97C4,165-2025-01-29,2025-01-29 12:16:49.250,0.1625704885813866,0.026344277993537345,0.052000000000000046,0.01620256098490232,0.03299999999999992,0.011018601511553667,0.019000000000000128,1.4704734505475092,0.01399999999999979
1825,011016B2E1,166-2025-01-29,2025-01-29 12:17:15.249,0.0991873462053007,0.015411710592018638,0.04899999999999993,0.00715765909407744,0.02400000000000002,0.008764849325187932,0.02499999999999991,0.8166323034793262,-0.0009999999999998899
1826,3B00186448,167-2025-01-29,2025-01-29 12:17:21.250,0.1720324744783095,0.026984531713073544,0.06700000000000003,0.019032744394273986,0.05000000000000002,0.008726472844881506,0.017000000000000015,2.1810351940117023,0.033
1827,3B00186448,170-2025-01-29,2025-01-29 12:18:48.249,0.1720324744783095,0.030075475806222954,0.05499999999999994,0.013907875666322669,0.028000000000000025,0.01700120494974582,0.026999999999999913,0.8180523502559507,0.001000000000000112
1828,3B00190DF0,171-2025-01-29,2025-01-29 12:18:52.249,0.1858377627654824,0.02429142340537762,0.06299999999999994,0.01440951815140821,0.04599999999999993,0.01082277803420575,0.017000000000000015,1.3314066042809387,0.028999999999999915
1829,3B00190DF0,172-2025-01-29,2025-01-29 12:21:26.250,0.1858377627654824,0.025363977324612975,0.055999999999999994,0.016219847539293345,0.03899999999999998,0.010028068854522352,0.017000000000000015,1.6174447717297724,0.021999999999999964
1830,3B00190DF0,175-2025-01-29,2025-01-29 12:22:51.249,0.1858377627654824,0.024493009409658588,0.05099999999999999,0.016202065282524783,0.035999999999999976,0.009184353557740619,0.015000000000000013,1.764094247969102,0.020999999999999963
1831,01103F97C4,176-2025-01-29,2025-01-29 12:23:16.248,0.1565393794384286,0.025918456502866175,0.052000000000000046,0.015488069197353693,0.03299999999999992,0.011307905852196029,0.019000000000000128,1.3696673283095882,0.01399999999999979
1832,011016B2E1,177-2025-01-29,2025-01-29 12:24:35.248,0.0988045656084963,0.014886940495931493,0.04599999999999982,0.006541249915534328,0.020999999999999908,0.008846579752392834,0.02499999999999991,0.7394100430468671,-0.0040000000000000036
1833,3B00190DF0,178-2025-01-29,2025-01-29 12:24:45.248,0.179964986411264,0.025420417299203867,0.05499999999999994,0.016407146519890784,0.038999999999999924,0.00997497446041437,0.016000000000000014,1.6448309301444781,0.02299999999999991
1834,3B004873F2,179-2025-01-29,2025-01-29 12:25:10.249,0.1000426597534706,0.014878993576096589,0.045999999999999985,0.006725727225382461,0.02100000000000002,0.008637397082892455,0.024999999999999967,0.7786752375554995,-0.003999999999999948
1835,011016B2E1,182-2025-01-29,2025-01-29 12:25:56.246,0.0987669237325032,0.01403009589248271,0.06800000000000006,0.006130009947448917,0.04200000000000026,0.008371234418450916,0.0259999999999998,0.7322707310570411,0.01600000000000046
1836,3B00190DF0,183-2025-01-29,2025-01-29 12:25:58.247,0.1858377627654824,0.027280750131951872,0.069,0.01767498042230356,0.05199999999999999,0.010514122532154441,0.017000000000000015,1.6810704239226508,0.034999999999999976
1837,3B00186448,185-2025-01-29,2025-01-29 12:26:52.247,0.1667476002561907,0.023885301092798038,0.07099999999999995,0.016843810575142823,0.05499999999999994,0.00777474335639211,0.016000000000000014,2.1664780177334673,0.038999999999999924
1838,3B00484043,187-2025-01-29,2025-01-29 12:27:13.248,0.0941812955044005,0.010740983244904821,0.055999999999999994,0.007052577801103457,0.03899999999999998,0.004024118516279952,0.017000000000000015,1.7525770606833737,0.021999999999999964
1839,3B00190DF0,188-2025-01-29,2025-01-29 12:27:27.246,0.1858377627654824,0.024424926918983854,0.05700000000000005,0.015462018549218994,0.041000000000000036,0.009864821460527497,0.016000000000000014,1.5673895985941342,0.025000000000000022
1840,3B0019F652,189-2025-01-29,2025-01-29 12:27:31.248,0.0905389973583477,0.011156676398034606,0.06,0.006620141735333097,0.04099999999999998,0.004922025637209459,0.019000000000000017,1.34500350532233,0.021999999999999964
1841,011016B2E1,193-2025-01-29,2025-01-29 12:34:52.246,0.0993014721054453,0.01606229729530137,0.04899999999999993,0.006868882089650681,0.02200000000000002,0.009724414443950056,0.026999999999999913,0.7063543135930498,-0.004999999999999893
1842,01103F97C4,196-2025-01-29,2025-01-29 12:37:20.246,0.1618435114270357,0.027109214623322563,0.05900000000000005,0.01645640337078057,0.038000000000000034,0.01148506930087843,0.02100000000000002,1.4328519001206124,0.017000000000000015
1843,3B001857EE,198-2025-01-29,2025-01-29 12:39:14.246,0.0977687392677557,0.005973957245256512,0.04599999999999993,0.003858667117502525,0.030000000000000027,0.002314040579302164,0.015999999999999903,1.667501923698403,0.014000000000000123
1844,01103F97C4,199-2025-01-29,2025-01-29 12:40:11.245,0.1618435114270357,0.026459204660698003,0.07600000000000007,0.015378777025240625,0.054999999999999716,0.01184868214281004,0.02100000000000035,1.2979314357396867,0.033999999999999364
1845,011016B2E1,200-2025-01-29,2025-01-29 12:40:19.244,0.1000190579836073,0.0032989169067737492,0.04799999999999999,0.002021374344119803,0.02799999999999997,0.001389226693809792,0.020000000000000018,1.4550356346640732,0.007999999999999952
1846,01103F97C4,203-2025-01-29,2025-01-29 12:41:03.244,0.1695850918391352,0.01080532435546584,0.052000000000000046,0.007191522122834133,0.03600000000000003,0.003949346539233919,0.016000000000000014,1.8209397558283453,0.020000000000000018
1847,3B001857EE,207-2025-01-29,2025-01-29 12:42:56.244,0.0977687392677557,0.005457170726324178,0.04299999999999998,0.0032676792021166206,0.025999999999999968,0.00238660583853319,0.017000000000000015,1.369174226157487,0.008999999999999952
1848,3B0018C2F6,208-2025-01-29,2025-01-29 12:45:04.243,0.1576520521087552,0.020811060972049204,0.06,0.012273303423421021,0.03699999999999998,0.009153265272709831,0.02300000000000002,1.3408661344070825,0.013999999999999957
1849,3B00186448,210-2025-01-29,2025-01-29 12:46:15.244,0.1720324744783095,0.029624463105109217,0.052999999999999936,0.015056342542567611,0.028000000000000025,0.01541735021048075,0.02499999999999991,0.9765843246093141,0.0030000000000001137
1850,011016B2E1,212-2025-01-29,2025-01-29 12:46:57.243,0.1034056593821557,-0.00034340326347093554,0.030999999999999917,-0.0004514436707639421,0.026000000000000023,0.0001416623765466365,0.004999999999999893,-3.186757710614313,0.02100000000000013
1851,3B00186448,213-2025-01-29,2025-01-29 12:47:23.243,0.1680989492846436,0.030056712969653492,0.05699999999999994,0.013549510643596444,0.028999999999999915,0.017303341723287517,0.028000000000000025,0.7830574498428232,0.0009999999999998899
1852,3B0018C2F6,214-2025-01-29,2025-01-29 12:47:36.243,0.1562714936297468,0.023976844725813663,0.04699999999999971,0.014668248678552685,0.029999999999999805,0.010202835434671707,0.016999999999999904,1.4376639486614105,0.0129999999999999
1853,3B00186448,216-2025-01-29,2025-01-29 12:48:29.242,0.1688270486699532,0.03046979037393555,0.05800000000000005,0.012640848990242386,0.028000000000000025,0.01861642798176026,0.030000000000000027,0.67901581348621,-0.0020000000000000018
1854,011016B2E1,217-2025-01-29,2025-01-29 12:48:45.244,0.1034056593821557,0.014697653066893527,0.04599999999999982,0.0066673431040443045,0.02200000000000024,0.00853457073619012,0.023999999999999577,0.7812159873222452,-0.0019999999999993356
1855,3B0018F763,220-2025-01-29,2025-01-29 12:49:26.244,0.1006573789637802,0.0060126281853066154,0.04700000000000015,0.002770017271682957,0.02300000000000013,0.0034229899865738955,0.02400000000000002,0.8092390811973992,-0.0009999999999998899
1856,3B00186448,222-2025-01-29,2025-01-29 12:49:48.244,0.1687689794370536,0.02831087445337295,0.052999999999999936,0.015947321440952258,0.030999999999999917,0.013204108162148826,0.02200000000000002,1.207754529508262,0.008999999999999897
1857,3B0018A99B,225-2025-01-29,2025-01-29 12:50:16.245,0.0981429309280405,0.0036579494434402023,0.03200000000000003,0.002331027707740853,0.020999999999999908,0.0015179364062636485,0.01100000000000012,1.5356557087122,0.009999999999999787
1858,3B0019F652,227-2025-01-29,2025-01-29 12:50:45.243,0.0858377658891988,0.005001768150805056,0.041999999999999815,0.002787990444733698,0.02400000000000002,0.0023948979195231694,0.017999999999999794,1.16413748661521,0.006000000000000227
1859,3B00190DF0,229-2025-01-29,2025-01-29 12:51:22.243,0.1858377627654824,0.024582889550777663,0.05499999999999994,0.0165451081886105,0.039999999999999813,0.008939303430539496,0.015000000000000124,1.8508274517326668,0.02499999999999969
1860,3B004B0F76,231-2025-01-29,2025-01-29 12:51:49.243,0.1774240499055155,0.027493346272667456,0.05799999999999994,0.01903419529629923,0.040999999999999925,0.009272566665808843,0.017000000000000015,2.0527428901088283,0.02399999999999991
1861,3B00190DF0,232-2025-01-29,2025-01-29 12:52:14.243,0.1858377627654824,0.024906617556562115,0.05999999999999983,0.0161288617324245,0.04400000000000004,0.009709790612821758,0.015999999999999792,1.661092640980988,0.028000000000000247
1862,3B001816CC,237-2025-01-29,2025-01-29 12:54:22.244,0.0960632335086863,0.012954607122009553,0.05400000000000005,0.008050271433977194,0.0369999999999997,0.005346361793333369,0.017000000000000348,1.5057475990523983,0.01999999999999935
1863,3B00190DF0,239-2025-01-29,2025-01-29 12:54:30.243,0.1858377627654824,0.023836988968033015,0.05099999999999999,0.015314127758231209,0.034999999999999976,0.009429617887137223,0.016000000000000014,1.624045421726043,0.01899999999999996
1864,3B004B0F76,243-2025-01-29,2025-01-29 12:55:58.242,0.1582626817833081,0.024411715077490802,0.07000000000000006,0.01671929192625946,0.05400000000000005,0.008479086069511232,0.016000000000000014,1.9718271272629297,0.038000000000000034
1865,3B001816CC,245-2025-01-29,2025-01-29 12:56:17.243,0.0938637827692101,0.009723735228368202,0.06999999999999995,0.006507739900122294,0.05499999999999994,0.003549466784555286,0.015000000000000013,1.8334415547820517,0.039999999999999925
1866,3B0018F763,247-2025-01-29,2025-01-29 12:56:49.241,0.1023160530939051,0.006704873993027195,0.04499999999999993,0.003557408234781643,0.02499999999999991,0.003380973549185386,0.020000000000000018,1.052184580278295,0.004999999999999893
1867,3B004CD4DE,249-2025-01-29,2025-01-29 12:57:26.241,0.0989409455489698,0.014368036812454207,0.051000000000000045,0.0059249641302041925,0.02300000000000002,0.008870280236488955,0.028000000000000025,0.6679568144680645,-0.0050000000000000044
1868,3B004CD4DE,250-2025-01-29,2025-01-29 12:59:27.242,0.1008577051711957,0.012526149664534159,0.08000000000000007,0.005247103749807388,0.054999999999999716,0.007697960953030021,0.025000000000000355,0.68162254677871,0.02999999999999936
1869,011016B2E1,251-2025-01-29,2025-01-29 12:59:35.241,0.1034056593821557,0.014428908133692608,0.052999999999999936,0.006077778091355549,0.02499999999999991,0.008778023089695003,0.028000000000000025,0.692385748961014,-0.0030000000000001137
1870,01103F97C4,252-2025-01-29,2025-01-29 12:59:48.243,0.1679576189764658,0.010485713154616678,0.04899999999999993,0.006636797245295097,0.03299999999999992,0.0042165929640052904,0.016000000000000014,1.5739715220202055,0.016999999999999904
1871,3B0018F763,253-2025-01-29,2025-01-29 12:59:56.242,0.102316053093905,0.01383731623924672,0.07899999999999996,0.007233977616625855,0.05499999999999994,0.007043268318685101,0.02400000000000002,1.0270768185041057,0.030999999999999917
1872,3B001877B5,254-2025-01-29,2025-01-29 13:00:19.241,0.1782068500941566,0.025825002045851506,0.06499999999999995,0.017438493696259327,0.04800000000000004,0.009157114839152254,0.016999999999999904,1.9043655127812884,0.03100000000000014
1873,3B004CD4DE,255-2025-01-29,2025-01-29 13:00:22.242,0.0994880887505268,0.014284000740364785,0.07699999999999996,0.007049917976605126,0.05400000000000005,0.007697188546154024,0.02299999999999991,0.915908183141452,0.03100000000000014
1874,3B001877B5,259-2025-01-29,2025-01-29 13:01:22.242,0.1782068500941566,0.025704519335381985,0.06299999999999994,0.016719006533165895,0.04400000000000004,0.009748561055212566,0.018999999999999906,1.7150230109320825,0.025000000000000133
1875,3B0018F763,260-2025-01-29,2025-01-29 13:01:29.241,0.1023160530939051,0.014056730937041722,0.06399999999999995,0.008814955209305239,0.04399999999999993,0.005672693619121866,0.020000000000000018,1.553927604972573,0.02399999999999991
1876,3B0018C2F6,262-2025-01-29,2025-01-29 13:02:15.242,0.1576520521087552,0.027770553097437457,0.052000000000000046,0.01676634561299831,0.031000000000000028,0.011825181533037797,0.02100000000000002,1.4178510127862,0.010000000000000009
1877,3B001877B5,263-2025-01-29,2025-01-29 13:02:24.241,0.1684160108894966,0.02266003637232833,0.07000000000000028,0.01687884347537708,0.05500000000000016,0.0064291655248878195,0.015000000000000124,2.6253552517877647,0.040000000000000036
1878,3B004CD4DE,264-2025-01-29,2025-01-29 13:02:32.241,0.0960455080066028,0.014000347227708277,0.04999999999999982,0.006909834899199819,0.0259999999999998,0.00751990618440697,0.02400000000000002,0.918872487203075,0.0019999999999997797
1879,3B0018C2F6,266-2025-01-29,2025-01-29 13:04:06.241,0.1576520521087552,0.02900268984584476,0.04800000000000004,0.014962515398789178,0.02499999999999991,0.01494867495456613,0.02300000000000013,1.000925864283297,0.0019999999999997797
1880,3B001877B5,267-2025-01-29,2025-01-29 13:04:15.241,0.1658025346221066,0.022663020914833607,0.06499999999999995,0.016533558565497614,0.04899999999999993,0.006775964316375386,0.016000000000000014,2.440030347494773,0.03299999999999992
1881,3B00190DF0,268-2025-01-29,2025-01-29 13:04:37.243,0.17539803293045,0.02432551886209932,0.051000000000000156,0.015321015012989311,0.03300000000000014,0.009742632609856184,0.018000000000000016,1.572574439221872,0.015000000000000124
1882,3B001877B5,270-2025-01-29,2025-01-29 13:05:29.242,0.1682585915795963,0.01976705116891376,0.06399999999999961,0.01391128267658111,0.04999999999999982,0.006547661508525379,0.01399999999999979,2.1246184853123413,0.03600000000000003
1883,3B00192E1E,274-2025-01-29,2025-01-29 13:06:59.241,0.1000908127851327,0.012734581210147682,0.07800000000000001,0.007234187240877329,0.052000000000000046,0.005830813602558504,0.025999999999999968,1.2406823016436401,0.02600000000000008
1884,3B001877B5,275-2025-01-29,2025-01-29 13:07:18.242,0.1712500956911283,0.0237866830145121,0.07099999999999995,0.017291707176306917,0.05499999999999994,0.007169887575653138,0.016000000000000014,2.411712456276797,0.038999999999999924
1885,3B00186448,276-2025-01-29,2025-01-29 13:07:33.241,0.1665071480782651,0.027984103992711385,0.05600000000000005,0.012856536782998635,0.028999999999999915,0.015883909655034688,0.027000000000000135,0.8094063150833603,0.0019999999999997797
1886,3B001816CC,277-2025-01-29,2025-01-29 13:07:45.242,0.0959214557045777,0.01131896795936681,0.07200000000000006,0.007000488382412521,0.05499999999999994,0.004737136877344608,0.017000000000000126,1.477788918427164,0.03799999999999981
1887,3B0019B8CC,279-2025-01-29,2025-01-29 13:08:31.242,0.1579522563034212,0.024533838404386197,0.07600000000000007,0.015352073429507833,0.05499999999999994,0.009846304564120287,0.02100000000000013,1.5591710909949348,0.03399999999999981
1888,3B00186448,280-2025-01-29,2025-01-29 13:08:45.242,0.170751645456439,0.028665279755904022,0.07699999999999996,0.018635442340894967,0.054999999999999716,0.010733179651066465,0.02200000000000024,1.7362461960695237,0.032999999999999474
1889,3B0019B8CC,281-2025-01-29,2025-01-29 13:09:24.241,0.1538416953491121,0.023927635194326096,0.07499999999999996,0.01340739057700144,0.05400000000000005,0.011298079073924256,0.020999999999999908,1.1866964719644628,0.03300000000000014
1890,3B0019B8CC,284-2025-01-29,2025-01-29 13:10:43.241,0.1538416953491122,0.028620246989049115,0.052000000000000046,0.011084612223830625,0.02200000000000002,0.01833888673009631,0.030000000000000027,0.6044321221330982,-0.008000000000000007
1891,3B0018C2F6,288-2025-01-29,2025-01-29 13:12:07.242,0.1546477329785824,0.02387315459700847,0.052000000000000046,0.015454330367865431,0.03499999999999992,0.009266457049531503,0.017000000000000126,1.6677712188442915,0.017999999999999794
1892,3B001877B5,289-2025-01-29,2025-01-29 13:12:21.241,0.1721717646503876,0.0248206672546477,0.06800000000000006,0.01708994198098328,0.051000000000000156,0.008471763034414706,0.016999999999999904,2.0172828148708937,0.03400000000000025
1893,3B0019B8CC,290-2025-01-29,2025-01-29 13:12:25.241,0.1538416953491122,0.025790835431301378,0.04899999999999993,0.01232238265471147,0.0239999999999998,0.014267637220307007,0.025000000000000133,0.8636596560762793,-0.001000000000000334
1894,3B001857EE,291-2025-01-29,2025-01-29 13:13:09.243,0.0977687392677557,0.005195799846709489,0.04299999999999993,0.003233667549023275,0.026999999999999913,0.002151822094248084,0.016000000000000014,1.5027578523647527,0.010999999999999899
1895,3B0019B8CC,292-2025-01-29,2025-01-29 13:13:20.240,0.1538416953491122,0.006091619820265987,0.10899999999999999,0.0021868520469804018,0.054999999999999716,0.004012072551020464,0.05400000000000027,0.5450679216716008,0.0009999999999994458
1896,3B004C4B80,295-2025-01-29,2025-01-29 13:15:15.240,0.1076060234729381,0.004955706490320554,0.04599999999999982,0.002313508707782406,0.021999999999999797,0.0028037373678873236,0.02400000000000002,0.8251517186596136,-0.002000000000000224
1897,3B0019B8CC,297-2025-01-29,2025-01-29 13:15:32.242,0.1446545374120727,0.012785108577390583,0.04800000000000004,0.008256943683850087,0.030000000000000027,0.004909413694694813,0.018000000000000016,1.6818594230045567,0.01200000000000001
1898,3B0019B8CC,301-2025-01-29,2025-01-29 13:17:21.240,0.1538416953491122,0.007219441581914294,0.08999999999999997,0.0033667676162212547,0.05499999999999999,0.00407295349834714,0.034999999999999976,0.8266157758951912,0.020000000000000018
1899,3B00186448,305-2025-01-29,2025-01-29 13:18:08.239,0.1705010582579174,0.02933549279788545,0.05699999999999994,0.014051241901633645,0.030000000000000027,0.01606782046162933,0.026999999999999913,0.8744958244454273,0.0030000000000001137
1900,01103F97C4,307-2025-01-29,2025-01-29 13:19:18.239,0.1679048988304076,0.009625448359923532,0.0470000000000006,0.0058844084129797605,0.03000000000000025,0.004068179820254478,0.017000000000000348,1.4464474710981854,0.0129999999999999
1901,3B001877B5,308-2025-01-29,2025-01-29 13:19:26.239,0.1744741994333292,0.024710593360244896,0.07200000000000006,0.01690093393970638,0.05500000000000016,0.008536626522445068,0.016999999999999904,1.9798141449985325,0.038000000000000256
1902,3B00182A81,309-2025-01-29,2025-01-29 13:20:13.240,0.0958487865929364,0.0038874811079919235,0.06299999999999994,0.002434074760970339,0.041999999999999926,0.0015671601679069901,0.02100000000000002,1.5531754895360508,0.020999999999999908
1903,3B0018A99B,312-2025-01-29,2025-01-29 13:21:58.239,0.0951097925836406,0.0021859383897281526,0.028000000000000025,0.0012743993115514713,0.016999999999999904,0.001039026339986686,0.01100000000000012,1.2265322470725828,0.005999999999999783
1904,3B004CD4DE,314-2025-01-29,2025-01-29 13:23:59.238,0.1010593774125685,0.0026037593444971792,0.07500000000000007,0.0016018429875730713,0.04300000000000004,0.0010575438247365663,0.03200000000000003,1.514682370701838,0.01100000000000001
1905,3B004C4B80,318-2025-01-29,2025-01-29 13:25:43.238,0.1050795242542134,0.013801316361664803,0.06699999999999995,0.007293869336914293,0.04100000000000015,0.006906230063550648,0.0259999999999998,1.0561289255927786,0.015000000000000346
1906,3B0018F763,326-2025-01-29,2025-01-29 13:29:17.236,0.1043459114134996,0.005878489688262974,0.04299999999999993,0.0034796168449829053,0.026000000000000023,0.0026093201082428453,0.016999999999999904,1.3335339094620058,0.009000000000000119
1907,3B004DB16E,327-2025-01-29,2025-01-29 13:29:45.236,0.0991720033477613,0.013192476773744074,0.056999999999999995,0.006942762684440073,0.032999999999999974,0.00665871636403733,0.02400000000000002,1.0426578194465275,0.008999999999999952
1908,3B00191394,328-2025-01-29,2025-01-29 13:30:02.236,0.0940022485758673,0.003028773707474704,0.07000000000000006,0.0007022521949895592,0.02400000000000002,0.0023872822477355644,0.04600000000000004,0.2941638742782402,-0.02200000000000002
1909,3B0018F763,329-2025-01-29,2025-01-29 13:30:07.236,0.1057938311363159,0.006051737175789603,0.040999999999999925,0.0036637638693765608,0.02499999999999991,0.0026172162722298067,0.016000000000000014,1.3998705067866326,0.008999999999999897
1910,3B0019F652,330-2025-01-29,2025-01-29 13:30:41.236,0.088704181632889,0.00048492563225058504,0.02400000000000002,0.0002641716993476132,0.01200000000000001,0.00025495835835661685,0.01200000000000001,1.036136650119583,0.0
1911,3B004873F2,331-2025-01-29,2025-01-29 13:30:44.236,0.0984652706696183,0.0044621017256075025,0.07400000000000001,0.0024578756727158158,0.046999999999999986,0.002094807240404962,0.027000000000000024,1.1733183012297905,0.019999999999999962
1912,3B0018F763,332-2025-01-29,2025-01-29 13:31:08.237,0.1023160530939051,0.007499355322677417,0.05300000000000016,0.005024432747589125,0.03600000000000003,0.0026905708120802192,0.017000000000000126,1.8674226023081237,0.018999999999999906
1913,3B00191394,333-2025-01-29,2025-01-29 13:31:30.235,0.0960084316596639,0.0025840567359014556,0.08499999999999996,0.0011014998688641704,0.03599999999999992,0.0015341463475073832,0.049000000000000044,0.7179887829175107,-0.013000000000000123
1914,3B004873F2,335-2025-01-29,2025-01-29 13:32:14.236,0.0964262931013971,0.004563791692845002,0.06900000000000017,0.0026776047389262996,0.049000000000000155,0.0020311270950874663,0.020000000000000018,1.3182851754586997,0.029000000000000137
1915,01103F97C4,337-2025-01-29,2025-01-29 13:32:42.238,0.170985179408109,0.0103453260769022,0.06599999999999984,0.007619131471239908,0.051000000000000156,0.003009338916488101,0.01499999999999968,2.5318289772862923,0.036000000000000476
1916,3B001877B5,338-2025-01-29,2025-01-29 13:33:05.237,0.17074127489508,0.022435913292282186,0.06499999999999995,0.015395656349660218,0.04899999999999993,0.007749357205982185,0.016000000000000014,1.9867010824814482,0.03299999999999992
1917,3B00190DF0,339-2025-01-29,2025-01-29 13:34:55.236,0.1858377627654824,0.025005423858031492,0.05499999999999999,0.015810615471476882,0.03799999999999998,0.010090620038368222,0.017000000000000015,1.5668626319650476,0.020999999999999963
1918,01103F97C4,340-2025-01-29,2025-01-29 13:35:41.236,0.1618435114270357,0.0003603451620929479,0.010000000000000009,0.00020706650595828983,0.0050000000000000044,0.00020031673377952954,0.0050000000000000044,1.0336954983810247,0.0
1919,3B004C4B80,341-2025-01-29,2025-01-29 13:35:57.236,0.104786072703446,0.012931665737644229,0.07599999999999985,0.007977644094519459,0.05499999999999994,0.005322069056541699,0.020999999999999908,1.498974178982819,0.03400000000000003
1920,3B00182A81,342-2025-01-29,2025-01-29 13:36:03.235,0.0991547467342567,0.004500075248893734,0.07500000000000001,0.0021986865945351525,0.04899999999999999,0.0024442663933397137,0.026000000000000023,0.8995282185797211,0.022999999999999965
1921,3B001857EE,343-2025-01-29,2025-01-29 13:36:09.235,0.0977687392677557,0.004847715062613169,0.04200000000000004,0.002955405499223713,0.026999999999999913,0.002092855938922798,0.015000000000000124,1.4121399587325985,0.011999999999999789
1922,3B00190DF0,346-2025-01-29,2025-01-29 13:36:59.237,0.1858377627654824,0.02847199374901848,0.05500000000000016,0.01848337729027848,0.038000000000000034,0.010944419016930917,0.017000000000000126,1.6888404274073263,0.020999999999999908
1923,01103FA4B2,347-2025-01-29,2025-01-29 13:37:12.235,0.0977866976137428,0.012028003342548438,0.05500000000000016,0.008217967455505267,0.040000000000000036,0.004240306426976256,0.015000000000000124,1.9380598070044348,0.02499999999999991
1924,3B001816CC,348-2025-01-29,2025-01-29 13:37:21.235,0.0973850420809805,0.010663908490142404,0.05899999999999972,0.007552428793761709,0.04400000000000004,0.0034464450824886125,0.01499999999999968,2.1913678045054596,0.02900000000000036
1925,3B0018C2F6,349-2025-01-29,2025-01-29 13:37:43.235,0.1576520521087552,0.024288640221226402,0.06300000000000017,0.01352228779136813,0.037000000000000366,0.011518696639220725,0.0259999999999998,1.1739425227438713,0.011000000000000565
1926,3B004C4B80,350-2025-01-29,2025-01-29 13:37:58.236,0.1087939700127973,0.012493360090213193,0.06899999999999995,0.008343481315099757,0.05099999999999927,0.0045031811207164206,0.018000000000000682,1.852797187462976,0.032999999999998586
1927,3B0018C2F6,354-2025-01-29,2025-01-29 13:40:10.234,0.1611763596744759,0.026962667097912722,0.05500000000000016,0.01531277585471599,0.03300000000000036,0.012425247146070177,0.021999999999999797,1.232392054234436,0.011000000000000565
1928,3B00182A81,355-2025-01-29,2025-01-29 13:40:42.234,0.0991547467342568,0.0043278862465642816,0.06600000000000006,0.0030367551991630003,0.050000000000000044,0.0014216131966073116,0.016000000000000014,2.1361332368116974,0.03400000000000003
1929,3B0018C2F6,356-2025-01-29,2025-01-29 13:41:16.234,0.1630134605076961,0.02918139780071781,0.052000000000000046,0.015319685217862911,0.028000000000000025,0.01470307906430828,0.02400000000000002,1.041937212665301,0.0040000000000000036
1930,3B00191394,357-2025-01-29,2025-01-29 13:41:21.234,0.0950208330479491,0.003874879125948858,0.06899999999999995,0.001243198405632239,0.028000000000000025,0.0027410847406431245,0.040999999999999925,0.4535424925756052,-0.0129999999999999
1931,3B0018A99B,361-2025-01-29,2025-01-29 13:42:40.235,0.0953804449015071,0.0017800537415070563,0.11000000000000004,0.0010359816137149843,0.05499999999999999,0.0007894196377066005,0.05500000000000005,1.3123332182673952,-5.551115123125783e-17
1932,011016B2E1,363-2025-01-29,2025-01-29 13:42:58.236,0.1019162494948319,0.0025703383751226787,0.09699999999999998,0.0009862504008287523,0.054999999999999716,0.0016494802350522353,0.04200000000000026,0.5979158645677982,0.012999999999999456
1933,3B00190DF0,364-2025-01-29,2025-01-29 13:43:23.234,0.1811501354538468,0.024035075402395863,0.04800000000000004,0.015382763695278778,0.03200000000000003,0.009572353200248738,0.016000000000000014,1.6069991749655723,0.016000000000000014
1934,3B0019F652,366-2025-01-29,2025-01-29 13:43:37.235,0.0905389973583477,0.005989908450978381,0.040999999999999925,0.00330775771046011,0.02299999999999991,0.002907292051855213,0.018000000000000016,1.1377452459065303,0.004999999999999893
1935,3B00186448,367-2025-01-29,2025-01-29 13:44:12.235,0.1697602384057182,0.03108212083729375,0.08400000000000007,0.014038737959536475,0.054999999999999716,0.017857655955923864,0.02900000000000036,0.7861467369618267,0.025999999999999357
1936,3B0019B8CC,368-2025-01-29,2025-01-29 13:44:19.234,0.1538416953491121,0.005026694318383419,0.10799999999999987,0.0017480125430913327,0.05499999999999994,0.003360665544864907,0.052999999999999936,0.5201387998166892,0.0020000000000000018
1937,3B0018A99B,369-2025-01-29,2025-01-29 13:44:31.234,0.0965513302246573,0.0031805368255893194,0.028000000000000025,0.0018787327196141534,0.017000000000000126,0.0014871141316068802,0.010999999999999899,1.263341313006094,0.006000000000000227
1938,011016B2E1,370-2025-01-29,2025-01-29 13:44:35.233,0.101597295898075,0.013905191677979632,0.04499999999999993,0.006594912830583365,0.02200000000000024,0.007813547623523074,0.022999999999999687,0.8440356606682797,-0.0009999999999994458
1939,011016B2E1,371-2025-01-29,2025-01-29 13:44:51.235,0.0999930020215374,0.004045974545950724,0.06500000000000039,0.001959263673368149,0.036000000000000476,0.002214185983874905,0.028999999999999915,0.8848686097901167,0.007000000000000561
1940,3B00186448,372-2025-01-29,2025-01-29 13:45:07.235,0.1720324744783095,0.03042965880129662,0.06000000000000005,0.014383129912033632,0.03200000000000003,0.016824427214079188,0.028000000000000025,0.8548956662249634,0.0040000000000000036
1941,3B001877B5,373-2025-01-29,2025-01-29 13:45:24.234,0.1743504988676598,0.022084115713727592,0.07000000000000028,0.015784038719608977,0.05500000000000016,0.006949081260133051,0.015000000000000124,2.2713849685658687,0.040000000000000036
1942,3B00186448,374-2025-01-29,2025-01-29 13:45:53.234,0.1716352130901554,0.030295696350715304,0.05799999999999983,0.013152262494810227,0.03000000000000025,0.01795774874138106,0.02799999999999958,0.732400407435411,0.002000000000000668
1943,3B00190DF0,376-2025-01-29,2025-01-29 13:47:12.237,0.1858377627654824,0.024345649233684777,0.05399999999999994,0.015332029883027613,0.03799999999999992,0.009951571086463688,0.016000000000000014,1.5406642579162726,0.02199999999999991
1944,3B001877B5,377-2025-01-29,2025-01-29 13:47:39.234,0.171866330941999,0.01952372023377556,0.07299999999999995,0.013775292369231711,0.052999999999999936,0.006205979970324398,0.020000000000000018,2.219680442911847,0.03299999999999992
1945,3B00190DF0,381-2025-01-29,2025-01-29 13:48:46.234,0.1850155982565356,0.03231184414715075,0.052999999999999936,0.016450023763405982,0.028000000000000025,0.016815351257995766,0.02499999999999991,0.9782741681107572,0.0030000000000001137
1946,3B001877B5,383-2025-01-29,2025-01-29 13:49:19.234,0.1751409259809105,0.021799925070550518,0.07099999999999973,0.015168573145895642,0.05400000000000027,0.007258259696551827,0.01699999999999946,2.089836101221586,0.03700000000000081
1947,3B00192E1E,384-2025-01-29,2025-01-29 13:49:24.234,0.1024658536187171,0.004346805122486786,0.05699999999999994,0.0032383916124309924,0.04399999999999982,0.0012383213765668792,0.013000000000000123,2.6151463373822277,0.030999999999999694
1948,3B001877B5,385-2025-01-29,2025-01-29 13:49:51.234,0.1787192032385369,0.022533411697545885,0.07299999999999995,0.015414461355531572,0.05500000000000016,0.007768583867480974,0.017999999999999794,1.9842047943970818,0.037000000000000366
1949,3B004C0894,387-2025-01-29,2025-01-29 13:51:19.236,0.1044432106956203,0.005366424992099853,0.03500000000000014,0.0032261447138903707,0.020000000000000018,0.0023693012290494277,0.015000000000000124,1.3616439625048065,0.004999999999999893
1950,3B004B0F76,389-2025-01-29,2025-01-29 13:53:30.234,0.1774240499055155,0.02213832612070005,0.05800000000000005,0.015581446595021909,0.04300000000000015,0.007276275461382359,0.014999999999999902,2.141404167244339,0.028000000000000247
1951,3B0049A710,390-2025-01-29,2025-01-29 13:54:02.235,0.0976375983351212,0.004225100483850881,0.06000000000000005,0.00232196533797096,0.03700000000000003,0.002029790858962121,0.02300000000000002,1.1439431445455588,0.014000000000000012
1952,3B00191394,392-2025-01-29,2025-01-29 13:54:18.234,0.0959496211075908,0.0037338515082075375,0.07,0.00185905192906425,0.032999999999999974,0.0019754734279732026,0.03700000000000003,0.9410665325787759,-0.004000000000000059
1953,3B001870F2,393-2025-01-29,2025-01-29 13:54:33.233,0.095890747095052,0.012767791418370734,0.05900000000000016,0.008364857596048715,0.04200000000000026,0.00483182918717736,0.016999999999999904,1.731198945990735,0.025000000000000355
1954,3B0018F763,395-2025-01-29,2025-01-29 13:57:48.913,0.1023160530939051,0.015442461742860679,0.05499999999999999,0.01041856706054106,0.03799999999999998,0.005491732320085071,0.017000000000000015,1.897136723586642,0.020999999999999963
1955,3B00192E1E,396-2025-01-29,2025-01-29 13:57:58.913,0.1005858192823128,0.01289014658108964,0.051999999999999935,0.008052400912909676,0.03299999999999992,0.005240040838357723,0.019000000000000017,1.536705755032507,0.013999999999999901
1956,3B00185CB8,398-2025-01-29,2025-01-29 14:00:57.915,0.0953970648449805,0.012110098308717104,0.05199999999999999,0.007616467314041829,0.033999999999999975,0.004920205275080587,0.018000000000000016,1.5479978757425075,0.01599999999999996
1957,3B00182A81,399-2025-01-29,2025-01-29 14:01:40.913,0.0991547467342568,0.011119181120052814,0.05899999999999994,0.0077028439189078405,0.04399999999999993,0.0037944298956170187,0.015000000000000013,2.030039856001943,0.028999999999999915
1958,3B0019F652,400-2025-01-29,2025-01-29 14:01:43.914,0.0905389973583477,0.011081079534234555,0.05299999999999999,0.00748324250516348,0.03799999999999998,0.003986920720243981,0.015000000000000013,1.8769479079848719,0.022999999999999965
1959,3B00484043,405-2025-01-29,2025-01-29 14:02:51.912,0.0941812955044005,0.006611084408427953,0.04999999999999982,0.0030148400189398466,0.017999999999999794,0.0038476717173237243,0.03200000000000003,0.7835491799796372,-0.014000000000000234
1960,3B00186448,407-2025-01-29,2025-01-29 14:03:05.914,0.1596673654887581,0.026510069990451798,0.07000000000000028,0.019574730756171447,0.05500000000000016,0.00766912285737119,0.015000000000000124,2.5524080289517284,0.040000000000000036
1961,3B00186448,408-2025-01-29,2025-01-29 14:03:15.913,0.1703100866853766,0.024564401670832875,0.07199999999999984,0.017071601731687456,0.05400000000000005,0.008203513137789747,0.017999999999999794,2.0810110796369146,0.036000000000000254
1962,3B0018F763,409-2025-01-29,2025-01-29 14:03:23.913,0.1023160530939051,0.01472572448590473,0.052999999999999936,0.009418192936432007,0.03499999999999992,0.005787241124552741,0.018000000000000016,1.6274063467780393,0.016999999999999904
1963,3B00190DF0,410-2025-01-29,2025-01-29 14:03:33.913,0.1858377627654824,0.025330085796075538,0.05199999999999999,0.016873811796183826,0.03699999999999998,0.009360844085754064,0.015000000000000013,1.8025951123214925,0.021999999999999964
1964,3B001857EE,411-2025-01-29,2025-01-29 14:03:42.913,0.0977687392677557,0.015526709958523274,0.06099999999999994,0.006935376807712284,0.03299999999999992,0.008988404971828734,0.028000000000000025,0.7715914925338804,0.004999999999999893
1965,3B0019248A,412-2025-01-29,2025-01-29 14:04:05.915,0.1169316465096806,0.011811652953462261,0.09399999999999997,0.003594686414127096,0.05400000000000005,0.008666600691027516,0.039999999999999925,0.4147746668250973,0.014000000000000123
1966,3B004873F2,415-2025-01-29,2025-01-29 14:05:02.913,0.1000426597534706,0.014588403677316827,0.04899999999999993,0.006380820031262846,0.02300000000000013,0.008670686525104637,0.0259999999999998,0.7359071294744844,-0.0029999999999996696
1967,3B00190DF0,416-2025-01-29,2025-01-29 14:05:31.912,0.1858377627654824,0.025681449914231984,0.05499999999999994,0.016779011684685045,0.038999999999999924,0.009814739895707126,0.016000000000000014,1.7095727307072117,0.02299999999999991
1968,3B001857EE,417-2025-01-29,2025-01-29 14:05:35.913,0.0977687392677557,0.012885048650979936,0.05600000000000005,0.008284301701968758,0.03700000000000003,0.0049959544611805065,0.019000000000000017,1.6582020045097128,0.018000000000000016
1969,3B0019248A,419-2025-01-29,2025-01-29 14:06:16.914,0.1057315634145852,0.015674225577426138,0.05800000000000072,0.008132428944975864,0.034000000000000696,0.008022472054797817,0.02400000000000002,1.013706110713379,0.010000000000000675
1970,3B0018D520,420-2025-01-29,2025-01-29 14:06:48.914,0.1021846413898618,0.012539747746047478,0.04899999999999993,0.007475747523561008,0.03100000000000014,0.005521611686326505,0.017999999999999794,1.3539067845125086,0.013000000000000345
1971,011016B2E1,421-2025-01-29,2025-01-29 14:07:05.914,0.1034056593821557,0.015630319059509852,0.04799999999999999,0.006453653908125863,0.020999999999999963,0.00969276738281537,0.027000000000000024,0.6658216021533501,-0.006000000000000061
1972,3B0018A99B,422-2025-01-29,2025-01-29 14:07:25.914,0.0951097925836406,0.004811240985132768,0.041000000000000036,0.003064086903885594,0.028000000000000025,0.0019537912061406092,0.013000000000000012,1.5682775591656952,0.015000000000000013
1973,3B00484043,423-2025-01-29,2025-01-29 14:07:33.914,0.0941812955044006,0.012205041896454848,0.050000000000000044,0.006887383182019766,0.030000000000000027,0.005740754891363632,0.020000000000000018,1.1997347582947875,0.010000000000000009
1974,3B004CDB63,424-2025-01-29,2025-01-29 14:08:16.913,0.1012702462445025,0.0098833169143715,0.04400000000000004,0.006097190369291161,0.029000000000000137,0.00418647592047611,0.014999999999999902,1.4564016335242063,0.014000000000000234
1975,01103F97C4,425-2025-01-29,2025-01-29 14:08:57.914,0.169128854599943,0.024470719332815784,0.05500000000000016,0.01424179270341396,0.03500000000000014,0.011087308818226595,0.020000000000000018,1.2845130353004746,0.015000000000000124
1976,011016B2E1,428-2025-01-29,2025-01-29 14:09:37.914,0.1034056593821557,0.012135273431599642,0.08399999999999996,0.0068966364661949405,0.05399999999999994,0.005543683160869424,0.030000000000000027,1.2440531441038074,0.02399999999999991
1977,3B004CDB63,430-2025-01-29,2025-01-29 14:10:11.913,0.16968040315829,0.019278632065105265,0.08400000000000007,0.007999591491376848,0.052000000000000046,0.012151126011049345,0.03200000000000003,0.6583415795460111,0.020000000000000018
1978,01103F97C4,431-2025-01-29,2025-01-29 14:12:47.913,0.1706051099274559,0.029969736950778533,0.054999999999999716,0.0175571810341187,0.03299999999999992,0.013294818260921899,0.021999999999999797,1.3206033124744074,0.01100000000000012
1979,3B00191394,432-2025-01-29,2025-01-29 14:12:54.913,0.0955494162184201,0.01185852490812602,0.05299999999999999,0.00721871966367093,0.034999999999999976,0.005059957221139747,0.018000000000000016,1.4266365007024557,0.01699999999999996
1980,01103F97C4,433-2025-01-29,2025-01-29 14:14:03.914,0.1714252662316933,0.024515622934408475,0.06299999999999972,0.016261973379402012,0.04599999999999982,0.009052250031641777,0.016999999999999904,1.7964564967338437,0.028999999999999915
1981,3B00484043,435-2025-01-29,2025-01-29 14:14:26.915,0.0941812955044005,0.012922014842331709,0.07899999999999996,0.006584706433760777,0.05500000000000005,0.006728150753294447,0.02399999999999991,0.9786799783783928,0.03100000000000014
1982,3B0018C2F6,437-2025-01-29,2025-01-29 14:15:13.915,0.1536882353250717,0.025120535292879137,0.05300000000000016,0.01587021608234722,0.03600000000000003,0.010158694642005077,0.017000000000000126,1.5622298574391273,0.018999999999999906
1983,3B00484043,439-2025-01-29,2025-01-29 14:16:24.914,0.0941812955044005,0.010259087580473317,0.06300000000000006,0.007196161183338346,0.04800000000000004,0.00338507998128458,0.015000000000000013,2.125846722418513,0.03300000000000003
1984,3B0018C2F6,440-2025-01-29,2025-01-29 14:16:55.912,0.1549237684792807,0.024675594068066277,0.05999999999999983,0.015667341890633058,0.040999999999999925,0.009853855902480635,0.018999999999999906,1.589970671956845,0.02200000000000002
1985,3B00192E1E,441-2025-01-29,2025-01-29 14:17:16.913,0.1005858192823128,0.012834633066482288,0.052999999999999936,0.005995065503885124,0.027000000000000024,0.007235888160426402,0.025999999999999912,0.8285182649273896,0.001000000000000112
1986,3B004B0F76,443-2025-01-29,2025-01-29 14:18:00.914,0.1622026569769313,0.022581429535610865,0.06499999999999995,0.015745363908920753,0.04799999999999982,0.007534070190197896,0.017000000000000126,2.089888136349732,0.030999999999999694
1987,3B00192E1E,444-2025-01-29,2025-01-29 14:18:18.913,0.1009907245475322,0.004264720357356646,0.040000000000000036,0.002711086593568399,0.026000000000000245,0.0017184889949915505,0.01399999999999979,1.5775990428043032,0.012000000000000455
1988,3B004873F2,446-2025-01-29,2025-01-29 14:18:53.915,0.0999593340095974,0.015127255899306372,0.04899999999999993,0.007862357348054344,0.026000000000000023,0.007756184202259268,0.02299999999999991,1.0136888375812618,0.0030000000000001137
1989,3B0018F763,447-2025-01-29,2025-01-29 14:19:07.912,0.102316053093905,0.014289989270108612,0.05399999999999994,0.008703781597532476,0.03500000000000003,0.0060411957415340105,0.018999999999999906,1.440738219702573,0.016000000000000125
1990,3B00192E1E,448-2025-01-29,2025-01-29 14:19:23.912,0.1013603134227422,0.013370004329537827,0.05600000000000005,0.005689104122106631,0.028000000000000025,0.008068042123297045,0.028000000000000025,0.705140607245832,0.0
1991,3B0018F763,449-2025-01-29,2025-01-29 14:21:04.913,0.1023160530939051,0.014891594366444326,0.051000000000000045,0.00809033474981153,0.029000000000000026,0.007273230086722255,0.02200000000000002,1.1123441240475744,0.007000000000000006
1992,3B0019248A,450-2025-01-29,2025-01-29 14:22:05.913,0.108023855035572,0.014265175213115093,0.07699999999999996,0.007340467203801782,0.05500000000000016,0.00741373951706455,0.021999999999999797,0.9901166863100445,0.03300000000000036
1993,3B00190DF0,452-2025-01-29,2025-01-29 14:22:48.916,0.1858377627654824,0.023623290401602482,0.05399999999999994,0.016206848156817083,0.038999999999999924,0.008223337512653807,0.015000000000000013,1.9708358232747356,0.02399999999999991
1994,3B0018A99B,455-2025-01-29,2025-01-29 14:23:27.915,0.0951097925836406,0.011830702854634334,0.07200000000000001,0.007683557674562795,0.05499999999999999,0.004535774413244404,0.017000000000000015,1.6939902593318803,0.03799999999999998
1995,011016B2E1,456-2025-01-29,2025-01-29 14:24:16.913,0.1044244905150679,0.014305051036630954,0.05899999999999994,0.00926646007207602,0.04200000000000004,0.005512444884286313,0.016999999999999904,1.681007296506645,0.025000000000000133
1996,3B00190DF0,457-2025-01-29,2025-01-29 14:24:19.914,0.1858377627654824,0.024696433571079555,0.07,0.016671242326714013,0.05400000000000005,0.008858472259454122,0.01599999999999996,1.8819545671570834,0.03800000000000009
1997,3B004CD4DE,459-2025-01-29,2025-01-29 14:25:11.915,0.0994476367912997,0.014362801640242721,0.052000000000000046,0.0068750633092824415,0.027000000000000024,0.007936788469330366,0.025000000000000022,0.8662273583136703,0.0020000000000000018
1998,3B0019248A,460-2025-01-29,2025-01-29 14:25:18.912,0.1084129098513937,0.016810855608350543,0.052999999999999936,0.007631673789631173,0.026000000000000023,0.009677491851044594,0.026999999999999913,0.7886003839731889,-0.0009999999999998899
1999,3B00191394,461-2025-01-29,2025-01-29 14:25:21.912,0.0955494162184201,0.012165552130336668,0.04999999999999999,0.0078065301179963105,0.032999999999999974,0.004778931960595288,0.017000000000000015,1.6335302913632377,0.01599999999999996
2000,01103F88A1,462-2025-01-29,2025-01-29 14:25:35.913,0.1108808563780534,0.013087573904063366,0.050999999999999934,0.006538436848303026,0.026000000000000023,0.006983484672418913,0.02499999999999991,0.936271382412624,0.001000000000000112
2001,3B001857EE,463-2025-01-29,2025-01-29 14:25:40.912,0.0977687392677557,0.006745076397849208,0.052000000000000046,0.00464908937342504,0.037000000000000144,0.002306806889630005,0.014999999999999902,2.0153786579728488,0.02200000000000024
2002,011016B2E1,465-2025-01-29,2025-01-29 14:25:48.913,0.1034358714714401,0.006380771675396902,0.04100000000000015,0.00393859576718182,0.025000000000000133,0.002686083383990645,0.016000000000000014,1.4662969104594028,0.009000000000000119
2003,3B0019F652,470-2025-01-29,2025-01-29 14:30:28.913,0.0921904822716715,0.009983785109041231,0.05899999999999994,0.005897834487098615,0.038999999999999924,0.004407810948999606,0.020000000000000018,1.3380416164257642,0.018999999999999906
2004,3B00186448,471-2025-01-29,2025-01-29 14:31:10.914,0.1719703599392518,0.031009584038177447,0.05400000000000005,0.014281389025978171,0.027000000000000135,0.0175969000242123,0.026999999999999913,0.8115855068976819,2.220446049250313e-16
2005,3B004873F2,472-2025-01-29,2025-01-29 14:31:32.915,0.1000426597534706,0.014569036034821787,0.05299999999999999,0.006946836693760406,0.028000000000000025,0.008070547791788214,0.024999999999999967,0.8607639621227218,0.003000000000000058
2006,3B001877B5,473-2025-01-29,2025-01-29 14:31:52.914,0.1782068500941566,0.023503992083154714,0.062000000000000055,0.016114644111232944,0.04499999999999993,0.008109124729222799,0.017000000000000126,1.9872236091227833,0.027999999999999803
2007,3B001857EE,475-2025-01-29,2025-01-29 14:32:35.914,0.1051001643028336,0.011935584110283119,0.05899999999999994,0.008257229464385965,0.04299999999999993,0.004041044844991087,0.016000000000000014,2.0433402204434525,0.026999999999999913
2008,3B0019F652,476-2025-01-29,2025-01-29 14:32:38.914,0.0905389973583477,0.009713685630571102,0.07500000000000001,0.005529887665768069,0.05499999999999999,0.004519188811893954,0.020000000000000018,1.2236460780780123,0.034999999999999976
2009,011016B2E1,477-2025-01-29,2025-01-29 14:33:11.915,0.1034056593821557,0.015231998304281333,0.09499999999999997,0.0063098804250432995,0.04699999999999993,0.009397760798936273,0.04800000000000004,0.6714238168051172,-0.001000000000000112
2010,3B001877B5,478-2025-01-29,2025-01-29 14:33:44.916,0.1782068500941566,0.026025619225595827,0.07300000000000006,0.01739868998967768,0.05500000000000005,0.009390826872548188,0.018000000000000016,1.8527324830722354,0.03700000000000003
2011,3B0019B8CC,1-2025-02-05,2025-02-05 07:30:06.932,0.1538416953491122,0.024305908786242014,0.052999999999999936,0.00993992408097391,0.02400000000000002,0.015023932027437164,0.028999999999999915,0.6616060338146709,-0.004999999999999893
2012,3B0019B8CC,4-2025-02-05,2025-02-05 07:44:03.933,0.1538416953491121,0.026394765955385563,0.050999999999999934,0.011895719860647169,0.02400000000000002,0.015260085931348095,0.026999999999999913,0.7795316431482431,-0.0029999999999998916
2013,3B0019B8CC,5-2025-02-05,2025-02-05 07:45:29.934,0.1511056668593403,0.00614887735866059,0.09200000000000008,0.003213322138659663,0.05499999999999994,0.0031058879518082523,0.037000000000000144,1.0345904902296499,0.017999999999999794
2014,3B0019B8CC,6-2025-02-05,2025-02-05 07:46:34.934,0.1538416953491121,0.024256440673583388,0.04999999999999982,0.009830148917268518,0.02200000000000002,0.0151250782876289,0.027999999999999803,0.6499238371089154,-0.005999999999999783
2015,3B00484043,8-2025-02-05,2025-02-05 08:02:49.934,0.0863286860891939,0.002451489781806914,0.07499999999999996,0.0008816559598279818,0.027000000000000024,0.0016248363156216813,0.04799999999999993,0.542612170439242,-0.020999999999999908
2016,3B00484043,9-2025-02-05,2025-02-05 08:05:25.936,0.0861618057634769,0.003731139288118065,0.06499999999999995,0.0026296407933201742,0.04599999999999993,0.0012024696102953748,0.019000000000000017,2.1868667372593547,0.026999999999999913
2017,0700ED9568,10-2025-02-05,2025-02-05 08:06:01.935,0.1612189725362528,0.02149608876625842,0.06699999999999973,0.014845967929114284,0.04999999999999982,0.007268284287823181,0.016999999999999904,2.042568416591281,0.03299999999999992
2018,0700ED9568,11-2025-02-05,2025-02-05 08:16:48.933,0.1575071566750209,0.019259859645012263,0.07399999999999984,0.012366250312013747,0.054999999999999716,0.007508734472909602,0.019000000000000128,1.646915383228604,0.03599999999999959
2019,3B00192E1E,12-2025-02-05,2025-02-05 08:43:46.929,0.0915848510892975,0.010576100288335062,0.05600000000000005,0.006998339166542721,0.038999999999999924,0.003911737796037706,0.017000000000000126,1.7890614175703465,0.021999999999999797
2020,3B00192E1E,14-2025-02-05,2025-02-05 08:45:21.931,0.0922601050709317,0.004245751146361465,0.05999999999999983,0.0026820645326356344,0.039999999999999813,0.0016874069789725552,0.020000000000000018,1.5894591915630905,0.019999999999999796
2021,3B00484043,15-2025-02-05,2025-02-05 08:51:00.930,0.0941812955044005,0.0027617149189754792,0.062,0.001293858624328821,0.027000000000000024,0.001552937573311683,0.034999999999999976,0.8331684715243455,-0.007999999999999952
2022,3B00484043,19-2025-02-05,2025-02-05 09:19:36.928,0.0876088860355683,0.010985943888989299,0.04999999999999982,0.006873104693423266,0.03200000000000003,0.004462557266663976,0.017999999999999794,1.5401717631203231,0.014000000000000234
2023,01101763D0,24-2025-02-05,2025-02-05 09:23:01.927,0.1509897005506909,0.025015918773934432,0.06400000000000006,0.015570857164196287,0.04200000000000004,0.010165297626554649,0.02200000000000002,1.5317659881911159,0.020000000000000018
2024,01103FA4B2,26-2025-02-05,2025-02-05 09:25:10.926,0.1070560818927257,0.012662912371708704,0.07200000000000006,0.008161706355070733,0.05500000000000005,0.00493653672801774,0.017000000000000015,1.6533263712489497,0.038000000000000034
2025,3B004CDB63,27-2025-02-05,2025-02-05 09:27:34.927,0.1012702462445025,0.010106635136128979,0.043999999999999984,0.0058986255174059525,0.02699999999999997,0.004596830453089939,0.017000000000000015,1.283194056774698,0.009999999999999953
2026,3B00182DFC,29-2025-02-05,2025-02-05 09:29:06.926,0.0984615111090755,0.01467628205765589,0.052000000000000046,0.007188991130757054,0.028000000000000025,0.007943510674960045,0.02400000000000002,0.905014347550205,0.0040000000000000036
2027,3B00182DFC,30-2025-02-05,2025-02-05 09:30:38.925,0.0977461474654209,0.01404771718876062,0.04899999999999993,0.007069625821521922,0.026000000000000023,0.007431874977728025,0.02299999999999991,0.9512573667759888,0.0030000000000001137
2028,3B00182DFC,31-2025-02-05,2025-02-05 09:32:17.925,0.1024769000533538,0.013459785531855901,0.050000000000000044,0.007843991808757661,0.030000000000000027,0.006049045224292058,0.020000000000000018,1.2967322144092042,0.010000000000000009
2029,3B0019B8CC,32-2025-02-05,2025-02-05 09:33:42.924,0.1538416953491122,0.02526999233134358,0.05800000000000005,0.01052908075070872,0.028000000000000025,0.015384122541393083,0.030000000000000027,0.6844121738096398,-0.0020000000000000018
2030,011016B2E1,33-2025-02-05,2025-02-05 09:34:02.924,0.1034056593821557,0.0002352280432470718,0.010000000000000009,0.00013822331210104827,0.0050000000000001155,0.00012972805889168305,0.004999999999999893,1.0654850868959533,2.220446049250313e-16
2031,011016B2E1,35-2025-02-05,2025-02-05 09:34:34.924,0.0904248831514876,0.013156460837686748,0.06300000000000017,0.008704308657978643,0.04500000000000015,0.004873239139296524,0.018000000000000016,1.7861443711615501,0.027000000000000135
2032,011016B2E1,38-2025-02-05,2025-02-05 09:37:59.922,0.093349461678124,0.014154841678250459,0.04600000000000026,0.006453187386643543,0.02200000000000024,0.008205670201996728,0.02400000000000002,0.7864302644131682,-0.0019999999999997797
2033,3B004AE3AB,39-2025-02-05,2025-02-05 09:45:42.922,0.1002916482453951,0.012076128229403805,0.07800000000000007,0.0037118763086751703,0.050999999999999934,0.008789303468385136,0.027000000000000135,0.42231745917371943,0.0239999999999998
2034,3B004AE3AB,41-2025-02-05,2025-02-05 09:48:18.920,0.1002916482453951,0.012704623335238904,0.04899999999999993,0.006381297628399454,0.02499999999999991,0.006710845286573456,0.02400000000000002,0.9508932713985621,0.0009999999999998899
2035,3B004AE3AB,44-2025-02-05,2025-02-05 09:49:48.922,0.1002916482453951,0.012261053313812338,0.052000000000000046,0.007397751488877904,0.03400000000000003,0.005262643508657863,0.018000000000000016,1.4057101676576529,0.016000000000000014
2036,3B004CEFFE,45-2025-02-05,2025-02-05 09:50:01.921,0.1069954981198278,0.012345419742395338,0.05299999999999999,0.008304137701845151,0.03699999999999998,0.004467858792266974,0.016000000000000014,1.8586392471082696,0.020999999999999963
2037,3B0019F652,47-2025-02-05,2025-02-05 09:56:15.918,0.0905389973583477,0.01115908842619902,0.050000000000000044,0.00676549383340863,0.03300000000000014,0.004824658532192154,0.016999999999999904,1.4022741274364612,0.016000000000000236
2038,3B004C0894,48-2025-02-05,2025-02-05 09:59:50.919,0.1067658805452534,0.011328335199673778,0.05700000000000016,0.00592875589638804,0.03300000000000014,0.005794571211778208,0.02400000000000002,1.0231569653224875,0.009000000000000119
2039,3B004CDB63,49-2025-02-05,2025-02-05 10:03:40.918,0.1012702462445025,0.01077276085410943,0.04400000000000004,0.0061073847012049895,0.026000000000000023,0.005078422666676367,0.018000000000000016,1.2026144931339555,0.008000000000000007
2040,3B004AE3AB,50-2025-02-05,2025-02-05 10:05:56.917,0.1002916482453951,0.0011939084743573564,0.027000000000000024,0.0008847154124686939,0.02200000000000002,0.0004169412544981021,0.0050000000000000044,2.121918622645486,0.017000000000000015
2041,3B004C0894,51-2025-02-05,2025-02-05 10:09:42.917,0.0975222007274436,0.011790754257670542,0.04699999999999971,0.0068833113864374545,0.028999999999999915,0.005350782609807023,0.017999999999999794,1.286412079949124,0.01100000000000012
2042,3B004C0894,52-2025-02-05,2025-02-05 10:10:57.916,0.1067658805452534,0.01221320806082845,0.049000000000000044,0.006832495801387147,0.029000000000000026,0.005842384668002687,0.020000000000000018,1.1694703771915356,0.009000000000000008
2043,3B004C0894,54-2025-02-05,2025-02-05 10:12:14.916,0.1067658805452534,0.0111971041165811,0.05600000000000005,0.00697509412203329,0.038000000000000034,0.004612856410449867,0.018000000000000016,1.512098687102434,0.020000000000000018
2044,3B0019B8CC,55-2025-02-05,2025-02-05 10:12:59.916,0.1538416953491121,0.025041166325061016,0.05300000000000016,0.012349469327102737,0.028000000000000025,0.013396595186637425,0.025000000000000133,0.9218364185118354,0.0029999999999998916
2045,3B00185CB8,56-2025-02-05,2025-02-05 10:13:04.915,0.0953970648449805,0.00529809271559345,0.040000000000000036,0.0032858146443825766,0.025000000000000133,0.0022224457417834966,0.014999999999999902,1.4784678800508013,0.010000000000000231
2046,3B00483614,57-2025-02-05,2025-02-05 10:14:15.914,0.1236615983353104,0.01408509909424565,0.07500000000000018,0.006990424333924039,0.051000000000000156,0.007509969417456581,0.02400000000000002,0.9308192810579384,0.027000000000000135
2047,3B0019B8CC,58-2025-02-05,2025-02-05 10:14:48.914,0.1538416953491121,0.02557618003193021,0.052999999999999936,0.011409646699591297,0.026000000000000023,0.014865828605809334,0.026999999999999913,0.7675082904650592,-0.0009999999999998899
2048,3B00483614,60-2025-02-05,2025-02-05 10:15:53.915,0.1047310482201539,0.016008686425463582,0.051000000000000156,0.0067966544753446595,0.02400000000000002,0.009691339847872685,0.027000000000000135,0.7013121593126849,-0.0030000000000001137
2049,3B00483614,61-2025-02-05,2025-02-05 10:16:23.914,0.1236615983353104,0.013775232757376956,0.04999999999999982,0.005866292831378214,0.02299999999999991,0.008321761693544923,0.026999999999999913,0.704934008856396,-0.0040000000000000036
2050,3B0019B8CC,62-2025-02-05,2025-02-05 10:16:31.915,0.1538416953491121,0.026265092477639505,0.052999999999999936,0.012371393472433016,0.027000000000000024,0.01463410472073292,0.025999999999999912,0.8453809582834132,0.001000000000000112
2051,3B00483614,64-2025-02-05,2025-02-05 10:18:57.914,0.1037538222010821,0.015494056867828546,0.05800000000000005,0.006987213767442811,0.030999999999999917,0.008954685447344944,0.027000000000000135,0.7802857854168973,0.0039999999999997815
2052,3B0019B8CC,65-2025-02-05,2025-02-05 10:19:02.914,0.1538416953491121,0.02282875506207458,0.051999999999999935,0.013387383418170728,0.03200000000000003,0.010187681740708443,0.019999999999999907,1.3140755432785811,0.012000000000000122
2053,3B0019B8CC,68-2025-02-05,2025-02-05 10:22:05.913,0.1538416953491122,0.024772728156210906,0.05400000000000027,0.013131590077065498,0.03000000000000025,0.012335638563850195,0.02400000000000002,1.0645245488586097,0.006000000000000227
2054,3B0018A99B,69-2025-02-05,2025-02-05 10:22:14.911,0.0951097925836406,0.004590188405884907,0.035999999999999976,0.0025980859969178217,0.019999999999999962,0.002181488536775454,0.016000000000000014,1.1909693556117225,0.003999999999999948
2055,3B0018A99B,70-2025-02-05,2025-02-05 10:23:13.912,0.0918206648898593,0.010395560244999665,0.05700000000000016,0.006261265081302798,0.040000000000000036,0.004513104589633003,0.017000000000000126,1.387352089221569,0.02299999999999991
2056,3B0019B8CC,71-2025-02-05,2025-02-05 10:23:36.912,0.1538416953491122,0.02611434297823555,0.07800000000000001,0.012667395788533252,0.05099999999999999,0.01413526878847338,0.027000000000000024,0.89615528208865,0.023999999999999966
2057,3B001857EE,72-2025-02-05,2025-02-05 10:25:04.911,0.0977687392677557,0.006326719636574704,0.04400000000000004,0.003520488768585972,0.025000000000000022,0.003020641911839959,0.019000000000000017,1.1654770314835305,0.006000000000000005
2058,3B0019B8CC,73-2025-02-05,2025-02-05 10:25:14.912,0.1538416953491121,0.025944067968293787,0.05499999999999999,0.011549976207842353,0.027000000000000024,0.015093436079116961,0.02799999999999997,0.7652317303561326,-0.0009999999999999454
2059,3B00483614,74-2025-02-05,2025-02-05 10:26:29.910,0.1053293000417524,0.015659988851934606,0.07200000000000006,0.006791623103698945,0.04499999999999993,0.009334727431130344,0.027000000000000135,0.7275652292802455,0.017999999999999794
2060,3B001857EE,80-2025-02-05,2025-02-05 10:30:15.909,0.098599488387484,0.012132596380071045,0.051999999999999824,0.007783591806110467,0.03499999999999992,0.004775370823325072,0.016999999999999904,1.629945001986418,0.018000000000000016
2061,3B004CDB63,81-2025-02-05,2025-02-05 10:30:36.910,0.1012702462445025,0.011022519576565273,0.04999999999999999,0.0064309516671071315,0.02899999999999997,0.004977364057554898,0.02100000000000002,1.2920396404088432,0.007999999999999952
2062,3B004CEFFE,82-2025-02-05,2025-02-05 10:31:17.910,0.0983491862204705,0.009769945720264978,0.06499999999999995,0.00651447316366776,0.050000000000000044,0.003609052515482952,0.014999999999999902,1.8050369551898895,0.03500000000000014
2063,3B004CD4DE,84-2025-02-05,2025-02-05 10:33:59.909,0.0994476367912997,0.011950174771762271,0.05400000000000005,0.006471873577085265,0.029000000000000137,0.005843252369485821,0.02499999999999991,1.10758070469148,0.004000000000000226
2064,0700ED9568,86-2025-02-05,2025-02-05 10:35:25.909,0.1557668900228975,0.022128350156590693,0.06199999999999983,0.015035807453160419,0.04499999999999993,0.007784356595599253,0.016999999999999904,1.9315414534915634,0.028000000000000025
2065,3B00484043,88-2025-02-05,2025-02-05 10:42:05.907,0.0910211687468641,0.01248484657806053,0.05600000000000005,0.008003950192732322,0.038000000000000034,0.004875283714459774,0.018000000000000016,1.6417403912295663,0.020000000000000018
2066,3B0019F652,89-2025-02-05,2025-02-05 10:42:39.907,0.0804954842897864,0.011981720466673704,0.04500000000000015,0.007277756024140523,0.028000000000000025,0.005149232754244191,0.017000000000000126,1.413367072626873,0.010999999999999899
2067,3B0019F652,90-2025-02-05,2025-02-05 10:44:28.906,0.0905389973583477,0.004720632018585887,0.03500000000000014,0.002597418179799103,0.019000000000000128,0.0023286742604908674,0.016000000000000014,1.1154064026333963,0.0030000000000001137
2068,3B00192E1E,92-2025-02-05,2025-02-05 10:45:08.907,0.1005858192823128,0.00014496799488270123,0.016000000000000014,8.992634449163275e-05,0.010000000000000009,6.878932433213638e-05,0.006000000000000005,1.3072718094662512,0.0040000000000000036
2069,3B0019F652,93-2025-02-05,2025-02-05 10:45:57.905,0.0905389973583477,0.00500447625621691,0.039000000000000146,0.0027301464686142747,0.02100000000000013,0.0024641697848926916,0.018000000000000016,1.1079376451055565,0.0030000000000001137
2070,3B00484043,95-2025-02-05,2025-02-05 10:46:10.905,0.0916211970150366,0.011873866605565594,0.05799999999999983,0.007597984465379848,0.040999999999999925,0.004656304045408529,0.016999999999999904,1.631762958622094,0.02400000000000002
2071,3B0019F652,96-2025-02-05,2025-02-05 10:47:36.905,0.0905389973583477,0.003563689121517594,0.029000000000000026,0.0019583961563526637,0.016000000000000014,0.0018014485114484513,0.013000000000000012,1.0871230256689486,0.0030000000000000027
2072,3B004CDB63,97-2025-02-05,2025-02-05 10:49:48.904,0.1012702462445025,0.010738046657952811,0.05199999999999999,0.007034394976046955,0.03500000000000003,0.0040537119110933524,0.01699999999999996,1.7352972116239174,0.01800000000000007
2073,01103FA4B2,98-2025-02-05,2025-02-05 10:51:02.905,0.0970263657521321,0.013382673086742963,0.06999999999999984,0.009488632551531297,0.05500000000000016,0.004315203883200644,0.01499999999999968,2.198883948095971,0.04000000000000048
2074,3B00192E1E,101-2025-02-05,2025-02-05 11:04:17.903,0.0952003734684833,0.004360032769554803,0.06999999999999984,0.002954855025417019,0.05499999999999994,0.0015422981559665729,0.014999999999999902,1.915877947455097,0.040000000000000036
2075,3B004CDB63,106-2025-02-05,2025-02-05 11:20:16.901,0.1012702462445025,0.009390914922878522,0.04499999999999993,0.005531684406678382,0.027999999999999914,0.004237641004882516,0.017000000000000015,1.3053688125787197,0.010999999999999899
2076,3B001816CC,108-2025-02-05,2025-02-05 11:22:20.901,0.0938637827692101,0.011644488532578484,0.05199999999999999,0.007695137908311025,0.03699999999999998,0.0043798927485332,0.015000000000000013,1.7569238221388142,0.021999999999999964
2077,01101763D0,112-2025-02-05,2025-02-05 11:24:46.900,0.1509897005506909,0.009165070897236113,0.04300000000000004,0.005766685902486371,0.027000000000000024,0.0037294746892598536,0.016000000000000014,1.5462461560855423,0.01100000000000001
2078,0700ED9568,115-2025-02-05,2025-02-05 11:27:12.898,0.1600227171462243,0.023384417108743127,0.07200000000000006,0.01631972361624015,0.05500000000000016,0.007753679047241956,0.016999999999999904,2.1047716209049434,0.038000000000000256
2079,3B004CEFFE,116-2025-02-05,2025-02-05 11:27:38.898,0.1069954981198278,0.013236478351229687,0.05699999999999994,0.006384628915771434,0.03100000000000014,0.0072149668728117965,0.0259999999999998,0.8849145156619734,0.0050000000000003375
2080,011016B2E1,117-2025-02-05,2025-02-05 11:28:23.898,0.1034056593821557,0.001414149757873037,0.02899999999999997,0.0009168099577688242,0.020000000000000018,0.0005837254041670011,0.008999999999999952,1.5706185669221433,0.011000000000000065
2081,01103FA4B2,119-2025-02-05,2025-02-05 11:28:46.898,0.0957403997232415,0.014502547565312237,0.07200000000000006,0.008603404386941545,0.05400000000000005,0.006421441040748101,0.018000000000000016,1.3397934096642028,0.03600000000000003
2082,3B0018A99B,122-2025-02-05,2025-02-05 11:29:51.898,0.0951097925836406,0.00422965223496522,0.03400000000000003,0.002505507070922165,0.020000000000000018,0.0019180665669263242,0.014000000000000012,1.306267005600961,0.006000000000000005
2083,3B0018A99B,124-2025-02-05,2025-02-05 11:38:41.897,0.0951097925836406,0.00026352189825868343,0.013999999999999957,0.00017253671044142633,0.008999999999999952,0.00011846202287007357,0.0050000000000000044,1.4564727687510506,0.003999999999999948
2084,011016B2E1,127-2025-02-05,2025-02-05 11:41:04.895,0.0953644801040807,0.01442166078506004,0.043999999999999595,0.006648329285819857,0.020999999999999908,0.008302752135677351,0.022999999999999687,0.8007380176088414,-0.0019999999999997797
2085,3B0018F763,129-2025-02-05,2025-02-05 11:44:38.895,0.1023160530939051,0.013579516160530167,0.04799999999999999,0.00745899028974826,0.02699999999999997,0.00660208428095451,0.02100000000000002,1.12979325502792,0.00599999999999995
2086,01103F97C4,130-2025-02-05,2025-02-05 11:45:43.895,0.1618435114270357,0.028535112109301427,0.05400000000000027,0.012886374172079515,0.027000000000000135,0.016434377262721137,0.027000000000000135,0.784110889392218,0.0
2087,3B001877B5,133-2025-02-05,2025-02-05 11:47:09.895,0.1715989940218408,0.02995819273721093,0.05599999999999994,0.013707304132415676,0.028000000000000025,0.017033493997168463,0.027999999999999914,0.804726507356288,1.1102230246251565e-16
2088,3B001877B5,134-2025-02-05,2025-02-05 11:48:19.894,0.1782068500941566,0.028480603552678792,0.07599999999999996,0.014070547344449135,0.049000000000000044,0.01511724534985311,0.026999999999999913,0.9307613271346327,0.02200000000000013
2089,3B004CD4DE,137-2025-02-05,2025-02-05 11:49:14.895,0.0927766189280843,0.010677189783422086,0.04600000000000004,0.006724322711150085,0.029000000000000137,0.004363461707637203,0.016999999999999904,1.5410523024370204,0.012000000000000233
2090,3B0019B8CC,138-2025-02-05,2025-02-05 11:49:19.894,0.1538416953491122,0.009756819209403026,0.040999999999999925,0.0048624628957671555,0.020999999999999908,0.005237277271451448,0.020000000000000018,0.9284333526262937,0.0009999999999998899
2091,3B004CD4DE,142-2025-02-05,2025-02-05 11:51:04.895,0.0994476367912997,0.0037367617791063314,0.07299999999999995,0.0021986289617029835,0.04599999999999993,0.0016477236171411089,0.027000000000000024,1.3343432957025436,0.018999999999999906
2092,01103F97C4,144-2025-02-05,2025-02-05 11:51:33.893,0.162834061081251,0.008740104789104754,0.04299999999999926,0.005580622983159423,0.02799999999999958,0.003499492039461323,0.01499999999999968,1.5946951501048274,0.0129999999999999
2093,3B001877B5,145-2025-02-05,2025-02-05 11:51:39.894,0.1745611644960132,0.02804947838306489,0.06000000000000005,0.019193243410260023,0.040999999999999925,0.00956093248127408,0.019000000000000128,2.0074656366260992,0.021999999999999797
2094,01103F97C4,147-2025-02-05,2025-02-05 11:52:43.894,0.1616452604405898,0.026494220113380186,0.053999999999999826,0.015278231187724462,0.03299999999999992,0.012103599397854277,0.020999999999999908,1.2622882405074463,0.01200000000000001
2095,3B00192E1E,148-2025-02-05,2025-02-05 11:53:26.894,0.1005858192823128,0.004289250465503712,0.03600000000000003,0.002536819833436951,0.020999999999999908,0.001945281545919921,0.015000000000000124,1.3040887776670356,0.005999999999999783
2096,3B00192E1E,150-2025-02-05,2025-02-05 11:54:12.893,0.0959326174598193,0.013351030292916745,0.052000000000000046,0.005430050748435664,0.02400000000000002,0.008323950565742626,0.028000000000000025,0.652340581019683,-0.0040000000000000036
2097,3B00182DFC,152-2025-02-05,2025-02-05 11:56:26.894,0.1144449634497805,0.011393478749886832,0.04899999999999999,0.0074996507310801635,0.033999999999999975,0.004315786952606587,0.015000000000000013,1.7377249649801718,0.01899999999999996
2098,3B00182DFC,154-2025-02-05,2025-02-05 11:57:07.893,0.1002705409279605,0.004419318004985645,0.04499999999999993,0.0030507801035591126,0.031999999999999806,0.0015434733207111673,0.013000000000000123,1.9765680835697517,0.018999999999999684
2099,3B00182DFC,159-2025-02-05,2025-02-05 12:00:34.892,0.1144449634497805,0.013803680099089888,0.050999999999999934,0.006723790747228963,0.026999999999999913,0.007488219592585062,0.02400000000000002,0.8979158081698022,0.0029999999999998916
2100,3B00182DFC,160-2025-02-05,2025-02-05 12:01:21.892,0.1144449634497805,0.01295821519066035,0.04499999999999993,0.005952731828888454,0.02200000000000002,0.00742511151977002,0.02299999999999991,0.8017026832578575,-0.0009999999999998899
2101,3B00182DFC,161-2025-02-05,2025-02-05 12:01:37.893,0.1144449634497805,0.014013061299138574,0.04600000000000004,0.005692251630470606,0.020000000000000018,0.008764417205793254,0.026000000000000023,0.6494729195123259,-0.006000000000000005
2102,3B001877B5,165-2025-02-05,2025-02-05 12:03:20.893,0.1782068500941566,0.027922652479034814,0.052999999999999714,0.014058218668220013,0.028000000000000025,0.014621272168730767,0.02499999999999969,0.9614907995683915,0.0030000000000003357
2103,3B001877B5,167-2025-02-05,2025-02-05 12:04:19.893,0.1752625825644163,0.03025275717822614,0.05599999999999983,0.01343974593901952,0.026999999999999913,0.01760211914534101,0.028999999999999915,0.7635299947720668,-0.0020000000000000018
2104,3B00182DFC,169-2025-02-05,2025-02-05 12:07:05.891,0.1144449634497805,0.004919547082038093,0.040000000000000036,0.0029225620741484253,0.02499999999999991,0.0022059419777512796,0.015000000000000124,1.3248589961226735,0.009999999999999787
2105,3B00483614,173-2025-02-05,2025-02-05 12:08:21.892,0.1236615983353104,0.011689693814821992,0.052000000000000046,0.006884061139347775,0.03299999999999992,0.005177498706513551,0.019000000000000128,1.3296113682630735,0.01399999999999979
2106,3B00182DFC,174-2025-02-05,2025-02-05 12:08:33.891,0.1144449634497806,0.0048356170615119435,0.040000000000000036,0.0030430840790090273,0.026000000000000023,0.001996538159337237,0.014000000000000012,1.5241802741296955,0.01200000000000001
2107,3B00483614,176-2025-02-05,2025-02-05 12:09:19.891,0.1074083946921337,0.015465215385885472,0.05600000000000005,0.006925255390696142,0.028999999999999915,0.008962724791744288,0.027000000000000135,0.7726729930472827,0.0019999999999997797
2108,3B001857EE,177-2025-02-05,2025-02-05 12:09:22.891,0.0977687392677557,0.0064047828964409114,0.049000000000000044,0.004030156054884712,0.031000000000000028,0.0025703024733965338,0.018000000000000016,1.5679695664608106,0.013000000000000012
2109,3B00483614,178-2025-02-05,2025-02-05 12:09:58.891,0.1056352652428333,0.016059768582213783,0.054999999999999716,0.006333854467244037,0.0259999999999998,0.010193087557498716,0.028999999999999915,0.6213872324273748,-0.0030000000000001137
2110,3B00483614,180-2025-02-05,2025-02-05 12:10:52.891,0.1236615983353104,0.013296491636184826,0.07699999999999996,0.00634150603847536,0.05500000000000016,0.00739783074197445,0.021999999999999797,0.8572115610180666,0.03300000000000036
2111,3B001857EE,181-2025-02-05,2025-02-05 12:11:41.892,0.0977687392677557,0.004847739497403997,0.040999999999999925,0.0027357257781486285,0.02400000000000002,0.002297330086879719,0.016999999999999904,1.1908283418968093,0.007000000000000117
2112,0700ED9568,182-2025-02-05,2025-02-05 12:14:31.892,0.1625043296272102,0.02443178666036274,0.07399999999999995,0.015940506445632635,0.05500000000000005,0.009197542125616775,0.018999999999999906,1.7331267666864516,0.03600000000000014
2113,3B00192E1E,185-2025-02-05,2025-02-05 12:16:39.889,0.0964289878576731,0.0031164515625435505,0.03600000000000003,0.0018403285536818135,0.021999999999999797,0.0014122763369298897,0.014000000000000234,1.3030938107215302,0.007999999999999563
2114,3B00192E1E,189-2025-02-05,2025-02-05 12:18:23.890,0.0974417711798576,0.010293635275639467,0.05300000000000016,0.005730134938773534,0.03100000000000014,0.004933141902877615,0.02200000000000002,1.1615589114578306,0.009000000000000119
2115,3B00484043,190-2025-02-05,2025-02-05 12:18:34.889,0.0941812955044005,0.003212352515958868,0.07200000000000001,0.001914010021968192,0.044999999999999984,0.0013785031514640328,0.027000000000000024,1.388469819554222,0.01799999999999996
2116,3B004CDB63,192-2025-02-05,2025-02-05 12:19:37.889,0.0912250732586327,0.011262932461140051,0.04800000000000004,0.007077995956223063,0.03100000000000014,0.00459260523143235,0.016999999999999904,1.5411722975404887,0.014000000000000234
2117,3B00192E1E,194-2025-02-05,2025-02-05 12:20:00.890,0.0982711709913729,0.0031844536415958848,0.08900000000000041,0.001910624795999091,0.054999999999999716,0.0013301373257137527,0.034000000000000696,1.436411684014542,0.02099999999999902
2118,3B004AE3AB,198-2025-02-05,2025-02-05 12:21:28.888,0.1002916482453951,0.0005324704342402249,0.02699999999999997,0.00040205704309937817,0.019999999999999962,0.00015671638533606747,0.007000000000000006,2.5655073796986487,0.012999999999999956
2119,3B004CDB63,200-2025-02-05,2025-02-05 12:21:43.888,0.1012702462445025,0.01175837275092903,0.05300000000000005,0.00700311276235129,0.03300000000000003,0.005152610317856829,0.020000000000000018,1.3591388306779926,0.013000000000000012
2120,3B004AE3AB,201-2025-02-05,2025-02-05 12:21:58.888,0.1002916482453951,0.003011409162053405,0.03100000000000014,0.0011900593496785305,0.008000000000000007,0.0020298192122733326,0.02300000000000013,0.5862883465102797,-0.015000000000000124
2121,3B001870F2,202-2025-02-05,2025-02-05 12:23:02.889,0.1033449037589002,0.0017830840703007213,0.08700000000000002,0.0006119208877550357,0.03200000000000003,0.001215871623737083,0.05499999999999999,0.5032775465836152,-0.022999999999999965
2122,3B004C4B80,204-2025-02-05,2025-02-05 12:23:35.887,0.1046228413837501,0.004446677075749693,0.08000000000000007,0.0020585284599790835,0.04599999999999982,0.002497671983071492,0.03400000000000025,0.8241788649315049,0.011999999999999567
2123,3B001870F2,206-2025-02-05,2025-02-05 12:24:40.887,0.1033449037589002,0.0033701778263316934,0.05999999999999994,0.0019117655463332548,0.03500000000000003,0.0015704468741537514,0.02499999999999991,1.217338566364065,0.01000000000000012
2124,3B001877B5,207-2025-02-05,2025-02-05 12:25:12.889,0.1782068500941566,0.024875621091682114,0.06699999999999995,0.017368289541655087,0.050999999999999934,0.008246497276819717,0.016000000000000014,2.1061414269154057,0.03499999999999992
2125,3B001877B5,209-2025-02-05,2025-02-05 12:27:30.887,0.174071825294107,0.028611057451921277,0.052999999999999936,0.0183971832016364,0.03399999999999981,0.01100437108833898,0.019000000000000128,1.6718068714650465,0.01499999999999968
2126,3B004CDB63,210-2025-02-05,2025-02-05 12:28:08.887,0.0983464774509382,0.011361501285392725,0.050000000000000044,0.00706312215696097,0.03300000000000014,0.004717630307964718,0.016999999999999904,1.4971758480176767,0.016000000000000236
2127,3B001877B5,211-2025-02-05,2025-02-05 12:28:56.888,0.1782068500941566,0.02106930466363352,0.06799999999999984,0.015584341702449087,0.052999999999999936,0.00608427383162204,0.014999999999999902,2.5614135940844682,0.038000000000000034
2128,3B0018C6F9,213-2025-02-05,2025-02-05 12:30:02.886,0.0966709162778869,0.0014865707394694154,0.04100000000000015,0.001097369506768116,0.030000000000000027,0.0004430429637572787,0.01100000000000012,2.47689185143974,0.018999999999999906
2129,3B001877B5,214-2025-02-05,2025-02-05 12:30:11.887,0.1782068500941566,0.03161298370518974,0.05999999999999983,0.01473843422497436,0.030999999999999917,0.01766216782641576,0.028999999999999915,0.8344634911084567,0.0020000000000000018
2130,3B001877B5,215-2025-02-05,2025-02-05 12:32:31.886,0.1794287917170733,0.029733922476808804,0.058000000000000274,0.01454121487923909,0.03100000000000014,0.015976593401536943,0.027000000000000135,0.9101574105178285,0.0040000000000000036
2131,3B004CDB63,216-2025-02-05,2025-02-05 12:36:52.887,0.0987535092508807,0.012241027892691513,0.052999999999999936,0.00742344547437708,0.03299999999999992,0.005223032032089303,0.020000000000000018,1.421290436047273,0.0129999999999999
2132,3B00483614,217-2025-02-05,2025-02-05 12:37:08.886,0.1236615983353104,8.47783799217605e-05,0.008000000000000007,4.126083640306599e-05,0.0030000000000001137,5.788616360653098e-05,0.004999999999999893,0.7127927268341334,-0.0019999999999997797
2133,3B00483614,219-2025-02-05,2025-02-05 12:37:55.886,0.1077373426544085,0.013195996658775416,0.07899999999999974,0.005568480862561493,0.054999999999999716,0.008085631130215806,0.02400000000000002,0.6886884614055935,0.030999999999999694
2134,3B004CD4DE,221-2025-02-05,2025-02-05 12:38:41.885,0.0971307599424228,0.0032671522231600314,0.06599999999999984,0.0012582981680120432,0.03600000000000003,0.002095118649971899,0.029999999999999805,0.6005856365361075,0.006000000000000227
2135,011016B2E1,225-2025-02-05,2025-02-05 12:41:10.886,0.0770187289969213,0.006607096156132091,0.0389999999999997,0.0036159677786243,0.021999999999999797,0.003276456216935849,0.016999999999999904,1.1036215774633371,0.004999999999999893
2136,3B004CD4DE,227-2025-02-05,2025-02-05 12:53:34.886,0.0947304023683573,0.002800568235234687,0.09899999999999998,0.0012362810526622358,0.05499999999999994,0.0016218613718841474,0.04400000000000004,0.7622606186285973,0.010999999999999899
2137,3B00483614,229-2025-02-05,2025-02-05 12:54:12.885,0.1236615983353104,0.012111107110035203,0.04700000000000015,0.006911892567804162,0.028000000000000025,0.00560088345529103,0.019000000000000128,1.2340718429473214,0.008999999999999897
2138,3B004AE3AB,231-2025-02-05,2025-02-05 12:55:11.884,0.1033106851493661,0.012668211027790297,0.05699999999999994,0.008246693058436408,0.039999999999999813,0.004822109271662221,0.017000000000000126,1.7101837793057113,0.022999999999999687
2139,3B00483614,232-2025-02-05,2025-02-05 12:55:23.886,0.1074756532490226,0.004683562722902031,0.06600000000000006,0.002330257541117603,0.038000000000000034,0.0024836965781148837,0.028000000000000025,0.9382215048531651,0.010000000000000009
2140,011016B2E1,234-2025-02-05,2025-02-05 12:56:11.885,0.1034056593821557,0.0004650986109965025,0.02299999999999991,0.0003370304836033166,0.016999999999999904,0.00015919102284097769,0.006000000000000005,2.117145034867889,0.010999999999999899
2141,3B0018A99B,235-2025-02-05,2025-02-05 12:56:18.884,0.0951097925836406,0.0001964838551847383,0.019000000000000017,0.00010636616529096202,0.010000000000000009,0.00010453625093943094,0.009000000000000008,1.0175050696297818,0.0010000000000000009
2142,3B004CD4DE,236-2025-02-05,2025-02-05 12:57:42.886,0.0954872943207469,0.004256915336548655,0.06000000000000005,0.002197571779907484,0.03200000000000003,0.00218934439367688,0.028000000000000025,1.003757922350803,0.0040000000000000036
2143,3B0018F763,237-2025-02-05,2025-02-05 12:58:31.886,0.0980027967126879,0.0047393625855774914,0.05400000000000005,0.003205041295541068,0.03600000000000003,0.001668320072606693,0.018000000000000016,1.9211189436408929,0.018000000000000016
2144,01103FA4B2,241-2025-02-05,2025-02-05 13:02:05.885,0.0988483066194942,0.01296578128882448,0.052000000000000046,0.00895096065912094,0.038000000000000256,0.004466803151604554,0.01399999999999979,2.0038851848453625,0.024000000000000465
2145,011016B2E1,244-2025-02-05,2025-02-05 13:04:00.886,0.0999124065243537,0.0016179740786262905,0.030000000000000027,0.000780895269735509,0.006999999999999895,0.000981997286044055,0.02300000000000013,0.7952112300445563,-0.016000000000000236
2146,3B0018F763,247-2025-02-05,2025-02-05 13:05:38.885,0.1030297136140037,0.004318850027904943,0.07000000000000006,0.0020101196451515965,0.03400000000000003,0.0024112630055513353,0.03600000000000003,0.8336376581583155,-0.0020000000000000018
2147,3B004AE3AB,248-2025-02-05,2025-02-05 13:05:56.887,0.1002916482453951,0.005142469524587621,0.04800000000000004,0.002807089216361782,0.028000000000000025,0.002536249283623265,0.020000000000000018,1.1067875837313583,0.008000000000000007
2148,3B004CDB63,251-2025-02-05,2025-02-05 13:08:16.884,0.1012702462445025,0.011870141967034774,0.04800000000000004,0.007091552438563841,0.030000000000000027,0.005216687517615513,0.018000000000000016,1.3593975898723767,0.01200000000000001
2149,3B004AE3AB,252-2025-02-05,2025-02-05 13:09:34.886,0.1002916482453951,0.004512011200842261,0.056999999999999995,0.0026529258894859645,0.03999999999999998,0.0020461690384639087,0.017000000000000015,1.2965331014281976,0.022999999999999965
2150,3B0019F652,253-2025-02-05,2025-02-05 13:10:04.884,0.0859965016058772,0.0025661295230021276,0.07299999999999973,0.0016867116175256077,0.050999999999999934,0.000951012257981696,0.021999999999999797,1.773596084981348,0.029000000000000137
2151,3B0019248A,255-2025-02-05,2025-02-05 13:12:11.885,0.103832849240733,0.006996539118725231,0.04500000000000015,0.0038777601144569067,0.026000000000000023,0.0033583909818641726,0.019000000000000128,1.1546482036777157,0.006999999999999895
2152,3B0019F652,258-2025-02-05,2025-02-05 13:14:41.886,0.0905389973583477,0.0041808646771106265,0.03599999999999992,0.0025410604567481566,0.02200000000000002,0.0018195093501270256,0.013999999999999901,1.396563560704295,0.008000000000000118
2153,3B0019248A,259-2025-02-05,2025-02-05 13:14:48.884,0.1030128353482465,0.006114036251546887,0.04400000000000004,0.0035521770680191013,0.027000000000000135,0.002797351162085727,0.016999999999999904,1.2698359491521867,0.010000000000000231
2154,3B0019B8CC,260-2025-02-05,2025-02-05 13:14:56.885,0.1538416953491122,0.02604622350973014,0.05400000000000005,0.012343343489676358,0.028000000000000025,0.014440437173239616,0.026000000000000023,0.8547763022403851,0.0020000000000000018
2155,3B0018A99B,261-2025-02-05,2025-02-05 13:15:08.885,0.0919374715810739,0.012432897864245293,0.049000000000000155,0.00798855583406288,0.03200000000000003,0.0048777131741572655,0.017000000000000126,1.6377666231764605,0.014999999999999902
2156,3B0018C6F9,262-2025-02-05,2025-02-05 13:15:25.884,0.0981224075626449,0.008190368595876468,0.05500000000000002,0.005573718453669933,0.03900000000000001,0.0029037061348919746,0.016000000000000014,1.9195187786718955,0.022999999999999993
2157,3B0018C2F6,263-2025-02-05,2025-02-05 13:15:34.884,0.1521596823229448,0.02892732821485379,0.05399999999999994,0.019483621471624482,0.03499999999999992,0.010209135854574624,0.019000000000000017,1.9084496228830223,0.015999999999999903
2158,3B001870F2,268-2025-02-05,2025-02-05 13:18:16.883,0.1033449037589002,0.00321778151854269,0.029000000000000137,0.0018649799404132064,0.017000000000000126,0.0015313113494895205,0.01200000000000001,1.217897288513481,0.0050000000000001155
2159,3B004C0894,269-2025-02-05,2025-02-05 13:18:19.884,0.1067658805452534,0.005537102983279245,0.040000000000000036,0.0025812950919265215,0.019000000000000128,0.0031612321135234705,0.020999999999999908,0.8165471560547453,-0.0019999999999997797
2160,3B004CDB63,270-2025-02-05,2025-02-05 13:18:31.884,0.1012702462445025,0.012104545575634456,0.049000000000000044,0.0072937024141553975,0.031000000000000028,0.005253463177766305,0.018000000000000016,1.3883608140671448,0.013000000000000012
2161,3B0018C2F6,273-2025-02-05,2025-02-05 13:19:09.883,0.1576520521087552,0.02827835979076308,0.052000000000000046,0.014868338056353559,0.028000000000000025,0.01422560002027903,0.02400000000000002,1.0451817874225542,0.0040000000000000036
2162,0700ED9568,274-2025-02-05,2025-02-05 13:19:41.885,0.1557668900228975,0.02662028445315175,0.050999999999999934,0.014735769753124482,0.028999999999999915,0.012672702509293548,0.02200000000000002,1.1627961551467005,0.006999999999999895
2163,3B00483614,275-2025-02-05,2025-02-05 13:19:47.883,0.1236615983353104,0.014070014794009995,0.053999999999999826,0.006302905370047657,0.027999999999999803,0.008181505360927049,0.026000000000000023,0.7703845554082082,0.0019999999999997797
2164,3B00483614,277-2025-02-05,2025-02-05 13:20:43.883,0.1236615983353104,0.014438517509096775,0.07500000000000018,0.008100050142513813,0.052999999999999936,0.006735740600470795,0.02200000000000024,1.2025478151500755,0.030999999999999694
2165,3B0019B8CC,278-2025-02-05,2025-02-05 13:20:52.883,0.156739009310985,0.008503634602290781,0.040000000000000036,0.0053828044106144285,0.02499999999999991,0.003426471487913121,0.015000000000000124,1.5709467974860647,0.009999999999999787
2166,3B0018C2F6,279-2025-02-05,2025-02-05 13:21:14.883,0.1576520521087552,0.029547826490957118,0.04899999999999993,0.012095078562227225,0.02100000000000002,0.01832822414269683,0.027999999999999914,0.659915465244171,-0.006999999999999895
2167,3B004C0894,280-2025-02-05,2025-02-05 13:21:40.883,0.1067658805452534,0.00587566945116155,0.038000000000000034,0.003152338543758401,0.020000000000000018,0.002951151916196939,0.018000000000000016,1.0681722369008795,0.0020000000000000018
2168,3B004C0894,283-2025-02-05,2025-02-05 13:22:02.882,0.1015897918652162,0.006775191975761983,0.04400000000000004,0.0037743627230337556,0.02400000000000002,0.0032210956603805694,0.020000000000000018,1.1717636236198643,0.0040000000000000036
2169,3B00483614,285-2025-02-05,2025-02-05 13:22:37.882,0.1102431737943087,0.005820332357505828,0.06899999999999995,0.003193242102356925,0.041999999999999815,0.002792123872770313,0.027000000000000135,1.1436606138783616,0.01499999999999968
2170,3B0018C2F6,286-2025-02-05,2025-02-05 13:24:27.883,0.1576520521087552,0.028122837271169605,0.04899999999999993,0.014638404043720889,0.025999999999999912,0.014326803413797336,0.02300000000000002,1.021749487371584,0.0029999999999998916
2171,3B0018C2F6,288-2025-02-05,2025-02-05 13:26:47.882,0.1576520521087552,0.028469184015236182,0.05400000000000005,0.014000375219882524,0.028000000000000025,0.015261556923867126,0.026000000000000023,0.9173621858978048,0.0020000000000000018
2172,3B0018C2F6,290-2025-02-05,2025-02-05 13:27:55.881,0.1542975444247713,0.029624546420319166,0.051000000000000156,0.013362307366365005,0.02400000000000002,0.017102124867803662,0.027000000000000135,0.7813243950475879,-0.0030000000000001137
2173,3B004AE3AB,291-2025-02-05,2025-02-05 13:28:16.881,0.1013391917520349,0.01221109582620384,0.05200000000000049,0.007830144393034394,0.03500000000000014,0.004781420944796008,0.017000000000000348,1.6376187086302345,0.017999999999999794
2174,01101763D0,294-2025-02-05,2025-02-05 13:31:01.882,0.163936604513718,0.010645682959610023,0.052999999999999936,0.007513235019652646,0.037000000000000144,0.003429954048864792,0.015999999999999792,2.1904768730471167,0.02100000000000035
2175,3B0018F763,296-2025-02-05,2025-02-05 13:31:36.882,0.0982239116382509,0.006704982962804265,0.04100000000000037,0.003987076015655757,0.02400000000000002,0.002980009980159985,0.017000000000000348,1.3379404908710093,0.006999999999999673
2176,3B0018A99B,297-2025-02-05,2025-02-05 13:31:40.883,0.0762018584475289,0.001203884671425856,0.061999999999999944,0.0007475572493524565,0.04699999999999993,0.000507751690115718,0.015000000000000013,1.4722890418781,0.03199999999999992
2177,3B0018C2F6,299-2025-02-05,2025-02-05 13:32:47.881,0.1576520521087552,0.01994958177441084,0.06999999999999984,0.013200835972396316,0.05499999999999994,0.0074882138592112036,0.014999999999999902,1.7628818060742286,0.040000000000000036
2178,3B001870F2,303-2025-02-05,2025-02-05 13:34:07.881,0.09620056461508,0.005045729603381404,0.03699999999999992,0.003083058201825037,0.02300000000000013,0.0021835264309461146,0.01399999999999979,1.4119628496959198,0.009000000000000341
2179,3B0019248A,304-2025-02-05,2025-02-05 13:35:24.880,0.0782099176427099,0.006088362368869055,0.051000000000000156,0.0035385681038530466,0.03100000000000014,0.0027397029496557686,0.020000000000000018,1.291588237439264,0.01100000000000012
2180,3B001857EE,305-2025-02-05,2025-02-05 13:36:23.881,0.0977687392677557,0.0057067113589554215,0.04600000000000004,0.0032317386307288585,0.027000000000000135,0.0026791514006854994,0.018999999999999906,1.206254573706425,0.00800000000000023
2181,3B0018C2F6,306-2025-02-05,2025-02-05 13:38:20.881,0.1381408015964689,0.02577470644044228,0.05699999999999994,0.015623427427148472,0.03699999999999992,0.011047181139167446,0.020000000000000018,1.4142456098376157,0.016999999999999904
2182,3B004CEFFE,307-2025-02-05,2025-02-05 13:38:59.879,0.1069954981198278,0.0036152262278499425,0.03799999999999992,0.002131483638841906,0.02400000000000002,0.0016455823587714976,0.013999999999999901,1.2952761844342788,0.01000000000000012
2183,3B004CDB63,311-2025-02-05,2025-02-05 13:40:01.881,0.1012702462445025,0.012440927611572956,0.04700000000000004,0.006987375119636846,0.027000000000000024,0.005886565952388464,0.020000000000000018,1.1870036242100932,0.007000000000000006
2184,3B001870F2,313-2025-02-05,2025-02-05 13:40:47.880,0.097349517893657,0.0005215341280371183,0.016000000000000014,0.00030980310905007647,0.009000000000000119,0.0002580855894086649,0.006999999999999895,1.200389025051374,0.002000000000000224
2185,3B004C0894,315-2025-02-05,2025-02-05 13:41:41.879,0.1007673917965327,0.005866093084815262,0.04200000000000004,0.0033396852410291253,0.02400000000000002,0.002735924089613935,0.018000000000000016,1.2206790582045668,0.006000000000000005
2186,011016B2E1,317-2025-02-05,2025-02-05 13:44:07.880,0.1034056593821557,1.0011854218257843e-06,0.0020000000000000018,9.57279174728487e-07,0.0010000000000000009,6.04913728133094e-07,0.0010000000000000009,1.5825052899408907,0.0
2187,3B004CEFFE,318-2025-02-05,2025-02-05 13:44:42.880,0.1069954981198278,0.004911853429766156,0.040000000000000036,0.0030075429019811905,0.025000000000000022,0.002099092720005268,0.015000000000000013,1.4327823031912772,0.010000000000000009
2188,3B0018F763,319-2025-02-05,2025-02-05 13:44:46.881,0.1029133148199565,0.006595312013939191,0.04300000000000015,0.002888107072878138,0.019000000000000128,0.003939602171047813,0.02400000000000002,0.7330961217614494,-0.004999999999999893
2189,01103F88A1,322-2025-02-05,2025-02-05 13:47:35.879,0.1019386163201484,0.001577334536772372,0.07499999999999996,0.0007487765689052111,0.05499999999999994,0.0009141070829180507,0.020000000000000018,0.8191344131312661,0.03499999999999992
2190,01103F97C4,323-2025-02-05,2025-02-05 13:47:48.880,0.1627417691629261,0.02812355642865009,0.052000000000000046,0.013713024296022083,0.026999999999999913,0.015237266531106583,0.025000000000000133,0.8999661630927838,0.0019999999999997797
2191,3B004AE3AB,324-2025-02-05,2025-02-05 13:48:11.879,0.1002916482453951,0.01187515573356062,0.05499999999999994,0.0075933809898590925,0.038999999999999924,0.004724120859384666,0.016000000000000014,1.6073638282929448,0.02299999999999991
2192,3B004CEFFE,325-2025-02-05,2025-02-05 13:48:32.879,0.1069954981198278,0.014071650836179174,0.05500000000000016,0.0056305502585474124,0.026000000000000023,0.008842861117946743,0.029000000000000137,0.6367339917982101,-0.0030000000000001137
2193,011016B2E1,326-2025-02-05,2025-02-05 13:49:20.880,0.1034056593821557,0.004339211958067347,0.03500000000000003,0.0026598296176401524,0.02200000000000002,0.0018878016089940426,0.013000000000000012,1.4089561132737365,0.009000000000000008
2194,3B004CDB63,329-2025-02-05,2025-02-05 13:50:54.879,0.1012702462445025,0.011600457677011745,0.04899999999999999,0.006354376250495459,0.028000000000000025,0.00565775417679892,0.020999999999999963,1.1231269602615852,0.007000000000000062
2195,3B00483614,330-2025-02-05,2025-02-05 13:51:08.881,0.1236615983353104,0.016031088771690537,0.05499999999999994,0.006355840511643613,0.02400000000000002,0.010113646329749017,0.030999999999999917,0.6284420380558573,-0.006999999999999895
2196,3B00483614,332-2025-02-05,2025-02-05 13:52:03.879,0.1236615983353104,0.012918616698467262,0.05699999999999994,0.008185684273392026,0.03699999999999992,0.005142812735862702,0.020000000000000018,1.5916745745592245,0.016999999999999904
2197,01103F97C4,336-2025-02-05,2025-02-05 13:52:36.880,0.1618435114270357,0.009553474195756688,0.04200000000000026,0.005960509974447512,0.027000000000000135,0.003973833223584102,0.015000000000000124,1.4999396399105989,0.01200000000000001
2198,011016B2E1,338-2025-02-05,2025-02-05 13:53:06.879,0.1034056593821557,0.014270421331373774,0.050000000000000044,0.006427514761839506,0.02499999999999991,0.008304052968572076,0.025000000000000133,0.7740214069160435,-2.220446049250313e-16
2199,011016B2E1,339-2025-02-05,2025-02-05 13:53:12.880,0.1071779622465152,4.3636657192713546e-05,0.050000000000000044,2.3809480040438354e-05,0.04600000000000004,2.684523714794969e-05,0.0040000000000000036,0.8869163609626302,0.04200000000000004
2200,3B00483614,341-2025-02-05,2025-02-05 13:54:37.879,0.1236615983353104,3.303168773438087e-05,0.006000000000000005,2.2784016299821187e-05,0.0029999999999998916,1.7897481642782764e-05,0.0030000000000001137,1.2730291755325778,-2.220446049250313e-16
2201,3B0019F652,345-2025-02-05,2025-02-05 13:56:06.880,0.0882142313445148,0.003488516419927787,0.06800000000000006,0.001685575882554957,0.041000000000000036,0.001895417462909763,0.027000000000000024,0.8892900458811505,0.014000000000000012
2202,3B0018C2F6,348-2025-02-05,2025-02-05 13:59:51.880,0.1576520521087552,0.027824071515918744,0.07699999999999996,0.015084662476045951,0.05400000000000005,0.01356307996162134,0.02299999999999991,1.1121856185121775,0.03100000000000014
2203,3B0018A99B,350-2025-02-05,2025-02-05 14:00:11.879,0.0951097925836406,0.004175873196140895,0.03200000000000003,0.0024894974811014857,0.019000000000000128,0.0018862033032534993,0.0129999999999999,1.3198457858743904,0.006000000000000227
2204,3B00192E1E,351-2025-02-05,2025-02-05 14:00:18.878,0.1009055878374175,0.012543345385659297,0.050000000000000044,0.00584357275324446,0.02499999999999991,0.0070925977759204555,0.025000000000000133,0.8238973839858131,-2.220446049250313e-16
2205,3B0018C2F6,357-2025-02-05,2025-02-05 14:01:57.880,0.1602901718036791,0.029643712290604012,0.052999999999999936,0.015948244355274317,0.029000000000000137,0.014529584937036861,0.0239999999999998,1.097639363022766,0.0050000000000003375
2206,3B0019B8CC,358-2025-02-05,2025-02-05 14:02:24.880,0.1599494276743979,0.00894629231900254,0.040000000000000036,0.005331071456350614,0.02400000000000002,0.00395869673524303,0.016000000000000014,1.346673365729121,0.008000000000000007
2207,3B0049A710,361-2025-02-05,2025-02-05 14:04:42.879,0.098818046842603,0.003549006986768761,0.08499999999999996,0.0021250321563652565,0.054999999999999716,0.0015172255308041887,0.03000000000000025,1.4006040059442624,0.024999999999999467
2208,3B004C0894,363-2025-02-05,2025-02-05 14:04:57.879,0.0820232432421451,0.0013506822443694786,0.07299999999999995,0.0007450088132963584,0.04600000000000004,0.0006660442989848146,0.026999999999999913,1.1185574509561926,0.019000000000000128
2209,3B001857EE,365-2025-02-05,2025-02-05 14:05:18.879,0.093880527374788,0.0065752900371164645,0.051000000000000156,0.004905308700678541,0.03699999999999992,0.001847664911058108,0.014000000000000234,2.6548692196949295,0.022999999999999687
2210,3B0019B8CC,366-2025-02-05,2025-02-05 14:05:41.879,0.1538416953491121,0.01051137784435993,0.04299999999999993,0.005713361560664601,0.02400000000000002,0.0051623931165459885,0.018999999999999906,1.106727332010556,0.0050000000000001155
2211,3B004C0894,368-2025-02-05,2025-02-05 14:06:01.878,0.1047451337105093,0.0014776367001377985,0.07799999999999996,0.0010567725552220093,0.05499999999999999,0.00045283466339323785,0.022999999999999965,2.333682998786506,0.03200000000000003
2212,3B00483614,369-2025-02-05,2025-02-05 14:06:27.880,0.1099483105138261,0.005610883259553418,0.0600000000000005,0.003547574764940323,0.0389999999999997,0.0022246063485687004,0.021000000000000796,1.5946977617962894,0.017999999999998906
2213,3B004CDB63,371-2025-02-05,2025-02-05 14:07:12.878,0.0990227091240683,0.010931622757916218,0.05699999999999994,0.006423000783014394,0.03799999999999981,0.004894290011293314,0.019000000000000128,1.3123457678628894,0.018999999999999684
2214,3B0049A710,372-2025-02-05,2025-02-05 14:07:39.880,0.1005025541908935,0.004966687370898888,0.06500000000000017,0.0034205871430933138,0.050000000000000044,0.0017127141363579917,0.015000000000000124,1.9971734164389137,0.03499999999999992
2215,3B004AE3AB,374-2025-02-05,2025-02-05 14:08:15.879,0.1002916482453951,0.004979355388806517,0.06099999999999994,0.002700670604007789,0.03699999999999992,0.0024202187451635676,0.02400000000000002,1.1158787235264007,0.0129999999999999
2216,3B0019B8CC,375-2025-02-05,2025-02-05 14:09:21.878,0.1613908517734437,0.003824562124829084,0.10000000000000009,0.0025360599492656273,0.04499999999999993,0.0014090771014981223,0.05500000000000016,1.799802116271213,-0.010000000000000231
2217,0700ED9568,376-2025-02-05,2025-02-05 14:10:07.879,0.1557668900228975,0.023678058005473943,0.06799999999999995,0.015986655631451848,0.04999999999999993,0.00837731508016145,0.018000000000000016,1.908326889758544,0.03199999999999992
2218,3B00182A81,379-2025-02-05,2025-02-05 14:11:06.880,0.0989599354581426,0.005179934868947018,0.061000000000000054,0.0037596380802866255,0.04700000000000004,0.001582718463869398,0.014000000000000012,2.3754307326996984,0.03300000000000003
2219,01103F88A1,381-2025-02-05,2025-02-05 14:11:54.880,0.1019386163201484,-0.0004066277251045593,0.04999999999999999,-0.00047405902029949416,0.043999999999999984,8.673001102688868e-05,0.006000000000000005,-5.465916753458303,0.03799999999999998
2220,01103F97C4,382-2025-02-05,2025-02-05 14:18:28.877,0.1618435114270357,0.0112806134637038,0.04400000000000004,0.006926918148378429,0.028000000000000025,0.004767434753231766,0.016000000000000014,1.4529654849880818,0.01200000000000001
2221,3B004CEFFE,383-2025-02-05,2025-02-05 14:18:31.878,0.1069954981198278,0.00487778648487275,0.040999999999999925,0.0027212522995742235,0.02400000000000002,0.00234536377614707,0.016999999999999904,1.1602687511634795,0.007000000000000117
2222,3B001877B5,384-2025-02-05,2025-02-05 14:18:42.879,0.1752246902430038,0.02417752143094648,0.07000000000000028,0.016417869119694922,0.05200000000000049,0.008473229434745306,0.017999999999999794,1.93761649511954,0.034000000000000696
2223,3B001877B5,386-2025-02-05,2025-02-05 14:19:41.878,0.1762280784881746,0.0224781255523686,0.06899999999999995,0.016698388435667903,0.05499999999999994,0.006475836846622378,0.014000000000000012,2.578568427704804,0.040999999999999925
2224,01103F97C4,388-2025-02-05,2025-02-05 14:20:15.878,0.1669183467062103,0.026358748024073356,0.051000000000000156,0.015209146760244594,0.03000000000000025,0.012052501517268333,0.020999999999999908,1.2619078901133967,0.009000000000000341
2225,011016B2E1,391-2025-02-05,2025-02-05 14:20:46.878,0.1034056593821557,0.0040418540261955875,0.05299999999999999,0.0020076498305216873,0.02799999999999997,0.0021773045432974163,0.025000000000000022,0.9220803937152514,0.002999999999999947
2226,3B001877B5,392-2025-02-05,2025-02-05 14:21:10.879,0.1766564991329758,0.025832487670668133,0.062,0.015674826288889266,0.03999999999999998,0.010863056051300503,0.02200000000000002,1.442948118362393,0.01799999999999996
2227,3B004AE3AB,394-2025-02-05,2025-02-05 14:21:40.878,0.1022149880526551,0.005228211327470999,0.04400000000000004,0.0033310576886036248,0.030000000000000027,0.002122152259662576,0.014000000000000012,1.569660081380431,0.016000000000000014
2228,3B004AE3AB,396-2025-02-05,2025-02-05 14:22:26.878,0.1039787042903142,0.005252793400650177,0.049000000000000044,0.003173628026499992,0.031000000000000028,0.002260569946916045,0.018000000000000016,1.4039061391705994,0.013000000000000012
2229,011016B2E1,397-2025-02-05,2025-02-05 14:22:44.877,0.0993649683097544,0.002143832074736205,0.10299999999999998,0.0009356061564034858,0.05400000000000005,0.0012428833249664675,0.04899999999999993,0.7527707047069185,0.0050000000000001155
2230,3B001877B5,398-2025-02-05,2025-02-05 14:23:19.879,0.1782068500941566,0.023561276926503623,0.06800000000000006,0.016334861702659118,0.050999999999999934,0.007970791704314605,0.017000000000000126,2.049339928656902,0.03399999999999981
2231,3B0019F652,400-2025-02-05,2025-02-05 14:23:47.878,0.1559083440221388,0.00019568669390132514,0.009000000000000119,0.00010064829432484643,0.0040000000000000036,0.00012371149622740613,0.0050000000000001155,0.8135726864044632,-0.001000000000000112
2232,3B00186448,402-2025-02-05,2025-02-05 14:24:28.877,0.1650458503423301,0.030882378486551527,0.05699999999999994,0.014739220219587195,0.029999999999999805,0.01694418776102479,0.027000000000000135,0.8698687967499105,0.0029999999999996696
2233,3B00182DFC,403-2025-02-05,2025-02-05 14:24:32.877,0.1038267622592481,0.005507462403084297,0.041000000000000036,0.003313995383684895,0.025000000000000022,0.0024039159531050354,0.016000000000000014,1.3785820504266586,0.009000000000000008
2234,3B001870F2,407-2025-02-05,2025-02-05 14:25:21.877,0.1698314630532134,6.490534094638808e-05,0.05899999999999994,3.2753729232469856e-05,0.05499999999999994,4.377348919655993e-05,0.0040000000000000036,0.7482549331489871,0.050999999999999934
2235,01103F97C4,409-2025-02-05,2025-02-05 14:25:33.877,0.1618435114270357,0.010131334544271314,0.039000000000000146,0.006257436372087643,0.025000000000000133,0.004308671206140342,0.014000000000000012,1.4522891334038417,0.01100000000000012
2236,3B00483614,412-2025-02-05,2025-02-05 14:25:53.877,0.1236615983353104,0.0052661914708373465,0.05899999999999972,0.0028159001794994,0.03399999999999981,0.0026143420881856684,0.02499999999999991,1.0770970609487496,0.008999999999999897
2237,3B001870F2,415-2025-02-05,2025-02-05 14:27:41.878,0.0958876821354619,0.0028460773077742794,0.08600000000000008,0.002007771468013747,0.05499999999999994,0.0008862215573487249,0.03100000000000014,2.2655412197603497,0.0239999999999998
2238,3B004CDB63,416-2025-02-05,2025-02-05 14:27:59.877,0.0936209917504848,0.00383472353201795,0.06700000000000017,0.0020349649753214757,0.040000000000000036,0.0018964409941651863,0.027000000000000135,1.0730441820138295,0.0129999999999999
2239,3B00182DFC,417-2025-02-05,2025-02-05 14:28:02.877,0.1144449634497805,-0.0002970136128789086,0.02400000000000002,4.6300422120630693e-05,0.0050000000000000044,-0.00033142821711105346,0.019000000000000017,-0.13969969884946928,-0.014000000000000012
2240,3B0018C2F6,419-2025-02-05,2025-02-05 14:28:24.876,0.1576520521087552,0.02556443458941542,0.07699999999999996,0.01396402452312308,0.05499999999999994,0.012366888283743027,0.02200000000000002,1.129146168602459,0.03299999999999992
2241,3B00483614,422-2025-02-05,2025-02-05 14:29:03.876,0.111933467783987,0.006319298370767908,0.07099999999999995,0.004022371842591255,0.04800000000000004,0.002468475628472098,0.02299999999999991,1.6294962754325288,0.025000000000000133
2242,3B00182DFC,423-2025-02-05,2025-02-05 14:31:32.878,0.1144449634497805,0.004077256887676167,0.039000000000000035,0.002599205856267078,0.026000000000000023,0.0016481467041659684,0.013000000000000012,1.5770476315592217,0.013000000000000012
2243,3B004CDB63,424-2025-02-05,2025-02-05 14:31:56.878,0.1012702462445025,0.010880420315428891,0.052000000000000046,0.006948906970186265,0.03600000000000003,0.004338761541227668,0.016000000000000014,1.6015876660094224,0.020000000000000018
2244,3B00182DFC,426-2025-02-05,2025-02-05 14:32:23.877,0.1144449634497806,0.004150485416649094,0.044999999999999984,0.0028189270934655952,0.033999999999999975,0.0015268254152481675,0.01100000000000001,1.846266813031411,0.022999999999999965
2245,3B00186448,427-2025-02-05,2025-02-05 14:32:33.877,0.1719864905302977,0.02395730320083924,0.06800000000000006,0.015848689372181046,0.052000000000000046,0.008891024046526006,0.016000000000000014,1.7825493766799125,0.03600000000000003
2246,3B004ACEEA,430-2025-02-05,2025-02-05 14:33:43.877,0.0977517369156262,0.014049905487844818,0.06899999999999995,0.01042448846716478,0.05499999999999994,0.0040638986212008345,0.014000000000000012,2.5651448126145593,0.040999999999999925
2247,3B00186448,431-2025-02-05,2025-02-05 14:34:06.878,0.1720324744783095,0.03064996607690379,0.08000000000000007,0.015942687391331783,0.05499999999999994,0.015528585374561863,0.025000000000000133,1.0266670792465282,0.029999999999999805
2248,3B004CD4DE,432-2025-02-05,2025-02-05 14:34:09.877,0.0994476367912997,0.006006682729040815,0.03700000000000003,0.0032431032110033214,0.020000000000000018,0.0030131522086019403,0.017000000000000015,1.0763157605330782,0.0030000000000000027
2249,3B001877B5,434-2025-02-05,2025-02-05 14:35:21.877,0.1782068500941566,0.029307621022800292,0.050999999999999934,0.018022529948570204,0.031000000000000028,0.012112927204028779,0.019999999999999907,1.4878756922254004,0.01100000000000012
2250,3B00483614,435-2025-02-05,2025-02-05 14:35:26.877,0.1115535606013609,0.006442515038545315,0.05500000000000016,0.004118957408784605,0.039000000000000146,0.002541629742967661,0.016000000000000014,1.6205969497253452,0.02300000000000013
2251,3B0018C2F6,438-2025-02-05,2025-02-05 14:36:03.876,0.1576520521087552,0.02913815677498167,0.05299999999999999,0.015179837690216788,0.02799999999999997,0.014766779126609635,0.025000000000000022,1.0279721501937293,0.002999999999999947
2252,3B001877B5,440-2025-02-05,2025-02-05 14:37:04.876,0.1782068500941566,0.027732825183970473,0.07299999999999995,0.019122534074631055,0.05499999999999994,0.009339045392653558,0.018000000000000016,2.0475897985969267,0.03699999999999992
2253,3B001877B5,443-2025-02-05,2025-02-05 14:38:10.876,0.1841857182268704,0.02744237608963858,0.05600000000000005,0.01873494456591815,0.03799999999999981,0.009454343081739225,0.018000000000000238,1.9816230915190842,0.019999999999999574
2254,3B001857EE,444-2025-02-05,2025-02-05 14:38:24.877,0.0977687392677557,0.0001012467610759041,0.01100000000000001,5.723364518370029e-05,0.006000000000000005,5.6820958568169307e-05,0.0050000000000000044,1.0072629294881725,0.0010000000000000009
2255,01103F9A64,446-2025-02-05,2025-02-05 14:39:02.877,0.17343810965076,0.030656470281214883,0.07299999999999995,0.020840155438563955,0.05499999999999994,0.010677682932716476,0.018000000000000016,1.9517488550544622,0.03699999999999992
2256,01103F97C4,447-2025-02-05,2025-02-05 14:39:08.875,0.1618435114270357,0.010349403450111507,0.04499999999999993,0.0062679129596424675,0.028999999999999915,0.004469020980355226,0.016000000000000014,1.4025248454179902,0.0129999999999999
2257,3B0018A99B,449-2025-02-05,2025-02-05 14:39:33.875,0.0951097925836406,0.00372483033225951,0.03600000000000003,0.0022182062123740297,0.02200000000000002,0.0016774202348239665,0.014000000000000012,1.3223914713338456,0.008000000000000007
2258,3B004CEFFE,450-2025-02-05,2025-02-05 14:39:35.877,0.1069954981198278,0.004296141453684484,0.040000000000000036,0.0020295512459107866,0.019000000000000017,0.0024173741502145412,0.02100000000000002,0.8395685234454354,-0.0020000000000000018
2259,01103F9A64,451-2025-02-05,2025-02-05 14:40:07.876,0.17343810965076,0.030178519998715993,0.07700000000000007,0.01740267719103067,0.05500000000000005,0.01364608231584238,0.02200000000000002,1.275287425961595,0.03300000000000003
2260,01103F9A64,452-2025-02-05,2025-02-05 14:40:29.876,0.17343810965076,0.028064607836054713,0.06200000000000028,0.017412913111805498,0.04300000000000015,0.011592705499272285,0.019000000000000128,1.502057747684401,0.02400000000000002
2261,3B00182DFC,453-2025-02-05,2025-02-05 14:40:35.876,0.1144449634497806,0.004149337554594864,0.041000000000000036,0.0026927693267455666,0.028000000000000025,0.0016284043049325438,0.013000000000000012,1.6536245443401194,0.015000000000000013
2262,3B00483614,455-2025-02-05,2025-02-05 14:41:09.877,0.1098100495973226,0.00614954901049934,0.07600000000000007,0.0034749551166983346,0.04600000000000004,0.0028239893467976508,0.030000000000000027,1.2305128277622104,0.016000000000000014
2263,3B001857EE,456-2025-02-05,2025-02-05 14:41:17.876,0.0801362607958163,0.007024518408896479,0.04899999999999993,0.004223335570988357,0.030000000000000027,0.0030306110818684928,0.018999999999999906,1.3935590733682997,0.01100000000000012
2264,3B004AE3AB,458-2025-02-05,2025-02-05 14:41:56.876,0.1002916482453951,0.009235501247655013,0.06899999999999973,0.006456081904080765,0.05400000000000005,0.0030931003235106164,0.01499999999999968,2.0872526684660593,0.03900000000000037
2265,3B00186448,459-2025-02-05,2025-02-05 14:42:00.876,0.1720324744783095,0.030859523377478333,0.05700000000000016,0.014185022206935962,0.029000000000000137,0.017476290311105595,0.028000000000000025,0.8116723832358094,0.001000000000000112
2266,3B004ACEEA,460-2025-02-05,2025-02-05 14:42:12.876,0.0977517369156262,0.011538208401864725,0.050999999999999934,0.0077108095713291505,0.03600000000000003,0.004261126706359122,0.014999999999999902,1.8095705907599204,0.02100000000000013
2267,3B00182DFC,462-2025-02-05,2025-02-05 14:42:27.876,0.1144449634497806,0.005560497144599864,0.04400000000000004,0.00385910930083334,0.031000000000000028,0.0018970351687994638,0.013000000000000012,2.034284532150014,0.018000000000000016
2268,3B004CD4DE,467-2025-02-05,2025-02-05 14:43:22.877,0.0997790675899556,0.0053393058871839365,0.038999999999999924,0.0031858441731029146,0.0239999999999998,0.0023806841834097038,0.015000000000000124,1.3382052921190206,0.008999999999999675
2269,3B00484043,469-2025-02-05,2025-02-05 14:44:12.875,0.0941812955044006,0.0001666754473456454,0.04799999999999993,0.00011737832385303604,0.038999999999999924,5.7322638408464356e-05,0.009000000000000008,2.0476783189327823,0.029999999999999916
2270,01103F9A64,473-2025-02-05,2025-02-05 14:45:07.877,0.17343810965076,0.028771949719388602,0.05600000000000005,0.0181981611979703,0.039000000000000146,0.011559660354545613,0.016999999999999904,1.574281651866547,0.02200000000000024
2271,3B004CD4DE,474-2025-02-05,2025-02-05 14:45:15.875,0.0994476367912997,0.006234904670416555,0.040000000000000036,0.003503309529864078,0.02299999999999991,0.0029719107657529592,0.017000000000000126,1.178807106268039,0.005999999999999783
2272,3B00192E1E,475-2025-02-05,2025-02-05 14:46:25.876,0.1014904500252328,0.004526104565470508,0.06899999999999995,0.003549785851624069,0.05499999999999994,0.0010789627821661597,0.014000000000000012,3.2899984228347594,0.040999999999999925
2273,3B001870F2,478-2025-02-05,2025-02-05 14:48:22.876,0.0964576949484369,0.004672077205299665,0.03699999999999992,0.0029821725768695694,0.02400000000000002,0.0018948940303964653,0.0129999999999999,1.5737938528655424,0.01100000000000012
2274,3B00191394,479-2025-02-05,2025-02-05 14:48:56.876,0.0944414337397898,0.0017368287650231667,0.027000000000000135,0.0010342583283914364,0.016999999999999904,0.000818828908594418,0.010000000000000231,1.2630945458030045,0.006999999999999673
2275,3B001870F2,482-2025-02-05,2025-02-05 15:02:12.876,0.0935865610603252,0.003344613555850455,0.08500000000000041,0.0017302655697331866,0.050000000000000266,0.0016921783463291697,0.03500000000000014,1.0225078068671893,0.015000000000000124
2276,3B004CD4DE,483-2025-02-05,2025-02-05 15:02:26.876,0.0982056286863137,0.004753934329320156,0.05300000000000005,0.0031541130842148114,0.03600000000000003,0.0017608979484386815,0.017000000000000015,1.7911958424458605,0.019000000000000017
2277,3B004CA42C,2-2025-02-11,2025-02-11 07:56:43.506,0.0964756114643599,0.013990850016525906,0.05699999999999994,0.006233576037742514,0.027000000000000135,0.008141675692973535,0.029999999999999805,0.7656379684985786,-0.0029999999999996696
2278,3B00484043,6-2025-02-11,2025-02-11 08:11:47.508,0.0941812955044005,-0.0005085633355372473,0.03100000000000014,-0.0005830143640472526,0.025000000000000355,9.381567238672235e-05,0.005999999999999783,-6.214466615385748,0.019000000000000572
2279,3B004C0894,7-2025-02-11,2025-02-11 08:11:58.507,0.1067658805452534,0.013254866708323003,0.04400000000000004,0.007643654204569651,0.025000000000000133,0.006080048218436042,0.018999999999999906,1.257169997664231,0.006000000000000227
2280,3B00484043,8-2025-02-11,2025-02-11 08:12:41.506,0.0909301797060959,0.012096556154754518,0.05000000000000071,0.004789659372000123,0.021000000000000796,0.007677066745381635,0.028999999999999915,0.6238918496939582,-0.007999999999999119
2281,3B004C0894,9-2025-02-11,2025-02-11 08:13:28.504,0.0911264070705276,0.013249657739904852,0.053999999999999826,0.008970880729339766,0.038000000000000034,0.004726120788779803,0.015999999999999792,1.8981488477055792,0.02200000000000024
2282,3B00484043,10-2025-02-11,2025-02-11 08:14:07.506,0.0918896609015742,0.005263853570555827,0.04600000000000004,0.0032532291458407876,0.030000000000000027,0.002218203961014031,0.016000000000000014,1.4666050566213957,0.014000000000000012
2283,3B004C0894,11-2025-02-11,2025-02-11 08:14:15.504,0.1067658805452534,0.010781048382120491,0.04700000000000015,0.006863387410343487,0.03100000000000014,0.004326164325056062,0.016000000000000014,1.5864832897336938,0.015000000000000124
2284,3B00484043,15-2025-02-11,2025-02-11 08:23:16.496,0.091616957734608,0.004532874759605996,0.06099999999999994,0.0024542967198877335,0.03600000000000003,0.002210896947616185,0.02499999999999991,1.1100909621925097,0.01100000000000012
2285,3B00192E1E,16-2025-02-11,2025-02-11 08:23:35.495,0.1005858192823128,0.01229287825311332,0.050000000000000044,0.004494725922598602,0.020000000000000018,0.008161510619080938,0.030000000000000027,0.5507223028161361,-0.010000000000000009
2286,3B004CDB63,17-2025-02-11,2025-02-11 08:31:52.493,0.1012702462445025,0.0093856718335677,0.04699999999999993,0.005642872344965578,0.028999999999999915,0.004094783658522245,0.018000000000000016,1.3780636086161433,0.010999999999999899
2287,3B004CDB63,20-2025-02-11,2025-02-11 08:40:03.490,0.091525485229146,0.011822304593510675,0.049000000000000155,0.007160627168396397,0.03200000000000003,0.005106590313624644,0.017000000000000126,1.4022325521770325,0.014999999999999902
2288,3B004CDB63,21-2025-02-11,2025-02-11 08:42:54.490,0.090705587924809,0.012300718923377555,0.04700000000000004,0.007404051208186825,0.030000000000000027,0.005367375450593281,0.017000000000000015,1.3794546843873983,0.013000000000000012
2289,0700ED9568,22-2025-02-11,2025-02-11 08:46:11.491,0.1557668900228975,0.02288600548134155,0.05199999999999999,0.013817654386698958,0.03300000000000003,0.00978646968905499,0.01899999999999996,1.4119140840084932,0.014000000000000068
2290,3B004CDB63,24-2025-02-11,2025-02-11 08:51:12.490,0.1012702462445025,0.010656304554149943,0.04199999999999998,0.0058358085971147895,0.02300000000000002,0.005253620032152528,0.01899999999999996,1.1108166485964395,0.004000000000000059
2291,3B004C0894,25-2025-02-11,2025-02-11 08:52:37.489,0.1067658805452534,0.012553073350459139,0.05300000000000016,0.00758831884414657,0.03500000000000014,0.005402392467311874,0.018000000000000016,1.404621913358022,0.017000000000000126
2292,3B00484043,27-2025-02-11,2025-02-11 08:56:08.489,0.0941812955044005,-0.0007758286556706813,0.04299999999999998,-0.0008102893817768808,0.03899999999999998,4.6413371652366486e-05,0.0040000000000000036,-17.4581021143196,0.034999999999999976
2293,01103FD532,30-2025-02-11,2025-02-11 09:11:15.492,0.1654789914992586,0.027352752588540363,0.053999999999999826,0.012422846064601298,0.026999999999999913,0.01571579229791545,0.026999999999999913,0.7904689645363328,0.0
2294,3B00192E1E,31-2025-02-11,2025-02-11 09:11:38.491,0.1005858192823128,0.004892600211248716,0.041999999999999926,0.00315988604484357,0.027000000000000024,0.0019171005049481709,0.014999999999999902,1.6482631122821587,0.012000000000000122
2295,3B004CDB63,32-2025-02-11,2025-02-11 09:12:08.492,0.0926729580916357,0.011776947505386283,0.05600000000000005,0.007345132103557122,0.039000000000000146,0.004854775346661513,0.016999999999999904,1.5129705453019888,0.02200000000000024
2296,3B00192E1E,34-2025-02-11,2025-02-11 09:13:55.491,0.1005858192823128,0.013011340683231315,0.05399999999999994,0.005429157896647289,0.025000000000000022,0.00796421348023728,0.028999999999999915,0.6816941698159422,-0.0039999999999998925
2297,01103FD532,35-2025-02-11,2025-02-11 09:14:41.489,0.167616616307203,0.027949054194462686,0.052000000000000046,0.011927024566828388,0.02400000000000002,0.016824926911984544,0.028000000000000025,0.7088901264903958,-0.0040000000000000036
2298,3B00192E1E,36-2025-02-11,2025-02-11 09:14:45.490,0.1005858192823128,0.002212825363564365,0.05099999999999999,0.0012835582143150071,0.030000000000000027,0.0010231871289828505,0.020999999999999963,1.2544706417397875,0.009000000000000064
2299,3B004CDB63,37-2025-02-11,2025-02-11 09:23:12.483,0.1012702462445025,0.012071833398470233,0.04600000000000004,0.007285497702266616,0.029000000000000026,0.005238839339124348,0.017000000000000015,1.3906701906007217,0.01200000000000001
2300,3B004CDB63,38-2025-02-11,2025-02-11 09:25:17.481,0.1012702462445025,0.01188408116389652,0.052000000000000046,0.007195598182492787,0.03399999999999981,0.005104756927737648,0.018000000000000238,1.409586839168416,0.01599999999999957
2301,3B0018A99B,40-2025-02-11,2025-02-11 09:26:07.481,0.0903979561297386,0.011205112762931752,0.04800000000000004,0.007098608271875248,0.03100000000000014,0.0044985049439528165,0.016999999999999904,1.5779927687792497,0.014000000000000234
2302,3B004CDB63,41-2025-02-11,2025-02-11 09:26:37.482,0.1012702462445025,0.010917425055631735,0.04899999999999999,0.006242456938203179,0.030000000000000027,0.005087801022928955,0.01899999999999996,1.2269459654712498,0.011000000000000065
2303,3B00192E1E,42-2025-02-11,2025-02-11 09:27:24.481,0.0957752017579086,0.013233449446213623,0.04799999999999993,0.004963158711404006,0.018999999999999906,0.008692667073498044,0.029000000000000026,0.5709592544428099,-0.01000000000000012
2304,3B00484043,43-2025-02-11,2025-02-11 09:30:17.478,0.092696597917849,0.002915126773911011,0.07,0.0015911679122953784,0.03799999999999998,0.001403529486080122,0.03200000000000003,1.1336904055641228,0.00599999999999995
2305,3B00186448,45-2025-02-11,2025-02-11 09:37:26.477,0.158606301917711,0.024870685503218522,0.07199999999999984,0.01752313658268146,0.05499999999999994,0.008066144188866002,0.016999999999999904,2.172430367271304,0.038000000000000034
2306,3B00182DFC,46-2025-02-11,2025-02-11 09:37:30.477,0.1144449634497805,0.012163020332875333,0.04700000000000015,0.006724078677889176,0.027000000000000135,0.0058546051163893345,0.020000000000000018,1.1485110514227244,0.007000000000000117
2307,3B00182A81,50-2025-02-11,2025-02-11 09:39:56.476,0.0991547467342568,0.004142576600362037,0.04999999999999999,0.002589283710651862,0.032999999999999974,0.0016938679165488634,0.017000000000000015,1.5286219694905994,0.01599999999999996
2308,3B00182A81,51-2025-02-11,2025-02-11 09:41:12.476,0.0991547467342568,0.0028890565118115446,0.066,0.0014679381822646366,0.03799999999999998,0.0014991836968352285,0.028000000000000025,0.9791583148639149,0.009999999999999953
2309,3B004CA42C,52-2025-02-11,2025-02-11 09:44:50.475,0.1004282908627936,0.014008250462734418,0.052999999999999936,0.005996078729970914,0.02400000000000002,0.008409960100069561,0.028999999999999915,0.712973505061138,-0.004999999999999893
2310,3B00186448,54-2025-02-11,2025-02-11 09:45:35.476,0.1332245304449698,0.02910769681840247,0.05600000000000005,0.014889782397665878,0.030999999999999917,0.015034090101253323,0.025000000000000133,0.9904013011352503,0.005999999999999783
2311,3B00186448,55-2025-02-11,2025-02-11 09:46:32.476,0.1610299355494885,0.02629470374705584,0.06600000000000028,0.014973038288561471,0.04400000000000004,0.012095224385732226,0.02200000000000024,1.2379297655878112,0.021999999999999797
2312,3B004CDB63,56-2025-02-11,2025-02-11 09:47:07.476,0.1012702462445025,0.011607490390579008,0.04500000000000015,0.006951781379078523,0.028000000000000025,0.005113912170550637,0.017000000000000126,1.359386150413685,0.010999999999999899
2313,3B004CA42C,57-2025-02-11,2025-02-11 09:47:31.475,0.1048851228157439,-0.0007518105522646092,0.05800000000000005,1.824494286075895e-05,0.03300000000000014,-0.0007653363271518116,0.02499999999999991,-0.02383911780152557,0.00800000000000023
2314,3B00186448,58-2025-02-11,2025-02-11 09:47:49.476,0.1602802902848028,0.026804717206985393,0.056999999999999496,0.01393150374442911,0.03200000000000003,0.013590319869394966,0.024999999999999467,1.025104918671008,0.007000000000000561
2315,3B004CDB63,60-2025-02-11,2025-02-11 09:49:02.476,0.1012702462445025,0.011794140980331358,0.052000000000000046,0.006771559826408899,0.03200000000000003,0.005454105035786214,0.020000000000000018,1.2415528820912727,0.01200000000000001
2316,3B00186448,61-2025-02-11,2025-02-11 09:49:43.474,0.1640699610188496,0.027993744302829762,0.05500000000000016,0.012889937491759276,0.028000000000000025,0.01586050137967251,0.027000000000000135,0.8127068106610782,0.0009999999999998899
2317,3B00186448,62-2025-02-11,2025-02-11 09:52:28.474,0.1636258061841055,0.02713173104114218,0.054999999999999716,0.014438661855930238,0.030999999999999694,0.01345218327417762,0.02400000000000002,1.0733322288023113,0.006999999999999673
2318,3B00186448,64-2025-02-11,2025-02-11 09:55:31.475,0.1608728275777056,0.027160720781680765,0.05300000000000038,0.013091833236231436,0.027000000000000135,0.01483867415725079,0.026000000000000245,0.8822778300468458,0.0009999999999998899
2319,3B0018A99B,65-2025-02-11,2025-02-11 09:59:05.474,0.0951097925836406,0.002592695662505644,0.039000000000000035,0.0016881500254382555,0.029000000000000026,0.001048215498245116,0.010000000000000009,1.6104990130984462,0.019000000000000017
2320,3B004ACEEA,66-2025-02-11,2025-02-11 10:01:25.474,0.0930878322369969,0.01456512547949031,0.04700000000000015,0.005617147959975535,0.019000000000000128,0.009408237991956883,0.028000000000000025,0.5970456917413913,-0.008999999999999897
2321,3B00484043,67-2025-02-11,2025-02-11 10:02:54.475,0.0941812955044005,0.004855368082290431,0.05699999999999994,0.0031455276148452615,0.038999999999999924,0.0018636414309402597,0.018000000000000016,1.6878394967095436,0.020999999999999908
2322,3B00192E1E,68-2025-02-11,2025-02-11 10:03:01.476,0.1086223048110751,0.0004147627707925153,0.01200000000000001,0.0002375844039642556,0.006000000000000005,0.00022670937777848294,0.006000000000000005,1.0479690178339187,0.0
2323,3B00186448,70-2025-02-11,2025-02-11 10:04:19.475,0.1720324744783095,0.025837497838646153,0.05499999999999994,0.012448771735260482,0.028999999999999915,0.014102194464737547,0.026000000000000023,0.8827542242725812,0.0029999999999998916
2324,3B00484043,71-2025-02-11,2025-02-11 10:04:34.476,0.0941812955044005,-0.0005054580759239814,0.03200000000000003,-0.0005847917587701975,0.026000000000000245,0.00010125619784933165,0.005999999999999783,-5.775367544813035,0.020000000000000462
2325,3B00484043,73-2025-02-11,2025-02-11 10:05:18.476,0.0962926344478096,0.010840263845519805,0.052999999999999936,0.004696589873926263,0.025000000000000355,0.006456876832366377,0.02799999999999958,0.7273779562254733,-0.0029999999999992255
2326,3B004ACEEA,75-2025-02-11,2025-02-11 10:05:35.476,0.0922332468555172,0.012214504905921532,0.049000000000000155,0.007357627302273522,0.03200000000000003,0.005330523811456837,0.017000000000000126,1.380282231637321,0.014999999999999902
2327,011016B2E1,84-2025-02-11,2025-02-11 10:08:05.475,0.0927120292063771,0.01517916499539551,0.04600000000000004,0.006638988278646368,0.020999999999999908,0.009057501721040886,0.025000000000000133,0.732982281772442,-0.004000000000000226
2328,3B00185CB8,88-2025-02-11,2025-02-11 10:10:24.476,0.0953970648449805,0.0034321570748585533,0.03500000000000003,0.002136337235763613,0.02200000000000002,0.0014499161526105705,0.013000000000000012,1.4734212264048117,0.009000000000000008
2329,01103F88A1,89-2025-02-11,2025-02-11 10:10:45.476,0.0994463706738426,0.011549146489107409,0.049000000000000155,0.0063609810360182335,0.028000000000000025,0.00557203897216563,0.02100000000000013,1.1415894734034808,0.006999999999999895
2330,011016B2E1,90-2025-02-11,2025-02-11 10:11:02.475,0.0949083412810809,0.001445162628024049,0.03299999999999992,0.0010077360028377571,0.02400000000000002,0.0005173163911267072,0.008999999999999897,1.9480070999546788,0.015000000000000124
2331,011016B2E1,91-2025-02-11,2025-02-11 10:11:08.477,0.0956063950704356,0.005246271746546512,0.0690000000000004,0.0038664969976473177,0.05500000000000016,0.0015317606037862906,0.014000000000000234,2.524217549459032,0.040999999999999925
2332,3B004CDB63,95-2025-02-11,2025-02-11 10:14:31.474,0.1012702462445025,0.0114416254865005,0.04899999999999999,0.00689287104045513,0.03199999999999997,0.0049804608254182415,0.017000000000000015,1.3839825835546635,0.014999999999999958
2333,3B00186448,96-2025-02-11,2025-02-11 10:14:41.474,0.1720324744783095,0.023221334630588727,0.07000000000000006,0.016761073718510325,0.05499999999999994,0.007154036353818689,0.015000000000000124,2.342883498147669,0.039999999999999813
2334,0700ED9568,97-2025-02-11,2025-02-11 10:16:03.472,0.153157673517962,0.02158083554567811,0.07299999999999995,0.014528817380339643,0.054999999999999716,0.0076897769365318995,0.018000000000000238,1.8893678581647078,0.03699999999999948
2335,3B00191394,98-2025-02-11,2025-02-11 10:16:16.472,0.0955494162184201,0.01085286148653146,0.04899999999999999,0.006803280982085937,0.03200000000000003,0.004441278375408052,0.01699999999999996,1.5318294434675852,0.015000000000000069
2336,3B00186448,99-2025-02-11,2025-02-11 10:16:25.472,0.1720324744783095,0.016991862291573494,0.09299999999999997,0.007195876616097029,0.050000000000000044,0.010283206350171763,0.04299999999999993,0.6997697382564763,0.007000000000000117
2337,3B004CDB63,102-2025-02-11,2025-02-11 10:17:11.471,0.1012702462445025,0.010732902820469266,0.05199999999999999,0.0060067002811494095,0.031000000000000028,0.005129029301701649,0.020999999999999963,1.1711183399082117,0.010000000000000064
2338,0700ED9568,103-2025-02-11,2025-02-11 10:17:23.471,0.154120661262357,0.021528635139398393,0.06199999999999983,0.013614554542336588,0.04500000000000015,0.008677440105133553,0.016999999999999682,1.5689597827684516,0.02800000000000047
2339,3B00484043,105-2025-02-11,2025-02-11 10:22:38.467,0.0941812955044005,-0.000668936308112619,0.03200000000000003,-0.000673592496018461,0.030000000000000027,8.70171133803907e-06,0.0020000000000000018,-77.40919801302613,0.028000000000000025
2340,3B00484043,107-2025-02-11,2025-02-11 10:23:09.467,0.0943435213271142,0.004238181669791178,0.08599999999999985,0.002621122854807371,0.05400000000000005,0.0017129475896554985,0.031999999999999806,1.5301827508537615,0.02200000000000024
2341,3B00182A81,108-2025-02-11,2025-02-11 10:23:18.466,0.0991547467342567,0.00466580985331829,0.067,0.002395790834194714,0.039000000000000035,0.002394343865431943,0.02799999999999997,1.00060432788442,0.011000000000000065
2342,3B001870F2,109-2025-02-11,2025-02-11 10:25:48.467,0.0937163855659743,0.0045710858767531795,0.028999999999999915,0.0027105396034889377,0.017000000000000348,0.002119059078792323,0.011999999999999567,1.279124131373301,0.005000000000000782
2343,3B004ACEEA,110-2025-02-11,2025-02-11 10:29:08.466,0.0977517369156262,0.01426056487001479,0.04799999999999993,0.0059922666033255245,0.02100000000000002,0.008726841222341453,0.026999999999999913,0.6866478317475072,-0.005999999999999894
2344,3B004CDB63,112-2025-02-11,2025-02-11 10:31:24.465,0.1012702462445025,0.011733146736290816,0.04699999999999993,0.006823401594946181,0.028000000000000025,0.005348817368299237,0.018999999999999906,1.2756841606494815,0.009000000000000119
2345,3B00484043,113-2025-02-11,2025-02-11 10:31:42.463,0.0955875558335725,0.003942542705083043,0.05299999999999999,0.0025977076566665635,0.033999999999999975,0.001463067312740516,0.019000000000000017,1.7755216277785046,0.014999999999999958
2346,3B0019B8CC,115-2025-02-11,2025-02-11 10:31:59.462,0.1538416953491122,0.025679946240888634,0.04800000000000004,0.011022796557645138,0.02200000000000002,0.015443095378394793,0.026000000000000023,0.713768599335743,-0.0040000000000000036
2347,3B0018A99B,117-2025-02-11,2025-02-11 10:33:00.463,0.0924900298942661,0.004906050680838485,0.040000000000000036,0.002976426721847143,0.024999999999999467,0.0021311222743306034,0.015000000000000568,1.3966475587526082,0.009999999999998899
2348,3B0019B8CC,118-2025-02-11,2025-02-11 10:33:16.463,0.1509131933851243,0.023518579352996102,0.05600000000000005,0.011960886543604691,0.030999999999999694,0.012229614481510682,0.025000000000000355,0.97802645878067,0.005999999999999339
2349,3B0019B8CC,119-2025-02-11,2025-02-11 10:35:57.462,0.1531993234443132,0.023844371466475892,0.050000000000000044,0.013924814688561458,0.030000000000000027,0.01064947930050233,0.020000000000000018,1.307558266055753,0.010000000000000009
2350,3B004CA42C,124-2025-02-11,2025-02-11 10:39:15.460,0.1004524936996119,0.01386250614913571,0.05499999999999994,0.005914325189640787,0.026000000000000023,0.00835912419291386,0.028999999999999915,0.707529288134568,-0.0029999999999998916
2351,3B00192E1E,125-2025-02-11,2025-02-11 10:39:18.461,0.1005858192823128,0.003938465618580725,0.03500000000000003,0.0021909737763950122,0.019000000000000017,0.0019254138422380453,0.016000000000000014,1.137923561330736,0.0030000000000000027
2352,3B004ACEEA,126-2025-02-11,2025-02-11 10:39:24.462,0.0934130269255086,0.011370171759805967,0.04799999999999993,0.007183689407189968,0.03299999999999992,0.004635233295282413,0.015000000000000013,1.5498010455053663,0.017999999999999905
2353,3B00484043,127-2025-02-11,2025-02-11 10:39:45.462,0.095523781880893,0.0032286152151945937,0.0730000000000004,0.0011899226674213926,0.03500000000000014,0.0021141200700496815,0.038000000000000256,0.5628453578766837,-0.0030000000000001137
2354,3B004C4B80,131-2025-02-11,2025-02-11 10:51:17.461,0.0979805643888555,0.007332590907426496,0.06000000000000005,0.005632260272881287,0.04600000000000004,0.0018928037388021796,0.014000000000000012,2.975617681548718,0.03200000000000003
2355,3B0019B8CC,132-2025-02-11,2025-02-11 10:51:38.461,0.155932638058171,0.02572627792268056,0.05500000000000016,0.011418497270225241,0.027000000000000135,0.01500525313598322,0.028000000000000025,0.7609666539275642,-0.0009999999999998899
2356,3B004CDB63,133-2025-02-11,2025-02-11 10:51:47.461,0.1012702462445025,0.01195591760036169,0.050999999999999934,0.0071267639225568195,0.03200000000000003,0.005242075372477659,0.018999999999999906,1.3595309903352966,0.013000000000000123
2357,3B0019B8CC,137-2025-02-11,2025-02-11 10:52:53.460,0.1554402374471896,0.02693733235081475,0.052000000000000046,0.011895922972192994,0.025000000000000133,0.015806850598469313,0.026999999999999913,0.752580211857317,-0.0019999999999997797
2358,3B00191394,138-2025-02-11,2025-02-11 10:53:03.462,0.0955494162184201,0.01164943448012864,0.04700000000000004,0.00670546278995034,0.028000000000000025,0.005359859111718154,0.019000000000000017,1.2510520612921185,0.009000000000000008
2359,3B001870F2,139-2025-02-11,2025-02-11 10:53:15.463,0.1033449037589002,0.004337325420178161,0.03600000000000003,0.002639967835523691,0.02299999999999991,0.0019013639963699953,0.013000000000000123,1.3884599900722887,0.009999999999999787
2360,3B00191394,141-2025-02-11,2025-02-11 10:54:37.462,0.0955494162184201,0.002821105164511276,0.07599999999999996,0.0011516131515520757,0.03399999999999992,0.001760402833193099,0.04200000000000004,0.6541759248723925,-0.008000000000000118
2361,0700ED9568,142-2025-02-11,2025-02-11 10:55:09.461,0.1546346944838091,0.026502791218203658,0.05499999999999994,0.012682370140900042,0.028000000000000025,0.014555732410841333,0.026999999999999913,0.8712972856971469,0.001000000000000112
2362,3B00182DFC,143-2025-02-11,2025-02-11 10:57:09.461,0.1144449634497805,0.013803138510681155,0.049000000000000155,0.00614377617124479,0.02300000000000013,0.00806979866813668,0.026000000000000023,0.7613295478489789,-0.0029999999999998916
2363,3B00484043,144-2025-02-11,2025-02-11 11:05:56.461,0.0941812955044005,-0.000397298125663977,0.04300000000000015,-0.0004678099299677624,0.038000000000000034,9.228087263940108e-05,0.0050000000000001155,-5.069413807948994,0.03299999999999992
2364,3B00182DFC,147-2025-02-11,2025-02-11 11:08:27.463,0.1168913813797432,0.011423961120498573,0.07299999999999995,0.0076335261626762334,0.05499999999999994,0.004130688804248411,0.018000000000000016,1.8480032082845737,0.03699999999999992
2365,3B00484043,149-2025-02-11,2025-02-11 11:09:04.462,0.0941812955044005,8.980612381182849e-05,0.014000000000000234,5.8075817014869444e-05,0.008000000000000007,4.028614034260494e-05,0.006000000000000227,1.4415830486856265,0.0019999999999997797
2366,3B004CD4DE,152-2025-02-11,2025-02-11 11:09:37.463,0.0939231295662485,0.015139456110878628,0.04800000000000004,0.006571923385088946,0.02200000000000002,0.009056523386771159,0.026000000000000023,0.7256563147276291,-0.0040000000000000036
2367,3B004CD4DE,155-2025-02-11,2025-02-11 11:10:03.461,0.0940124532697265,0.014227600534358453,0.050000000000000266,0.006492246255145909,0.02400000000000002,0.00816931479241484,0.026000000000000245,0.7947112359011945,-0.002000000000000224
2368,3B001857EE,156-2025-02-11,2025-02-11 11:10:09.462,0.0977687392677557,0.00602249680611059,0.04299999999999993,0.0034442135812237985,0.0239999999999998,0.0027888427397490347,0.019000000000000128,1.2349974174354987,0.004999999999999671
2369,3B001857EE,158-2025-02-11,2025-02-11 11:14:44.460,0.0977687392677557,0.005231186718131315,0.03999999999999998,0.002884265802515988,0.02200000000000002,0.0025403486417962047,0.01799999999999996,1.1353818743857969,0.004000000000000059
2370,01103FD532,163-2025-02-11,2025-02-11 11:19:12.458,0.167616616307203,0.026598829706291457,0.05499999999999994,0.013415233335508947,0.028999999999999915,0.01391998230353675,0.026000000000000023,0.9637392521756614,0.0029999999999998916
2371,3B004AB6A7,164-2025-02-11,2025-02-11 11:19:41.457,0.1003335166489211,0.01275868140779122,0.06000000000000005,0.007507956201733087,0.04100000000000015,0.005694239955028436,0.018999999999999906,1.3185177057919741,0.02200000000000024
2372,3B004C4B80,165-2025-02-11,2025-02-11 11:19:44.457,0.104786072703446,0.009753220841492634,0.07800000000000007,0.0055817919996116626,0.05400000000000005,0.00446553499595034,0.02400000000000002,1.2499716169895931,0.030000000000000027
2373,3B004CD4DE,166-2025-02-11,2025-02-11 11:19:59.457,0.0994476367912997,0.014808832267492598,0.051000000000000156,0.006468652777864464,0.025000000000000133,0.008806626468957331,0.026000000000000023,0.7345210791744101,-0.0009999999999998899
2374,01103FD532,167-2025-02-11,2025-02-11 11:20:05.457,0.167616616307203,0.025662079589501775,0.06400000000000006,0.013331744203355466,0.040000000000000036,0.013071869425662757,0.02400000000000002,1.0198804600344709,0.016000000000000014
2375,3B004CEFFE,168-2025-02-11,2025-02-11 11:20:24.459,0.1069954981198278,0.011460492006845156,0.051999999999999935,0.006210031914408759,0.029999999999999916,0.005590845552956385,0.02200000000000002,1.1107500387173017,0.007999999999999896
2376,3B0049A710,169-2025-02-11,2025-02-11 11:20:46.457,0.096014331399359,0.0034955684528102087,0.07899999999999974,0.0018310844430650902,0.05499999999999994,0.001768208348550219,0.0239999999999998,1.035559211428011,0.03100000000000014
2377,3B00484043,170-2025-02-11,2025-02-11 11:21:00.458,0.0941812955044005,8.843713586358673e-06,0.0040000000000000036,6.82151695799238e-06,0.0020000000000000018,4.899774385099892e-06,0.0020000000000000018,1.3922104206953825,0.0
2378,3B004CDB63,171-2025-02-11,2025-02-11 11:21:09.458,0.1012702462445025,0.011815962817115644,0.04599999999999993,0.006467120274714797,0.025000000000000022,0.005798634732657097,0.020999999999999908,1.1152832645748287,0.004000000000000115
2379,01103FD532,172-2025-02-11,2025-02-11 11:21:13.457,0.1426206052146434,0.008451609707223261,0.04400000000000004,0.005518125823732462,0.030000000000000027,0.0032615652834909158,0.014000000000000012,1.6918642872683223,0.016000000000000014
2380,011016B2E1,173-2025-02-11,2025-02-11 11:21:40.459,0.0937063469279575,0.015046437554861868,0.050999999999999934,0.007255932521767174,0.026000000000000023,0.008291389486743754,0.02499999999999991,0.8751165933487909,0.001000000000000112
2381,3B004C4B80,174-2025-02-11,2025-02-11 11:21:49.458,0.104786072703446,0.005757536567161935,0.05700000000000016,0.0024241840299771057,0.027000000000000135,0.003489745566499564,0.030000000000000027,0.6946592477252477,-0.0029999999999998916
2382,0700ED9568,179-2025-02-11,2025-02-11 11:23:13.457,0.1535340598180722,0.022570634874910286,0.07399999999999984,0.014203481936826341,0.053999999999999826,0.009047976204115071,0.020000000000000018,1.5697965618395986,0.03399999999999981
2383,3B004CDB63,181-2025-02-11,2025-02-11 11:23:57.458,0.0961401079992465,0.0130575915450373,0.04700000000000015,0.007456122152660841,0.028000000000000025,0.0060925994477448705,0.019000000000000128,1.2237998274153192,0.008999999999999897
2384,3B004CD4DE,182-2025-02-11,2025-02-11 11:24:06.458,0.0994476367912997,0.00450329454593359,0.03200000000000003,0.002600260272835273,0.017999999999999794,0.002124060439554329,0.014000000000000234,1.2241931653229514,0.0039999999999995595
2385,3B004C4B80,187-2025-02-11,2025-02-11 11:25:13.457,0.083379161657623,0.007957855090202163,0.06600000000000006,0.0042269137114790195,0.04100000000000015,0.003929836482423781,0.02499999999999991,1.075595315577103,0.016000000000000236
2386,01103FD532,191-2025-02-11,2025-02-11 11:27:06.456,0.1672320439750963,0.008632973995858759,0.04599999999999982,0.005279755454381336,0.029999999999999805,0.003664480043995353,0.016000000000000014,1.4407925247219688,0.01399999999999979
2387,3B004CDB63,196-2025-02-11,2025-02-11 11:30:29.456,0.1012702462445025,0.012949011030786462,0.049000000000000044,0.007709573484320694,0.030000000000000027,0.005691973738133246,0.019000000000000017,1.3544639942153256,0.01100000000000001
2388,3B0019248A,197-2025-02-11,2025-02-11 11:30:35.456,0.1169316465096806,0.007088488168860098,0.041999999999999815,0.003536849122083756,0.021999999999999797,0.003798750935005222,0.020000000000000018,0.9310558082373711,0.0019999999999997797
2389,3B001877B5,201-2025-02-11,2025-02-11 11:31:24.456,0.1782068500941566,0.023901496726543424,0.06199999999999983,0.016424999961851445,0.04499999999999993,0.008200069200000626,0.016999999999999904,2.003031872200565,0.028000000000000025
2390,3B00192E1E,203-2025-02-11,2025-02-11 11:31:46.455,0.1005858192823128,0.004730640816035393,0.039000000000000035,0.00267505867850014,0.02200000000000002,0.0022490881300851794,0.017000000000000015,1.1893970017079,0.0050000000000000044
2391,3B004CDB63,204-2025-02-11,2025-02-11 11:31:58.456,0.0998658465728526,0.0056698252696356375,0.040999999999999925,0.003736998649272627,0.027000000000000135,0.0021585032733696494,0.01399999999999979,1.731291629425598,0.013000000000000345
2392,01103F97C4,205-2025-02-11,2025-02-11 11:32:06.455,0.1618435114270358,0.0240158810572286,0.06099999999999994,0.013964679538300441,0.04200000000000004,0.010910803551338485,0.018999999999999906,1.2798946908532067,0.02300000000000013
2393,3B0018C2F6,207-2025-02-11,2025-02-11 11:32:55.456,0.1533628193086654,0.029080140521270094,0.04999999999999982,0.01310201455175061,0.02400000000000002,0.016820965831323434,0.0259999999999998,0.7789097655351325,-0.0019999999999997797
2394,3B001857EE,211-2025-02-11,2025-02-11 11:33:44.455,0.0977687392677557,0.013533734057528094,0.07500000000000001,0.005455146822788328,0.050000000000000044,0.008578777168760229,0.024999999999999967,0.6358886255553231,0.025000000000000078
2395,3B004CA42C,214-2025-02-11,2025-02-11 11:35:23.455,0.1048851228157439,0.0024810515100889452,0.063,0.0008242617125972302,0.02100000000000002,0.001726257060135893,0.04199999999999998,0.4774849190376915,-0.020999999999999963
2396,3B00182A81,223-2025-02-11,2025-02-11 11:38:35.454,0.0991547467342568,0.004093327802688799,0.07100000000000006,0.0022733828134323835,0.04400000000000004,0.0019443033161649513,0.027000000000000024,1.1692531687476244,0.017000000000000015
2397,3B00191394,224-2025-02-11,2025-02-11 11:38:45.454,0.0920424305072888,0.011592712444716729,0.052000000000000046,0.006908426736364831,0.03399999999999981,0.005096999047133625,0.018000000000000238,1.3553910197903392,0.01599999999999957
2398,3B0019B8CC,227-2025-02-11,2025-02-11 11:39:56.454,0.0811443650394535,0.013066470153986078,0.10000000000000009,0.005224077813701688,0.05500000000000016,0.008492295033880631,0.04499999999999993,0.6151550073166144,0.010000000000000231
2399,3B0018A99B,230-2025-02-11,2025-02-11 11:49:57.456,0.0786454013667889,0.0058291700171470475,0.04599999999999982,0.0035959087188669834,0.028999999999999915,0.0024375417427426648,0.016999999999999904,1.475219339144917,0.01200000000000001
2400,3B004CD4DE,232-2025-02-11,2025-02-11 11:50:38.456,0.0950333892642226,0.015259469065331724,0.07299999999999995,0.007025328385678474,0.04699999999999993,0.008690263697782726,0.026000000000000023,0.8084137179256079,0.020999999999999908
2401,3B004B0F76,234-2025-02-11,2025-02-11 11:52:25.455,0.1514425501738351,0.021722417943610548,0.06600000000000028,0.016492048149838758,0.052000000000000046,0.005856541478221667,0.014000000000000234,2.8160046695078735,0.03799999999999981
2402,3B004ACEEA,235-2025-02-11,2025-02-11 11:52:43.455,0.0977517369156262,0.012320221185488013,0.04299999999999998,0.007492456527191461,0.027000000000000024,0.005312669204029764,0.01599999999999996,1.4102998397694864,0.011000000000000065
2403,3B00192E1E,236-2025-02-11,2025-02-11 11:53:02.455,0.0991138074709622,0.002192523116492728,0.06999999999999995,0.0013505113844537624,0.04899999999999993,0.000924493311376239,0.02100000000000002,1.460812498949652,0.027999999999999914
2404,3B00182A81,237-2025-02-11,2025-02-11 11:53:40.455,0.0991547467342567,0.004221916114983205,0.040000000000000036,0.002703019580301628,0.027000000000000024,0.0016919078567003275,0.013000000000000012,1.597616306110924,0.014000000000000012
2405,3B004CD4DE,238-2025-02-11,2025-02-11 11:53:59.456,0.1012753963744162,0.012744250765289818,0.042999999999999705,0.006988081187314851,0.02400000000000002,0.0062639618288712505,0.018999999999999684,1.115600857448725,0.0050000000000003375
2406,01103FD532,239-2025-02-11,2025-02-11 11:54:35.456,0.1719147837154982,0.027391662232879317,0.050999999999999934,0.012187532367959861,0.02400000000000002,0.016011434410295126,0.026999999999999913,0.7611767975093756,-0.0029999999999998916
2407,3B00484043,240-2025-02-11,2025-02-11 11:54:42.457,0.0958423357681073,0.004691240202859122,0.06500000000000017,0.0029991127613740462,0.04100000000000015,0.0017968243304397897,0.02400000000000002,1.6691185168001288,0.017000000000000126
2408,01103FA4B2,242-2025-02-11,2025-02-11 11:55:37.455,0.1070560818927257,0.013138394804475382,0.04999999999999993,0.008791278663018836,0.03399999999999992,0.004791601928130094,0.016000000000000014,1.8347264223698987,0.017999999999999905
2409,01103F97C4,243-2025-02-11,2025-02-11 11:56:11.456,0.1618435114270357,0.027873091288025776,0.052999999999999936,0.011983045725786214,0.02499999999999991,0.016707284988034626,0.028000000000000025,0.7172347712011973,-0.0030000000000001137
2410,3B00192E1E,244-2025-02-11,2025-02-11 11:56:18.456,0.0968462281385537,0.004669129095637102,0.040000000000000036,0.0026339294102397082,0.02300000000000013,0.0022151051567619972,0.016999999999999904,1.1890764653764525,0.006000000000000227
2411,3B00191394,249-2025-02-11,2025-02-11 11:59:34.457,0.093557924195779,0.011541584633188485,0.050000000000000044,0.007229889745016957,0.03200000000000003,0.004754223722069193,0.018000000000000016,1.520729811568538,0.014000000000000012
2412,3B0018A99B,250-2025-02-11,2025-02-11 11:59:43.456,0.0951097925836406,0.0045900191093165505,0.03700000000000003,0.002750750305117345,0.02300000000000002,0.002048658642139992,0.014000000000000012,1.3427079790335208,0.009000000000000008
2413,3B001857EE,252-2025-02-11,2025-02-11 12:00:01.456,0.0977687392677557,0.013146089149165239,0.07000000000000006,0.008147826111989437,0.052000000000000046,0.005451166325605136,0.018000000000000016,1.494694093944188,0.03400000000000003
2414,01101763D0,253-2025-02-11,2025-02-11 12:00:05.457,0.1590250730066665,0.02500491382691967,0.058000000000000274,0.017530999392836366,0.04200000000000026,0.008233180155197658,0.016000000000000014,2.129310796359647,0.026000000000000245
2415,3B004C4B80,254-2025-02-11,2025-02-11 12:00:31.455,0.1027118844940598,0.010753008755490526,0.07199999999999984,0.005138298713806636,0.04200000000000004,0.005949867165515064,0.029999999999999805,0.8635988957178387,0.012000000000000233
2416,3B001870F2,255-2025-02-11,2025-02-11 12:00:44.456,0.1033449037589002,0.011534932662076213,0.05599999999999994,0.007368807118967119,0.041000000000000036,0.004614472936632138,0.014999999999999902,1.596890310152133,0.026000000000000134
2417,3B004C4B80,257-2025-02-11,2025-02-11 12:02:01.455,0.1042506796801448,0.006231596246199421,0.052000000000000046,0.004396487160744472,0.037000000000000144,0.0020112857852804746,0.014999999999999902,2.185908732075775,0.02200000000000024
2418,01103FD532,259-2025-02-11,2025-02-11 12:02:36.458,0.167616616307203,0.02858700275407591,0.07300000000000006,0.014437949445991118,0.04799999999999993,0.014947018019920152,0.025000000000000133,0.9659417970025467,0.0229999999999998
2419,3B00191394,260-2025-02-11,2025-02-11 12:02:40.455,0.0955494162184201,0.004515059020866999,0.03600000000000003,0.002697042071432659,0.02200000000000002,0.002019769021296557,0.014000000000000012,1.335322030883184,0.008000000000000007
2420,3B00484043,261-2025-02-11,2025-02-11 12:02:56.455,0.0961111720458468,0.003727911107802706,0.08799999999999986,0.0016570836852606416,0.052999999999999936,0.002142589277047118,0.03499999999999992,0.7734023982162402,0.018000000000000016
2421,3B00191394,262-2025-02-11,2025-02-11 12:03:32.456,0.0943942409695602,0.011847323959646341,0.050000000000000044,0.007004992381865708,0.03200000000000003,0.005285686365883699,0.018000000000000016,1.3252758292809839,0.014000000000000012
2422,3B001877B5,263-2025-02-11,2025-02-11 12:04:31.455,0.1659572452507337,0.026978678629892634,0.06299999999999972,0.018257418001035437,0.043999999999999595,0.009442874954520073,0.019000000000000128,1.9334596813967189,0.024999999999999467
2423,3B001877B5,265-2025-02-11,2025-02-11 12:05:23.455,0.1602352096916216,0.025465434402544833,0.06300000000000006,0.01610639596182878,0.04400000000000004,0.010156124296122707,0.019000000000000017,1.5858801539065155,0.025000000000000022
2424,3B001877B5,267-2025-02-11,2025-02-11 12:06:28.457,0.184575677669265,0.023029801118572384,0.07100000000000017,0.016159478504123838,0.05500000000000016,0.007594764860014245,0.016000000000000014,2.1277128129670007,0.039000000000000146
2425,3B0018C2F6,269-2025-02-11,2025-02-11 12:06:56.457,0.1576520521087552,0.00017005287477797065,0.008000000000000007,9.954335589445498e-05,0.0040000000000000036,9.78659851073088e-05,0.0040000000000000036,1.017139466642133,0.0
2426,3B001877B5,270-2025-02-11,2025-02-11 12:07:35.456,0.1782068500941566,0.021514764749465228,0.06800000000000006,0.015310155247825457,0.052999999999999936,0.006884520440938507,0.015000000000000124,2.223852101125922,0.03799999999999981
2427,3B0018C2F6,271-2025-02-11,2025-02-11 12:07:46.456,0.1585542400593537,0.028441614753509877,0.050000000000000044,0.015076661990157385,0.026999999999999913,0.014205350616902845,0.02300000000000013,1.0613368438944246,0.0039999999999997815
2428,3B004CA42C,272-2025-02-11,2025-02-11 12:08:04.456,0.1048227682314749,0.013775304003134273,0.05699999999999994,0.005706041485805152,0.028000000000000025,0.008476380821457671,0.028999999999999915,0.673169552665744,-0.0009999999999998899
2429,3B001857EE,273-2025-02-11,2025-02-11 12:08:25.456,0.0977687392677557,0.013227132572452055,0.052000000000000046,0.008034977119832282,0.03299999999999992,0.005649025405229699,0.019000000000000128,1.4223651946039648,0.01399999999999979
2430,3B00182A81,275-2025-02-11,2025-02-11 12:09:25.458,0.096818645294865,0.010778606200746619,0.051000000000000156,0.006591295020898667,0.03400000000000003,0.0045693824393565185,0.017000000000000126,1.4424914325680482,0.016999999999999904
2431,3B0018F763,276-2025-02-11,2025-02-11 12:09:30.455,0.1032428703261533,0.005874669498929117,0.07299999999999995,0.0026616820602054798,0.052999999999999936,0.0035564878185796855,0.020000000000000018,0.7484018492346323,0.03299999999999992
2432,3B0018F763,279-2025-02-11,2025-02-11 12:10:27.457,0.0766693285428336,0.008622626917852472,0.046999999999999986,0.005215547602235973,0.029000000000000026,0.0036970986320262814,0.01799999999999996,1.4107136761394623,0.011000000000000065
2433,011016B2E1,280-2025-02-11,2025-02-11 12:10:34.456,0.1034056593821557,0.000977399823600202,0.03699999999999998,0.0007131949828158282,0.02799999999999997,0.0003069161822075559,0.009000000000000008,2.3237451270442335,0.01899999999999996
2434,3B004CD4DE,288-2025-02-11,2025-02-11 12:12:37.457,0.0994476367912997,0.011688133363162823,0.04100000000000015,0.006898177526712557,0.025000000000000133,0.005267018189784785,0.016000000000000014,1.3096931277152895,0.009000000000000119
2435,01103F97C4,289-2025-02-11,2025-02-11 12:12:51.455,0.1668118382445718,0.012076975864973985,0.04599999999999982,0.007829442353831473,0.030999999999999694,0.004682422324258125,0.015000000000000124,1.6720923085620982,0.01599999999999957
2436,3B0019248A,294-2025-02-11,2025-02-11 12:16:56.455,0.1169316465096806,0.006350386783425871,0.04300000000000015,0.003766436278110706,0.026000000000000023,0.0028200328144808197,0.017000000000000126,1.3356001599591754,0.008999999999999897
2437,3B00192E1E,297-2025-02-11,2025-02-11 12:18:29.455,0.1005858192823128,0.00410625460213387,0.03600000000000003,0.0021392531626255387,0.019000000000000128,0.0021373141906255743,0.016999999999999904,1.0009072002649255,0.002000000000000224
2438,01103FD532,299-2025-02-11,2025-02-11 12:20:24.456,0.1726728019969935,0.025291028811108427,0.07900000000000018,0.012490044738145493,0.05500000000000016,0.013590110125485399,0.02400000000000002,0.9190539754878834,0.03100000000000014
2439,3B004C4B80,301-2025-02-11,2025-02-11 12:21:01.454,0.1058864571207989,0.006184654404608543,0.051999999999999824,0.004346091132670826,0.03699999999999992,0.0020188687795166123,0.014999999999999902,2.1527358175856444,0.02200000000000002
2440,011016B2E1,305-2025-02-11,2025-02-11 12:22:43.453,0.1034056593821557,-0.0003598042893358627,0.04699999999999993,-0.00041101557540611076,0.04299999999999993,7.323624739346458e-05,0.0040000000000000036,-5.61218781729645,0.038999999999999924
2441,3B0018C2F6,306-2025-02-11,2025-02-11 12:23:26.453,0.1574153037560051,0.028539682716968023,0.051000000000000156,0.014971495546092799,0.027000000000000135,0.01441837584376627,0.02400000000000002,1.0383621365069124,0.0030000000000001137
2442,011016B2E1,307-2025-02-11,2025-02-11 12:24:29.452,0.1000651285441095,0.0025006018474577757,0.07799999999999985,0.0016971544320473417,0.04800000000000004,0.0008550789439443682,0.029999999999999805,1.9847926838410832,0.018000000000000238
2443,3B00191394,308-2025-02-11,2025-02-11 12:24:36.452,0.0944322208824541,0.010672382050641787,0.04400000000000004,0.006328575214181718,0.026000000000000023,0.004758052689042893,0.018000000000000016,1.3300767410069905,0.008000000000000007
2444,3B004C4B80,310-2025-02-11,2025-02-11 12:25:14.452,0.104786072703446,0.010662548023502558,0.07000000000000006,0.005250013460470871,0.04300000000000015,0.00577024900414224,0.026999999999999913,0.909841751491502,0.016000000000000236
2445,01103FA4B2,312-2025-02-11,2025-02-11 12:26:02.454,0.1070560818927257,0.010850644010285933,0.064,0.006720807287616863,0.04799999999999999,0.004547604749449073,0.016000000000000014,1.4778785004196036,0.03199999999999997
2446,3B00484043,314-2025-02-11,2025-02-11 12:26:39.452,0.0983658342495217,0.004508911484942826,0.07399999999999984,0.0019053127759062628,0.040000000000000924,0.0027041253114703824,0.03399999999999892,0.7045948528436498,0.006000000000002004
2447,3B001857EE,317-2025-02-11,2025-02-11 12:27:28.452,0.1059478250481687,0.012539107565858314,0.049000000000000155,0.007436747720815042,0.03100000000000014,0.005554645137641018,0.018000000000000016,1.3388339914677838,0.013000000000000123
2448,3B004B0F76,319-2025-02-11,2025-02-11 12:28:32.453,0.1534846461268717,0.009253954359405637,0.06300000000000017,0.0035063794734880773,0.01200000000000001,0.006186169116979705,0.051000000000000156,0.5668095079818978,-0.039000000000000146
2449,0700ED9568,320-2025-02-11,2025-02-11 12:28:53.452,0.1568052713136062,0.024311322164262236,0.07099999999999973,0.018452775512593573,0.054999999999999716,0.006489567105498339,0.016000000000000014,2.8434524541643627,0.0389999999999997
2450,3B001877B5,321-2025-02-11,2025-02-11 12:29:02.452,0.1782068500941566,0.02025198201329159,0.06799999999999995,0.014555932775166949,0.05399999999999994,0.006342791856821784,0.014000000000000012,2.294877887173893,0.039999999999999925
2451,01103F97C4,323-2025-02-11,2025-02-11 12:29:14.452,0.1618435114270358,0.011715562293506359,0.04599999999999982,0.006470495014589404,0.027000000000000135,0.005641321418004698,0.018999999999999684,1.1469821581054285,0.008000000000000451
2452,3B0018F763,324-2025-02-11,2025-02-11 12:29:33.453,0.1023160530939051,0.012346090572834839,0.04699999999999993,0.0076381806588552955,0.030000000000000027,0.005141873784882322,0.016999999999999904,1.4854858322879088,0.013000000000000123
2453,3B00191394,326-2025-02-11,2025-02-11 12:37:03.451,0.0955494162184201,0.009406475429330038,0.07200000000000006,0.006151515222481017,0.05499999999999994,0.0035818290380454382,0.017000000000000126,1.7174229024168686,0.03799999999999981
2454,3B00484043,329-2025-02-11,2025-02-11 12:37:52.452,0.0941812955044005,0.006335380732794702,0.06300000000000017,0.0031966548191942803,0.03299999999999992,0.0033089296495686146,0.03000000000000025,0.9660691394907802,0.0029999999999996696
2455,3B00191394,330-2025-02-11,2025-02-11 12:38:39.452,0.0955494162184201,0.00388802864306264,0.040000000000000036,0.0024047141171471306,0.025000000000000022,0.0016421023292022946,0.015000000000000013,1.4644118544763893,0.010000000000000009
2456,3B0019B8CC,333-2025-02-11,2025-02-11 12:40:26.452,0.1538416953491122,0.026817995378916097,0.05400000000000005,0.010723167457515167,0.02400000000000002,0.016829368031165432,0.030000000000000027,0.6371699423090332,-0.006000000000000005
2457,3B004ACEEA,334-2025-02-11,2025-02-11 12:40:54.450,0.0977517369156262,9.098460061916668e-06,0.004999999999999893,4.541650142196873e-06,0.0020000000000000018,7.191788882814784e-06,0.0029999999999998916,0.6315049309983809,-0.0009999999999998899
2458,3B0018A99B,336-2025-02-11,2025-02-11 12:41:15.451,0.0951097925836406,0.004924437029731246,0.038000000000000034,0.003191491334419971,0.025000000000000133,0.0019401378305671014,0.0129999999999999,1.644981755490588,0.012000000000000233
2459,3B0018F763,338-2025-02-11,2025-02-11 12:41:54.450,0.1023160530939051,0.006075491122336641,0.03999999999999998,0.0032972013943431736,0.021999999999999964,0.0030166248263171517,0.018000000000000016,1.0930100971053016,0.003999999999999948
2460,3B00192E1E,339-2025-02-11,2025-02-11 12:42:30.451,0.1005858192823128,0.004360461976815614,0.04799999999999999,0.002641236376966809,0.031000000000000028,0.0018695694022511364,0.01699999999999996,1.4127511788471254,0.014000000000000068
2461,011016B2E1,350-2025-02-11,2025-02-11 12:45:09.450,0.097622697824945,0.014292530503642738,0.052999999999999936,0.00861345325906736,0.03299999999999992,0.006154685103150602,0.020000000000000018,1.3994953624285518,0.0129999999999999
2462,01103F97C4,352-2025-02-11,2025-02-11 12:45:30.451,0.1618435114270358,0.026979345425715395,0.07500000000000018,0.015008413997610036,0.054999999999999716,0.012941745578550773,0.020000000000000462,1.1596900824943193,0.034999999999999254
2463,3B0018C2F6,353-2025-02-11,2025-02-11 12:45:50.450,0.1576520521087552,0.027722941106643386,0.07600000000000007,0.017063326507139664,0.05500000000000016,0.01146161631739236,0.020999999999999908,1.4887364953271924,0.03400000000000025
2464,3B001870F2,358-2025-02-11,2025-02-11 12:46:45.451,0.1033449037589002,0.004019777034691422,0.039999999999999925,0.002664525728309762,0.026999999999999913,0.0015199779464584767,0.013000000000000012,1.753002886994553,0.013999999999999901
2465,3B0018C2F6,360-2025-02-11,2025-02-11 12:47:42.451,0.1600850404634607,0.028754785517216414,0.07900000000000018,0.015383341413564535,0.05500000000000016,0.014178947895589655,0.02400000000000002,1.0849423756151544,0.03100000000000014
2466,3B00484043,363-2025-02-11,2025-02-11 12:48:17.451,0.0941812955044005,0.0036526562855043873,0.07600000000000001,0.0016550014599522095,0.03899999999999998,0.002081355025978615,0.03700000000000003,0.7951557707816128,0.0019999999999999463
2467,0700ED9568,364-2025-02-11,2025-02-11 12:48:29.451,0.1557668900228975,0.024529421000937218,0.06599999999999995,0.01633801502030537,0.04700000000000004,0.008906801330480614,0.018999999999999906,1.8343302397903338,0.028000000000000136
2468,3B00484043,365-2025-02-11,2025-02-11 12:49:07.449,0.0971816027314199,0.004566305916776382,0.06899999999999995,0.0025802004805562085,0.040000000000000036,0.0020853436193498023,0.028999999999999915,1.2373023115301736,0.01100000000000012
2469,3B00191394,367-2025-02-11,2025-02-11 12:49:38.451,0.0955494162184201,0.011523204693088148,0.05199999999999999,0.007039975454785293,0.033999999999999975,0.0048897867192582035,0.018000000000000016,1.4397305770124225,0.01599999999999996
2470,0700ED9568,368-2025-02-11,2025-02-11 12:49:56.449,0.1598910701496883,0.02069860027687437,0.06400000000000006,0.01505867326036895,0.04899999999999993,0.006287091231083341,0.015000000000000124,2.395173333244945,0.03399999999999981
2471,011016B2E1,369-2025-02-11,2025-02-11 12:50:03.450,0.1034056593821557,-1.69308772960138e-05,0.030999999999999694,-0.0002444915001588421,0.02400000000000002,0.0002834721880171246,0.006999999999999673,-0.8624884926773568,0.017000000000000348
2472,3B004CDB63,373-2025-02-11,2025-02-11 12:54:06.449,0.1012702462445025,0.013000663783921956,0.05400000000000005,0.007254311088832492,0.030000000000000027,0.006171483154533091,0.02400000000000002,1.175456678270934,0.006000000000000005
2473,011016B2E1,374-2025-02-11,2025-02-11 12:54:26.450,0.1010970528897498,0.015255884767194146,0.04899999999999993,0.006498567375930862,0.021999999999999797,0.00924399122709927,0.027000000000000135,0.7030044940847578,-0.0050000000000003375
2474,3B00186448,375-2025-02-11,2025-02-11 12:54:40.449,0.1707405312214129,0.006775216096882408,0.06300000000000061,0.004113924814208714,0.04300000000000015,0.0028691819875363792,0.020000000000000462,1.4338319535252388,0.022999999999999687
2475,3B001857EE,377-2025-02-11,2025-02-11 12:55:29.450,0.0977687392677557,0.005801427460134544,0.04800000000000004,0.0037963689673235035,0.03300000000000003,0.0022074158202807937,0.015000000000000013,1.7198250245577145,0.018000000000000016
2476,3B00186448,378-2025-02-11,2025-02-11 12:55:33.449,0.1697569640862065,0.008147002695271943,0.05600000000000005,0.004721085582918713,0.03600000000000003,0.0036966201395932856,0.020000000000000018,1.2771357090096205,0.016000000000000014
2477,3B0018A99B,379-2025-02-11,2025-02-11 12:55:48.450,0.0785784922556033,0.005934171065358333,0.041999999999999815,0.003721572947355348,0.026999999999999913,0.0024452649239847055,0.014999999999999902,1.5219508163928603,0.01200000000000001
2478,3B004C4B80,382-2025-02-11,2025-02-11 12:56:40.449,0.104786072703446,0.01618669834033979,0.04799999999999993,0.007025703428397334,0.02200000000000002,0.009660029637670608,0.025999999999999912,0.7272962601480685,-0.0039999999999998925
2479,3B00186448,389-2025-02-11,2025-02-11 12:58:21.449,0.1720324744783095,0.026061453020671928,0.05400000000000005,0.0156385738618724,0.03400000000000003,0.01121568543388525,0.020000000000000018,1.394348473310829,0.014000000000000012
2480,3B00484043,390-2025-02-11,2025-02-11 12:58:43.451,0.0967181535692228,0.003973121694243013,0.07499999999999996,0.0023238595526306784,0.04599999999999982,0.0017443537660034737,0.029000000000000137,1.3322180385203186,0.016999999999999682
2481,3B004CD4DE,392-2025-02-11,2025-02-11 12:59:18.449,0.0994476367912997,0.004818712890531508,0.03400000000000003,0.002723853645537046,0.019000000000000128,0.002319470092689729,0.014999999999999902,1.1743430769475376,0.004000000000000226
2482,3B00186448,393-2025-02-11,2025-02-11 12:59:31.450,0.1703743881687936,0.029477590007875473,0.05699999999999994,0.014781886420138956,0.030999999999999694,0.015475157731706693,0.026000000000000245,0.9552010180712207,0.004999999999999449
2483,011016B2E1,394-2025-02-11,2025-02-11 12:59:38.450,0.1000352528975516,0.014805327130842325,0.04600000000000026,0.006303095331618017,0.02100000000000035,0.009002621322904282,0.02499999999999991,0.7001400042876192,-0.0039999999999995595
2484,3B00186448,399-2025-02-11,2025-02-11 13:01:11.450,0.1691964446967839,0.019532370801195673,0.06899999999999995,0.013527619849607361,0.05500000000000016,0.006683038043935171,0.01399999999999979,2.02417220441886,0.04100000000000037
2485,01103F9A64,403-2025-02-11,2025-02-11 13:02:40.450,0.17343810965076,0.026565631426380253,0.062000000000000055,0.013654852679685353,0.03499999999999992,0.013732872601838912,0.027000000000000135,0.9943187471102651,0.007999999999999785
2486,3B001877B5,404-2025-02-11,2025-02-11 13:02:54.450,0.1782068500941566,0.0209279941866533,0.06700000000000017,0.014239945357275222,0.052000000000000046,0.007426336500723382,0.015000000000000124,1.9174926096990275,0.03699999999999992
2487,01103F97C4,406-2025-02-11,2025-02-11 13:03:13.449,0.1704170472198048,0.0256545596678585,0.07800000000000029,0.012827510567098487,0.05500000000000016,0.013621995421223415,0.02300000000000013,0.941676323507854,0.03200000000000003
2488,01103F9A64,407-2025-02-11,2025-02-11 13:03:45.449,0.17343810965076,0.02339948527763924,0.06999999999999984,0.01381123229126733,0.04800000000000004,0.01029259781316256,0.021999999999999797,1.3418606790994017,0.026000000000000245
2489,3B001857EE,408-2025-02-11,2025-02-11 13:03:49.449,0.0977687392677557,0.00537587102343415,0.04400000000000004,0.00294528636371488,0.025000000000000022,0.0026198298536775416,0.019000000000000017,1.124228109539436,0.006000000000000005
2490,3B001877B5,410-2025-02-11,2025-02-11 13:04:07.448,0.1754208748627391,0.021080244967793416,0.06899999999999995,0.015403059509887459,0.05499999999999994,0.0063619256201160245,0.014000000000000012,2.4211316556710307,0.040999999999999925
2491,01103F9A64,415-2025-02-11,2025-02-11 13:05:08.450,0.17343810965076,0.025324123317933718,0.05500000000000016,0.013688522466737027,0.03200000000000003,0.01249910803347851,0.02300000000000013,1.0951599450194929,0.008999999999999897
2492,3B001877B5,416-2025-02-11,2025-02-11 13:05:18.449,0.1717966127604066,0.029729100334406695,0.055999999999999606,0.014918516657768933,0.029999999999999805,0.015602106173595018,0.0259999999999998,0.9561860746094017,0.0040000000000000036
2493,3B0018F763,418-2025-02-11,2025-02-11 13:05:59.449,0.102316053093905,0.014103386557953769,0.05399999999999999,0.007548016904681071,0.030000000000000027,0.006975641776238631,0.023999999999999966,1.082053400504616,0.006000000000000061
2494,3B001857EE,419-2025-02-11,2025-02-11 13:06:07.449,0.0977687392677557,0.013633714841311753,0.07,0.00952614106766922,0.05499999999999999,0.00453388328708724,0.015000000000000013,2.101099755875987,0.03999999999999998
2495,3B001877B5,421-2025-02-11,2025-02-11 13:06:41.449,0.1743119424575044,0.02858939695699813,0.06400000000000006,0.013056512078968342,0.0349999999999997,0.016240121057611655,0.02900000000000036,0.8039664256596675,0.005999999999999339
2496,0700ED9568,422-2025-02-11,2025-02-11 13:08:14.450,0.1557668900228975,0.023295458752629207,0.07000000000000006,0.015605930679193391,0.05300000000000005,0.008422968633971784,0.017000000000000015,1.852782713240918,0.03600000000000003
2497,3B00191394,429-2025-02-11,2025-02-11 13:09:52.448,0.0955494162184201,0.011236283220857221,0.050999999999999934,0.0068156557134804435,0.03300000000000014,0.004822702711213258,0.017999999999999794,1.4132440089316252,0.015000000000000346
2498,01103F9A64,430-2025-02-11,2025-02-11 13:10:08.450,0.17343810965076,0.024807445486903945,0.06099999999999994,0.013962065430487903,0.03699999999999992,0.011622406761957147,0.02400000000000002,1.2013058668871412,0.0129999999999999
2499,3B00484043,431-2025-02-11,2025-02-11 13:10:15.451,0.0986991081934143,0.0020733546361777436,0.068,0.0017071848355809977,0.05499999999999999,0.00040726554089460387,0.013000000000000012,4.191822445451626,0.04199999999999998
2500,3B004CA42C,433-2025-02-11,2025-02-11 13:11:05.450,0.1058690120595986,0.0013291267004445293,0.08499999999999996,0.0007979083911374805,0.045999999999999985,0.0005852004455788519,0.03899999999999998,1.3634787826387045,0.007000000000000006
2501,3B004C4B80,435-2025-02-11,2025-02-11 13:17:34.447,0.104786072703446,0.007189570917210134,0.05600000000000005,0.002951454366750708,0.025000000000000022,0.00442214883031358,0.031000000000000028,0.6674253807376757,-0.006000000000000005
2502,3B0018C2F6,437-2025-02-11,2025-02-11 13:19:23.447,0.1588170532992759,0.023686790771402177,0.06500000000000017,0.014711909255258677,0.04700000000000015,0.009788349925682744,0.018000000000000016,1.5030019734641344,0.029000000000000137
2503,3B00186448,441-2025-02-11,2025-02-11 13:20:32.448,0.1720324744783095,0.02673561072403428,0.05300000000000005,0.012128363917610435,0.026000000000000023,0.015332414775150805,0.027000000000000024,0.7910276427733246,-0.0010000000000000009
2504,3B00484043,443-2025-02-11,2025-02-11 13:20:55.446,0.0941812955044005,0.00014433252626079517,0.05400000000000027,-0.00013869037357555096,0.04500000000000082,0.0003326984416737925,0.008999999999999453,-0.4168651132773729,0.036000000000001364
2505,3B0018F763,445-2025-02-11,2025-02-11 13:21:31.447,0.1023160530939051,0.016192411741933675,0.05900000000000005,0.009626782078981506,0.03600000000000003,0.007081419843752118,0.02300000000000002,1.359442356390596,0.013000000000000012
2506,3B00186448,446-2025-02-11,2025-02-11 13:21:39.447,0.168506460786792,0.024482812705592712,0.07100000000000017,0.016824253798628643,0.05400000000000027,0.008372544530766936,0.016999999999999904,2.0094552781181227,0.037000000000000366
2507,3B00191394,447-2025-02-11,2025-02-11 13:22:07.447,0.0955494162184201,0.003615387374358794,0.06300000000000006,0.0018913860415893833,0.03200000000000003,0.0018353143155632676,0.031000000000000028,1.0305515657730306,0.0010000000000000009
2508,3B0019248A,448-2025-02-11,2025-02-11 13:22:40.446,0.1169316465096806,0.006311794530918964,0.04299999999999993,0.003315391700712511,0.02400000000000002,0.003221445496505026,0.018999999999999906,1.0291627483095425,0.0050000000000001155
2509,3B001870F2,450-2025-02-11,2025-02-11 13:23:18.446,0.1033449037589002,0.004958334232857465,0.04400000000000004,0.0032618496824131315,0.030000000000000027,0.0018892794426130551,0.014000000000000012,1.7265046180260553,0.016000000000000014
2510,011016B2E1,453-2025-02-11,2025-02-11 13:25:35.446,0.0998688575221227,0.0025385886247357597,0.09499999999999997,0.0009553886979709548,0.05499999999999999,0.0016622522552833983,0.03999999999999998,0.574755543230152,0.015000000000000013
2511,3B001857EE,456-2025-02-11,2025-02-11 13:26:50.445,0.0977687392677557,0.006195356064452256,0.04600000000000004,0.0034111430180922293,0.026000000000000023,0.0029810009647351365,0.020000000000000018,1.144294503237543,0.006000000000000005
2512,3B00186448,458-2025-02-11,2025-02-11 13:27:22.446,0.1773003292202828,0.023746487592132163,0.05600000000000005,0.01647879830947345,0.04100000000000037,0.008050597532709064,0.01499999999999968,2.046903753730222,0.02600000000000069
2513,011016B2E1,459-2025-02-11,2025-02-11 13:27:33.445,0.0978727910876259,0.016298985254748925,0.04899999999999993,0.008106361849604053,0.0259999999999998,0.008747064571001134,0.02300000000000013,0.9267522588639414,0.0029999999999996696
2514,3B0018C2F6,461-2025-02-11,2025-02-11 13:28:11.445,0.1576520521087552,0.023849979313600687,0.05600000000000005,0.015670561390352312,0.039000000000000146,0.008979466865259926,0.016999999999999904,1.7451549880961335,0.02200000000000024
2515,3B00191394,465-2025-02-11,2025-02-11 13:29:10.445,0.0955494162184201,0.0035207100243497967,0.06400000000000006,0.0017104186549460971,0.03300000000000003,0.0019173560124533448,0.031000000000000028,0.8920715004604378,0.0020000000000000018
2516,011016B2E1,466-2025-02-11,2025-02-11 13:29:19.446,0.1034056593821557,0.0050962893788094,0.05999999999999983,0.003271473637303105,0.039999999999999813,0.001971181263962386,0.020000000000000018,1.6596513456742814,0.019999999999999796
2517,3B0018C2F6,467-2025-02-11,2025-02-11 13:29:35.444,0.1576520521087552,0.02958327166892341,0.04899999999999993,0.015721747580910658,0.026000000000000023,0.01475566151165667,0.02299999999999991,1.0654722303361865,0.0030000000000001137
2518,3B004CDB63,476-2025-02-11,2025-02-11 13:33:30.445,0.1012702462445025,0.011291891765373369,0.043999999999999984,0.0066321019768480595,0.02699999999999997,0.005099562945377837,0.017000000000000015,1.30052360327453,0.009999999999999953
2519,3B0018F763,479-2025-02-11,2025-02-11 13:36:36.443,0.1023160530939051,0.006149648349614076,0.040000000000000036,0.00332618941571565,0.02200000000000002,0.0030644568111156036,0.018000000000000016,1.08540913471212,0.0040000000000000036
2520,3B001857EE,480-2025-02-11,2025-02-11 13:36:40.443,0.0977687392677557,0.006149591559313929,0.050999999999999934,0.004114952739532501,0.03499999999999992,0.00222834122806575,0.016000000000000014,1.8466439016184124,0.018999999999999906
2521,3B0018F763,481-2025-02-11,2025-02-11 13:37:48.443,0.1065521526884628,0.006005435634290337,0.03799999999999981,0.003498546591782084,0.021999999999999797,0.002739121216811327,0.016000000000000014,1.277251466751377,0.005999999999999783
2522,3B004C4B80,482-2025-02-11,2025-02-11 13:37:58.443,0.1001661918964642,0.011262972839439372,0.06300000000000017,0.005904567368041301,0.039000000000000146,0.005720159760221902,0.02400000000000002,1.032238191859915,0.015000000000000124
2523,011016B2E1,484-2025-02-11,2025-02-11 13:38:30.443,0.097572456405685,0.011549304405480625,0.07999999999999985,0.0062718896272991416,0.05499999999999994,0.0056323624425451855,0.02499999999999991,1.113545104967528,0.030000000000000027
2524,3B00192E1E,485-2025-02-11,2025-02-11 13:38:45.442,0.0991449814148585,0.015804664948647643,0.049000000000000044,0.0072231935838850845,0.02400000000000002,0.009107367108158067,0.025000000000000022,0.7931154523698507,-0.0010000000000000009
2525,011016B2E1,486-2025-02-11,2025-02-11 13:38:52.443,0.1034056593821557,0.0010494491794043937,0.029000000000000026,0.0005010532990180379,0.014000000000000012,0.0006028210258469481,0.015000000000000013,0.8311808605449201,-0.0010000000000000009
2526,3B004C4B80,487-2025-02-11,2025-02-11 13:39:13.445,0.0891651998478511,0.0025601246998663532,0.04499999999999993,0.0015492244336158454,0.030000000000000027,0.0011134042403992891,0.014999999999999902,1.391430333568931,0.015000000000000124
2527,3B001857EE,488-2025-02-11,2025-02-11 13:39:37.443,0.0977687392677557,0.005898135665493473,0.05199999999999999,0.004518469570408642,0.040000000000000036,0.0015656636744914507,0.011999999999999955,2.885977138018677,0.02800000000000008
2528,3B004B0F76,489-2025-02-11,2025-02-11 13:39:49.443,0.1774240499055155,0.02085219149356556,0.05900000000000016,0.014213709526516896,0.04400000000000004,0.0073486572189454,0.015000000000000124,1.9341913907581465,0.028999999999999915
2529,3B0018D520,490-2025-02-11,2025-02-11 13:39:53.443,0.1013230068350355,0.002879270864030434,0.07,0.002236686186277549,0.05499999999999999,0.0007039104922898891,0.015000000000000013,3.1775150545084103,0.03999999999999998
2530,3B004CDB63,491-2025-02-11,2025-02-11 13:39:58.443,0.1012702462445025,0.011210827410934167,0.06400000000000006,0.005972511034840059,0.040999999999999925,0.005606831860918685,0.02300000000000013,1.065220285357631,0.017999999999999794
2531,3B0018F763,493-2025-02-11,2025-02-11 13:40:46.443,0.1023160530939051,0.006260789700470328,0.041999999999999926,0.003371279233341274,0.02299999999999991,0.003123463757240638,0.019000000000000017,1.0793399556905898,0.0039999999999998925
2532,3B001877B5,498-2025-02-11,2025-02-11 13:42:46.443,0.1748564458348508,0.02547503239474905,0.07099999999999995,0.01805943659158438,0.05499999999999994,0.008193236177858765,0.016000000000000014,2.204188454909653,0.038999999999999924
2533,01103F97C4,500-2025-02-11,2025-02-11 13:43:14.442,0.1618435114270358,0.010765623718750504,0.04100000000000015,0.006602416508115692,0.025000000000000133,0.00459113859902015,0.016000000000000014,1.438078238266384,0.009000000000000119
2534,3B004CA42C,501-2025-02-11,2025-02-11 13:43:25.443,0.104885122815744,0.0037127657787987766,0.10000000000000003,0.0014088650468645867,0.05499999999999999,0.0023783699209773577,0.04500000000000004,0.5923658193110823,0.009999999999999953
2535,3B001870F2,503-2025-02-11,2025-02-11 13:44:04.442,0.0969353579843316,0.005380508137938335,0.04300000000000015,0.003380616277567309,0.028000000000000025,0.002195167426761972,0.015000000000000124,1.540026622276351,0.0129999999999999
2536,01103F97C4,504-2025-02-11,2025-02-11 13:44:30.443,0.1618435114270358,0.012700268361906375,0.04299999999999993,0.007032213207229167,0.02400000000000002,0.006119462835850033,0.018999999999999906,1.1491553091934656,0.0050000000000001155
2537,3B0018C2F6,506-2025-02-11,2025-02-11 13:47:07.443,0.1598774189778447,0.02166088431411439,0.06600000000000006,0.01372212893538483,0.04800000000000004,0.008697696374587971,0.018000000000000016,1.5776739431232305,0.030000000000000027
2538,3B0018C2F6,511-2025-02-11,2025-02-11 13:48:47.442,0.1623312391687969,0.028200849707365517,0.054999999999999716,0.016486543366276838,0.03299999999999992,0.012492771712444457,0.021999999999999797,1.3196865952376329,0.01100000000000012
2539,3B0019B8CC,515-2025-02-11,2025-02-11 13:49:29.442,0.0974889775959634,0.014087626624713663,0.07200000000000006,0.009807820903259086,0.05499999999999994,0.00465876302166434,0.017000000000000126,2.105241425170248,0.03799999999999981
2540,3B0018A99B,516-2025-02-11,2025-02-11 13:49:58.441,0.0978367737030918,0.002954655517320917,0.07300000000000006,0.001327180494226612,0.038000000000000034,0.0016942596585734536,0.03500000000000003,0.7833394884371396,0.0030000000000000027
2541,3B00192E1E,518-2025-02-11,2025-02-11 13:50:24.444,0.100599018454701,0.003999764783544222,0.05800000000000005,0.0024999433629427333,0.039000000000000035,0.0016328177704907924,0.019000000000000017,1.531060849608037,0.020000000000000018
2542,3B004ACEEA,520-2025-02-11,2025-02-11 13:51:10.442,0.0980064050062425,0.003823579163669456,0.05599999999999983,0.0023101589969462804,0.03399999999999981,0.0016275530082307359,0.02200000000000002,1.419406302137947,0.011999999999999789
2543,3B00186448,522-2025-02-11,2025-02-11 13:52:29.442,0.170212787135742,0.007600326475141392,0.063,0.004946205790596654,0.040000000000000036,0.002861621497029783,0.022999999999999965,1.7284626201370665,0.01700000000000007
2544,0700ED9568,523-2025-02-11,2025-02-11 13:52:44.441,0.1557668900228975,0.02761997132249803,0.05400000000000005,0.011958034000446033,0.026000000000000023,0.01641218663564784,0.028000000000000025,0.7286069958815097,-0.0020000000000000018
2545,3B004CDB63,525-2025-02-11,2025-02-11 13:53:38.442,0.1012702462445025,0.012795532903248827,0.05499999999999994,0.007267096105934418,0.03499999999999992,0.005984930695723828,0.020000000000000018,1.2142322902964748,0.014999999999999902
2546,3B00186448,527-2025-02-11,2025-02-11 13:54:21.441,0.1714216268912033,0.006947951824800189,0.05699999999999994,0.003790725681860108,0.03300000000000003,0.0033589154188427106,0.02399999999999991,1.1285564562284138,0.009000000000000119
2547,3B0018D520,528-2025-02-11,2025-02-11 13:54:37.442,0.1001458240674359,0.007484404924028241,0.07800000000000029,0.002911218256395971,0.040000000000000036,0.004789426316592004,0.038000000000000256,0.6078427903380914,0.0019999999999997797
2548,3B004C4B80,531-2025-02-11,2025-02-11 13:55:09.442,0.104786072703446,0.008066178599813763,0.05899999999999994,0.0034223343421445306,0.028000000000000025,0.0048463087995315405,0.030999999999999917,0.7061733958173165,-0.0029999999999998916
2549,3B0019B8CC,534-2025-02-11,2025-02-11 14:09:02.442,0.1538416953491121,0.009311540789045754,0.04300000000000015,0.006238736288430644,0.028000000000000025,0.0034018175719630513,0.015000000000000124,1.833942049053066,0.0129999999999999
2550,3B001857EE,543-2025-02-11,2025-02-11 14:13:19.443,0.0977687392677557,0.005604768029169784,0.04400000000000004,0.0030215769532314497,0.02400000000000002,0.0027724821857261785,0.020000000000000018,1.0898453987505161,0.0040000000000000036
2551,3B0018F763,544-2025-02-11,2025-02-11 14:13:26.443,0.1082808005828431,0.006843194532709732,0.04399999999999982,0.0034371264456985887,0.021999999999999797,0.0036374330247046114,0.02200000000000002,0.9449318853032932,-2.220446049250313e-16
2552,3B00191394,545-2025-02-11,2025-02-11 14:13:34.443,0.0955494162184201,0.012324197772105092,0.05899999999999994,0.00712164536139221,0.03699999999999992,0.005604408069986267,0.02200000000000002,1.2707221302337575,0.014999999999999902
2553,3B001877B5,546-2025-02-11,2025-02-11 14:13:43.443,0.1709461440764388,0.022278664209250496,0.06600000000000006,0.016202643295121246,0.052000000000000046,0.0068029829685859935,0.014000000000000012,2.3816968776696763,0.038000000000000034
2554,3B0019B8CC,547-2025-02-11,2025-02-11 14:13:49.442,0.1538416953491121,0.027418947214962075,0.05800000000000005,0.011605989016439151,0.028000000000000025,0.01652895095849672,0.030000000000000027,0.702161259089046,-0.0020000000000000018
2555,3B00186448,548-2025-02-11,2025-02-11 14:14:04.443,0.1704145697250023,0.028621231850274646,0.05799999999999983,0.014867442148805197,0.03300000000000036,0.014526002221208891,0.024999999999999467,1.0235054299453281,0.008000000000000895
2556,3B0018F763,550-2025-02-11,2025-02-11 14:14:40.442,0.0798775813932895,0.006832188043412059,0.04200000000000004,0.003704978539047719,0.02300000000000013,0.003383534672817874,0.018999999999999906,1.0950023857630933,0.004000000000000226
2557,01103F97C4,551-2025-02-11,2025-02-11 14:14:47.443,0.1418243720840563,0.013804133134949421,0.04599999999999982,0.0078037213897771,0.026999999999999913,0.006479432540150487,0.018999999999999906,1.2043834612708006,0.008000000000000007
2558,3B004ACEEA,557-2025-02-11,2025-02-11 14:19:06.441,0.0987252947801623,0.004273496720912953,0.067,0.002192480413225441,0.04200000000000004,0.0022166567510164335,0.024999999999999967,0.9890933326596882,0.01700000000000007
2559,3B00192E1E,558-2025-02-11,2025-02-11 14:19:13.441,0.099926930836815,0.004011771579130677,0.07499999999999996,0.002350805316279207,0.05400000000000005,0.0017899605906917212,0.020999999999999908,1.3133279740928543,0.03300000000000014
2560,3B0018C2F6,562-2025-02-11,2025-02-11 14:21:15.441,0.1576520521087552,0.029665797481252518,0.050000000000000044,0.014853896766809241,0.026000000000000023,0.015703137885237896,0.02400000000000002,0.9459190179290852,0.0020000000000000018
2561,3B00186448,563-2025-02-11,2025-02-11 14:21:48.441,0.1720324744783095,0.029740665001391494,0.05699999999999994,0.012529375005765692,0.026999999999999913,0.01798246409375053,0.030000000000000027,0.6967551799600168,-0.0030000000000001137
2562,3B004C4B80,564-2025-02-11,2025-02-11 14:25:04.440,0.104786072703446,0.0031846085943326636,0.038000000000000034,0.0016367458734315291,0.020000000000000018,0.0016749725942286563,0.018000000000000016,0.9771777037255162,0.0020000000000000018
2563,011016B2E1,565-2025-02-11,2025-02-11 14:25:07.440,0.1034056593821557,0.0041325815030637805,0.04999999999999999,0.0021527530029567185,0.02699999999999997,0.0021449271276286746,0.02300000000000002,1.00364855067906,0.003999999999999948
2564,3B004C4B80,571-2025-02-11,2025-02-11 14:27:56.438,0.104786072703446,0.003925553972985169,0.051000000000000045,0.002599872507390816,0.03500000000000003,0.0014538866649710083,0.016000000000000014,1.7882222665840735,0.019000000000000017
2565,3B0018C2F6,577-2025-02-11,2025-02-11 14:29:56.438,0.1576520521087552,0.007481444144841039,0.07900000000000001,0.003743498960711536,0.05300000000000005,0.003936616801614801,0.025999999999999968,0.9509431954809399,0.02700000000000008
2566,3B00192E1E,585-2025-02-11,2025-02-11 14:31:27.438,0.1005858192823128,0.01009072731915734,0.069,0.007272242361228951,0.05499999999999999,0.003162101229443693,0.014000000000000012,2.2998132676822474,0.04099999999999998
2567,3B0018C2F6,586-2025-02-11,2025-02-11 14:31:44.440,0.1589723641996694,0.0070122272209631135,0.08400000000000007,0.004048132866141298,0.05500000000000005,0.003146014800042876,0.029000000000000026,1.286749466685957,0.026000000000000023
2568,0700ED9568,589-2025-02-11,2025-02-11 14:32:01.439,0.1581975064061959,0.027858228751561256,0.052000000000000046,0.012418874875676524,0.02499999999999991,0.016213845375405378,0.027000000000000135,0.7659425995584362,-0.002000000000000224
2569,3B0018C2F6,591-2025-02-11,2025-02-11 14:33:32.439,0.1576520521087552,0.030276158962893148,0.07599999999999985,0.01845647306298188,0.05499999999999994,0.012699063776444313,0.020999999999999908,1.4533727358088455,0.03400000000000003
2570,01103F88A1,592-2025-02-11,2025-02-11 14:34:34.438,0.1104861502870718,0.0027334170319651806,0.10199999999999998,0.0007329321255761654,0.05099999999999999,0.0020639439354381344,0.05099999999999999,0.35511241996046683,0.0
2571,0700ED9568,594-2025-02-11,2025-02-11 14:35:16.437,0.1638262209082591,0.02723418909835893,0.051000000000000156,0.01101578404831906,0.02200000000000024,0.017004656944309336,0.028999999999999915,0.6478098372931616,-0.006999999999999673
2572,3B004CDB63,601-2025-02-11,2025-02-11 14:40:52.437,0.1012702462445025,0.003922580972939158,0.07699999999999996,0.002269545893486765,0.05499999999999994,0.0017850235008227244,0.02200000000000002,1.2714375426658093,0.03299999999999992
2573,3B004CDB63,603-2025-02-11,2025-02-11 14:44:32.437,0.1012702462445025,0.0034399471500157932,0.09300000000000003,0.0014081421071108476,0.05499999999999999,0.0021378887466756264,0.038000000000000034,0.6586601427695805,0.01699999999999996
2574,3B00484043,604-2025-02-11,2025-02-11 14:44:36.437,0.0941812955044005,0.003526374795378633,0.09399999999999986,0.0014492669180530657,0.05499999999999994,0.002162452689540957,0.038999999999999924,0.6701958961056922,0.016000000000000014
2575,3B00186448,605-2025-02-11,2025-02-11 14:47:47.438,0.1720324744783095,0.013402394921523406,0.08599999999999985,0.0042767897766157635,0.05500000000000016,0.0095972232503534,0.030999999999999694,0.4456278305767534,0.024000000000000465
2576,3B004CDB63,607-2025-02-11,2025-02-11 14:48:32.436,0.1084090436033468,0.004423517720457882,0.059,0.0026417181460253684,0.035999999999999976,0.0019152725924316716,0.02300000000000002,1.3792909460848002,0.012999999999999956
2577,3B00186448,609-2025-02-11,2025-02-11 14:49:08.437,0.1563646098366683,0.020635639485113634,0.08199999999999985,0.008835030274848773,0.054999999999999716,0.012418896225149776,0.027000000000000135,0.7114183188806072,0.02799999999999958
2578,3B00191394,611-2025-02-11,2025-02-11 14:49:44.436,0.0955494162184201,0.003713382835477414,0.07199999999999998,0.0019136174241141859,0.04600000000000001,0.001920822610654663,0.025999999999999968,0.996248905807069,0.020000000000000046
2579,3B0018C2F6,613-2025-02-11,2025-02-11 14:50:01.437,0.1576520521087552,0.026624029939889216,0.06599999999999984,0.016421182368603203,0.04499999999999993,0.011039395534062803,0.020999999999999908,1.4875073837090564,0.02400000000000002
2580,3B0049A710,617-2025-02-11,2025-02-11 14:50:52.438,0.1993455259049701,0.009237179307910966,0.04200000000000004,0.005087493835132978,0.02200000000000002,0.004472182359121551,0.020000000000000018,1.1375864011351025,0.0020000000000000018
2581,3B004B0F76,618-2025-02-11,2025-02-11 14:51:00.436,0.15801125913816,0.024697935921989256,0.05499999999999994,0.015645928482528444,0.03699999999999992,0.009923987213113997,0.018000000000000016,1.5765768482503908,0.018999999999999906
2582,3B0018C2F6,619-2025-02-11,2025-02-11 14:51:11.437,0.1599726782375821,0.006674288465803355,0.10000000000000009,0.003477645848052493,0.05500000000000016,0.003337301926866469,0.04499999999999993,1.0420531088470615,0.010000000000000231
2583,3B004CA42C,620-2025-02-11,2025-02-11 14:51:21.437,0.104885122815744,0.0036681268782496152,0.08400000000000002,0.002038902536848929,0.05499999999999999,0.0017271169371912388,0.029000000000000026,1.1805237346376432,0.025999999999999968
2584,3B00186448,622-2025-02-11,2025-02-11 14:52:20.436,0.1732527966009513,0.007648064703448861,0.08999999999999986,0.0033267313711336727,0.054999999999999716,0.004553795919526351,0.03500000000000014,0.730540285494325,0.019999999999999574
2585,3B00186448,623-2025-02-11,2025-02-11 14:52:35.437,0.1720324744783095,0.021350176792360166,0.06799999999999984,0.015811686325750158,0.052999999999999936,0.006163175292975948,0.014999999999999902,2.565509753352372,0.038000000000000034
2586,3B004C4B80,624-2025-02-11,2025-02-11 14:52:48.438,0.104786072703446,0.006223963781883494,0.05300000000000016,0.004507627490531013,0.038000000000000034,0.0018858042030896653,0.015000000000000124,2.3902945401997737,0.02299999999999991
2587,01103F97C4,627-2025-02-11,2025-02-11 14:53:09.436,0.1618435114270358,0.030831488163892983,0.05500000000000016,0.012615322517547125,0.02400000000000002,0.019045253794721783,0.03100000000000014,0.6623866845525233,-0.007000000000000117
2588,3B00186448,631-2025-02-11,2025-02-11 14:54:34.436,0.1742941156972351,0.024570966608405517,0.06999999999999984,0.017449064496296542,0.05500000000000016,0.007857786847171911,0.01499999999999968,2.220608020511096,0.04000000000000048
2589,01103F97C4,632-2025-02-11,2025-02-11 14:55:10.435,0.1618435114270357,0.027047575924691744,0.05600000000000005,0.01590614539908118,0.03400000000000003,0.011996780948820292,0.02200000000000002,1.3258677862785615,0.01200000000000001
2590,01103F97C4,633-2025-02-11,2025-02-11 14:56:31.436,0.167620109703469,0.029626214186949287,0.05300000000000038,0.014201852346666616,0.027000000000000135,0.016263709427573613,0.026000000000000245,0.8732234432686489,0.0009999999999998899
2591,3B004CDB63,634-2025-02-11,2025-02-11 14:57:45.437,0.1012702462445025,0.012194119483433314,0.05399999999999999,0.007411828195918827,0.034999999999999976,0.005201003010074752,0.019000000000000017,1.4250766980064293,0.01599999999999996
2592,3B001857EE,637-2025-02-11,2025-02-11 14:59:33.437,0.0977687392677557,0.005621777862861951,0.04400000000000004,0.0034351698523247347,0.026999999999999913,0.0023872728460504733,0.017000000000000126,1.4389515040176124,0.009999999999999787
2593,0700ED9568,638-2025-02-11,2025-02-11 15:00:11.437,0.1557668900228975,0.024658443241109447,0.07299999999999995,0.01648452003679994,0.052000000000000046,0.008814996326767473,0.020999999999999908,1.8700541016385133,0.03100000000000014
2594,3B0018D520,639-2025-02-11,2025-02-11 15:00:24.435,0.1003034877910492,0.004075518434418414,0.05899999999999994,0.0028126714820068373,0.04299999999999993,0.0013912135701493996,0.016000000000000014,2.02173953903051,0.026999999999999913
2595,3B001870F2,640-2025-02-11,2025-02-11 15:00:36.437,0.1033449037589002,0.0017475063729841913,0.08000000000000007,0.0007814006609802057,0.03400000000000003,0.001019839443530103,0.04600000000000004,0.7661996855852543,-0.01200000000000001
2596,3B004CDB63,641-2025-02-11,2025-02-11 15:01:24.436,0.1012702462445025,0.004187382795385614,0.03499999999999992,0.002203246420747718,0.019000000000000017,0.0021871531251137543,0.015999999999999903,1.0073581019313071,0.0030000000000001137
2597,3B001857EE,642-2025-02-11,2025-02-11 15:01:32.436,0.0977687392677557,0.006159024318662454,0.04299999999999993,0.003666390427185059,0.025999999999999912,0.0027131277304304037,0.017000000000000015,1.351351941916657,0.008999999999999897
2598,3B001877B5,647-2025-02-11,2025-02-11 15:03:03.435,0.1718441264305187,0.023114115213042744,0.07200000000000006,0.01621292221583917,0.05500000000000016,0.007577317222916059,0.016999999999999904,2.139665232281219,0.038000000000000256
2599,3B00182A81,651-2025-02-11,2025-02-11 15:04:11.436,0.0991547467342567,0.004631940473739365,0.038000000000000034,0.002756831352113241,0.02300000000000002,0.0020769670602678357,0.015000000000000013,1.3273351344136064,0.008000000000000007
2600,3B004ACEEA,652-2025-02-11,2025-02-11 15:17:55.435,0.0977517369156262,0.015544536671819388,0.05400000000000005,0.006046987708903205,0.02299999999999991,0.009941888844287863,0.03100000000000014,0.6082332848025672,-0.00800000000000023
2601,3B004C4B80,654-2025-02-11,2025-02-11 15:18:19.435,0.104786072703446,0.007417461453077625,0.06500000000000006,0.005807243420933406,0.051000000000000045,0.0017805920411532107,0.014000000000000012,3.261411534318839,0.03700000000000003
2602,3B0018C2F6,655-2025-02-11,2025-02-11 15:18:39.434,0.1636298458431016,0.028524449002065435,0.04899999999999993,0.01412362532103256,0.02499999999999991,0.015245537926529946,0.02400000000000002,0.926410428355889,0.0009999999999998899
2603,3B00484043,656-2025-02-11,2025-02-11 15:18:46.437,0.0979172042806073,0.003274947302059693,0.07700000000000018,0.0012273181269984179,0.039000000000000146,0.002123186174007638,0.038000000000000034,0.5780548790414282,0.001000000000000112
2604,3B0018A99B,658-2025-02-11,2025-02-11 15:20:07.434,0.0963451005977867,0.0034591080544292357,0.03100000000000014,0.002081277638813304,0.019000000000000128,0.0015638611893455763,0.01200000000000001,1.3308582967547455,0.007000000000000117
2605,3B0019B8CC,659-2025-02-11,2025-02-11 15:21:07.434,0.1538416953491121,0.010291716600365885,0.049000000000000155,0.0070252050163133566,0.03300000000000014,0.0035795493524549025,0.016000000000000014,1.9625948197907588,0.017000000000000126
2606,3B00484043,660-2025-02-11,2025-02-11 15:21:16.434,0.0962528809499412,0.0033970083281478626,0.08599999999999985,0.001724346443686474,0.05499999999999994,0.001754333032680734,0.030999999999999917,0.9829071285578892,0.02400000000000002
2607,011016B2E1,662-2025-02-11,2025-02-11 15:21:32.434,0.1034056593821557,0.015363448474108083,0.04700000000000015,0.00684729359225845,0.02200000000000002,0.009034256287713847,0.025000000000000133,0.7579255418700529,-0.0030000000000001137
2608,3B001857EE,666-2025-02-11,2025-02-11 15:30:28.435,0.0977687392677557,0.005902890519165137,0.04200000000000004,0.0033847406680389542,0.025000000000000022,0.002741267050273804,0.017000000000000015,1.2347358378312243,0.008000000000000007
2609,3B0019B8CC,667-2025-02-11,2025-02-11 15:31:07.432,0.1721906584725064,0.02683623034189542,0.05599999999999983,0.010919312063228057,0.026000000000000023,0.016631105310519954,0.029999999999999805,0.6565596128070381,-0.0039999999999997815
2610,3B004AB6A7,668-2025-02-11,2025-02-11 15:31:15.433,0.1052707982987058,0.015055232020906969,0.07200000000000006,0.008429475473643406,0.049000000000000155,0.007040708227338158,0.02299999999999991,1.1972482314936506,0.026000000000000245
2611,3B004CD4DE,669-2025-02-11,2025-02-11 15:31:34.433,0.0994476367912997,0.0006425822640061804,0.03699999999999998,0.0002807841683641207,0.010999999999999954,0.0003989359463038074,0.026000000000000023,0.7038327104028151,-0.015000000000000069
2612,3B0018F763,678-2025-02-11,2025-02-11 15:54:54.434,0.102316053093905,0.007045492385769202,0.04300000000000004,0.004087530528824713,0.025000000000000022,0.0032199686487839312,0.018000000000000016,1.2694317785884124,0.007000000000000006
2613,3B004CA42C,679-2025-02-11,2025-02-11 16:02:26.435,0.1056236479925338,0.004606875078741764,0.05699999999999994,0.0032822348331221834,0.040999999999999925,0.0014530518186876144,0.016000000000000014,2.2588560097510313,0.02499999999999991
2614,3B004C4B80,681-2025-02-11,2025-02-11 16:02:55.433,0.104786072703446,0.00029851461448993045,0.017999999999999905,0.00018827301882301664,0.01100000000000001,0.000136544105247035,0.006999999999999895,1.3788439895108904,0.004000000000000115
2615,3B001870F2,682-2025-02-11,2025-02-11 16:03:03.434,0.1033449037589002,0.003038478301859173,0.028999999999999915,0.001777725954840964,0.016999999999999904,0.0014314979636108666,0.01200000000000001,1.2418641171914477,0.004999999999999893
2616,3B00186448,684-2025-02-11,2025-02-11 16:03:38.435,0.1536275912151268,0.030318395426821007,0.058000000000000274,0.013045855831710888,0.028000000000000025,0.018066728430556768,0.03000000000000025,0.7220928726446159,-0.002000000000000224
2617,3B0018C2F6,687-2025-02-11,2025-02-11 16:08:03.435,0.1576520521087552,0.026628034981522962,0.04600000000000026,0.01640693856128858,0.028000000000000025,0.011098752091475064,0.018000000000000238,1.4782687662598328,0.009999999999999787
2618,3B001870F2,690-2025-02-11,2025-02-11 16:08:58.434,0.0948903959561004,0.01300152816917089,0.053999999999999826,0.007967153413206023,0.03600000000000003,0.005492089645383668,0.017999999999999794,1.4506597538703232,0.018000000000000238
2619,3B0018C2F6,692-2025-02-11,2025-02-11 16:09:22.434,0.158451764527465,0.029329119108861868,0.057000000000000384,0.015047343166713977,0.03200000000000003,0.015086637794660565,0.025000000000000355,0.9973954019125126,0.006999999999999673
2620,3B00186448,693-2025-02-11,2025-02-11 16:09:36.434,0.1705374869255549,0.028512419800896676,0.08300000000000018,0.01156844810990564,0.05400000000000027,0.01772152598122173,0.028999999999999915,0.6527907428606273,0.025000000000000355
2621,3B0019B8CC,695-2025-02-11,2025-02-11 16:10:51.435,0.1632991494980518,0.008641321528159038,0.03699999999999992,0.005090340372841738,0.02200000000000002,0.003911466743204182,0.014999999999999902,1.3013891481209043,0.007000000000000117
2622,3B004C4B80,696-2025-02-11,2025-02-11 16:10:56.435,0.104786072703446,0.005501148136023409,0.05499999999999994,0.002409894498833824,0.025999999999999912,0.0032310604162384413,0.029000000000000026,0.7458525030118106,-0.0030000000000001137
2623,3B004CA42C,698-2025-02-11,2025-02-11 16:11:12.434,0.1048851228157439,0.0024012975784247236,0.064,0.002016821395932062,0.05499999999999999,0.000445307187143614,0.009000000000000008,4.529056467443958,0.045999999999999985
2624,3B00186448,699-2025-02-11,2025-02-11 16:12:03.435,0.1720324744783095,0.028774037375032837,0.05600000000000005,0.01473013227561462,0.030999999999999694,0.014859601800820233,0.025000000000000355,0.9912871470621463,0.005999999999999339
2625,3B0019B8CC,701-2025-02-11,2025-02-11 16:12:48.435,0.1538416953491121,0.02866997684416731,0.055999999999999994,0.011678391565535233,0.026000000000000023,0.017751255765307485,0.02999999999999997,0.6578910089481741,-0.003999999999999948
2626,3B001877B5,704-2025-02-11,2025-02-11 16:13:34.435,0.1741027323522488,0.020555293597365052,0.06699999999999995,0.014038831122043929,0.051000000000000156,0.007187809283831079,0.015999999999999792,1.9531446324854735,0.035000000000000364
2627,3B00186448,711-2025-02-11,2025-02-11 16:20:31.432,0.1720324744783095,2.6405477049567248e-06,0.0029999999999992255,1.5545685740183112e-06,0.0009999999999994458,2.205660129769832e-06,0.0019999999999997797,0.7048087568144671,-0.001000000000000334
2628,3B00186448,712-2025-02-11,2025-02-11 16:20:35.430,0.1720324744783095,0.027841111399114857,0.05600000000000005,0.013872344429044581,0.030999999999999917,0.014711725507857085,0.025000000000000133,0.9429447566592909,0.005999999999999783
2629,3B0019B8CC,713-2025-02-11,2025-02-11 16:21:15.430,0.1538416953491121,0.010024961548217177,0.038999999999999924,0.00517838864685312,0.020000000000000018,0.005228778715666569,0.018999999999999906,0.9903629372070251,0.001000000000000112
2630,3B004CA42C,714-2025-02-11,2025-02-11 16:21:31.431,0.1048851228157439,0.003686098094836904,0.068,0.0017684341421316517,0.03300000000000003,0.0020131552492289643,0.034999999999999976,0.8784390288870962,-0.0019999999999999463
2631,3B001816CC,715-2025-02-11,2025-02-11 16:21:53.430,0.0938637827692101,0.01165658178267136,0.07199999999999995,0.006993270609834751,0.05500000000000005,0.005073307528731462,0.016999999999999904,1.3784440565114646,0.038000000000000145
2632,3B001870F2,716-2025-02-11,2025-02-11 16:22:02.431,0.1033449037589002,0.004179469439268603,0.030999999999999917,0.002366185245855859,0.016999999999999904,0.0020283179109623455,0.014000000000000012,1.166575137490755,0.0029999999999998916
2633,3B00484043,1-2025-02-15,2025-02-15 07:18:54.034,0.0894083933997697,0.011693750891167568,0.051000000000000156,0.005181939416198959,0.02400000000000002,0.0068663882471935184,0.027000000000000135,0.7546819710226785,-0.0030000000000001137
2634,3B00199DE5,2-2025-02-15,2025-02-15 07:34:16.029,0.1123533740676661,0.011627028142003873,0.04899999999999993,0.004653965309870519,0.020999999999999908,0.007321922881658617,0.028000000000000025,0.6356206402458405,-0.007000000000000117
2635,3B00484043,3-2025-02-15,2025-02-15 07:37:55.028,0.0892311558309406,0.011481044739851395,0.05400000000000005,0.004966842432032765,0.02499999999999991,0.006848899648792207,0.029000000000000137,0.7252029795630982,-0.004000000000000226
2636,01103FD532,5-2025-02-15,2025-02-15 07:51:15.024,0.1616013383182653,0.024513237268161195,0.07600000000000007,0.012145202039986498,0.05500000000000016,0.013285033203811534,0.020999999999999908,0.9142018581106734,0.03400000000000025
2637,3B00192E1E,6-2025-02-15,2025-02-15 08:10:09.021,0.1005858192823128,0.0036508078304142056,0.03799999999999981,0.0023005345108152693,0.02400000000000002,0.0014928803581241781,0.01399999999999979,1.541003937988653,0.010000000000000231
2638,3B00192E1E,7-2025-02-15,2025-02-15 08:11:13.020,0.1005858192823128,0.01287645211829418,0.051000000000000045,0.00552278434023885,0.02300000000000002,0.007743639570873056,0.028000000000000025,0.7132026600272389,-0.0050000000000000044
2639,3B0018A99B,9-2025-02-15,2025-02-15 08:21:33.017,0.0951097925836406,0.004467995052039656,0.03600000000000003,0.002545905269397914,0.020000000000000018,0.002113557770784151,0.016000000000000014,1.2045591109881786,0.0040000000000000036
2640,3B00483614,10-2025-02-15,2025-02-15 09:09:05.006,0.100336911014489,0.0069432534329871174,0.062000000000000055,0.003353717149894858,0.03400000000000003,0.0037562938370388614,0.028000000000000025,0.8928260927900783,0.006000000000000005
2641,3B00483614,12-2025-02-15,2025-02-15 09:11:10.006,0.1236615983353104,0.013385513489090856,0.04899999999999993,0.006139102346501111,0.025000000000000133,0.007670206589775324,0.0239999999999998,0.8003829198922449,0.001000000000000334
2642,3B00483614,14-2025-02-15,2025-02-15 09:21:46.004,0.0998471186297652,0.013434803026688164,0.04299999999999993,0.007962693832633561,0.026000000000000023,0.006002763211393942,0.016999999999999904,1.3265047366052092,0.009000000000000119
2643,3B00483614,16-2025-02-15,2025-02-15 09:26:43.002,0.1236615983353104,0.015727074484882638,0.04800000000000004,0.008362226878644264,0.025000000000000133,0.007912084425661103,0.02299999999999991,1.0568930295439243,0.002000000000000224
2644,3B00483614,17-2025-02-15,2025-02-15 09:32:44.001,0.100028201388366,0.007451930923503047,0.06199999999999983,0.005288319415274188,0.04499999999999993,0.002368677275645999,0.016999999999999904,2.232604445378456,0.028000000000000025
2645,3B00483614,18-2025-02-15,2025-02-15 09:35:17.001,0.1025504796753985,0.012484024363973674,0.07599999999999985,0.006325903129833063,0.05499999999999994,0.006608368909238432,0.020999999999999908,0.9572563542857777,0.03400000000000003
2646,3B004CA42C,19-2025-02-15,2025-02-15 09:36:07.000,0.1048851228157439,0.013883112292394018,0.05400000000000005,0.005558372555862335,0.02300000000000013,0.008728771573531843,0.030999999999999917,0.6367874916920643,-0.007999999999999785
2647,0700ED9568,20-2025-02-15,2025-02-15 09:48:25.998,0.1374352915161968,0.023043868010030295,0.06699999999999995,0.013839983456456319,0.04600000000000004,0.00994036270342644,0.020999999999999908,1.3923016563254458,0.025000000000000133
2648,3B0018A99B,22-2025-02-15,2025-02-15 09:53:55.998,0.0920518580593473,0.011529867496372269,0.052000000000000046,0.0073244077640450085,0.03600000000000003,0.004635073752986716,0.016000000000000014,1.5802138551356077,0.020000000000000018
2649,0700ED9568,24-2025-02-15,2025-02-15 10:15:42.995,0.1557668900228975,0.025201652306944045,0.059,0.013698015197935318,0.035999999999999976,0.012241971794480552,0.02300000000000002,1.1189386340614869,0.012999999999999956
2650,3B004AB6A7,25-2025-02-15,2025-02-15 10:18:44.995,0.1003335166489211,0.015136849210266978,0.06,0.010581560547596026,0.04299999999999998,0.004989446557578575,0.017000000000000015,2.1207884332428555,0.025999999999999968
2651,3B0018A99B,28-2025-02-15,2025-02-15 10:23:59.992,0.0951097925836406,0.004305917458161738,0.03499999999999992,0.0025916954107397363,0.02200000000000002,0.0019148317603433329,0.0129999999999999,1.353484658242268,0.009000000000000119
2652,3B004ACEEA,30-2025-02-15,2025-02-15 10:25:25.993,0.0977517369156262,0.01215421085909132,0.050000000000000044,0.00767048857004645,0.03400000000000003,0.0049661812150127264,0.016000000000000014,1.5445446386166142,0.018000000000000016
2653,3B004CA42C,31-2025-02-15,2025-02-15 10:42:47.988,0.104885122815744,0.015083453678109609,0.05500000000000016,0.00570889200860036,0.02200000000000002,0.009802009065106743,0.03300000000000014,0.5824206007850892,-0.01100000000000012
2654,3B004CA42C,32-2025-02-15,2025-02-15 10:46:05.990,0.1048851228157439,-0.00027202343313762845,0.03400000000000003,-0.0004340994064652469,0.027000000000000024,0.000202601847717619,0.007000000000000006,-2.1426231367360624,0.020000000000000018
2655,3B004CA42C,35-2025-02-15,2025-02-15 11:29:17.985,0.1045251206654987,0.014871459912837896,0.05399999999999994,0.005844737396382406,0.02199999999999991,0.009444481749531733,0.03200000000000003,0.6188521034171297,-0.01000000000000012
2656,3B004CA42C,36-2025-02-15,2025-02-15 11:31:17.983,0.10512507809805,0.01487565562545434,0.05500000000000016,0.006196950834667167,0.02400000000000002,0.00909838051746901,0.03100000000000014,0.6811048211018367,-0.007000000000000117
2657,3B00182A81,39-2025-02-15,2025-02-15 12:23:10.975,0.0991547467342568,0.011414857001128629,0.07499999999999996,0.007688359114960013,0.05499999999999999,0.0040299365021196475,0.019999999999999962,1.9078114781501212,0.03500000000000003
2658,3B0018A99B,41-2025-02-15,2025-02-15 12:27:30.975,0.0951097925836406,0.011632223501441502,0.05199999999999999,0.007586848696826274,0.03699999999999998,0.00450047021233211,0.015000000000000013,1.6857902261050244,0.021999999999999964
2659,3B004CA42C,42-2025-02-15,2025-02-15 12:28:19.974,0.1048851228157439,0.013767296903460461,0.05699999999999997,0.006932925573611716,0.03,0.007223765470042367,0.02699999999999997,0.9597384635981343,0.0030000000000000304
2660,3B00182DFC,43-2025-02-15,2025-02-15 12:28:45.973,0.1144449634497806,0.011946902688557633,0.06400000000000003,0.006072793950654707,0.04100000000000001,0.006313640761317622,0.02300000000000002,0.9618529435284734,0.017999999999999988
2661,3B0018A99B,44-2025-02-15,2025-02-15 12:28:49.974,0.0951097925836406,0.011236209345578584,0.06799999999999995,0.007874630193811625,0.05399999999999999,0.0037648825459901747,0.013999999999999957,2.091600494203618,0.040000000000000036
2662,3B00182A81,45-2025-02-15,2025-02-15 12:29:04.974,0.0991547467342568,0.01327920768165187,0.05199999999999999,0.008225379940306825,0.032999999999999974,0.005489103797258583,0.019000000000000017,1.4984923302807314,0.013999999999999957
2663,3B004AE3AB,46-2025-02-15,2025-02-15 12:29:25.972,0.1002916482453951,0.01402436484151378,0.04700000000000015,0.008008909529153566,0.027000000000000135,0.006500594039687832,0.020000000000000018,1.2320273316956993,0.007000000000000117
2664,3B0019F652,47-2025-02-15,2025-02-15 12:30:15.972,0.0905389973583477,0.009256999815407767,0.05499999999999994,0.006009065598436513,0.038000000000000034,0.003542729605833268,0.016999999999999904,1.6961682846306725,0.02100000000000013
2665,3B004AE3AB,48-2025-02-15,2025-02-15 12:31:37.974,0.1002916482453951,0.009281017244083093,0.08399999999999996,0.004102544714427824,0.04799999999999999,0.0054599675078290215,0.035999999999999976,0.7513862872892932,0.01200000000000001
2666,3B004ACEEA,50-2025-02-15,2025-02-15 12:33:28.974,0.0977517369156262,0.013092924351231603,0.04999999999999999,0.008032948550462047,0.03200000000000003,0.005527048556516264,0.01799999999999996,1.453388452864483,0.014000000000000068
2667,3B004CA42C,51-2025-02-15,2025-02-15 12:39:24.971,0.1045169610374492,0.014770257047645355,0.05600000000000005,0.005972984733531181,0.02400000000000002,0.009186657140159635,0.03200000000000003,0.6501804347764512,-0.008000000000000007
2668,3B004CC5C5,53-2025-02-15,2025-02-15 12:41:32.971,0.0968329106914685,0.014494392890096745,0.04400000000000004,0.009556797776428953,0.029000000000000026,0.0054760731305305834,0.015000000000000013,1.7451917731242905,0.014000000000000012
2669,3B004C4B80,59-2025-02-15,2025-02-15 12:59:32.967,0.104786072703446,0.013195352184692661,0.061,0.006134617186246611,0.025999999999999968,0.007496510280036029,0.03500000000000003,0.8183297237094068,-0.009000000000000064
2670,3B004AE3AB,60-2025-02-15,2025-02-15 13:03:11.969,0.1002916482453951,0.01693131906484426,0.052999999999999936,0.0068140188939978434,0.02400000000000002,0.01059100933077533,0.028999999999999915,0.6433776688495292,-0.004999999999999893
2671,3B001870F2,61-2025-02-15,2025-02-15 13:03:26.967,0.1033449037589002,0.014700236266227741,0.04800000000000004,0.0065032187147429435,0.02200000000000002,0.008665687998937471,0.026000000000000023,0.7504561340704079,-0.0040000000000000036
2672,3B00182DFC,66-2025-02-15,2025-02-15 13:05:04.968,0.1144449634497805,0.01470659223611284,0.04700000000000004,0.006294235855701685,0.02100000000000002,0.008856796384656291,0.026000000000000023,0.710667331881532,-0.0050000000000000044
2673,3B001870F2,67-2025-02-15,2025-02-15 13:05:29.966,0.1033449037589002,0.014066669587230522,0.04999999999999982,0.006163583966764826,0.02400000000000002,0.008340739806530849,0.0259999999999998,0.7389732937045588,-0.0019999999999997797
2674,3B0018C2F6,71-2025-02-15,2025-02-15 13:07:05.965,0.1576520521087552,0.025634168837695242,0.06500000000000017,0.013393431614874631,0.04100000000000015,0.013101396431269802,0.02400000000000002,1.022290386000977,0.017000000000000126
2675,3B0019F652,72-2025-02-15,2025-02-15 13:07:36.965,0.0893996356419717,0.007673307696022982,0.05800000000000005,0.0056001038305382314,0.04400000000000004,0.0023149053239532595,0.014000000000000012,2.4191502661433697,0.030000000000000027
2676,3B00182DFC,74-2025-02-15,2025-02-15 13:07:53.965,0.1144449634497806,0.014887263619763322,0.04899999999999999,0.005864690103575854,0.02100000000000002,0.009470365541048735,0.02799999999999997,0.61926755394559,-0.006999999999999951
2677,3B001870F2,75-2025-02-15,2025-02-15 13:07:59.967,0.1033449037589002,0.012186645610992655,0.052000000000000046,0.007096372138945182,0.030999999999999917,0.005495184469215668,0.02100000000000013,1.291380149055861,0.009999999999999787
2678,3B0018C2F6,76-2025-02-15,2025-02-15 13:08:33.966,0.1576520521087552,0.023973164104988873,0.052000000000000046,0.013872700749691963,0.03200000000000003,0.010979018263470424,0.020000000000000018,1.2635647757185584,0.01200000000000001
2679,3B0018A99B,77-2025-02-15,2025-02-15 13:09:23.965,0.0951542990283925,0.0035357190700926492,0.03400000000000025,0.0024758823252684268,0.02300000000000013,0.0012057672968687216,0.01100000000000012,2.053366625299997,0.01200000000000001
2680,3B004CA42C,78-2025-02-15,2025-02-15 13:09:32.965,0.107514089797784,0.014744380848181077,0.05500000000000016,0.0062191839086382416,0.02499999999999991,0.0089545842998686,0.03000000000000025,0.6945251393444922,-0.0050000000000003375
2681,3B0018C2F6,80-2025-02-15,2025-02-15 13:10:30.965,0.1546594912398242,0.02578460032008369,0.05499999999999994,0.014231143915328351,0.03200000000000003,0.012421725795916409,0.02299999999999991,1.145665598254212,0.009000000000000119
2682,3B004CDB63,81-2025-02-15,2025-02-15 13:10:47.966,0.1012702462445025,0.014191105729013142,0.043999999999999984,0.008089111326728642,0.025000000000000022,0.006626167871478179,0.01899999999999996,1.2207827334933044,0.006000000000000061
2683,3B00199DE5,83-2025-02-15,2025-02-15 13:11:45.965,0.1123533740676661,0.014952558996361994,0.05399999999999994,0.0058433660722310024,0.02300000000000002,0.00953023174135991,0.030999999999999917,0.6131399771604282,-0.007999999999999896
2684,3B0018C2F6,88-2025-02-15,2025-02-15 13:13:18.965,0.1576520521087552,0.024956354232771188,0.052999999999999936,0.013799445195540664,0.028999999999999915,0.012026405403724148,0.02400000000000002,1.147428906002742,0.004999999999999893
2685,3B00182DFC,91-2025-02-15,2025-02-15 13:14:48.964,0.1144449634497805,0.012146866246125675,0.061,0.007697227555183915,0.04300000000000004,0.004854301663853329,0.01799999999999996,1.5856508491221126,0.025000000000000078
2686,3B0018C2F6,92-2025-02-15,2025-02-15 13:15:34.963,0.1590066457197369,0.027314463147550858,0.06500000000000006,0.01575210984813506,0.04300000000000004,0.012488967499906977,0.02200000000000002,1.2612819953492862,0.02100000000000002
2687,3B0019F652,93-2025-02-15,2025-02-15 13:16:02.963,0.1095377891801565,0.0097409734438398,0.07599999999999985,0.00396370401545384,0.050999999999999934,0.006279639422100422,0.02499999999999991,0.6311993012694437,0.026000000000000023
2688,3B0019248A,94-2025-02-15,2025-02-15 13:17:26.961,0.1169316465096806,0.016547649548074507,0.050000000000000044,0.007137135305784126,0.02300000000000013,0.009938739754960466,0.026999999999999913,0.7181127066157409,-0.0039999999999997815
2689,3B0018C2F6,95-2025-02-15,2025-02-15 13:17:38.964,0.1576520521087552,0.010932448819116885,0.039000000000000035,0.006248392749523173,0.02300000000000002,0.00514925885602855,0.016000000000000014,1.2134547755756735,0.007000000000000006
2690,3B0019F652,97-2025-02-15,2025-02-15 13:18:33.963,0.0905389973583477,0.008175434059667539,0.05399999999999994,0.00504344989686578,0.03599999999999992,0.0034079670495099773,0.018000000000000016,1.4798998416346085,0.017999999999999905
2691,3B004ACEEA,99-2025-02-15,2025-02-15 13:21:16.961,0.0977517369156262,0.012397295266462893,0.04300000000000004,0.007610612714328791,0.028000000000000025,0.005302492163196537,0.015000000000000013,1.435289761888273,0.013000000000000012
2692,3B00182A81,100-2025-02-15,2025-02-15 13:22:30.961,0.0991547467342567,0.01373983121024759,0.050000000000000044,0.008198679219270276,0.031000000000000028,0.006029758538416355,0.019000000000000017,1.359702742163795,0.01200000000000001
2693,3B004CA42C,102-2025-02-15,2025-02-15 13:27:09.958,0.1100705817455566,0.015390202024092412,0.05800000000000005,0.00607433294635843,0.025000000000000133,0.009742756119191315,0.03299999999999992,0.623471723200911,-0.007999999999999785
2694,3B004CA42C,104-2025-02-15,2025-02-15 13:30:55.958,0.1048851228157439,0.006321378403895479,0.04700000000000004,0.004217187524251939,0.03200000000000003,0.002313482277727379,0.015000000000000013,1.8228743590785754,0.017000000000000015
