,id,event2,datetime,bodyweight,impulse,duration,left_impulse,left_duration,right_impulse,right_duration,impulse_ratio,impulse_time_diff
0,3B00485E69,2-2024-12-12,2024-12-12 08:10:02.198,0.1003716349868282,0.011352113455113375,0.056999999999999995,0.006653191532528569,0.033999999999999975,0.005024127544219728,0.02300000000000002,1.3242481354166822,0.010999999999999954
1,3B0018A99B,3-2024-12-12,2024-12-12 08:10:08.199,0.0957532417517765,0.012700426938607366,0.052999999999999936,0.0057469327702440575,0.027000000000000024,0.007342698686749461,0.025999999999999912,0.7826731036389792,0.001000000000000112
2,3B0019B8CC,6-2024-12-12,2024-12-12 08:10:49.196,0.15180369451217,0.023051487022251356,0.06099999999999994,0.015772232969119327,0.04299999999999993,0.007935027200822538,0.018000000000000016,1.9876721994707707,0.02499999999999991
3,3B00485E69,7-2024-12-12,2024-12-12 08:10:57.198,0.1003716349868282,0.010503565626444165,0.061999999999999944,0.006702406139687446,0.039999999999999925,0.00405602677116592,0.02200000000000002,1.6524560901161938,0.017999999999999905
4,3B00190DF0,8-2024-12-12,2024-12-12 08:11:14.199,0.1906751993966664,0.02272536286122101,0.05500000000000005,0.015406458352105997,0.040000000000000036,0.008128008582509444,0.015000000000000013,1.8954776186209934,0.025000000000000022
5,3B0018A99B,10-2024-12-12,2024-12-12 08:11:52.199,0.0900283078525872,0.010540216392180439,0.04899999999999993,0.007180731681817669,0.03299999999999992,0.0037102709452711343,0.016000000000000014,1.935365850024984,0.016999999999999904
6,3B0019B8CC,12-2024-12-12,2024-12-12 08:12:39.199,0.1236071218042097,0.025090184349418156,0.062000000000000055,0.01620401375286019,0.04200000000000004,0.009564319972463224,0.020000000000000018,1.6942149362958796,0.02200000000000002
7,3B00192E1E,15-2024-12-12,2024-12-12 08:14:10.200,0.0925595481434056,0.01012698839165552,0.07000000000000006,0.006911325899736701,0.05499999999999994,0.0035565568436070017,0.015000000000000124,1.9432631625612786,0.039999999999999813
8,3B00190DF0,16-2024-12-12,2024-12-12 08:14:18.199,0.1690468732225562,0.023653547341802847,0.06700000000000017,0.016088829666826853,0.052000000000000046,0.008371543480834312,0.015000000000000124,1.9218474709783664,0.03699999999999992
9,3B00190DF0,19-2024-12-12,2024-12-12 08:15:47.203,0.171130492337593,0.02559596205343963,0.06299999999999994,0.01756608686463607,0.04800000000000004,0.008923871054594273,0.014999999999999902,1.9684379970497812,0.03300000000000014
10,3B00199DE5,21-2024-12-12,2024-12-12 08:17:06.201,0.1056314595246609,0.010971172777363957,0.052999999999999936,0.007018231348466218,0.03399999999999981,0.004285247779841601,0.019000000000000128,1.6377655876705546,0.01499999999999968
11,01103F9A64,23-2024-12-12,2024-12-12 08:18:14.203,0.1759666147760053,0.02704112684082053,0.05400000000000005,0.016532306030076795,0.03500000000000014,0.011381200069725761,0.018999999999999906,1.4525977865948503,0.016000000000000236
12,3B00192E1E,24-2024-12-12,2024-12-12 08:18:29.204,0.1007525158752752,0.008220055327462403,0.07500000000000007,0.002038599954598184,0.020000000000000018,0.006329020047337168,0.05500000000000005,0.32210357043439786,-0.03500000000000003
13,01103F97C4,26-2024-12-12,2024-12-12 08:19:02.204,0.1563245354636973,0.021326610655879173,0.08099999999999996,0.010504377342263244,0.05500000000000016,0.011463699918149089,0.0259999999999998,0.9163164961805162,0.02900000000000036
14,3B0018C6F9,27-2024-12-12,2024-12-12 08:19:21.203,0.0940380930727395,0.011895822482597036,0.04999999999999999,0.007074210718777269,0.032999999999999974,0.0052870680205751065,0.017000000000000015,1.3380215066738945,0.01599999999999996
15,01103F9A64,28-2024-12-12,2024-12-12 08:19:59.203,0.1759666147760053,0.02618786702024092,0.053999999999999826,0.017239228298470514,0.038000000000000034,0.009866517957218077,0.015999999999999792,1.7472454186189121,0.02200000000000024
16,01103F97C4,31-2024-12-12,2024-12-12 08:21:12.205,0.155154530578441,0.02150895882992688,0.06299999999999972,0.015557377005001982,0.04699999999999971,0.006535469915920938,0.016000000000000014,2.3804526996754958,0.030999999999999694
17,01103F97C4,32-2024-12-12,2024-12-12 08:46:08.931,0.1541020392611531,0.020469257776507956,0.07000000000000006,0.013895014397555886,0.05400000000000005,0.007244357075800582,0.016000000000000014,1.918046591597686,0.038000000000000034
18,01103F97C4,33-2024-12-12,2024-12-12 08:47:29.793,0.1454097309290527,0.024064010316938486,0.07100000000000017,0.014869931320577819,0.05500000000000016,0.010131044113596879,0.016000000000000014,1.4677590141593477,0.039000000000000146
19,01103F97C4,34-2024-12-12,2024-12-12 08:48:53.707,0.1538276144547512,0.019869556936608565,0.05400000000000027,0.0138454204419174,0.039000000000000146,0.0066720968975747886,0.015000000000000124,2.075122806886994,0.02400000000000002
20,3B0018A99B,36-2024-12-12,2024-12-12 08:49:48.708,0.0909047652974699,0.01420484271926937,0.052000000000000046,0.00630098134931195,0.025000000000000355,0.008330466243385296,0.02699999999999969,0.7563779943667819,-0.0019999999999993356
21,01103F97C4,38-2024-12-12,2024-12-12 08:52:20.710,0.1830689426539151,0.01993951062263819,0.05300000000000016,0.01347700741780654,0.037000000000000144,0.007093521234869875,0.016000000000000014,1.8999037250437958,0.02100000000000013
22,01103F97C4,40-2024-12-12,2024-12-12 08:54:56.712,0.1551487991080589,0.020288935748825437,0.05799999999999983,0.013884361432229094,0.041999999999999815,0.007034068295194575,0.016000000000000014,1.9738735607264997,0.0259999999999998
23,3B0018C6F9,42-2024-12-12,2024-12-12 09:02:52.718,0.0960000556949006,0.010864598129039584,0.050999999999999934,0.006566730925794245,0.03400000000000003,0.004715001413046953,0.016999999999999904,1.39273148627768,0.017000000000000126
24,3B00192E1E,43-2024-12-12,2024-12-12 09:03:12.719,0.0948046991302478,0.011997703874356327,0.05800000000000005,0.0052249675422449205,0.030000000000000027,0.007125324483814513,0.028000000000000025,0.7332953824227463,0.0020000000000000018
25,01103FA4B2,44-2024-12-12,2024-12-12 09:05:17.720,0.0957187474240355,0.01226463916097815,0.05899999999999994,0.00752882826819141,0.040999999999999925,0.0051752274279231614,0.018000000000000016,1.4547821082353394,0.02299999999999991
26,3B00190DF0,46-2024-12-12,2024-12-12 09:07:29.723,0.1906751993966664,0.02485233987198962,0.05800000000000005,0.016803389269833505,0.04200000000000004,0.008868634684753391,0.016000000000000014,1.8946985491150325,0.026000000000000023
27,3B00190DF0,48-2024-12-12,2024-12-12 09:09:07.721,0.1906751993966663,0.02345502903414167,0.07000000000000006,0.016064062078173288,0.05499999999999994,0.008181555298176628,0.015000000000000124,1.9634484511463715,0.039999999999999813
28,3B0018C2F6,51-2024-12-12,2024-12-12 09:12:09.725,0.1599103303268931,0.029416909389271686,0.05799999999999983,0.01912320349207141,0.03799999999999981,0.011083449924208707,0.020000000000000018,1.7253836686988682,0.017999999999999794
29,3B0018A99B,52-2024-12-12,2024-12-12 09:13:07.728,0.0957532417517765,0.00429689213645098,0.03399999999999992,0.002467837295007416,0.019999999999999907,0.0020324200673934394,0.014000000000000012,1.2142358435637743,0.005999999999999894
30,3B0019B8CC,55-2024-12-12,2024-12-12 09:15:44.728,0.1572272238629591,0.019823794924567727,0.05399999999999994,0.011697697436071646,0.03500000000000003,0.008802879552665812,0.018999999999999906,1.32884897107665,0.016000000000000125
31,3B0019B8CC,56-2024-12-12,2024-12-12 09:17:05.727,0.1571938658585049,0.02042558087346327,0.06799999999999984,0.011859638334345042,0.04100000000000015,0.00908437838562237,0.02699999999999969,1.305498057315073,0.014000000000000457
32,01103F97C4,62-2024-12-12,2024-12-12 09:20:09.730,0.1830689426539151,0.018262227460644716,0.06500000000000017,0.011587673126066872,0.04700000000000015,0.007298480171306915,0.018000000000000016,1.5876830318211175,0.029000000000000137
33,3B0019B8CC,63-2024-12-12,2024-12-12 09:21:57.731,0.1655222122526258,0.023474556528505875,0.05899999999999994,0.01223973951281744,0.03400000000000003,0.01193356879370279,0.02499999999999991,1.0256562579398891,0.009000000000000119
34,3B0019B8CC,64-2024-12-12,2024-12-12 09:22:29.731,0.1518122563305938,0.024131833635533607,0.07299999999999995,0.017269127504713697,0.05400000000000005,0.0074407375440117395,0.018999999999999906,2.320889213275878,0.03500000000000014
35,01103FA4B2,66-2024-12-12,2024-12-12 09:24:27.732,0.098222119807347,0.012349971032841108,0.04899999999999993,0.0078455613749789,0.03299999999999992,0.004971298242590707,0.016000000000000014,1.5781715343013336,0.016999999999999904
36,3B00192E1E,68-2024-12-12,2024-12-12 09:29:07.737,0.1007525158752752,0.012165160702977556,0.05500000000000016,0.005320281959515475,0.027000000000000135,0.007210165984643472,0.028000000000000025,0.737886197189752,-0.0009999999999998899
37,3B0019B8CC,70-2024-12-12,2024-12-12 09:29:57.738,0.1321772210951913,0.024166133802084603,0.07000000000000006,0.015704313842663305,0.052000000000000046,0.009181911746675594,0.018000000000000016,1.7103533856496949,0.03400000000000003
38,01103FA4B2,71-2024-12-12,2024-12-12 09:30:00.736,0.0998638530150309,0.012590964714427184,0.06299999999999994,0.007642002462883924,0.041999999999999815,0.005346288692177644,0.02100000000000013,1.4294032557697878,0.020999999999999686
39,3B0018C6F9,73-2024-12-12,2024-12-12 09:32:23.738,0.0977696388825897,0.011950828988370852,0.07499999999999996,0.005490173836825745,0.05499999999999994,0.006974371640063308,0.020000000000000018,0.7871926132080781,0.03499999999999992
40,3B0018C6F9,74-2024-12-12,2024-12-12 09:32:55.737,0.0987089112257854,0.014134783923131444,0.040000000000000036,0.0069540941558695335,0.019000000000000128,0.0077355222499842025,0.020999999999999908,0.8989818568337432,-0.0019999999999997797
41,3B00192E1E,75-2024-12-12,2024-12-12 09:33:02.739,0.0965485915430936,0.009737180969509991,0.06599999999999995,0.006088035825082218,0.04799999999999993,0.003971919952245168,0.018000000000000016,1.5327690130413867,0.029999999999999916
42,3B001874E8,76-2024-12-12,2024-12-12 09:33:26.738,0.0996212151425038,0.012783700120631614,0.07099999999999973,0.008691797677890016,0.054999999999999716,0.004505187329765711,0.016000000000000014,1.9292866293180368,0.0389999999999997
43,3B001874E8,77-2024-12-12,2024-12-12 09:34:33.739,0.1009690872903297,0.010945288879656637,0.05699999999999994,0.007645036227479035,0.042999999999999705,0.003689882944028273,0.014000000000000234,2.0718912614428064,0.02899999999999947
44,3B001874E8,78-2024-12-12,2024-12-12 09:35:57.740,0.1018111252855716,0.009257422085626112,0.062000000000000055,0.005624469696722369,0.04400000000000004,0.003972918306660629,0.018000000000000016,1.4157023282590284,0.026000000000000023
45,3B001874E8,79-2024-12-12,2024-12-12 09:37:03.741,0.1012087837868147,0.009862930018571765,0.06699999999999973,0.007589231449429658,0.054999999999999716,0.0025726901276980794,0.01200000000000001,2.9499205394860906,0.042999999999999705
46,3B001874E8,80-2024-12-12,2024-12-12 09:38:57.734,0.1017470288828172,0.011715602863735717,0.057000000000000384,0.007738562969662282,0.04100000000000037,0.004391855323774017,0.016000000000000014,1.7620259319044156,0.025000000000000355
47,3B0019B8CC,82-2024-12-12,2024-12-12 09:43:21.690,0.1633288520650801,0.02232904743078881,0.05699999999999994,0.014178654669718394,0.038000000000000034,0.008834612365081587,0.018999999999999906,1.6048983343919987,0.019000000000000128
48,3B0019B8CC,86-2024-12-12,2024-12-12 09:45:59.691,0.157227223862959,0.01953436545048936,0.05899999999999994,0.013440987784642719,0.04400000000000004,0.006746743212012337,0.014999999999999902,1.99221866940356,0.029000000000000137
49,3B004CD4DE,87-2024-12-12,2024-12-12 09:46:09.694,0.0976341387270341,0.012225580074367285,0.052999999999999936,0.007509526450695841,0.03400000000000025,0.0051242214414068425,0.018999999999999684,1.4654960829784356,0.015000000000000568
50,3B00192E1E,88-2024-12-12,2024-12-12 09:47:10.693,0.0987010746926538,0.009339743174828545,0.07099999999999995,0.005858944736610395,0.05499999999999994,0.0038335677018639922,0.016000000000000014,1.5283269247499152,0.038999999999999924
51,3B00192E1E,89-2024-12-12,2024-12-12 09:48:32.693,0.0966401887879415,0.009505484112699775,0.06999999999999984,0.00621805893099363,0.05499999999999994,0.0036354348291056404,0.014999999999999902,1.71040308059197,0.040000000000000036
52,3B00192E1E,90-2024-12-12,2024-12-12 09:49:22.695,0.1007525158752752,0.012811460699884905,0.062000000000000055,0.007506171871928746,0.041000000000000036,0.0056857367389339135,0.02100000000000002,1.3201757690483868,0.020000000000000018
53,01103FA4B2,91-2024-12-12,2024-12-12 09:49:38.696,0.1028782571970058,0.012139886857911699,0.06300000000000006,0.008598271896523303,0.04600000000000004,0.003903795523241869,0.017000000000000015,2.202541563801721,0.029000000000000026
54,3B0018C2F6,93-2024-12-12,2024-12-12 09:50:15.694,0.1667305440480093,0.02482870319880014,0.05500000000000016,0.013983377567374401,0.03299999999999992,0.011690983482643786,0.02200000000000024,1.1960822276529481,0.010999999999999677
55,3B0018A99B,96-2024-12-12,2024-12-12 09:57:00.699,0.0957532417517765,0.0046607841388472335,0.035999999999999976,0.002709354834050667,0.021999999999999964,0.0021656830553102194,0.014000000000000012,1.25103940182169,0.007999999999999952
56,3B0018A99B,98-2024-12-12,2024-12-12 09:57:23.699,0.0957532417517765,0.00034502475460818283,0.02299999999999991,0.0001738746755051983,0.010999999999999899,0.0001921206872237356,0.01200000000000001,0.9050283861555796,-0.001000000000000112
57,01103FA4B2,99-2024-12-12,2024-12-12 09:58:46.700,0.1028782571970058,0.004255121161659462,0.03400000000000003,0.0022167175143939684,0.017000000000000126,0.002231955847411666,0.016999999999999904,0.9931726548106367,2.220446049250313e-16
58,3B00199DE5,102-2024-12-12,2024-12-12 10:04:24.703,0.1056314595246609,0.015015477966213567,0.08200000000000002,0.005427335259461603,0.05499999999999999,0.010107527318726642,0.027000000000000024,0.5369597418159979,0.02799999999999997
59,3B0018C6F9,103-2024-12-12,2024-12-12 10:04:31.703,0.0940380930727395,0.006058164015691645,0.038000000000000034,0.003136700619460861,0.018999999999999906,0.0031554690600127137,0.019000000000000128,0.9940520917192016,-2.220446049250313e-16
60,01103F97C4,105-2024-12-12,2024-12-12 10:05:33.705,0.1830689426539151,0.022190484833471184,0.07299999999999995,0.01256218618012009,0.051999999999999824,0.010349458601674962,0.02100000000000013,1.213801287932783,0.030999999999999694
61,3B0019F652,106-2024-12-12,2024-12-12 10:19:32.939,0.0882824483691724,0.005249941860904107,0.04800000000000004,0.0034619842048119057,0.03299999999999992,0.001967358131765402,0.015000000000000124,1.7597122501053257,0.017999999999999794
62,01103F97C4,107-2024-12-12,2024-12-12 10:27:21.946,0.1830689426539151,0.017745197467553767,0.05600000000000005,0.012190949969087464,0.040999999999999925,0.006148414340925482,0.015000000000000124,1.9827795091721874,0.0259999999999998
63,3B0019F652,108-2024-12-12,2024-12-12 10:28:13.944,0.0878671600002787,0.009402937130591326,0.06099999999999994,0.005421059438771506,0.040000000000000036,0.004273185874324282,0.020999999999999908,1.268622427904271,0.019000000000000128
64,3B0019F652,109-2024-12-12,2024-12-12 10:29:28.948,0.0887226556464631,0.008892077340279511,0.05600000000000005,0.005558818155169293,0.039000000000000146,0.003649132117775823,0.016999999999999904,1.5233260884391986,0.02200000000000024
65,3B001857EE,110-2024-12-12,2024-12-12 10:29:36.947,0.0917963177164509,0.010799996224786656,0.06599999999999984,0.007223446735513587,0.052000000000000046,0.004005142104108517,0.01399999999999979,1.8035431821766574,0.038000000000000256
66,3B00190DF0,114-2024-12-12,2024-12-12 10:34:24.949,0.1906751993966664,0.028540266603958066,0.06699999999999995,0.01947746512918283,0.051000000000000156,0.010008022699867492,0.015999999999999792,1.9461851469861988,0.035000000000000364
67,01103F88A1,116-2024-12-12,2024-12-12 11:15:18.921,0.1192401311160238,0.012535626043591945,0.07,0.005109910361815757,0.03699999999999998,0.00770997480011274,0.03300000000000003,0.6627661560892568,0.003999999999999948
68,3B00190DF0,118-2024-12-12,2024-12-12 11:18:48.924,0.1887009468288907,0.031503876710360555,0.052000000000000046,0.014095194500391548,0.02499999999999991,0.018270517208936826,0.027000000000000135,0.7714721121029369,-0.002000000000000224
69,01103FA4B2,119-2024-12-12,2024-12-12 11:47:52.900,0.1028782571970057,0.023569165991329535,0.07200000000000006,0.015919363733104964,0.05499999999999994,0.008406811505316941,0.017000000000000126,1.8936268195185133,0.03799999999999981
70,01103FD2E8,121-2024-12-12,2024-12-12 11:48:39.901,0.1370626531250129,0.016761100933249427,0.09499999999999997,0.009031200849768096,0.05499999999999999,0.00827676643517613,0.03999999999999998,1.0911508643503134,0.015000000000000013
71,3B0019B8CC,122-2024-12-12,2024-12-12 11:48:54.901,0.157227223862959,0.024002650120724417,0.08099999999999996,0.010923398496947727,0.05499999999999994,0.013758670840025715,0.026000000000000023,0.793928325196223,0.028999999999999915
72,3B0019B8CC,126-2024-12-12,2024-12-12 11:50:32.902,0.157227223862959,0.022044912868551456,0.07899999999999996,0.012516482754004575,0.05499999999999994,0.010166696774671304,0.02400000000000002,1.231125805304569,0.030999999999999917
73,3B00192E1E,127-2024-12-12,2024-12-12 11:50:50.901,0.1007525158752752,0.009974823604722526,0.061,0.006465318696499708,0.043999999999999984,0.0038332922397177555,0.017000000000000015,1.6866229580700447,0.02699999999999997
74,01103FD2E8,129-2024-12-12,2024-12-12 11:51:02.902,0.1370626531250129,0.0156167557329336,0.088,0.005810546935296092,0.05400000000000002,0.0103762274437594,0.033999999999999975,0.559986465870189,0.020000000000000046
75,01103F97C4,132-2024-12-12,2024-12-12 11:52:30.902,0.1560198741991211,0.022188846643188348,0.07000000000000006,0.015683512625582947,0.05499999999999994,0.007253322047396183,0.015000000000000124,2.1622523476967435,0.039999999999999813
76,3B0019F652,134-2024-12-12,2024-12-12 11:53:06.902,0.0897305857900529,0.009747146211585823,0.06499999999999995,0.005618702011790452,0.04200000000000004,0.004429713053505379,0.02299999999999991,1.2684121846999066,0.019000000000000128
77,3B001874E8,138-2024-12-12,2024-12-12 11:55:16.903,0.1021516515268415,0.011500510971355146,0.0690000000000004,0.008246456415499205,0.05500000000000016,0.00365623430994525,0.014000000000000234,2.2554507497148593,0.040999999999999925
78,3B00190DF0,141-2024-12-12,2024-12-12 11:56:08.903,0.1906751993966663,0.026173563585234778,0.050000000000000044,0.017192472589072364,0.03500000000000014,0.009956738742974565,0.014999999999999902,1.7267172548042704,0.02000000000000024
79,3B0018A99B,142-2024-12-12,2024-12-12 11:56:12.905,0.0957532417517765,0.004624989299905695,0.038000000000000034,0.0029896971206400448,0.02499999999999991,0.0018346836490625816,0.013000000000000123,1.6295436666520733,0.011999999999999789
80,3B0018A99B,144-2024-12-12,2024-12-12 11:58:39.904,0.0957532417517765,0.0033547963404138184,0.03300000000000003,0.0020987531500194713,0.02100000000000002,0.0014324922566800607,0.01200000000000001,1.4651061045757654,0.009000000000000008
81,01103FD2E8,145-2024-12-12,2024-12-12 11:59:12.905,0.1370626531250129,0.02096365200043435,0.07100000000000006,0.014576590023787007,0.05500000000000005,0.007028066548688601,0.016000000000000014,2.074054069181647,0.039000000000000035
82,01103FA4B2,146-2024-12-12,2024-12-12 11:59:59.907,0.1028782571970057,0.011402825240003552,0.06700000000000006,0.006237493268165508,0.04500000000000004,0.005535216116675661,0.02200000000000002,1.1268743869591888,0.02300000000000002
83,3B0019B8CC,148-2024-12-12,2024-12-12 12:00:45.905,0.1572272238629591,0.023448613114314617,0.063,0.014143850162083029,0.04299999999999998,0.010015029719592089,0.020000000000000018,1.4122624253839065,0.022999999999999965
84,01103FD2E8,150-2024-12-12,2024-12-12 12:01:42.907,0.1641585967103815,0.020144577804059254,0.06899999999999995,0.01475636245429349,0.05499999999999994,0.006018543379369062,0.014000000000000012,2.4518162492401,0.040999999999999925
85,3B001874E8,151-2024-12-12,2024-12-12 12:02:25.906,0.1010654899708271,0.01607152457782266,0.05600000000000005,0.007010054724694511,0.028000000000000025,0.009532405367195853,0.028000000000000025,0.7353920080673886,0.0
86,3B00190DF0,152-2024-12-12,2024-12-12 12:02:58.907,0.1833090116461869,0.026587635344657502,0.06000000000000005,0.01747450151838522,0.04499999999999993,0.010074076360516568,0.015000000000000124,1.7346008599729517,0.029999999999999805
87,3B00192E1E,153-2024-12-12,2024-12-12 12:03:56.906,0.1007525158752752,0.011748159936851325,0.05899999999999994,0.005509352750937033,0.03299999999999992,0.006581949730510962,0.026000000000000023,0.8370396275435149,0.006999999999999895
88,01103F9A64,155-2024-12-12,2024-12-12 12:04:49.908,0.1878729204617691,0.03369258151748769,0.08299999999999996,0.01367398667022043,0.05499999999999994,0.021019303465987862,0.028000000000000025,0.6505442338918047,0.026999999999999913
89,3B0018A99B,158-2024-12-12,2024-12-12 12:06:17.907,0.0947375906657602,0.012570687228406775,0.04899999999999993,0.005548698496457494,0.02400000000000002,0.0074286287136839275,0.02499999999999991,0.7469344222624154,-0.0009999999999998899
90,3B00190DF0,159-2024-12-12,2024-12-12 12:06:42.908,0.1855193357304989,0.025007229022028253,0.07000000000000006,0.017261492751407124,0.05400000000000005,0.008562141580757385,0.016000000000000014,2.016025148451261,0.038000000000000034
91,3B0018A99B,160-2024-12-12,2024-12-12 12:07:02.908,0.0957532417517765,0.01047230019683084,0.05300000000000016,0.0069585259245966945,0.038000000000000034,0.003892173312497925,0.015000000000000124,1.7878253011633853,0.02299999999999991
92,3B004AB6A7,161-2024-12-12,2024-12-12 12:08:59.909,0.1102171940244457,0.011969057502496758,0.057999999999999996,0.007551591010168655,0.04099999999999998,0.004834354073102735,0.017000000000000015,1.5620682506860677,0.023999999999999966
93,01103F97C4,162-2024-12-12,2024-12-12 12:10:05.911,0.1830689426539151,0.017132756636702964,0.06499999999999995,0.011174786231909224,0.04999999999999982,0.006590163023401284,0.015000000000000124,1.6956767521878002,0.0349999999999997
94,01103F97C4,163-2024-12-12,2024-12-12 12:11:47.909,0.1830689426539151,0.018574304757377758,0.05699999999999994,0.011659778780612941,0.040000000000000036,0.007605109289639805,0.016999999999999904,1.5331507196742962,0.02300000000000013
95,3B0019B8CC,164-2024-12-12,2024-12-12 12:13:07.910,0.1572272238629591,0.024979613011185946,0.08399999999999985,0.01348017228514816,0.05499999999999994,0.01216119125494766,0.028999999999999915,1.108458209607047,0.026000000000000023
96,3B004AB6A7,165-2024-12-12,2024-12-12 12:13:33.912,0.1076777756434533,0.01405306612193438,0.05300000000000005,0.008435616031225213,0.03399999999999992,0.0060923551509810235,0.019000000000000128,1.3846231583966122,0.014999999999999791
97,3B004AB6A7,167-2024-12-12,2024-12-12 12:14:26.910,0.1069624060132615,0.012050595800765685,0.052999999999999936,0.007916140406480726,0.038000000000000034,0.004596217930237773,0.014999999999999902,1.7223161579005473,0.02300000000000013
98,3B00191394,169-2024-12-12,2024-12-12 12:26:48.916,0.0939742604749692,0.011588191487360986,0.05500000000000016,0.007203124160241833,0.039000000000000146,0.0048284972654997205,0.016000000000000014,1.4917941885789496,0.02300000000000013
99,3B00182A81,170-2024-12-12,2024-12-12 12:26:52.917,0.1189321598688551,0.011873215080244491,0.046999999999999986,0.006777636488058723,0.027000000000000024,0.0055218066333780815,0.019999999999999962,1.2274309728793167,0.007000000000000062
100,01103F97C4,171-2024-12-12,2024-12-12 12:27:04.918,0.1830689426539151,0.01763106516473463,0.052000000000000046,0.0119134599776427,0.038000000000000034,0.006367030598507909,0.014000000000000012,1.871117123331334,0.02400000000000002
101,01103FA4B2,172-2024-12-12,2024-12-12 12:28:03.917,0.1028782571970058,0.005841149119037142,0.04400000000000004,0.0037368691008588585,0.029000000000000137,0.0023168974029092386,0.014999999999999902,1.6128763820817513,0.014000000000000234
102,3B00485E69,174-2024-12-12,2024-12-12 12:28:53.917,0.1003716349868282,0.003464457971703447,0.09700000000000003,0.0014929467201842408,0.05499999999999999,0.0020358455906665717,0.04200000000000004,0.7333300359461071,0.012999999999999956
103,01103FA4B2,175-2024-12-12,2024-12-12 12:29:04.917,0.1006549970875143,0.01276702605173005,0.05800000000000005,0.008460262011719247,0.04200000000000004,0.004739626233835681,0.016000000000000014,1.7850061575156175,0.026000000000000023
104,3B00190DF0,176-2024-12-12,2024-12-12 12:30:26.917,0.1856133638589373,0.0271942068788023,0.050999999999999934,0.017996107870324712,0.03499999999999992,0.010134857317151422,0.016000000000000014,1.775664649947221,0.018999999999999906
105,3B00190DF0,181-2024-12-12,2024-12-12 12:32:22.918,0.1906751993966664,0.02427808062885514,0.07199999999999984,0.014774851394590473,0.05400000000000005,0.01036854363750748,0.017999999999999794,1.4249688202250008,0.036000000000000254
106,01103FD2E8,185-2024-12-12,2024-12-12 12:37:50.921,0.1619570809674008,0.005680763298980349,0.04600000000000004,0.004025881004873363,0.03400000000000003,0.001872543430915202,0.01200000000000001,2.1499533406847187,0.02200000000000002
107,3B00182A81,186-2024-12-12,2024-12-12 12:37:57.921,0.1189321598688551,0.0012373255588964342,0.05099999999999999,0.0006751087207968367,0.019999999999999962,0.0006218950332843607,0.031000000000000028,1.085566992280744,-0.011000000000000065
108,3B001874E8,188-2024-12-12,2024-12-12 12:39:04.920,0.1018111252855716,0.011505329771640165,0.07,0.007667218736304652,0.05399999999999999,0.004268563724133674,0.016000000000000014,1.7962057572095285,0.03799999999999998
109,3B00192E1E,189-2024-12-12,2024-12-12 12:39:11.918,0.1007525158752752,0.013486938199802866,0.07300000000000001,0.00824167671229394,0.05199999999999999,0.00564403085978435,0.02100000000000002,1.4602465714740693,0.030999999999999972
110,01103FD2E8,191-2024-12-12,2024-12-12 12:40:23.915,0.137062653125013,0.02422215338273016,0.07200000000000006,0.015835649116104182,0.05400000000000005,0.0091490412315785,0.018000000000000016,1.7308533993099111,0.03600000000000003
111,3B004CD4DE,193-2024-12-12,2024-12-12 12:41:10.912,0.09922631168994,0.01206706154115714,0.051000000000000156,0.007355789273665732,0.03299999999999992,0.00513191567812716,0.018000000000000238,1.4333418035329357,0.01499999999999968
112,3B001874E8,194-2024-12-12,2024-12-12 12:41:17.912,0.1059989521269484,0.010238567387338424,0.06800000000000006,0.007553836161572203,0.054999999999999716,0.003044370739146451,0.013000000000000345,2.4812471307913273,0.04199999999999937
113,3B001874E8,197-2024-12-12,2024-12-12 12:42:02.909,0.1018111252855716,0.015235355183457948,0.05400000000000005,0.007198143077119073,0.029000000000000026,0.008517568974729323,0.025000000000000022,0.8450936057547829,0.0040000000000000036
114,3B00182A81,198-2024-12-12,2024-12-12 12:42:30.906,0.1189321598688551,0.0030121982173390467,0.02899999999999997,0.0018465102719950137,0.018000000000000016,0.001328613948317314,0.010999999999999954,1.3898019619119715,0.007000000000000062
115,3B00192E1E,199-2024-12-12,2024-12-12 12:42:51.905,0.1007525158752752,0.009638508828681884,0.052000000000000046,0.006436189886663646,0.03600000000000003,0.0035227238264887223,0.016000000000000014,1.8270492390767186,0.020000000000000018
116,01103FD2E8,200-2024-12-12,2024-12-12 12:43:07.905,0.165386588875609,0.018529788810892026,0.06899999999999995,0.012851358714027643,0.05400000000000005,0.006280851670093579,0.014999999999999902,2.046117212928254,0.039000000000000146
117,3B0018C2F6,201-2024-12-12,2024-12-12 12:43:32.904,0.1600543004895258,0.0242147566209926,0.05400000000000005,0.014415274861113532,0.03300000000000003,0.010609254456868032,0.02100000000000002,1.3587453218054946,0.01200000000000001
118,01103F97C4,204-2024-12-12,2024-12-12 12:44:13.904,0.1830689426539151,0.014164220483013412,0.05099999999999971,0.005366992598438474,0.02499999999999991,0.009441165002264868,0.0259999999999998,0.5684671962783163,-0.0009999999999998899
119,3B00190DF0,205-2024-12-12,2024-12-12 12:44:48.904,0.1857658365385454,0.026617680307623834,0.054999999999999716,0.017833051896407288,0.040000000000000036,0.009746211652948845,0.01499999999999968,1.8297419070528456,0.025000000000000355
120,3B001874E8,206-2024-12-12,2024-12-12 12:45:01.902,0.1063067217352558,0.012678336777663939,0.07099999999999995,0.008246633865117384,0.05400000000000005,0.004847172479890061,0.016999999999999904,1.7013287435780347,0.037000000000000144
121,3B00190DF0,207-2024-12-12,2024-12-12 12:46:06.901,0.1875455709430434,0.0253099892949375,0.07100000000000017,0.01542453264907436,0.05500000000000016,0.010869780444396305,0.016000000000000014,1.4190289056874341,0.039000000000000146
122,3B0019B8CC,208-2024-12-12,2024-12-12 12:47:16.899,0.1703393821483474,0.01716946596435973,0.06099999999999994,0.011404337421750876,0.04599999999999982,0.0063863916545611335,0.015000000000000124,1.785724715709527,0.030999999999999694
123,3B00192E1E,210-2024-12-12,2024-12-12 12:48:09.897,0.103452274492277,0.003677841813901746,0.036000000000000476,0.0022240219123014276,0.02200000000000024,0.0016204204387022091,0.014000000000000234,1.3724968280964422,0.008000000000000007
124,01103FA4B2,211-2024-12-12,2024-12-12 12:50:12.897,0.1005708211810748,0.015333177439873518,0.06600000000000006,0.010921189707408357,0.051000000000000156,0.004890547700336959,0.014999999999999902,2.233122009352017,0.036000000000000254
125,01103FA4B2,212-2024-12-12,2024-12-12 12:50:48.897,0.1013297269824831,0.0140069682831808,0.07000000000000006,0.009208644758380891,0.05400000000000005,0.005276510345459931,0.016000000000000014,1.7452149537249153,0.038000000000000034
126,3B004CD4DE,214-2024-12-12,2024-12-12 12:52:36.897,0.1003986183690209,0.013378238446117002,0.050999999999999934,0.008280576970125783,0.03299999999999992,0.005541884071093478,0.018000000000000016,1.4941808352356836,0.014999999999999902
127,3B0018C6F9,215-2024-12-12,2024-12-12 12:52:58.896,0.0988657983328012,0.012632113372898181,0.052000000000000046,0.007162643780143979,0.03300000000000014,0.005966715709045024,0.018999999999999906,1.2004332248117724,0.014000000000000234
128,01103FA4B2,216-2024-12-12,2024-12-12 12:54:09.897,0.1014764006437628,0.013838208500337068,0.04699999999999993,0.010441553041895734,0.03499999999999992,0.003857197303919307,0.01200000000000001,2.7070310951648877,0.02299999999999991
129,3B0018C2F6,217-2024-12-12,2024-12-12 12:54:22.897,0.1589415771497812,0.018979329858633688,0.06899999999999995,0.012924111066757183,0.05500000000000016,0.006780298249171671,0.01399999999999979,1.906127222107978,0.04100000000000037
130,3B001874E8,218-2024-12-12,2024-12-12 12:54:55.897,0.106831938806446,0.010154205361063711,0.06800000000000006,0.0069712631218192605,0.052000000000000046,0.0034926550543322252,0.016000000000000014,1.9959781350787085,0.03600000000000003
131,3B00192E1E,219-2024-12-12,2024-12-12 12:57:17.897,0.1007525158752752,0.00031787778146802565,0.02200000000000002,0.00020024343379446708,0.014000000000000012,0.00014089724256860153,0.008000000000000007,1.421201935140572,0.006000000000000005
132,3B00191394,221-2024-12-12,2024-12-12 12:57:28.898,0.0969058694292921,0.010329894598339325,0.06999999999999984,0.007087108074099045,0.05499999999999994,0.003595258802811985,0.014999999999999902,1.9712372496121715,0.040000000000000036
133,3B00191394,224-2024-12-12,2024-12-12 12:58:28.899,0.0983799553102634,0.01128448206911283,0.07700000000000007,0.005859459552302693,0.05399999999999994,0.005759387373979111,0.02300000000000013,1.0173754901043308,0.030999999999999805
134,3B00185CB8,226-2024-12-12,2024-12-12 12:59:14.898,0.0985461603137759,0.0035820302615902073,0.03400000000000003,0.001976297138210345,0.018000000000000016,0.0017628257091284562,0.016000000000000014,1.121096162812051,0.0020000000000000018
135,01103F97C4,227-2024-12-12,2024-12-12 13:00:02.898,0.1830689426539151,0.02260394448638242,0.05399999999999999,0.013461218320923856,0.03300000000000003,0.00981319559337236,0.020999999999999963,1.3717466642584093,0.012000000000000066
136,01103FA4B2,228-2024-12-12,2024-12-12 13:00:19.899,0.1029305934338792,0.012217109030580991,0.05799999999999983,0.007586052266043858,0.041999999999999815,0.005089411747856927,0.016000000000000014,1.4905558131031997,0.0259999999999998
137,3B00190DF0,229-2024-12-12,2024-12-12 13:01:05.897,0.1906751993966664,0.025766561749933425,0.06999999999999995,0.017821267316082186,0.05500000000000005,0.008822885051368178,0.014999999999999902,2.019891136779416,0.04000000000000015
138,3B001874E8,231-2024-12-12,2024-12-12 13:02:15.898,0.1018111252855716,0.015400303561798764,0.05799999999999994,0.009733379623288326,0.039999999999999925,0.006212526283286267,0.018000000000000016,1.5667345584475527,0.02199999999999991
139,3B00190DF0,233-2024-12-12,2024-12-12 13:02:39.899,0.1906751993966663,0.02530395317306353,0.055999999999999994,0.01820227800267264,0.04200000000000004,0.007940957800247356,0.013999999999999957,2.292201830125032,0.02800000000000008
140,01103F9A64,235-2024-12-12,2024-12-12 13:03:17.900,0.1845973332583454,0.025405919634594078,0.05899999999999972,0.01625011465152797,0.042999999999999705,0.010097971800861808,0.016000000000000014,1.6092453981839312,0.02699999999999969
141,3B0018A99B,236-2024-12-12,2024-12-12 13:04:07.899,0.0957532417517765,0.004033836998937469,0.03600000000000003,0.002533627562885401,0.02300000000000013,0.001682680047695132,0.0129999999999999,1.5057096364551676,0.010000000000000231
142,01103F9A64,237-2024-12-12,2024-12-12 13:06:12.018,0.1759666147760053,0.029954081594161703,0.050000000000000044,0.018207888578521438,0.03200000000000003,0.012771808938199146,0.018000000000000016,1.425631143295884,0.014000000000000012
143,3B0019F652,240-2024-12-12,2024-12-12 13:13:28.022,0.0897976306630789,0.008969122139522327,0.05900000000000016,0.00549719145370212,0.03900000000000059,0.003764485103988056,0.019999999999999574,1.4602771167505626,0.019000000000001016
144,3B00191394,242-2024-12-12,2024-12-12 13:15:06.024,0.0977810845168654,0.015261570342941781,0.04799999999999982,0.0068684147339724165,0.02299999999999991,0.008883310350341013,0.02499999999999991,0.7731818953852886,-0.0020000000000000018
145,01103F97C4,244-2024-12-12,2024-12-12 13:16:26.024,0.1604687247171869,0.01978308586043412,0.07099999999999973,0.013507422591951992,0.054999999999999716,0.006918131807404191,0.016000000000000014,1.9524667884320381,0.0389999999999997
146,3B00192E1E,245-2024-12-12,2024-12-12 13:17:40.028,0.1035851593236415,0.0034718181492760652,0.03599999999999981,0.0019822412998956817,0.02100000000000013,0.0016384238471053019,0.01499999999999968,1.2098464651853194,0.006000000000000449
147,3B0018C6F9,247-2024-12-12,2024-12-12 13:18:20.025,0.0940380930727395,0.03215126148226794,0.07600000000000001,0.020801655564611988,0.05499999999999999,0.01217723042284975,0.02100000000000002,1.7082419271281166,0.033999999999999975
148,01103F9A64,248-2024-12-12,2024-12-12 13:19:01.025,0.1759666147760053,0.0305311519962198,0.05600000000000005,0.0175583656734211,0.0349999999999997,0.013996882976254793,0.02100000000000035,1.2544482727481707,0.013999999999999346
149,3B00190DF0,250-2024-12-12,2024-12-12 13:20:25.028,0.1906751993966663,0.026455483819547772,0.061,0.017087705243126135,0.044999999999999984,0.01031958932854985,0.016000000000000014,1.6558512842998345,0.02899999999999997
150,3B004AB6A7,251-2024-12-12,2024-12-12 13:21:02.027,0.1069156508181117,0.017584885871599357,0.04999999999999982,0.006747657381294381,0.020000000000000018,0.011378621996429167,0.029999999999999805,0.5930118236999109,-0.009999999999999787
151,3B004AB6A7,252-2024-12-12,2024-12-12 13:21:11.028,0.1102171940244457,0.013178350473940021,0.05600000000000005,0.008033042488637064,0.038000000000000034,0.005609084088346278,0.018000000000000016,1.4321487005921212,0.020000000000000018
152,3B00190DF0,255-2024-12-12,2024-12-12 13:22:23.027,0.1883814240494643,0.024395289295342494,0.05600000000000005,0.01664841541115446,0.04200000000000004,0.008676041233388089,0.014000000000000012,1.9188953767400518,0.028000000000000025
153,3B00192E1E,257-2024-12-12,2024-12-12 13:22:47.027,0.1007525158752752,0.011426930692683683,0.07499999999999996,0.006243145500768786,0.05400000000000005,0.0055562054589518885,0.020999999999999908,1.123634744411788,0.03300000000000014
154,3B004AB6A7,258-2024-12-12,2024-12-12 13:22:57.028,0.1102171940244457,9.52282623925456e-05,0.016000000000000014,6.98260275598769e-05,0.01100000000000001,3.246079613431351e-05,0.0050000000000000044,2.1510879545577604,0.006000000000000005
155,01103FD2E8,259-2024-12-12,2024-12-12 13:23:15.030,0.137062653125013,0.009083688301731941,0.07299999999999995,0.005027552040709033,0.05499999999999994,0.004390168325739808,0.018000000000000016,1.1451843454913124,0.03699999999999992
156,01103FA4B2,261-2024-12-12,2024-12-12 13:24:12.030,0.1028782571970058,0.01289379791069648,0.05500000000000005,0.008998289440394396,0.041000000000000036,0.004347158151902794,0.014000000000000012,2.0699245635808663,0.027000000000000024
157,3B00199DE5,262-2024-12-12,2024-12-12 13:24:27.028,0.1056314595246609,0.0022028913154052664,0.03400000000000003,0.0013908730546378103,0.02200000000000002,0.0009162311093525623,0.01200000000000001,1.5180373602689008,0.010000000000000009
158,3B00182A81,267-2024-12-12,2024-12-12 13:26:01.029,0.1189321598688551,0.002962757870251378,0.061,0.0016664151150397597,0.03999999999999998,0.001394313231798971,0.02100000000000002,1.1951511877210814,0.01899999999999996
159,3B0018A99B,268-2024-12-12,2024-12-12 13:26:34.029,0.0967036963055047,0.0028560172609385205,0.06599999999999998,0.002371215284995581,0.05400000000000002,0.0005435585070430727,0.011999999999999955,4.362392004303008,0.042000000000000065
160,01103FD2E8,271-2024-12-12,2024-12-12 13:28:15.031,0.137062653125013,0.00827398147609938,0.06799999999999995,0.005859242955793952,0.05499999999999994,0.002698764145100722,0.013000000000000012,2.1710837408414125,0.041999999999999926
161,3B00190DF0,272-2024-12-12,2024-12-12 13:28:46.031,0.1906751993966663,0.024310532659360853,0.05999999999999983,0.016822368953714622,0.04499999999999993,0.008318281283485864,0.014999999999999902,2.0223371127292573,0.030000000000000027
162,3B00190DF0,275-2024-12-12,2024-12-12 13:30:05.031,0.1887798959631551,0.0289112310056237,0.07100000000000017,0.019728987668484785,0.05500000000000016,0.010148842946838505,0.016000000000000014,1.9439642303885112,0.039000000000000146
163,3B00190DF0,276-2024-12-12,2024-12-12 13:32:25.036,0.1872158195033762,0.02653916196515823,0.06999999999999984,0.018532615658088288,0.054999999999999716,0.008897858188251331,0.015000000000000124,2.0828176023931944,0.03999999999999959
164,3B0018C2F6,277-2024-12-12,2024-12-12 13:33:04.032,0.1600543004895258,0.01173946084175503,0.07300000000000018,0.0062860764224486635,0.04400000000000004,0.006030731773396054,0.029000000000000137,1.0423405746843253,0.014999999999999902
165,01103F97C4,279-2024-12-12,2024-12-12 13:34:09.033,0.1830689426539151,0.02193139912026955,0.052999999999999936,0.014548454417511934,0.03699999999999992,0.008154573192445471,0.016000000000000014,1.7840853315278178,0.020999999999999908
166,3B00190DF0,280-2024-12-12,2024-12-12 13:34:27.033,0.1929587225660126,0.026243551626615402,0.05400000000000005,0.016296398606645918,0.038000000000000034,0.010940240157434106,0.016000000000000014,1.489583260708605,0.02200000000000002
167,3B0018C2F6,281-2024-12-12,2024-12-12 13:34:45.033,0.1600543004895258,0.030156122004132674,0.07200000000000006,0.021285641861366025,0.05499999999999994,0.009721993642385763,0.017000000000000126,2.1894317816219595,0.03799999999999981
168,3B001874E8,282-2024-12-12,2024-12-12 13:35:11.032,0.1069505851189074,0.01582482251115686,0.05400000000000027,0.0069541671287595246,0.027000000000000135,0.009344815868862082,0.027000000000000135,0.7441737992860349,0.0
169,01103FD2E8,283-2024-12-12,2024-12-12 13:35:22.033,0.137062653125013,0.00025640305741279977,0.016000000000000014,0.00017224350490569094,0.01100000000000001,0.00010914995367014788,0.0050000000000000044,1.578044690941531,0.006000000000000005
170,01103F97C4,284-2024-12-12,2024-12-12 13:35:31.033,0.1618735390415308,0.023263501854242905,0.04400000000000004,0.013168462774601975,0.02499999999999991,0.010956859618473806,0.019000000000000128,1.2018464444318786,0.005999999999999783
171,01103F97C4,286-2024-12-12,2024-12-12 13:36:35.034,0.1672016585165173,0.022788295566052223,0.051000000000000156,0.014478872810200306,0.03500000000000014,0.009141209314423838,0.016000000000000014,1.583912184064554,0.019000000000000128
172,3B00182A81,287-2024-12-12,2024-12-12 13:36:42.033,0.1189321598688551,0.0018663495175117607,0.03500000000000014,0.001269981562595302,0.027000000000000135,0.0007168103662210558,0.008000000000000007,1.771712048879124,0.019000000000000128
173,3B001874E8,289-2024-12-12,2024-12-12 13:38:53.032,0.1071421793435863,0.010783906849006548,0.06300000000000061,0.008251011073153446,0.04999999999999982,0.0028648089031694354,0.013000000000000789,2.880126162699743,0.036999999999999034
174,01103F97C4,290-2024-12-12,2024-12-12 13:39:36.030,0.1662749270029335,0.0221564576810293,0.052000000000000046,0.013867226265958977,0.03499999999999992,0.009080080411632916,0.017000000000000126,1.5272140374652436,0.017999999999999794
175,3B001877B5,291-2024-12-12,2024-12-12 13:40:00.028,0.1807590243133703,0.019600584325710192,0.07199999999999984,0.013435423249293048,0.05499999999999994,0.006757010103250165,0.016999999999999904,1.9883680864751887,0.038000000000000034
176,3B00191394,296-2024-12-12,2024-12-12 13:45:26.017,0.0966894107571034,0.010696443712234431,0.06099999999999994,0.007257644329035708,0.04599999999999993,0.003835447885559907,0.015000000000000013,1.892254710684518,0.030999999999999917
177,3B004AB6A7,298-2024-12-12,2024-12-12 13:48:12.013,0.1073551889897953,0.013666826971228055,0.05799999999999983,0.008171175918948621,0.040000000000000036,0.0059706205226067455,0.017999999999999794,1.3685639353581165,0.02200000000000024
178,01103F97C4,300-2024-12-12,2024-12-12 13:50:15.012,0.1694552779815086,0.02312913256923023,0.07099999999999973,0.016210083501298593,0.05500000000000016,0.0076204136652334685,0.01599999999999957,2.127192067702792,0.03900000000000059
179,3B00191394,303-2024-12-12,2024-12-12 13:54:51.011,0.0987111231988293,0.011836398486796873,0.07299999999999995,0.007256148809861025,0.052000000000000046,0.004965188315229348,0.020999999999999908,1.4614045528957655,0.03100000000000014
180,3B00192E1E,304-2024-12-12,2024-12-12 13:55:08.013,0.1056489895020206,0.010272260391090212,0.05600000000000005,0.006530778931817814,0.0389999999999997,0.0040826914127977025,0.017000000000000348,1.5996259015183654,0.021999999999999353
181,01103FA4B2,308-2024-12-12,2024-12-12 13:57:47.012,0.1027022749953175,0.005452841468259186,0.043999999999999595,0.003537375539630557,0.03000000000000025,0.0021265235647837367,0.013999999999999346,1.6634546629114364,0.016000000000000902
182,3B00191394,309-2024-12-12,2024-12-12 13:58:53.012,0.0966894107571034,0.011141258447844887,0.06699999999999995,0.0074304821945002444,0.050000000000000044,0.004079029710870696,0.016999999999999904,1.821629828951199,0.03300000000000014
183,01103FA4B2,310-2024-12-12,2024-12-12 13:59:30.013,0.1029657960890344,0.015104290002520764,0.051000000000000156,0.010570817860406057,0.03600000000000003,0.005019365426418346,0.015000000000000124,2.106006828028268,0.020999999999999908
184,3B0019B8CC,311-2024-12-12,2024-12-12 14:00:33.013,0.157227223862959,0.023760774064592465,0.05900000000000016,0.01401181748734096,0.037000000000000144,0.010452628682722016,0.02200000000000002,1.3405065761593742,0.015000000000000124
185,01103FD2E8,312-2024-12-12,2024-12-12 14:00:53.012,0.137062653125013,0.007360028262266574,0.049000000000000044,0.004544079193911346,0.03500000000000003,0.003123141854105296,0.014000000000000012,1.454970477225766,0.02100000000000002
186,3B00182A81,313-2024-12-12,2024-12-12 14:00:58.013,0.1054244479146065,0.004305179536518062,0.065,0.00269121675287156,0.04799999999999999,0.0017581443906849027,0.017000000000000015,1.5307142957827085,0.030999999999999972
187,3B0018A99B,315-2024-12-12,2024-12-12 14:16:58.022,0.0957532417517765,0.01393586492398411,0.052000000000000046,0.006124215813167763,0.025000000000000022,0.00823162755621556,0.027000000000000024,0.7439860187240217,-0.0020000000000000018
188,3B0018A99B,316-2024-12-12,2024-12-12 14:19:30.026,0.0957532417517765,0.012601940174040491,0.06500000000000006,0.007899850741092292,0.04599999999999993,0.005078500554248747,0.019000000000000128,1.5555478741620226,0.026999999999999802
189,3B0019F652,317-2024-12-12,2024-12-12 14:19:42.024,0.0989041678712658,0.0138566597185988,0.05499999999999999,0.007380377408002228,0.032999999999999974,0.006903644171849183,0.02200000000000002,1.06905530242955,0.010999999999999954
190,3B0018A99B,318-2024-12-12,2024-12-12 14:20:50.025,0.0980324180450671,0.01059918340042223,0.05999999999999983,0.006944983497616125,0.04499999999999993,0.004043106196825517,0.014999999999999902,1.7177346227188006,0.030000000000000027
191,3B0019F652,319-2024-12-12,2024-12-12 14:21:09.024,0.0898887910065373,0.014223141747913552,0.04700000000000015,0.00599806110964646,0.02100000000000013,0.008677389143165579,0.026000000000000023,0.6912287798422189,-0.004999999999999893
192,3B004CD4DE,321-2024-12-12,2024-12-12 14:21:55.026,0.0985805693196186,0.014933370199592412,0.062000000000000055,0.007279549019756667,0.03699999999999992,0.008089812419943837,0.025000000000000133,0.8998415095275109,0.011999999999999789
193,3B00191394,325-2024-12-12,2024-12-12 14:22:57.027,0.0966894107571034,0.013497416129676048,0.05699999999999994,0.009064654344113443,0.039999999999999925,0.004861497430176601,0.017000000000000015,1.864580712898609,0.02299999999999991
194,3B00192E1E,326-2024-12-12,2024-12-12 14:23:05.027,0.1007525158752752,0.008865496579399442,0.10999999999999999,0.003538123052778283,0.05500000000000005,0.0055919988438432105,0.05499999999999994,0.6327116924699931,1.1102230246251565e-16
195,01103F97C4,327-2024-12-12,2024-12-12 14:23:14.026,0.1830689426539151,0.021551071361862264,0.05699999999999994,0.014645980307243442,0.040999999999999925,0.007615971062753203,0.016000000000000014,1.9230614437167863,0.02499999999999991
196,01103F97C4,332-2024-12-12,2024-12-12 14:24:48.026,0.1830689426539151,0.024027191194168435,0.057999999999999996,0.009448264225947899,0.025999999999999968,0.01557449345560448,0.03200000000000003,0.6066498568881508,-0.006000000000000061
197,01103F97C4,333-2024-12-12,2024-12-12 14:24:55.028,0.1830689426539151,0.022725984414751238,0.052999999999999936,0.015396404380568494,0.038000000000000034,0.00811038346958449,0.014999999999999902,1.898357141596078,0.02300000000000013
198,3B004AB6A7,336-2024-12-12,2024-12-12 14:25:49.027,0.1065488670434615,0.012874647485652512,0.04999999999999982,0.008129417689994018,0.03399999999999981,0.0052413991192651254,0.016000000000000014,1.5510014606813247,0.017999999999999794
199,01103F9A64,338-2024-12-12,2024-12-12 14:26:21.027,0.1860436544664862,0.036694412108528286,0.05400000000000027,0.015970266029778593,0.025000000000000355,0.02170973067817894,0.028999999999999915,0.735627091211719,-0.0039999999999995595
200,3B00182A81,342-2024-12-12,2024-12-12 14:27:39.027,0.1189321598688551,0.012387514089617661,0.052000000000000046,0.007461380239255088,0.03299999999999992,0.0053584095647853155,0.019000000000000128,1.3924617275040319,0.01399999999999979
201,3B0019B8CC,344-2024-12-12,2024-12-12 14:28:58.028,0.157227223862959,0.024780426060645535,0.06900000000000017,0.015215155720931921,0.04700000000000015,0.010269141837107847,0.02200000000000002,1.481638481801031,0.025000000000000133
202,01103F97C4,345-2024-12-12,2024-12-12 14:29:27.029,0.1668191371425,0.02136145104297221,0.058000000000000274,0.014296506973892063,0.04200000000000026,0.007793970928463219,0.016000000000000014,1.834303348718159,0.026000000000000245
203,3B00191394,347-2024-12-12,2024-12-12 14:30:19.030,0.0966894107571034,0.01284836839347586,0.05299999999999999,0.00831197463297931,0.03699999999999998,0.005010415788664347,0.016000000000000014,1.658939094792186,0.020999999999999963
204,3B0018C2F6,350-2024-12-12,2024-12-12 14:30:51.029,0.1579836347057105,0.02691173699644982,0.06000000000000005,0.016787622322544934,0.040999999999999925,0.011010052708685339,0.019000000000000128,1.5247540376715842,0.021999999999999797
205,01103F9A64,352-2024-12-12,2024-12-12 14:33:15.031,0.1905944625752329,0.023148716914170735,0.05600000000000005,0.014553051179228706,0.0389999999999997,0.00944883823114541,0.017000000000000348,1.540194765030341,0.021999999999999353
206,3B00191394,353-2024-12-12,2024-12-12 14:38:21.034,0.0966894107571034,0.012162721503592731,0.064,0.007841814347837534,0.045999999999999985,0.004713476229283458,0.018000000000000016,1.6637008369997965,0.02799999999999997
207,3B00192E1E,355-2024-12-12,2024-12-12 14:57:49.009,0.1007525158752752,0.01297039338208701,0.051000000000000156,0.005175265848724774,0.02300000000000013,0.008197328336887312,0.028000000000000025,0.6313356786547756,-0.004999999999999893
208,01103FD2E8,357-2024-12-12,2024-12-12 14:58:21.009,0.137062653125013,0.007222211426900283,0.06,0.005764810183401156,0.04799999999999999,0.001637701192981015,0.01200000000000001,3.520062272720091,0.035999999999999976
209,3B00191394,358-2024-12-12,2024-12-12 14:58:25.009,0.0985641506037786,0.011553581916962562,0.07099999999999973,0.0076732239277609495,0.054999999999999716,0.004283859127522572,0.016000000000000014,1.7911942711800855,0.0389999999999997
210,3B00192E1E,359-2024-12-12,2024-12-12 14:58:49.010,0.1007525158752752,0.012727851425592478,0.07899999999999996,0.006976915880536833,0.05400000000000005,0.00608457931587912,0.02499999999999991,1.1466554248588647,0.029000000000000137
211,3B00190DF0,363-2024-12-12,2024-12-12 15:00:50.011,0.1826895456930283,0.030852093744993515,0.052999999999999936,0.02130218182165719,0.03600000000000003,0.010433718836422958,0.016999999999999904,2.0416672286868254,0.019000000000000128
212,3B00190DF0,364-2024-12-12,2024-12-12 15:06:18.013,0.1906751993966663,0.026441261942206362,0.062,0.017997479509043166,0.046999999999999986,0.009328104107815068,0.015000000000000013,1.9293823590546026,0.03199999999999997
213,3B00190DF0,365-2024-12-12,2024-12-12 15:10:00.015,0.1819863804116777,0.02444466920518927,0.06000000000000005,0.016450695934684754,0.04499999999999993,0.008862130861277772,0.015000000000000124,1.8562912455473306,0.029999999999999805
214,3B0019F652,366-2024-12-12,2024-12-12 15:10:06.015,0.0898887910065372,0.003978780271191396,0.04099999999999998,0.002415927379146277,0.025000000000000022,0.0017112859315504543,0.01599999999999996,1.411761374650819,0.009000000000000064
215,01103FD2E8,367-2024-12-12,2024-12-12 15:10:59.016,0.137062653125013,0.023406837518145783,0.07200000000000001,0.016450146622926896,0.05499999999999999,0.007651662194741896,0.017000000000000015,2.149878837336962,0.03799999999999998
216,3B0019F652,368-2024-12-12,2024-12-12 15:11:58.015,0.0905078592913948,0.004420477577521717,0.04299999999999993,0.002647648436808511,0.028000000000000025,0.0019549971318636237,0.014999999999999902,1.3542978624652044,0.013000000000000123
217,3B0018A99B,369-2024-12-12,2024-12-12 15:12:05.015,0.0957532417517765,0.0027898906467684046,0.08699999999999997,0.0016282688788987734,0.05499999999999999,0.001217855166515383,0.03199999999999997,1.3369971435582906,0.02300000000000002
218,3B00190DF0,372-2024-12-12,2024-12-12 15:12:53.015,0.1906751993966664,0.025730162177786082,0.06300000000000006,0.018338139820782168,0.049000000000000044,0.008308602554959889,0.014000000000000012,2.2071268543029614,0.03500000000000003
219,3B0019B8CC,373-2024-12-12,2024-12-12 15:13:03.017,0.157227223862959,0.025621572458979405,0.05500000000000016,0.015687188561721556,0.03500000000000014,0.010686893656410111,0.020000000000000018,1.4678903960377874,0.015000000000000124
220,3B0019F652,374-2024-12-12,2024-12-12 15:20:01.021,0.0910449637066649,0.01436683230481505,0.0519999999999996,0.006253496420570353,0.02400000000000002,0.008540708277174135,0.02799999999999958,0.7321988080641302,-0.0039999999999995595
221,3B0019F652,375-2024-12-12,2024-12-12 15:26:33.025,0.0904993389762163,0.01355047973191009,0.04699999999999971,0.005300903804985921,0.020000000000000018,0.00867779857007767,0.02699999999999969,0.6108581297639495,-0.006999999999999673
222,3B0019F652,376-2024-12-12,2024-12-12 15:28:36.026,0.0920682189195945,0.005233832543442299,0.039000000000000146,0.002988972907517425,0.02200000000000024,0.0024509129593190213,0.016999999999999904,1.2195344988293269,0.0050000000000003375
223,3B004CD4DE,377-2024-12-12,2024-12-12 15:31:16.030,0.1003986183690209,0.011648594247274791,0.04500000000000004,0.00717656883959132,0.029000000000000026,0.004922742339019278,0.016000000000000014,1.4578396238022595,0.013000000000000012
224,3B0019F652,378-2024-12-12,2024-12-12 15:31:37.028,0.0898887910065372,0.004862619732068581,0.039000000000000146,0.002833563151923623,0.02300000000000013,0.0022248623326872937,0.016000000000000014,1.2735903297446327,0.007000000000000117
225,01103FD2E8,379-2024-12-12,2024-12-12 15:31:59.028,0.1370626531250129,0.02242407694180886,0.06600000000000006,0.01571755060794849,0.050000000000000044,0.0073712399499942,0.016000000000000014,2.1322804188406397,0.03400000000000003
226,3B004CD4DE,381-2024-12-12,2024-12-12 15:33:20.028,0.0959210986177343,0.012253989192229853,0.04800000000000004,0.007784760038047873,0.030000000000000027,0.004897265260964265,0.018000000000000016,1.5896137177006955,0.01200000000000001
227,3B0018A99B,383-2024-12-12,2024-12-12 15:35:54.031,0.0957532417517765,0.004284682986387011,0.03600000000000003,0.0027097161007583496,0.02300000000000002,0.0017706106470230512,0.013000000000000012,1.530385071000351,0.010000000000000009
228,3B0018A99B,385-2024-12-12,2024-12-12 15:38:12.031,0.0994755670134286,0.004031448777913699,0.03500000000000014,0.0025440248802557678,0.02200000000000024,0.0016671815591127615,0.0129999999999999,1.5259435100815555,0.009000000000000341
229,01103F97C4,386-2024-12-12,2024-12-12 15:38:27.030,0.1830689426539151,0.021060037396029418,0.052000000000000046,0.014963599907547188,0.038000000000000034,0.006812267328629984,0.014000000000000012,2.196566750200703,0.02400000000000002
230,3B004CD4DE,387-2024-12-12,2024-12-12 15:38:34.029,0.088518748992174,0.011560275866930083,0.05600000000000005,0.007150071941611738,0.03600000000000003,0.004797936635200859,0.020000000000000018,1.4902389266990415,0.016000000000000014
231,3B001877B5,391-2024-12-12,2024-12-12 15:40:23.021,0.1756930881379383,0.020946131733372838,0.07700000000000001,0.01299549004654741,0.05499999999999999,0.0085402617280952,0.02200000000000002,1.5216735107538553,0.032999999999999974
232,01103FD2E8,395-2024-12-12,2024-12-12 15:41:05.019,0.1663771642090179,0.026721807553807285,0.05899999999999994,0.012329611789591712,0.030999999999999917,0.015159343338699829,0.028000000000000025,0.8133341605975649,0.0029999999999998916
233,3B001877B5,396-2024-12-12,2024-12-12 15:42:46.011,0.1756930881379383,0.020188975445179832,0.06800000000000006,0.013485858713564057,0.049000000000000044,0.0072590020588324386,0.019000000000000017,1.8578116667090692,0.030000000000000027
234,3B0019B8CC,2-2024-12-15,2024-12-15 08:29:04.798,0.157227223862959,0.02646693727023772,0.08499999999999996,0.011331500264169105,0.05499999999999994,0.0158369991184481,0.030000000000000027,0.7155080441325112,0.02499999999999991
235,3B0019B8CC,3-2024-12-15,2024-12-15 08:30:32.799,0.157227223862959,0.025870443063572175,0.051000000000000045,0.010434076753105093,0.02200000000000002,0.01617504099859571,0.029000000000000026,0.6450726618875934,-0.007000000000000006
236,3B0018C2F6,8-2024-12-15,2024-12-15 08:54:51.799,0.1500125646148875,0.0255681865702664,0.05800000000000005,0.016563265811534913,0.040999999999999925,0.0098964350457963,0.017000000000000126,1.6736598315340308,0.0239999999999998
237,01103F97C4,9-2024-12-15,2024-12-15 08:55:50.786,0.1570954972985261,0.024632865262054975,0.06099999999999994,0.01384427574629012,0.03799999999999981,0.011604642648148814,0.02300000000000013,1.1929945769160393,0.01499999999999968
238,3B001874E8,10-2024-12-15,2024-12-15 08:56:16.782,0.1018111252855716,0.00040079235768529433,0.015000000000000124,0.00021790524151918012,0.007000000000000117,0.0002218355911181264,0.008000000000000007,0.9822826013664625,-0.0009999999999998899
239,3B001874E8,11-2024-12-15,2024-12-15 08:57:23.775,0.0965974718049906,0.01325000544355092,0.07999999999999996,0.006003383745840594,0.05500000000000005,0.007676268552762444,0.02499999999999991,0.7820705730364486,0.030000000000000138
240,01103F97C4,12-2024-12-15,2024-12-15 08:58:40.769,0.1676441888996202,0.021780796157072586,0.05600000000000005,0.013604683856304466,0.038000000000000034,0.008926981211578509,0.018000000000000016,1.5239960221557165,0.020000000000000018
241,3B00192E1E,16-2024-12-15,2024-12-15 09:02:22.773,0.1007525158752752,0.0036872722761568505,0.03300000000000003,0.0020137920133511877,0.018000000000000016,0.0018473551449691378,0.015000000000000013,1.090094678781881,0.0030000000000000027
242,01103F97C4,17-2024-12-15,2024-12-15 09:03:46.771,0.15845130723957,0.02164011353978728,0.05600000000000094,0.013400788385420198,0.038000000000000256,0.009001206708881288,0.018000000000000682,1.4887768739049112,0.019999999999999574
243,3B004AB6A7,18-2024-12-15,2024-12-15 09:04:15.771,0.1102171940244457,0.014858752909331755,0.04700000000000015,0.005859448890385652,0.020000000000000018,0.009478488525908383,0.027000000000000135,0.6181838881135433,-0.007000000000000117
244,3B004AB6A7,19-2024-12-15,2024-12-15 09:05:05.774,0.1102171940244457,0.012449462875436535,0.04500000000000004,0.007267699606278316,0.028000000000000025,0.005662052312049511,0.017000000000000015,1.2835804414614465,0.01100000000000001
245,3B00190DF0,20-2024-12-15,2024-12-15 09:21:30.784,0.1906751993966663,0.022473344074868992,0.06499999999999995,0.01455230382255026,0.04899999999999993,0.00874067098810018,0.016000000000000014,1.6648955031441197,0.03299999999999992
246,3B00190DF0,24-2024-12-15,2024-12-15 09:23:00.784,0.1906751993966664,0.025209956492893947,0.05299999999999999,0.01650984191044042,0.03699999999999998,0.009563952190854114,0.016000000000000014,1.7262572606990414,0.020999999999999963
247,3B004CD4DE,25-2024-12-15,2024-12-15 09:23:41.785,0.0959946523732898,0.014529854322372068,0.04899999999999993,0.006333224365164276,0.02299999999999991,0.00864839274366524,0.026000000000000023,0.732300735278613,-0.0030000000000001137
248,3B0018C2F6,26-2024-12-15,2024-12-15 09:23:57.785,0.1498287259016785,0.02302560070593466,0.05400000000000005,0.015014998520882181,0.038000000000000034,0.008848906109615143,0.016000000000000014,1.6968197351045478,0.02200000000000002
249,3B001874E8,27-2024-12-15,2024-12-15 09:24:30.784,0.1018111252855716,0.013402838136077722,0.052000000000000046,0.006330321760441368,0.027000000000000135,0.007489520752720729,0.02499999999999991,0.8452238760593249,0.002000000000000224
250,3B001874E8,28-2024-12-15,2024-12-15 09:28:07.787,0.0988976123570469,0.013793720169028868,0.05099999999999971,0.006739797987764098,0.02699999999999969,0.0074839720314714454,0.02400000000000002,0.9005642938565294,0.0029999999999996696
251,3B0018C2F6,29-2024-12-15,2024-12-15 09:55:46.777,0.1500125646148875,0.02586239613653168,0.052000000000000046,0.017589129137824375,0.03500000000000003,0.009116073913939853,0.017000000000000015,1.9294631991660294,0.018000000000000016
252,3B0018C2F6,30-2024-12-15,2024-12-15 10:09:39.766,0.1500125646148875,0.026018292972234652,0.06000000000000005,0.017329087886980468,0.04200000000000004,0.00951575278307164,0.018000000000000016,1.8210947974403684,0.02400000000000002
253,3B0018C6F9,31-2024-12-15,2024-12-15 10:11:36.764,0.0995207441742754,0.013608947785399736,0.03999999999999998,0.00780013268176919,0.021999999999999964,0.0063392892288040344,0.018000000000000016,1.2304427831321332,0.003999999999999948
254,3B004CD4DE,33-2024-12-15,2024-12-15 10:11:43.763,0.095072996479498,0.01513789302384643,0.07599999999999996,0.008438444526833788,0.05499999999999994,0.007180824703451755,0.02100000000000002,1.175135847944806,0.03399999999999992
255,3B0019B8CC,34-2024-12-15,2024-12-15 10:11:47.764,0.1572272238629591,0.026249617959457846,0.050999999999999934,0.010802031235251168,0.02299999999999991,0.016186672890834915,0.028000000000000025,0.6673410470515782,-0.0050000000000001155
256,3B0018A99B,36-2024-12-15,2024-12-15 10:15:23.766,0.0957532417517765,0.002676330838382694,0.03600000000000003,0.001712818090803324,0.02299999999999991,0.0010826787459593083,0.013000000000000123,1.5820187633642704,0.009999999999999787
257,3B0019B8CC,37-2024-12-15,2024-12-15 10:15:27.766,0.157227223862959,0.024557062071393975,0.05600000000000005,0.01245305177549575,0.03200000000000003,0.01286566855117251,0.02400000000000002,0.9679288507988839,0.008000000000000007
258,3B0018C2F6,38-2024-12-15,2024-12-15 10:15:38.766,0.136922474772736,0.026799931258820207,0.053999999999999826,0.016901849755047722,0.03600000000000003,0.01083842437720481,0.017999999999999794,1.559437900456768,0.018000000000000238
259,3B0018A99B,40-2024-12-15,2024-12-15 10:16:34.768,0.0918648232933337,0.013316840574046076,0.052000000000000046,0.006192631263723557,0.027000000000000135,0.007544642905681436,0.02499999999999991,0.8207984580768221,0.002000000000000224
260,01103F97C4,41-2024-12-15,2024-12-15 10:16:43.767,0.1491690762762079,0.025194033192654022,0.07000000000000006,0.017889753368776462,0.05400000000000005,0.008124177597753173,0.016000000000000014,2.202038686811089,0.038000000000000034
261,3B0019B8CC,42-2024-12-15,2024-12-15 10:17:29.768,0.157227223862959,0.026858947961535717,0.05400000000000005,0.010979153542834467,0.02400000000000002,0.01661965867948388,0.030000000000000027,0.6606124562827316,-0.006000000000000005
262,3B0019B8CC,43-2024-12-15,2024-12-15 10:18:43.769,0.157227223862959,0.025260431272246364,0.052000000000000046,0.01269138159084385,0.028000000000000025,0.013297341269162884,0.02400000000000002,0.9544300122819077,0.0040000000000000036
263,3B00192E1E,44-2024-12-15,2024-12-15 10:19:27.770,0.1007525158752752,0.010151892717012816,0.04300000000000004,0.0053285651520014275,0.020000000000000018,0.0052077761893549014,0.02300000000000002,1.0231939619243677,-0.0030000000000000027
264,01103F97C4,45-2024-12-15,2024-12-15 10:20:39.769,0.1399459667099785,0.02648870999146836,0.07299999999999995,0.018060095715158347,0.054999999999999716,0.009198281380387712,0.018000000000000238,1.963420661784224,0.03699999999999948
265,01103F97C4,46-2024-12-15,2024-12-15 10:21:22.771,0.1357066304064012,0.02595825748125514,0.052999999999999936,0.016162454768419134,0.03400000000000003,0.01060842076798877,0.018999999999999906,1.5235495576485643,0.015000000000000124
266,01103F97C4,47-2024-12-15,2024-12-15 10:23:05.772,0.1591361166975348,0.020988716378561593,0.05900000000000016,0.015075976456675204,0.04500000000000037,0.006637718655104196,0.01399999999999979,2.2712587321070403,0.031000000000000583
267,3B0019B8CC,48-2024-12-15,2024-12-15 10:27:31.776,0.157227223862959,0.02679150995681677,0.05699999999999994,0.011483478900364457,0.026999999999999913,0.01601169942490341,0.030000000000000027,0.717193009662916,-0.0030000000000001137
268,01103F97C4,49-2024-12-15,2024-12-15 10:27:58.777,0.1416803225936452,0.022805506452960818,0.07600000000000007,0.007843998843017706,0.04200000000000004,0.015598359438435587,0.03400000000000003,0.5028733229271197,0.008000000000000007
269,3B001874E8,52-2024-12-15,2024-12-15 10:31:14.776,0.0996332921258633,0.013196012866896695,0.05599999999999983,0.008188165651642643,0.038000000000000034,0.005464301967134034,0.017999999999999794,1.4984833746179744,0.02000000000000024
270,3B0019F652,53-2024-12-15,2024-12-15 10:31:28.779,0.0898887910065372,0.013424317236267637,0.04500000000000004,0.005233776587007982,0.017999999999999905,0.0086251812914613,0.027000000000000135,0.6068019222029897,-0.00900000000000023
271,3B0019B8CC,54-2024-12-15,2024-12-15 10:31:50.776,0.1615608598490173,0.025103659018936703,0.05899999999999994,0.01404199798967617,0.03699999999999992,0.011824441496316236,0.02200000000000002,1.1875400621712904,0.014999999999999902
272,3B001857EE,59-2024-12-15,2024-12-15 10:46:10.785,0.0917963177164509,0.01589135194061603,0.05700000000000016,0.006161240679385869,0.026000000000000023,0.010158437091940942,0.03100000000000014,0.6065146265731965,-0.0050000000000001155
273,3B001857EE,61-2024-12-15,2024-12-15 11:00:18.753,0.0917963177164509,0.012800585451931124,0.07199999999999984,0.008509006696755817,0.05499999999999994,0.0046927555042528095,0.016999999999999904,1.8132218243725953,0.038000000000000034
274,3B001874E8,62-2024-12-15,2024-12-15 11:11:38.761,0.1018111252855716,0.013850229878215492,0.07299999999999995,0.008985907755973677,0.05500000000000016,0.005293299170479343,0.017999999999999794,1.6976005826551355,0.037000000000000366
275,3B00192E1E,63-2024-12-15,2024-12-15 11:12:04.762,0.1007525158752752,0.011712394116645312,0.052999999999999936,0.007410695366370178,0.03499999999999992,0.00466171693909622,0.018000000000000016,1.5896922664306834,0.016999999999999904
276,3B001874E8,64-2024-12-15,2024-12-15 11:12:34.761,0.1018111252855716,0.013289456498747836,0.06899999999999995,0.005850798480630531,0.04500000000000015,0.007894681655701822,0.0239999999999998,0.7411063214189105,0.02100000000000035
277,3B0018A99B,65-2024-12-15,2024-12-15 11:17:56.764,0.0957532417517765,0.003953480337944599,0.038999999999999924,0.0026387943241202175,0.026000000000000023,0.0014682556617657658,0.0129999999999999,1.7972308180625225,0.013000000000000123
278,3B001874E8,66-2024-12-15,2024-12-15 11:17:58.765,0.1013060802392113,0.014545445111189784,0.051999999999999935,0.0061215395537715335,0.02399999999999991,0.008871703972765927,0.028000000000000025,0.6900071928192419,-0.004000000000000115
279,3B001874E8,67-2024-12-15,2024-12-15 11:18:53.764,0.101614034963308,0.013918230580206798,0.04899999999999993,0.007291176607040562,0.02699999999999969,0.0070783785142319085,0.02200000000000024,1.0300631129545839,0.004999999999999449
280,3B00182A81,71-2024-12-15,2024-12-15 11:20:35.765,0.1200314724929308,0.011384624110134352,0.07800000000000001,0.004871037154358835,0.05499999999999999,0.006916118485751548,0.02300000000000002,0.7043021550880093,0.03199999999999997
281,3B00182A81,72-2024-12-15,2024-12-15 11:21:18.765,0.1200314724929308,0.010942771889505916,0.05199999999999999,0.0066843430889899245,0.033999999999999975,0.004638264293746894,0.018000000000000016,1.4411302732363624,0.01599999999999996
282,3B004AB6A7,73-2024-12-15,2024-12-15 11:22:25.766,0.1102171940244457,0.015285260481093462,0.051000000000000156,0.006217701706630648,0.02300000000000013,0.009522627668303446,0.028000000000000025,0.6529397056367736,-0.004999999999999893
283,3B0018A99B,74-2024-12-15,2024-12-15 11:22:38.766,0.0957532417517765,0.003644436098024499,0.037000000000000144,0.0021421671020299387,0.02200000000000002,0.001653661148726919,0.015000000000000124,1.2954087381680939,0.006999999999999895
284,01103F9A64,78-2024-12-15,2024-12-15 11:24:40.767,0.1892092603376109,0.0284501203305206,0.05300000000000016,0.017365906475805895,0.03400000000000003,0.01204794946222684,0.019000000000000128,1.4413993460258199,0.014999999999999902
285,3B0019B8CC,79-2024-12-15,2024-12-15 11:24:53.768,0.157227223862959,0.02221345793256827,0.07,0.013858768470061131,0.04999999999999999,0.009029061087085753,0.020000000000000018,1.5349069339981871,0.02999999999999997
286,01103F9A64,80-2024-12-15,2024-12-15 11:25:19.768,0.1892092603376109,0.028683318121637966,0.04699999999999993,0.01572651626602428,0.026000000000000023,0.013951216871891438,0.020999999999999908,1.1272505051304642,0.0050000000000001155
287,01103F9A64,82-2024-12-15,2024-12-15 11:27:03.768,0.1738235221679402,0.02862413175746034,0.051999999999999824,0.01771873881359045,0.03399999999999981,0.011878231617068434,0.018000000000000016,1.4916983760553628,0.015999999999999792
288,3B0019B8CC,83-2024-12-15,2024-12-15 11:27:14.769,0.1572272238629591,0.02620934562377179,0.05499999999999999,0.013986616725207705,0.030999999999999972,0.012995784190564448,0.02400000000000002,1.0762426122282522,0.006999999999999951
289,01103F9A64,84-2024-12-15,2024-12-15 11:27:46.769,0.1791115006749826,0.027585413281318603,0.053999999999999826,0.015229951795601679,0.030999999999999694,0.013295362431447494,0.02300000000000013,1.1455085842246997,0.007999999999999563
290,01103F9A64,85-2024-12-15,2024-12-15 11:29:10.769,0.1892092603376109,0.029576107587548153,0.052999999999999936,0.016608523615226068,0.03200000000000003,0.013963483024074182,0.020999999999999908,1.189425559983252,0.01100000000000012
291,3B0019B8CC,86-2024-12-15,2024-12-15 11:29:22.770,0.1702046040202312,0.025266134389820123,0.050999999999999934,0.011771370700537817,0.02499999999999991,0.014209972749927703,0.026000000000000023,0.8283879855151521,-0.001000000000000112
292,3B0019F652,87-2024-12-15,2024-12-15 11:30:10.769,0.0898887910065372,0.003958539564046014,0.04200000000000004,0.002347812555351659,0.026000000000000023,0.0017563671970240134,0.016000000000000014,1.3367435689585812,0.010000000000000009
293,01103F9A64,88-2024-12-15,2024-12-15 11:30:42.770,0.1892092603376109,0.030611573031755684,0.04800000000000004,0.016015060665036437,0.026000000000000023,0.01564812404728741,0.02200000000000002,1.0234492400903887,0.0040000000000000036
294,01103F9A64,89-2024-12-15,2024-12-15 11:31:25.771,0.1892092603376109,0.031037280147853678,0.04799999999999999,0.016273613762228262,0.026000000000000023,0.015795985817232277,0.021999999999999964,1.0302372989266,0.004000000000000059
295,3B00192E1E,90-2024-12-15,2024-12-15 11:32:17.773,0.1007525158752752,0.0012516251703259108,0.06599999999999995,0.0009210367271837264,0.05499999999999994,0.0003781454118846277,0.01100000000000001,2.4356681272249183,0.04399999999999993
296,01103F9A64,91-2024-12-15,2024-12-15 11:32:27.770,0.1766655439062339,0.027841748924107144,0.052000000000000046,0.015595398470920323,0.03100000000000014,0.013237439835499923,0.020999999999999908,1.1781279964043252,0.010000000000000231
297,3B001857EE,92-2024-12-15,2024-12-15 11:33:15.773,0.0917963177164509,0.012615581360759631,0.05899999999999994,0.008350604058394336,0.041999999999999926,0.004677295388377854,0.017000000000000015,1.785348874724466,0.02499999999999991
298,01103F9A64,93-2024-12-15,2024-12-15 11:34:58.772,0.1892092603376109,0.029108262015864195,0.04800000000000004,0.01664841898938854,0.028000000000000025,0.013495650486422744,0.020000000000000018,1.2336136747271005,0.008000000000000007
299,01103F9A64,96-2024-12-15,2024-12-15 11:36:15.773,0.1892092603376109,0.02690650292786204,0.06500000000000039,0.014748790995839232,0.04100000000000037,0.013044794727935998,0.02400000000000002,1.1306265298490326,0.017000000000000348
300,3B0019B8CC,97-2024-12-15,2024-12-15 11:36:27.772,0.1572272238629591,0.02765689502459257,0.05099999999999971,0.01160164693505018,0.02300000000000013,0.016859186199545507,0.02799999999999958,0.6881498785132902,-0.004999999999999449
301,3B001857EE,98-2024-12-15,2024-12-15 11:36:35.774,0.0899060627808703,0.004891932222227169,0.04699999999999993,0.003211204760470596,0.030999999999999917,0.0018343638535159293,0.016000000000000014,1.7505822273567333,0.014999999999999902
302,3B0019F652,100-2024-12-15,2024-12-15 11:39:58.775,0.0898887910065372,0.013712705538260653,0.05300000000000016,0.006679534814205443,0.028000000000000025,0.007443172931046501,0.025000000000000133,0.8974042221085824,0.0029999999999998916
303,01103F8EAC,101-2024-12-15,2024-12-15 11:40:44.775,0.1759518000517584,0.019487633745971632,0.05600000000000005,0.013390973454873783,0.037000000000000144,0.00661396094696143,0.018999999999999906,2.024652634368189,0.018000000000000238
304,3B00192E1E,103-2024-12-15,2024-12-15 11:40:58.775,0.0995733518645976,0.0009486787994376692,0.07800000000000007,0.0005388429411114319,0.04299999999999993,0.0004409951427481187,0.03500000000000014,1.2218795376147726,0.007999999999999785
305,01103F8EAC,106-2024-12-15,2024-12-15 11:43:00.777,0.1759518000517584,0.022334688686597808,0.06499999999999995,0.01566303590671534,0.04700000000000015,0.00726061763229193,0.017999999999999794,2.157259437138415,0.02900000000000036
306,3B00182A81,107-2024-12-15,2024-12-15 11:44:01.779,0.1200314724929308,0.003152115321215346,0.03300000000000003,0.0019268126142919886,0.02100000000000002,0.0013796363676838713,0.01200000000000001,1.3966090336736448,0.009000000000000008
307,01103F8EAC,109-2024-12-15,2024-12-15 11:47:21.779,0.1759518000517584,0.02205506662179412,0.07400000000000007,0.014512373923584754,0.05499999999999994,0.008165593482239985,0.019000000000000128,1.7772589285945841,0.03599999999999981
308,3B00192E1E,116-2024-12-15,2024-12-15 12:05:11.760,0.0990709934980141,0.01265659612946934,0.04899999999999993,0.00548753187969913,0.02200000000000002,0.007566235204778278,0.026999999999999913,0.7252658331627873,-0.004999999999999893
309,3B00182A81,119-2024-12-15,2024-12-15 12:16:18.761,0.1200314724929308,0.010269396926415432,0.05000000000000002,0.005902934633238089,0.03,0.004747244092813349,0.020000000000000018,1.2434445159822918,0.009999999999999981
310,01103F8EAC,120-2024-12-15,2024-12-15 12:16:21.760,0.1600863066991963,0.022832598234874393,0.062000000000000055,0.01586523368420565,0.04499999999999993,0.007589443392442785,0.017000000000000126,2.090434418419078,0.027999999999999803
311,3B0019B8CC,121-2024-12-15,2024-12-15 12:16:27.760,0.157227223862959,0.025131216713526736,0.05099999999999999,0.013210252592916423,0.02699999999999997,0.012714740784178056,0.02400000000000002,1.0389714440230642,0.002999999999999947
312,3B00192E1E,122-2024-12-15,2024-12-15 12:16:32.759,0.0994485061068525,0.0038823370923376246,0.03600000000000003,0.0022706414670280203,0.020999999999999908,0.0017799280562071065,0.015000000000000124,1.275692834387131,0.005999999999999783
313,3B0019F652,123-2024-12-15,2024-12-15 12:17:32.761,0.0874555223793916,0.012414320938415498,0.04900000000000038,0.0065387811742483705,0.0259999999999998,0.006314073411602333,0.023000000000000576,1.0355883988033983,0.0029999999999992255
314,01103F8EAC,125-2024-12-15,2024-12-15 12:19:49.258,0.1775539465936011,0.026156523994238477,0.06299999999999972,0.011049077599482229,0.029999999999999805,0.015769549354268334,0.03299999999999992,0.700659058243258,-0.0030000000000001137
315,3B0019F652,126-2024-12-15,2024-12-15 12:20:04.258,0.087855648370936,0.013064572720680631,0.056999999999999496,0.008135724645571569,0.03699999999999992,0.005374163903341787,0.019999999999999574,1.51385867493036,0.017000000000000348
316,3B00199DE5,128-2024-12-15,2024-12-15 12:23:28.260,0.1056314595246609,0.013228479457617083,0.08399999999999985,0.004583971394740411,0.05400000000000005,0.009044609927919025,0.029999999999999805,0.5068180309899873,0.024000000000000243
317,3B0019B8CC,130-2024-12-15,2024-12-15 12:24:09.263,0.157227223862959,0.02597354365550889,0.04899999999999993,0.011506471723805381,0.02300000000000002,0.015234070289404197,0.025999999999999912,0.7553117128393791,-0.0029999999999998916
318,3B0018A99B,131-2024-12-15,2024-12-15 12:24:31.260,0.0957532417517765,0.004213483875412701,0.03600000000000003,0.002576400520678365,0.02200000000000002,0.0018196343896825194,0.014000000000000012,1.415889112278144,0.008000000000000007
319,01103F8EAC,133-2024-12-15,2024-12-15 12:26:17.262,0.1746873906978441,0.02413853649597212,0.06499999999999995,0.016191557935248797,0.04599999999999982,0.008572004999441109,0.019000000000000128,1.888888064846495,0.02699999999999969
320,3B0019B8CC,135-2024-12-15,2024-12-15 12:26:36.262,0.157227223862959,0.02727768025198928,0.07299999999999995,0.01188850227460449,0.04499999999999993,0.016121508218289095,0.028000000000000025,0.7374311456242998,0.016999999999999904
321,3B00182A81,136-2024-12-15,2024-12-15 12:26:54.261,0.1002300359171897,0.003778000026131802,0.051000000000000045,0.002417439034976687,0.03300000000000003,0.0014877056444518838,0.018000000000000016,1.6249444532203448,0.015000000000000013
322,3B00192E1E,137-2024-12-15,2024-12-15 12:28:42.263,0.1007525158752752,0.012440832499816703,0.049000000000000044,0.004883950302634243,0.02100000000000002,0.007941186741953384,0.028000000000000025,0.6150151685556361,-0.007000000000000006
323,01103F9A64,138-2024-12-15,2024-12-15 12:30:30.263,0.1722796395607924,0.027876587991133784,0.06099999999999994,0.018000582826031144,0.04300000000000015,0.010775465763551935,0.017999999999999794,1.6705155230429298,0.025000000000000355
324,01103F9A64,143-2024-12-15,2024-12-15 12:33:03.265,0.1892092603376109,0.029528334368788173,0.05699999999999994,0.017127905183899037,0.03600000000000003,0.01339425805229067,0.020999999999999908,1.2787498282497136,0.015000000000000124
325,01103F97C4,145-2024-12-15,2024-12-15 12:33:23.265,0.1564676672190986,0.021352563707125422,0.07000000000000006,0.013455080782435487,0.05400000000000005,0.008712618595911227,0.016000000000000014,1.5443211055686366,0.038000000000000034
326,01103F9A64,146-2024-12-15,2024-12-15 12:33:55.265,0.1892092603376109,0.028220067633351636,0.051999999999999824,0.017747551440483282,0.03399999999999981,0.011447013207099486,0.018000000000000016,1.5504089249653503,0.015999999999999792
327,3B0018C2F6,147-2024-12-15,2024-12-15 12:34:26.266,0.1536003643760272,0.024858902160136736,0.04300000000000015,0.013972863543555777,0.02400000000000002,0.011823670484380428,0.019000000000000128,1.1817703784974831,0.004999999999999893
328,01103F9A64,148-2024-12-15,2024-12-15 12:35:11.266,0.18045405558681,0.029029939043317788,0.05600000000000005,0.01771758836670949,0.036000000000000476,0.012288686108573163,0.019999999999999574,1.4417805296815962,0.016000000000000902
329,01103F97C4,149-2024-12-15,2024-12-15 12:35:16.265,0.1605584857909996,0.026191626535897624,0.050000000000000044,0.016201695023000614,0.03200000000000003,0.010898825684092369,0.018000000000000016,1.4865541933245312,0.014000000000000012
330,01103F8EAC,151-2024-12-15,2024-12-15 12:35:33.266,0.1790246860597878,0.021250986406610762,0.06899999999999995,0.014028019858380474,0.051000000000000156,0.007846127412279602,0.017999999999999794,1.7878909073571612,0.03300000000000036
331,01103F9A64,152-2024-12-15,2024-12-15 12:36:33.267,0.1892092603376109,0.029119886493595096,0.052000000000000046,0.018773694739579547,0.03499999999999992,0.011353258997992617,0.017000000000000126,1.6535952137530683,0.017999999999999794
332,01103F8EAC,155-2024-12-15,2024-12-15 12:38:53.268,0.1758234334051996,0.020844862681642432,0.05600000000000005,0.01269342407540118,0.03600000000000003,0.008786428287905861,0.020000000000000018,1.4446625704409526,0.016000000000000014
333,01103F97C4,156-2024-12-15,2024-12-15 12:39:05.270,0.1676441888996201,0.02469241149388251,0.04699999999999993,0.0150828411123405,0.028999999999999915,0.01053625351146216,0.018000000000000016,1.4315184326129022,0.010999999999999899
334,3B0018C2F6,157-2024-12-15,2024-12-15 12:39:13.268,0.1366107793254442,0.0267601081745696,0.07399999999999984,0.016144969314538977,0.052999999999999936,0.01147486436023084,0.020999999999999908,1.4069856346619325,0.03200000000000003
335,3B0019B8CC,158-2024-12-15,2024-12-15 12:39:25.267,0.1657258056213554,0.025725390216890905,0.06099999999999994,0.015577571411683193,0.03600000000000003,0.010846659455613954,0.02499999999999991,1.4361630394527265,0.01100000000000012
336,01103F9A64,159-2024-12-15,2024-12-15 12:39:42.268,0.1866464719996206,0.03223487088229413,0.051000000000000156,0.01500433944560607,0.02499999999999991,0.018198237702379126,0.026000000000000245,0.824494090636287,-0.001000000000000334
337,3B00182A81,160-2024-12-15,2024-12-15 12:39:49.268,0.1200314724929308,0.011285328967350542,0.05099999999999999,0.006668416670750396,0.03199999999999997,0.00503830123824142,0.019000000000000017,1.323544654324392,0.012999999999999956
338,3B00199DE5,161-2024-12-15,2024-12-15 12:40:33.268,0.1032001034158162,0.0034367844104454593,0.03399999999999981,0.0020110998245029452,0.020000000000000018,0.0015927795919955191,0.01399999999999979,1.2626353543262896,0.006000000000000227
339,3B0018C2F6,162-2024-12-15,2024-12-15 12:40:47.270,0.1500125646148875,0.026155640368142653,0.05099999999999999,0.016021506482514884,0.032999999999999974,0.011079770306931698,0.018000000000000016,1.4460143160631722,0.014999999999999958
340,3B0018C2F6,164-2024-12-15,2024-12-15 12:42:33.268,0.1587804191371041,0.025570670144035808,0.05499999999999994,0.01677404127557503,0.039000000000000146,0.009711795103577366,0.015999999999999792,1.7271823691375314,0.023000000000000353
341,3B0018C2F6,165-2024-12-15,2024-12-15 12:44:18.270,0.1500125646148875,0.024047951032342488,0.07099999999999995,0.01572469469364156,0.05499999999999999,0.00922709805719982,0.01599999999999996,1.7041863645712234,0.039000000000000035
342,3B0018C2F6,166-2024-12-15,2024-12-15 12:45:35.272,0.1500125646148875,0.02589765306298193,0.05400000000000005,0.01510589388920805,0.03200000000000003,0.011665810115725735,0.02200000000000002,1.2948859735720382,0.010000000000000009
343,01103F8EAC,167-2024-12-15,2024-12-15 12:46:41.272,0.1793456143803024,0.01998023735223915,0.07099999999999995,0.013466818654064579,0.05400000000000005,0.0070983343603053875,0.016999999999999904,1.8971800947236872,0.037000000000000144
344,3B0018C2F6,168-2024-12-15,2024-12-15 12:46:50.273,0.1500125646148875,0.022738191223313147,0.05999999999999994,0.015260833796780901,0.04399999999999993,0.008277136778050826,0.016000000000000014,1.8437334317404694,0.027999999999999914
345,01103F97C4,170-2024-12-15,2024-12-15 12:47:45.271,0.1676441888996202,0.024388902078523535,0.04999999999999982,0.015352918652775658,0.03299999999999992,0.009889236927889865,0.016999999999999904,1.5524876959391058,0.016000000000000014
346,3B00485E69,171-2024-12-15,2024-12-15 12:48:07.273,0.1037549080401284,0.012797928033204958,0.050000000000000044,0.0047106881163957014,0.018999999999999906,0.00847110885187381,0.03100000000000014,0.5560887244830641,-0.012000000000000233
347,3B0018C2F6,172-2024-12-15,2024-12-15 12:48:19.271,0.1607293546064952,0.025958572183597706,0.052000000000000046,0.015929931219471487,0.03400000000000003,0.010950762632705544,0.018000000000000016,1.4546869248991994,0.016000000000000014
348,01103F8EAC,174-2024-12-15,2024-12-15 12:50:22.273,0.1774061856026035,0.02693620864365298,0.05899999999999972,0.011261708300074901,0.02699999999999969,0.016377687033433917,0.03200000000000003,0.6876250765498755,-0.0050000000000003375
349,01103F97C4,175-2024-12-15,2024-12-15 12:50:35.273,0.1676441888996201,0.02438059311022612,0.050000000000000044,0.015237281351282142,0.03300000000000014,0.010003510352796443,0.016999999999999904,1.5231934404928784,0.016000000000000236
350,01103F8EAC,177-2024-12-15,2024-12-15 12:54:50.268,0.1741403040773304,0.025781757880535765,0.06300000000000017,0.012385100944490272,0.03500000000000014,0.014060835942422419,0.028000000000000025,0.8808225197424892,0.007000000000000117
351,3B00182A81,178-2024-12-15,2024-12-15 12:55:24.266,0.1200314724929308,0.002327886938610736,0.05500000000000005,0.0018434885474257726,0.04400000000000004,0.000548137992085108,0.01100000000000001,3.3631833115839536,0.03300000000000003
352,3B0018C2F6,179-2024-12-15,2024-12-15 12:56:09.263,0.1559004501092226,0.027306591757913737,0.057000000000000384,0.017581382076059554,0.038000000000000256,0.01061188226191985,0.019000000000000128,1.656763771225522,0.019000000000000128
353,3B00182A81,180-2024-12-15,2024-12-15 13:01:04.257,0.0993757522311285,0.003260515897757754,0.06599999999999998,0.0017575536946326097,0.033,0.0015859063903057402,0.032999999999999974,1.1082329356739513,2.7755575615628914e-17
354,3B00190DF0,182-2024-12-15,2024-12-15 13:02:06.254,0.1906751993966663,0.02597977054184146,0.06099999999999994,0.01655700611883901,0.04399999999999993,0.01030929426840611,0.017000000000000015,1.6060271137646789,0.026999999999999913
355,3B0018C2F6,183-2024-12-15,2024-12-15 13:06:11.256,0.1500125646148875,0.02545971148433212,0.05899999999999994,0.01698788085784807,0.04299999999999993,0.009368682778985296,0.016000000000000014,1.8132624680123917,0.026999999999999913
356,0700ED9568,184-2024-12-15,2024-12-15 13:08:58.254,0.1629727087519889,0.026715756849156135,0.06500000000000003,0.016561781738644688,0.04400000000000001,0.010922545542606145,0.02100000000000002,1.5162932188326685,0.022999999999999993
357,3B00192E1E,185-2024-12-15,2024-12-15 13:11:57.256,0.1007525158752752,0.0030782731420605407,0.03200000000000003,0.0017049388555892854,0.018000000000000016,0.001522461867869424,0.014000000000000012,1.1198565242065635,0.0040000000000000036
358,0700ED9568,187-2024-12-15,2024-12-15 13:13:52.255,0.1412823079578174,0.033159988797399224,0.07099999999999995,0.023318072784039058,0.05400000000000005,0.010796973353148331,0.016999999999999904,2.1596860547256655,0.037000000000000144
359,3B00485E69,190-2024-12-15,2024-12-15 13:15:40.256,0.1037549080401284,0.012591781155108148,0.054999999999999716,0.005291191082048684,0.02499999999999991,0.0076460915334376385,0.029999999999999805,0.6920125215490057,-0.004999999999999893
360,3B00199DE5,191-2024-12-15,2024-12-15 13:16:20.259,0.1054009325462842,0.004718652109300487,0.03599999999999992,0.0027414384776498243,0.02100000000000002,0.0022017723168186528,0.014999999999999902,1.2451053438672246,0.006000000000000116
361,3B00190DF0,192-2024-12-15,2024-12-15 13:17:03.257,0.1906751993966663,0.02517320016620493,0.04399999999999982,0.016888224571932734,0.028000000000000025,0.009118544885034953,0.015999999999999792,1.8520745124201907,0.012000000000000233
362,3B0018C2F6,193-2024-12-15,2024-12-15 13:17:22.259,0.1500125646148875,0.02265943637273788,0.07599999999999996,0.012932525019916034,0.05500000000000005,0.01060056124164896,0.020999999999999908,1.219984935241441,0.03400000000000014
363,01103F97C4,194-2024-12-15,2024-12-15 13:17:38.257,0.1665192888358107,0.02200019835653187,0.057000000000000384,0.014268287644347358,0.040000000000000036,0.008495223871443002,0.017000000000000348,1.6795658196025551,0.022999999999999687
364,3B00190DF0,195-2024-12-15,2024-12-15 13:19:31.257,0.1807575577926863,0.02691315426493929,0.052999999999999936,0.016380043030427047,0.03499999999999992,0.011507430728117506,0.018000000000000016,1.4234318170087867,0.016999999999999904
365,3B001857EE,198-2024-12-15,2024-12-15 13:20:51.258,0.1018442057155447,0.011728465157739927,0.051999999999999824,0.007406082327118736,0.03399999999999981,0.004701187015020675,0.018000000000000016,1.575364328935586,0.015999999999999792
366,3B001857EE,200-2024-12-15,2024-12-15 13:21:56.257,0.0917963177164509,0.003026712771023002,0.10999999999999988,0.0012115829930387553,0.05499999999999994,0.0018769866990994619,0.05499999999999994,0.6454936487403171,0.0
367,3B0019B8CC,206-2024-12-15,2024-12-15 13:26:33.260,0.1670612955582878,0.023817915186108325,0.05799999999999983,0.013442604268447858,0.03399999999999981,0.01104486433601882,0.02400000000000002,1.2170909356133672,0.009999999999999787
368,0700ED9568,207-2024-12-15,2024-12-15 13:26:50.261,0.162972708751989,0.02931400898321143,0.07,0.013937086827112543,0.03899999999999998,0.016023788769563552,0.031000000000000028,0.8697747472548687,0.007999999999999952
369,01103F9A64,209-2024-12-15,2024-12-15 13:27:41.262,0.1892092603376109,0.028314353580401394,0.052000000000000046,0.015850118197255653,0.030000000000000027,0.013413434165032916,0.02200000000000002,1.181659968822515,0.008000000000000007
370,01103F9A64,211-2024-12-15,2024-12-15 13:36:04.266,0.1892092603376109,0.029679985084414294,0.050000000000000044,0.018261334658114997,0.03200000000000003,0.012409319701332194,0.018000000000000016,1.4715822541145882,0.014000000000000012
371,3B0019B8CC,212-2024-12-15,2024-12-15 13:36:07.265,0.157227223862959,0.015322815509825899,0.07100000000000001,0.009772446630610037,0.05499999999999999,0.006104078313899115,0.016000000000000014,1.6009700610095337,0.03899999999999998
372,01103F9A64,214-2024-12-15,2024-12-15 13:37:44.267,0.1892092603376109,0.036071067893115955,0.052999999999999936,0.01377009597870666,0.02200000000000002,0.02328741241640776,0.030999999999999917,0.5913106931968353,-0.008999999999999897
373,01103F9A64,216-2024-12-15,2024-12-15 13:38:40.267,0.1892092603376109,0.03007658909790408,0.04999999999999993,0.018778138066980806,0.03199999999999992,0.012312539615231037,0.018000000000000016,1.525123057776935,0.013999999999999901
374,3B0019F652,218-2024-12-15,2024-12-15 13:39:10.268,0.0898887910065372,0.012032980500189252,0.07299999999999995,0.007515001495629479,0.05400000000000005,0.004908711866361492,0.018999999999999906,1.5309518464769576,0.03500000000000014
375,3B00485E69,219-2024-12-15,2024-12-15 13:54:45.268,0.1037549080401284,0.0029788072496724533,0.10999999999999999,0.000961904778424389,0.05499999999999999,0.0021014525156080933,0.05499999999999999,0.45773329222528,0.0
376,3B004CD4DE,220-2024-12-15,2024-12-15 13:55:34.266,0.095072996479498,0.014116739338113356,0.04799999999999993,0.008596924715111991,0.029999999999999916,0.0060116119590262205,0.018000000000000016,1.43005316605707,0.0119999999999999
377,01103F97C4,221-2024-12-15,2024-12-15 13:56:18.264,0.1676441888996202,0.025239699226573053,0.04899999999999993,0.015042540581027768,0.030000000000000027,0.011055045145918018,0.018999999999999906,1.3606946314988229,0.01100000000000012
378,3B00192E1E,222-2024-12-15,2024-12-15 13:56:39.264,0.1007525158752752,0.0363989564065947,0.10900000000000004,0.01650074339702427,0.05400000000000005,0.021297027070269287,0.05499999999999999,0.7747909293902977,-0.0009999999999999454
379,3B0019B8CC,223-2024-12-15,2024-12-15 13:56:44.263,0.157227223862959,0.027631449554400916,0.052999999999999936,0.010859370602285279,0.02299999999999991,0.017533123722833815,0.030000000000000027,0.6193631422416107,-0.007000000000000117
380,3B0019F652,225-2024-12-15,2024-12-15 13:57:40.259,0.0898887910065373,0.010242677084401294,0.050000000000000044,0.005959972787758639,0.028999999999999915,0.004646303963672134,0.02100000000000013,1.2827341547943554,0.007999999999999785
381,01103F97C4,226-2024-12-15,2024-12-15 13:57:56.259,0.1676441888996202,0.027265797915905516,0.04899999999999993,0.018148460369656148,0.03199999999999992,0.009947230869620712,0.017000000000000015,1.8244736256280487,0.014999999999999902
382,01103F9A64,227-2024-12-15,2024-12-15 13:58:05.257,0.1778509755674217,0.03484427548659137,0.05799999999999983,0.016900619193656524,0.030999999999999694,0.018849773218471845,0.027000000000000135,0.8965953594123219,0.0039999999999995595
383,3B0019F652,229-2024-12-15,2024-12-15 13:58:39.257,0.0898887910065373,0.012446884566067939,0.06500000000000006,0.006651698954350195,0.04300000000000004,0.0062125778917362234,0.02200000000000002,1.070682584631748,0.02100000000000002
384,01103F8EAC,230-2024-12-15,2024-12-15 13:59:17.256,0.1759518000517584,0.023696888597804812,0.067,0.01691315487262256,0.04999999999999999,0.007400244088319973,0.017000000000000015,2.285486082724906,0.032999999999999974
385,3B0019F652,238-2024-12-15,2024-12-15 14:17:10.254,0.0898887910065372,0.010053150387152711,0.05400000000000005,0.0068186860388074234,0.038000000000000034,0.003585438212702951,0.016000000000000014,1.9017720106427456,0.02200000000000002
386,01103F9A64,239-2024-12-15,2024-12-15 14:17:21.253,0.1892092603376109,0.029173670822485814,0.049000000000000044,0.01757856282326947,0.031000000000000028,0.012620775645207707,0.018000000000000016,1.392827455097366,0.013000000000000012
387,3B0019B8CC,240-2024-12-15,2024-12-15 14:17:33.254,0.157227223862959,0.02610902330835123,0.052999999999999936,0.015659935255914425,0.03299999999999992,0.011283131559401806,0.020000000000000018,1.3879068212109602,0.0129999999999999
388,3B0018C2F6,241-2024-12-15,2024-12-15 14:17:59.256,0.1500125646148875,0.02680111150139094,0.07099999999999995,0.01700506479128393,0.050999999999999934,0.010667687961510202,0.020000000000000018,1.5940721975220355,0.030999999999999917
389,01103F97C4,242-2024-12-15,2024-12-15 14:18:23.257,0.1676441888996202,0.02733887152826567,0.06299999999999994,0.014508583844768727,0.041000000000000036,0.013713532494102964,0.02199999999999991,1.057975678477274,0.019000000000000128
390,3B004CD4DE,243-2024-12-15,2024-12-15 14:18:27.255,0.095072996479498,0.015711281127739018,0.07999999999999996,0.007358817831828512,0.05500000000000005,0.008822698885512318,0.02499999999999991,0.8340778629442251,0.030000000000000138
391,01103F9A64,244-2024-12-15,2024-12-15 14:19:55.254,0.1770354205239366,0.02812218022013427,0.05400000000000005,0.016821103262942824,0.03299999999999992,0.01223781779576913,0.02100000000000013,1.3745181979060215,0.011999999999999789
392,3B0018C2F6,245-2024-12-15,2024-12-15 14:20:47.256,0.1500125646148875,0.0276099844277223,0.05400000000000005,0.016758061090087463,0.03499999999999992,0.011833573293030723,0.019000000000000128,1.4161454596268883,0.015999999999999792
393,3B0019B8CC,246-2024-12-15,2024-12-15 14:21:03.256,0.157227223862959,0.00036395889506953666,0.028999999999999915,0.00031036403592245613,0.02499999999999991,7.352232644568135e-05,0.0040000000000000036,4.221357659999437,0.020999999999999908
394,01103F9A64,247-2024-12-15,2024-12-15 14:21:09.256,0.1815350915616796,0.029882943091984242,0.07399999999999984,0.018728787974733065,0.05499999999999994,0.012119123650500111,0.018999999999999906,1.5453912770301834,0.03600000000000003
395,3B0019B8CC,248-2024-12-15,2024-12-15 14:21:14.255,0.157227223862959,0.025970047486605738,0.06299999999999994,0.01779851345446971,0.04299999999999993,0.008829926167675315,0.020000000000000018,2.0157035423044296,0.02299999999999991
396,3B0019F652,250-2024-12-15,2024-12-15 14:23:27.256,0.0898887910065372,0.011898509602140167,0.04600000000000004,0.007080170929987605,0.028000000000000025,0.00525311337195402,0.018000000000000016,1.3478047071643473,0.010000000000000009
397,01103F8EAC,253-2024-12-15,2024-12-15 14:29:11.260,0.1759518000517584,0.024225970112778335,0.06300000000000017,0.015757794353044148,0.04400000000000004,0.009126796442913278,0.019000000000000128,1.7265416678904533,0.02499999999999991
398,01103F9A64,256-2024-12-15,2024-12-15 14:30:12.260,0.1892092603376109,0.03160270282002221,0.05699999999999994,0.01908194946061994,0.03699999999999992,0.013515127064503397,0.020000000000000018,1.41189567582664,0.016999999999999904
399,3B0019F652,257-2024-12-15,2024-12-15 14:30:21.261,0.0898887910065372,0.012225382439305687,0.05099999999999999,0.006767056493447024,0.029000000000000026,0.005873979284857181,0.021999999999999964,1.1520395570498778,0.007000000000000062
400,01103F8EAC,258-2024-12-15,2024-12-15 14:32:29.262,0.1759518000517584,0.021560675020153134,0.07300000000000001,0.014971037649598059,0.05399999999999999,0.007155241659386324,0.019000000000000017,2.092317543176042,0.034999999999999976
401,3B0019F652,259-2024-12-15,2024-12-15 14:32:58.261,0.0898887910065373,0.012413675754340981,0.05800000000000005,0.006548404834927817,0.030000000000000027,0.006251693006457967,0.028000000000000025,1.0474610362606334,0.0020000000000000018
402,01103F9A64,260-2024-12-15,2024-12-15 14:33:45.261,0.1892092603376109,0.030881043829001417,0.07200000000000001,0.020235687446850656,0.05399999999999999,0.011593582360799333,0.018000000000000016,1.7454214596579174,0.035999999999999976
403,3B00190DF0,263-2024-12-15,2024-12-15 14:35:10.263,0.1906751993966664,0.024784099579940176,0.05699999999999994,0.015531410993577145,0.040999999999999925,0.010192871921438258,0.016000000000000014,1.5237521979365356,0.02499999999999991
404,3B0019B8CC,265-2024-12-15,2024-12-15 14:35:30.262,0.1572272238629591,0.02432160425562724,0.07299999999999995,0.015231392497127632,0.053999999999999826,0.009847073222029833,0.019000000000000128,1.5467938699848418,0.0349999999999997
405,01103F97C4,266-2024-12-15,2024-12-15 14:35:38.262,0.1676441888996202,0.025544374809701276,0.06000000000000005,0.016155242661057747,0.040000000000000036,0.010139469980073866,0.020000000000000018,1.593302479597662,0.020000000000000018
406,3B0019B8CC,269-2024-12-15,2024-12-15 14:36:12.263,0.157227223862959,0.025286828300347675,0.05899999999999994,0.017289621379429854,0.04299999999999993,0.008783401904679501,0.016000000000000014,1.968442474460667,0.026999999999999913
407,3B00199DE5,270-2024-12-15,2024-12-15 14:36:36.263,0.1056314595246609,0.013590295781557623,0.051999999999999935,0.008672475507754572,0.03300000000000003,0.005320415461746078,0.018999999999999906,1.6300372724855587,0.014000000000000123
408,01103F97C4,271-2024-12-15,2024-12-15 14:36:43.263,0.1369445452917881,0.02808338237784502,0.06899999999999995,0.016447844029517912,0.04899999999999993,0.012516873008277907,0.020000000000000018,1.3140537591649526,0.028999999999999915
409,0700ED9568,272-2024-12-15,2024-12-15 14:37:07.263,0.1629727087519889,0.023663942489494223,0.07499999999999996,0.014776393098015825,0.05499999999999994,0.009594349022140986,0.020000000000000018,1.5401141926269495,0.03499999999999992
410,3B00190DF0,275-2024-12-15,2024-12-15 14:38:17.263,0.1906751993966664,0.023758086456312808,0.069,0.015936108776098242,0.05400000000000005,0.008691010428474541,0.014999999999999958,1.8336313029709908,0.03900000000000009
411,3B0018A99B,276-2024-12-15,2024-12-15 14:38:29.266,0.0957532417517765,0.004194040866809609,0.03599999999999981,0.0026733964358696917,0.02299999999999991,0.0017040242241170014,0.0129999999999999,1.5688723188515725,0.010000000000000009
412,3B0019B8CC,277-2024-12-15,2024-12-15 14:38:35.264,0.157227223862959,0.02563999952732884,0.061000000000000054,0.015525063349965292,0.041000000000000036,0.010870001105333952,0.020000000000000018,1.4282485530150573,0.02100000000000002
413,3B001857EE,280-2024-12-15,2024-12-15 14:39:56.265,0.0917963177164509,0.0055907720246411415,0.05100000000000002,0.00369443886973573,0.033,0.0020566829368024527,0.018000000000000016,1.7963093890784714,0.014999999999999986
414,3B0019B8CC,281-2024-12-15,2024-12-15 14:40:01.265,0.1671428952138169,0.026378345004844497,0.05699999999999994,0.016508738928407908,0.03699999999999992,0.010658468407690525,0.020000000000000018,1.548884726861523,0.016999999999999904
415,3B0019B8CC,283-2024-12-15,2024-12-15 14:41:30.265,0.1689675432715787,0.025011513127375182,0.05499999999999994,0.01617150016277665,0.03699999999999992,0.00960766396467664,0.018000000000000016,1.683187528439014,0.018999999999999906
416,01103F97C4,285-2024-12-15,2024-12-15 14:41:53.265,0.1676441888996201,0.024131869024281594,0.04899999999999949,0.014769983809712993,0.03200000000000003,0.010256544636496919,0.01699999999999946,1.440054553768083,0.015000000000000568
417,01103F97C4,286-2024-12-15,2024-12-15 14:42:40.265,0.1578056141868498,0.024431602255392915,0.051000000000000156,0.01464896227611906,0.03300000000000036,0.010648833953302447,0.017999999999999794,1.3756400316089143,0.015000000000000568
418,01103F8EAC,287-2024-12-15,2024-12-15 14:45:56.270,0.1759518000517584,0.02364039872950467,0.07000000000000006,0.01551064215503543,0.050999999999999934,0.0087814386947407,0.019000000000000128,1.7662985182968851,0.031999999999999806
419,01103F8EAC,289-2024-12-15,2024-12-15 14:49:55.271,0.1759518000517584,0.024690977822608155,0.06400000000000006,0.015620939611704543,0.04400000000000004,0.009743949297074965,0.020000000000000018,1.6031425385591642,0.02400000000000002
420,3B00485E69,290-2024-12-15,2024-12-15 14:50:47.271,0.1037549080401284,0.0031568094434924763,0.07400000000000001,0.0013355597433928792,0.030999999999999972,0.0018918952512010571,0.04300000000000004,0.7059374680204985,-0.012000000000000066
421,3B0018C2F6,291-2024-12-15,2024-12-15 14:51:10.271,0.161843915270995,0.02838644818241135,0.049000000000000044,0.017624896838267703,0.030000000000000027,0.011742179722509015,0.019000000000000017,1.5009902126163077,0.01100000000000001
422,01103F8EAC,294-2024-12-15,2024-12-15 14:56:01.262,0.1759518000517584,0.022115451521987548,0.07000000000000006,0.015197083351531965,0.05300000000000016,0.007567193014009628,0.016999999999999904,2.008285413547221,0.036000000000000254
423,3B0018C2F6,297-2024-12-15,2024-12-15 14:59:56.257,0.1633946508405222,0.016120695772974716,0.05999999999999983,0.011565795108190972,0.04299999999999993,0.004970619265150534,0.016999999999999904,2.3268318274304005,0.026000000000000023
424,3B001874E8,298-2024-12-15,2024-12-15 15:00:59.257,0.1018111252855717,0.016057559204741993,0.04899999999999999,0.006816232981867952,0.021999999999999964,0.00975958141155021,0.027000000000000024,0.6984144805433067,-0.00500000000000006
425,3B00192E1E,301-2024-12-15,2024-12-15 15:03:18.255,0.0993462662724388,0.0022149378248963658,0.07899999999999996,0.001399287095589314,0.05500000000000005,0.000878486830698608,0.02399999999999991,1.5928378738205382,0.03100000000000014
426,3B00192E1E,306-2024-12-15,2024-12-15 15:13:47.258,0.1007525158752752,0.003594935462792871,0.07600000000000001,0.0022490170719851434,0.05499999999999999,0.0014612472475038713,0.02100000000000002,1.539107824378766,0.033999999999999975
427,3B00192E1E,308-2024-12-15,2024-12-15 15:15:04.257,0.1025424514865412,0.0046899383470384755,0.07499999999999984,0.002730085257214785,0.05499999999999994,0.0020998823164890767,0.019999999999999907,1.3001134567290342,0.03500000000000003
428,01103F97C4,309-2024-12-15,2024-12-15 15:17:11.259,0.1676441888996202,0.027155315300909203,0.05399999999999994,0.016037250712040017,0.03400000000000003,0.012019138993596223,0.019999999999999907,1.3343094476721367,0.014000000000000123
429,3B00192E1E,310-2024-12-15,2024-12-15 15:18:42.259,0.1034271221515451,0.004514086038332056,0.06,0.002736816567573466,0.03699999999999998,0.0019204355063174772,0.02300000000000002,1.4251020451196703,0.013999999999999957
430,3B00190DF0,312-2024-12-15,2024-12-15 15:22:10.258,0.1906751993966664,0.026277952965725295,0.05799999999999983,0.01698230495534013,0.041999999999999815,0.010258986387429237,0.016000000000000014,1.6553589520451313,0.0259999999999998
431,01103F97C4,314-2024-12-15,2024-12-15 15:23:50.261,0.1619028596250599,0.030011784917641202,0.07300000000000006,0.017892087911016187,0.05300000000000005,0.013020416287400034,0.020000000000000018,1.3741563645956936,0.03300000000000003
432,3B00191394,316-2024-12-15,2024-12-15 15:24:17.260,0.0925870852449767,0.013011597511318702,0.04899999999999993,0.007418241740088025,0.030000000000000027,0.006068306327753014,0.018999999999999906,1.2224567019896748,0.01100000000000012
433,01103F8EAC,317-2024-12-15,2024-12-15 15:32:40.264,0.1775638911997314,0.02681648120689491,0.06800000000000006,0.011771838612245481,0.03600000000000003,0.015681654546806555,0.03200000000000003,0.7506758025506131,0.0040000000000000036
434,3B004CD4DE,318-2024-12-15,2024-12-15 15:32:49.263,0.095072996479498,0.01548306100852554,0.04600000000000004,0.006558313692606828,0.020000000000000018,0.009438591713034683,0.026000000000000023,0.694840278295946,-0.006000000000000005
435,3B00199DE5,319-2024-12-15,2024-12-15 15:32:55.263,0.1056314595246609,0.012544688435448394,0.04499999999999993,0.006442510921063243,0.02299999999999991,0.0065319903091140535,0.02200000000000002,0.9863013593382158,0.0009999999999998899
436,3B004CD4DE,321-2024-12-15,2024-12-15 15:34:48.264,0.0950729964794981,0.012147088892445715,0.07,0.007225604032719416,0.043999999999999984,0.00523684872751494,0.026000000000000023,1.3797618393587257,0.01799999999999996
437,3B0019B8CC,322-2024-12-15,2024-12-15 15:35:04.265,0.157227223862959,0.026352182112351043,0.052999999999999936,0.01535701982720198,0.03200000000000003,0.011832918091309385,0.020999999999999908,1.2978218651307027,0.01100000000000012
438,01103F8EAC,323-2024-12-15,2024-12-15 15:35:12.264,0.1759518000517584,0.023327675412254598,0.06600000000000028,0.015205002180150261,0.04700000000000015,0.008786363595098417,0.019000000000000128,1.730522760136237,0.028000000000000025
439,3B00182A81,324-2024-12-15,2024-12-15 15:35:24.264,0.1200314724929308,0.002767717715454438,0.04799999999999999,0.0012726770810005746,0.019999999999999962,0.0016075057710506029,0.028000000000000025,0.7917091832079723,-0.008000000000000063
440,3B00199DE5,325-2024-12-15,2024-12-15 15:36:15.265,0.1056314595246609,0.015609021800422182,0.04800000000000004,0.00589313722358563,0.019000000000000128,0.01020124891704158,0.028999999999999915,0.5776878175907381,-0.009999999999999787
441,3B0019B8CC,327-2024-12-15,2024-12-15 15:36:39.265,0.1748921348095429,0.02917832389995805,0.062000000000000055,0.018000423191973567,0.040999999999999925,0.012030474705101662,0.02100000000000013,1.4962354880593598,0.019999999999999796
442,3B0018C2F6,328-2024-12-15,2024-12-15 15:36:50.266,0.1500125646148875,0.028795330541316486,0.05500000000000005,0.016677199585754768,0.03300000000000003,0.013069022834248411,0.02200000000000002,1.2760861923089493,0.01100000000000001
443,3B00190DF0,329-2024-12-15,2024-12-15 15:37:14.265,0.1741347718611551,0.027120527857844565,0.07099999999999995,0.018909175947682464,0.05499999999999994,0.00906969946785776,0.016000000000000014,2.084873486127624,0.038999999999999924
444,3B004CD4DE,330-2024-12-15,2024-12-15 15:37:30.267,0.095072996479498,0.013400487784965148,0.06599999999999995,0.008712779640941293,0.04800000000000004,0.00511499606759741,0.017999999999999905,1.7033795384780848,0.030000000000000138
445,3B00190DF0,331-2024-12-15,2024-12-15 15:37:51.266,0.1906751993966664,0.026055551668810423,0.04800000000000004,0.01676224449697846,0.03200000000000003,0.010220898039455136,0.016000000000000014,1.639997232363746,0.016000000000000014
446,01103F8EAC,333-2024-12-15,2024-12-15 15:39:10.268,0.1759518000517584,0.023085237612825577,0.06699999999999995,0.016039938593853244,0.04999999999999993,0.007682708249363412,0.017000000000000015,2.0877974372100243,0.03299999999999992
447,3B0018C2F6,335-2024-12-15,2024-12-15 15:39:27.267,0.1500125646148875,0.026954130635581122,0.049000000000000155,0.016098454893875513,0.029000000000000137,0.011769634858186396,0.020000000000000018,1.3677956103012148,0.009000000000000119
448,3B00199DE5,336-2024-12-15,2024-12-15 15:39:55.268,0.1056314595246609,0.012362370892311056,0.06000000000000005,0.008085098517973918,0.04200000000000004,0.004654790254649656,0.018000000000000016,1.7369415324133535,0.02400000000000002
449,01103F8EAC,337-2024-12-15,2024-12-15 15:43:15.268,0.1814517556540144,0.0265654101372217,0.05899999999999972,0.011449822767353157,0.028000000000000025,0.0158015998719907,0.030999999999999694,0.7245989558088144,-0.0029999999999996696
450,01103F8EAC,339-2024-12-15,2024-12-15 15:51:29.271,0.1794227309425039,0.020529843017664567,0.07100000000000017,0.01447830655066915,0.05500000000000016,0.006670776583758541,0.016000000000000014,2.1704079530889615,0.039000000000000146
451,01103F8EAC,340-2024-12-15,2024-12-15 15:52:27.272,0.1759518000517584,0.027790412824340496,0.05699999999999994,0.011957409383630362,0.0259999999999998,0.01658925566980747,0.03100000000000014,0.7207923985036235,-0.0050000000000003375
452,3B00190DF0,341-2024-12-15,2024-12-15 15:52:53.274,0.1906751993966664,0.02332948033520683,0.06400000000000006,0.015263514535766591,0.049000000000000155,0.008944659768783858,0.014999999999999902,1.7064388059828757,0.03400000000000025
453,3B004CD4DE,342-2024-12-15,2024-12-15 15:53:15.274,0.095072996479498,0.013096596737816142,0.07699999999999996,0.006282314821160677,0.05499999999999994,0.007261189062695627,0.02200000000000002,0.8651909166552462,0.03299999999999992
454,3B00190DF0,343-2024-12-15,2024-12-15 15:55:32.269,0.1758180642405241,0.024202692706188928,0.06899999999999995,0.017077949946779927,0.05499999999999994,0.008001500075242597,0.014000000000000012,2.134343533860698,0.040999999999999925
455,3B00182A81,2-2024-12-23,2024-12-23 08:17:13.163,0.1189321598688551,0.00904478146741912,0.061999999999999944,0.005458560705901754,0.049000000000000044,0.004049106824147874,0.0129999999999999,1.3480900709628711,0.03600000000000014
456,3B00186A36,3-2024-12-23,2024-12-23 08:20:33.166,0.1028402715052756,0.0042195093673606235,0.03300000000000014,0.0024333623780844068,0.019000000000000128,0.001983501058858139,0.014000000000000012,1.2268016531764512,0.0050000000000001155
457,3B0019B8CC,7-2024-12-23,2024-12-23 08:25:35.169,0.1509517637885716,0.025013662141207448,0.06600000000000006,0.014889213003041387,0.04600000000000004,0.010894850604109779,0.020000000000000018,1.3666284691801873,0.026000000000000023
458,3B00182A81,8-2024-12-23,2024-12-23 08:26:01.170,0.1189321598688551,0.009940813184735693,0.051000000000000045,0.006314155523881129,0.03400000000000003,0.003990551541729657,0.017000000000000015,1.5822763991025495,0.017000000000000015
459,3B0019B8CC,9-2024-12-23,2024-12-23 08:26:35.169,0.1540612059399421,0.027261269942756777,0.054999999999999966,0.009304551930194372,0.02099999999999999,0.018652929464373164,0.033999999999999975,0.4988252353586571,-0.012999999999999984
460,01103FA4B2,10-2024-12-23,2024-12-23 08:26:39.168,0.1028782571970058,0.012003333858512835,0.052000000000000046,0.007107401309716686,0.03299999999999992,0.005320304360351772,0.019000000000000128,1.3359012620937258,0.01399999999999979
461,3B0019B8CC,11-2024-12-23,2024-12-23 08:27:56.170,0.1540612059399421,0.02681017221098595,0.05400000000000005,0.010659089422422855,0.02400000000000002,0.016874036175252658,0.030000000000000027,0.6316858226282221,-0.006000000000000005
462,3B00192E1E,12-2024-12-23,2024-12-23 08:28:18.172,0.1007525158752752,0.011066582560536829,0.061999999999999944,0.005189530033982306,0.03500000000000003,0.0061935634505103565,0.026999999999999913,0.8378908322243285,0.008000000000000118
463,01103F9A64,13-2024-12-23,2024-12-23 08:28:24.172,0.1892092603376109,0.02297473807727581,0.051000000000000045,0.014404863881965888,0.03399999999999992,0.009414439624674616,0.017000000000000126,1.5300819226894509,0.016999999999999793
464,3B0018C6F9,14-2024-12-23,2024-12-23 08:28:46.170,0.0913814598709635,0.01324422731841373,0.04700000000000015,0.0076664891734545895,0.028000000000000025,0.0060686783920081535,0.019000000000000128,1.2632880963918922,0.008999999999999897
465,01103F9A64,16-2024-12-23,2024-12-23 08:30:48.171,0.1892092603376109,0.02638659376518904,0.04800000000000004,0.015220057105781283,0.028999999999999915,0.012098477134398228,0.019000000000000128,1.2580142886337173,0.009999999999999787
466,01103F9A64,17-2024-12-23,2024-12-23 08:31:59.173,0.1892092603376109,0.02351127674156375,0.06300000000000017,0.011805248156463423,0.03400000000000025,0.012408759517257175,0.028999999999999915,0.9513640859947013,0.0050000000000003375
467,3B00182A81,18-2024-12-23,2024-12-23 08:32:28.174,0.1189321598688551,0.003153087027837268,0.036000000000000004,0.002002466697842998,0.023999999999999994,0.0012961850229196515,0.01200000000000001,1.5448926368030775,0.011999999999999983
468,3B004CD4DE,19-2024-12-23,2024-12-23 08:36:01.175,0.1003986183690209,0.013547968140533554,0.04800000000000004,0.005637317421566681,0.02200000000000002,0.008341822537522647,0.026000000000000023,0.6757896606178403,-0.0040000000000000036
469,3B00192E1E,20-2024-12-23,2024-12-23 08:36:39.175,0.1007525158752752,0.010887447734195706,0.057999999999999996,0.005061322627341653,0.030999999999999972,0.006145367847360336,0.027000000000000024,0.8235996205687962,0.003999999999999948
470,011016B2E1,22-2024-12-23,2024-12-23 08:37:23.175,0.093739817962191,0.014022286180862271,0.04600000000000026,0.005990791739543805,0.020000000000000018,0.008497058877616162,0.026000000000000245,0.7050429832050915,-0.006000000000000227
471,011016B2E1,27-2024-12-23,2024-12-23 08:40:47.179,0.0976091307030263,0.014261192551295392,0.04800000000000004,0.006298545356531326,0.02200000000000002,0.008443833964283427,0.026000000000000023,0.7459342975209535,-0.0040000000000000036
472,011016B2E1,28-2024-12-23,2024-12-23 08:40:56.178,0.1014097522133409,0.013812192910637944,0.04699999999999993,0.005675274019899902,0.020000000000000018,0.008607642858982837,0.026999999999999913,0.6593296344744661,-0.006999999999999895
473,3B0018D520,29-2024-12-23,2024-12-23 08:42:44.180,0.0967763563862768,0.012081120680118119,0.07800000000000007,0.005855963788166489,0.05499999999999994,0.006618926329148922,0.02300000000000013,0.8847301657336113,0.031999999999999806
474,3B004873F2,31-2024-12-23,2024-12-23 08:47:27.182,0.0909228299072967,0.013635859811514286,0.04699999999999993,0.00585203518893717,0.020999999999999908,0.008218556027687148,0.026000000000000023,0.7120515050603166,-0.0050000000000001155
475,3B004873F2,32-2024-12-23,2024-12-23 08:48:57.187,0.0931862285874362,0.01347670762212032,0.04600000000000004,0.006590078501826406,0.02300000000000002,0.007332498778327772,0.02300000000000002,0.8987493487628402,0.0
476,3B004873F2,33-2024-12-23,2024-12-23 08:50:40.186,0.1059223398213607,0.013892825485595648,0.045999999999999985,0.006176302714577017,0.02100000000000002,0.008167305138630513,0.024999999999999967,0.7562228433665029,-0.003999999999999948
477,01103F9A64,34-2024-12-23,2024-12-23 08:52:15.178,0.1892092603376109,0.026329758279511936,0.04800000000000004,0.015307928283498952,0.028999999999999915,0.01196918875734029,0.019000000000000128,1.2789445127691823,0.009999999999999787
478,3B004873F2,38-2024-12-23,2024-12-23 09:02:14.131,0.1059223398213607,0.01294569948712114,0.04499999999999993,0.005909901131110349,0.020999999999999908,0.007466816168993023,0.02400000000000002,0.791488768084585,-0.0030000000000001137
479,01103F9A64,39-2024-12-23,2024-12-23 09:03:22.133,0.1892092603376109,0.02546500661561994,0.07200000000000006,0.01588881557267084,0.05500000000000016,0.010471407878509269,0.016999999999999904,1.5173523710483907,0.038000000000000256
480,3B0018C6F9,42-2024-12-23,2024-12-23 09:05:13.133,0.0915729526840035,0.011103368628973773,0.05799999999999983,0.006389864553430624,0.03799999999999981,0.00512651471008667,0.020000000000000018,1.2464344520182984,0.017999999999999794
481,3B0018D520,43-2024-12-23,2024-12-23 09:05:44.132,0.0967763563862768,0.011029953134848605,0.07400000000000007,0.006749161378537323,0.05499999999999994,0.004647921921470493,0.019000000000000128,1.4520814877204407,0.03599999999999981
482,3B004873F2,44-2024-12-23,2024-12-23 09:17:32.842,0.1059223398213607,0.013079398405199158,0.04800000000000004,0.00535646445689093,0.02100000000000002,0.008120107044734837,0.027000000000000024,0.659654414329934,-0.006000000000000005
483,01103F9A64,45-2024-12-23,2024-12-23 09:18:55.841,0.1892092603376109,0.02837384452345835,0.04899999999999993,0.01848420827975073,0.030999999999999917,0.010796995815858728,0.018000000000000016,1.711976979059393,0.0129999999999999
484,3B0018A99B,47-2024-12-23,2024-12-23 09:19:33.841,0.0957532417517765,0.0016849884585659791,0.02300000000000002,0.0009645230486683004,0.013000000000000012,0.0008419387187624622,0.010000000000000009,1.1455976868316744,0.0030000000000000027
485,01103F97C4,48-2024-12-23,2024-12-23 09:20:19.842,0.1544614135255227,0.024574655491647522,0.051000000000000156,0.014540504104115597,0.03200000000000003,0.010887844616424275,0.019000000000000128,1.335480493740818,0.0129999999999999
486,01103F97C4,49-2024-12-23,2024-12-23 09:21:11.842,0.1559761581216949,0.02402691485707543,0.052000000000000046,0.014432680287497487,0.03400000000000003,0.010448805211108355,0.018000000000000016,1.3812756574458664,0.016000000000000014
487,3B004873F2,50-2024-12-23,2024-12-23 09:23:43.846,0.0944341642691134,0.012667139833385967,0.07899999999999996,0.005043652461057717,0.052999999999999936,0.008044645072509583,0.026000000000000023,0.6269577359345594,0.026999999999999913
488,3B004873F2,51-2024-12-23,2024-12-23 09:25:18.846,0.1059223398213607,0.01301190585086053,0.04500000000000004,0.005401312174482513,0.019000000000000017,0.008044965299737257,0.026000000000000023,0.6713903631950925,-0.007000000000000006
489,3B004873F2,52-2024-12-23,2024-12-23 09:26:39.847,0.1059223398213607,0.012318398347090746,0.08100000000000002,0.003432035614386429,0.05199999999999999,0.00932292922405022,0.029000000000000026,0.3681284639094823,0.022999999999999965
490,3B004CD4DE,53-2024-12-23,2024-12-23 09:33:13.851,0.0959796482090267,0.014747027800670442,0.04800000000000004,0.006431552409183618,0.02200000000000002,0.00880726641878564,0.026000000000000023,0.7302552350937523,-0.0040000000000000036
491,3B004873F2,55-2024-12-23,2024-12-23 09:34:08.851,0.1059223398213607,0.012568964098665565,0.053999999999999826,0.00608012267398019,0.029000000000000137,0.006863957890642797,0.02499999999999969,0.8858041921074195,0.004000000000000448
492,3B00190DF0,56-2024-12-23,2024-12-23 09:34:25.852,0.1743258769738473,0.02470407488519784,0.050000000000000044,0.01604231869218195,0.03400000000000003,0.009558864282720224,0.016000000000000014,1.6782661849464704,0.018000000000000016
493,3B004CD4DE,57-2024-12-23,2024-12-23 09:35:20.853,0.1003986183690209,0.01371378751422916,0.046999999999999986,0.006344618351782392,0.022999999999999965,0.007824754903917529,0.02400000000000002,0.8108392441283887,-0.0010000000000000564
494,3B00190DF0,58-2024-12-23,2024-12-23 09:35:42.852,0.1732102861960218,0.02513430224978166,0.052999999999999936,0.016833352971053487,0.038000000000000034,0.009221299529265594,0.014999999999999902,1.8254859759873927,0.02300000000000013
495,3B00192E1E,60-2024-12-23,2024-12-23 09:37:00.853,0.1007525158752752,0.011474251871861383,0.051000000000000045,0.004978546933038012,0.02400000000000002,0.006860751747700249,0.027000000000000024,0.7256561840627509,-0.0030000000000000027
496,3B0019F652,61-2024-12-23,2024-12-23 09:37:33.854,0.0885024370460512,0.004149085241415928,0.03899999999999998,0.002584584398560951,0.024999999999999967,0.0017401450898739603,0.014000000000000012,1.4852694833326536,0.010999999999999954
497,3B004AB6A7,62-2024-12-23,2024-12-23 09:38:11.853,0.1102171940244457,0.013807653770518319,0.07,0.010377289767870241,0.05499999999999999,0.003788978386396247,0.015000000000000013,2.738809438746953,0.03999999999999998
498,3B0019F652,64-2024-12-23,2024-12-23 09:40:19.855,0.0885024370460512,0.0003557037667505183,0.013999999999999957,0.00021554134266549247,0.007999999999999952,0.00017660963826946285,0.006000000000000005,1.2204392963912276,0.0019999999999999463
499,011016B2E1,65-2024-12-23,2024-12-23 09:43:26.857,0.1014097522133409,0.014627475881377843,0.04600000000000004,0.006069811918712171,0.020000000000000018,0.009050920579986164,0.026000000000000023,0.67062923213955,-0.006000000000000005
500,011016B2E1,66-2024-12-23,2024-12-23 09:44:43.857,0.0950046993710664,0.014781802048581674,0.04299999999999926,0.0062309154551773,0.017999999999999794,0.009076741197334452,0.024999999999999467,0.6864705426444373,-0.006999999999999673
501,3B0019F652,68-2024-12-23,2024-12-23 09:46:11.857,0.0885024370460512,0.004936768931265454,0.037000000000000144,0.0031146929650151317,0.02300000000000013,0.0020296007515127256,0.014000000000000012,1.5346333325377677,0.009000000000000119
502,3B0019F652,69-2024-12-23,2024-12-23 09:47:29.859,0.0885024370460512,0.0021876794875481656,0.03200000000000003,0.0013913401739778977,0.020999999999999908,0.0009171272364678472,0.01100000000000012,1.517063411328179,0.009999999999999787
503,3B004873F2,71-2024-12-23,2024-12-23 09:47:58.862,0.1059223398213607,0.013698587689976319,0.049000000000000044,0.0060828518217761795,0.02300000000000002,0.008032433310566819,0.026000000000000023,0.7572863149419581,-0.0030000000000000027
504,011016B2E1,73-2024-12-23,2024-12-23 09:50:27.859,0.1014097522133409,0.0053214096863573555,0.03400000000000003,0.003058338373380917,0.019000000000000128,0.0025026736857870226,0.014999999999999902,1.222028421343773,0.004000000000000226
505,3B00186A36,75-2024-12-23,2024-12-23 09:51:42.861,0.1028402715052756,0.0023768654823470136,0.068,0.0013525471346731992,0.03199999999999997,0.0011096217157155264,0.03600000000000003,1.2189263381539224,-0.004000000000000059
506,3B0018A99B,76-2024-12-23,2024-12-23 10:01:14.823,0.0957532417517765,0.0031401585774338764,0.031000000000000028,0.0019449958838931587,0.019000000000000017,0.0013616506678941788,0.01200000000000001,1.428410332953558,0.007000000000000006
507,01103F97C4,77-2024-12-23,2024-12-23 10:01:22.822,0.1558864770649923,0.02433755444811669,0.06300000000000017,0.015262118237555005,0.04500000000000015,0.009869256271394924,0.018000000000000016,1.5464304318240034,0.027000000000000135
508,01103F9A64,79-2024-12-23,2024-12-23 10:04:12.824,0.1892092603376109,0.027658577496021897,0.051000000000000156,0.016603404960827295,0.03200000000000003,0.012006136191721929,0.019000000000000128,1.382909930030206,0.0129999999999999
509,01103F9A64,82-2024-12-23,2024-12-23 10:05:10.824,0.1776695121239383,0.027948021197012906,0.052999999999999936,0.017992940439862156,0.03499999999999992,0.01085515528976175,0.018000000000000016,1.6575479539046805,0.016999999999999904
510,3B00190DF0,83-2024-12-23,2024-12-23 10:05:17.824,0.1732102861960218,0.026498810385453292,0.05600000000000005,0.017761276044414395,0.040999999999999925,0.009671032176233683,0.015000000000000124,1.836543992487408,0.0259999999999998
511,01103F9A64,84-2024-12-23,2024-12-23 10:05:47.827,0.1892092603376109,0.028325267482583356,0.052000000000000046,0.017790816087074345,0.03400000000000003,0.011485277921535331,0.018000000000000016,1.5490104992336224,0.016000000000000014
512,01103F97C4,85-2024-12-23,2024-12-23 10:06:12.824,0.1576335356365914,0.024767630304591053,0.06099999999999994,0.013868895610281873,0.040999999999999925,0.011746101878117426,0.020000000000000018,1.1807232522066862,0.020999999999999908
513,3B00190DF0,86-2024-12-23,2024-12-23 10:06:20.825,0.1815137153910027,0.02545280207832013,0.05600000000000005,0.016517012270861154,0.040000000000000036,0.009888577720141647,0.016000000000000014,1.6703122267238002,0.02400000000000002
514,01103F9A64,87-2024-12-23,2024-12-23 10:06:42.825,0.1892092603376109,0.02749416125504444,0.06400000000000006,0.016200508254524792,0.04300000000000015,0.012198958695170466,0.020999999999999908,1.3280238632940473,0.02200000000000024
515,3B00190DF0,91-2024-12-23,2024-12-23 10:08:19.827,0.1809910937361683,0.014126513999035663,0.05900000000000016,0.010160027342664822,0.04600000000000026,0.004486517164499939,0.0129999999999999,2.264568922873439,0.03300000000000036
516,01103F97C4,92-2024-12-23,2024-12-23 10:08:24.826,0.1830689426539151,0.023634213075166534,0.07699999999999996,0.012490959279221215,0.05499999999999994,0.011968426761605274,0.02200000000000002,1.0436592484562988,0.03299999999999992
517,01103F9A64,93-2024-12-23,2024-12-23 10:09:07.825,0.1892092603376109,0.029490577595061247,0.05699999999999994,0.016746677666799083,0.03500000000000014,0.013661481395186085,0.021999999999999797,1.2258317515039132,0.013000000000000345
518,3B00190DF0,96-2024-12-23,2024-12-23 10:10:32.827,0.1760210128572649,0.024053196373639903,0.05999999999999983,0.016087570026104493,0.04499999999999993,0.008852117499146718,0.014999999999999902,1.8173696889648403,0.030000000000000027
519,3B001877B5,98-2024-12-23,2024-12-23 10:22:51.835,0.1720534263134757,0.022115283909598375,0.05699999999999994,0.01526034782139265,0.040999999999999925,0.007527451567996453,0.016000000000000014,2.0272927276308503,0.02499999999999991
520,3B004873F2,100-2024-12-23,2024-12-23 10:24:42.836,0.1059223398213607,0.010988268837560764,0.07000000000000006,0.006659244026275869,0.05400000000000005,0.004744081367864957,0.016000000000000014,1.4036951540046665,0.038000000000000034
521,3B004CD4DE,103-2024-12-23,2024-12-23 10:25:27.837,0.1003986183690209,0.01294941244934354,0.04300000000000004,0.00772361518799792,0.026000000000000023,0.0057224221259018606,0.017000000000000015,1.3497108423787714,0.009000000000000008
522,3B001877B5,104-2024-12-23,2024-12-23 10:25:32.835,0.1713048339622624,0.026172622259230033,0.062000000000000055,0.015321626586274362,0.039000000000000146,0.011588759637542105,0.02299999999999991,1.3221109994066607,0.016000000000000236
523,01103FA4B2,105-2024-12-23,2024-12-23 10:26:06.836,0.1028782571970058,0.0119832593817097,0.07099999999999995,0.00727631343978735,0.052999999999999936,0.005113365518097691,0.018000000000000016,1.4229988867477508,0.03499999999999992
524,01103F97C4,108-2024-12-23,2024-12-23 10:28:45.838,0.1830689426539151,0.02348604549934587,0.051000000000000156,0.014333956163854902,0.03200000000000003,0.009932018446432987,0.019000000000000128,1.4432067601528509,0.0129999999999999
525,01103F97C4,110-2024-12-23,2024-12-23 10:31:33.839,0.1549510551162245,0.025448821420719747,0.050000000000000044,0.015980413941695467,0.03200000000000003,0.010325768379637678,0.018000000000000016,1.5476246758748433,0.014000000000000012
526,01103F97C4,112-2024-12-23,2024-12-23 10:32:55.840,0.1830689426539151,0.023741105678032164,0.04700000000000015,0.013258204695819193,0.026000000000000023,0.011318792307531828,0.02100000000000013,1.1713444628714345,0.004999999999999893
527,3B001877B5,115-2024-12-23,2024-12-23 10:37:37.841,0.1655823298643489,0.021320436875387705,0.07099999999999973,0.015084338529736344,0.054999999999999716,0.006894020611539393,0.016000000000000014,2.1880321193829597,0.0389999999999997
528,3B0019B8CC,117-2024-12-23,2024-12-23 10:38:09.843,0.1540612059399421,0.023225818196167498,0.050000000000000044,0.015929530626832215,0.03400000000000003,0.008000776340740753,0.016000000000000014,1.990998116734929,0.018000000000000016
529,3B0019B8CC,118-2024-12-23,2024-12-23 10:39:16.843,0.1540612059399421,0.02231302362242309,0.05399999999999994,0.011982806148061647,0.030000000000000027,0.011052829293297447,0.02399999999999991,1.0841392579299263,0.006000000000000116
530,3B00190DF0,119-2024-12-23,2024-12-23 10:39:45.842,0.1732102861960218,0.02697786286169266,0.05900000000000016,0.016951587728934882,0.041999999999999815,0.01098900066906454,0.017000000000000348,1.5425959320082485,0.024999999999999467
531,3B001877B5,121-2024-12-23,2024-12-23 10:39:58.844,0.1751151383277505,0.023185155649253796,0.06499999999999995,0.016085115687812263,0.04800000000000049,0.007771604911714203,0.01699999999999946,2.0697289518111037,0.031000000000001027
532,01103F97C4,123-2024-12-23,2024-12-23 10:40:35.843,0.1830689426539151,0.02496221877187028,0.050000000000000044,0.014689671451637814,0.030000000000000027,0.011081835718998725,0.020000000000000018,1.3255630045529196,0.010000000000000009
533,01103F9A64,128-2024-12-23,2024-12-23 10:42:07.845,0.1892092603376109,0.02818263202396504,0.05900000000000016,0.017105351082722372,0.040000000000000036,0.012032570267708993,0.019000000000000128,1.421587466530477,0.020999999999999908
534,3B001877B5,129-2024-12-23,2024-12-23 10:42:46.844,0.1725913927791745,0.023559374483512113,0.06300000000000006,0.015739994496328527,0.04500000000000004,0.008533010931202952,0.018000000000000016,1.8446002968039747,0.027000000000000024
535,01103F9A64,130-2024-12-23,2024-12-23 10:43:11.845,0.1892092603376109,0.03397595198255097,0.054999999999999716,0.015877640792485166,0.028000000000000025,0.019026700655210782,0.02699999999999969,0.8344925943919135,0.001000000000000334
536,3B004873F2,131-2024-12-23,2024-12-23 10:43:17.846,0.1059223398213607,0.013863247717395059,0.04700000000000004,0.005799250203975824,0.02100000000000002,0.008525581409096282,0.026000000000000023,0.6802175623809507,-0.0050000000000000044
537,3B00190DF0,132-2024-12-23,2024-12-23 10:43:56.845,0.1776681135273257,0.026057436705704647,0.05500000000000016,0.016725037570071336,0.039000000000000146,0.010262292529984124,0.016000000000000014,1.629756462428304,0.02300000000000013
538,3B001877B5,133-2024-12-23,2024-12-23 10:44:15.845,0.1720534263134757,0.0239877111511045,0.06299999999999994,0.01619306458691952,0.04499999999999993,0.008517742221563467,0.018000000000000016,1.9010982213015617,0.026999999999999913
539,3B0019F652,134-2024-12-23,2024-12-23 10:44:47.848,0.0885024370460512,0.0027476104895719855,0.030999999999999972,0.001636480359212997,0.019000000000000017,0.0012561289585979749,0.011999999999999955,1.3027964589237322,0.007000000000000062
540,01103F9A64,135-2024-12-23,2024-12-23 10:44:51.846,0.1892092603376109,0.028885383250817485,0.05999999999999983,0.01768079851307755,0.039999999999999813,0.012146724906620115,0.020000000000000018,1.455602119007511,0.019999999999999796
541,3B0019B8CC,136-2024-12-23,2024-12-23 10:44:55.847,0.1540612059399421,0.010508274050013953,0.10199999999999998,0.0028806725899873102,0.05499999999999994,0.007923357770142326,0.04700000000000004,0.36356714836765036,0.007999999999999896
542,01103F9A64,140-2024-12-23,2024-12-23 10:46:19.848,0.1892092603376109,0.028365519779259874,0.05899999999999994,0.016354390971782342,0.03799999999999992,0.01293132534325902,0.02100000000000002,1.264711121069097,0.016999999999999904
543,3B0019F652,141-2024-12-23,2024-12-23 10:46:25.846,0.0885024370460512,0.011768568299176102,0.05399999999999999,0.007460314218613933,0.034999999999999976,0.0046752078131783135,0.019000000000000017,1.59571820477906,0.01599999999999996
544,01103F9A64,142-2024-12-23,2024-12-23 10:46:59.846,0.1892092603376109,0.027448975163168705,0.05499999999999994,0.016562437551078196,0.03600000000000003,0.011828166852086453,0.018999999999999906,1.4002539665017182,0.017000000000000126
545,3B001857EE,143-2024-12-23,2024-12-23 10:47:13.846,0.1069375408356136,0.004395252823402964,0.04199999999999998,0.002463238790286717,0.02400000000000002,0.0020900018281456226,0.01799999999999996,1.1785821223286934,0.006000000000000061
546,3B0019F652,145-2024-12-23,2024-12-23 10:47:52.849,0.0885024370460512,0.013368455858838633,0.051000000000000045,0.0061240279555751,0.025000000000000022,0.0076717162941801085,0.026000000000000023,0.7982604831491082,-0.0010000000000000009
547,3B0019F652,146-2024-12-23,2024-12-23 10:48:58.847,0.087896646258373,0.010704353283229528,0.05600000000000005,0.006656488082945368,0.038000000000000256,0.0044136875982974865,0.017999999999999794,1.5081466312914868,0.020000000000000462
548,3B00190DF0,152-2024-12-23,2024-12-23 10:52:02.846,0.1834975432838451,0.024433532066423146,0.04599999999999982,0.014872622210544353,0.029999999999999805,0.010504548364671658,0.016000000000000014,1.4158269060441637,0.01399999999999979
549,01103F97C4,155-2024-12-23,2024-12-23 10:53:09.839,0.1581213048669333,0.027621705335609547,0.05400000000000005,0.018838665270463534,0.037000000000000144,0.009589042941934961,0.016999999999999904,1.9646032857020561,0.02000000000000024
550,3B00190DF0,156-2024-12-23,2024-12-23 10:53:22.836,0.1788010527315007,0.027741916548301826,0.06200000000000028,0.01846867324234312,0.04499999999999993,0.010175873861756727,0.017000000000000348,1.8149471478565236,0.02799999999999958
551,011016B2E1,160-2024-12-23,2024-12-23 10:53:47.833,0.1014097522133409,0.02844283712860432,0.07400000000000007,0.019501032679292377,0.05499999999999994,0.009713519946832325,0.019000000000000128,2.007617504883166,0.03599999999999981
552,3B00192E1E,161-2024-12-23,2024-12-23 10:53:54.832,0.1007525158752752,0.0036184709846115563,0.040000000000000036,0.002251072576786279,0.02499999999999991,0.0015092403829747882,0.015000000000000124,1.4915268648916633,0.009999999999999787
553,3B0018A99B,162-2024-12-23,2024-12-23 10:54:00.830,0.0957532417517765,0.0037005062415136534,0.039000000000000035,0.002361081731545428,0.02400000000000002,0.0014807567162311026,0.015000000000000013,1.5945102295770595,0.009000000000000008
554,01103F9A64,168-2024-12-23,2024-12-23 10:56:55.811,0.1892092603376109,0.02875767268542958,0.05600000000000005,0.0174290332411471,0.03600000000000003,0.01223837169067609,0.020000000000000018,1.4241300788752445,0.016000000000000014
555,3B001877B5,169-2024-12-23,2024-12-23 10:57:02.812,0.1720534263134757,0.02424997536244161,0.062000000000000055,0.01512192261646222,0.04200000000000004,0.00984668163394327,0.020000000000000018,1.5357379448863515,0.02200000000000002
556,01103F9A64,170-2024-12-23,2024-12-23 10:57:36.812,0.1909335607157824,0.029397532907826623,0.05500000000000016,0.016737327102628315,0.03299999999999992,0.013647273186616269,0.02200000000000024,1.2264228079674135,0.010999999999999677
557,01103F9A64,172-2024-12-23,2024-12-23 10:58:11.814,0.1892092603376109,0.030308251570386857,0.05799999999999983,0.01806652593777574,0.03799999999999981,0.013180611628198686,0.020000000000000018,1.370689498135587,0.017999999999999794
558,3B0019B8CC,174-2024-12-23,2024-12-23 10:58:24.812,0.1540612059399421,0.027265031593883,0.05400000000000005,0.012120723844434845,0.026000000000000023,0.015886934887819306,0.028000000000000025,0.7629365846855671,-0.0020000000000000018
559,3B00190DF0,175-2024-12-23,2024-12-23 10:58:30.812,0.1732102861960218,0.02451565254331977,0.06400000000000006,0.016279454866039333,0.049000000000000044,0.009159534021543047,0.015000000000000013,1.7773234782195655,0.03400000000000003
560,3B00190DF0,177-2024-12-23,2024-12-23 11:02:14.815,0.1732102861960218,0.0260117910517367,0.050999999999999934,0.016829483830370237,0.03500000000000003,0.01013457296820681,0.015999999999999903,1.660601180056234,0.019000000000000128
561,3B0019B8CC,178-2024-12-23,2024-12-23 11:04:54.816,0.1573147000685547,0.027305860071350482,0.07899999999999996,0.013299188103922664,0.051999999999999935,0.014734868801135207,0.027000000000000024,0.9025657631168094,0.02499999999999991
562,3B00182A81,182-2024-12-23,2024-12-23 11:17:17.821,0.1189321598688551,0.011970583209451685,0.04700000000000015,0.006879148360090888,0.028000000000000025,0.0055140243978389295,0.019000000000000128,1.2475730725433463,0.008999999999999897
563,01103F97C4,183-2024-12-23,2024-12-23 11:17:36.821,0.1363640182002287,0.02317528869936844,0.06099999999999994,0.017086449460963476,0.04599999999999982,0.006754956848346412,0.015000000000000124,2.529468336299761,0.030999999999999694
564,3B004873F2,184-2024-12-23,2024-12-23 11:18:28.822,0.1059223398213607,0.013971018157968857,0.046999999999999986,0.006314699791212924,0.02200000000000002,0.008104512152843317,0.024999999999999967,0.7791585319540213,-0.002999999999999947
565,3B004873F2,185-2024-12-23,2024-12-23 11:19:17.822,0.1059223398213607,0.013717246716329486,0.04600000000000004,0.0062504102392518315,0.02200000000000002,0.007927870244528784,0.02400000000000002,0.788409755263766,-0.0020000000000000018
566,3B00192E1E,186-2024-12-23,2024-12-23 11:22:54.826,0.1007525158752752,0.01112044038255954,0.07400000000000007,0.005015098059434222,0.04800000000000004,0.006449028566856824,0.026000000000000023,0.7776517048176944,0.02200000000000002
567,3B004CD4DE,188-2024-12-23,2024-12-23 11:25:03.826,0.0944910407866634,0.013375233475181492,0.07199999999999995,0.007769828990945189,0.05500000000000005,0.00613541649533077,0.016999999999999904,1.266389819967113,0.038000000000000145
568,3B00192E1E,189-2024-12-23,2024-12-23 11:26:04.827,0.1007525158752752,0.012568756637546663,0.04599999999999993,0.005297230941853924,0.019999999999999907,0.007683969237659023,0.026000000000000023,0.6893873176759051,-0.006000000000000116
569,3B00186448,195-2024-12-23,2024-12-23 11:35:50.832,0.1499705050319192,0.03020310553832236,0.06299999999999994,0.020351685454316527,0.04300000000000015,0.010626586397992648,0.019999999999999796,1.9151667988283556,0.023000000000000353
570,011016B2E1,196-2024-12-23,2024-12-23 11:35:57.832,0.1006036686048787,0.01469567652876777,0.04699999999999993,0.0063232047232059255,0.02200000000000002,0.00886228473645643,0.02499999999999991,0.7134960014537118,-0.0029999999999998916
571,01103FD2E8,197-2024-12-23,2024-12-23 11:36:05.832,0.1450978894709438,0.027226191459602173,0.062,0.017886840786364162,0.043999999999999984,0.010192283697002091,0.018000000000000016,1.754939454013168,0.025999999999999968
572,01103FD2E8,199-2024-12-23,2024-12-23 11:37:21.832,0.1450978894709438,0.029693420793972556,0.05699999999999994,0.013973835956314047,0.029000000000000137,0.016512441268496644,0.027999999999999803,0.8462610542618014,0.001000000000000334
573,3B0019B8CC,200-2024-12-23,2024-12-23 11:37:33.832,0.1540612059399421,0.025659561090475957,0.04799999999999999,0.01241578837003652,0.02400000000000002,0.0140189153185891,0.023999999999999966,0.8856454360326415,5.551115123125783e-17
574,3B00186448,201-2024-12-23,2024-12-23 11:38:03.832,0.1695725482300766,0.030100328684546804,0.06300000000000017,0.014697926786183809,0.03500000000000014,0.016160135442347425,0.028000000000000025,0.9095175494425674,0.007000000000000117
575,011016B2E1,202-2024-12-23,2024-12-23 11:38:09.832,0.1012352618056847,0.014443671538871643,0.052999999999999936,0.00678130383673051,0.02799999999999958,0.008154516468569078,0.025000000000000355,0.8316009738736191,0.0029999999999992255
576,3B0019F652,205-2024-12-23,2024-12-23 11:38:58.832,0.0926315872225367,0.012130207594940719,0.06399999999999983,0.006818534665041607,0.04299999999999993,0.005679262767491652,0.020999999999999908,1.2006020753382283,0.02200000000000002
577,01103F97C4,207-2024-12-23,2024-12-23 11:39:54.833,0.1571284076054635,0.024619541495428672,0.04999999999999982,0.01550019902577414,0.03200000000000003,0.009959178521639628,0.017999999999999794,1.5563732482648847,0.014000000000000234
578,01103F9A64,209-2024-12-23,2024-12-23 11:40:22.834,0.1892092603376109,0.029401793182354603,0.07299999999999995,0.018637618593945502,0.051999999999999824,0.011612346062192368,0.02100000000000013,1.604983049430994,0.030999999999999694
579,3B004873F2,211-2024-12-23,2024-12-23 11:40:47.834,0.0981655120134232,0.014281836918238623,0.051000000000000045,0.006250026792375712,0.02399999999999991,0.008464610025096676,0.027000000000000135,0.7383714989639265,-0.0030000000000002247
580,01103FD2E8,213-2024-12-23,2024-12-23 11:41:13.833,0.1450978894709438,0.031010816830792962,0.05399999999999999,0.013172016969588259,0.025000000000000022,0.01876077253725323,0.02899999999999997,0.7021041880568942,-0.003999999999999948
581,3B00186448,214-2024-12-23,2024-12-23 11:41:36.835,0.1667086257340426,0.02920721671694785,0.05600000000000005,0.015211466901028686,0.03200000000000003,0.014827208405556368,0.02400000000000002,1.0259157681582407,0.008000000000000007
582,01103F97C4,215-2024-12-23,2024-12-23 11:41:41.834,0.1830689426539151,0.02042137460937941,0.04299999999999993,0.012072440731809294,0.02499999999999991,0.0090796730209138,0.018000000000000016,1.3296118377833714,0.006999999999999895
583,011016B2E1,216-2024-12-23,2024-12-23 11:41:47.833,0.1045526130937398,0.015090869719720188,0.04499999999999993,0.006598225863808308,0.020000000000000018,0.009019472351629998,0.02499999999999991,0.7315534220375849,-0.004999999999999893
584,3B004CD4DE,217-2024-12-23,2024-12-23 11:42:01.835,0.1003986183690209,0.015061448703720653,0.04599999999999993,0.005980797932762555,0.019000000000000017,0.009577538070194703,0.026999999999999913,0.6244608884797647,-0.007999999999999896
585,01103F9A64,218-2024-12-23,2024-12-23 11:42:08.834,0.1877460770616763,0.027202857827298556,0.05300000000000016,0.016027415449220178,0.03400000000000003,0.012146762000146092,0.019000000000000128,1.3194804878063318,0.014999999999999902
586,3B00190DF0,219-2024-12-23,2024-12-23 11:42:24.834,0.1732102861960218,0.024617393746460978,0.06499999999999995,0.015426947710520448,0.04899999999999993,0.010097930725407371,0.016000000000000014,1.527733565422939,0.03299999999999992
587,3B0019F652,221-2024-12-23,2024-12-23 11:42:39.835,0.0885024370460512,0.003944947276269017,0.03600000000000003,0.002395130526516378,0.02200000000000002,0.001719632062863042,0.014000000000000012,1.3928156948461916,0.008000000000000007
588,3B00182A81,225-2024-12-23,2024-12-23 11:44:13.835,0.1189321598688551,0.002396463595361465,0.04799999999999999,0.0016550772538927673,0.03300000000000003,0.0008115645051379323,0.014999999999999958,2.039366240655723,0.01800000000000007
589,3B00186448,227-2024-12-23,2024-12-23 11:44:31.835,0.1740993882573007,0.025206592783986816,0.08099999999999996,0.011859479996027463,0.052999999999999936,0.014055974391652576,0.028000000000000025,0.8437323280177897,0.02499999999999991
590,01103F9A64,233-2024-12-23,2024-12-23 11:46:04.836,0.1860883130202703,0.03144562876169683,0.04999999999999982,0.018428652088365454,0.03000000000000025,0.014040534019105946,0.019999999999999574,1.312532134695752,0.010000000000000675
591,01103F9A64,234-2024-12-23,2024-12-23 11:46:35.837,0.1849201110495422,0.030902948175057517,0.06400000000000006,0.017954125960211093,0.041999999999999815,0.013938257558698363,0.02200000000000024,1.2881183953303095,0.019999999999999574
592,3B00186448,235-2024-12-23,2024-12-23 11:46:52.836,0.1499705050319192,0.027205004400983508,0.07099999999999973,0.019367208472352196,0.05400000000000027,0.008583780668233964,0.01699999999999946,2.2562562140042224,0.03700000000000081
593,3B00191394,237-2024-12-23,2024-12-23 11:47:30.838,0.0979645594476272,0.009087749359106612,0.10999999999999999,0.003956599573068851,0.05500000000000005,0.005537839751203105,0.05499999999999994,0.7144662451110603,1.1102230246251565e-16
594,3B00199DE5,238-2024-12-23,2024-12-23 11:47:38.836,0.1023766071076851,0.004849664644493949,0.07600000000000007,0.002770744072297193,0.05500000000000016,0.0022427299584251406,0.020999999999999908,1.235433656151286,0.03400000000000025
595,3B00186448,240-2024-12-23,2024-12-23 11:48:31.836,0.1604071587631612,0.030190600929070548,0.06099999999999994,0.016093668866301123,0.03599999999999959,0.014889983522597726,0.025000000000000355,1.08083859474234,0.010999999999999233
596,3B00186A36,242-2024-12-23,2024-12-23 11:49:01.838,0.0969838297836515,0.012683515172576019,0.06400000000000006,0.0076977550156285745,0.04300000000000015,0.005334831799113779,0.020999999999999908,1.4429236582317975,0.02200000000000024
597,3B004B0F76,243-2024-12-23,2024-12-23 11:49:44.836,0.1469688858707359,0.02273435251492301,0.06800000000000006,0.01665073100469445,0.05400000000000005,0.0067943973262834375,0.014000000000000012,2.450656063383692,0.040000000000000036
598,3B00192E1E,245-2024-12-23,2024-12-23 11:50:20.839,0.1007525158752752,0.011130037390903262,0.052999999999999936,0.006118426776269893,0.030999999999999917,0.0053569672492155065,0.02200000000000002,1.1421437712104543,0.008999999999999897
599,01103F97C4,249-2024-12-23,2024-12-23 11:52:22.835,0.1830689426539151,0.022770070750665748,0.04700000000000015,0.013315312707174426,0.028000000000000025,0.010212552245127859,0.019000000000000128,1.3038183196102437,0.008999999999999897
600,01103F97C4,250-2024-12-23,2024-12-23 11:53:11.833,0.1830689426539151,0.02351244865810956,0.05499999999999994,0.014693142761737431,0.038000000000000034,0.009637783230198264,0.016999999999999904,1.5245355089227475,0.02100000000000013
601,3B0018A99B,254-2024-12-23,2024-12-23 11:54:52.825,0.0957532417517765,0.003265195711855113,0.03200000000000003,0.002094198289871856,0.020999999999999908,0.0013379171416374894,0.01100000000000012,1.565267552599518,0.009999999999999787
602,3B00186448,255-2024-12-23,2024-12-23 11:55:10.825,0.1660664126348696,0.01836674440218145,0.06899999999999995,0.01419480060928765,0.05400000000000005,0.0046090327519451545,0.014999999999999902,3.07977863756707,0.039000000000000146
603,3B004AB6A7,256-2024-12-23,2024-12-23 11:56:12.824,0.1102171940244457,0.013367318064880123,0.04800000000000004,0.008478557413480727,0.030999999999999917,0.00536635453795712,0.017000000000000126,1.5799473093904766,0.01399999999999979
604,3B0018A99B,257-2024-12-23,2024-12-23 11:56:33.821,0.0750048933251892,0.005194628739566927,0.03899999999999998,0.0030441586978426243,0.023999999999999966,0.0023683174057125464,0.015000000000000013,1.2853677005032778,0.008999999999999952
605,3B00186448,259-2024-12-23,2024-12-23 11:56:56.818,0.161069116906341,0.02635954307686191,0.07099999999999995,0.01774713440670262,0.05400000000000005,0.0093864927832184,0.016999999999999904,1.8907098547427381,0.037000000000000144
606,3B0018A99B,260-2024-12-23,2024-12-23 11:57:20.821,0.0835207782343234,0.006021865280778206,0.04700000000000004,0.0026225296646638146,0.02200000000000002,0.003583575959636652,0.025000000000000022,0.7318191923939906,-0.0030000000000000027
607,3B001877B5,262-2024-12-23,2024-12-23 11:58:10.817,0.1702998617353986,0.024756440752596587,0.06899999999999995,0.01600423911506066,0.050000000000000044,0.009458969769531244,0.018999999999999906,1.6919642947388105,0.03100000000000014
608,3B001877B5,263-2024-12-23,2024-12-23 11:58:21.818,0.1720534263134757,0.025619222946277578,0.06599999999999984,0.01595035070593252,0.04499999999999993,0.010396024064344783,0.020999999999999908,1.5342741231849777,0.02400000000000002
609,3B001877B5,264-2024-12-23,2024-12-23 12:00:27.814,0.1735579446179824,0.024585003543297092,0.06099999999999994,0.01716670140805037,0.04500000000000037,0.008143280452980175,0.01599999999999957,2.1080818113992277,0.029000000000000803
610,3B00186448,265-2024-12-23,2024-12-23 12:00:48.813,0.1391490059152244,0.026332680152343833,0.07099999999999995,0.017900404216374614,0.05400000000000005,0.009214811094493318,0.016999999999999904,1.942568765958938,0.037000000000000144
611,3B004873F2,266-2024-12-23,2024-12-23 12:05:21.811,0.1059223398213607,0.013440925131397703,0.050000000000000044,0.006064144119692765,0.02400000000000002,0.007794484787057885,0.026000000000000023,0.7780044846276163,-0.0020000000000000018
612,3B004873F2,268-2024-12-23,2024-12-23 12:06:51.811,0.0997941598095968,0.01352474850819153,0.04999999999999993,0.006028552918139508,0.02400000000000002,0.007910644175178725,0.025999999999999912,0.7620811636371326,-0.0019999999999998908
613,01103FD2E8,276-2024-12-23,2024-12-23 12:18:15.816,0.1613325689268071,0.007732339693387664,0.04700000000000015,0.005443213216434713,0.03300000000000014,0.002539970299944953,0.014000000000000012,2.14302238752661,0.019000000000000128
614,3B001877B5,277-2024-12-23,2024-12-23 12:18:28.815,0.1720534263134757,0.024608486343817973,0.06600000000000006,0.01576891089770293,0.04499999999999993,0.00954781022631041,0.02100000000000013,1.6515735570706414,0.0239999999999998
615,3B00191394,283-2024-12-23,2024-12-23 12:19:54.817,0.0979645594476272,0.01088399951973449,0.04800000000000004,0.006377821449470798,0.030000000000000027,0.004912490999255879,0.018000000000000016,1.2982866432603908,0.01200000000000001
616,3B001877B5,284-2024-12-23,2024-12-23 12:20:24.816,0.1720534263134757,0.02519541090639918,0.06899999999999995,0.014612527159036534,0.04499999999999993,0.01126763861663448,0.02400000000000002,1.2968579891676661,0.020999999999999908
617,01103F97C4,285-2024-12-23,2024-12-23 12:20:41.816,0.1596554782145956,0.023762038301053997,0.07200000000000006,0.014978684695879822,0.05500000000000016,0.009646133778124054,0.016999999999999904,1.5528174334311196,0.038000000000000256
618,3B001877B5,286-2024-12-23,2024-12-23 12:21:17.815,0.1720534263134757,0.021929509484566137,0.06099999999999994,0.014709600963621904,0.04299999999999993,0.007885192751539951,0.018000000000000016,1.8654713241790024,0.02499999999999991
619,3B0019B8CC,288-2024-12-23,2024-12-23 12:21:25.817,0.1540612059399421,0.02344051130072444,0.07599999999999996,0.013766177778074287,0.05499999999999994,0.010372175395568426,0.02100000000000002,1.327221846244132,0.03399999999999992
620,3B004CD4DE,291-2024-12-23,2024-12-23 12:21:50.818,0.1003986183690209,0.008659214644106935,0.07399999999999995,0.005222715087161775,0.05499999999999994,0.0037561079819203786,0.019000000000000017,1.3904592499205966,0.03599999999999992
621,3B001857EE,293-2024-12-23,2024-12-23 12:22:07.816,0.1069375408356136,0.00499540071242746,0.051999999999999935,0.0033723658684789376,0.03400000000000003,0.0017500090146350344,0.017999999999999905,1.9270562838684846,0.016000000000000125
622,3B00190DF0,295-2024-12-23,2024-12-23 12:22:25.818,0.1732102861960218,0.023333304684472297,0.056999999999999995,0.016444779730432905,0.04299999999999998,0.007722262580598911,0.014000000000000012,2.129528691726707,0.02899999999999997
623,3B0019B8CC,297-2024-12-23,2024-12-23 12:23:12.818,0.1540612059399421,0.02681990175123044,0.08099999999999996,0.013884786644579103,0.05499999999999994,0.013634449759471229,0.026000000000000023,1.018360615171432,0.028999999999999915
624,01103FD2E8,298-2024-12-23,2024-12-23 12:23:25.817,0.1450978894709438,0.009427100071743721,0.04400000000000004,0.006300998367622494,0.030000000000000027,0.003470583827558552,0.014000000000000012,1.8155442083227393,0.016000000000000014
625,3B00191394,299-2024-12-23,2024-12-23 12:23:43.817,0.0979645594476272,0.011418503460524431,0.056999999999999995,0.0066020655173486854,0.03400000000000003,0.005187747231947752,0.022999999999999965,1.2726266763135883,0.011000000000000065
626,3B001857EE,300-2024-12-23,2024-12-23 12:23:57.818,0.1069375408356136,0.012125774233210993,0.051000000000000045,0.008242449266631303,0.03700000000000003,0.004321743303356414,0.014000000000000012,1.9072047292188627,0.02300000000000002
627,3B00190DF0,301-2024-12-23,2024-12-23 12:24:08.817,0.1732102861960218,0.02462197541815885,0.06999999999999984,0.015747450315861323,0.052999999999999936,0.009763017780464022,0.016999999999999904,1.6129695417919099,0.03600000000000003
628,3B00182A81,302-2024-12-23,2024-12-23 12:24:13.818,0.0999710247662372,0.014769911714196846,0.06800000000000006,0.006694180508088933,0.04200000000000004,0.008525372783877829,0.026000000000000023,0.7852067795496487,0.016000000000000014
629,3B00190DF0,305-2024-12-23,2024-12-23 12:25:34.819,0.1794948203302424,0.024765283419530736,0.07000000000000006,0.017292301747364094,0.05499999999999994,0.008289175071515647,0.015000000000000124,2.0861305978186144,0.039999999999999813
630,011016B2E1,309-2024-12-23,2024-12-23 12:26:58.818,0.1060777193461193,0.008391912243970285,0.06000000000000005,0.004322539126293832,0.03600000000000003,0.004363753744758935,0.02400000000000002,0.9905552373310242,0.01200000000000001
631,3B00190DF0,310-2024-12-23,2024-12-23 12:27:21.819,0.1732102861960218,0.02307984460213803,0.05500000000000005,0.013747294000007244,0.03700000000000003,0.010167651273906692,0.018000000000000016,1.3520619098421494,0.019000000000000017
632,011016B2E1,311-2024-12-23,2024-12-23 12:27:35.819,0.102285280280765,0.015111009586894333,0.04700000000000015,0.00670180777307779,0.02200000000000024,0.008933425360535496,0.02499999999999991,0.7501946344885635,-0.0029999999999996696
633,3B00191394,313-2024-12-23,2024-12-23 12:27:48.818,0.0978423013265359,0.011761135915708912,0.06399999999999983,0.007478769394691246,0.04699999999999993,0.004704181368928048,0.016999999999999904,1.5898131488062608,0.030000000000000027
634,0700ED9568,314-2024-12-23,2024-12-23 12:27:58.819,0.131171366887946,0.031324613113039634,0.07299999999999995,0.02250164929571518,0.05400000000000005,0.00957930324609877,0.018999999999999906,2.3489860084426404,0.03500000000000014
635,3B004CD4DE,316-2024-12-23,2024-12-23 12:28:41.819,0.1003986183690209,0.014228275476787861,0.07800000000000007,0.0071812465913829605,0.05500000000000005,0.007488426382398636,0.02300000000000002,0.9589793936229788,0.03200000000000003
636,3B00182A81,317-2024-12-23,2024-12-23 12:29:22.819,0.1018318583741856,0.0033492172157872932,0.05700000000000016,0.0020713422805196755,0.03600000000000003,0.0013856102100427722,0.02100000000000013,1.4948953648773529,0.014999999999999902
637,01103FD2E8,318-2024-12-23,2024-12-23 12:29:29.819,0.1450978894709438,0.007433090750473162,0.04600000000000004,0.005065301892410502,0.030999999999999917,0.0026017302029475867,0.015000000000000124,1.9468974479643788,0.015999999999999792
638,3B0019F652,319-2024-12-23,2024-12-23 12:29:35.820,0.0908972337634662,0.011016936699108993,0.06000000000000005,0.0073333632513153425,0.04400000000000004,0.004075117433909009,0.016000000000000014,1.7995464843036189,0.028000000000000025
639,3B00186448,320-2024-12-23,2024-12-23 12:30:41.823,0.1499705050319192,0.023667800570313896,0.06999999999999995,0.016605255001224655,0.05499999999999994,0.00786939272999765,0.015000000000000013,2.1101062776961714,0.039999999999999925
640,3B00191394,321-2024-12-23,2024-12-23 12:31:04.820,0.0979645594476272,0.0037568651171301327,0.040000000000000036,0.002285699103306514,0.026000000000000023,0.001632413915051862,0.014000000000000012,1.400195797298075,0.01200000000000001
641,3B004CD4DE,322-2024-12-23,2024-12-23 12:31:38.819,0.1003986183690209,0.010387766055826418,0.06699999999999995,0.006512618541807946,0.04699999999999993,0.004191623233485542,0.020000000000000018,1.5537223121058956,0.026999999999999913
642,3B0019B8CC,326-2024-12-23,2024-12-23 12:32:28.821,0.1540612059399421,0.0230093447908112,0.052000000000000046,0.013368415457261591,0.03100000000000014,0.010315923380079558,0.020999999999999908,1.295901003207964,0.010000000000000231
643,3B0019B8CC,327-2024-12-23,2024-12-23 12:33:59.823,0.1540612059399421,0.025829900446284967,0.07099999999999995,0.014324460513605405,0.04699999999999993,0.01226344849518427,0.02400000000000002,1.1680613751695108,0.02299999999999991
644,3B001877B5,328-2024-12-23,2024-12-23 12:34:04.822,0.1720534263134757,0.02633393050231251,0.06899999999999995,0.015106889078383463,0.04899999999999993,0.012063967357083174,0.020000000000000018,1.2522322575345568,0.028999999999999915
645,3B004873F2,331-2024-12-23,2024-12-23 12:37:59.824,0.1012511333242894,0.011998425692101999,0.07899999999999996,0.00656910019226087,0.05499999999999994,0.005861020424474534,0.02400000000000002,1.1208116874716092,0.030999999999999917
646,3B00182A81,334-2024-12-23,2024-12-23 12:44:56.826,0.1038654033857272,0.003915818041816048,0.04800000000000004,0.002037664931174747,0.026000000000000023,0.002024765019073959,0.02200000000000002,1.0063710662616483,0.0040000000000000036
647,3B0019B8CC,335-2024-12-23,2024-12-23 12:45:04.828,0.1540612059399421,0.023193604399884563,0.05900000000000005,0.013827535008431119,0.03700000000000003,0.010085182008298535,0.02200000000000002,1.3710744136350945,0.015000000000000013
648,3B0019F652,337-2024-12-23,2024-12-23 12:45:57.828,0.087757404349175,0.009417239958718427,0.06499999999999995,0.006131143197671996,0.050000000000000044,0.0036437562001307303,0.014999999999999902,1.6826436404971397,0.03500000000000014
649,3B0018A99B,338-2024-12-23,2024-12-23 12:46:36.828,0.0942619930327316,0.0015565508968477385,0.07200000000000006,0.0012162949641734322,0.05499999999999994,0.0003680145648194738,0.017000000000000126,3.3050185521056066,0.03799999999999981
650,3B0019F652,339-2024-12-23,2024-12-23 12:46:39.828,0.0885024370460512,0.0007935979241283665,0.02299999999999991,0.00046322737040416874,0.014000000000000012,0.00038443981523017594,0.008999999999999897,1.2049411950914093,0.0050000000000001155
651,3B004873F2,342-2024-12-23,2024-12-23 12:47:24.828,0.1059223398213607,0.0033719026209772206,0.04299999999999998,0.0019678064782902988,0.02699999999999997,0.001545295663222951,0.016000000000000014,1.2734174599222887,0.010999999999999954
652,3B001857EE,344-2024-12-23,2024-12-23 12:48:27.830,0.1069375408356136,0.0026084383860831327,0.054999999999999966,0.001477005840827456,0.028999999999999998,0.0012284996034724882,0.025999999999999968,1.2022843447832932,0.0030000000000000304
653,3B00186448,345-2024-12-23,2024-12-23 12:48:40.830,0.1676981804367758,0.02380263188122589,0.06000000000000005,0.017317129951895067,0.04499999999999993,0.007181505810742445,0.015000000000000124,2.4113508236658756,0.029999999999999805
654,3B001877B5,347-2024-12-23,2024-12-23 12:48:56.830,0.1719020700363483,0.02285754417690225,0.07100000000000017,0.015430413715807039,0.05500000000000016,0.008176235403478907,0.016000000000000014,1.8872271839484405,0.039000000000000146
655,3B0019B8CC,349-2024-12-23,2024-12-23 12:49:49.830,0.1540612059399421,0.029212337058168163,0.05899999999999994,0.01110587025951527,0.026000000000000023,0.01881694752598298,0.03299999999999992,0.5902057304554826,-0.006999999999999895
656,3B00186448,350-2024-12-23,2024-12-23 12:50:22.829,0.1499705050319192,0.025408650255106722,0.07799999999999996,0.015432160763421928,0.05500000000000005,0.010747024613364803,0.02299999999999991,1.4359472801644817,0.03200000000000014
657,3B001857EE,352-2024-12-23,2024-12-23 12:50:56.831,0.1069375408356136,0.002675872122305505,0.061,0.001478384377225501,0.02999999999999997,0.0012861308525633126,0.031000000000000028,1.1494820875177818,-0.0010000000000000564
658,3B00192E1E,357-2024-12-23,2024-12-23 12:51:56.829,0.1007525158752752,0.004615882421680196,0.04800000000000004,0.0028907117258374147,0.03200000000000003,0.0018918205650436158,0.016000000000000014,1.5280052343498918,0.016000000000000014
659,3B00186448,361-2024-12-23,2024-12-23 12:53:46.822,0.1721707882732852,0.028294903129994137,0.05699999999999994,0.01704359673143683,0.03599999999999959,0.012067682679952632,0.02100000000000035,1.4123338492940658,0.014999999999999236
660,3B00186448,362-2024-12-23,2024-12-23 12:54:52.818,0.1712075065057929,0.030227985877595096,0.06099999999999994,0.01877928787541792,0.040000000000000036,0.01229265439022969,0.020999999999999908,1.527683710878902,0.019000000000000128
661,3B00186448,364-2024-12-23,2024-12-23 12:56:42.810,0.1745079706044114,0.022357198175719604,0.06700000000000017,0.013970042803608258,0.045999999999999375,0.0090506476296025,0.021000000000000796,1.543540680770246,0.02499999999999858
662,3B004CD4DE,365-2024-12-23,2024-12-23 12:57:06.811,0.1003986183690209,0.014714920295264495,0.04899999999999993,0.006227722744071323,0.02299999999999991,0.008946892868949542,0.026000000000000023,0.6960765972379999,-0.0030000000000001137
663,3B00182A81,366-2024-12-23,2024-12-23 12:57:11.811,0.1189321598688551,0.0034905164539269576,0.049000000000000044,0.0017639229918646943,0.026000000000000023,0.001852475513005722,0.02300000000000002,0.9521977372875783,0.0030000000000000027
664,01103F9A64,367-2024-12-23,2024-12-23 12:58:19.809,0.1892092603376109,0.027497427655013097,0.06100000000000083,0.016464586079179024,0.040000000000000036,0.011949887839434611,0.021000000000000796,1.377802561865553,0.01899999999999924
665,3B00192E1E,368-2024-12-23,2024-12-23 12:58:30.808,0.1007525158752752,0.002834083200382095,0.030999999999999972,0.0016168235532288478,0.017000000000000015,0.0013553580333238618,0.013999999999999957,1.1929125098139357,0.003000000000000058
666,01103F9A64,370-2024-12-23,2024-12-23 13:03:37.020,0.1892092603376109,0.03505020073503732,0.05400000000000005,0.014173290714957551,0.02400000000000002,0.021817946877604473,0.030000000000000027,0.6496161529069469,-0.006000000000000005
667,01103F9A64,372-2024-12-23,2024-12-23 13:04:28.018,0.177587044573214,0.028970585249338647,0.05999999999999961,0.018328921977646375,0.041999999999999815,0.011631134935233262,0.017999999999999794,1.5758498271844517,0.02400000000000002
668,3B00186A36,373-2024-12-23,2024-12-23 13:04:44.019,0.0954787419361777,0.010122641092233762,0.06999999999999984,0.00606519928630061,0.05499999999999994,0.004515827730487667,0.014999999999999902,1.3430980206248093,0.040000000000000036
669,01103F9A64,374-2024-12-23,2024-12-23 13:05:09.019,0.1851875151161028,0.028902367754844192,0.05499999999999994,0.01735371550357014,0.03400000000000003,0.012465029717727187,0.020999999999999908,1.392192068253996,0.013000000000000123
670,3B00186A36,376-2024-12-23,2024-12-23 13:05:33.018,0.1028402715052756,0.010958852483854687,0.05800000000000005,0.007068572195387624,0.041000000000000036,0.004249517255012544,0.017000000000000015,1.6633823964474663,0.02400000000000002
671,01103F9A64,377-2024-12-23,2024-12-23 13:05:53.020,0.1892092603376109,0.02832390912192749,0.05899999999999994,0.01805115105726263,0.04200000000000004,0.011234489557160977,0.016999999999999904,1.6067620131220508,0.025000000000000133
672,3B00199DE5,378-2024-12-23,2024-12-23 13:06:10.018,0.1009046222100344,0.011198351462985473,0.08299999999999996,0.006117563643702936,0.05499999999999994,0.00540375969384002,0.028000000000000025,1.132093947604038,0.026999999999999913
673,3B00190DF0,380-2024-12-23,2024-12-23 13:07:15.018,0.1732102861960218,0.02626550325678101,0.050000000000000044,0.017253321954724017,0.03500000000000003,0.009993390385207631,0.015000000000000013,1.726473327837032,0.020000000000000018
674,01103F9A64,381-2024-12-23,2024-12-23 13:07:43.018,0.1892092603376109,0.02844683425053046,0.052000000000000046,0.017323021481378736,0.03400000000000025,0.012127456457816042,0.017999999999999794,1.428413413945032,0.01600000000000046
675,3B001857EE,383-2024-12-23,2024-12-23 13:39:10.036,0.1069375408356136,0.012637395514107145,0.07499999999999996,0.007311029073481083,0.05400000000000005,0.005729438430225212,0.020999999999999908,1.2760463634467754,0.03300000000000014
676,01103FD2E8,386-2024-12-23,2024-12-23 13:40:09.035,0.1450978894709438,0.025517627695391235,0.062000000000000055,0.01534896119393819,0.04300000000000004,0.011037874716113031,0.019000000000000017,1.3905721516780634,0.02400000000000002
677,01103F97C4,387-2024-12-23,2024-12-23 13:40:16.036,0.1830689426539151,0.025354515819290883,0.05399999999999994,0.014921686276427782,0.03399999999999992,0.011265268467150556,0.020000000000000018,1.324574404945547,0.013999999999999901
678,01103F97C4,389-2024-12-23,2024-12-23 13:41:09.036,0.1830689426539151,0.025675443041689797,0.051000000000000156,0.013801805207177248,0.028000000000000025,0.01271964479096135,0.02300000000000013,1.0850778802396186,0.004999999999999893
679,3B004873F2,390-2024-12-23,2024-12-23 13:42:30.037,0.1059223398213607,0.0132366289063914,0.04700000000000004,0.005426819198554741,0.02100000000000002,0.00822351204543768,0.026000000000000023,0.6599150300467407,-0.0050000000000000044
680,3B0019B8CC,391-2024-12-23,2024-12-23 13:43:16.036,0.1540612059399421,0.026192336885457766,0.052999999999999936,0.01241321324587871,0.026999999999999913,0.014525685100189758,0.026000000000000023,0.8545698987868428,0.0009999999999998899
681,3B0019F652,392-2024-12-23,2024-12-23 13:52:49.038,0.0885024370460512,0.012602795338066691,0.07199999999999995,0.008181823102882802,0.05499999999999994,0.004845430430062046,0.017000000000000015,1.6885647665315944,0.03799999999999992
682,3B004873F2,394-2024-12-23,2024-12-23 13:53:21.035,0.1059223398213607,0.012853666544205914,0.05199999999999999,0.005523499362027187,0.02400000000000002,0.00772649258702082,0.02799999999999997,0.7148779733906323,-0.003999999999999948
683,3B001857EE,395-2024-12-23,2024-12-23 13:54:14.030,0.1069375408356136,0.029442744760961682,0.07600000000000001,0.01887147876418305,0.05400000000000005,0.011393625384984396,0.021999999999999964,1.6563190491635509,0.032000000000000084
684,3B004873F2,396-2024-12-23,2024-12-23 13:54:29.030,0.1008260149334566,0.014647497873597712,0.04799999999999982,0.006149810874494481,0.020999999999999908,0.008953799635651516,0.026999999999999913,0.6868381161900988,-0.006000000000000005
685,3B0019F652,397-2024-12-23,2024-12-23 13:54:35.030,0.086747880463214,0.011718794758745401,0.07200000000000006,0.0077652097711403975,0.05499999999999994,0.004346301678390461,0.017000000000000126,1.786624662928607,0.03799999999999981
686,3B004873F2,400-2024-12-23,2024-12-23 13:55:22.027,0.1059223398213607,0.012623967940668172,0.05500000000000005,0.006371071350035832,0.031000000000000028,0.006638083771890874,0.02400000000000002,0.9597756775854935,0.007000000000000006
687,3B0019F652,401-2024-12-23,2024-12-23 13:55:46.025,0.0885024370460512,0.0004935137482405201,0.02100000000000002,0.000343762100794801,0.015000000000000013,0.00018798789687798895,0.006000000000000005,1.8286395374587079,0.009000000000000008
688,01103F97C4,403-2024-12-23,2024-12-23 13:56:16.022,0.158401142853079,0.02760961875137575,0.052999999999999936,0.01608378455539529,0.03100000000000014,0.012397979610187128,0.021999999999999797,1.2972907732627357,0.009000000000000341
689,3B0019B8CC,405-2024-12-23,2024-12-23 14:23:21.563,0.1540612059399421,0.025054725859454306,0.08500000000000002,0.008298828289912286,0.05499999999999999,0.01750393499856015,0.030000000000000027,0.4741121519586845,0.024999999999999967
690,3B001857EE,410-2024-12-23,2024-12-23 14:25:36.565,0.1069375408356136,0.004839186658676421,0.04300000000000004,0.003238369097203399,0.028000000000000025,0.0017561486646916922,0.015000000000000013,1.844017629209042,0.013000000000000012
691,3B001857EE,411-2024-12-23,2024-12-23 14:27:08.566,0.1069375408356136,0.012773329372225849,0.07300000000000006,0.007474595438426791,0.05400000000000005,0.005746913547009802,0.019000000000000017,1.300627785207579,0.03500000000000003
692,3B00186A36,414-2024-12-23,2024-12-23 14:28:17.564,0.0939986987616776,0.012197980227193182,0.05799999999999983,0.0071933491135826085,0.03699999999999992,0.005402309795371137,0.020999999999999908,1.3315321382987122,0.016000000000000014
693,3B001857EE,416-2024-12-23,2024-12-23 14:28:55.566,0.0881587794583343,0.006510527781236602,0.04699999999999993,0.004156611038476887,0.030000000000000027,0.002564806042800593,0.016999999999999904,1.6206336733120572,0.013000000000000123
694,3B001857EE,421-2024-12-23,2024-12-23 14:30:09.569,0.1069375408356136,0.00491033223419026,0.04300000000000004,0.0031169354756304486,0.027000000000000024,0.0019653177197901713,0.016000000000000014,1.585970270477809,0.01100000000000001
695,3B0019B8CC,424-2024-12-23,2024-12-23 14:30:45.566,0.1540612059399421,0.02890668584191586,0.06000000000000005,0.01086755796979737,0.027000000000000135,0.018714854787124792,0.03299999999999992,0.5806915465501712,-0.005999999999999783
696,3B004873F2,426-2024-12-23,2024-12-23 14:31:30.568,0.1059223398213607,0.014570172594669075,0.050999999999999934,0.006209163533154438,0.02400000000000002,0.008800621221325786,0.026999999999999913,0.7055369589260708,-0.0029999999999998916
697,3B004873F2,428-2024-12-23,2024-12-23 14:32:52.568,0.1059223398213607,0.012538180409895043,0.08200000000000002,0.004597432888825419,0.05499999999999999,0.008354603923909869,0.027000000000000024,0.550287354217729,0.02799999999999997
698,0700ED9568,429-2024-12-23,2024-12-23 14:35:13.568,0.1472719543382934,0.025905473087287176,0.07200000000000006,0.017192133869188983,0.05400000000000005,0.00947868990895329,0.018000000000000016,1.8137668849098865,0.03600000000000003
699,3B0019F652,430-2024-12-23,2024-12-23 14:40:52.570,0.0885024370460512,0.01296141761994593,0.04500000000000015,0.005829408219305958,0.02100000000000013,0.00757493821290298,0.02400000000000002,0.76956511795387,-0.0029999999999998916
700,3B00199DE5,433-2024-12-23,2024-12-23 14:45:39.574,0.0990299224512173,0.01468913151126675,0.053999999999999826,0.008589704661896456,0.03299999999999992,0.006585863516020051,0.020999999999999908,1.3042639952987303,0.01200000000000001
701,3B0019F652,434-2024-12-23,2024-12-23 14:45:46.574,0.0885024370460512,0.0039129500742520465,0.038000000000000034,0.0023358141533820504,0.02400000000000002,0.0017552922351201836,0.014000000000000012,1.3307266486153622,0.010000000000000009
702,3B004CD4DE,439-2024-12-23,2024-12-23 14:58:25.563,0.1003986183690209,0.013159768368435278,0.04200000000000004,0.006595993700649896,0.02100000000000002,0.007052955674915983,0.02100000000000002,0.9352098616057827,0.0
703,3B004CD4DE,440-2024-12-23,2024-12-23 14:58:31.561,0.1003986183690209,0.011624690027425087,0.05400000000000005,0.006256996128073721,0.03400000000000003,0.005779729160226236,0.020000000000000018,1.0825760091202619,0.014000000000000012
704,01103F97C4,441-2024-12-23,2024-12-23 14:58:50.562,0.1830689426539151,0.02446270255237204,0.04899999999999993,0.01577705274201737,0.03200000000000003,0.009503770328016834,0.016999999999999904,1.6600835455279348,0.015000000000000124
705,3B004CD4DE,443-2024-12-23,2024-12-23 15:00:44.562,0.1003986183690209,0.014413262135709641,0.08100000000000007,0.006373533024821989,0.05500000000000005,0.00847231259157803,0.026000000000000023,0.7522778410180061,0.029000000000000026
706,3B0018C6F9,446-2024-12-23,2024-12-23 15:01:20.562,0.0955598648193898,0.0032994563822645005,0.07799999999999996,0.001977161084775028,0.05499999999999999,0.001422897234097954,0.022999999999999965,1.3895318912672212,0.03200000000000003
707,3B0019B8CC,447-2024-12-23,2024-12-23 15:01:52.562,0.1540612059399421,0.028201581663022595,0.05399999999999994,0.012587700341601168,0.026999999999999913,0.016379214728930752,0.027000000000000024,0.7685167176767883,-1.1102230246251565e-16
708,3B0019F652,448-2024-12-23,2024-12-23 15:03:29.562,0.0885024370460512,0.011196803969012742,0.07800000000000001,0.006734709537410059,0.05499999999999999,0.004802838989330776,0.02300000000000002,1.4022351264264363,0.03199999999999997
709,3B0019B8CC,449-2024-12-23,2024-12-23 15:03:40.561,0.1605965347279056,0.007804005625600025,0.05899999999999994,0.004218512486916157,0.030999999999999917,0.0037956046788962384,0.028000000000000025,1.1114204043353906,0.0029999999999998916
710,3B0019F652,451-2024-12-23,2024-12-23 15:04:11.561,0.0885024370460512,0.00473965135905684,0.038000000000000034,0.0027446656930442694,0.02300000000000002,0.002196751881502629,0.015000000000000013,1.2494199805427524,0.008000000000000007
711,3B0019B8CC,452-2024-12-23,2024-12-23 15:05:46.563,0.1540612059399421,0.026531771519712696,0.05500000000000005,0.012762352533120714,0.028000000000000025,0.014490379570219742,0.027000000000000024,0.8807465995818062,0.0010000000000000009
712,01103F97C4,455-2024-12-23,2024-12-23 15:09:49.564,0.1585347072117773,0.0269537795127085,0.04899999999999971,0.016172097196692128,0.030000000000000027,0.011681938813715001,0.018999999999999684,1.38436756557101,0.011000000000000343
713,01103F97C4,456-2024-12-23,2024-12-23 15:11:13.561,0.1830689426539151,0.026579917548496545,0.04899999999999993,0.016523545544017068,0.030999999999999917,0.01097454340479312,0.018000000000000016,1.5056248751816341,0.0129999999999999
714,3B0019F652,458-2024-12-23,2024-12-23 15:13:54.562,0.0885024370460512,0.004479637883398083,0.039000000000000146,0.0026390545088486287,0.02400000000000002,0.0020331343000782706,0.015000000000000124,1.2980227173123937,0.008999999999999897
715,3B004873F2,461-2024-12-23,2024-12-23 15:17:31.562,0.1003261079613544,0.014486157499515056,0.04700000000000015,0.007761751298756369,0.025000000000000355,0.0071915109491862295,0.021999999999999797,1.0792935383953863,0.0030000000000005578
716,3B004873F2,462-2024-12-23,2024-12-23 15:17:35.562,0.0993119085153844,0.0032720779067332765,0.06800000000000006,0.0015002910261060806,0.040000000000000036,0.0018809574974865428,0.028000000000000025,0.7976209074957125,0.01200000000000001
717,3B004873F2,463-2024-12-23,2024-12-23 15:22:01.564,0.1059223398213607,0.0042773088519,0.044999999999999984,0.0026300298704208013,0.02799999999999997,0.0017995449559237687,0.017000000000000015,1.4614971755849888,0.010999999999999954
718,3B004CD4DE,464-2024-12-23,2024-12-23 15:24:28.565,0.096969175523405,0.01599647415629027,0.04799999999999993,0.005989584389221112,0.020000000000000018,0.010492050285446437,0.027999999999999914,0.5708688222290821,-0.007999999999999896
719,3B004CD4DE,466-2024-12-23,2024-12-23 15:26:27.565,0.1027892292519862,0.014905079057851532,0.04499999999999993,0.00637968531193592,0.020000000000000018,0.009014255442504093,0.02499999999999991,0.7077329184454186,-0.004999999999999893
720,3B0018A99B,468-2024-12-23,2024-12-23 15:27:00.565,0.0957532417517765,0.0034430514681419006,0.029999999999999805,0.0020746521265223635,0.017999999999999794,0.0015506348471520167,0.01200000000000001,1.337937252173061,0.005999999999999783
721,01103F9A64,472-2024-12-23,2024-12-23 15:28:50.567,0.1892092603376109,0.030017613757361186,0.052999999999999936,0.019234743257879636,0.03600000000000003,0.011772496282983014,0.016999999999999904,1.6338712534301838,0.019000000000000128
722,3B0019B8CC,474-2024-12-23,2024-12-23 15:29:22.566,0.1540612059399421,0.025182051518511245,0.05299999999999999,0.016409911197597278,0.03600000000000003,0.00957803933953654,0.01699999999999996,1.713285007074456,0.019000000000000072
723,0700ED9568,475-2024-12-23,2024-12-23 15:29:38.568,0.1498734187692246,0.026498328301653072,0.07099999999999995,0.019029929057510032,0.05499999999999994,0.00823476314345859,0.016000000000000014,2.3109260978109307,0.038999999999999924
724,01103F9A64,477-2024-12-23,2024-12-23 15:29:53.567,0.181628443411361,0.029258179719313885,0.04999999999999982,0.016510283392015688,0.029999999999999805,0.013785615589661777,0.020000000000000018,1.1976457115485808,0.009999999999999787
725,3B0019B8CC,479-2024-12-23,2024-12-23 15:30:25.567,0.1650951029840039,0.02683277793769306,0.05500000000000016,0.013208927942807208,0.02900000000000036,0.01436112211169934,0.0259999999999998,0.9197699065622809,0.0030000000000005578
726,3B0018A99B,480-2024-12-23,2024-12-23 15:30:42.568,0.0957532417517765,0.004317925393334717,0.038999999999999924,0.002618659229426185,0.02499999999999991,0.0018880602146676847,0.014000000000000012,1.386957475764136,0.010999999999999899
727,3B00186A36,481-2024-12-23,2024-12-23 15:38:59.570,0.1028402715052756,0.0028584981796358788,0.04600000000000004,0.0014632552372095752,0.026000000000000023,0.0014984581840356355,0.020000000000000018,0.9765072210882442,0.006000000000000005
728,3B00182A81,482-2024-12-23,2024-12-23 15:39:10.572,0.1189321598688551,0.0035577769857637635,0.04799999999999999,0.0021391692448141934,0.02999999999999997,0.0015434258296367193,0.018000000000000016,1.3859877188382264,0.011999999999999955
729,0700ED9568,484-2024-12-23,2024-12-23 15:39:41.571,0.1497160467463363,0.026760072125089327,0.07699999999999996,0.015040059789075296,0.05499999999999994,0.012526327443224232,0.02200000000000002,1.2006759249464454,0.03299999999999992
730,3B004CD4DE,485-2024-12-23,2024-12-23 15:40:18.571,0.1034326171547298,0.01180577422984236,0.07600000000000007,0.005370327170795874,0.05500000000000016,0.006892946704582083,0.020999999999999908,0.7791046994786645,0.03400000000000025
731,3B00182A81,487-2024-12-23,2024-12-23 15:40:32.572,0.1189321598688551,0.002457899621434412,0.055999999999999994,0.0014538540372081425,0.035999999999999976,0.0010838773114579358,0.020000000000000018,1.3413455765141413,0.01599999999999996
732,3B0019B8CC,490-2024-12-23,2024-12-23 15:41:49.573,0.1540612059399422,0.028008643457168185,0.06400000000000006,0.011260637786692151,0.03300000000000036,0.01749139411929181,0.030999999999999694,0.6437816053937313,0.002000000000000668
733,3B0018A99B,491-2024-12-23,2024-12-23 15:42:51.573,0.0957532417517765,0.005104457277308329,0.038999999999999924,0.003204408472155099,0.02400000000000002,0.002101804776564386,0.014999999999999902,1.524598529742154,0.009000000000000119
734,01103F9A64,492-2024-12-23,2024-12-23 15:43:05.573,0.1853716572721727,0.027289716327247783,0.050000000000000266,0.015581685732291925,0.03000000000000025,0.012688478483571282,0.020000000000000018,1.22801845410123,0.010000000000000231
735,3B00186A36,493-2024-12-23,2024-12-23 15:43:37.573,0.0955266871541333,0.005792304030389279,0.038000000000000034,0.0035217335365248497,0.02299999999999991,0.0025092424333061766,0.015000000000000124,1.403504695193846,0.007999999999999785
736,3B0019B8CC,494-2024-12-23,2024-12-23 15:44:00.572,0.1540612059399421,0.02571769740110182,0.06600000000000006,0.018486705540235685,0.049000000000000155,0.007904066276834737,0.016999999999999904,2.3388854410819633,0.03200000000000025
737,3B004873F2,497-2024-12-23,2024-12-23 15:44:32.572,0.1031627272980638,0.0149251257520151,0.04899999999999993,0.006683168293216667,0.02299999999999991,0.008709927858473077,0.026000000000000023,0.767304666790694,-0.0030000000000001137
738,3B00199DE5,499-2024-12-23,2024-12-23 15:45:06.573,0.1019592322300963,0.0030091905927059496,0.03200000000000003,0.001823415201090412,0.019000000000000128,0.001342530836245919,0.0129999999999999,1.358192416785879,0.006000000000000227
739,01103F97C4,500-2024-12-23,2024-12-23 15:46:04.574,0.1402819492071508,0.026872865259350273,0.07399999999999984,0.017181609945552536,0.054999999999999716,0.010511356309901802,0.019000000000000128,1.6345759233151758,0.03599999999999959
740,3B0018A99B,503-2024-12-23,2024-12-23 15:46:21.573,0.099142441305581,0.003155322250366217,0.06299999999999994,0.0013322232424196198,0.030999999999999917,0.0019058471244761236,0.03200000000000003,0.6990189429730987,-0.001000000000000112
741,3B00186A36,504-2024-12-23,2024-12-23 15:46:59.573,0.0855400064861547,0.0020329077656208996,0.05399999999999999,0.0009748985735626613,0.02300000000000002,0.0011248908033752198,0.030999999999999972,0.8666606310919168,-0.007999999999999952
742,3B004873F2,507-2024-12-23,2024-12-23 15:47:46.574,0.1036663224090489,0.004229945006518806,0.051999999999999935,0.0023080741598602845,0.031000000000000028,0.00205360427041025,0.020999999999999908,1.1239137905567362,0.01000000000000012
743,3B00199DE5,508-2024-12-23,2024-12-23 15:47:56.573,0.1023231990211289,0.0011598978040517807,0.066,0.0008838116253176185,0.05499999999999999,0.0003160182886699796,0.01100000000000001,2.7967103709006853,0.043999999999999984
744,01103FA4B2,510-2024-12-23,2024-12-23 15:48:22.574,0.0988942699725931,0.01253144126153399,0.04899999999999993,0.007741733048983345,0.03200000000000003,0.005249767863437959,0.016999999999999904,1.4746810240697865,0.015000000000000124
745,3B0019B8CC,511-2024-12-23,2024-12-23 15:54:21.570,0.1540612059399422,0.006717905335866348,0.08899999999999997,0.00400396406512764,0.054999999999999716,0.002930674997552263,0.03400000000000025,1.366225892830765,0.020999999999999464
746,3B004CD4DE,1-2024-12-31,2024-12-31 08:22:03.340,0.1003986183690209,0.014274657741427619,0.04999999999999982,0.005878854680055321,0.02299999999999991,0.008845784026539466,0.026999999999999913,0.6645939650366042,-0.0040000000000000036
747,3B00182A81,2-2024-12-31,2024-12-31 08:22:47.340,0.1200314724929308,0.00934568825394175,0.04300000000000004,0.005409696035385717,0.026000000000000023,0.004315895969664366,0.017000000000000015,1.253435224901033,0.009000000000000008
748,3B004CD4DE,3-2024-12-31,2024-12-31 08:23:02.342,0.0945731089516625,0.01405234091049817,0.04800000000000004,0.00585017265727258,0.021999999999999797,0.008675620386116217,0.026000000000000245,0.6743232641477418,-0.004000000000000448
749,3B0019B8CC,5-2024-12-31,2024-12-31 08:26:15.343,0.157227223862959,0.026076848213440335,0.049000000000000044,0.011017435309372148,0.02200000000000002,0.01582828136122853,0.027000000000000024,0.6960601127775895,-0.0050000000000000044
750,3B004CD4DE,7-2024-12-31,2024-12-31 08:26:39.345,0.0930963873781696,0.014023815281299985,0.04800000000000004,0.005825551340101865,0.020999999999999908,0.008647294858666244,0.027000000000000135,0.6736848269101808,-0.006000000000000227
751,3B00190DF0,9-2024-12-31,2024-12-31 08:28:30.344,0.1732102861960218,0.023729470011858853,0.057999999999999996,0.015665071073171968,0.04299999999999998,0.008922077367168553,0.015000000000000013,1.7557649893080138,0.02799999999999997
752,3B00192E1E,12-2024-12-31,2024-12-31 08:35:37.350,0.1007525158752752,0.011543046362357052,0.05099999999999999,0.004766247840994379,0.02200000000000002,0.007119372250838858,0.02899999999999997,0.6694758572896344,-0.006999999999999951
753,3B00182A81,15-2024-12-31,2024-12-31 08:38:57.353,0.1200314724929308,0.0017701232157929976,0.04299999999999998,0.0008456940842889891,0.020000000000000018,0.0009950060862863705,0.022999999999999965,0.8499386043409505,-0.002999999999999947
754,3B0018D520,16-2024-12-31,2024-12-31 08:39:50.353,0.0924686648354224,0.011859466780837467,0.053999999999999826,0.00754706673081931,0.03600000000000003,0.004704168681139662,0.017999999999999794,1.6043359076551884,0.018000000000000238
755,3B004CD4DE,18-2024-12-31,2024-12-31 08:40:49.355,0.1003986183690209,0.013205148516216623,0.04799999999999999,0.006200009371662123,0.023999999999999966,0.007447678201623443,0.02400000000000002,0.8324754646771186,-5.551115123125783e-17
756,3B00182A81,20-2024-12-31,2024-12-31 08:41:07.355,0.1200314724929308,0.003301044113215536,0.02400000000000002,0.0017626552110706348,0.01200000000000001,0.0017508107160305259,0.01200000000000001,1.0067651488145806,0.0
757,3B00190DF0,21-2024-12-31,2024-12-31 08:41:18.355,0.1732102861960218,0.026696539526057876,0.05600000000000005,0.018255824299931486,0.040000000000000036,0.009326055095326403,0.016000000000000014,1.9575076614205387,0.02400000000000002
758,3B004CD4DE,22-2024-12-31,2024-12-31 08:42:08.355,0.1003986183690209,0.014630386394748786,0.04700000000000004,0.005522019432612562,0.019000000000000017,0.009585909611231411,0.028000000000000025,0.5760558628826045,-0.009000000000000008
759,3B0018D520,24-2024-12-31,2024-12-31 08:43:08.356,0.0967763563862768,0.012640925794916023,0.06799999999999984,0.007638762061367687,0.04699999999999993,0.005366311501708712,0.020999999999999908,1.4234660173818448,0.026000000000000023
760,3B00190DF0,25-2024-12-31,2024-12-31 08:43:31.356,0.1732102861960218,0.024642889498955253,0.05299999999999999,0.01599065120744221,0.03699999999999998,0.009512047706470735,0.016000000000000014,1.6810945130735933,0.020999999999999963
761,3B0019B8CC,29-2024-12-31,2024-12-31 08:50:12.361,0.157227223862959,0.02362061697705774,0.05199999999999999,0.013396633721497625,0.02999999999999997,0.010904588010518922,0.02200000000000002,1.2285318536174676,0.007999999999999952
762,3B001857EE,36-2024-12-31,2024-12-31 09:20:21.337,0.1069375408356136,0.004020666055861628,0.04299999999999998,0.0023734955422864226,0.025000000000000022,0.0017854006919449884,0.01799999999999996,1.3293909613649655,0.007000000000000062
763,3B004873F2,37-2024-12-31,2024-12-31 09:20:32.336,0.0974450136848188,0.013051643638502667,0.04899999999999993,0.005566545566602227,0.02200000000000002,0.007891235653234156,0.026999999999999913,0.7054086091473932,-0.004999999999999893
764,3B004873F2,38-2024-12-31,2024-12-31 09:20:49.336,0.0974450136848188,0.013562176066993574,0.04599999999999993,0.0060405788858051415,0.020999999999999908,0.007959946167612496,0.025000000000000022,0.7588718263426336,-0.004000000000000115
765,3B004873F2,40-2024-12-31,2024-12-31 09:21:41.337,0.0974450136848188,0.012369042949303749,0.04999999999999999,0.005080692177662423,0.021999999999999964,0.007663777218256051,0.028000000000000025,0.6629488348851784,-0.006000000000000061
766,3B0018D520,41-2024-12-31,2024-12-31 09:22:11.339,0.0967763563862768,0.012484590836777484,0.07000000000000006,0.004815140358833195,0.04500000000000004,0.008157758563624749,0.025000000000000022,0.5902528643472965,0.020000000000000018
767,3B00190DF0,47-2024-12-31,2024-12-31 09:26:47.342,0.1684949677699671,0.02625210919810506,0.052999999999999936,0.01729310608468636,0.03699999999999992,0.009904083443574008,0.016000000000000014,1.7460581974303253,0.020999999999999908
768,3B00190DF0,50-2024-12-31,2024-12-31 09:29:57.342,0.1732102861960218,0.02613553262417943,0.04899999999999993,0.016360254641381505,0.03299999999999992,0.010743192869143024,0.016000000000000014,1.5228484530303839,0.016999999999999904
769,3B004873F2,52-2024-12-31,2024-12-31 09:30:17.345,0.0974450136848188,0.013482436339901075,0.046999999999999986,0.00571526725656145,0.020999999999999963,0.008199442044174261,0.026000000000000023,0.69703124014666,-0.00500000000000006
770,3B00190DF0,53-2024-12-31,2024-12-31 09:31:11.344,0.1732102861960218,0.02528547297061773,0.05400000000000005,0.015552381199148759,0.03699999999999992,0.010664186008536504,0.017000000000000126,1.458374899565643,0.019999999999999796
771,3B0018D520,54-2024-12-31,2024-12-31 09:31:27.346,0.0967763563862768,0.012712430025220552,0.05300000000000005,0.007674798441517544,0.03400000000000003,0.005474080730531972,0.019000000000000017,1.4020250740386333,0.015000000000000013
772,3B004AB6A7,55-2024-12-31,2024-12-31 09:32:31.345,0.0822700432833303,0.01466299319075707,0.06999999999999984,0.006770661431493546,0.04400000000000004,0.008313193274274443,0.0259999999999998,0.8144477348368246,0.018000000000000238
773,3B0018D520,56-2024-12-31,2024-12-31 09:33:18.345,0.0967763563862768,0.005054457793330418,0.04300000000000015,0.002450291015657843,0.02100000000000013,0.0027723613712009225,0.02200000000000002,0.8838281477700844,-0.0009999999999998899
774,3B00190DF0,60-2024-12-31,2024-12-31 09:37:42.348,0.1713539676936147,0.02483879642541329,0.051999999999999824,0.016118822922949007,0.03600000000000003,0.009634553997762302,0.015999999999999792,1.6730222205088814,0.02000000000000024
775,3B0019F652,62-2024-12-31,2024-12-31 09:37:58.350,0.0898887910065372,0.0028717248448429026,0.03499999999999992,0.0017973972027182379,0.02199999999999991,0.0012112116064479188,0.013000000000000012,1.483966297176929,0.008999999999999897
776,3B004C0894,64-2024-12-31,2024-12-31 09:39:21.352,0.0990572167725178,0.002523730194261014,0.07399999999999984,0.0010797904136775824,0.027999999999999914,0.0015104843556343441,0.04599999999999993,0.7148636857110068,-0.018000000000000016
777,3B00190DF0,65-2024-12-31,2024-12-31 09:39:27.350,0.1732102861960218,0.023377909763258587,0.05599999999999994,0.014795206781306941,0.039999999999999925,0.009493474908583188,0.016000000000000014,1.5584606188752215,0.02399999999999991
778,3B0019F652,67-2024-12-31,2024-12-31 09:40:18.351,0.0898887910065372,0.009333841290631214,0.05900000000000016,0.005904681655018711,0.04100000000000015,0.003746703355419434,0.018000000000000016,1.5759672156798485,0.02300000000000013
779,3B0019F652,69-2024-12-31,2024-12-31 09:44:09.354,0.0898887910065373,0.008373166515541148,0.05900000000000005,0.005791040128263968,0.04300000000000004,0.0028398005275581013,0.016000000000000014,2.039241866485457,0.027000000000000024
780,3B00190DF0,71-2024-12-31,2024-12-31 09:45:22.355,0.1732102861960218,0.02450917342540339,0.04899999999999999,0.01524765426230424,0.03200000000000003,0.010133814462479953,0.01699999999999996,1.504631283586065,0.015000000000000069
781,3B0019F652,76-2024-12-31,2024-12-31 09:47:25.356,0.0898887910065372,0.005230269963665831,0.035999999999999976,0.002863981109999609,0.019000000000000017,0.002577518520450857,0.01699999999999996,1.1111389063845192,0.0020000000000000573
782,3B00190DF0,78-2024-12-31,2024-12-31 09:47:41.357,0.1736168308885863,0.022683961383168305,0.05699999999999994,0.01442166242090353,0.04200000000000004,0.009153542311202526,0.014999999999999902,1.5755280229877384,0.027000000000000135
783,3B0019F652,79-2024-12-31,2024-12-31 09:48:06.355,0.0829123087276767,0.0009808920054755266,0.07299999999999995,0.0006897718741737379,0.05499999999999994,0.00032242645604405046,0.018000000000000016,2.1393153733001986,0.03699999999999992
784,3B0018A99B,80-2024-12-31,2024-12-31 09:48:40.357,0.0876992789970469,0.001448700989577695,0.10899999999999999,0.0005634490204575747,0.05400000000000005,0.0009258630788417949,0.05499999999999994,0.6085662484375327,-0.0009999999999998899
785,3B004C0894,82-2024-12-31,2024-12-31 09:48:52.357,0.1073732115839449,0.003118666762069929,0.06,0.0011365453535102613,0.025000000000000022,0.002077222315173526,0.034999999999999976,0.54714670895268,-0.009999999999999953
786,3B004BF067,83-2024-12-31,2024-12-31 10:08:07.323,0.0957450151183924,0.010781442615393736,0.052999999999999936,0.007218747495207973,0.03699999999999992,0.0039178061841243705,0.016000000000000014,1.8425483946754662,0.020999999999999908
787,0700ED9568,84-2024-12-31,2024-12-31 10:10:05.324,0.153827234463089,0.023235971951787456,0.06400000000000006,0.015254400391211047,0.04500000000000004,0.008637846159394221,0.019000000000000017,1.7659958408290117,0.026000000000000023
788,3B004873F2,86-2024-12-31,2024-12-31 10:11:28.323,0.0897782246374922,0.012576052514161518,0.06900000000000006,0.006372122792131669,0.04600000000000004,0.006680886384578669,0.02300000000000002,0.9537840378247247,0.02300000000000002
789,3B004873F2,88-2024-12-31,2024-12-31 10:13:33.329,0.0974450136848188,0.011933022553780894,0.07500000000000007,0.0064905877116759846,0.05500000000000005,0.005876900951803038,0.020000000000000018,1.1044235328969882,0.03500000000000003
790,3B004873F2,91-2024-12-31,2024-12-31 10:14:54.326,0.0974450136848188,0.013547507283341356,0.04600000000000004,0.00730974903978141,0.025000000000000022,0.006762055837746255,0.02100000000000002,1.0809950723828536,0.0040000000000000036
791,3B004CD4DE,92-2024-12-31,2024-12-31 10:15:39.327,0.1003986183690209,0.013319173993454008,0.039000000000000035,0.0074160095639588235,0.02200000000000002,0.006452625494573753,0.017000000000000015,1.1493010976997218,0.0050000000000000044
792,3B0018A99B,93-2024-12-31,2024-12-31 10:16:19.327,0.0957532417517765,0.0025828061618435737,0.030999999999999917,0.0014772838951092628,0.018000000000000016,0.0012306358417726677,0.0129999999999999,1.2004232649207676,0.0050000000000001155
793,3B004873F2,95-2024-12-31,2024-12-31 10:16:56.327,0.0974450136848188,0.013110097933485962,0.052000000000000046,0.007753744565518689,0.03300000000000003,0.005828125929092516,0.019000000000000017,1.3304010002278739,0.014000000000000012
794,3B0018D520,97-2024-12-31,2024-12-31 10:17:52.328,0.0961814613766423,0.011977709225939433,0.052999999999999936,0.007039290020302411,0.03499999999999992,0.005353690179227352,0.018000000000000016,1.314848223308717,0.016999999999999904
795,3B00192E1E,98-2024-12-31,2024-12-31 10:17:56.328,0.1007525158752752,0.011870607916192131,0.050999999999999934,0.005198528890777295,0.02400000000000002,0.007045866010434247,0.026999999999999913,0.7378126241797355,-0.0029999999999998916
796,3B00190DF0,99-2024-12-31,2024-12-31 10:18:44.329,0.1713633252671145,0.024708575873114022,0.049000000000000044,0.015302684068843076,0.03200000000000003,0.0103078230845565,0.017000000000000015,1.4845699177520841,0.015000000000000013
797,3B0018D520,102-2024-12-31,2024-12-31 10:20:02.330,0.0967763563862768,0.01228186154745552,0.05600000000000005,0.00735402746783506,0.03699999999999992,0.005335667002730893,0.019000000000000128,1.3782770671541407,0.017999999999999794
798,3B0018D520,103-2024-12-31,2024-12-31 10:23:01.332,0.0955387196128532,0.01307642306515176,0.06000000000000005,0.008103865626752317,0.04200000000000004,0.005413302112056004,0.018000000000000016,1.4970281464070034,0.02400000000000002
799,3B0019F652,105-2024-12-31,2024-12-31 10:28:33.337,0.0898887910065373,0.012663699820166711,0.04800000000000004,0.008366828188333354,0.031000000000000028,0.004712425167873721,0.017000000000000015,1.7754824512382708,0.014000000000000012
800,3B0019F652,106-2024-12-31,2024-12-31 10:28:42.336,0.0898887910065373,0.010437079446403083,0.05199999999999999,0.007275652470938746,0.03699999999999998,0.003534858197201282,0.015000000000000013,2.058258652836267,0.021999999999999964
801,3B0018A99B,107-2024-12-31,2024-12-31 10:31:17.339,0.0957532417517765,0.004812181729215568,0.03700000000000003,0.0027702305463880453,0.02100000000000002,0.0022394183060012863,0.016000000000000014,1.2370313036042735,0.0050000000000000044
802,3B0019F652,109-2024-12-31,2024-12-31 10:33:03.340,0.0898887910065372,0.004685841912143271,0.03200000000000003,0.0020403519300212897,0.013000000000000012,0.00287241846467112,0.019000000000000017,0.7103254470462059,-0.006000000000000005
803,3B0018A99B,113-2024-12-31,2024-12-31 11:04:27.786,0.0932163224752143,0.002697249809953427,0.08599999999999997,0.0012746630018544668,0.05499999999999999,0.001499842324563979,0.030999999999999972,0.8498646697578865,0.02400000000000002
804,3B0019B8CC,114-2024-12-31,2024-12-31 11:04:30.786,0.157227223862959,0.027047436077266056,0.049000000000000044,0.012659149679691792,0.02400000000000002,0.015192504183251914,0.025000000000000022,0.8332497083428241,-0.0010000000000000009
805,3B001857EE,117-2024-12-31,2024-12-31 11:17:02.793,0.1069375408356136,0.004826792260421397,0.04299999999999998,0.002793381933086759,0.024999999999999967,0.0022028707748665342,0.018000000000000016,1.2680643662613402,0.006999999999999951
806,3B0018D520,119-2024-12-31,2024-12-31 11:17:42.794,0.0981909590459599,0.012834307796633372,0.04400000000000004,0.006548325669904916,0.02299999999999991,0.006762838375007885,0.02100000000000013,0.9682806695638768,0.0019999999999997797
807,3B001857EE,120-2024-12-31,2024-12-31 11:18:24.793,0.1069375408356136,0.004878573514206139,0.04200000000000004,0.0025274325736505056,0.02200000000000002,0.002520357571269463,0.020000000000000018,1.0028071423125406,0.0020000000000000018
808,3B004BF067,121-2024-12-31,2024-12-31 11:19:03.794,0.0999514682150728,0.012153401733323887,0.06,0.008200963667112681,0.04300000000000004,0.00430860871784719,0.01699999999999996,1.903390213444659,0.02600000000000008
809,3B0018D520,122-2024-12-31,2024-12-31 11:22:25.796,0.0979969670166867,0.0045165797329595695,0.039000000000000146,0.00290221730374981,0.0259999999999998,0.0018076921998043374,0.013000000000000345,1.605482008532173,0.012999999999999456
810,3B001857EE,123-2024-12-31,2024-12-31 11:22:30.795,0.1069375408356136,0.005030962356849093,0.039999999999999925,0.002737107407215931,0.02199999999999991,0.00248692366982335,0.018000000000000016,1.1005996848348596,0.0039999999999998925
811,3B0018D520,124-2024-12-31,2024-12-31 11:23:04.795,0.0967763563862768,0.014849544963115678,0.04899999999999993,0.0064274587482981895,0.02200000000000024,0.00891434039865699,0.02699999999999969,0.7210246031514045,-0.004999999999999449
812,3B0018D520,127-2024-12-31,2024-12-31 11:25:32.799,0.0967763563862768,0.012366425978150027,0.06800000000000006,0.008696131412918565,0.052000000000000046,0.004042082788543094,0.016000000000000014,2.151398639722802,0.03600000000000003
813,3B001857EE,128-2024-12-31,2024-12-31 11:26:16.797,0.1069375408356136,0.005886047733003318,0.04299999999999998,0.003380492475192122,0.024999999999999967,0.002703444076591938,0.018000000000000016,1.2504392099183708,0.006999999999999951
814,3B00186A36,129-2024-12-31,2024-12-31 11:30:57.800,0.0877669772732889,0.004184360062674367,0.06699999999999995,0.003288741758202524,0.05499999999999994,0.0010083593308212156,0.01200000000000001,3.2614779847617887,0.04299999999999993
815,3B00192E1E,131-2024-12-31,2024-12-31 11:33:57.803,0.0984365927944631,0.003942611961435901,0.07399999999999984,0.0025447676385677367,0.05499999999999994,0.0015093801004508734,0.018999999999999906,1.6859687217338948,0.03600000000000003
816,3B004873F2,132-2024-12-31,2024-12-31 11:34:01.801,0.0963810800155139,0.013208843044077016,0.04800000000000004,0.006514253362915073,0.02300000000000013,0.007195956223471496,0.02499999999999991,0.9052658410660045,-0.0019999999999997797
817,3B004873F2,133-2024-12-31,2024-12-31 11:35:04.802,0.0974450136848188,0.00945022301449189,0.05299999999999999,0.0035501698203827224,0.02100000000000002,0.006344282116253274,0.03199999999999997,0.5595857427726333,-0.010999999999999954
818,3B004873F2,135-2024-12-31,2024-12-31 11:39:12.807,0.0974450136848188,0.013467900376394861,0.04300000000000015,0.006205701245797493,0.020000000000000018,0.007743500728809447,0.02300000000000013,0.8014077176630693,-0.0030000000000001137
819,3B004BF067,137-2024-12-31,2024-12-31 11:40:11.807,0.0999514682150728,0.011666884909030666,0.04099999999999998,0.007241653554956353,0.024999999999999967,0.004890899067136373,0.016000000000000014,1.480638519738734,0.008999999999999952
820,3B004873F2,139-2024-12-31,2024-12-31 11:40:41.806,0.0974450136848188,0.014436976709654372,0.04400000000000004,0.006156801119350976,0.019000000000000017,0.008760741807330585,0.025000000000000022,0.7027716664585696,-0.006000000000000005
821,3B004873F2,141-2024-12-31,2024-12-31 11:42:23.809,0.0974450136848188,0.011260407506205626,0.050000000000000044,0.004153370241863872,0.014000000000000012,0.0075772068012139,0.03600000000000003,0.5481400139690638,-0.02200000000000002
822,3B004873F2,142-2024-12-31,2024-12-31 11:44:18.809,0.0974450136848188,0.014441440472301026,0.07800000000000007,0.007526259266200055,0.05499999999999994,0.007369378049282942,0.02300000000000013,1.021288257417107,0.031999999999999806
823,3B0018D520,143-2024-12-31,2024-12-31 11:46:41.811,0.0967763563862768,0.011799274242726691,0.07099999999999995,0.007897820638373852,0.05499999999999994,0.004307030473019935,0.016000000000000014,1.833704378886408,0.038999999999999924
824,3B00182A81,145-2024-12-31,2024-12-31 11:47:06.811,0.1200314724929308,0.002360037114130819,0.046999999999999986,0.0015637067443547723,0.03400000000000003,0.0008980321236247131,0.012999999999999956,1.7412592525568094,0.021000000000000074
825,3B0018D520,146-2024-12-31,2024-12-31 11:48:14.812,0.0967763563862768,0.013458498199533445,0.061000000000000054,0.008835612290158784,0.04399999999999993,0.005052315079790289,0.017000000000000126,1.7488244795939234,0.026999999999999802
826,3B004873F2,149-2024-12-31,2024-12-31 11:49:32.813,0.0974450136848188,0.014440083148851842,0.06699999999999995,0.0075700331954421185,0.04399999999999993,0.007326102559360372,0.02300000000000002,1.0332960989974243,0.020999999999999908
827,3B004BF067,151-2024-12-31,2024-12-31 11:50:26.813,0.0999514682150728,0.005328592559211733,0.04899999999999993,0.0037296314071220953,0.03400000000000003,0.001764174488451538,0.014999999999999902,2.1140944002629185,0.019000000000000128
828,3B004873F2,153-2024-12-31,2024-12-31 11:51:57.814,0.0974450136848188,0.014237740897595438,0.05499999999999994,0.007480040598898331,0.03400000000000003,0.007256592398933693,0.020999999999999908,1.0307924419177068,0.013000000000000123
829,3B004873F2,155-2024-12-31,2024-12-31 11:52:39.815,0.0974450136848188,0.014590600749757349,0.04600000000000004,0.00648502654152596,0.02100000000000013,0.008576325068434922,0.02499999999999991,0.756154470566191,-0.0039999999999997815
830,3B004CD4DE,157-2024-12-31,2024-12-31 11:53:58.812,0.1003986183690209,0.013489631554486911,0.04400000000000004,0.0077365359891075685,0.026000000000000023,0.006274579280440161,0.018000000000000016,1.2329967705125324,0.008000000000000007
831,0700ED9568,158-2024-12-31,2024-12-31 11:54:11.810,0.158192465064319,0.02414183053147692,0.06300000000000006,0.01615539818490044,0.04600000000000004,0.008733374630597993,0.017000000000000015,1.849846006639732,0.029000000000000026
832,3B00182A81,162-2024-12-31,2024-12-31 11:58:56.794,0.0979749402452956,0.003674218148054392,0.08800000000000008,0.001965991847298613,0.05500000000000005,0.0017776355120410624,0.03300000000000003,1.1059589178893494,0.02200000000000002
833,3B0018A99B,166-2024-12-31,2024-12-31 12:13:34.788,0.0957532417517764,0.004050769684335506,0.032999999999999974,0.0024263700206758354,0.019000000000000017,0.0018186655985501284,0.013999999999999957,1.3341485221968126,0.00500000000000006
834,3B0018A99B,167-2024-12-31,2024-12-31 12:16:49.141,0.0957532417517765,0.004174543091218805,0.03200000000000003,0.0024365855254810625,0.018999999999999906,0.001954925037918298,0.013000000000000123,1.2463830981855246,0.005999999999999783
835,3B0019B8CC,168-2024-12-31,2024-12-31 12:25:42.144,0.1572272238629591,0.02274722575452794,0.05899999999999994,0.013984265402374421,0.03799999999999992,0.009486406454970632,0.02100000000000002,1.474137279353767,0.016999999999999904
836,3B00190DF0,169-2024-12-31,2024-12-31 12:26:41.146,0.1732102861960218,0.02723486652025655,0.05199999999999999,0.016949718011463027,0.034999999999999976,0.011275475552461658,0.017000000000000015,1.5032375293264302,0.01799999999999996
837,3B0019B8CC,171-2024-12-31,2024-12-31 12:28:25.149,0.157227223862959,0.025138146369708965,0.05300000000000016,0.01504636762665494,0.03300000000000014,0.010900686741410568,0.020000000000000018,1.3803137346838308,0.013000000000000123
838,3B00190DF0,172-2024-12-31,2024-12-31 12:28:49.146,0.1732102861960218,0.026207485190881435,0.052999999999999936,0.015805481674905905,0.03499999999999992,0.011348893258501101,0.018000000000000016,1.3926892530305994,0.016999999999999904
839,3B00190DF0,173-2024-12-31,2024-12-31 12:29:47.146,0.1732102861960218,0.026131201032195746,0.051999999999999824,0.016155249600690782,0.03399999999999981,0.010895669757138638,0.018000000000000016,1.4827220318517973,0.015999999999999792
840,3B0019B8CC,174-2024-12-31,2024-12-31 12:29:54.147,0.1572272238629591,0.025794962758358273,0.04799999999999982,0.014363188846313069,0.026999999999999913,0.012307496290032225,0.020999999999999908,1.167027680353293,0.006000000000000005
841,3B00190DF0,175-2024-12-31,2024-12-31 12:30:41.149,0.1732102861960218,0.02790018159357763,0.05199999999999999,0.017729820429602798,0.034999999999999976,0.01115573372715055,0.017000000000000015,1.5893011489197162,0.01799999999999996
842,3B0019B8CC,176-2024-12-31,2024-12-31 12:31:37.149,0.157227223862959,0.026509617937921684,0.07600000000000007,0.01677628424302067,0.05499999999999994,0.01042289231166356,0.02100000000000013,1.6095613138252856,0.03399999999999981
843,3B00190DF0,177-2024-12-31,2024-12-31 12:31:58.148,0.1732102861960218,0.02199262938930761,0.06300000000000006,0.014174007137556408,0.04700000000000004,0.008649552344520795,0.016000000000000014,1.6386983479596111,0.031000000000000028
844,3B0019B8CC,178-2024-12-31,2024-12-31 12:32:18.149,0.160177706122097,0.02765823081086106,0.06400000000000006,0.014845074751716366,0.040000000000000036,0.013595232215667543,0.02400000000000002,1.0919324154396177,0.016000000000000014
845,3B00190DF0,179-2024-12-31,2024-12-31 12:32:57.149,0.1732102861960218,0.026725499824187315,0.052999999999999936,0.017651075897076058,0.03699999999999992,0.010052072062906313,0.016000000000000014,1.7559639233199724,0.020999999999999908
846,3B0019B8CC,180-2024-12-31,2024-12-31 12:33:18.150,0.1570698100979121,0.02421204985212838,0.050000000000000044,0.012299951209107995,0.026000000000000023,0.012654374423228039,0.02400000000000002,0.9719920398854743,0.0020000000000000018
847,3B00190DF0,181-2024-12-31,2024-12-31 12:34:51.150,0.1732102861960218,0.02273296480036445,0.05899999999999994,0.014814737912136264,0.04300000000000015,0.008772636657988617,0.015999999999999792,1.688744044659086,0.027000000000000357
848,3B0019B8CC,183-2024-12-31,2024-12-31 12:40:40.154,0.157227223862959,0.024307244343946377,0.051000000000000156,0.014033094213441032,0.030000000000000027,0.011064677165472835,0.02100000000000013,1.2682786857289519,0.008999999999999897
849,3B00190DF0,184-2024-12-31,2024-12-31 12:41:11.156,0.1732102861960218,0.02455045578280869,0.053999999999999826,0.015859904645349955,0.03799999999999981,0.009624235697019246,0.016000000000000014,1.6479131584715843,0.021999999999999797
850,3B0019B8CC,186-2024-12-31,2024-12-31 12:45:23.156,0.1580300304552159,0.02368120858095461,0.052000000000000046,0.012944631964496398,0.030000000000000027,0.011559148717915416,0.02200000000000002,1.119860318470826,0.008000000000000007
851,3B00192E1E,188-2024-12-31,2024-12-31 12:47:37.159,0.0978270277775211,0.002110722937283058,0.10299999999999998,0.0009448750327308977,0.04800000000000004,0.001219049453473088,0.05499999999999994,0.7750916339275132,-0.006999999999999895
852,3B0019B8CC,193-2024-12-31,2024-12-31 13:17:59.141,0.157227223862959,0.020318059300360236,0.059,0.013584076759915398,0.043999999999999984,0.00746400285370107,0.015000000000000013,1.819945279519776,0.02899999999999997
853,3B0019B8CC,194-2024-12-31,2024-12-31 13:19:33.143,0.1647698382088122,0.020110245568078815,0.05599999999999994,0.0126323242100081,0.03500000000000003,0.008105552184843554,0.020999999999999908,1.558477932401581,0.014000000000000123
854,3B00192E1E,195-2024-12-31,2024-12-31 13:19:39.143,0.101782170092885,0.001948779698829052,0.09199999999999997,0.0009236721799125493,0.05500000000000005,0.0010927725738147384,0.03699999999999992,0.8452556387722289,0.018000000000000127
855,3B00190DF0,196-2024-12-31,2024-12-31 13:19:53.142,0.1732102861960218,0.02674419495632367,0.04700000000000004,0.016597102078866655,0.031000000000000028,0.011182414885756076,0.016000000000000014,1.4842144785745424,0.015000000000000013
856,3B004873F2,197-2024-12-31,2024-12-31 13:20:24.142,0.0974450136848188,0.014058185331009627,0.056999999999999995,0.008507915693445238,0.03899999999999998,0.00604304976169568,0.018000000000000016,1.4078844340110013,0.020999999999999963
857,3B0019B8CC,199-2024-12-31,2024-12-31 13:21:03.144,0.1572272238629591,0.023503498284141618,0.05600000000000005,0.014543364247213943,0.038000000000000034,0.00977978356933876,0.018000000000000016,1.487084468086778,0.020000000000000018
858,3B00186A36,203-2024-12-31,2024-12-31 13:22:40.144,0.0877669772732889,0.003505499433100343,0.07000000000000006,0.002078307696656229,0.052000000000000046,0.001567207548678818,0.018000000000000016,1.3261215455529658,0.03400000000000003
859,3B0019B8CC,207-2024-12-31,2024-12-31 13:23:56.144,0.157227223862959,0.02388056671163876,0.05800000000000005,0.013188628661223126,0.03499999999999992,0.011463183321427818,0.02300000000000013,1.1505206094514757,0.011999999999999789
860,3B00186A36,208-2024-12-31,2024-12-31 13:24:19.144,0.0877669772732889,0.003610810021654784,0.06499999999999997,0.002115849132749753,0.04100000000000001,0.0016049043042811937,0.023999999999999966,1.3183646695354847,0.017000000000000043
861,3B00190DF0,210-2024-12-31,2024-12-31 13:24:40.145,0.1842777726463952,0.024268256570464167,0.050999999999999934,0.01514744177109333,0.03399999999999981,0.010006214890910027,0.017000000000000126,1.5138033648321665,0.016999999999999682
862,3B004873F2,211-2024-12-31,2024-12-31 13:26:52.145,0.0974450136848188,0.014740720996261192,0.07899999999999996,0.007393348804323272,0.05499999999999994,0.0077980357408509865,0.02400000000000002,0.9481039905462717,0.030999999999999917
863,3B0018D520,213-2024-12-31,2024-12-31 13:27:10.147,0.0996406740980805,0.01229697583615951,0.04899999999999993,0.00812109925884128,0.03299999999999992,0.004609236605447136,0.016000000000000014,1.7619185027828403,0.016999999999999904
864,3B00190DF0,214-2024-12-31,2024-12-31 13:27:32.146,0.1780416460107605,0.02629955010812264,0.05900000000000016,0.015989882041740993,0.041999999999999815,0.011280761903975955,0.017000000000000348,1.4174469931951394,0.024999999999999467
865,3B0019B8CC,218-2024-12-31,2024-12-31 13:29:15.147,0.157227223862959,0.025197342306287965,0.051999999999999824,0.014885573864470616,0.030999999999999917,0.011138055892498984,0.020999999999999908,1.3364606901008127,0.010000000000000009
866,3B004CD4DE,220-2024-12-31,2024-12-31 13:30:48.148,0.1003986183690209,0.01341155510277463,0.07999999999999985,0.005857894716236932,0.05499999999999994,0.007983119993453242,0.02499999999999991,0.733785126747543,0.030000000000000027
867,3B004CD4DE,221-2024-12-31,2024-12-31 14:01:12.140,0.1003986183690209,0.012388051606894431,0.07099999999999995,0.007639251983464659,0.05499999999999994,0.005234405376725708,0.016000000000000014,1.4594307153648962,0.038999999999999924
868,3B001857EE,222-2024-12-31,2024-12-31 14:01:46.138,0.1069375408356136,0.012596461462970155,0.046999999999999986,0.006712834746902967,0.025000000000000022,0.0063509250879738525,0.021999999999999964,1.0569853452711053,0.003000000000000058
869,3B00182A81,223-2024-12-31,2024-12-31 14:01:57.139,0.1200314724929308,0.009203384006443886,0.05399999999999999,0.005019060516710943,0.033999999999999975,0.0045270690779562976,0.020000000000000018,1.1086776963820375,0.013999999999999957
870,3B00192E1E,227-2024-12-31,2024-12-31 14:03:28.136,0.1007525158752752,0.007349235018507329,0.07000000000000006,0.0044976464654944625,0.05499999999999994,0.0031538252468521753,0.015000000000000124,1.4260924792784735,0.039999999999999813
871,3B001857EE,228-2024-12-31,2024-12-31 14:05:00.137,0.0978300152613901,0.012417620245812864,0.05699999999999994,0.006856615679493523,0.03299999999999992,0.005934416581870077,0.02400000000000002,1.155398443115842,0.008999999999999897
872,3B00182A81,230-2024-12-31,2024-12-31 14:05:17.137,0.1200314724929308,0.008489823322267822,0.04299999999999998,0.004659570183857777,0.025000000000000022,0.004168794499519747,0.01799999999999996,1.117726043918588,0.007000000000000062
873,3B001857EE,234-2024-12-31,2024-12-31 14:21:18.141,0.1069375408356136,0.004305882738224054,0.041000000000000036,0.0028254206407385654,0.028000000000000025,0.0016680626215056342,0.013000000000000012,1.6938336752539132,0.015000000000000013
874,3B004873F2,236-2024-12-31,2024-12-31 14:21:50.141,0.0974450136848188,0.014968748020926343,0.07099999999999995,0.007317701736813959,0.04600000000000004,0.0080817848135978,0.02499999999999991,0.9054561468280803,0.02100000000000013
875,3B001857EE,237-2024-12-31,2024-12-31 14:24:06.143,0.1069375408356136,0.01228883890848362,0.04999999999999999,0.0079204603074732,0.033999999999999975,0.004798429373954162,0.016000000000000014,1.6506360082041425,0.01799999999999996
876,3B00190DF0,238-2024-12-31,2024-12-31 14:24:36.145,0.1732102861960218,0.02647746090733215,0.050999999999999934,0.01727873660819036,0.03599999999999992,0.010194166506112903,0.015000000000000013,1.6949631534691152,0.020999999999999908
877,3B004873F2,239-2024-12-31,2024-12-31 14:24:41.143,0.0974450136848188,0.014441446774143163,0.04500000000000004,0.007079960857626515,0.02200000000000002,0.0078414415530602,0.02300000000000002,0.9028902160041594,-0.0010000000000000009
878,3B001857EE,240-2024-12-31,2024-12-31 14:24:59.144,0.1069375408356136,0.013230158640095914,0.051999999999999935,0.008095328160014088,0.03300000000000003,0.0055668747648210705,0.018999999999999906,1.4541962055929754,0.014000000000000123
879,3B0019B8CC,241-2024-12-31,2024-12-31 14:26:16.144,0.1572272238629591,0.02757678744302214,0.05500000000000005,0.013643626287564097,0.029000000000000026,0.014699280670266992,0.026000000000000023,0.9281832624069678,0.0030000000000000027
880,3B001857EE,242-2024-12-31,2024-12-31 14:26:35.145,0.1069375408356136,0.013297678452629235,0.07,0.009479819374711904,0.05499999999999999,0.004227857843856716,0.015000000000000013,2.242227559397851,0.03999999999999998
881,3B004873F2,243-2024-12-31,2024-12-31 14:26:55.145,0.0974450136848188,0.014621596282156812,0.045999999999999985,0.006127494943756816,0.019999999999999962,0.008966974461501385,0.026000000000000023,0.6833402916518242,-0.006000000000000061
882,3B00190DF0,244-2024-12-31,2024-12-31 14:28:11.145,0.1732102861960218,0.025102201565625863,0.06999999999999984,0.016689424716177903,0.05499999999999994,0.00932925668578482,0.014999999999999902,1.788934025323574,0.040000000000000036
883,3B004873F2,245-2024-12-31,2024-12-31 14:28:19.145,0.0974450136848188,0.014668742553016608,0.04800000000000004,0.006367891713714161,0.02200000000000002,0.0087533491867279,0.026000000000000023,0.7274805994680706,-0.0040000000000000036
884,3B004873F2,248-2024-12-31,2024-12-31 14:29:44.146,0.0974450136848188,0.013697468110973048,0.08199999999999996,0.004868355918991755,0.05499999999999994,0.009307047228280909,0.027000000000000024,0.5230827564942938,0.027999999999999914
885,3B00190DF0,249-2024-12-31,2024-12-31 14:29:51.148,0.1732102861960218,0.025696335307296994,0.05400000000000005,0.016664304432972864,0.039000000000000146,0.010000699272916112,0.014999999999999902,1.6663139224777135,0.024000000000000243
886,3B0019B8CC,252-2024-12-31,2024-12-31 14:40:54.153,0.1569165666495078,0.02497372463538174,0.050999999999999934,0.014263817329021036,0.030000000000000027,0.011502291914384892,0.020999999999999908,1.240084796594542,0.009000000000000119
887,3B004CD4DE,254-2024-12-31,2024-12-31 15:38:22.152,0.1003986183690209,0.01355457841248048,0.044999999999999984,0.00781582366656817,0.02699999999999997,0.006238984649585642,0.018000000000000016,1.2527396853087711,0.008999999999999952
888,3B0019B8CC,256-2024-12-31,2024-12-31 15:38:46.154,0.1654902258572067,0.0264917448835229,0.053999999999999826,0.01267503695389097,0.028999999999999915,0.014557551466938592,0.02499999999999991,0.870684674045428,0.0040000000000000036
889,3B004873F2,257-2024-12-31,2024-12-31 15:38:49.153,0.0974450136848188,0.013562428584746777,0.04899999999999993,0.005796088985675322,0.02199999999999991,0.00818383978296918,0.027000000000000024,0.7082358818579464,-0.0050000000000001155
890,3B004CD4DE,258-2024-12-31,2024-12-31 15:38:55.153,0.1003986183690209,0.014459000541276043,0.07500000000000001,0.008262491875345898,0.05499999999999999,0.006666079440228677,0.020000000000000018,1.2394829598764063,0.034999999999999976
891,3B00182A81,259-2024-12-31,2024-12-31 15:39:01.153,0.1200314724929308,0.0011949666463278285,0.039000000000000035,0.0008080467483775644,0.029000000000000026,0.0004463501244540494,0.010000000000000009,1.8103428320221084,0.019000000000000017
892,3B004CD4DE,260-2024-12-31,2024-12-31 15:39:39.154,0.0977243827783934,0.006445140194914838,0.06300000000000006,0.004618312218847154,0.04800000000000004,0.0020124632012360846,0.015000000000000013,2.2948554865552415,0.03300000000000003
893,3B0019B8CC,262-2024-12-31,2024-12-31 15:39:54.154,0.1537191198974374,0.029076204433543123,0.05600000000000005,0.010710689086905706,0.02400000000000002,0.019126339413388288,0.03200000000000003,0.5599968114864837,-0.008000000000000007
894,3B004CD4DE,264-2024-12-31,2024-12-31 15:40:24.154,0.1003986183690208,0.01388133964819455,0.04799999999999999,0.008745952241430476,0.031000000000000028,0.005623707097288419,0.01699999999999996,1.5551934142600543,0.014000000000000068
895,3B004873F2,266-2024-12-31,2024-12-31 15:40:44.153,0.0974450136848188,0.014969678389519762,0.04400000000000004,0.006390108585281137,0.019000000000000017,0.009088379200174176,0.025000000000000022,0.7031076107782422,-0.006000000000000005
896,3B0019B8CC,267-2024-12-31,2024-12-31 15:41:59.155,0.1607841409218128,0.027203949520884216,0.051000000000000156,0.013352229426615861,0.0259999999999998,0.014645753962680629,0.025000000000000355,0.9116792116431258,0.0009999999999994458
897,3B00192E1E,271-2024-12-31,2024-12-31 15:42:44.156,0.1007525158752752,0.01327673165325769,0.05800000000000005,0.005515965848058972,0.028000000000000025,0.008133035042020313,0.030000000000000027,0.6782173960348216,-0.0020000000000000018
898,3B004CD4DE,272-2024-12-31,2024-12-31 15:50:32.161,0.0969546599840325,0.012773831521145225,0.04700000000000015,0.007234741651576204,0.026000000000000023,0.005994038917017953,0.02100000000000013,1.206989435960403,0.004999999999999893
899,3B00182A81,273-2024-12-31,2024-12-31 15:51:29.160,0.1200314724929308,0.01338505556845673,0.07900000000000001,0.005996910738454542,0.05499999999999999,0.0078171040528284,0.02400000000000002,0.7671524771740409,0.030999999999999972
900,3B00190DF0,274-2024-12-31,2024-12-31 15:52:01.159,0.1796882872181655,0.027782179951602773,0.05799999999999994,0.017474416114445043,0.041000000000000036,0.011276314577705357,0.016999999999999904,1.5496566714265037,0.024000000000000132
901,3B0019B8CC,276-2024-12-31,2024-12-31 15:53:23.161,0.1572272238629591,0.029278637388679557,0.051999999999999935,0.01146942336882267,0.02200000000000002,0.01862574447521317,0.029999999999999916,0.6157833521278028,-0.007999999999999896
902,3B00190DF0,277-2024-12-31,2024-12-31 15:53:56.160,0.1732102861960218,0.02669542795149958,0.05499999999999994,0.017265031562649774,0.038999999999999924,0.010438099972607853,0.016000000000000014,1.654039682313589,0.02299999999999991
903,3B00190DF0,278-2024-12-31,2024-12-31 15:56:38.154,0.1732102861960218,0.025314260875681418,0.062000000000000055,0.015956535794094548,0.04600000000000004,0.01033599143940945,0.016000000000000014,1.5437837664275609,0.030000000000000027
904,3B004CD4DE,280-2024-12-31,2024-12-31 15:56:52.155,0.1003986183690208,0.015308363501827979,0.04500000000000004,0.005989671572815537,0.018000000000000016,0.009819415899229494,0.027000000000000024,0.6099824708805268,-0.009000000000000008
905,3B00182A81,1-2025-01-03,2025-01-03 08:03:58.694,0.1200314724929308,0.012069371531877517,0.06,0.007753009414796079,0.03999999999999998,0.004665917633356274,0.020000000000000018,1.661625863125065,0.019999999999999962
906,3B0018C6F9,2-2025-01-03,2025-01-03 08:04:16.695,0.0879159972220203,0.01206652974179886,0.04800000000000004,0.006408352034902959,0.027000000000000135,0.006125680127834899,0.020999999999999908,1.046145391396395,0.006000000000000227
907,3B0019B8CC,3-2025-01-03,2025-01-03 08:04:54.695,0.157227223862959,-0.0016534073383756374,0.03500000000000014,-0.001656329064037168,0.03300000000000014,5.708755024072365e-06,0.0020000000000000018,-290.13840269075314,0.03100000000000014
908,3B0018C6F9,4-2025-01-03,2025-01-03 08:05:49.696,0.0910997830293018,0.011929864752448694,0.05099999999999971,0.006637037888377259,0.03200000000000003,0.005752030371500209,0.018999999999999684,1.1538600215433543,0.013000000000000345
909,3B00190DF0,5-2025-01-03,2025-01-03 08:05:58.696,0.1732102861960218,0.023551608330335053,0.06199999999999983,0.015904967254650102,0.04599999999999982,0.008475835221781912,0.016000000000000014,1.8765073693004537,0.029999999999999805
910,3B00190DF0,6-2025-01-03,2025-01-03 08:06:39.696,0.1631333538433672,0.02221067418408755,0.06899999999999995,0.015271910540919713,0.05400000000000005,0.00772164145464972,0.014999999999999902,1.9778062256080884,0.039000000000000146
911,3B0019B8CC,7-2025-01-03,2025-01-03 08:06:45.695,0.157227223862959,0.022300080266972923,0.05900000000000016,0.015014528672431169,0.04100000000000015,0.007939888768501623,0.018000000000000016,1.8910250647333235,0.02300000000000013
912,3B0018A99B,9-2025-01-03,2025-01-03 08:11:02.699,0.0873123313796066,0.0051350438054075095,0.04300000000000015,0.002612060284539175,0.02300000000000013,0.0027064485730248404,0.020000000000000018,0.9651246694925472,0.0030000000000001137
913,3B00182A81,11-2025-01-03,2025-01-03 08:12:49.699,0.1200314724929308,0.011424337933214257,0.04899999999999999,0.006974828825323166,0.03199999999999997,0.004875386746186117,0.017000000000000015,1.4306206232314567,0.014999999999999958
914,3B00192E1E,12-2025-01-03,2025-01-03 08:19:27.703,0.0912188383636036,0.009853467808574573,0.05400000000000005,0.006082908435249245,0.03600000000000003,0.004100010334431851,0.018000000000000016,1.483632464085525,0.018000000000000016
915,3B004CD4DE,13-2025-01-03,2025-01-03 08:19:41.705,0.1003986183690209,0.014124458399824848,0.04699999999999993,0.005789586643384318,0.020000000000000018,0.008788539889952929,0.026999999999999913,0.6587654736599627,-0.006999999999999895
916,3B00192E1E,16-2025-01-03,2025-01-03 08:20:14.705,0.1007525158752752,0.010654928473129854,0.05400000000000005,0.00497189590834521,0.029000000000000137,0.006012081375985498,0.02499999999999991,0.8269841336820261,0.004000000000000226
917,3B00182A81,17-2025-01-03,2025-01-03 08:20:19.704,0.1200314724929308,0.003506310927709043,0.03500000000000014,0.0020339147003417424,0.02200000000000002,0.0016473277718133915,0.013000000000000123,1.2346751722049785,0.008999999999999897
918,3B004CD4DE,18-2025-01-03,2025-01-03 08:20:48.705,0.1003986183690209,0.013479906170050213,0.04899999999999999,0.00583835967798617,0.022999999999999965,0.008061555550475708,0.026000000000000023,0.7242224706423628,-0.003000000000000058
919,3B0018A99B,20-2025-01-03,2025-01-03 08:21:19.705,0.0957532417517765,0.004836957233049282,0.040000000000000036,0.002668327454160647,0.02200000000000002,0.002352098431065967,0.018000000000000016,1.134445488725302,0.0040000000000000036
920,3B00192E1E,23-2025-01-03,2025-01-03 08:22:23.707,0.1007525158752752,0.012000058963433324,0.045999999999999985,0.005177190378732816,0.020000000000000018,0.007219139277923084,0.025999999999999968,0.7171478730941276,-0.00599999999999995
921,3B004CD4DE,25-2025-01-03,2025-01-03 08:22:52.705,0.0972057525794403,0.014349531762058946,0.04599999999999982,0.0059857159606244255,0.020000000000000018,0.00883156750202488,0.0259999999999998,0.6777637106042653,-0.005999999999999783
922,3B00182A81,26-2025-01-03,2025-01-03 08:22:57.705,0.1200314724929308,0.00333563235007847,0.05800000000000005,0.002406619819432636,0.04300000000000004,0.0010277030487130673,0.015000000000000013,2.3417463074049514,0.028000000000000025
923,3B004873F2,28-2025-01-03,2025-01-03 08:23:36.706,0.1059223398213607,0.011231576073211756,0.04600000000000004,0.0067735349193290065,0.030000000000000027,0.004904942546655386,0.016000000000000014,1.3809611131832296,0.014000000000000012
924,3B004BF067,29-2025-01-03,2025-01-03 08:23:54.707,0.0947584698282505,0.010084022417702995,0.07,0.006935832081401014,0.05499999999999999,0.003487650367051237,0.015000000000000013,1.9886833115284916,0.03999999999999998
925,3B004873F2,30-2025-01-03,2025-01-03 08:24:19.706,0.1059223398213607,0.012904351186748628,0.04500000000000015,0.005617886943320654,0.020000000000000018,0.0077215806324162336,0.025000000000000133,0.7275565989346805,-0.0050000000000001155
926,3B004873F2,34-2025-01-03,2025-01-03 08:25:59.708,0.1059223398213607,0.013281632801180023,0.04400000000000004,0.005648700674178244,0.019000000000000017,0.00808466545924043,0.025000000000000022,0.698693186830881,-0.006000000000000005
927,3B0019B8CC,35-2025-01-03,2025-01-03 08:27:21.708,0.1572272238629591,0.022556799607131247,0.04799999999999999,0.013360063226735615,0.028000000000000025,0.00991405599512255,0.019999999999999962,1.3475880339296458,0.008000000000000063
928,3B004CD4DE,36-2025-01-03,2025-01-03 08:37:20.921,0.1003986183690209,0.013229988794950985,0.05499999999999999,0.005863933267933895,0.02999999999999997,0.007787055023003421,0.025000000000000022,0.7530360644186395,0.004999999999999949
929,3B00186A36,37-2025-01-03,2025-01-03 08:38:14.921,0.0899897453561215,0.012200419985817333,0.050000000000000044,0.005176560658815478,0.02299999999999991,0.007411361379426069,0.027000000000000135,0.6984628590889664,-0.004000000000000226
930,3B00182A81,40-2025-01-03,2025-01-03 08:38:38.916,0.1200314724929308,0.002898804528048494,0.04299999999999998,0.0015740111431850354,0.02300000000000002,0.0014386143074467536,0.019999999999999962,1.094116147071124,0.003000000000000058
931,3B004CD4DE,41-2025-01-03,2025-01-03 08:39:25.908,0.1003986183690209,0.014637139417054038,0.05499999999999994,0.006202471144009134,0.026999999999999913,0.008868877100076368,0.028000000000000025,0.6993524742783644,-0.001000000000000112
932,3B0018A99B,43-2025-01-03,2025-01-03 09:05:59.884,0.0872947005610255,0.011553501980325752,0.050000000000000044,0.007302057615255432,0.03300000000000003,0.004658016306008808,0.017000000000000015,1.567632471753229,0.016000000000000014
933,3B00192E1E,44-2025-01-03,2025-01-03 09:06:52.884,0.1007525158752752,0.012033596243974713,0.04600000000000004,0.004423302665759097,0.017000000000000015,0.008002304868077676,0.029000000000000026,0.5527535802096564,-0.01200000000000001
934,3B0018A99B,46-2025-01-03,2025-01-03 09:09:06.887,0.0957532417517765,0.005295652428939701,0.037000000000000144,0.0031368517523206077,0.02200000000000002,0.0023848920582834623,0.015000000000000124,1.3153013535456912,0.006999999999999895
935,01103F88A1,47-2025-01-03,2025-01-03 09:09:39.888,0.1015371097703245,0.011219681132546391,0.07899999999999996,0.006059501224894039,0.05500000000000005,0.005502848705383765,0.02399999999999991,1.1011571550142145,0.03100000000000014
936,3B00192E1E,48-2025-01-03,2025-01-03 09:09:45.887,0.1007525158752752,0.012566366717926712,0.051000000000000045,0.005129028933242657,0.02200000000000002,0.007822207611550471,0.029000000000000026,0.6557009463247948,-0.007000000000000006
937,3B004AB6A7,49-2025-01-03,2025-01-03 09:10:04.887,0.0890334167258134,0.013619906117964556,0.050000000000000044,0.00766926319926897,0.028000000000000025,0.006433142615025789,0.02200000000000002,1.1921487923112406,0.006000000000000005
938,3B004C0894,50-2025-01-03,2025-01-03 09:10:49.887,0.0984286319816433,0.012104136695241144,0.05800000000000005,0.007903521711734819,0.039000000000000035,0.0045587855902492974,0.019000000000000017,1.7336901583262692,0.020000000000000018
939,01103F88A1,51-2025-01-03,2025-01-03 09:11:36.887,0.1015371097703245,0.013472039705509026,0.052000000000000046,0.0049892106931570205,0.020999999999999908,0.00888200316837848,0.03100000000000014,0.5617213367947788,-0.010000000000000231
940,3B004AB6A7,52-2025-01-03,2025-01-03 09:11:47.889,0.1010865170433355,0.013576760090898093,0.05800000000000005,0.0077898273681567065,0.038000000000000034,0.006264459625421514,0.020000000000000018,1.2434955022369636,0.018000000000000016
941,3B00185CB8,54-2025-01-03,2025-01-03 09:16:11.890,0.0961713399170973,0.006620923279710768,0.03699999999999998,0.0033982136321999354,0.01899999999999996,0.003495690375843626,0.018000000000000016,0.972115166629949,0.0009999999999999454
942,3B004873F2,55-2025-01-03,2025-01-03 09:16:31.890,0.1059223398213607,0.012692251757865229,0.04799999999999999,0.005492742443631369,0.022999999999999965,0.007619108463992443,0.025000000000000022,0.720916688558749,-0.0020000000000000573
943,3B004BF067,56-2025-01-03,2025-01-03 09:16:51.891,0.0999514682150728,0.010563659829766361,0.04799999999999999,0.0057628838391055055,0.027000000000000024,0.005132505092872227,0.020999999999999963,1.1228208710613299,0.006000000000000061
944,01103F88A1,58-2025-01-03,2025-01-03 09:17:03.890,0.1015371097703245,0.013464170752952491,0.05200000000000049,0.005606267520413496,0.023000000000000576,0.008273181500238341,0.028999999999999915,0.6776434821660791,-0.005999999999999339
945,3B004873F2,59-2025-01-03,2025-01-03 09:17:41.892,0.1059223398213607,0.013352047943309138,0.04899999999999993,0.00604349513306421,0.02300000000000002,0.007723230442456084,0.025999999999999912,0.7825087155035482,-0.0029999999999998916
946,3B004ACEEA,61-2025-01-03,2025-01-03 09:18:19.892,0.1340366575653846,0.010516626042203405,0.04100000000000015,0.006529229520636708,0.026000000000000023,0.004424582261579655,0.015000000000000124,1.4756714045826456,0.010999999999999899
947,3B004873F2,62-2025-01-03,2025-01-03 09:18:53.892,0.1059223398213607,0.013498967534722158,0.045999999999999985,0.005701685082363053,0.020000000000000018,0.008233126868399733,0.025999999999999968,0.6925297245506051,-0.00599999999999995
948,3B004873F2,63-2025-01-03,2025-01-03 09:19:40.893,0.1059223398213607,0.012941585756793368,0.04500000000000004,0.005813836272092206,0.020000000000000018,0.007561278996330311,0.025000000000000022,0.7688958805664775,-0.0050000000000000044
949,3B004873F2,64-2025-01-03,2025-01-03 09:25:47.896,0.1059223398213607,0.012938180108049445,0.05199999999999999,0.006765806066276151,0.02799999999999997,0.0065554558975581744,0.02400000000000002,1.0320878016731574,0.003999999999999948
950,3B00190DF0,65-2025-01-03,2025-01-03 09:29:52.898,0.1732102861960218,0.02584493047466669,0.05299999999999999,0.017097984614800766,0.03699999999999998,0.009685279281089042,0.016000000000000014,1.765357933269449,0.020999999999999963
951,3B00190DF0,66-2025-01-03,2025-01-03 09:31:41.901,0.1732102861960218,0.024567848804849395,0.05300000000000016,0.01587827885729654,0.037000000000000144,0.00959884438401536,0.016000000000000014,1.654186506423431,0.02100000000000013
952,3B00190DF0,67-2025-01-03,2025-01-03 09:33:16.901,0.1732102861960218,0.024309052443818865,0.04999999999999993,0.01515324827337021,0.03400000000000003,0.010067052646728665,0.015999999999999903,1.5052318493928138,0.018000000000000127
953,3B00190DF0,68-2025-01-03,2025-01-03 09:35:31.903,0.1732102861960218,0.024262409871714817,0.05500000000000005,0.015175414438419469,0.038000000000000034,0.00997705259449845,0.017000000000000015,1.5210318172310229,0.02100000000000002
954,3B00190DF0,69-2025-01-03,2025-01-03 09:36:45.902,0.1732102861960218,0.025760473224197437,0.051999999999999824,0.016474487163519562,0.03600000000000003,0.010220978308822438,0.015999999999999792,1.6118307529621978,0.02000000000000024
955,3B004BF067,70-2025-01-03,2025-01-03 09:37:36.904,0.0999514682150728,0.002655956807938485,0.03600000000000003,0.001048442197574668,0.014000000000000012,0.0017125858056898679,0.02200000000000002,0.6121983459697845,-0.008000000000000007
956,3B004873F2,71-2025-01-03,2025-01-03 09:37:42.902,0.1059223398213607,0.005382490695846464,0.06900000000000006,0.0038258262502548013,0.05500000000000005,0.0017265740955681181,0.014000000000000012,2.215848285964199,0.041000000000000036
957,3B00190DF0,73-2025-01-03,2025-01-03 09:38:52.898,0.1732102861960218,0.025848379593498172,0.049000000000000044,0.01637893684998907,0.03200000000000003,0.010386954864236042,0.017000000000000015,1.5768757122825656,0.015000000000000013
958,3B004C0894,76-2025-01-03,2025-01-03 09:48:49.857,0.1073732115839449,0.01323465938384299,0.05499999999999999,0.007953193665042902,0.03500000000000003,0.0056906118133904305,0.019999999999999962,1.3975990501282216,0.015000000000000069
959,3B00192E1E,77-2025-01-03,2025-01-03 09:48:54.856,0.1007525158752752,0.010034668968708912,0.057999999999999996,0.006499355752485067,0.04099999999999998,0.0038627944280887954,0.017000000000000015,1.682552844444474,0.023999999999999966
960,3B00192E1E,80-2025-01-03,2025-01-03 09:50:01.856,0.093775226228236,0.013313702399967422,0.04699999999999993,0.00458901056456288,0.017000000000000126,0.00912776146773055,0.029999999999999805,0.5027531208814392,-0.012999999999999678
961,3B004C0894,82-2025-01-03,2025-01-03 10:03:38.864,0.1073732115839449,0.012471642409748358,0.062,0.007942404130148687,0.044999999999999984,0.004945948572714745,0.017000000000000015,1.605840419361506,0.02799999999999997
962,3B004873F2,83-2025-01-03,2025-01-03 10:04:00.865,0.1059223398213607,0.013247860713323744,0.045999999999999985,0.005223033262308047,0.01899999999999996,0.008437717714247978,0.027000000000000024,0.6190101919963977,-0.008000000000000063
963,3B004C0894,86-2025-01-03,2025-01-03 10:07:36.866,0.1021874219325076,0.013162591723431087,0.052999999999999936,0.007889996135715397,0.03399999999999981,0.0057013489337662026,0.019000000000000128,1.383882345629987,0.01499999999999968
964,3B0018A99B,88-2025-01-03,2025-01-03 10:07:55.866,0.0957532417517765,0.004254424370902807,0.040000000000000036,0.002793067552164689,0.026000000000000023,0.0016148144084844795,0.014000000000000012,1.7296523597321705,0.01200000000000001
965,3B004BF067,89-2025-01-03,2025-01-03 10:08:01.866,0.0999514682150728,0.011114232428590817,0.05300000000000016,0.006772320334369178,0.03400000000000003,0.004703776008237162,0.019000000000000128,1.4397625062310837,0.014999999999999902
966,3B004C0894,90-2025-01-03,2025-01-03 10:08:52.867,0.107373211583945,0.005795648486640351,0.04700000000000004,0.0034754337012806755,0.029000000000000026,0.0025033480906022127,0.018000000000000016,1.388314199822133,0.01100000000000001
967,01103F88A1,92-2025-01-03,2025-01-03 10:09:07.867,0.1015371097703245,0.014746242534476692,0.052000000000000046,0.005653343725912249,0.02100000000000002,0.009537994800373211,0.031000000000000028,0.5927182646074665,-0.010000000000000009
968,3B004873F2,93-2025-01-03,2025-01-03 10:09:15.868,0.1059223398213607,0.013797701785704098,0.04899999999999999,0.0059006670926767145,0.021999999999999964,0.008328597170801302,0.027000000000000024,0.7084827098329941,-0.00500000000000006
969,3B0018A99B,95-2025-01-03,2025-01-03 10:10:12.867,0.0957532417517765,0.0005892505140742456,0.014999999999999902,0.0003348054808914043,0.008000000000000007,0.00031404397651497285,0.006999999999999895,1.066110181786727,0.001000000000000112
970,3B004C0894,97-2025-01-03,2025-01-03 10:10:22.868,0.0809049251067951,0.008347267613385102,0.04500000000000015,0.004362303722286405,0.02400000000000002,0.004260087633018196,0.02100000000000013,1.023993893570633,0.0029999999999998916
971,3B004BF067,99-2025-01-03,2025-01-03 10:11:53.871,0.1002016487976269,0.0047285117193130765,0.039999999999999925,0.0030706898602888616,0.026000000000000023,0.001839189737390426,0.013999999999999901,1.669588405079824,0.012000000000000122
972,3B004CD4DE,100-2025-01-03,2025-01-03 10:12:11.868,0.1003986183690209,0.012009016629735948,0.07700000000000001,0.004819709038787657,0.05499999999999999,0.0076824550162956,0.02200000000000002,0.6273657351151886,0.032999999999999974
973,3B004CD4DE,101-2025-01-03,2025-01-03 10:13:07.869,0.0964437109110938,0.014519729970326085,0.07499999999999996,0.008881094138757269,0.05499999999999994,0.00606605906347981,0.020000000000000018,1.4640632486131129,0.03499999999999992
974,3B004AB6A7,102-2025-01-03,2025-01-03 10:13:15.870,0.1047696848872961,0.015253786943874383,0.05799999999999994,0.008686554170572807,0.039000000000000035,0.007102665715815023,0.018999999999999906,1.222999155265191,0.02000000000000013
975,3B0018A99B,108-2025-01-03,2025-01-03 10:36:22.881,0.0957532417517765,0.004802964256908188,0.03699999999999992,0.002932824640248973,0.022999999999999687,0.002070326930013084,0.014000000000000234,1.4165997638983705,0.008999999999999453
976,3B00190DF0,109-2025-01-03,2025-01-03 10:36:38.882,0.1732102861960218,0.02472146654808626,0.055999999999999994,0.016481071892875208,0.04099999999999998,0.00915715259907684,0.015000000000000013,1.7998031281619915,0.025999999999999968
977,01103F88A1,110-2025-01-03,2025-01-03 10:36:47.883,0.1015371097703245,0.013967318218311266,0.08300000000000002,0.006502117008757317,0.05499999999999999,0.007854671737187551,0.028000000000000025,0.8278025137541227,0.02699999999999997
978,3B0019B8CC,111-2025-01-03,2025-01-03 10:39:00.875,0.1572272238629591,0.026572724041457975,0.04899999999999999,0.011569083010456352,0.022999999999999965,0.015786790990614565,0.026000000000000023,0.7328331018846268,-0.003000000000000058
979,3B004C0894,113-2025-01-03,2025-01-03 10:40:43.861,0.1073732115839449,0.01204594327163644,0.06599999999999984,0.007049761205340373,0.04399999999999993,0.005372936778143733,0.02199999999999991,1.3120871315697777,0.02200000000000002
980,3B0018A99B,114-2025-01-03,2025-01-03 10:40:49.859,0.0957532417517765,0.005162483868215379,0.038999999999999924,0.0032065351198738924,0.02400000000000002,0.0021583040111472335,0.014999999999999902,1.485673521113218,0.009000000000000119
981,3B0018A99B,116-2025-01-03,2025-01-03 10:41:59.850,0.0957532417517765,0.005458804072156961,0.040999999999999925,0.0032587967328918535,0.02400000000000002,0.002405186315317015,0.016999999999999904,1.354904072145583,0.007000000000000117
982,3B004C0894,117-2025-01-03,2025-01-03 10:42:28.845,0.107373211583945,0.005920848417281831,0.041000000000000036,0.0030303288154178,0.02200000000000002,0.0031160638635554455,0.019000000000000017,0.9724861068669428,0.0030000000000000027
983,3B00190DF0,118-2025-01-03,2025-01-03 10:42:49.842,0.1721048235730665,0.017611403773565754,0.040999999999999925,0.010600811195874924,0.02499999999999991,0.0077229065172353785,0.016000000000000014,1.3726452822155575,0.008999999999999897
984,3B0018A99B,119-2025-01-03,2025-01-03 10:42:56.840,0.0957532417517765,0.0043668524043662055,0.03699999999999998,0.00269328746124404,0.022999999999999965,0.0018638151401340801,0.014000000000000012,1.4450400167101811,0.008999999999999952
985,3B0019B8CC,120-2025-01-03,2025-01-03 10:43:55.840,0.1572272238629591,0.024906996491100113,0.05099999999999999,0.013753308187131498,0.029000000000000026,0.011881651004569891,0.021999999999999964,1.1575250090952625,0.007000000000000062
986,3B004873F2,121-2025-01-03,2025-01-03 10:43:57.838,0.1059223398213607,0.013175991675389855,0.07300000000000001,0.006744826817535956,0.05199999999999999,0.006943957537546044,0.02100000000000002,0.971323165653968,0.030999999999999972
987,3B004C0894,122-2025-01-03,2025-01-03 10:44:08.838,0.1073732115839449,0.01297728020426893,0.07699999999999996,0.007610607143842464,0.05499999999999994,0.00576701242387545,0.02200000000000002,1.319679339051625,0.03299999999999992
988,3B004AB6A7,123-2025-01-03,2025-01-03 10:45:41.838,0.0992837123082035,0.012412364877150847,0.07299999999999995,0.007336083144636667,0.052999999999999936,0.005497507126117585,0.020000000000000018,1.334438132837403,0.03299999999999992
989,3B004ACEEA,125-2025-01-03,2025-01-03 10:53:04.843,0.0935488315014605,0.011345106108638212,0.04700000000000015,0.007270779295582162,0.03200000000000003,0.004502403772684259,0.015000000000000124,1.6148661165605418,0.016999999999999904
990,3B004873F2,129-2025-01-03,2025-01-03 10:55:10.845,0.09418394391946,0.012555241877684377,0.07899999999999996,0.005007034764569234,0.05499999999999994,0.008012531534609726,0.02400000000000002,0.6249004753293762,0.030999999999999917
991,3B004AB6A7,130-2025-01-03,2025-01-03 10:58:58.846,0.0994110699768331,0.012520002143414314,0.054999999999999716,0.007310753847476082,0.03699999999999992,0.005706114219080107,0.017999999999999794,1.2812140743748837,0.019000000000000128
992,3B004AB6A7,133-2025-01-03,2025-01-03 11:02:20.847,0.1010865170433355,0.013926085401327835,0.04800000000000004,0.007858467039682715,0.028000000000000025,0.006561341160907604,0.020000000000000018,1.1976921862413392,0.008000000000000007
993,3B004C0894,135-2025-01-03,2025-01-03 11:03:34.848,0.1073732115839449,0.010329525412245797,0.052999999999999936,0.0043491699377953864,0.02300000000000002,0.006497847102533584,0.029999999999999916,0.669324757749316,-0.006999999999999895
994,3B004C0894,136-2025-01-03,2025-01-03 11:03:45.848,0.1057603355099062,0.006459288121496103,0.04300000000000015,0.003589733775342227,0.025000000000000355,0.003102887254519337,0.017999999999999794,1.1569011313942525,0.007000000000000561
995,3B00192E1E,137-2025-01-03,2025-01-03 11:04:36.849,0.1087772732042058,7.49021379832745e-05,0.05799999999999994,6.015755365805989e-05,0.05499999999999994,2.2055070640326106e-05,0.0030000000000000027,2.7276064828405557,0.051999999999999935
996,3B00182A81,138-2025-01-03,2025-01-03 11:04:53.848,0.1200314724929308,0.0036643897488440043,0.044999999999999984,0.0022024814008049344,0.030000000000000027,0.0016130633540898224,0.014999999999999958,1.365402911931933,0.015000000000000069
997,3B00192E1E,140-2025-01-03,2025-01-03 11:08:53.851,0.1007525158752752,0.0036505692405599762,0.063,0.0025181335460295914,0.044999999999999984,0.0012241251814903563,0.018000000000000016,2.0570882652408122,0.02699999999999997
998,3B004873F2,141-2025-01-03,2025-01-03 11:09:34.851,0.095793075018867,0.01436506601980782,0.06199999999999983,0.007143218481091745,0.03599999999999959,0.0076101203544575525,0.026000000000000245,0.9386472418806985,0.009999999999999343
999,3B00192E1E,143-2025-01-03,2025-01-03 11:25:24.861,0.1007525158752752,0.012507457224112119,0.04800000000000004,0.0051664453155757725,0.02100000000000002,0.007728180921275119,0.027000000000000024,0.6685202337011709,-0.006000000000000005
1000,3B004CD4DE,144-2025-01-03,2025-01-03 11:25:31.859,0.1003986183690209,0.01220306143905205,0.07900000000000001,0.00394172169531524,0.05499999999999999,0.008769236947082924,0.02400000000000002,0.4494942626252617,0.030999999999999972
1001,3B00192E1E,145-2025-01-03,2025-01-03 11:27:13.861,0.1007525158752752,0.012190962250436418,0.04700000000000004,0.0048641999564650144,0.020000000000000018,0.007710442532456783,0.027000000000000024,0.6308587264595216,-0.007000000000000006
1002,3B004CD4DE,146-2025-01-03,2025-01-03 11:27:28.860,0.1003986183690209,0.01486660590633848,0.04399999999999982,0.006343949236430045,0.018999999999999906,0.00902257474174891,0.02499999999999991,0.7031196103120727,-0.006000000000000005
1003,3B004C0894,148-2025-01-03,2025-01-03 11:27:45.860,0.1073732115839449,0.013155998521139748,0.05599999999999983,0.007445526845693863,0.03599999999999981,0.006164993622563083,0.020000000000000018,1.2077103889360392,0.015999999999999792
1004,3B00192E1E,149-2025-01-03,2025-01-03 11:28:13.860,0.1007525158752752,0.012739636115902016,0.05899999999999994,0.005706575077791666,0.03199999999999992,0.007420542363783272,0.027000000000000024,0.769023987470673,0.004999999999999893
1005,3B004CD4DE,150-2025-01-03,2025-01-03 11:28:43.862,0.1003986183690209,0.014894191064499171,0.07999999999999985,0.006683243968391818,0.05499999999999994,0.008693060512096187,0.02499999999999991,0.7688021910226258,0.030000000000000027
1006,3B004C0894,151-2025-01-03,2025-01-03 11:29:06.861,0.1066408169221115,0.011648576945509337,0.05400000000000005,0.006369705945441068,0.03300000000000003,0.005689121404025066,0.02100000000000002,1.11962911196349,0.01200000000000001
1007,3B004873F2,153-2025-01-03,2025-01-03 11:33:14.864,0.1059223398213607,0.014503138326480664,0.04800000000000004,0.006544036665439707,0.02200000000000002,0.008411564195971463,0.026000000000000023,0.7779809453958435,-0.0040000000000000036
1008,3B004C0894,156-2025-01-03,2025-01-03 11:35:45.863,0.1081134840149025,0.012941875282100867,0.05600000000000005,0.007680231534489562,0.03799999999999981,0.005738246884738939,0.018000000000000238,1.3384282148813424,0.019999999999999574
1009,3B004BF067,158-2025-01-03,2025-01-03 11:40:07.858,0.0998500748327199,0.011297514862426495,0.04899999999999993,0.007039971641156141,0.030999999999999917,0.004626662211370628,0.018000000000000016,1.5216091686690438,0.0129999999999999
1010,3B004BF067,159-2025-01-03,2025-01-03 11:41:42.852,0.0999514682150728,0.004532386693643812,0.041000000000000036,0.0030446301080760928,0.028000000000000025,0.0016607685591452687,0.013000000000000012,1.8332657439294506,0.015000000000000013
1011,3B0018A99B,160-2025-01-03,2025-01-03 11:42:02.849,0.0957532417517765,0.003758689897208804,0.034999999999999976,0.0023445412508679344,0.021999999999999964,0.0015857851743510797,0.013000000000000012,1.4784734330911788,0.008999999999999952
1012,3B0018A99B,161-2025-01-03,2025-01-03 11:43:24.843,0.0926901115149445,0.011876921232919804,0.052999999999999936,0.007383982454120231,0.03600000000000003,0.00489913674241411,0.016999999999999904,1.507200725832707,0.019000000000000128
1013,3B004BF067,162-2025-01-03,2025-01-03 11:43:30.842,0.1024361703387523,0.009581878049954994,0.06099999999999994,0.007067555121219015,0.04600000000000004,0.002785911850504448,0.014999999999999902,2.53689115107475,0.03100000000000014
1014,3B0018A99B,163-2025-01-03,2025-01-03 11:44:33.840,0.0957532417517765,0.00528156423665543,0.03600000000000003,0.0031549548667356314,0.020999999999999908,0.0023513324093949093,0.015000000000000124,1.341773223611342,0.005999999999999783
1015,3B0018A99B,165-2025-01-03,2025-01-03 11:47:12.838,0.0937742446131034,0.011845138709494664,0.05400000000000005,0.00682701521075685,0.03400000000000003,0.005425625052569649,0.020000000000000018,1.2582910069547626,0.014000000000000012
1016,3B004BF067,166-2025-01-03,2025-01-03 11:49:46.835,0.100689503771341,0.0042430801986492045,0.04200000000000004,0.0028201987612032626,0.028000000000000025,0.0015774175964790504,0.014000000000000012,1.7878580583215382,0.014000000000000012
1017,3B004BF067,167-2025-01-03,2025-01-03 11:55:48.836,0.0999514682150728,0.010743380703544183,0.05700000000000005,0.0065995853141382335,0.038000000000000034,0.004476696843812391,0.019000000000000017,1.4742086731336432,0.019000000000000017
1018,3B004873F2,168-2025-01-03,2025-01-03 11:56:14.834,0.1059223398213607,0.013789837833145132,0.04599999999999993,0.006044453736980894,0.02100000000000002,0.008186391418702236,0.02499999999999991,0.738353864093528,-0.0039999999999998925
1019,3B004873F2,169-2025-01-03,2025-01-03 11:57:13.835,0.1059223398213607,0.01407249595723545,0.04899999999999993,0.005909153234156785,0.02200000000000002,0.008605530257584452,0.026999999999999913,0.6866692763004087,-0.004999999999999893
1020,3B001857EE,173-2025-01-03,2025-01-03 12:02:53.836,0.1069375408356136,0.001817267239174382,0.03199999999999992,0.0012313901485811153,0.02299999999999991,0.00069069168790475,0.009000000000000008,1.7828362062914103,0.013999999999999901
1021,3B004873F2,178-2025-01-03,2025-01-03 12:07:34.292,0.1059223398213607,0.014612623463933602,0.04899999999999999,0.006564786268319244,0.022999999999999965,0.008509917159103814,0.026000000000000023,0.7714277525364991,-0.003000000000000058
1022,3B00192E1E,179-2025-01-03,2025-01-03 12:08:42.294,0.1007525158752752,-0.0007341922026450192,0.066,-0.0011143667032140674,0.05499999999999999,0.00043524991768539785,0.01100000000000001,-2.5602915886581297,0.043999999999999984
1023,3B001857EE,180-2025-01-03,2025-01-03 12:08:46.292,0.1069375408356136,0.007355422930509613,0.052000000000000046,0.0030870628634316255,0.025000000000000022,0.004582926825029492,0.027000000000000024,0.6736007318667497,-0.0020000000000000018
1024,3B00192E1E,183-2025-01-03,2025-01-03 12:09:48.293,0.1007525158752752,0.0014772206273680184,0.02400000000000002,0.0008503927270460383,0.014000000000000012,0.0007237931466374166,0.010000000000000009,1.1749112726429856,0.0040000000000000036
1025,3B004873F2,184-2025-01-03,2025-01-03 12:10:04.294,0.1059223398213607,0.014342229999692525,0.045999999999999985,0.006506089013999235,0.02100000000000002,0.008301654833913654,0.024999999999999967,0.7837098920832952,-0.003999999999999948
1026,3B0018A99B,185-2025-01-03,2025-01-03 12:11:22.295,0.0957532417517765,0.004800340822158108,0.037000000000000144,0.002975387274144903,0.02300000000000013,0.0020258051177186637,0.014000000000000012,1.4687430928674916,0.009000000000000119
1027,3B00192E1E,186-2025-01-03,2025-01-03 12:11:31.295,0.1007525158752752,0.004153789577237455,0.03500000000000003,0.0023137491171476995,0.020000000000000018,0.0020241250490376076,0.015000000000000013,1.1430860550082105,0.0050000000000000044
1028,3B004C0894,187-2025-01-03,2025-01-03 12:12:22.295,0.107373211583945,0.012363509744140383,0.05499999999999994,0.008065825843471038,0.038999999999999924,0.004743524186615496,0.016000000000000014,1.700386785468465,0.02299999999999991
1029,3B0018A99B,188-2025-01-03,2025-01-03 12:12:27.295,0.0957532417517765,0.005403084123172569,0.038000000000000034,0.00299151885746578,0.02100000000000002,0.002624640897079197,0.017000000000000015,1.1397821548825438,0.0040000000000000036
1030,3B001857EE,191-2025-01-03,2025-01-03 12:17:56.297,0.1069375408356136,0.01308595357752831,0.04700000000000004,0.008269725903543758,0.030000000000000027,0.005249306122753711,0.017000000000000015,1.5753941016504438,0.013000000000000012
1031,3B004AB6A7,197-2025-01-03,2025-01-03 12:31:03.305,0.1010865170433356,0.015601331214911529,0.050999999999999934,0.008350667477799405,0.028000000000000025,0.0077701186231645385,0.02299999999999991,1.0747155716392944,0.0050000000000001155
1032,3B004CD4DE,198-2025-01-03,2025-01-03 12:31:55.306,0.1003986183690209,0.013348617599935875,0.04299999999999993,0.007499248427660663,0.02400000000000002,0.006352076528480008,0.018999999999999906,1.180597934240437,0.0050000000000001155
1033,3B004CD4DE,199-2025-01-03,2025-01-03 12:32:56.305,0.1003986183690209,0.015105100384510453,0.07600000000000007,0.00776104964623945,0.052999999999999936,0.007806643769655839,0.02300000000000013,0.9941595742342424,0.029999999999999805
1034,3B00199DE5,202-2025-01-03,2025-01-03 12:44:24.285,0.0968859410861864,0.014499416794005652,0.04600000000000004,0.007862252328320135,0.026000000000000023,0.007147732979986405,0.020000000000000018,1.0999644712994145,0.006000000000000005
1035,3B004873F2,203-2025-01-03,2025-01-03 12:44:44.285,0.1059223398213607,0.013848485682766434,0.04499999999999993,0.006042070403169799,0.020000000000000018,0.008267601521293173,0.02499999999999991,0.7308129676555494,-0.004999999999999893
1036,3B004C0894,206-2025-01-03,2025-01-03 12:47:56.281,0.107373211583945,0.01369180554031282,0.05199999999999999,0.008125995201700754,0.03199999999999997,0.00601753869979668,0.020000000000000018,1.3503852001774934,0.011999999999999955
1037,3B004873F2,209-2025-01-03,2025-01-03 12:49:11.281,0.1059223398213607,0.013891141652162774,0.050999999999999934,0.006906706616332402,0.026999999999999913,0.00741133246706295,0.02400000000000002,0.93191158904648,0.0029999999999998916
1038,3B0018A99B,210-2025-01-03,2025-01-03 12:49:42.279,0.0915005225135316,0.005399713471608402,0.038000000000000034,0.003047902063799839,0.02100000000000013,0.002564176928873804,0.016999999999999904,1.1886473314220516,0.004000000000000226
1039,3B004873F2,212-2025-01-03,2025-01-03 12:50:16.281,0.1059223398213607,0.01481696272189157,0.04799999999999999,0.00697850306590443,0.022999999999999965,0.008302903072572069,0.025000000000000022,0.8404895257608533,-0.0020000000000000573
1040,3B0018A99B,213-2025-01-03,2025-01-03 12:50:39.280,0.0957532417517765,0.004460477294976311,0.03500000000000003,0.0028186480878508086,0.02200000000000002,0.0018386201379562753,0.013000000000000012,1.5330236135583106,0.009000000000000008
1041,3B004873F2,214-2025-01-03,2025-01-03 12:51:02.279,0.0981751902180576,0.01497509317853294,0.04700000000000015,0.006414345551642574,0.020999999999999908,0.009037038094170209,0.026000000000000245,0.7097840558822549,-0.0050000000000003375
1042,3B00199DE5,215-2025-01-03,2025-01-03 13:05:59.789,0.1021527338347408,0.009248942815530058,0.06099999999999994,0.0067579250478534995,0.04699999999999993,0.0027726413280533026,0.014000000000000012,2.437359992970422,0.03299999999999992
1043,3B004C0894,217-2025-01-03,2025-01-03 13:07:36.789,0.1073732115839449,0.0003319024551156379,0.02100000000000002,0.00019363828207337208,0.01200000000000001,0.00016361006558266017,0.009000000000000008,1.1835352634556635,0.0030000000000000027
1044,3B004C0894,219-2025-01-03,2025-01-03 13:21:50.797,0.1073732115839449,0.013163710092417616,0.05499999999999994,0.007960360670587675,0.03699999999999992,0.005677498050165749,0.018000000000000016,1.402089547235561,0.018999999999999906
1045,3B00192E1E,220-2025-01-03,2025-01-03 13:23:29.798,0.1007525158752752,0.003630632931090219,0.03200000000000003,0.002033557436474906,0.018000000000000016,0.0017733987039163623,0.014000000000000012,1.1467006443525707,0.0040000000000000036
1046,3B004C0894,227-2025-01-03,2025-01-03 13:26:52.800,0.1092538316843421,0.014476224832600571,0.050999999999999934,0.008782164798568201,0.03199999999999992,0.006189914129032843,0.019000000000000017,1.4187862085803105,0.0129999999999999
1047,3B004AB6A7,228-2025-01-03,2025-01-03 13:27:33.800,0.1092123378089057,0.012849986537513057,0.06099999999999994,0.008129415457915979,0.04399999999999993,0.005181611619113743,0.017000000000000015,1.5688971029647383,0.026999999999999913
1048,3B0018A99B,231-2025-01-03,2025-01-03 13:29:31.801,0.0957532417517765,0.005147437136283238,0.03600000000000003,0.002953364130679803,0.020000000000000018,0.0024074074349273804,0.016000000000000014,1.2267820094893456,0.0040000000000000036
1049,3B0018A99B,233-2025-01-03,2025-01-03 13:30:19.803,0.0957532417517765,0.011587026562487312,0.05900000000000005,0.006462100753825019,0.039000000000000035,0.005522116651162343,0.020000000000000018,1.170221703387019,0.019000000000000017
1050,3B004873F2,234-2025-01-03,2025-01-03 13:43:13.785,0.1059223398213607,0.013880821987172576,0.04800000000000004,0.005970873492309791,0.02200000000000002,0.008357264049282592,0.026000000000000023,0.7144531340758996,-0.0040000000000000036
1051,3B004873F2,235-2025-01-03,2025-01-03 13:44:03.786,0.1059223398213607,0.013588224202386827,0.052000000000000046,0.006702820430924184,0.026999999999999913,0.00727850771022112,0.025000000000000133,0.9209058639192612,0.0019999999999997797
1052,3B004873F2,237-2025-01-03,2025-01-03 13:46:40.780,0.1059223398213607,0.014459719022150812,0.04800000000000004,0.006149878693307718,0.02200000000000002,0.008762093474152551,0.026000000000000023,0.7018732123149964,-0.0040000000000000036
1053,3B00192E1E,239-2025-01-03,2025-01-03 14:16:28.787,0.1007525158752752,0.012321640894613062,0.04499999999999993,0.00542172857854111,0.020000000000000018,0.007318184866649794,0.02499999999999991,0.7408570126793113,-0.004999999999999893
1054,3B00192E1E,241-2025-01-03,2025-01-03 14:28:10.793,0.1007525158752752,0.01341297062485695,0.07599999999999996,0.007785476935113609,0.05400000000000005,0.005994307446294853,0.02199999999999991,1.29881174845743,0.03200000000000014
1055,3B00192E1E,242-2025-01-03,2025-01-03 14:29:19.793,0.1007525158752752,0.01416100656772053,0.08299999999999996,0.006079791981427301,0.05499999999999994,0.008509458127390523,0.028000000000000025,0.714474634037797,0.026999999999999913
1056,3B004873F2,243-2025-01-03,2025-01-03 14:30:12.795,0.1059223398213607,0.014699843215738428,0.04699999999999993,0.006207446302096194,0.020999999999999908,0.008959317292431572,0.026000000000000023,0.6928481378084428,-0.0050000000000001155
1057,3B004873F2,245-2025-01-03,2025-01-03 14:31:12.795,0.1059223398213607,0.012387245166387274,0.054999999999999966,0.006068030446101894,0.025999999999999995,0.006755681794844108,0.02899999999999997,0.8982114063946846,-0.002999999999999975
1058,3B00192E1E,246-2025-01-03,2025-01-03 14:32:02.795,0.1007525158752752,0.013729730304431975,0.08100000000000002,0.006149741672603142,0.05400000000000005,0.007972824224890547,0.02699999999999997,0.7713379223141681,0.02700000000000008
1059,3B004873F2,247-2025-01-03,2025-01-03 14:32:40.796,0.1059223398213607,0.015297528370172052,0.05699999999999994,0.008051291884695179,0.03400000000000003,0.007718620312946321,0.02299999999999991,1.043099875141011,0.01100000000000012
1060,3B00192E1E,248-2025-01-03,2025-01-03 14:59:57.776,0.1011923704226445,0.013917329445309304,0.08000000000000007,0.007103331349568592,0.05499999999999994,0.007203329217035391,0.025000000000000133,0.9861178262919997,0.029999999999999805
1061,3B004873F2,250-2025-01-03,2025-01-03 15:09:10.779,0.1059223398213607,0.015170481284560855,0.04800000000000004,0.006149262816700755,0.020000000000000018,0.009479576584378152,0.028000000000000025,0.6486853882096822,-0.008000000000000007
1062,3B004873F2,251-2025-01-03,2025-01-03 15:10:58.779,0.0971731191831945,0.01575406895768685,0.04599999999999993,0.00676155586073888,0.019999999999999907,0.00949936528409363,0.026000000000000023,0.7117902784579597,-0.006000000000000116
1063,3B0019B8CC,1-2025-01-21,2025-01-21 08:13:32.485,0.157227223862959,0.025538468516605694,0.05300000000000005,0.013583829287520862,0.030000000000000027,0.01266860351083756,0.02300000000000002,1.0722436198986223,0.007000000000000006
1064,3B00192E1E,2-2025-01-21,2025-01-21 08:19:02.583,0.1049138643041158,0.012793507701768304,0.05599999999999994,0.00603353767995501,0.028999999999999915,0.00712739977736141,0.027000000000000024,0.8465271864108411,0.0019999999999998908
1065,3B00192E1E,3-2025-01-21,2025-01-21 08:20:17.582,0.0941609374487042,0.013251663395705097,0.05499999999999994,0.005735121932744097,0.026999999999999913,0.007896715915674046,0.028000000000000025,0.7262667156812062,-0.001000000000000112
1066,3B00192E1E,4-2025-01-21,2025-01-21 08:21:31.583,0.0941992070502693,0.012858627894104713,0.04800000000000004,0.005766733006779404,0.02300000000000013,0.007509243879407815,0.02499999999999991,0.7679512211067212,-0.0019999999999997797
1067,3B004873F2,5-2025-01-21,2025-01-21 08:26:20.588,0.0974450136848188,0.013781640837895232,0.050000000000000044,0.00658041327521073,0.025000000000000022,0.007630732752580591,0.025000000000000022,0.8623566685630997,0.0
1068,3B0019B8CC,7-2025-01-21,2025-01-21 08:28:14.587,0.1566399888052052,0.026148044007564562,0.08299999999999974,0.012837883675076859,0.054999999999999716,0.013952658035801336,0.028000000000000025,0.9201030830208795,0.02699999999999969
1069,3B004873F2,8-2025-01-21,2025-01-21 08:28:38.590,0.0974450136848188,0.014278507933919092,0.049000000000000044,0.006579241613296769,0.02400000000000002,0.008144375399368804,0.025000000000000022,0.8078264189303781,-0.0010000000000000009
1070,3B0018A99B,9-2025-01-21,2025-01-21 08:29:39.589,0.0884373526902054,0.011305969561723646,0.06099999999999994,0.006883058990150251,0.04300000000000015,0.004819414301861776,0.017999999999999794,1.4281940831464257,0.025000000000000355
1071,3B0019B8CC,11-2025-01-21,2025-01-21 08:30:04.590,0.1572272238629591,0.026195836396859483,0.051999999999999824,0.011618878264161836,0.02499999999999991,0.015316232218072018,0.026999999999999913,0.7585989882323945,-0.0020000000000000018
1072,3B004873F2,12-2025-01-21,2025-01-21 08:30:30.592,0.0974450136848188,0.014372013002584626,0.04800000000000004,0.006173382627271422,0.02200000000000002,0.008669397175096832,0.026000000000000023,0.712089030250534,-0.0040000000000000036
1073,3B0019B8CC,13-2025-01-21,2025-01-21 08:31:31.592,0.1572272238629591,0.026632269060885123,0.07000000000000006,0.013181763484467465,0.04300000000000004,0.014110045656785496,0.027000000000000024,0.934211256653757,0.016000000000000014
1074,3B0018C6F9,15-2025-01-21,2025-01-21 08:35:37.594,0.0974200797363696,0.011076551370589428,0.050999999999999934,0.006228270287232521,0.03299999999999992,0.005304254918229158,0.018000000000000016,1.1742026699787362,0.014999999999999902
1075,3B0018C6F9,16-2025-01-21,2025-01-21 08:36:29.596,0.0995207441742754,0.001219969086974336,0.06599999999999995,0.001092061992060333,0.01100000000000001,0.0002701532406678143,0.05499999999999994,4.042379759579319,-0.04399999999999993
1076,3B00484043,20-2025-01-21,2025-01-21 08:38:54.598,0.0938208148313449,0.011219985207990012,0.07600000000000007,0.0059522783080378314,0.05499999999999994,0.00565401819381611,0.02100000000000013,1.0527518844116797,0.03399999999999981
1077,3B00192E1E,21-2025-01-21,2025-01-21 08:39:06.598,0.1049138643041158,0.011333116144346239,0.04799999999999999,0.005576253347135632,0.025000000000000022,0.006133101030785556,0.022999999999999965,0.9092061779424819,0.0020000000000000573
1078,01103FA4B2,22-2025-01-21,2025-01-21 08:40:56.599,0.0992665071658885,0.013615381026023343,0.053999999999999826,0.009460073687852752,0.038999999999999924,0.004636952201377862,0.014999999999999902,2.0401490627920875,0.02400000000000002
1079,3B004873F2,23-2025-01-21,2025-01-21 08:42:52.601,0.0924481817781715,0.014879432956070127,0.051000000000000156,0.007893185356136579,0.028999999999999915,0.007457570005408813,0.02200000000000024,1.058412505737368,0.006999999999999673
1080,3B004873F2,24-2025-01-21,2025-01-21 08:43:20.605,0.0974450136848188,0.013088345893602615,0.07900000000000007,0.005837353250074436,0.05500000000000005,0.007696310333957802,0.02400000000000002,0.7584612621867336,0.031000000000000028
1081,3B004873F2,26-2025-01-21,2025-01-21 08:44:19.601,0.0930010722413287,0.014684273642127177,0.04899999999999993,0.007038238165848141,0.02400000000000002,0.008118040178888418,0.02499999999999991,0.8669873529514692,-0.0009999999999998899
1082,3B0018C6F9,27-2025-01-21,2025-01-21 09:04:28.621,0.0995207441742754,0.01234060323405569,0.04299999999999993,0.006622002422093892,0.02300000000000002,0.00621257160355166,0.019999999999999907,1.0659035975228301,0.0030000000000001137
1083,3B00484043,28-2025-01-21,2025-01-21 09:05:17.617,0.0939797632726364,0.012407500163032836,0.052999999999999936,0.006185629983731717,0.028999999999999915,0.006601695916199429,0.02400000000000002,0.9369759016850872,0.004999999999999893
1084,01103F9A64,29-2025-01-21,2025-01-21 09:06:03.606,0.1644964452172014,0.032563759973035386,0.053999999999999826,0.013878044274679778,0.02499999999999991,0.019567794753015243,0.028999999999999915,0.7092288349223042,-0.0040000000000000036
1085,3B004CEFFE,30-2025-01-21,2025-01-21 09:06:12.604,0.0982721086608514,0.012736044886354271,0.05600000000000005,0.006238641569343704,0.03100000000000014,0.006866910611370088,0.02499999999999991,0.9085077587895044,0.006000000000000227
1086,3B004CEFFE,31-2025-01-21,2025-01-21 09:07:36.586,0.1020544328593473,0.03547855522035546,0.06099999999999994,0.01506383573863833,0.03000000000000025,0.021335304437276974,0.030999999999999694,0.7060520642170376,-0.0009999999999994458
1087,3B0018A99B,32-2025-01-21,2025-01-21 09:09:00.568,0.0889940178995809,0.01062371157382661,0.05900000000000016,0.007926623042741844,0.04600000000000026,0.0030279896790545388,0.0129999999999999,2.61778403591417,0.03300000000000036
1088,3B00192E1E,33-2025-01-21,2025-01-21 09:14:26.559,0.0937926432635391,0.012237348595534636,0.04899999999999993,0.005681143521869332,0.02499999999999991,0.006955728814002728,0.02400000000000002,0.8167574777257703,0.0009999999999998899
1089,3B00192E1E,35-2025-01-21,2025-01-21 09:15:14.561,0.1049138643041158,0.004329693767622594,0.03600000000000003,0.002492874660193958,0.020000000000000018,0.0020183222833602323,0.016000000000000014,1.2351222006247984,0.0040000000000000036
1090,3B00192E1E,36-2025-01-21,2025-01-21 09:16:19.561,0.0940886036408608,0.012674548577794245,0.052000000000000046,0.005593231744489295,0.02499999999999991,0.007464425303215237,0.027000000000000135,0.749318469578637,-0.002000000000000224
1091,01103FD532,37-2025-01-21,2025-01-21 09:16:28.560,0.1619357416275735,0.026964764169672917,0.05099999999999971,0.012742019381604141,0.02499999999999991,0.015036522006098476,0.0259999999999998,0.8474046974716802,-0.0009999999999998899
1092,3B00192E1E,38-2025-01-21,2025-01-21 09:17:14.562,0.1049138643041158,0.013407595103746632,0.050000000000000044,0.0055787092623737974,0.02200000000000002,0.00824633117482594,0.028000000000000025,0.676508030553545,-0.006000000000000005
1093,01103FA4B2,39-2025-01-21,2025-01-21 09:19:58.564,0.0902860927205339,0.014608086970822436,0.06899999999999995,0.010210709240358024,0.05400000000000005,0.004883042905259553,0.014999999999999902,2.091054581838716,0.039000000000000146
1094,01103FA4B2,42-2025-01-21,2025-01-21 09:23:40.565,0.096282467710652,0.012107461830753258,0.062000000000000055,0.008530975164230379,0.04699999999999993,0.0039852218427254655,0.015000000000000124,2.1406525159452867,0.031999999999999806
1095,3B0019F652,46-2025-01-21,2025-01-21 09:25:30.567,0.0898887910065372,0.004425534720119998,0.04299999999999993,0.0030603282918512413,0.030000000000000027,0.001533202809229545,0.0129999999999999,1.9960361887081968,0.017000000000000126
1096,3B0019F652,47-2025-01-21,2025-01-21 09:26:17.568,0.0898887910065372,0.004016260544440668,0.03400000000000003,0.0023249655325550916,0.020000000000000018,0.0018790524980913173,0.014000000000000012,1.2373073849276264,0.006000000000000005
1097,3B0019F652,49-2025-01-21,2025-01-21 09:27:41.568,0.0814592301512718,0.01145546243263344,0.051000000000000156,0.007427146319874634,0.03500000000000014,0.004437150466740558,0.016000000000000014,1.673854960643349,0.019000000000000128
1098,3B004AB6A7,50-2025-01-21,2025-01-21 09:28:48.568,0.0990630523759452,0.013935539564937559,0.04499999999999993,0.008457077931323137,0.028000000000000025,0.005990421390046023,0.016999999999999904,1.4117667824463618,0.01100000000000012
1099,3B004C0894,54-2025-01-21,2025-01-21 09:30:49.570,0.1049278516983249,0.010719317671423503,0.06499999999999995,0.00686473215354796,0.04699999999999993,0.00419958396848412,0.018000000000000016,1.6346219542374933,0.028999999999999915
1100,3B0018C6F9,56-2025-01-21,2025-01-21 09:40:40.578,0.0995207441742754,0.012339532751363038,0.07200000000000006,0.007269264174641479,0.05499999999999994,0.005539159980898356,0.017000000000000126,1.3123405353355637,0.03799999999999981
1101,3B0018C6F9,57-2025-01-21,2025-01-21 09:41:38.578,0.0978611217466811,0.011396118022986203,0.04800000000000004,0.0064440884935185495,0.029000000000000137,0.005379507176050372,0.018999999999999906,1.1978956961350857,0.010000000000000231
1102,3B0018C6F9,60-2025-01-21,2025-01-21 09:43:09.579,0.0995207441742754,0.013964401383403992,0.050000000000000044,0.006458629771017139,0.02499999999999991,0.007968059748537565,0.025000000000000133,0.8105649273278275,-2.220446049250313e-16
1103,3B004AB6A7,61-2025-01-21,2025-01-21 09:43:37.578,0.1029496109663312,0.01209797321825136,0.06600000000000006,0.007382407879027947,0.049000000000000155,0.005201429149956876,0.016999999999999904,1.4193037463730815,0.03200000000000025
1104,3B0018A99B,62-2025-01-21,2025-01-21 09:44:30.580,0.0957532417517765,0.008729664983214067,0.05800000000000005,0.005671597674000644,0.041000000000000036,0.0033608245805449052,0.017000000000000015,1.6875613523039286,0.02400000000000002
1105,3B004873F2,66-2025-01-21,2025-01-21 09:46:10.580,0.0974450136848188,0.013518199681309215,0.050000000000000044,0.006595153612587629,0.026000000000000023,0.007358458575005505,0.02400000000000002,0.8962683618264027,0.0020000000000000018
1106,3B00192E1E,70-2025-01-21,2025-01-21 09:49:25.583,0.1049138643041158,0.012250891496936613,0.04499999999999993,0.005098844405425156,0.018999999999999906,0.007557328254616411,0.026000000000000023,0.6746887568778709,-0.007000000000000117
1107,3B0019B8CC,72-2025-01-21,2025-01-21 09:50:03.583,0.1572272238629591,0.027223015818591437,0.04899999999999993,0.01273451593313199,0.02499999999999991,0.015419453522623425,0.02400000000000002,0.8258733627912238,0.0009999999999998899
1108,3B0019F652,76-2025-01-21,2025-01-21 10:05:02.592,0.0898887910065372,0.01008848837896049,0.07100000000000001,0.0060411633182444885,0.05499999999999999,0.004440779346178932,0.016000000000000014,1.360383582994865,0.03899999999999998
1109,3B004CEFFE,77-2025-01-21,2025-01-21 10:05:11.592,0.1020544328593473,0.012028409112314828,0.062000000000000055,0.008068536423299662,0.04600000000000004,0.004362534632244412,0.016000000000000014,1.849506560627258,0.030000000000000027
1110,3B00484043,78-2025-01-21,2025-01-21 10:10:46.541,0.0962109209635638,0.013685817758676364,0.05999999999999983,0.0058926876452932014,0.03299999999999992,0.008205942485470644,0.026999999999999913,0.7181000422226615,0.006000000000000005
1111,3B004CEFFE,79-2025-01-21,2025-01-21 10:11:44.542,0.1020544328593473,0.010897208328280924,0.07000000000000006,0.00741555966508569,0.05499999999999994,0.0038449261382317067,0.015000000000000124,1.9286611493910593,0.039999999999999813
1112,3B0018A99B,81-2025-01-21,2025-01-21 10:16:53.545,0.0914709963532996,0.004010142143174603,0.05999999999999983,0.0025623446023583306,0.04599999999999982,0.0016117840869923072,0.014000000000000012,1.5897567317095371,0.031999999999999806
1113,0700ED9568,82-2025-01-21,2025-01-21 10:17:42.544,0.1573249759340745,0.018112210611093974,0.06799999999999984,0.013089131341308709,0.05400000000000005,0.005595916521430561,0.01399999999999979,2.339050500696632,0.04000000000000026
1114,3B0018A99B,83-2025-01-21,2025-01-21 10:17:59.544,0.0957532417517765,0.0045266438472733725,0.03399999999999981,0.0026088000019620435,0.020000000000000018,0.002129543546963079,0.01399999999999979,1.2250512583705684,0.006000000000000227
1115,3B0018C6F9,84-2025-01-21,2025-01-21 10:19:06.545,0.0997127500990987,0.011837616643185235,0.051000000000000156,0.007868044339784424,0.03500000000000014,0.004394389700300344,0.016000000000000014,1.7904748728240159,0.019000000000000128
1116,3B0019F652,87-2025-01-21,2025-01-21 10:32:19.553,0.0898887910065372,0.0045006477514321725,0.03799999999999981,0.0027468680878475924,0.0239999999999998,0.0019489604143982924,0.014000000000000012,1.4094016828431275,0.009999999999999787
1117,3B0019F652,88-2025-01-21,2025-01-21 10:33:27.555,0.0898887910065372,0.0051185267402665885,0.03799999999999981,0.0031073095677341058,0.02400000000000002,0.0022296390427106417,0.01399999999999979,1.3936379423803293,0.010000000000000231
1118,3B00192E1E,92-2025-01-21,2025-01-21 10:39:02.558,0.0970411905319603,0.004022296778825868,0.037000000000000144,0.0025217061114455185,0.02300000000000013,0.001671047839821208,0.014000000000000012,1.509056803373939,0.009000000000000119
1119,3B0018A99B,93-2025-01-21,2025-01-21 10:39:19.557,0.0957532417517765,0.004087693023620104,0.03400000000000003,0.002383805969945529,0.019000000000000128,0.0018846351532070687,0.014999999999999902,1.264863369384268,0.004000000000000226
1120,3B004873F2,94-2025-01-21,2025-01-21 10:53:25.567,0.0974450136848188,0.01228273492168334,0.07600000000000001,0.005917780259926376,0.05499999999999999,0.006832644187004711,0.02100000000000002,0.8661039705801814,0.033999999999999975
1121,3B0018A99B,96-2025-01-21,2025-01-21 10:55:17.568,0.0957532417517765,0.0008926221790866183,0.016999999999999904,0.0005614336942113165,0.010000000000000009,0.0004155357007337559,0.006999999999999895,1.351108203747435,0.0030000000000001137
1122,3B004CD4DE,98-2025-01-21,2025-01-21 10:56:10.568,0.0950729964794981,0.014450622932960767,0.04799999999999999,0.006188944711671076,0.02200000000000002,0.00872240736250499,0.025999999999999968,0.7095454791845072,-0.003999999999999948
1123,01103FA4B2,100-2025-01-21,2025-01-21 10:58:40.684,0.1028782571970058,0.012479679792587059,0.05800000000000005,0.008197338605015385,0.04299999999999993,0.004761618909679319,0.015000000000000124,1.7215444495887746,0.027999999999999803
1124,3B0018A99B,101-2025-01-21,2025-01-21 10:58:53.685,0.0957532417517765,0.004744032220938011,0.03700000000000003,0.0023583100798189255,0.018000000000000016,0.0025673114844067843,0.019000000000000017,0.9185913334407291,-0.0010000000000000009
1125,3B00185E23,102-2025-01-21,2025-01-21 10:59:32.683,0.1095793226193186,0.011255193644538976,0.05400000000000027,0.006599463703876017,0.03300000000000036,0.005025274155328174,0.020999999999999908,1.3132544613270043,0.012000000000000455
1126,3B0018A99B,103-2025-01-21,2025-01-21 11:00:46.684,0.0921935224551604,0.0040968633322472515,0.03699999999999992,0.00236838870149383,0.021999999999999353,0.0019111989737170413,0.015000000000000568,1.2392161852659498,0.006999999999998785
1127,3B004873F2,104-2025-01-21,2025-01-21 11:01:04.686,0.0953736969473375,0.014000953948753012,0.04399999999999982,0.006738517714363773,0.02100000000000013,0.007761738149816909,0.022999999999999687,0.8681712245758675,-0.0019999999999995577
1128,3B004873F2,105-2025-01-21,2025-01-21 11:02:05.685,0.0974450136848188,0.012971362187622007,0.043999999999999984,0.007864053196858262,0.026000000000000023,0.0055984243282065724,0.01799999999999996,1.404690451425191,0.008000000000000063
1129,3B004C0894,106-2025-01-21,2025-01-21 11:03:28.686,0.1057248365407667,0.012113066781015768,0.06400000000000006,0.007972267547820487,0.04499999999999993,0.004487128823266859,0.019000000000000128,1.7766968281548619,0.0259999999999998
1130,3B004AB6A7,107-2025-01-21,2025-01-21 11:03:45.687,0.1034287160234241,0.013633657571859137,0.053999999999999826,0.00820729285116076,0.0349999999999997,0.005891888535939175,0.019000000000000128,1.3929816901827228,0.01599999999999957
1131,3B004CEFFE,108-2025-01-21,2025-01-21 11:05:08.686,0.1003488835764342,0.011186028466727642,0.07099999999999995,0.007780564818059993,0.05499999999999994,0.0037695839234445183,0.016000000000000014,2.0640380944086734,0.038999999999999924
1132,3B00192E1E,109-2025-01-21,2025-01-21 11:05:30.683,0.0964516592343214,0.01296785238061888,0.04899999999999993,0.005355695243649123,0.02200000000000024,0.008029470102173517,0.02699999999999969,0.6670048179392781,-0.004999999999999449
1133,3B00192E1E,111-2025-01-21,2025-01-21 11:08:31.656,0.0993742620129479,0.013141394515840734,0.06299999999999994,0.006300522819381495,0.03700000000000003,0.007230529285738219,0.025999999999999912,0.8713778162559821,0.01100000000000012
1134,3B004CEFFE,113-2025-01-21,2025-01-21 11:13:47.413,0.1020544328593473,0.011713052085361279,0.05700000000000005,0.007637420387681557,0.041999999999999926,0.0045090118472394655,0.015000000000000124,1.69381244636946,0.026999999999999802
1135,3B00484043,114-2025-01-21,2025-01-21 11:15:26.414,0.0938208148313449,0.005409516623386148,0.09999999999999998,0.0020251741942590453,0.05499999999999999,0.003483588074733851,0.044999999999999984,0.5813472060452411,0.010000000000000009
1136,3B004AB6A7,116-2025-01-21,2025-01-21 11:19:25.416,0.1043931452940003,0.014357276465010822,0.04899999999999993,0.008654605426757979,0.030999999999999694,0.006214256901546585,0.018000000000000238,1.3927015834514416,0.012999999999999456
1137,3B0018F763,117-2025-01-21,2025-01-21 11:22:49.419,0.1094391649153988,0.012636337425371475,0.057999999999999996,0.008161111637527882,0.03899999999999998,0.004847165072760231,0.019000000000000017,1.6836875813021395,0.019999999999999962
1138,3B004CEFFE,118-2025-01-21,2025-01-21 11:26:13.420,0.1020384989225554,0.011435416609835209,0.07099999999999995,0.00787255276650577,0.05499999999999994,0.0039337860991085225,0.016000000000000014,2.001266100434351,0.038999999999999924
1139,3B004CEFFE,119-2025-01-21,2025-01-21 11:28:40.420,0.1020544328593473,0.012253065575190514,0.055999999999999994,0.008739963916272095,0.04199999999999998,0.003923752359648767,0.014000000000000012,2.2274504390624816,0.02799999999999997
1140,3B004AB6A7,122-2025-01-21,2025-01-21 11:31:02.422,0.1102171940244457,0.012824916237982603,0.052000000000000046,0.008013115513730995,0.03500000000000014,0.005262553663836509,0.016999999999999904,1.5226667556467766,0.018000000000000238
1141,3B004AB6A7,123-2025-01-21,2025-01-21 11:35:00.426,0.1102171940244457,0.014231557611616359,0.051999999999999935,0.008821103112603236,0.03400000000000003,0.005900394666949134,0.017999999999999905,1.495002217735426,0.016000000000000125
1142,3B0018F763,124-2025-01-21,2025-01-21 11:35:10.425,0.1094391649153988,0.012707010446263243,0.05099999999999999,0.007336842701369979,0.03199999999999997,0.005806043544403884,0.019000000000000017,1.2636561619386313,0.012999999999999956
1143,3B00484043,125-2025-01-21,2025-01-21 11:35:55.426,0.0981795894282892,0.013664054542203164,0.052000000000000046,0.005880131756029965,0.02499999999999991,0.008195395241552474,0.027000000000000135,0.7174921504964631,-0.002000000000000224
1144,3B0018A99B,126-2025-01-21,2025-01-21 11:37:02.426,0.093047906283621,0.004666026963454536,0.041999999999999815,0.002928016640222507,0.027000000000000135,0.00192237805133793,0.01499999999999968,1.52312217577842,0.012000000000000455
1145,3B004AB6A7,127-2025-01-21,2025-01-21 11:37:17.426,0.1057072735724107,0.013916377455919098,0.049000000000000155,0.00887398240947478,0.03300000000000014,0.005545281078081462,0.016000000000000014,1.600276394383415,0.017000000000000126
1146,3B0018A99B,129-2025-01-21,2025-01-21 11:38:13.429,0.092801173827548,0.0015157337366664557,0.05899999999999994,0.0009899622117628716,0.04499999999999993,0.0005900680156815133,0.014000000000000012,1.6777086462134214,0.030999999999999917
1147,3B004AB6A7,130-2025-01-21,2025-01-21 11:39:07.428,0.1102171940244457,0.01413460675685583,0.050000000000000044,0.008614416428445982,0.03300000000000014,0.006027446972868766,0.016999999999999904,1.429198210655671,0.016000000000000236
1148,3B00192E1E,132-2025-01-21,2025-01-21 11:40:12.428,0.1049138643041158,0.011832199754167097,0.05699999999999994,0.005878659374815383,0.03300000000000003,0.006320394272667928,0.02399999999999991,0.9301095977884173,0.009000000000000119
1149,0700ED9568,134-2025-01-21,2025-01-21 11:40:42.429,0.1629727087519889,0.024232512824798737,0.059,0.015206290848796418,0.03700000000000003,0.009680810256594228,0.021999999999999964,1.570766335228854,0.015000000000000069
1150,3B004CEFFE,136-2025-01-21,2025-01-21 11:41:56.428,0.1024694658779084,0.014302863864591394,0.05500000000000016,0.007959413074904999,0.03200000000000003,0.006739979374798594,0.02300000000000013,1.1809254349747687,0.008999999999999897
1151,3B0018F763,138-2025-01-21,2025-01-21 11:42:50.430,0.1094391649153988,0.014274414603764234,0.07300000000000001,0.009672057876655442,0.05499999999999999,0.005006160836258035,0.018000000000000016,1.9320309900161008,0.03699999999999998
1152,3B004CEFFE,140-2025-01-21,2025-01-21 11:43:47.429,0.1020544328593473,0.0049547175291283175,0.04800000000000004,0.0030740212923747183,0.03200000000000003,0.0020631878944228402,0.016000000000000014,1.4899376351927707,0.016000000000000014
1153,3B0018F763,141-2025-01-21,2025-01-21 11:44:31.431,0.1094391649153988,0.014188460364857367,0.054999999999999716,0.010122919930258309,0.040000000000000036,0.004486015113949846,0.01499999999999968,2.256550562832429,0.025000000000000355
1154,3B0019B8CC,143-2025-01-21,2025-01-21 11:56:51.438,0.155397000114219,0.008007518822101722,0.07600000000000007,0.005282859358604064,0.05500000000000016,0.002952467992999265,0.020999999999999908,1.789302837873433,0.03400000000000025
1155,3B0019B8CC,144-2025-01-21,2025-01-21 11:57:39.439,0.157227223862959,0.026573580521521093,0.052000000000000046,0.013465637489434155,0.028000000000000025,0.013881861323197409,0.02400000000000002,0.9700167128836161,0.0040000000000000036
1156,3B00484043,145-2025-01-21,2025-01-21 11:57:52.438,0.0938208148313449,0.0117873366390633,0.07199999999999995,0.007618069510607537,0.05500000000000005,0.00456321217978697,0.016999999999999904,1.6694532733656888,0.038000000000000145
1157,3B0019B8CC,146-2025-01-21,2025-01-21 11:58:29.442,0.1541899882926863,0.022582771867187244,0.07400000000000007,0.014574909221107359,0.05499999999999994,0.00868296842309864,0.019000000000000128,1.6785629649803673,0.03599999999999981
1158,3B0019B8CC,147-2025-01-21,2025-01-21 11:58:34.439,0.157227223862959,0.024855522027042706,0.05600000000000005,0.016235294292174542,0.038000000000000034,0.009365770934150064,0.018000000000000016,1.7334712119614617,0.020000000000000018
1159,3B0019B8CC,148-2025-01-21,2025-01-21 12:00:48.439,0.157227223862959,0.02437281677234331,0.055999999999999994,0.01581406485678308,0.038000000000000034,0.009326021287543389,0.01799999999999996,1.6956925541126164,0.020000000000000073
1160,3B0019B8CC,149-2025-01-21,2025-01-21 12:01:41.439,0.1549723316970701,0.026892993461999526,0.07000000000000006,0.016753806955483154,0.049000000000000155,0.010934566190436937,0.020999999999999908,1.5321876207705032,0.028000000000000247
1161,3B004CEFFE,151-2025-01-21,2025-01-21 12:02:40.442,0.1029335402522383,0.012023885159937972,0.05499999999999994,0.008823217095220846,0.040999999999999925,0.0035631101903760287,0.014000000000000012,2.4762683789719393,0.026999999999999913
1162,3B0019B8CC,152-2025-01-21,2025-01-21 12:02:52.440,0.157227223862959,0.026018533299456918,0.057999999999999996,0.013363748539781863,0.033999999999999975,0.01348032809438101,0.02400000000000002,0.9913518755787747,0.009999999999999953
1163,3B004873F2,157-2025-01-21,2025-01-21 12:07:29.431,0.0954017434434813,0.004495694652376331,0.04800000000000004,0.0027909908888616042,0.03300000000000003,0.001884105592483218,0.015000000000000013,1.4813346449352276,0.018000000000000016
1164,3B004873F2,158-2025-01-21,2025-01-21 12:09:05.423,0.0974450136848188,0.0010873782817622856,0.02100000000000013,0.0005145980503619555,0.008000000000000007,0.000653874579889107,0.013000000000000123,0.7869980974780026,-0.0050000000000001155
1165,3B00192E1E,159-2025-01-21,2025-01-21 12:09:16.422,0.0977573391800929,0.012042500550388548,0.058000000000000274,0.007713983023134772,0.040999999999999925,0.004726036960095353,0.017000000000000348,1.6322307862313317,0.023999999999999577
1166,3B004873F2,161-2025-01-21,2025-01-21 12:10:21.417,0.0974450136848188,0.014560772251329925,0.05099999999999999,0.006879073371648714,0.026000000000000023,0.00813525824189788,0.024999999999999967,0.8455875851881858,0.0010000000000000564
1167,0700ED9568,163-2025-01-21,2025-01-21 12:10:57.418,0.1565004791291423,0.028868059899705492,0.07999999999999985,0.014493975458848911,0.05499999999999994,0.015293924202729778,0.02499999999999991,0.9476949974854665,0.030000000000000027
1168,3B004873F2,164-2025-01-21,2025-01-21 12:11:04.416,0.0974450136848188,0.014738924543622052,0.04600000000000004,0.006468726818873228,0.02100000000000002,0.00876223927341303,0.025000000000000022,0.738250419444841,-0.0040000000000000036
1169,3B0018A99B,165-2025-01-21,2025-01-21 12:14:59.410,0.0957532417517765,0.0031668905776766295,0.041000000000000036,0.002059665312993213,0.028000000000000025,0.0012411053884782916,0.013000000000000012,1.6595410285975396,0.015000000000000013
1170,3B004873F2,166-2025-01-21,2025-01-21 12:15:04.410,0.0949541102763399,0.004568542952051138,0.05500000000000005,0.0024569380378921452,0.03400000000000003,0.0022781466125796116,0.02100000000000002,1.0784810882343006,0.013000000000000012
1171,3B004873F2,171-2025-01-21,2025-01-21 12:20:23.407,0.0974450136848188,0.004385537963557335,0.05499999999999999,0.002641223090336841,0.03799999999999998,0.0019113285602261171,0.017000000000000015,1.3818781057843739,0.020999999999999963
1172,3B004CEFFE,172-2025-01-21,2025-01-21 12:25:11.408,0.102372895590943,0.014011575484001325,0.05799999999999983,0.006326861861294063,0.03100000000000014,0.008086086546099316,0.02699999999999969,0.7824380589082498,0.004000000000000448
1173,3B004CEFFE,174-2025-01-21,2025-01-21 12:27:36.410,0.1046387556347316,0.011376487966379283,0.06499999999999995,0.007910151429331986,0.050000000000000044,0.0038581269254369275,0.014999999999999902,2.050256920574528,0.03500000000000014
1174,3B004CEFFE,175-2025-01-21,2025-01-21 12:28:21.409,0.1044140815013097,0.011294004640403749,0.06000000000000005,0.0073854614540705636,0.04499999999999993,0.004319980560577381,0.015000000000000124,1.7096052518077698,0.029999999999999805
1175,3B004CEFFE,176-2025-01-21,2025-01-21 12:29:09.410,0.1020544328593473,0.013447119590962654,0.05900000000000016,0.007313238690481675,0.03600000000000003,0.0065080853649762144,0.02300000000000013,1.1237158519521668,0.0129999999999999
1176,01103FA4B2,177-2025-01-21,2025-01-21 12:41:00.416,0.1000643237995917,0.0130898235834844,0.05600000000000005,0.008336166054748502,0.038000000000000256,0.005209940096868679,0.017999999999999794,1.6000502692456624,0.020000000000000462
1177,3B0018A99B,178-2025-01-21,2025-01-21 12:42:29.420,0.0957532417517765,0.004310109759918901,0.03299999999999992,0.0023493936583013028,0.018000000000000016,0.002165215425822989,0.014999999999999902,1.0850623130990804,0.0030000000000001137
1178,3B004AB6A7,181-2025-01-21,2025-01-21 12:47:30.421,0.1102171940244457,0.016170669359903057,0.04500000000000004,0.00695014564609399,0.020000000000000018,0.009765674447623867,0.025000000000000022,0.7116913105561351,-0.0050000000000000044
1179,3B001857EE,182-2025-01-21,2025-01-21 12:49:45.422,0.0917963177164509,0.0041343439690620185,0.04600000000000004,0.003118331621402187,0.03400000000000003,0.001149200503828511,0.01200000000000001,2.713479163134372,0.02200000000000002
1180,3B001857EE,183-2025-01-21,2025-01-21 12:50:52.423,0.0917963177164509,0.003924900150903354,0.04600000000000004,0.002675516404604146,0.03300000000000014,0.0014025794170415547,0.0129999999999999,1.9075685641014064,0.02000000000000024
1181,3B004CD4DE,185-2025-01-21,2025-01-21 12:51:28.423,0.095072996479498,0.0003253499299717352,0.01799999999999996,0.00021097174625724503,0.011999999999999955,0.0001420228696835415,0.006000000000000005,1.4854772807177954,0.00599999999999995
1182,3B004AB6A7,188-2025-01-21,2025-01-21 12:53:02.424,0.1102171940244457,0.013258958572879832,0.053999999999999826,0.007951511028858835,0.03600000000000003,0.005775005831201385,0.017999999999999794,1.3768836363589727,0.018000000000000238
1183,3B004CD4DE,189-2025-01-21,2025-01-21 12:54:36.424,0.0968566090060241,0.0027870068004476507,0.10699999999999998,0.0008519511209411099,0.05499999999999994,0.0020001627480727255,0.052000000000000046,0.4259408999402748,0.0029999999999998916
1184,3B001857EE,190-2025-01-21,2025-01-21 12:54:53.424,0.0917963177164509,0.005929102926793964,0.04699999999999993,0.003845210708634626,0.030999999999999917,0.0022791704610169504,0.016000000000000014,1.6871097508515969,0.014999999999999902
1185,3B00192E1E,194-2025-01-21,2025-01-21 12:57:22.428,0.1049138643041158,0.004118949687376913,0.061000000000000054,0.0028348581602023475,0.04300000000000004,0.0013881828103005714,0.018000000000000016,2.042136049493755,0.025000000000000022
1186,3B0019B8CC,195-2025-01-21,2025-01-21 12:57:27.427,0.157227223862959,0.022809984893215552,0.05800000000000005,0.015201226528369301,0.040999999999999925,0.008341339071730444,0.017000000000000126,1.8223964279173879,0.0239999999999998
1187,3B00199DE5,196-2025-01-21,2025-01-21 12:58:39.430,0.1056314595246609,0.012296800960596608,0.050000000000000044,0.007967689248535853,0.03200000000000003,0.0047086143887764545,0.018000000000000016,1.6921515738319524,0.014000000000000012
1188,3B00192E1E,199-2025-01-21,2025-01-21 12:59:52.428,0.0992532005162151,0.004305285931657799,0.063,0.003057760096700473,0.04799999999999999,0.0013724906641197345,0.015000000000000013,2.227891363225854,0.032999999999999974
1189,3B00182A81,200-2025-01-21,2025-01-21 13:07:44.420,0.1200314724929308,0.003448976653796859,0.05199999999999999,0.0019901895327845624,0.031000000000000028,0.0015702639352889447,0.020999999999999963,1.2674235764182835,0.010000000000000064
1190,3B004CEFFE,201-2025-01-21,2025-01-21 13:09:00.415,0.1020544328593473,0.009089434677538432,0.06599999999999995,0.00417397138318025,0.030999999999999917,0.005120528307329559,0.03500000000000003,0.8151446750534703,-0.004000000000000115
1191,3B004CEFFE,203-2025-01-21,2025-01-21 13:12:34.405,0.1011110125537389,0.010782254765129302,0.06600000000000006,0.007663400506887599,0.052000000000000046,0.0034700144768948817,0.014000000000000012,2.208463554810624,0.038000000000000034
1192,3B004CEFFE,204-2025-01-21,2025-01-21 13:15:52.400,0.1037004915149653,0.014048368783196947,0.05600000000000005,0.006104937331449364,0.028000000000000025,0.008337658264954717,0.028000000000000025,0.7322124675114062,0.0
1193,3B0018F763,205-2025-01-21,2025-01-21 13:16:34.400,0.1094391649153988,0.005711708986393,0.04299999999999993,0.0038902096660869117,0.030000000000000027,0.0020448815066548155,0.0129999999999999,1.9024132466486212,0.017000000000000126
1194,3B00484043,207-2025-01-21,2025-01-21 13:18:02.400,0.0938208148313449,0.004280676764524873,0.08999999999999986,0.0020925483663952905,0.054999999999999716,0.0022806274239195114,0.03500000000000014,0.9175318793628351,0.019999999999999574
1195,3B004CEFFE,209-2025-01-21,2025-01-21 13:19:06.400,0.1020544328593473,0.014389281349613104,0.05700000000000016,0.006708739905750964,0.030000000000000027,0.008088839547096126,0.027000000000000135,0.8293822453381938,0.0029999999999998916
1196,3B00484043,210-2025-01-21,2025-01-21 13:19:52.400,0.096426900323822,0.013955523379129076,0.05200000000000049,0.005723041292518504,0.023000000000000576,0.0086379921722145,0.028999999999999915,0.6625430051821062,-0.005999999999999339
1197,3B0018A99B,211-2025-01-21,2025-01-21 13:20:25.400,0.0957532417517765,0.0029953588706954433,0.03100000000000014,0.0018358563723058338,0.019000000000000128,0.0013191418015480166,0.01200000000000001,1.3917050995969131,0.007000000000000117
1198,3B0018A99B,212-2025-01-21,2025-01-21 13:21:45.400,0.0957532417517765,0.0045823069605228665,0.03799999999999981,0.002792730844301614,0.02400000000000002,0.0019873949258610167,0.01399999999999979,1.4052218851729705,0.010000000000000231
1199,3B004CEFFE,214-2025-01-21,2025-01-21 13:22:46.400,0.1075453510513881,0.013107212984371818,0.07799999999999985,0.007017247909085525,0.054999999999999716,0.006474699917563953,0.02300000000000013,1.0837950790661044,0.031999999999999584
1200,3B0018A99B,216-2025-01-21,2025-01-21 13:23:19.399,0.0957532417517765,0.004118659774534674,0.03400000000000003,0.0023157075566525467,0.018999999999999906,0.0019944147277497,0.015000000000000124,1.161096297792266,0.0039999999999997815
1201,3B004CEFFE,217-2025-01-21,2025-01-21 13:24:11.400,0.1049705022046141,0.004448846350300229,0.04800000000000004,0.002894842109033066,0.03300000000000036,0.001715001330110565,0.01499999999999968,1.6879532733927602,0.018000000000000682
1202,3B0018F763,218-2025-01-21,2025-01-21 13:24:16.400,0.1094391649153988,0.012959380850086001,0.05800000000000005,0.008840382371401497,0.04200000000000004,0.004543174642502452,0.016000000000000014,1.9458601236011643,0.026000000000000023
1203,3B0018F763,219-2025-01-21,2025-01-21 13:26:13.402,0.1080644727917889,0.006900083318995916,0.04299999999999993,0.004473601244469172,0.026999999999999913,0.0026586337311086928,0.016000000000000014,1.682669256815458,0.010999999999999899
1204,3B00484043,221-2025-01-21,2025-01-21 13:27:30.402,0.0976249341098986,0.004730227873931569,0.07199999999999984,0.0027352656702077796,0.04300000000000015,0.0020951685267945434,0.028999999999999693,1.3055110532767207,0.014000000000000457
1205,3B001857EE,223-2025-01-21,2025-01-21 13:30:03.402,0.0917963177164509,0.004991109594545153,0.03599999999999981,0.0028899551131704596,0.020999999999999908,0.002317728608756821,0.014999999999999902,1.2468910735500516,0.006000000000000005
1206,3B001857EE,228-2025-01-21,2025-01-21 13:54:31.650,0.0917963177164509,0.013133880059962884,0.05500000000000005,0.0061893775611022855,0.028000000000000025,0.007381021630369622,0.027000000000000024,0.8385529634049234,0.0010000000000000009
1207,3B004873F2,231-2025-01-21,2025-01-21 13:56:24.651,0.0974450136848188,0.01500926832224655,0.06199999999999997,0.007427061369411201,0.03900000000000001,0.008099441183717332,0.022999999999999965,0.9169844191648868,0.016000000000000042
1208,3B001857EE,232-2025-01-21,2025-01-21 13:58:27.652,0.0917963177164509,0.013675905107181367,0.05199999999999999,0.008408780274477628,0.033999999999999975,0.005750651833023069,0.018000000000000016,1.462230807678232,0.01599999999999996
1209,3B00484043,234-2025-01-21,2025-01-21 14:00:18.653,0.0938208148313449,0.013095040685462325,0.08099999999999996,0.005767365210262806,0.05499999999999994,0.007735338545031097,0.026000000000000023,0.7455866574795946,0.028999999999999915
1210,3B004873F2,236-2025-01-21,2025-01-21 14:02:16.655,0.0974450136848188,0.015020902446591683,0.04400000000000004,0.006816281686370667,0.020000000000000018,0.008723691042892173,0.02400000000000002,0.7813529448551928,-0.0040000000000000036
1211,3B0018A99B,237-2025-01-21,2025-01-21 14:02:46.654,0.0957532417517765,0.0134878843106428,0.05400000000000005,0.008943575282161918,0.03699999999999992,0.004982778876811963,0.017000000000000126,1.7948970851951827,0.019999999999999796
1212,3B004873F2,238-2025-01-21,2025-01-21 14:04:49.657,0.0974450136848188,0.011508031721487842,0.07299999999999995,0.005427652755316343,0.043999999999999984,0.0064856999229604955,0.02899999999999997,0.836864612884959,0.015000000000000013
1213,3B00199DE5,239-2025-01-21,2025-01-21 14:04:58.656,0.1056314595246609,0.013597235281002608,0.05899999999999994,0.005937824436673508,0.02299999999999991,0.00809835932760556,0.03600000000000003,0.7332132591885303,-0.013000000000000123
1214,3B0018A99B,241-2025-01-21,2025-01-21 14:06:24.649,0.0960716684021727,0.003694853351945185,0.03100000000000014,0.0021060149596045024,0.018000000000000238,0.0017865981384501141,0.0129999999999999,1.1787849288992793,0.0050000000000003375
1215,3B00192E1E,242-2025-01-21,2025-01-21 14:07:01.648,0.1049138643041158,0.014287106530364928,0.07300000000000006,0.0076699036944988365,0.04800000000000004,0.007002794812972584,0.025000000000000022,1.0952632340862598,0.02300000000000002
1216,3B00484043,243-2025-01-21,2025-01-21 14:08:22.641,0.0919317101071912,0.011444540634589604,0.05500000000000016,0.007710283750317448,0.039000000000000146,0.004109824583868666,0.016000000000000014,1.876061518679124,0.02300000000000013
1217,3B004873F2,244-2025-01-21,2025-01-21 14:08:26.642,0.0974450136848188,0.013646785910025399,0.05499999999999999,0.006237916837188332,0.02799999999999997,0.007812370800087851,0.027000000000000024,0.7984665598717083,0.0009999999999999454
1218,3B00192E1E,245-2025-01-21,2025-01-21 14:08:29.641,0.1049138643041158,0.004269744036143271,0.035999999999999976,0.0024724499010923564,0.020999999999999963,0.0019839301631790806,0.015000000000000013,1.2462383742028824,0.00599999999999995
1219,3B004AB6A7,247-2025-01-21,2025-01-21 14:09:00.640,0.1102171940244457,0.012923826739328553,0.05500000000000016,0.008377455655344803,0.037000000000000144,0.00496058539469156,0.018000000000000016,1.6888038384158688,0.019000000000000128
1220,3B004CEFFE,249-2025-01-21,2025-01-21 14:13:39.630,0.1020544328593473,0.011344516344409746,0.05900000000000016,0.005603665944417601,0.03300000000000014,0.006071321492903347,0.026000000000000023,0.9229730217659566,0.007000000000000117
1221,3B004CEFFE,250-2025-01-21,2025-01-21 14:15:36.626,0.1020544328593473,0.01382113522684037,0.05800000000000005,0.006838397719347502,0.03299999999999992,0.007378905714562063,0.025000000000000133,0.9267495728874969,0.007999999999999785
1222,3B0018F763,253-2025-01-21,2025-01-21 14:35:49.633,0.1094391649153988,0.012766820005977094,0.05700000000000005,0.008513531678035376,0.040000000000000036,0.004659008809101196,0.017000000000000015,1.8273268042345223,0.02300000000000002
1223,3B00484043,255-2025-01-21,2025-01-21 14:36:32.635,0.0938208148313449,0.013427371192949022,0.052000000000000046,0.005814962753906722,0.026000000000000023,0.0080236066606222,0.026000000000000023,0.7247317820856131,0.0
1224,3B004AB6A7,256-2025-01-21,2025-01-21 14:37:35.634,0.1102171940244457,0.013797645128778308,0.05199999999999999,0.009005908803905262,0.03600000000000003,0.0052680898531841215,0.01599999999999996,1.709520728554381,0.020000000000000073
1225,3B004AB6A7,258-2025-01-21,2025-01-21 14:39:39.637,0.102941960760245,0.011362186859950451,0.07299999999999995,0.006065868037225194,0.05400000000000005,0.005780055368842078,0.018999999999999906,1.0494480848615768,0.03500000000000014
1226,3B004CEFFE,259-2025-01-21,2025-01-21 14:40:54.635,0.1020544328593473,0.011747407565826828,0.06900000000000006,0.007913101696475303,0.05400000000000005,0.004240016245286986,0.015000000000000013,1.8662904193518495,0.039000000000000035
1227,3B004AB6A7,261-2025-01-21,2025-01-21 14:42:41.636,0.1059934084820989,0.013887643997726167,0.06600000000000006,0.008751638705480336,0.04800000000000004,0.005574369052544519,0.018000000000000016,1.5699783460668963,0.030000000000000027
1228,3B00484043,263-2025-01-21,2025-01-21 14:43:01.636,0.0938208148313449,0.004857414587116362,0.08399999999999996,0.0028542584255333648,0.05500000000000005,0.0021199058276904206,0.028999999999999915,1.3464081225924083,0.026000000000000134
1229,3B001857EE,264-2025-01-21,2025-01-21 14:43:22.637,0.1015028381218336,0.014603879411947556,0.06600000000000006,0.009979997453024502,0.04700000000000015,0.0050007829826970674,0.018999999999999906,1.9956869729311868,0.028000000000000247
1230,3B004AB6A7,266-2025-01-21,2025-01-21 14:44:15.640,0.1066948016794061,0.013447225135189634,0.052000000000000046,0.008791430648813523,0.03600000000000003,0.005103028071929558,0.016000000000000014,1.722787044259646,0.020000000000000018
1231,3B001857EE,268-2025-01-21,2025-01-21 14:59:32.650,0.0917963177164509,0.0051633312901368305,0.039000000000000035,0.003079104009765188,0.02300000000000002,0.002293315478079419,0.016000000000000014,1.3426430158417813,0.007000000000000006
1232,3B0018F763,269-2025-01-21,2025-01-21 14:59:49.648,0.1094391649153988,0.014644153121776514,0.05199999999999999,0.007477329441782336,0.028000000000000025,0.007619411682104571,0.023999999999999966,0.9813525969917155,0.004000000000000059
1233,3B001857EE,271-2025-01-21,2025-01-21 15:00:55.647,0.0917963177164509,0.004856084134534953,0.046999999999999986,0.003318428822362372,0.03300000000000003,0.0017028844149623709,0.013999999999999957,1.9487105485287446,0.019000000000000072
1234,3B004873F2,274-2025-01-21,2025-01-21 15:01:48.649,0.1000986027238223,0.014198009208528001,0.053999999999999826,0.007493221437173667,0.029999999999999805,0.007122645097796184,0.02400000000000002,1.0520279101779397,0.005999999999999783
1235,3B00484043,276-2025-01-21,2025-01-21 15:02:42.649,0.0969196283640548,0.012308774914124365,0.05600000000000005,0.006739387553198498,0.03400000000000025,0.005938383711483865,0.021999999999999797,1.1348858343669543,0.012000000000000455
1236,3B00484043,279-2025-01-21,2025-01-21 15:04:40.651,0.0938208148313449,0.013396221830008126,0.051000000000000156,0.006475246143748312,0.027000000000000135,0.007342970955631797,0.02400000000000002,0.8818291918725389,0.0030000000000001137
1237,3B001857EE,282-2025-01-21,2025-01-21 15:09:10.634,0.1001958048854594,0.004392934717765963,0.04800000000000004,0.0029812498687156823,0.03600000000000003,0.001600894278955397,0.01200000000000001,1.8622403164942185,0.02400000000000002
1238,3B0018C6F9,284-2025-01-21,2025-01-21 15:09:54.629,0.0995207441742754,0.013174712067194269,0.04400000000000004,0.007311555446906956,0.02400000000000002,0.006369166351227696,0.020000000000000018,1.1479611370956904,0.0040000000000000036
1239,3B001857EE,286-2025-01-21,2025-01-21 15:10:45.628,0.0786341371094407,0.007087817044325006,0.050000000000000044,0.004940446770396473,0.03499999999999992,0.0023729720251294134,0.015000000000000124,2.081965871522248,0.019999999999999796
1240,3B0018F763,287-2025-01-21,2025-01-21 15:11:04.627,0.1102124780319227,0.011173679186012524,0.05500000000000016,0.007327971341763145,0.038000000000000256,0.004218606220736704,0.016999999999999904,1.7370598150977565,0.02100000000000035
1241,3B00484043,288-2025-01-21,2025-01-21 15:11:31.628,0.0938208148313449,0.004516958283167745,0.08299999999999974,0.002924549844870648,0.054999999999999716,0.001696279291060597,0.028000000000000025,1.7240968868057547,0.02699999999999969
1242,3B004CEFFE,290-2025-01-21,2025-01-21 15:12:54.627,0.103349739969039,0.01477152083493797,0.052000000000000046,0.005808823897360703,0.022999999999999687,0.009386845141445865,0.02900000000000036,0.6188260070162364,-0.0060000000000006715
1243,3B004AB6A7,292-2025-01-21,2025-01-21 15:13:53.629,0.1102171940244457,0.012797539750792593,0.07300000000000006,0.007224296452551388,0.05500000000000005,0.006105510489110936,0.018000000000000016,1.1832420017025251,0.03700000000000003
1244,3B00199DE5,294-2025-01-21,2025-01-21 15:14:00.627,0.1038402411738291,0.014437002657099613,0.05400000000000005,0.007789632920651655,0.030999999999999917,0.007077062370916313,0.02300000000000013,1.1006873349970323,0.007999999999999785
1245,3B004CEFFE,295-2025-01-21,2025-01-21 15:15:02.626,0.1020544328593473,0.012531222339286734,0.05599999999999983,0.008197544697839447,0.040000000000000036,0.004769485415329642,0.015999999999999792,1.7187482472410236,0.024000000000000243
1246,3B0018F763,296-2025-01-21,2025-01-21 15:15:34.628,0.1094391649153988,0.0055878639847936175,0.04300000000000004,0.0038137134378989335,0.029000000000000026,0.0019760615536901123,0.014000000000000012,1.9299568025991782,0.015000000000000013
1247,3B004CEFFE,297-2025-01-21,2025-01-21 15:17:01.625,0.1020544328593473,0.011681940144905551,0.06999999999999984,0.007915978775775255,0.05499999999999994,0.004170481949750572,0.014999999999999902,1.8980968797260216,0.040000000000000036
1248,3B0018F763,299-2025-01-21,2025-01-21 15:22:34.626,0.1099020382867598,0.00698167896589541,0.049000000000000155,0.004237013592046573,0.03100000000000014,0.002968335237310843,0.018000000000000016,1.4274040003261512,0.013000000000000123
1249,3B004AB6A7,300-2025-01-21,2025-01-21 15:22:46.627,0.1083597776911627,0.01374783732198654,0.04500000000000037,0.008429457364331438,0.028000000000000025,0.005833611240703717,0.017000000000000348,1.4449809931651496,0.010999999999999677
1250,3B004AB6A7,301-2025-01-21,2025-01-21 15:23:52.628,0.1102171940244457,0.016858447613132682,0.08299999999999996,0.007611587073062142,0.05500000000000005,0.009709496233833317,0.027999999999999914,0.7839322339442405,0.027000000000000135
1251,3B00484043,302-2025-01-21,2025-01-21 15:55:37.640,0.0974960067991381,0.014993048942605818,0.05499999999999994,0.008306043382946115,0.03200000000000003,0.007092368841926078,0.02299999999999991,1.1711240021592615,0.009000000000000119
1252,3B0018C6F9,305-2025-01-21,2025-01-21 16:09:24.637,0.0993805005059138,0.016057972583905268,0.0479999999999996,0.006534102460774761,0.019999999999999574,0.010035368684520256,0.028000000000000025,0.651107364979399,-0.008000000000000451
1253,3B004CD4DE,1-2025-01-24,2025-01-24 08:00:28.874,0.0954009697521773,0.013187514747569283,0.04799999999999982,0.005426993125065061,0.020999999999999908,0.008185462542814385,0.026999999999999913,0.6630038432988924,-0.006000000000000005
1254,3B004CD4DE,2-2025-01-24,2025-01-24 08:01:20.876,0.095072996479498,0.013437204451763902,0.041000000000000036,0.005597845446829078,0.017000000000000015,0.008317070359112467,0.02400000000000002,0.6730549586725435,-0.007000000000000006
1255,3B004CD4DE,3-2025-01-24,2025-01-24 08:09:06.886,0.095072996479498,0.014367839235798596,0.04400000000000004,0.0061742177088334295,0.018999999999999906,0.008691166583581576,0.025000000000000133,0.7104014920732393,-0.006000000000000227
1256,3B0018C6F9,4-2025-01-24,2025-01-24 08:09:42.883,0.0995207441742754,0.01171216869297735,0.04400000000000004,0.006903731856398708,0.026000000000000023,0.005268878426407736,0.018000000000000016,1.3102849027218109,0.008000000000000007
1257,3B004CD4DE,5-2025-01-24,2025-01-24 08:10:02.879,0.095072996479498,0.014310204422163285,0.04400000000000004,0.005546364628965607,0.017000000000000015,0.009250591461289981,0.027000000000000024,0.5995686494398678,-0.010000000000000009
1258,3B00182A81,6-2025-01-24,2025-01-24 08:10:18.856,0.1189321598688551,-6.168801501978703e-05,0.07400000000000007,2.6473887481541878e-05,0.041000000000000036,-6.056844262800591e-05,0.03300000000000003,-0.4370904440145001,0.008000000000000007
1259,3B004C0894,7-2025-01-24,2025-01-24 08:11:05.784,0.1014213919746171,0.013305780038610633,0.05899999999999994,0.008137218051850836,0.03799999999999992,0.005560819010135992,0.02100000000000002,1.4633128747795439,0.016999999999999904
1260,3B004CD4DE,8-2025-01-24,2025-01-24 08:11:14.768,0.0929535354844331,0.01442134483135057,0.04900000000000038,0.0059975357899018575,0.02200000000000024,0.008873655726721394,0.027000000000000135,0.6758810545062475,-0.004999999999999893
1261,3B00182A81,10-2025-01-24,2025-01-24 08:13:40.544,0.1189321598688551,0.01084034929153465,0.04600000000000004,0.006627949771349593,0.029000000000000137,0.004615474825095524,0.016999999999999904,1.4360277160026365,0.012000000000000233
1262,3B00182A81,11-2025-01-24,2025-01-24 08:15:28.423,0.0918271996192558,0.01260225295062442,0.052999999999999936,0.007776451888177329,0.03400000000000003,0.005264417770787285,0.018999999999999906,1.4771722585030278,0.015000000000000124
1263,3B00182A81,12-2025-01-24,2025-01-24 08:17:39.425,0.1189321598688551,0.010209703451084587,0.05999999999999994,0.006796693429644465,0.04300000000000004,0.0037430780751966045,0.016999999999999904,1.815803275566853,0.026000000000000134
1264,3B001816CC,14-2025-01-24,2025-01-24 08:18:44.426,0.1005748409386277,0.013830277093244976,0.04600000000000004,0.005726549840351954,0.020000000000000018,0.008565225795381772,0.026000000000000023,0.6685813050532322,-0.006000000000000005
1265,3B0019B8CC,15-2025-01-24,2025-01-24 08:18:53.426,0.157227223862959,0.022744069584884404,0.053999999999999826,0.010329165402081848,0.026999999999999913,0.013037508575999368,0.026999999999999913,0.7922652815045289,0.0
1266,3B0019B8CC,16-2025-01-24,2025-01-24 08:20:29.427,0.157227223862959,0.02341878103451581,0.050000000000000044,0.010085420485754195,0.02300000000000013,0.014017424504596929,0.026999999999999913,0.7194916928175175,-0.0039999999999997815
1267,3B0019B8CC,17-2025-01-24,2025-01-24 08:24:17.431,0.1502127003836361,0.022529987695461332,0.05400000000000005,0.01076563799271886,0.028000000000000025,0.012396740686386598,0.026000000000000023,0.8684248759467137,0.0020000000000000018
1268,3B0019B8CC,18-2025-01-24,2025-01-24 08:28:39.434,0.1479309137417345,0.018940102796591543,0.07699999999999996,0.011436393920834328,0.054999999999999716,0.008051074692538998,0.02200000000000024,1.420480415047265,0.032999999999999474
1269,3B00192E1E,19-2025-01-24,2025-01-24 08:29:24.436,0.1007525158752752,0.011451074993783426,0.07899999999999996,0.004998377629707255,0.05400000000000005,0.006831358006443401,0.02499999999999991,0.731681405804342,0.029000000000000137
1270,3B004C0894,20-2025-01-24,2025-01-24 08:29:32.435,0.1014213919746171,0.010847829229061893,0.05800000000000005,0.006002462563656475,0.03400000000000003,0.005175855585007101,0.02400000000000002,1.1597044131300351,0.010000000000000009
1271,3B004B0F76,22-2025-01-24,2025-01-24 08:32:16.438,0.1469688858707359,0.023611068364069367,0.06400000000000006,0.015575148642485217,0.04600000000000004,0.008804704618682659,0.018000000000000016,1.7689575422480825,0.028000000000000025
1272,3B0018C6F9,28-2025-01-24,2025-01-24 08:37:47.443,0.0995207441742754,0.011083251233491175,0.045999999999999985,0.0063207850687494365,0.02899999999999997,0.005220847897127009,0.017000000000000015,1.21068171172497,0.011999999999999955
1273,01103F9A64,29-2025-01-24,2025-01-24 08:55:37.461,0.1759666147760054,0.02437011589292795,0.05300000000000005,0.013748204996205837,0.031000000000000028,0.01136650811036825,0.02200000000000002,1.2095363732389424,0.009000000000000008
1274,01103F9A64,30-2025-01-24,2025-01-24 08:56:39.461,0.1631978919395285,0.025012979156098885,0.05699999999999994,0.01482278690844468,0.03399999999999981,0.010949503754675384,0.02300000000000013,1.353740520168818,0.010999999999999677
1275,01101763D0,31-2025-01-24,2025-01-24 08:56:50.461,0.1497460806109001,0.02456552596013331,0.06199999999999983,0.015863381886348733,0.04200000000000004,0.009413797381230098,0.019999999999999796,1.6851203870160067,0.02200000000000024
1276,3B0018A99B,32-2025-01-24,2025-01-24 08:57:02.463,0.0883273548306758,0.0019418226171124227,0.022999999999999965,0.001147488281032299,0.013000000000000012,0.0009249876870021307,0.009999999999999953,1.2405443847055835,0.003000000000000058
1277,3B001816CC,33-2025-01-24,2025-01-24 08:57:06.461,0.1005748409386277,0.01096753824596188,0.05400000000000005,0.006345298271569037,0.03400000000000003,0.00499480083466654,0.020000000000000018,1.2703806381085982,0.014000000000000012
1278,3B004CDB63,34-2025-01-24,2025-01-24 08:58:27.464,0.0918532097116226,0.010198235123856578,0.05399999999999999,0.006648238189722858,0.03799999999999998,0.003913950501909907,0.016000000000000014,1.698600477057308,0.021999999999999964
1279,3B0018A99B,35-2025-01-24,2025-01-24 08:58:45.462,0.0895763656433693,0.003734538918559908,0.03299999999999992,0.0023019010595946732,0.020999999999999908,0.00161960438528377,0.01200000000000001,1.421273664427229,0.008999999999999897
1280,3B004CDB63,36-2025-01-24,2025-01-24 09:00:08.464,0.0918532097116226,0.00961240500930295,0.046999999999999986,0.006465678696525373,0.032999999999999974,0.00351446238319174,0.014000000000000012,1.8397347848843435,0.01899999999999996
1281,3B00192E1E,39-2025-01-24,2025-01-24 09:10:40.411,0.1007525158752752,0.011706192891311673,0.07899999999999996,0.005229031117843135,0.05400000000000005,0.0068460722976691635,0.02499999999999991,0.7638001602208361,0.029000000000000137
1282,3B00192E1E,40-2025-01-24,2025-01-24 09:11:41.412,0.1007525158752752,0.010951914634642363,0.07899999999999996,0.004848649643969475,0.05499999999999994,0.006457066709070249,0.02400000000000002,0.7509059240720823,0.030999999999999917
1283,3B004CDB63,42-2025-01-24,2025-01-24 09:12:18.413,0.0864513185439579,0.009822703352460016,0.05699999999999994,0.0069169596672627115,0.04299999999999993,0.0032469312387951965,0.014000000000000012,2.1303067907989677,0.028999999999999915
1284,01103F9A64,45-2025-01-24,2025-01-24 09:13:40.413,0.1759666147760054,0.024387334149212955,0.05699999999999994,0.01565088975432038,0.0389999999999997,0.009526240943256289,0.018000000000000238,1.6429239872837549,0.020999999999999464
1285,3B00484043,46-2025-01-24,2025-01-24 09:20:41.420,0.0932078621326897,0.009979340828596172,0.061,0.0068266341970218735,0.04400000000000004,0.003453022744498498,0.01699999999999996,1.977002383751557,0.02700000000000008
1286,3B00484043,47-2025-01-24,2025-01-24 09:23:25.422,0.0932078621326897,0.011703776076446544,0.07200000000000001,0.007835660271288172,0.05499999999999999,0.004231494208447278,0.017000000000000015,1.8517478425578233,0.03799999999999998
1287,3B00182DFC,48-2025-01-24,2025-01-24 09:23:31.422,0.087753712300349,0.015236492577370772,0.09999999999999964,0.008846776021588638,0.054999999999999716,0.006684525383901598,0.04499999999999993,1.3234710788733643,0.009999999999999787
1288,0700ED9568,49-2025-01-24,2025-01-24 09:23:42.423,0.1426875413042908,0.020479591148871556,0.06899999999999995,0.013707069865877204,0.05400000000000005,0.007519056036891766,0.014999999999999902,1.8229774852886247,0.039000000000000146
1289,3B00182DFC,50-2025-01-24,2025-01-24 09:23:46.422,0.0960316735637712,0.013937423261107336,0.050000000000000044,0.006011361785655358,0.02299999999999991,0.008333911432696005,0.027000000000000135,0.7213133753823315,-0.004000000000000226
1290,011016B2E1,52-2025-01-24,2025-01-24 09:30:34.429,0.0935473754560207,0.014658077010772477,0.04699999999999993,0.006219511071315719,0.02100000000000013,0.0089274327708239,0.0259999999999998,0.6966740866021361,-0.004999999999999671
1291,01103F88A1,53-2025-01-24,2025-01-24 09:33:09.431,0.1192401311160237,0.011292695835558442,0.059,0.004995424527879158,0.030999999999999972,0.006633911955359148,0.028000000000000025,0.7530133896099793,0.002999999999999947
1292,3B001816CC,54-2025-01-24,2025-01-24 09:34:50.434,0.1005748409386277,0.010373048920111962,0.051000000000000045,0.006874400323156459,0.03500000000000003,0.0038429870026465765,0.016000000000000014,1.7888169588973937,0.019000000000000017
1293,3B00186448,55-2025-01-24,2025-01-24 09:35:02.432,0.1499705050319192,0.02861162202809726,0.08200000000000007,0.013209740495404378,0.05499999999999994,0.01621004129869659,0.027000000000000135,0.814910971045246,0.027999999999999803
1294,01103F88A1,57-2025-01-24,2025-01-24 09:44:05.439,0.1192401311160238,0.013101214990646438,0.052000000000000046,0.005326193747666105,0.02299999999999991,0.008179500723892603,0.029000000000000137,0.6511636745881212,-0.006000000000000227
1295,3B001870F2,58-2025-01-24,2025-01-24 09:46:41.441,0.0914143014635716,0.008874435751195014,0.062000000000000055,0.005553432073455347,0.04300000000000015,0.003584685624317296,0.018999999999999906,1.5492103507718336,0.024000000000000243
1296,3B00186448,60-2025-01-24,2025-01-24 09:56:31.449,0.1531922379955738,0.0279966285161346,0.07799999999999985,0.01508284187501976,0.05499999999999994,0.013721494133924782,0.02299999999999991,1.0992127918292225,0.03200000000000003
1297,011016B2E1,61-2025-01-24,2025-01-24 09:56:53.451,0.0936024234538928,0.015447155061861114,0.04700000000000015,0.006641263387938424,0.020999999999999908,0.009337524642032932,0.026000000000000245,0.7112445366990231,-0.0050000000000003375
1298,3B00186448,63-2025-01-24,2025-01-24 09:59:43.453,0.1499705050319192,0.026857123095953447,0.04899999999999993,0.0150821601916005,0.028000000000000025,0.012607015261194917,0.020999999999999908,1.1963307633983924,0.007000000000000117
1299,3B00484043,64-2025-01-24,2025-01-24 09:59:51.453,0.0918602690151077,0.012753608837892809,0.04899999999999993,0.006531944110459593,0.026999999999999913,0.006642446170216474,0.02200000000000002,0.9833642521256172,0.004999999999999893
1300,011016B2E1,67-2025-01-24,2025-01-24 10:01:46.455,0.0951110295951802,0.004092942245642635,0.04699999999999993,0.002558751516575531,0.03199999999999992,0.0016989739670196075,0.015000000000000013,1.5060569297975601,0.016999999999999904
1301,3B0019B8CC,69-2025-01-24,2025-01-24 10:07:19.434,0.157227223862959,0.023899449930311033,0.050000000000000044,0.010623740379292158,0.02400000000000002,0.013975567661151371,0.026000000000000023,0.7601652138126407,-0.0020000000000000018
1302,011016B2E1,70-2025-01-24,2025-01-24 10:08:21.425,0.1014097522133409,0.014448765290493657,0.04800000000000004,0.0061045856216230465,0.02200000000000002,0.00883373616293209,0.026000000000000023,0.6910536503500027,-0.0040000000000000036
1303,3B00186448,72-2025-01-24,2025-01-24 10:09:34.414,0.1499705050319192,0.029278580118924657,0.05500000000000005,0.013228769754082874,0.027000000000000024,0.016877683388178293,0.028000000000000025,0.7838024597231606,-0.0010000000000000009
1304,3B0019B8CC,74-2025-01-24,2025-01-24 10:10:35.406,0.157227223862959,0.024646235609084365,0.06000000000000005,0.010964550704525376,0.03100000000000014,0.014330071807069671,0.028999999999999915,0.7651427607722152,0.002000000000000224
1305,3B004873F2,76-2025-01-24,2025-01-24 10:19:08.417,0.0974450136848188,0.012799835947275792,0.07700000000000007,0.0062350063465365915,0.05500000000000005,0.007013501708882078,0.02200000000000002,0.889000474419279,0.03300000000000003
1306,011016B2E1,77-2025-01-24,2025-01-24 10:19:30.416,0.1014097522133409,1.9900623960207157e-05,0.004999999999999893,1.0492269436090676e-05,0.0020000000000000018,1.4022423651378971e-05,0.0029999999999998916,0.7482493538168675,-0.0009999999999998899
1307,3B004C0894,79-2025-01-24,2025-01-24 10:19:42.414,0.1001805639040807,0.010050834995517044,0.06800000000000006,0.005886205703177199,0.04499999999999993,0.004443055260003723,0.02300000000000013,1.3248103745556985,0.021999999999999797
1308,3B004873F2,80-2025-01-24,2025-01-24 10:19:53.414,0.0974450136848188,0.013355354100109487,0.052000000000000046,0.006765094260935556,0.030000000000000027,0.00703411710964294,0.02200000000000002,0.9617545678421269,0.008000000000000007
1309,3B004873F2,81-2025-01-24,2025-01-24 10:20:44.416,0.0917762215505627,0.01443167776141982,0.052000000000000046,0.006877444410406858,0.026999999999999913,0.008003915128246624,0.025000000000000133,0.8592600371455293,0.0019999999999997797
1310,3B004873F2,82-2025-01-24,2025-01-24 10:21:56.415,0.0974450136848188,0.01295501527270823,0.04500000000000015,0.005499008103143209,0.020000000000000018,0.007886105766934092,0.025000000000000133,0.6973033669165557,-0.0050000000000001155
1311,3B004C0894,84-2025-01-24,2025-01-24 10:22:54.417,0.1031678455755288,0.007258001848164016,0.054999999999999716,0.003481108962791267,0.028999999999999915,0.003978561023024146,0.0259999999999998,0.8749668391777586,0.0030000000000001137
1312,011016B2E1,86-2025-01-24,2025-01-24 10:23:48.417,0.1014097522133409,0.004647477372151198,0.039000000000000146,0.0025756674535448213,0.02200000000000002,0.0022657237630496823,0.017000000000000126,1.1367967691162635,0.004999999999999893
1313,011016B2E1,87-2025-01-24,2025-01-24 10:24:34.422,0.1014097522133409,0.0006440181947604131,0.03500000000000003,0.0003399677916026426,0.006000000000000005,0.00037983885766139933,0.029000000000000026,0.8950316291907683,-0.02300000000000002
1314,011016B2E1,88-2025-01-24,2025-01-24 10:24:50.419,0.1014097522133409,0.001219604667312045,0.030999999999999694,0.0004961848771594541,0.006000000000000227,0.0008409421985025863,0.024999999999999467,0.5900344613969661,-0.01899999999999924
1315,011016B2E1,89-2025-01-24,2025-01-24 10:25:07.419,0.0974365356242137,0.0008091261255007755,0.02300000000000013,0.0004696841711278223,0.014000000000000234,0.0003944309305999875,0.008999999999999897,1.1907893998408379,0.0050000000000003375
1316,3B0018A99B,91-2025-01-24,2025-01-24 10:31:37.424,0.0899554836421169,0.0032975081677438776,0.06999999999999984,0.0015566204004501972,0.03499999999999992,0.0018202506321360436,0.03499999999999992,0.855168169134775,0.0
1317,3B00484043,92-2025-01-24,2025-01-24 10:31:49.425,0.0932078621326897,0.013147539173045609,0.07399999999999995,0.0086737879892588,0.05499999999999999,0.004842006845069238,0.01899999999999996,1.7913621906775248,0.03600000000000003
1318,3B0019F652,94-2025-01-24,2025-01-24 10:33:41.424,0.0885024370460512,0.0025864656714210403,0.03400000000000003,0.001609513806811599,0.02200000000000002,0.0011007033446040469,0.01200000000000001,1.4622593950512481,0.010000000000000009
1319,3B00186448,100-2025-01-24,2025-01-24 10:35:06.426,0.1647609871233388,0.019327240312301028,0.043999999999999984,0.012592569232481806,0.02899999999999997,0.007467011325281252,0.015000000000000013,1.6864269630671136,0.013999999999999957
1320,3B004873F2,103-2025-01-24,2025-01-24 10:37:02.428,0.0974450136848188,0.012919143188578102,0.07799999999999996,0.006138430012504611,0.05499999999999994,0.007211070461356574,0.02300000000000002,0.8512508711986468,0.03199999999999992
1321,3B0018F763,105-2025-01-24,2025-01-24 10:39:05.429,0.0967428328636749,0.006446858816818049,0.04200000000000004,0.0040634935310393345,0.026999999999999913,0.0026378644249457207,0.015000000000000124,1.5404482097759626,0.011999999999999789
1322,3B0018A99B,106-2025-01-24,2025-01-24 10:39:13.429,0.0883273548306758,0.003098887891810953,0.026999999999999913,0.0017174192062633766,0.014999999999999902,0.0015642231445400006,0.01200000000000001,1.0979374728331532,0.0029999999999998916
1323,3B001857EE,107-2025-01-24,2025-01-24 10:39:21.430,0.0926824547264136,0.005420119514498542,0.04299999999999993,0.0028384977814663818,0.02299999999999991,0.0027772562668272145,0.020000000000000018,1.0220510852277707,0.0029999999999998916
1324,3B001857EE,108-2025-01-24,2025-01-24 10:40:58.430,0.1069375408356136,0.0057034090988983726,0.04499999999999993,0.0031653922579651596,0.02499999999999991,0.0027268936610690725,0.020000000000000018,1.1608051693237553,0.004999999999999893
1325,011016B2E1,111-2025-01-24,2025-01-24 10:44:58.434,0.0991538458807284,0.01295867965020192,0.07799999999999985,0.005792721207619688,0.05400000000000005,0.007654030465121977,0.0239999999999998,0.7568197218466876,0.03000000000000025
1326,01103F88A1,112-2025-01-24,2025-01-24 10:47:36.435,0.1192401311160238,0.013194502522150821,0.046999999999999986,0.005417896572138773,0.020000000000000018,0.008210443126657205,0.02699999999999997,0.6598787042989496,-0.006999999999999951
1327,3B001816CC,113-2025-01-24,2025-01-24 10:48:41.437,0.1005748409386277,0.0006831435287047732,0.03999999999999998,0.00042586959956475597,0.02799999999999997,0.0002909603206909397,0.01200000000000001,1.463668992917828,0.01599999999999996
1328,3B001816CC,115-2025-01-24,2025-01-24 10:49:52.438,0.0937607725336921,0.014802895742694316,0.04800000000000004,0.0056898668461337655,0.018999999999999906,0.009590083587294258,0.029000000000000137,0.593307325670464,-0.010000000000000231
1329,3B00484043,116-2025-01-24,2025-01-24 10:49:56.437,0.0920537312653389,0.013378037173500324,0.08199999999999985,0.005464195483966807,0.05499999999999994,0.008338823034637956,0.026999999999999913,0.6552717885089456,0.028000000000000025
1330,3B001816CC,117-2025-01-24,2025-01-24 10:50:56.438,0.0927008794343104,0.011675552613676006,0.05800000000000005,0.008352809406791907,0.04299999999999993,0.0036914410947811375,0.015000000000000124,2.262750289744807,0.027999999999999803
1331,011016B2E1,118-2025-01-24,2025-01-24 10:51:08.438,0.1014097522133409,0.014043142762547858,0.050000000000000044,0.00631413468696554,0.025000000000000022,0.008196263713975995,0.025000000000000022,0.7703674390318711,0.0
1332,3B004B0F76,119-2025-01-24,2025-01-24 10:51:16.438,0.1318183747774623,0.02370874967137834,0.07299999999999995,0.015776395034851773,0.05500000000000016,0.008681164575889933,0.017999999999999794,1.8173132068786388,0.037000000000000366
1333,3B004873F2,120-2025-01-24,2025-01-24 10:51:24.438,0.0916852455620553,0.0038479094259737763,0.052000000000000046,0.0024570885153516733,0.03500000000000003,0.0015247164130091603,0.017000000000000015,1.6115052572316682,0.018000000000000016
1334,3B0018F763,121-2025-01-24,2025-01-24 10:51:38.440,0.1015587149439397,0.013754935215432631,0.05400000000000005,0.008220623707641388,0.03400000000000003,0.005963157556724556,0.020000000000000018,1.3785689258488774,0.014000000000000012
1335,3B001857EE,122-2025-01-24,2025-01-24 10:52:17.438,0.1069375408356136,0.005673662812436732,0.04599999999999982,0.0031011977630499552,0.0259999999999998,0.002756122514400525,0.020000000000000018,1.1252031601811745,0.005999999999999783
1336,011016B2E1,123-2025-01-24,2025-01-24 10:53:26.439,0.0980436842101753,0.013986622118472994,0.07899999999999974,0.006636906610817155,0.054999999999999716,0.007784613160868532,0.02400000000000002,0.8525672982929152,0.030999999999999694
1337,3B001857EE,125-2025-01-24,2025-01-24 10:55:49.443,0.1069375408356136,0.005803994295283726,0.04400000000000004,0.0032019733940536663,0.025000000000000022,0.0027999697735026276,0.019000000000000017,1.1435742715351358,0.006000000000000005
1338,3B00186448,127-2025-01-24,2025-01-24 11:01:53.446,0.1453791519668594,0.02699478573039042,0.05499999999999994,0.01747369271057544,0.038000000000000034,0.010395142470008917,0.016999999999999904,1.680947881280982,0.02100000000000013
1339,3B0018F763,128-2025-01-24,2025-01-24 11:02:33.447,0.1094391649153988,0.005722719515976016,0.037000000000000144,0.003647419300930294,0.02400000000000002,0.002322748454917394,0.013000000000000123,1.570303186816676,0.010999999999999899
1340,3B00484043,131-2025-01-24,2025-01-24 11:03:41.447,0.0932078621326897,0.004185223463241835,0.06400000000000006,0.0025712976438480133,0.04400000000000004,0.0017487027352710196,0.020000000000000018,1.4704029404114274,0.02400000000000002
1341,3B0018A99B,134-2025-01-24,2025-01-24 11:04:55.450,0.0935706757481167,0.005401287559649873,0.03600000000000003,0.0033255130827728875,0.02200000000000002,0.002303788732960346,0.014000000000000012,1.4434974158848481,0.008000000000000007
1342,011016B2E1,136-2025-01-24,2025-01-24 11:05:03.447,0.1014097522133409,0.014648733134963959,0.04800000000000004,0.006890287020495716,0.02400000000000002,0.008248740397529028,0.02400000000000002,0.8353138404694799,0.0
1343,011016B2E1,138-2025-01-24,2025-01-24 11:07:12.429,0.0980039298369037,0.014417802275489406,0.07899999999999996,0.0067407705579182525,0.05400000000000005,0.008135793664209643,0.02499999999999991,0.828532634446192,0.029000000000000137
1344,3B00186448,140-2025-01-24,2025-01-24 11:10:00.404,0.1216366221274811,0.026224808323601065,0.07599999999999985,0.01651558668040336,0.05499999999999994,0.010451823294857854,0.020999999999999908,1.5801632131045298,0.03400000000000003
1345,01103F88A1,144-2025-01-24,2025-01-24 11:12:33.406,0.1192401311160238,0.004510618953254052,0.03700000000000003,0.002627656902680069,0.02100000000000002,0.0020636126388128323,0.016000000000000014,1.2733285565607524,0.0050000000000000044
1346,3B004873F2,146-2025-01-24,2025-01-24 11:13:06.406,0.0974450136848188,0.012685393365229279,0.07899999999999996,0.005158868630112248,0.05499999999999994,0.007985393543268415,0.02400000000000002,0.6460381197444061,0.030999999999999917
1347,3B001816CC,149-2025-01-24,2025-01-24 11:13:35.405,0.1005748409386277,0.011112234407950818,0.04899999999999993,0.0074588260648168385,0.03400000000000003,0.004035100552945816,0.014999999999999902,1.8484857978003895,0.019000000000000128
1348,3B004B0F76,151-2025-01-24,2025-01-24 11:15:40.408,0.1559734111077591,0.024390759494782067,0.05600000000000005,0.015921699046648523,0.038999999999999924,0.009303669471571378,0.017000000000000126,1.7113354139782622,0.021999999999999797
1349,3B004CD4DE,152-2025-01-24,2025-01-24 11:15:45.407,0.095072996479498,0.012672874587649131,0.051999999999999824,0.006505829549291989,0.028999999999999915,0.0065715456899903945,0.02299999999999991,0.9899998959455608,0.006000000000000005
1350,011016B2E1,154-2025-01-24,2025-01-24 11:19:05.410,0.0965200900366463,0.016365927231835692,0.04999999999999982,0.007031624605920802,0.022999999999999687,0.009856746952679935,0.027000000000000135,0.7133818733176451,-0.004000000000000448
1351,3B004CDB63,155-2025-01-24,2025-01-24 11:20:32.412,0.0918532097116226,0.010815506290603545,0.07300000000000006,0.006604100332415156,0.05500000000000005,0.004620964789894301,0.018000000000000016,1.4291604962794398,0.03700000000000003
1352,3B004CDB63,158-2025-01-24,2025-01-24 11:22:30.413,0.0892715601302366,0.011879731273783566,0.05400000000000027,0.007988279190636027,0.0389999999999997,0.004312043876089181,0.015000000000000568,1.8525505352420062,0.023999999999999133
1353,3B0018F763,160-2025-01-24,2025-01-24 11:22:42.413,0.1094391649153988,0.005231191679101736,0.04200000000000004,0.0033242713414669816,0.027000000000000024,0.0021012471110387148,0.015000000000000013,1.5820468349501673,0.01200000000000001
1354,3B004CD4DE,161-2025-01-24,2025-01-24 11:24:37.414,0.0950729964794981,0.003277725898242407,0.061000000000000054,0.0016411153645804922,0.03200000000000003,0.0017306005532746452,0.029000000000000026,0.9482924072081053,0.0030000000000000027
1355,3B0019B8CC,162-2025-01-24,2025-01-24 11:24:49.413,0.157227223862959,0.022138806392216274,0.050999999999999934,0.01300675863273003,0.030999999999999917,0.009846190701219944,0.020000000000000018,1.3209939790337892,0.010999999999999899
1356,3B00186448,163-2025-01-24,2025-01-24 11:26:40.415,0.1499705050319192,0.020450169333331877,0.06800000000000006,0.015485753456824878,0.05500000000000016,0.005624875041214761,0.0129999999999999,2.7530839962411924,0.04200000000000026
1357,011016B2E1,166-2025-01-24,2025-01-24 11:26:53.415,0.100367838579041,0.00156759270202382,0.03600000000000003,0.0011022626545619226,0.026000000000000023,0.0005414142504976604,0.010000000000000009,2.035895164467389,0.016000000000000014
1358,3B001816CC,167-2025-01-24,2025-01-24 11:28:17.417,0.0955326019906877,0.013580649709139532,0.06099999999999994,0.007767113196817385,0.03299999999999992,0.006223088763528015,0.028000000000000025,1.2481122304310548,0.004999999999999893
1359,3B004CD4DE,169-2025-01-24,2025-01-24 11:28:47.416,0.0950729964794981,0.011481928500206101,0.04700000000000015,0.007046588066486373,0.030000000000000027,0.004845575470447439,0.017000000000000126,1.454231413680921,0.0129999999999999
1360,3B0018F763,170-2025-01-24,2025-01-24 11:29:48.416,0.1094391649153988,0.006177147431158592,0.040000000000000036,0.0037583583585279064,0.02400000000000002,0.0026558548661867157,0.016000000000000014,1.4151218902726295,0.008000000000000007
1361,3B004CDB63,171-2025-01-24,2025-01-24 11:30:28.420,0.0918532097116226,0.011584135797247964,0.07500000000000001,0.00711686803241417,0.05400000000000005,0.004844531422476433,0.020999999999999963,1.4690518879483623,0.033000000000000085
1362,3B00186448,172-2025-01-24,2025-01-24 11:30:35.419,0.1499705050319192,0.020402910762726215,0.07500000000000007,0.01247577485194714,0.05500000000000005,0.00861159215127498,0.020000000000000018,1.448718730844685,0.03500000000000003
1363,3B004CD4DE,173-2025-01-24,2025-01-24 11:30:41.418,0.0950729964794981,0.004735091373880816,0.06799999999999998,0.003357815338735977,0.053999999999999965,0.0015267294761555036,0.014000000000000012,2.1993518767918054,0.03999999999999995
1364,3B00182A81,176-2025-01-24,2025-01-24 11:41:24.170,0.1189321598688551,0.010533745443391055,0.046999999999999986,0.006078068151636961,0.02799999999999997,0.004819983868996387,0.019000000000000017,1.2610142101787845,0.008999999999999952
1365,3B0018A99B,178-2025-01-24,2025-01-24 11:42:29.170,0.0883273548306758,0.011944889598875056,0.06999999999999998,0.007974006968012051,0.05400000000000002,0.004353029028570398,0.01599999999999996,1.8318294952034442,0.03800000000000006
1366,3B00182A81,179-2025-01-24,2025-01-24 11:42:47.171,0.1189321598688551,0.010488653312485956,0.051000000000000045,0.006388113616002748,0.03300000000000003,0.00448040393179021,0.018000000000000016,1.4257896638909262,0.015000000000000013
1367,3B0018F763,180-2025-01-24,2025-01-24 11:45:21.174,0.1094391649153988,0.012480761023880573,0.07200000000000001,0.007804749905094032,0.05499999999999999,0.0051047232688775845,0.017000000000000015,1.5289271315994617,0.03799999999999998
1368,3B004CD4DE,181-2025-01-24,2025-01-24 11:53:58.180,0.095072996479498,0.011705691310119358,0.049000000000000044,0.007450598416815903,0.03300000000000003,0.004684354267469205,0.016000000000000014,1.5905283826539458,0.017000000000000015
1369,3B0019F652,182-2025-01-24,2025-01-24 11:54:08.179,0.0885024370460512,0.010632148651942853,0.04700000000000015,0.006385213624984753,0.030000000000000027,0.004666972328495792,0.017000000000000126,1.368170448750607,0.0129999999999999
1370,01103F9A64,183-2025-01-24,2025-01-24 11:54:14.180,0.1758149978376075,0.02382343704724457,0.05700000000000016,0.014343903671385511,0.038000000000000034,0.010294381088276117,0.019000000000000128,1.393372126831524,0.018999999999999906
1371,3B001816CC,184-2025-01-24,2025-01-24 11:56:44.181,0.1005748409386277,0.01057928040998318,0.05800000000000005,0.007596799480099403,0.04300000000000004,0.0033180133641928407,0.015000000000000013,2.289562652785591,0.028000000000000025
1372,3B0019B8CC,185-2025-01-24,2025-01-24 11:56:49.182,0.157227223862959,0.021727001086007797,0.05499999999999999,0.013187251142082395,0.03600000000000003,0.00923629267914135,0.01899999999999996,1.4277645371571688,0.01700000000000007
1373,3B00182A81,187-2025-01-24,2025-01-24 11:58:08.184,0.1189321598688551,0.011558505754464304,0.04700000000000004,0.007525787253267348,0.03200000000000003,0.004481771336527278,0.015000000000000013,1.6791992915682172,0.017000000000000015
1374,3B00182A81,191-2025-01-24,2025-01-24 12:04:25.189,0.1189321598688551,0.011661672644278748,0.045999999999999985,0.007311436540476687,0.02999999999999997,0.004800678584026708,0.016000000000000014,1.523000636785812,0.013999999999999957
1375,011016B2E1,194-2025-01-24,2025-01-24 12:11:36.162,0.1014097522133409,0.015528355926630369,0.051000000000000045,0.0071093531010590835,0.026000000000000023,0.008920055822190522,0.025000000000000022,0.797007691742586,0.0010000000000000009
1376,3B004CD4DE,195-2025-01-24,2025-01-24 12:13:00.160,0.0950729964794981,0.012709162891369308,0.04999999999999999,0.00788055464530104,0.032999999999999974,0.005299127273776846,0.017000000000000015,1.4871419836052238,0.01599999999999996
1377,3B004B0F76,197-2025-01-24,2025-01-24 12:13:24.158,0.1469688858707359,0.027188244538033923,0.07300000000000001,0.017633639049594925,0.05499999999999999,0.010406715486601886,0.018000000000000016,1.694448077522378,0.03699999999999998
1378,3B004CD4DE,198-2025-01-24,2025-01-24 12:15:00.157,0.0950729964794981,0.012731913237910621,0.043999999999999984,0.00775823489787842,0.02699999999999997,0.005456262636733985,0.017000000000000015,1.4218954281354668,0.009999999999999953
1379,01103F9A64,199-2025-01-24,2025-01-24 12:15:06.155,0.1744220565652868,0.027798106189566043,0.05899999999999994,0.016062541698211516,0.03699999999999992,0.012623227611324565,0.02200000000000002,1.272459167558816,0.014999999999999902
1380,3B001877B5,200-2025-01-24,2025-01-24 12:15:26.155,0.1756930881379383,0.023580962463378298,0.07100000000000006,0.01644982888981375,0.05500000000000005,0.007859404226247747,0.016000000000000014,2.0930121948527467,0.039000000000000035
1381,3B004873F2,201-2025-01-24,2025-01-24 12:16:11.157,0.0974450136848188,0.0003867306050654735,0.015000000000000013,0.00019046982920295795,0.007000000000000006,0.00023380737799812265,0.008000000000000007,0.8146442205279224,-0.0010000000000000009
1382,3B004CD4DE,202-2025-01-24,2025-01-24 12:20:06.155,0.095072996479498,0.014140173882994616,0.07800000000000001,0.00647140858511743,0.05199999999999999,0.008098587071282014,0.026000000000000023,0.7990787193071445,0.025999999999999968
1383,01103F97C4,203-2025-01-24,2025-01-24 12:20:48.155,0.1830689426539151,0.02494234300433167,0.06000000000000005,0.017006118948276232,0.04400000000000004,0.008723572366345304,0.016000000000000014,1.9494443599601685,0.028000000000000025
1384,3B00186448,205-2025-01-24,2025-01-24 12:21:01.155,0.1499705050319192,0.02429385649270157,0.07200000000000006,0.017599695619016795,0.05499999999999994,0.007322689199396063,0.017000000000000126,2.403447031517919,0.03799999999999981
1385,3B004873F2,206-2025-01-24,2025-01-24 12:21:05.154,0.0974450136848188,0.013749167374811999,0.049000000000000044,0.006415442412835955,0.02400000000000002,0.0077622911876520295,0.025000000000000022,0.8264882439660867,-0.0010000000000000009
1386,011016B2E1,208-2025-01-24,2025-01-24 12:22:06.156,0.1014097522133409,0.04029527923341749,0.09000000000000008,0.021057271867977186,0.05500000000000005,0.020540537208781295,0.03500000000000003,1.0251568230150758,0.020000000000000018
1387,3B0018F763,209-2025-01-24,2025-01-24 12:22:11.156,0.1094391649153988,0.013590375518485574,0.05399999999999994,0.008015725454714235,0.03300000000000003,0.005999045195559339,0.020999999999999908,1.3361668721295346,0.012000000000000122
1388,3B0018A99B,210-2025-01-24,2025-01-24 12:22:27.155,0.0883273548306758,0.010515018982743415,0.052999999999999936,0.006395144468981815,0.03499999999999992,0.004504504811713104,0.018000000000000016,1.4197219752884853,0.016999999999999904
1389,3B00186448,212-2025-01-24,2025-01-24 12:23:00.155,0.1384505944112683,0.023467258425428173,0.07000000000000028,0.018143649477736803,0.05500000000000016,0.005902016297000617,0.015000000000000124,3.0741442525255884,0.040000000000000036
1390,3B0018F763,214-2025-01-24,2025-01-24 12:24:25.156,0.1094391649153988,0.013512801874855436,0.050000000000000044,0.008591743165238794,0.03299999999999992,0.005390486483929922,0.017000000000000126,1.5938715718613587,0.015999999999999792
1391,3B004873F2,216-2025-01-24,2025-01-24 12:24:45.157,0.0974450136848188,0.01499682803897809,0.04700000000000004,0.006366902814181314,0.02100000000000002,0.009114868589375597,0.026000000000000023,0.6985183331773598,-0.0050000000000000044
1392,01103F9A64,221-2025-01-24,2025-01-24 12:27:35.158,0.1759666147760054,0.029057543782203824,0.054999999999999716,0.01865733250573529,0.03799999999999981,0.011380640017747582,0.016999999999999904,1.6393922026037235,0.020999999999999908
1393,3B004CD4DE,222-2025-01-24,2025-01-24 12:27:47.157,0.0950729964794981,0.011549445964877504,0.05100000000000002,0.007221457126054973,0.034,0.0047615952665212655,0.017000000000000015,1.5166045667150616,0.016999999999999987
1394,3B0019F652,223-2025-01-24,2025-01-24 12:27:50.157,0.0885024370460512,0.01200088105082266,0.049000000000000044,0.007432282061209703,0.031000000000000028,0.004986059535586791,0.018000000000000016,1.4906123780038307,0.013000000000000012
1395,3B004CDB63,224-2025-01-24,2025-01-24 12:28:26.159,0.0918532097116226,0.010907616779454564,0.04799999999999993,0.007421331983800357,0.03299999999999992,0.0038760538616008427,0.015000000000000013,1.9146617278262703,0.017999999999999905
1396,3B001877B5,226-2025-01-24,2025-01-24 12:29:55.158,0.1756930881379383,0.02311061716551346,0.06999999999999995,0.01613884016247152,0.05499999999999994,0.007767665457605699,0.015000000000000013,2.0776950617343073,0.039999999999999925
1397,3B0019F652,227-2025-01-24,2025-01-24 12:29:58.159,0.0885024370460512,0.008358858666838533,0.06600000000000006,0.005495972693177656,0.04899999999999993,0.0031434266410762055,0.017000000000000126,1.7484017668362117,0.031999999999999806
1398,3B00192E1E,232-2025-01-24,2025-01-24 12:32:50.159,0.1007525158752752,0.012005837084191076,0.04699999999999993,0.005522985666263681,0.02299999999999991,0.006863103504613035,0.02400000000000002,0.8047358840721848,-0.001000000000000112
1399,3B004B0F76,236-2025-01-24,2025-01-24 12:36:21.162,0.1469688858707359,0.025165676346620744,0.06600000000000006,0.01772481977261635,0.04899999999999993,0.008193660726357896,0.017000000000000126,2.1632357458489837,0.031999999999999806
1400,3B0019B8CC,241-2025-01-24,2025-01-24 12:41:33.165,0.157227223862959,0.026095358641311035,0.05400000000000005,0.012825917532776482,0.029000000000000137,0.013992778719854703,0.02499999999999991,0.9166097591879637,0.004000000000000226
1401,3B0018F763,242-2025-01-24,2025-01-24 12:41:58.168,0.1030409615660174,0.012663590169706083,0.04699999999999993,0.007318991814753922,0.028000000000000025,0.005792318252539192,0.018999999999999906,1.2635686603624512,0.009000000000000119
1402,3B004CDB63,243-2025-01-24,2025-01-24 12:42:20.166,0.0918532097116226,0.011499658032819724,0.049000000000000016,0.007640751078904387,0.034,0.004278040004956784,0.015000000000000013,1.7860401188514765,0.01899999999999999
1403,3B00182A81,247-2025-01-24,2025-01-24 12:43:06.170,0.0965064443012303,0.012137633367446311,0.06700000000000006,0.007998672825668397,0.051000000000000045,0.004555464320370765,0.016000000000000014,1.755841394674208,0.03500000000000003
1404,3B00484043,248-2025-01-24,2025-01-24 12:43:12.168,0.0932078621326897,0.012285650036842309,0.067,0.008219213406346473,0.04999999999999999,0.004453446416348856,0.017000000000000015,1.8455848881830645,0.032999999999999974
1405,01103F97C4,249-2025-01-24,2025-01-24 12:43:55.167,0.1830689426539151,0.02246482984076694,0.05400000000000005,0.014003998760132854,0.03600000000000003,0.009244810538804634,0.018000000000000016,1.5147956468498478,0.018000000000000016
1406,3B004873F2,250-2025-01-24,2025-01-24 12:44:14.169,0.0974450136848188,0.014507091259580992,0.04600000000000004,0.006852600593429995,0.02200000000000002,0.0081403610343945,0.02400000000000002,0.8418054880461096,-0.0020000000000000018
1407,3B001857EE,251-2025-01-24,2025-01-24 12:44:49.169,0.1069375408356136,0.012646990530068961,0.04999999999999993,0.007797404693759641,0.03199999999999992,0.005296345850452425,0.018000000000000016,1.4722234751897048,0.013999999999999901
1408,01103F9A64,252-2025-01-24,2025-01-24 12:44:54.167,0.1759666147760053,0.03200489945068656,0.05300000000000016,0.016329595535535528,0.029000000000000137,0.01660310493327805,0.02400000000000002,0.9835266115078078,0.0050000000000001155
1409,3B00186448,257-2025-01-24,2025-01-24 12:46:06.169,0.1499705050319192,0.026209176584724814,0.07100000000000001,0.01862826952279102,0.05499999999999999,0.00836159378898058,0.016000000000000014,2.2278371794789287,0.03899999999999998
1410,01103F9A64,258-2025-01-24,2025-01-24 12:46:13.170,0.1752497386711856,0.034537569218422826,0.05600000000000005,0.015987646251868434,0.02800000000000047,0.019462263732243874,0.02799999999999958,0.8214689961980677,8.881784197001252e-16
1411,3B004B0F76,259-2025-01-24,2025-01-24 12:47:03.170,0.1469688858707359,0.025617288925041806,0.05800000000000005,0.01782267499696351,0.04299999999999993,0.008641417971117022,0.015000000000000124,2.062471119500737,0.027999999999999803
1412,01103F9A64,261-2025-01-24,2025-01-24 12:47:16.170,0.1759666147760053,0.0249287727823602,0.05199999999999999,0.01658615880066467,0.035999999999999976,0.009225681695542118,0.016000000000000014,1.797824740547808,0.019999999999999962
1413,3B001857EE,266-2025-01-24,2025-01-24 12:49:31.170,0.1069375408356136,0.006122700661380699,0.04400000000000004,0.003165386866494488,0.02300000000000002,0.0031641670918787514,0.02100000000000002,1.000385496271315,0.0020000000000000018
1414,3B0018A99B,270-2025-01-24,2025-01-24 12:54:55.175,0.0883273548306758,0.00412162057928804,0.043999999999999984,0.002627440955060755,0.02999999999999997,0.0016606246767492062,0.014000000000000012,1.5822003561961766,0.01599999999999996
1415,3B0019F652,272-2025-01-24,2025-01-24 12:55:24.175,0.0885024370460512,0.004081396074135461,0.040000000000000036,0.0021154187243043365,0.02100000000000013,0.0021243168599288592,0.018999999999999906,0.9958112954840359,0.002000000000000224
1416,3B001877B5,273-2025-01-24,2025-01-24 12:55:29.175,0.1756930881379383,0.024293414117498108,0.06299999999999994,0.015915782356974183,0.04399999999999993,0.009095867355411524,0.019000000000000017,1.7497817124064807,0.02499999999999991
1417,011016B2E1,277-2025-01-24,2025-01-24 12:56:48.176,0.1024468947720883,0.0017975461668214223,0.09999999999999987,0.0005598056115053077,0.04599999999999982,0.001298839281152934,0.05400000000000005,0.43100452814176354,-0.00800000000000023
1418,011016B2E1,278-2025-01-24,2025-01-24 12:57:03.176,0.0996107806005154,0.003338032018061721,0.09799999999999998,0.0011755841759878197,0.05500000000000005,0.0022518495314568835,0.04299999999999993,0.5220527213588955,0.012000000000000122
1419,3B001877B5,279-2025-01-24,2025-01-24 12:57:07.177,0.1706271519625064,0.024338567616726446,0.06999999999999984,0.01689290669620587,0.051999999999999824,0.008114353638781536,0.018000000000000016,2.0818548769514233,0.03399999999999981
1420,3B0019B8CC,280-2025-01-24,2025-01-24 12:57:17.178,0.157227223862959,0.023887298576731594,0.04600000000000004,0.013556584705871877,0.026000000000000023,0.011119035332031797,0.020000000000000018,1.2192230981421535,0.006000000000000005
1421,3B001816CC,281-2025-01-24,2025-01-24 12:57:27.177,0.1005748409386277,0.0110448353412886,0.056999999999999995,0.006608886276653511,0.03999999999999998,0.004877424191608337,0.017000000000000015,1.3549951812729708,0.022999999999999965
1422,3B001816CC,282-2025-01-24,2025-01-24 12:59:08.180,0.097313695997967,0.010404808364184613,0.07199999999999995,0.006617059501572669,0.05499999999999994,0.004140271286362763,0.017000000000000015,1.5982188228505598,0.03799999999999992
1423,3B00186448,284-2025-01-24,2025-01-24 12:59:20.177,0.1340369825047836,0.025737394796301678,0.07100000000000017,0.01731329159179977,0.05500000000000016,0.009294944938204621,0.016000000000000014,1.8626567136118986,0.039000000000000146
1424,011016B2E1,285-2025-01-24,2025-01-24 12:59:27.178,0.1012645600472899,0.004112623104285332,0.07299999999999951,0.002402259712816113,0.054999999999999716,0.0018662642034546378,0.017999999999999794,1.2872023737953582,0.03699999999999992
1425,3B00484043,287-2025-01-24,2025-01-24 13:00:00.177,0.0937204586219026,0.012874938281267529,0.06000000000000005,0.008090098199593,0.04200000000000004,0.005216869969071561,0.018000000000000016,1.5507571105961042,0.02400000000000002
1426,3B00186448,288-2025-01-24,2025-01-24 13:00:31.178,0.1499705050319192,0.0258623725429923,0.07000000000000006,0.018103203083153257,0.05400000000000005,0.008555787618320149,0.016000000000000014,2.1159014097532793,0.038000000000000034
1427,3B004873F2,289-2025-01-24,2025-01-24 13:02:34.181,0.0960306330500498,0.004504985402126736,0.052999999999999936,0.00306336746088709,0.038999999999999924,0.0016018452060162986,0.014000000000000012,1.9123991815073802,0.02499999999999991
1428,01103F9A64,292-2025-01-24,2025-01-24 13:03:47.181,0.1759666147760053,0.02780860312823288,0.06499999999999995,0.01618711545219557,0.04299999999999993,0.0125135730087327,0.02200000000000002,1.293564631052958,0.020999999999999908
1429,3B004CD4DE,293-2025-01-24,2025-01-24 13:04:45.182,0.0950729964794981,0.011990350406930377,0.05399999999999994,0.00757232443749908,0.03699999999999992,0.004834658079801007,0.017000000000000015,1.56625852594125,0.019999999999999907
1430,01103F97C4,295-2025-01-24,2025-01-24 13:06:27.178,0.1830689426539151,0.022665151290681754,0.04899999999999993,0.01436686856100361,0.030999999999999917,0.009109156327780598,0.018000000000000016,1.5771898125393164,0.0129999999999999
1431,01103F9A64,299-2025-01-24,2025-01-24 13:11:14.157,0.1759666147760054,0.028459416781765348,0.06099999999999994,0.01631556395114418,0.0389999999999997,0.013081007539526525,0.02200000000000024,1.247271198479466,0.01699999999999946
1432,01103F9A64,303-2025-01-24,2025-01-24 13:13:02.154,0.1759666147760054,0.026711454600398695,0.050999999999999934,0.016810107473887233,0.03400000000000003,0.010858435398634982,0.016999999999999904,1.5481150696904673,0.017000000000000126
1433,3B004CDB63,304-2025-01-24,2025-01-24 13:13:21.155,0.0942170413325287,0.012145007979965452,0.04699999999999993,0.00742976471266424,0.030000000000000027,0.0051621609854051505,0.016999999999999904,1.439274120599925,0.013000000000000123
1434,3B001877B5,305-2025-01-24,2025-01-24 13:13:49.154,0.1756930881379383,0.02370275875079081,0.06299999999999994,0.015765332359083853,0.04499999999999993,0.008693392165071059,0.018000000000000016,1.8134845477726116,0.026999999999999913
1435,3B004CD4DE,306-2025-01-24,2025-01-24 13:21:42.152,0.0950729964794981,0.012986611229588779,0.05499999999999994,0.008179376990286133,0.03699999999999992,0.005239001117620515,0.018000000000000016,1.5612474222950916,0.018999999999999906
1436,011016B2E1,307-2025-01-24,2025-01-24 13:22:22.154,0.0998675524919148,0.0035300841502173648,0.06199999999999983,0.0016006629263232762,0.03200000000000003,0.0020168645705650554,0.029999999999999805,0.7936392704220224,0.002000000000000224
1437,3B004CD4DE,308-2025-01-24,2025-01-24 13:23:52.155,0.095072996479498,0.003547507316017951,0.08100000000000002,0.0016839696863555887,0.05499999999999999,0.0019619405238612045,0.026000000000000023,0.8583184178496124,0.02899999999999997
1438,3B0019F652,309-2025-01-24,2025-01-24 13:24:02.152,0.0885024370460512,0.004143878975685002,0.03699999999999992,0.0025120269621196987,0.02299999999999991,0.001817685337054494,0.014000000000000012,1.3819922023414488,0.008999999999999897
1439,3B001816CC,310-2025-01-24,2025-01-24 13:24:43.153,0.1005748409386277,0.011155562880074877,0.067,0.007526664732016984,0.05099999999999999,0.003983557819321601,0.016000000000000014,1.8894327817987522,0.034999999999999976
1440,3B001877B5,311-2025-01-24,2025-01-24 13:24:46.153,0.1756930881379384,0.023098233727609177,0.064,0.01703386210615114,0.046999999999999986,0.006678012316759847,0.017000000000000015,2.5507383482059707,0.02999999999999997
1441,01103F97C4,314-2025-01-24,2025-01-24 13:27:52.154,0.1830689426539151,0.02530967492748977,0.05699999999999994,0.016780359897889955,0.040000000000000036,0.009334221883544006,0.016999999999999904,1.7977245567167521,0.02300000000000013
1442,011016B2E1,315-2025-01-24,2025-01-24 13:37:46.165,0.1014097522133409,0.0051172190759467065,0.05400000000000005,0.001989369980907479,0.02300000000000013,0.0033874528851147666,0.030999999999999917,0.5872760591443855,-0.007999999999999785
1443,3B00182A81,317-2025-01-24,2025-01-24 13:38:04.161,0.0970911891000736,0.004088466435368437,0.07299999999999995,0.0023335005245969974,0.04999999999999993,0.001875904783696983,0.02300000000000002,1.2439333514562487,0.026999999999999913
1444,3B00186448,318-2025-01-24,2025-01-24 13:38:18.162,0.1499705050319192,0.026641834084086328,0.07100000000000006,0.019235076627983724,0.05500000000000005,0.008167389217415081,0.016000000000000014,2.3551071359461284,0.039000000000000035
1445,3B00484043,320-2025-01-24,2025-01-24 13:38:24.162,0.0932078621326897,0.015581033715694604,0.05399999999999994,0.009593585658728945,0.03499999999999992,0.006508903732820086,0.019000000000000017,1.4739172758624242,0.015999999999999903
1446,3B001877B5,322-2025-01-24,2025-01-24 13:39:46.163,0.1756930881379384,0.022642754427146822,0.07000000000000006,0.016235882142967208,0.05499999999999994,0.00708521275822301,0.015000000000000124,2.291516528437914,0.039999999999999813
1447,3B00186448,324-2025-01-24,2025-01-24 13:40:09.163,0.1499705050319192,0.02613515125026229,0.07099999999999995,0.018801962175480767,0.05499999999999994,0.008063825973112913,0.016000000000000014,2.3316428502018582,0.038999999999999924
1448,3B0018A99B,325-2025-01-24,2025-01-24 13:40:12.163,0.0883273548306758,0.0034379247652530412,0.030000000000000027,0.0021335571279323395,0.019000000000000017,0.0014999041808672468,0.01100000000000001,1.4224622846898884,0.008000000000000007
1449,011016B2E1,326-2025-01-24,2025-01-24 13:40:19.162,0.1001248765013539,0.014928511653747374,0.050000000000000266,0.006715214711713185,0.02499999999999991,0.008692952740985303,0.025000000000000355,0.7724894994600014,-4.440892098500626e-16
1450,3B004CDB63,328-2025-01-24,2025-01-24 13:40:55.163,0.0917507597482029,0.011901906463338855,0.06600000000000006,0.0071412375810857055,0.049000000000000155,0.005234030324896211,0.016999999999999904,1.3643859774976206,0.03200000000000025
1451,3B0018F763,329-2025-01-24,2025-01-24 13:41:16.163,0.1094391649153988,0.006530487806625572,0.038000000000000034,0.003974420923339944,0.02300000000000013,0.0028216453055609084,0.014999999999999902,1.4085473165273967,0.00800000000000023
1452,3B001877B5,330-2025-01-24,2025-01-24 13:41:20.164,0.1756930881379383,0.023384890464254907,0.07099999999999995,0.016385034782167605,0.05499999999999999,0.007713628175712756,0.01599999999999996,2.124167046806556,0.039000000000000035
1453,3B0018F763,331-2025-01-24,2025-01-24 13:42:19.164,0.1002018489430774,0.012689181481351305,0.05599999999999983,0.00763004931388854,0.03799999999999981,0.005496150263613836,0.018000000000000016,1.3882534042785832,0.019999999999999796
1454,011016B2E1,332-2025-01-24,2025-01-24 13:42:37.164,0.1014097522133409,0.014981752121907181,0.05299999999999999,0.006748598874785262,0.02699999999999997,0.008705599781737247,0.026000000000000023,0.77520205890266,0.0009999999999999454
1455,3B0019F652,333-2025-01-24,2025-01-24 13:42:43.167,0.0885024370460512,0.01059362823138239,0.04600000000000004,0.006706510694283478,0.028999999999999915,0.004260919170386474,0.017000000000000126,1.5739586756054758,0.011999999999999789
1456,3B001877B5,334-2025-01-24,2025-01-24 13:42:47.164,0.1756930881379383,0.02548318559286628,0.07100000000000006,0.01756173031607968,0.05400000000000005,0.008654867377629476,0.017000000000000015,2.029116051098838,0.03700000000000003
1457,3B004CDB63,337-2025-01-24,2025-01-24 13:43:49.164,0.0933622100867007,0.01203753230881468,0.04299999999999993,0.00719469250959,0.026000000000000023,0.005312051123512167,0.016999999999999904,1.3544095006437151,0.009000000000000119
1458,3B0019F652,338-2025-01-24,2025-01-24 13:43:55.165,0.0885024370460512,0.004082615713631056,0.03400000000000025,0.0022758654399847662,0.019000000000000128,0.0020008830484294924,0.015000000000000124,1.1374305168765908,0.0040000000000000036
1459,3B0018F763,341-2025-01-24,2025-01-24 13:44:45.167,0.1094391649153988,0.006045710056644867,0.05700000000000016,0.0030796847493529352,0.03500000000000014,0.0031480586554522125,0.02200000000000002,0.9782806124082667,0.013000000000000123
1460,3B0019F652,342-2025-01-24,2025-01-24 13:45:11.169,0.0874891545311005,0.0039660386956937195,0.041999999999999815,0.0025394663958023264,0.029999999999999805,0.0016224296789811592,0.01200000000000001,1.565224322940789,0.017999999999999794
1461,3B004873F2,345-2025-01-24,2025-01-24 13:47:34.169,0.09474865407314,0.0037824670087681575,0.07200000000000006,0.0023785974497423025,0.05499999999999994,0.0015337975378212595,0.017000000000000126,1.5507897170842189,0.03799999999999981
1462,01103F9A64,346-2025-01-24,2025-01-24 13:48:06.168,0.1759666147760054,0.033358759067479364,0.05400000000000027,0.016969941050466016,0.02900000000000036,0.017284935686597894,0.02499999999999991,0.9817763489640222,0.004000000000000448
1463,3B00186448,347-2025-01-24,2025-01-24 13:48:13.169,0.1672044276787037,0.024099063723619484,0.07000000000000006,0.017942262190749556,0.05499999999999994,0.006820849363942518,0.015000000000000124,2.63050263000952,0.039999999999999813
1464,3B0019F652,348-2025-01-24,2025-01-24 13:48:20.168,0.0885024370460512,0.010804406647924208,0.08100000000000002,0.004220124447357792,0.05499999999999999,0.007060748413777327,0.026000000000000023,0.5976879786742223,0.02899999999999997
1465,3B004B0F76,349-2025-01-24,2025-01-24 13:48:24.169,0.1469688858707359,0.02752290331861518,0.064,0.016734089380038904,0.04299999999999998,0.011616615260527848,0.02100000000000002,1.4405305680476261,0.021999999999999964
1466,3B00186448,352-2025-01-24,2025-01-24 13:49:16.170,0.1499705050319192,0.025294867809975412,0.06700000000000006,0.018779143344076765,0.052000000000000046,0.007257649145262684,0.015000000000000013,2.5874967180432735,0.03700000000000003
1467,3B004CDB63,353-2025-01-24,2025-01-24 13:49:33.168,0.0938224784669022,0.010277732247360753,0.04699999999999993,0.00623870734217339,0.030999999999999917,0.004449872104661933,0.016000000000000014,1.4019970002367874,0.014999999999999902
1468,3B0019B8CC,355-2025-01-24,2025-01-24 13:49:51.170,0.157227223862959,0.025354139480229156,0.05099999999999999,0.014389170673973627,0.02999999999999997,0.011754460997636017,0.02100000000000002,1.224145511807601,0.008999999999999952
1469,3B00484043,356-2025-01-24,2025-01-24 13:50:27.169,0.0932078621326897,0.012695854539465064,0.06099999999999994,0.007790382799009212,0.038000000000000034,0.005282215236243653,0.02299999999999991,1.4748325182881405,0.015000000000000124
1470,3B00182A81,357-2025-01-24,2025-01-24 13:50:52.170,0.1189321598688551,0.003347130697590318,0.05299999999999999,0.0018596261971936543,0.032999999999999974,0.0016050903777946642,0.020000000000000018,1.1585803658911176,0.012999999999999956
1471,3B00186448,358-2025-01-24,2025-01-24 13:51:24.169,0.171424492359348,0.029241859415244518,0.08099999999999996,0.01373955130408647,0.05400000000000005,0.016302786070176094,0.026999999999999913,0.842773207287634,0.027000000000000135
1472,3B0018F763,361-2025-01-24,2025-01-24 13:52:20.172,0.1094391649153988,0.0068654569610523105,0.04299999999999993,0.004191145768920953,0.0259999999999998,0.002918504524264473,0.017000000000000126,1.4360593701588362,0.008999999999999675
1473,3B001857EE,362-2025-01-24,2025-01-24 13:53:57.174,0.0848727229504296,0.007270303788896364,0.04400000000000004,0.003912335154554378,0.02400000000000002,0.0036171665419665227,0.020000000000000018,1.0816021626771388,0.0040000000000000036
1474,3B001857EE,364-2025-01-24,2025-01-24 13:55:44.176,0.1069375408356136,0.004460315935984438,0.04700000000000004,0.0029285169134756275,0.03199999999999992,0.0016905552975879207,0.015000000000000124,1.7322810544286997,0.016999999999999793
1475,3B0019B8CC,365-2025-01-24,2025-01-24 13:57:29.174,0.157227223862959,0.027522309730690253,0.07800000000000007,0.014952909663451655,0.052000000000000046,0.013256198961649132,0.026000000000000023,1.127993756484132,0.026000000000000023
1476,3B00186448,366-2025-01-24,2025-01-24 13:57:49.175,0.1499705050319192,0.02606610140682546,0.07100000000000001,0.018335908366009207,0.05499999999999999,0.008546857860732763,0.016000000000000014,2.145339101782744,0.03899999999999998
1477,3B0019F652,372-2025-01-24,2025-01-24 14:37:46.162,0.0858414506918732,0.004629797098511402,0.04600000000000004,0.0025568724168565076,0.028999999999999915,0.0022616674056610063,0.017000000000000126,1.1305253860300575,0.011999999999999789
1478,3B004CD4DE,377-2025-01-24,2025-01-24 14:45:24.168,0.0950729964794981,0.01590520964473832,0.04799999999999993,0.007793526276944176,0.02400000000000002,0.008691322028782034,0.02399999999999991,0.8967020496001952,1.1102230246251565e-16
1479,01103F9A64,378-2025-01-24,2025-01-24 14:45:40.168,0.1759666147760054,0.028062066059537358,0.06000000000000005,0.01748736271541072,0.040000000000000036,0.011456243773398978,0.020000000000000018,1.5264482025090809,0.020000000000000018
1480,3B001857EE,379-2025-01-24,2025-01-24 14:46:11.170,0.1069375408356136,0.014210221180216984,0.04800000000000004,0.007945084801089007,0.028000000000000025,0.006740152891703838,0.020000000000000018,1.1787692250821593,0.008000000000000007
1481,01103F97C4,380-2025-01-24,2025-01-24 14:46:58.169,0.1830689426539151,0.025045533806558554,0.05499999999999994,0.0162745337242286,0.03799999999999981,0.00960322088443139,0.017000000000000126,1.694695344414357,0.020999999999999686
1482,01103F97C4,386-2025-01-24,2025-01-24 14:48:26.169,0.1830689426539151,0.024011222016837735,0.04600000000000004,0.014489802825202276,0.028000000000000025,0.010415638716561652,0.018000000000000016,1.3911583551916404,0.010000000000000009
1483,3B001857EE,387-2025-01-24,2025-01-24 14:48:41.169,0.1069375408356136,0.0029880808917567806,0.049000000000000044,0.002180777620924916,0.03700000000000003,0.0009084562985991929,0.01200000000000001,2.4005311254791204,0.025000000000000022
1484,3B00192E1E,388-2025-01-24,2025-01-24 14:48:51.170,0.1007525158752752,0.012898120688689112,0.05499999999999994,0.005818696247924328,0.027999999999999914,0.007469701758248103,0.027000000000000024,0.7789730348335899,0.0009999999999998899
1485,01103F9A64,391-2025-01-24,2025-01-24 14:59:12.177,0.1759666147760054,0.027635435705489927,0.07099999999999995,0.018488219976102626,0.05500000000000005,0.010093193606508755,0.015999999999999903,1.8317512471157005,0.039000000000000146
1486,3B00484043,392-2025-01-24,2025-01-24 14:59:25.177,0.0933196859962006,0.013589988020545332,0.052999999999999936,0.007981693579909204,0.03299999999999992,0.006046255593855304,0.020000000000000018,1.320105221489619,0.0129999999999999
1487,3B001816CC,393-2025-01-24,2025-01-24 14:59:51.177,0.1005748409386277,0.008879047398179097,0.069,0.006523229551518744,0.05499999999999999,0.0026265131806853495,0.014000000000000012,2.483608153763997,0.04099999999999998
1488,3B00484043,397-2025-01-24,2025-01-24 15:02:17.180,0.0932078621326897,0.012895612272858552,0.06099999999999994,0.008026072310905569,0.041999999999999926,0.0052813801040137555,0.019000000000000017,1.5196922305981908,0.02299999999999991
1489,3B004873F2,400-2025-01-24,2025-01-24 15:03:20.180,0.0974450136848188,0.01573984562040483,0.050000000000000044,0.006632606202125174,0.02300000000000013,0.009587701817728118,0.026999999999999913,0.6917826949792253,-0.0039999999999997815
1490,3B00185E23,404-2025-01-24,2025-01-24 15:05:39.180,0.1095793226193186,0.013933821554057953,0.05400000000000005,0.008271302328161595,0.03499999999999992,0.006120692787177531,0.019000000000000128,1.3513670128142121,0.015999999999999792
1491,01103F97C4,405-2025-01-24,2025-01-24 15:05:51.177,0.1830689426539151,0.02635193453508402,0.05500000000000016,0.01450430401983575,0.03200000000000003,0.01258253428999876,0.02300000000000013,1.1527331208121174,0.008999999999999897
1492,3B004CD4DE,406-2025-01-24,2025-01-24 15:05:56.175,0.095072996479498,0.014169316150251085,0.07900000000000001,0.006422858429160218,0.05499999999999999,0.008224237347752218,0.02400000000000002,0.7809670559806572,0.030999999999999972
1493,3B0018A99B,411-2025-01-24,2025-01-24 15:08:53.162,0.0883273548306758,0.012910637160370515,0.05899999999999994,0.008445292120750462,0.04299999999999993,0.004912458755215921,0.016000000000000014,1.7191578681008712,0.026999999999999913
1494,01103F97C4,413-2025-01-24,2025-01-24 15:09:15.160,0.1663848251224612,0.02709091111780291,0.05800000000000005,0.01696550264267553,0.039000000000000146,0.010995943889591044,0.018999999999999906,1.5428873421894576,0.02000000000000024
1495,3B0019B8CC,417-2025-01-24,2025-01-24 15:10:48.156,0.157227223862959,0.0292428866048556,0.07999999999999996,0.013817771408286312,0.051000000000000045,0.016168664631936246,0.028999999999999915,0.8546018934051942,0.02200000000000013
1496,011016B2E1,420-2025-01-24,2025-01-24 15:20:33.156,0.1014097522133409,0.000931003229135573,0.02200000000000002,0.0003919485152777201,0.008000000000000007,0.0006049592351592076,0.014000000000000012,0.6478924405122449,-0.006000000000000005
1497,3B004CD4DE,421-2025-01-24,2025-01-24 15:21:17.155,0.095072996479498,0.015531058056478395,0.04600000000000004,0.00668881563378745,0.020000000000000018,0.009350177347178133,0.026000000000000023,0.7153677823882264,-0.006000000000000005
1498,3B004873F2,422-2025-01-24,2025-01-24 15:21:23.155,0.0974450136848188,0.014722686418974831,0.051999999999999935,0.006847033124986069,0.026000000000000023,0.00832675785879873,0.025999999999999912,0.8222928108508567,1.1102230246251565e-16
1499,011016B2E1,423-2025-01-24,2025-01-24 15:21:34.155,0.1030081745584953,0.004517136771516624,0.04899999999999993,0.0027322908206113337,0.03100000000000014,0.0019529165989196299,0.017999999999999794,1.3990821841152152,0.013000000000000345
1500,3B0019B8CC,424-2025-01-24,2025-01-24 15:22:40.158,0.157227223862959,0.025215220441994937,0.04999999999999993,0.012101749630362492,0.02499999999999991,0.013858175954317724,0.025000000000000022,0.8732570339888064,-1.1102230246251565e-16
1501,01103F9A64,425-2025-01-24,2025-01-24 15:22:52.154,0.1759666147760054,0.03272738024325967,0.05499999999999994,0.01426217860413505,0.028000000000000025,0.019395691624417167,0.026999999999999913,0.7353271479208529,0.001000000000000112
1502,011016B2E1,427-2025-01-24,2025-01-24 15:23:17.155,0.1023233650038326,0.004729340148942264,0.05500000000000016,0.0029796711149116936,0.038000000000000256,0.0019162588171734501,0.016999999999999904,1.5549418941783733,0.02100000000000035
1503,01103F9A64,429-2025-01-24,2025-01-24 15:24:47.155,0.1759666147760054,0.02806722780046637,0.050999999999999934,0.017487457871016052,0.03299999999999992,0.01150814642574369,0.018000000000000016,1.5195720686953251,0.014999999999999902
1504,3B00484043,430-2025-01-24,2025-01-24 15:27:09.156,0.0932078621326897,0.01129778405021195,0.04800000000000004,0.0067599341268505565,0.029999999999999805,0.004926679120430726,0.018000000000000238,1.3721076533719034,0.011999999999999567
1505,3B00199DE5,431-2025-01-24,2025-01-24 15:27:16.155,0.1016935767340032,0.016441736223794464,0.04800000000000004,0.005941333001342677,0.018000000000000016,0.011012977854154088,0.030000000000000027,0.5394846952408616,-0.01200000000000001
1506,3B004CD4DE,434-2025-01-24,2025-01-24 15:28:10.156,0.0950729964794981,0.015453544617045876,0.04700000000000004,0.006401341684654751,0.020000000000000018,0.0095400502122794,0.027000000000000024,0.670996644903956,-0.007000000000000006
1507,01103F97C4,436-2025-01-24,2025-01-24 15:30:35.157,0.1830689426539151,0.02205223395611688,0.07199999999999995,0.013418118652102568,0.05499999999999994,0.009410605444115186,0.017000000000000015,1.4258507310487056,0.03799999999999992
1508,3B0019F652,437-2025-01-24,2025-01-24 15:33:44.158,0.0884640342904555,0.014370294486581826,0.07200000000000006,0.00661745657887502,0.04600000000000004,0.008194796964604196,0.026000000000000023,0.8075192841821236,0.020000000000000018
1509,3B0019F652,438-2025-01-24,2025-01-24 15:36:32.159,0.0885024370460512,0.005986710723564079,0.04800000000000004,0.003672868180261153,0.030999999999999917,0.002515533507752023,0.017000000000000126,1.4600752361050313,0.01399999999999979
1510,3B0019F652,439-2025-01-24,2025-01-24 15:39:08.163,0.090226824566624,0.013356670748913444,0.06400000000000006,0.0075554604029616085,0.04500000000000015,0.006276607111593064,0.018999999999999906,1.2037491384487755,0.026000000000000245
1511,3B0019F652,442-2025-01-24,2025-01-24 15:43:04.163,0.0885024370460512,0.0047634266288618604,0.040999999999999925,0.002683398764955007,0.02400000000000002,0.0022578091517078593,0.016999999999999904,1.188496717238134,0.007000000000000117
1512,3B0018F763,443-2025-01-24,2025-01-24 15:43:32.166,0.1094391649153988,0.006921218600935349,0.050000000000000044,0.0047532925911270875,0.03299999999999992,0.002368547041131275,0.017000000000000126,2.006839006607528,0.015999999999999792
1513,3B004CD4DE,445-2025-01-24,2025-01-24 15:56:15.794,0.0950729964794981,0.012932083296489736,0.07200000000000006,0.007718551522749257,0.05500000000000005,0.005719791478660418,0.017000000000000015,1.3494463131297492,0.038000000000000034
1514,3B0018F763,447-2025-01-24,2025-01-24 15:56:39.795,0.1094391649153988,0.005593387217367835,0.050999999999999934,0.0035405672213345393,0.03400000000000003,0.0022397967401502684,0.016999999999999904,1.5807538058551698,0.017000000000000126
1515,3B004CD4DE,448-2025-01-24,2025-01-24 15:58:44.795,0.095072996479498,0.015041776002501247,0.05299999999999999,0.005973737605232765,0.02300000000000002,0.009496662587844327,0.02999999999999997,0.6290354690372083,-0.006999999999999951
1516,3B004CDB63,449-2025-01-24,2025-01-24 15:58:51.795,0.0918532097116226,0.010766116042392991,0.061000000000000165,0.0069907136900660685,0.04500000000000015,0.0041706855543473444,0.016000000000000014,1.6761545791384937,0.029000000000000137
1517,3B001816CC,450-2025-01-24,2025-01-24 16:00:10.800,0.1005748409386277,0.011392988637725669,0.05400000000000005,0.007410730298960719,0.038000000000000034,0.0044045486954426396,0.016000000000000014,1.682517508917215,0.02200000000000002
1518,3B001816CC,452-2025-01-24,2025-01-24 16:01:47.797,0.1005748409386277,0.011583440211804482,0.05299999999999999,0.00758187470882008,0.03600000000000003,0.004393043971295773,0.01699999999999996,1.7258818164261918,0.019000000000000072
1519,3B004CDB63,453-2025-01-24,2025-01-24 16:05:21.799,0.0918532097116226,0.011571275887735181,0.051000000000000045,0.007221560684540778,0.03300000000000003,0.0047626549534060605,0.018000000000000016,1.5162888672789967,0.015000000000000013
1520,3B001857EE,454-2025-01-24,2025-01-24 16:19:45.782,0.1069375408356136,0.004371190019939847,0.04099999999999998,0.0026406109782481173,0.026000000000000023,0.0019083309709389785,0.014999999999999958,1.3837279897778039,0.011000000000000065
1521,3B004CD4DE,455-2025-01-24,2025-01-24 16:20:21.782,0.095072996479498,0.0056857532210743715,0.03499999999999992,0.0031325800647847746,0.019000000000000017,0.002809935321112084,0.015999999999999903,1.1148228364007318,0.0030000000000001137
1522,3B001857EE,456-2025-01-24,2025-01-24 16:22:54.782,0.0965931649835368,0.004679174494765628,0.04200000000000004,0.0030397220713751314,0.027000000000000135,0.0018050033790153249,0.014999999999999902,1.6840533966387237,0.012000000000000233
1523,3B001857EE,460-2025-01-24,2025-01-24 16:29:54.781,0.1069375408356136,0.00024285845698239999,0.014000000000000012,0.00016507872021173385,0.009000000000000008,0.00010431055836319278,0.0050000000000000044,1.5825696152153264,0.0040000000000000036
1524,3B004CD4DE,463-2025-01-24,2025-01-24 16:31:16.781,0.095072996479498,0.014327128309959615,0.052000000000000046,0.006976543608748038,0.028000000000000025,0.007791837497125588,0.02400000000000002,0.8953656453078863,0.0040000000000000036
1525,3B001857EE,464-2025-01-24,2025-01-24 16:31:36.781,0.1069375408356136,0.011601716092521593,0.055999999999999994,0.007260165195804142,0.03799999999999998,0.0047446118713449625,0.018000000000000016,1.5301915926256981,0.019999999999999962
1526,3B0019B8CC,465-2025-01-24,2025-01-24 16:32:06.782,0.1571071818045724,0.025399530310967675,0.05600000000000005,0.014658912510037226,0.03500000000000014,0.011476601917163421,0.020999999999999908,1.2772868324477313,0.014000000000000234
1527,3B004CD4DE,466-2025-01-24,2025-01-24 16:32:09.780,0.095072996479498,0.013282178296446914,0.06599999999999995,0.007434082414573056,0.04399999999999993,0.006247121299960423,0.02200000000000002,1.1900012914140394,0.02199999999999991
1528,3B001857EE,467-2025-01-24,2025-01-24 16:32:32.782,0.1069375408356136,0.014735250823732457,0.05899999999999972,0.006261459426587779,0.029999999999999805,0.008873083667061075,0.028999999999999915,0.7056689265572638,0.0009999999999998899
1529,3B004CD4DE,468-2025-01-24,2025-01-24 16:33:07.781,0.0979966012654917,0.014955606605960365,0.07499999999999996,0.007735233310513381,0.05400000000000005,0.007763733727681058,0.020999999999999908,0.996329032116846,0.03300000000000014
1530,3B0019B8CC,469-2025-01-24,2025-01-24 16:33:23.784,0.157227223862959,0.02284601610233851,0.05500000000000005,0.01345074366424757,0.03500000000000003,0.01015828805734181,0.020000000000000018,1.324115204089548,0.015000000000000013
1531,3B004CD4DE,472-2025-01-24,2025-01-24 16:40:43.785,0.0950729964794981,0.014802000532206098,0.07899999999999996,0.00724763891631835,0.05499999999999994,0.008017927006960229,0.02400000000000002,0.9039292712476424,0.030999999999999917
1532,3B001857EE,473-2025-01-24,2025-01-24 16:41:10.784,0.0867489200154994,0.005775695040775625,0.04299999999999993,0.003300698388331775,0.02499999999999991,0.002683002067822074,0.018000000000000016,1.230225808588778,0.006999999999999895
1533,3B004CD4DE,474-2025-01-24,2025-01-24 16:42:36.786,0.0950729964794981,0.004929461925707046,0.05199999999999999,0.0026133069944305194,0.031000000000000028,0.0024704923341568935,0.020999999999999963,1.0578081778676574,0.010000000000000064
1534,3B00192E1E,1-2025-01-30,2025-01-30 07:59:32.603,0.1007525158752752,0.011228131773035173,0.05499999999999994,0.004798364318761085,0.026999999999999913,0.0067519163738156435,0.028000000000000025,0.7106670244568555,-0.001000000000000112
1535,3B001816CC,2-2025-01-30,2025-01-30 07:59:41.602,0.0890337103336595,0.011611428785611352,0.07099999999999995,0.006986068998934814,0.05499999999999994,0.005110104797526099,0.016000000000000014,1.3671087532914992,0.038999999999999924
1536,3B00192E1E,3-2025-01-30,2025-01-30 08:01:10.603,0.1007525158752752,0.012188934722981075,0.04899999999999999,0.005363230063054312,0.02300000000000002,0.007218604674479025,0.025999999999999968,0.7429732344279377,-0.002999999999999947
1537,3B00190DF0,4-2025-01-30,2025-01-30 08:01:30.608,0.1631986275622963,0.02813241601054321,0.06899999999999995,0.0177490309457536,0.050999999999999934,0.011310850792682648,0.018000000000000016,1.5692038796264571,0.03299999999999992
1538,3B00190DF0,7-2025-01-30,2025-01-30 08:03:36.609,0.1687165362175089,0.02602949229367733,0.05400000000000005,0.01707612935135703,0.0369999999999997,0.009834789875157198,0.017000000000000348,1.7362983417156217,0.01999999999999935
1539,3B00190DF0,8-2025-01-30,2025-01-30 08:05:53.607,0.1906751993966664,0.022354479605114885,0.04899999999999993,0.014746569141411226,0.03400000000000003,0.008421313723290498,0.014999999999999902,1.7511007932915759,0.019000000000000128
1540,3B00190DF0,13-2025-01-30,2025-01-30 08:34:35.161,0.1906751993966664,0.024272628163890725,0.051999999999999935,0.015475874267163207,0.03599999999999992,0.009650662369719391,0.016000000000000014,1.6036074700656213,0.019999999999999907
1541,3B00190DF0,14-2025-01-30,2025-01-30 08:37:31.165,0.1906751993966664,0.023907110833632346,0.05099999999999999,0.014560585357581342,0.033999999999999975,0.0102159245056667,0.017000000000000015,1.4252831791684335,0.01699999999999996
1542,3B0018A99B,18-2025-01-30,2025-01-30 08:56:52.179,0.0883273548306758,0.0002876094535877024,0.013000000000000012,0.0001858232675557165,0.008000000000000007,0.0001340904142490201,0.0050000000000000044,1.3858057535016857,0.0030000000000000027
1543,3B00484043,21-2025-01-30,2025-01-30 09:11:03.189,0.0913809150547075,0.010639748781338004,0.06600000000000028,0.0072678310310582165,0.050000000000000266,0.0037053749043238866,0.016000000000000014,1.9614293340674431,0.03400000000000025
1544,3B00484043,22-2025-01-30,2025-01-30 09:25:20.136,0.0938208148313449,0.009174931154625652,0.05099999999999999,0.00595011706720043,0.03500000000000003,0.0035572257852451595,0.01599999999999996,1.6726846780096516,0.019000000000000072
1545,01101763D0,23-2025-01-30,2025-01-30 09:26:44.138,0.155886493745153,0.021725662192488157,0.07100000000000017,0.0147490681625789,0.052000000000000046,0.007594793729894524,0.019000000000000128,1.9419972005985915,0.03299999999999992
1546,3B004CDB63,25-2025-01-30,2025-01-30 09:32:14.142,0.1001657141423627,0.010188006102390922,0.040999999999999925,0.005852072595256091,0.02400000000000002,0.0047529068415923005,0.016999999999999904,1.2312617920564064,0.007000000000000117
1547,3B0019B8CC,26-2025-01-30,2025-01-30 09:36:07.144,0.157227223862959,0.02564044470892601,0.05400000000000005,0.010162443869918983,0.02400000000000002,0.016174388509645393,0.030000000000000027,0.6283046721586252,-0.006000000000000005
1548,3B004873F2,31-2025-01-30,2025-01-30 09:58:30.161,0.0974450136848188,0.005988981918865095,0.041000000000000036,0.003480119221342929,0.02400000000000002,0.0027405836564512965,0.017000000000000015,1.269846010046355,0.007000000000000006
1549,3B0019F652,32-2025-01-30,2025-01-30 10:03:29.163,0.0885024370460512,0.009497460337900629,0.05099999999999999,0.006216557561945163,0.034999999999999976,0.003614030258390051,0.016000000000000014,1.7201177404404093,0.01899999999999996
1550,3B004CDB63,33-2025-01-30,2025-01-30 10:04:35.165,0.1001657141423627,0.010029801274937905,0.052999999999999936,0.005904286557465855,0.03600000000000003,0.0045137293991321,0.016999999999999904,1.3080727787095814,0.019000000000000128
1551,3B0018A99B,34-2025-01-30,2025-01-30 10:04:48.165,0.091550743031425,0.0030908583869047254,0.043999999999999595,0.0021619910694708794,0.03200000000000003,0.0010441617885703493,0.011999999999999567,2.070551798712195,0.020000000000000462
1552,3B0019F652,35-2025-01-30,2025-01-30 10:04:53.164,0.0885024370460512,0.01054775760393435,0.05300000000000016,0.006650939109187769,0.037000000000000144,0.004293655734854534,0.016000000000000014,1.549015459063836,0.02100000000000013
1553,3B0018C6F9,36-2025-01-30,2025-01-30 10:05:51.166,0.0940380930727395,0.010878341382629459,0.04400000000000004,0.005962842398771843,0.025000000000000022,0.005349204257612458,0.019000000000000017,1.1147157804426922,0.006000000000000005
1554,3B004CDB63,37-2025-01-30,2025-01-30 10:06:09.166,0.0875982682332598,0.010646963230825526,0.04799999999999993,0.006173040487739875,0.029999999999999916,0.0048805926131956084,0.018000000000000016,1.2648137177132728,0.0119999999999999
1555,3B0019B8CC,38-2025-01-30,2025-01-30 10:07:59.165,0.157227223862959,0.02559724514998357,0.05600000000000005,0.011501695912457966,0.026999999999999913,0.014786062886292785,0.029000000000000137,0.7778741373486552,-0.002000000000000224
1556,3B0019F652,39-2025-01-30,2025-01-30 10:08:07.165,0.0885024370460512,0.0039008150278346584,0.03500000000000003,0.0023516692163323776,0.02100000000000002,0.0017270196635991288,0.014000000000000012,1.3616922064636323,0.007000000000000006
1557,3B0019F652,41-2025-01-30,2025-01-30 10:12:46.158,0.0834886886866683,0.011767908488015793,0.050999999999999934,0.00540497106837973,0.026999999999999913,0.006749438680641259,0.02400000000000002,0.8008030480938022,0.0029999999999998916
1558,011016B2E1,42-2025-01-30,2025-01-30 10:23:57.126,0.0943802428219512,0.015253792361922617,0.04999999999999982,0.006745990364611396,0.02400000000000002,0.009012413682600792,0.0259999999999998,0.7485220499404157,-0.0019999999999997797
1559,011016B2E1,43-2025-01-30,2025-01-30 10:25:26.126,0.1014097522133409,0.015412451752921118,0.04699999999999993,0.006589731778773174,0.020999999999999908,0.009335516525989481,0.026000000000000023,0.7058775762891942,-0.0050000000000001155
1560,011016B2E1,45-2025-01-30,2025-01-30 10:28:06.128,0.1014097522133409,0.00018903917281994353,0.010999999999999233,8.352495190255177e-05,0.0039999999999995595,0.00013059981347520236,0.006999999999999673,0.6395487840295505,-0.0030000000000001137
1561,011016B2E1,46-2025-01-30,2025-01-30 10:31:20.133,0.1014097522133409,0.0003509462978563337,0.01100000000000012,0.00022172362785345285,0.006000000000000227,0.00017583063476150478,0.004999999999999893,1.261006810071504,0.001000000000000334
1562,3B0019B8CC,47-2025-01-30,2025-01-30 10:48:26.144,0.157227223862959,0.026028641218365595,0.052999999999999936,0.010651835131973382,0.02400000000000002,0.01608200755493211,0.028999999999999915,0.6623448655641643,-0.004999999999999893
1563,3B004AB6A7,51-2025-01-30,2025-01-30 11:04:12.269,0.098951376525483,0.012445710198257968,0.05700000000000005,0.008148782153849711,0.041000000000000036,0.00472099983854348,0.016000000000000014,1.726071262981396,0.025000000000000022
1564,3B0019F652,54-2025-01-30,2025-01-30 11:05:38.269,0.0835631401964113,0.009858914010693519,0.050000000000000266,0.006790158979961946,0.03600000000000003,0.003432041237431343,0.014000000000000234,1.9784607789398045,0.021999999999999797
1565,3B004AB6A7,55-2025-01-30,2025-01-30 11:05:47.270,0.1010865170433355,0.017005875448952604,0.04699999999999993,0.006682761597487836,0.019000000000000128,0.010876994843248052,0.027999999999999803,0.6143941128772524,-0.008999999999999675
1566,3B0019F652,57-2025-01-30,2025-01-30 11:13:40.256,0.0885024370460512,0.010954697246139377,0.06600000000000006,0.0069267519104504035,0.050000000000000044,0.0044295033687318346,0.016000000000000014,1.56377619200988,0.03400000000000003
1567,3B004CDB63,59-2025-01-30,2025-01-30 11:38:26.245,0.1001657141423628,0.011534903104581166,0.055999999999999966,0.007081298636127108,0.038000000000000006,0.004865511669409609,0.01799999999999996,1.455406772662487,0.020000000000000046
1568,3B0019F652,60-2025-01-30,2025-01-30 11:40:59.246,0.0885024370460512,0.009579061314956588,0.07000000000000006,0.0063732730370320125,0.05400000000000005,0.003538384214712769,0.016000000000000014,1.8011817401094097,0.038000000000000034
1569,3B004CDB63,61-2025-01-30,2025-01-30 11:41:06.246,0.1001657141423627,0.011809699989178761,0.044999999999999984,0.006704956971762846,0.02699999999999997,0.005557121727568788,0.018000000000000016,1.2065521146495075,0.008999999999999952
1570,3B004873F2,64-2025-01-30,2025-01-30 11:47:28.249,0.0974450136848188,0.013952302263633335,0.04600000000000004,0.006149689807424043,0.02100000000000002,0.008242544722453542,0.025000000000000022,0.746091166563119,-0.0040000000000000036
1571,3B0019F652,66-2025-01-30,2025-01-30 11:49:30.251,0.0885024370460512,0.014408858412247231,0.052000000000000046,0.00562134406679517,0.02200000000000002,0.00920755217400159,0.030000000000000027,0.6105144951192975,-0.008000000000000007
1572,3B001857EE,70-2025-01-30,2025-01-30 12:03:12.262,0.1069375408356136,0.012926134678777639,0.07899999999999996,0.0051529723687075936,0.052999999999999936,0.008169401416506726,0.026000000000000023,0.6307649858281817,0.026999999999999913
1573,3B0019F652,72-2025-01-30,2025-01-30 12:06:11.263,0.0885024370460512,0.013539652366592173,0.07800000000000007,0.007287329760504525,0.05500000000000005,0.006655976875668096,0.02300000000000002,1.0948550297920103,0.03200000000000003
1574,3B004CDB63,73-2025-01-30,2025-01-30 12:14:55.252,0.0882193502919738,0.011849410532958644,0.05400000000000005,0.007038265824137994,0.03600000000000003,0.005250250452293989,0.018000000000000016,1.340558110149349,0.018000000000000016
1575,3B0018F763,75-2025-01-30,2025-01-30 12:31:41.653,0.0952179107055789,0.016982576706881712,0.04799999999999993,0.010495550298948712,0.030000000000000027,0.007058644708265123,0.017999999999999905,1.4869072935005838,0.012000000000000122
1576,3B0018F763,76-2025-01-30,2025-01-30 12:34:55.656,0.1094391649153988,0.014927821651343022,0.051000000000000045,0.010013776590305563,0.03500000000000003,0.00538618883317284,0.016000000000000014,1.8591580986971734,0.019000000000000017
1577,3B0019F652,80-2025-01-30,2025-01-30 12:37:37.657,0.0885024370460512,0.010385168583978739,0.04499999999999993,0.006050362125595268,0.026000000000000023,0.004688647686751593,0.018999999999999906,1.2904279719483687,0.007000000000000117
1578,3B004873F2,81-2025-01-30,2025-01-30 12:38:13.655,0.0915614886938245,0.014630449400647784,0.050999999999999934,0.006600497976745578,0.025000000000000022,0.008471579902056103,0.025999999999999912,0.7791342409629634,-0.0009999999999998899
1579,3B0018F763,82-2025-01-30,2025-01-30 12:38:34.657,0.1094391649153988,0.01412970102615956,0.07199999999999995,0.009204924747257008,0.05400000000000005,0.005385734868516591,0.017999999999999905,1.7091306891221603,0.03600000000000014
1580,3B0019F652,85-2025-01-30,2025-01-30 12:43:51.659,0.0866254243021469,0.013265682044147574,0.07899999999999996,0.005812634210957129,0.05499999999999994,0.007912581658053754,0.02400000000000002,0.7346065370511266,0.030999999999999917
1581,3B004873F2,86-2025-01-30,2025-01-30 12:45:15.660,0.0974450136848188,0.014741341671411218,0.05099999999999999,0.007019306452907788,0.025999999999999968,0.008178860392874198,0.025000000000000022,0.8582254881160868,0.0009999999999999454
1582,3B0019F652,88-2025-01-30,2025-01-30 12:47:31.663,0.0885024370460512,0.010242526831504823,0.059,0.006894051373075021,0.04299999999999998,0.003695965019704395,0.016000000000000014,1.8652912937001798,0.02699999999999997
1583,3B0018F763,90-2025-01-30,2025-01-30 12:48:39.663,0.101496143644644,0.015267479886181478,0.053999999999999826,0.008851680615913583,0.03299999999999992,0.006908213165717705,0.020999999999999908,1.2813270817757065,0.01200000000000001
1584,3B0018F763,91-2025-01-30,2025-01-30 12:49:32.663,0.1094391649153988,0.01247893693251935,0.052000000000000046,0.007623548712995081,0.03400000000000003,0.005296852376855735,0.018000000000000016,1.439260181443927,0.016000000000000014
1585,3B001857EE,93-2025-01-30,2025-01-30 12:56:28.667,0.1069375408356136,0.005670409121494257,0.04500000000000004,0.003469569080704781,0.027999999999999914,0.0023991182740339015,0.017000000000000126,1.4461850915215668,0.010999999999999788
1586,3B001857EE,96-2025-01-30,2025-01-30 13:11:44.676,0.1069375408356136,0.01410813646642158,0.08400000000000002,0.0053341902734494314,0.05499999999999999,0.00917818871890541,0.029000000000000026,0.5811811498778581,0.025999999999999968
1587,3B001857EE,98-2025-01-30,2025-01-30 13:15:38.661,0.1069375408356136,0.0059970599229150195,0.04299999999999998,0.003770685223327467,0.02799999999999997,0.0024625824122696664,0.015000000000000013,1.5311914860352525,0.012999999999999956
1588,3B004AB6A7,99-2025-01-30,2025-01-30 13:29:58.651,0.1002479782896697,0.008893747358678847,0.05800000000000005,0.00680020966095524,0.04499999999999993,0.002353531767882411,0.013000000000000123,2.889363871673474,0.031999999999999806
1589,3B004873F2,103-2025-01-30,2025-01-30 13:42:24.658,0.0974450136848188,0.014640301736404033,0.04899999999999993,0.006734547506348713,0.02399999999999991,0.008359120295401099,0.025000000000000022,0.8056526606099723,-0.001000000000000112
1590,3B004873F2,105-2025-01-30,2025-01-30 13:45:36.659,0.0974450136848188,0.013488065824198833,0.05099999999999999,0.007045655845127922,0.028000000000000025,0.006860343367201173,0.022999999999999965,1.0270121286950031,0.00500000000000006
1591,3B0018F763,106-2025-01-30,2025-01-30 13:46:41.662,0.1094391649153988,0.015354553047490156,0.06399999999999995,0.008915188800550285,0.04399999999999993,0.006926459599461231,0.020000000000000018,1.2871205949492213,0.02399999999999991
1592,3B004CDB63,109-2025-01-30,2025-01-30 13:53:37.666,0.1001657141423628,0.011663117271193308,0.04600000000000004,0.006851039750007996,0.028000000000000025,0.005259985394543893,0.018000000000000016,1.30248265653256,0.010000000000000009
1593,3B004CDB63,110-2025-01-30,2025-01-30 13:55:58.668,0.1001657141423627,0.011042003542476937,0.045999999999999985,0.006818894837413686,0.02999999999999997,0.0046634856126814015,0.016000000000000014,1.4621884581076197,0.013999999999999957
1594,3B0018F763,112-2025-01-30,2025-01-30 14:16:11.658,0.1094391649153988,0.014162591205202866,0.049000000000000044,0.008754775946434777,0.031000000000000028,0.0058926712112160095,0.018000000000000016,1.4857058255296998,0.013000000000000012
1595,3B0018F763,115-2025-01-30,2025-01-30 14:23:16.648,0.1094391649153988,0.013662533605477502,0.049000000000000044,0.008094227027427023,0.030000000000000027,0.006034635768721128,0.019000000000000017,1.3412950404366106,0.01100000000000001
1596,3B004873F2,117-2025-01-30,2025-01-30 14:25:41.647,0.0974450136848188,0.015485573690928343,0.07800000000000007,0.00909936358279375,0.05500000000000005,0.006807805199439677,0.02300000000000002,1.3366075139081068,0.03200000000000003
1597,3B004CDB63,119-2025-01-30,2025-01-30 14:49:18.658,0.093934468386301,0.010125485181493615,0.054999999999999716,0.006073858985175354,0.0389999999999997,0.00446194892843976,0.016000000000000014,1.3612569490568422,0.022999999999999687
1598,3B004873F2,120-2025-01-30,2025-01-30 14:59:11.667,0.0974450136848188,0.009495619255141976,0.05899999999999994,0.007737582128704319,0.04700000000000004,0.001982799447966606,0.0119999999999999,3.902352371864607,0.03500000000000014
1599,3B004873F2,121-2025-01-30,2025-01-30 15:00:55.666,0.0974450136848188,0.015624742661901447,0.07800000000000001,0.007700883329465195,0.052000000000000046,0.008357884637233389,0.025999999999999968,0.9213914361965071,0.02600000000000008
1600,3B0018F763,122-2025-01-30,2025-01-30 15:06:42.670,0.1094391649153988,0.015741356732391725,0.06399999999999995,0.010126166996101577,0.04599999999999993,0.006112806811498381,0.018000000000000016,1.6565494883715186,0.027999999999999914
1601,3B0018F763,124-2025-01-30,2025-01-30 15:13:30.664,0.1094391649153988,0.01624211410628836,0.05399999999999994,0.009728045134723563,0.03300000000000003,0.006990908525368738,0.020999999999999908,1.3915280252090632,0.012000000000000122
1602,3B004873F2,127-2025-01-30,2025-01-30 15:30:02.648,0.0974450136848188,0.015210987493631397,0.046999999999999986,0.006472884602640351,0.019999999999999962,0.009218044803421593,0.027000000000000024,0.7021971297251363,-0.007000000000000062
1603,3B004873F2,128-2025-01-30,2025-01-30 15:39:13.649,0.0974450136848188,0.016139342667303304,0.051999999999999824,0.006944787462179234,0.0239999999999998,0.009677562391845872,0.028000000000000025,0.7176174310207267,-0.004000000000000226
1604,3B004873F2,129-2025-01-30,2025-01-30 15:41:26.651,0.0970079023096443,0.013023211399677626,0.08099999999999996,0.004618814696543523,0.052000000000000046,0.008776265171290546,0.028999999999999915,0.526284769932986,0.02300000000000013
1605,3B0019B8CC,132-2025-01-30,2025-01-30 16:02:30.662,0.157227223862959,0.025810723779083222,0.05400000000000027,0.014809198930952533,0.03200000000000003,0.011735105623588399,0.02200000000000024,1.2619570207519042,0.009999999999999787
1606,3B0019B8CC,133-2025-01-30,2025-01-30 16:03:27.663,0.1663664111521794,0.027575523774551497,0.05600000000000005,0.01139837693791447,0.0259999999999998,0.016912675724155214,0.03000000000000025,0.6739546789533102,-0.004000000000000448
1607,3B00484043,134-2025-01-30,2025-01-30 16:06:32.664,0.0938208148313449,0.012280501059581292,0.07,0.008600530872609142,0.05399999999999999,0.004039379861607753,0.016000000000000014,2.1291711023151856,0.03799999999999998
1608,3B00484043,135-2025-01-30,2025-01-30 16:09:57.666,0.0938208148313449,0.011774090789782449,0.07199999999999995,0.007765938575612277,0.05500000000000005,0.004383556790780185,0.016999999999999904,1.7716066989131207,0.038000000000000145
1609,3B0019B8CC,136-2025-01-30,2025-01-30 16:10:02.666,0.1662768873689161,0.02673722951307751,0.05499999999999994,0.012013225580025167,0.026999999999999913,0.015437858000620917,0.028000000000000025,0.7781666070216471,-0.001000000000000112
1610,3B0019B8CC,137-2025-01-30,2025-01-30 16:11:19.667,0.1627246152146042,0.026942398436558997,0.054999999999999716,0.012222283580083176,0.027000000000000135,0.015456198822520332,0.02799999999999958,0.7907690448621038,-0.0009999999999994458
1611,3B00484043,138-2025-01-30,2025-01-30 16:12:21.668,0.0938208148313449,0.011510977317982117,0.07100000000000006,0.008190947348475308,0.05500000000000005,0.0036622495654855948,0.016000000000000014,2.2365890696444746,0.039000000000000035
1612,3B0019B8CC,139-2025-01-30,2025-01-30 16:12:46.665,0.1640575073468027,0.024013422850506196,0.054999999999999716,0.013978737847046434,0.03299999999999992,0.01074119249999123,0.021999999999999797,1.301413958185541,0.01100000000000012
1613,3B0018F763,140-2025-01-30,2025-01-30 16:15:43.661,0.1094391649153988,0.014898898466086139,0.05199999999999999,0.008037989567541594,0.02899999999999997,0.007330039555600359,0.02300000000000002,1.0965820179510957,0.00599999999999995
1614,3B0018F763,142-2025-01-30,2025-01-30 16:22:17.657,0.1064745729156054,0.00682532909517853,0.039999999999999925,0.003996569147371062,0.02300000000000002,0.003091137424619758,0.016999999999999904,1.2929121544515871,0.006000000000000116
1615,3B0018F763,143-2025-01-30,2025-01-30 16:22:56.651,0.1061718129569338,0.01597697393711795,0.04999999999999982,0.00859393262446165,0.028000000000000025,0.00791041018547114,0.021999999999999797,1.0864079640580357,0.006000000000000227
1616,3B0018F763,146-2025-01-30,2025-01-30 16:24:11.652,0.1054766157250653,0.01450038641489221,0.07199999999999984,0.009026402676176552,0.051999999999999824,0.005919516413981575,0.020000000000000018,1.5248547423327825,0.031999999999999806
1617,3B0018F763,147-2025-01-30,2025-01-30 16:25:16.652,0.1094391649153988,0.013924639881311915,0.05499999999999994,0.007353030793033745,0.03200000000000003,0.007036545391889092,0.02299999999999991,1.044977383576529,0.009000000000000119
1618,3B0018F763,149-2025-01-30,2025-01-30 16:31:33.648,0.1094391649153988,0.014633398634254221,0.04799999999999993,0.008971493660611752,0.030000000000000027,0.006162344240908493,0.017999999999999905,1.4558572695525227,0.012000000000000122
1619,3B00484043,150-2025-01-30,2025-01-30 16:33:03.649,0.0938208148313449,0.0117221515981368,0.05300000000000005,0.007429848248514269,0.03500000000000003,0.004679588924753143,0.018000000000000016,1.5877138714499814,0.017000000000000015
1620,3B0018F763,153-2025-01-30,2025-01-30 16:34:44.651,0.1094391649153988,0.013467565942283155,0.04899999999999993,0.008498932284226537,0.03199999999999992,0.00542942220809682,0.017000000000000015,1.5653474639625926,0.014999999999999902
1621,3B0019B8CC,154-2025-01-30,2025-01-30 16:35:02.648,0.157227223862959,0.026731611169745925,0.052000000000000046,0.011412808836062696,0.02400000000000002,0.016070793742678745,0.028000000000000025,0.7101583791567201,-0.0040000000000000036
1622,3B004C0894,1-2025-02-06,2025-02-06 07:44:07.534,0.1014213919746171,0.010872473080733866,0.050999999999999934,0.006199626669789971,0.030000000000000027,0.005022212124044796,0.020999999999999908,1.2344414207651802,0.009000000000000119
1623,3B0019B8CC,2-2025-02-06,2025-02-06 07:46:20.537,0.1540612059399422,0.025708450410625774,0.05499999999999994,0.009815161499784862,0.02400000000000002,0.01657247617560023,0.030999999999999917,0.5922567874459093,-0.006999999999999895
1624,3B004C0894,3-2025-02-06,2025-02-06 07:46:41.535,0.0945136584412913,0.01047226698464536,0.07100000000000017,0.006734356702991563,0.04800000000000004,0.004020227045394999,0.02300000000000013,1.675118501256163,0.02499999999999991
1625,3B004CDB63,4-2025-02-06,2025-02-06 08:01:43.550,0.0918532097116226,0.01029200989412632,0.05399999999999999,0.005771242564421236,0.030999999999999972,0.004887219676333155,0.02300000000000002,1.1808846228805816,0.007999999999999952
1626,3B00192E1E,5-2025-02-06,2025-02-06 08:02:32.550,0.1049138643041158,0.011596433094876854,0.04699999999999993,0.004753761137307078,0.02100000000000013,0.0072072703964671195,0.0259999999999998,0.6595785749397289,-0.004999999999999671
1627,01101763D0,6-2025-02-06,2025-02-06 08:10:48.558,0.134210261998243,0.023188346101289517,0.07299999999999995,0.016524925114195448,0.05500000000000005,0.007289635612328117,0.017999999999999905,2.2669068788910045,0.037000000000000144
1628,3B004CDB63,7-2025-02-06,2025-02-06 08:28:21.496,0.0918532097116226,0.011082585696084276,0.04600000000000004,0.006464353621195677,0.028000000000000025,0.005037102606371569,0.018000000000000016,1.2833476159526191,0.010000000000000009
1629,3B004CDB63,8-2025-02-06,2025-02-06 08:30:33.497,0.0918532097116226,0.01128655117297033,0.046999999999999986,0.006387581052077559,0.02799999999999997,0.005322535747524747,0.019000000000000017,1.2001011087709674,0.008999999999999952
1630,3B004CEFFE,9-2025-02-06,2025-02-06 08:45:10.509,0.0940569293366078,0.012559504099123603,0.05700000000000005,0.00782175036113352,0.039000000000000035,0.005182171551531126,0.018000000000000016,1.5093576666373585,0.02100000000000002
1631,3B004CEFFE,10-2025-02-06,2025-02-06 08:46:06.510,0.1020544328593473,0.013167765343123314,0.05600000000000005,0.006537747849231201,0.03100000000000014,0.007008903190563563,0.02499999999999991,0.9327775932236156,0.006000000000000227
1632,3B0049A710,12-2025-02-06,2025-02-06 08:48:04.510,0.0961196086202998,2.1049292164835724e-06,0.0030000000000000027,1.1245211660354942e-06,0.0010000000000000009,1.7212869082598726e-06,0.0020000000000000018,0.6533025729988988,-0.0010000000000000009
1633,3B0018A99B,14-2025-02-06,2025-02-06 08:48:32.510,0.0957532417517765,0.004308508767413261,0.037000000000000144,0.0026703327145446484,0.02300000000000013,0.0018163534124631079,0.014000000000000012,1.4701614213521819,0.009000000000000119
1634,3B00192E1E,16-2025-02-06,2025-02-06 08:50:00.514,0.1049138643041158,0.011909037447927229,0.05300000000000005,0.005324415447637519,0.027000000000000024,0.0069417787063405685,0.026000000000000023,0.7670102538380024,0.0010000000000000009
1635,3B004CEFFE,17-2025-02-06,2025-02-06 08:50:17.512,0.0959541332413888,0.012628227628170166,0.07899999999999996,0.0054855792453131986,0.05499999999999994,0.007582830375280341,0.02400000000000002,0.7234210675733853,0.030999999999999917
1636,3B0018A99B,18-2025-02-06,2025-02-06 08:50:29.513,0.0957532417517765,0.004798380173903577,0.039999999999999813,0.0032073560256019778,0.026999999999999913,0.0017963575323602413,0.0129999999999999,1.7854775387546709,0.014000000000000012
1637,3B00192E1E,19-2025-02-06,2025-02-06 08:51:07.514,0.0982175938275838,0.012127445528482042,0.062000000000000055,0.005872201922597966,0.03600000000000003,0.006604942037716116,0.026000000000000023,0.8890618402199455,0.010000000000000009
1638,3B001905E9,20-2025-02-06,2025-02-06 08:51:12.514,0.1663425377801035,0.021339508629571124,0.05900000000000016,0.015016215840042172,0.04499999999999993,0.007076462140202336,0.014000000000000234,2.1219947966276855,0.030999999999999694
1639,3B0049A710,25-2025-02-06,2025-02-06 08:53:58.517,0.0946615307055298,0.011477928007015461,0.052999999999999936,0.0066350925919314435,0.03399999999999981,0.0052548584279734235,0.019000000000000128,1.2626586772748354,0.01499999999999968
1640,3B001905E9,26-2025-02-06,2025-02-06 08:54:39.516,0.1677626719951774,0.025386091405932506,0.06500000000000017,0.018212949557438244,0.049000000000000155,0.007922797534256605,0.016000000000000014,2.298802850721486,0.03300000000000014
1641,3B00484043,27-2025-02-06,2025-02-06 08:55:51.516,0.0938208148313449,0.011036542302453425,0.04799999999999999,0.006177828008248463,0.02799999999999997,0.005226938933030031,0.020000000000000018,1.181920831178949,0.007999999999999952
1642,3B001905E9,28-2025-02-06,2025-02-06 08:56:21.517,0.1677626719951774,0.0007368757030479901,0.029999999999999805,0.000608447799296831,0.02499999999999991,0.00016446797998851672,0.004999999999999893,3.699490924247463,0.020000000000000018
1643,3B0019B8CC,30-2025-02-06,2025-02-06 09:00:05.521,0.1540612059399421,0.024159540396039115,0.04800000000000004,0.010473072411619589,0.02200000000000002,0.014422343887830587,0.026000000000000023,0.7261699272374618,-0.0040000000000000036
1644,3B001905E9,31-2025-02-06,2025-02-06 09:00:14.521,0.1687132238257404,0.021697753510529612,0.062000000000000055,0.0152609921521118,0.04699999999999993,0.007102365845205242,0.015000000000000124,2.148719523145149,0.031999999999999806
1645,3B001905E9,33-2025-02-06,2025-02-06 09:15:26.483,0.1682322543796882,0.02234280344143048,0.0600000000000005,0.015291458687894636,0.04499999999999993,0.0077887206039027575,0.015000000000000568,1.963282478027575,0.02999999999999936
1646,3B004CDB63,35-2025-02-06,2025-02-06 09:18:17.467,0.0918532097116226,0.011323389994739669,0.05400000000000005,0.00635969517585968,0.03600000000000003,0.0054062328135038905,0.018000000000000016,1.1763635409807354,0.018000000000000016
1647,3B001905E9,36-2025-02-06,2025-02-06 09:19:45.469,0.1677626719951774,0.018981209554272675,0.05899999999999972,0.013323918534017484,0.04599999999999982,0.006363535583230678,0.0129999999999999,2.093791785989058,0.03299999999999992
1648,3B004CDB63,37-2025-02-06,2025-02-06 09:20:34.470,0.0918532097116226,0.01164612745070691,0.05599999999999994,0.006986152079781761,0.03799999999999992,0.005099063115663818,0.018000000000000016,1.3700854296784428,0.019999999999999907
1649,3B004CDB63,39-2025-02-06,2025-02-06 09:23:11.469,0.093913772012771,0.010989689673450874,0.040999999999999925,0.006288905675741592,0.02400000000000002,0.005147807466915067,0.016999999999999904,1.2216668389718064,0.007000000000000117
1650,3B004CDB63,40-2025-02-06,2025-02-06 09:23:54.471,0.0918532097116226,0.010792634355856439,0.041000000000000036,0.006508225350833195,0.025000000000000022,0.0047077221615788025,0.016000000000000014,1.3824574024246512,0.009000000000000008
1651,3B0018A99B,41-2025-02-06,2025-02-06 09:26:56.472,0.0957532417517765,0.0044194163903074945,0.03699999999999992,0.0026511532233548106,0.02299999999999991,0.001970277143629601,0.014000000000000012,1.3455737594716826,0.008999999999999897
1652,3B0019F652,45-2025-02-06,2025-02-06 09:35:42.479,0.0885024370460512,0.0056752900204307625,0.040000000000000036,0.003029876644054524,0.02200000000000002,0.002865774496655126,0.018000000000000016,1.0572627565745087,0.0040000000000000036
1653,3B00484043,46-2025-02-06,2025-02-06 09:40:21.481,0.0904248251902776,0.011720314415357367,0.052999999999999936,0.006995114952946271,0.03499999999999992,0.005138900502082176,0.018000000000000016,1.3612084822642498,0.016999999999999904
1654,3B00192E1E,48-2025-02-06,2025-02-06 09:42:12.481,0.1049138643041157,0.0039610497705438235,0.03499999999999992,0.0022866086293421334,0.020000000000000018,0.0018555260022801712,0.014999999999999902,1.2323236788556045,0.0050000000000001155
1655,01103FD532,50-2025-02-06,2025-02-06 09:42:43.482,0.16529051621313,0.028119593630492646,0.052999999999999936,0.012340222356612814,0.02499999999999991,0.016596753831135982,0.028000000000000025,0.7435322884323443,-0.0030000000000001137
1656,3B00192E1E,51-2025-02-06,2025-02-06 09:42:56.483,0.0973414960981648,0.0034381635122148553,0.03200000000000047,0.0019835154089683418,0.018000000000000238,0.00162632259960223,0.014000000000000234,1.219632199327166,0.0040000000000000036
1657,3B00192E1E,54-2025-02-06,2025-02-06 09:43:54.482,0.1049138643041157,0.011930763484665648,0.067,0.006268481672591665,0.04400000000000004,0.006029960516430656,0.022999999999999965,1.0395560062974007,0.021000000000000074
1658,01103FD532,55-2025-02-06,2025-02-06 09:44:23.483,0.1642542613904343,0.02770384924709776,0.05599999999999983,0.01286538304755564,0.028999999999999915,0.015607979925492845,0.026999999999999913,0.82428239329949,0.0020000000000000018
1659,3B0018C2F6,56-2025-02-06,2025-02-06 09:52:03.489,0.1500125646148875,0.027723907612059718,0.04899999999999993,0.016545542090693866,0.028999999999999915,0.012023609580186802,0.020000000000000018,1.3760877696792952,0.008999999999999897
1660,3B0019B8CC,57-2025-02-06,2025-02-06 09:52:20.489,0.1540612059399421,0.025122603457362794,0.08199999999999996,0.011227271286223068,0.05499999999999994,0.014615460132101828,0.027000000000000024,0.7681777504604975,0.027999999999999914
1661,3B0018C2F6,58-2025-02-06,2025-02-06 09:53:11.491,0.1500125646148875,0.025690097059352008,0.05600000000000005,0.01009972637298218,0.02100000000000002,0.016316539629441375,0.03500000000000003,0.6189870280312592,-0.014000000000000012
1662,3B0019B8CC,59-2025-02-06,2025-02-06 09:54:08.489,0.1540612059399421,0.025946648397403328,0.05499999999999999,0.011762318697041174,0.027000000000000024,0.014895649913077767,0.02799999999999997,0.7896479016141714,-0.0009999999999999454
1663,3B0018A99B,63-2025-02-06,2025-02-06 10:00:00.494,0.0957532417517765,0.00415935854859254,0.03600000000000003,0.002547663798555824,0.02200000000000002,0.0017938404044817505,0.014000000000000012,1.420228796380499,0.008000000000000007
1664,011016B2E1,66-2025-02-06,2025-02-06 10:04:07.497,0.1014097522133409,8.076079581801417e-05,0.005000000000000782,4.054819779004448e-05,0.002000000000000668,5.8628149091785374e-05,0.0030000000000001137,0.6916165428754061,-0.0009999999999994458
1665,3B0018C2F6,67-2025-02-06,2025-02-06 10:04:57.496,0.1500125646148875,0.021731482315125016,0.08200000000000007,0.008850197981119464,0.05499999999999994,0.013748316084852394,0.027000000000000135,0.6437295976101703,0.027999999999999803
1666,011016B2E1,70-2025-02-06,2025-02-06 10:06:04.498,0.1014097522133409,0.0002813146618797394,0.008999999999999453,0.00018946944813551437,0.004999999999999893,0.00013835741646790305,0.0039999999999995595,1.369420252072057,0.001000000000000334
1667,011016B2E1,71-2025-02-06,2025-02-06 10:06:38.496,0.0939177780900766,0.01463841086160685,0.04700000000000015,0.0063528511970251875,0.021999999999999797,0.008789526209965197,0.025000000000000355,0.7227751582130321,-0.0030000000000005578
1668,011016B2E1,73-2025-02-06,2025-02-06 10:08:53.498,0.1014097522133409,-0.0003906572878262062,0.02999999999999936,-0.0004729042432226832,0.024999999999999467,0.00010972738595027597,0.004999999999999893,-4.309810528403405,0.019999999999999574
1669,01103F88A1,75-2025-02-06,2025-02-06 10:09:53.498,0.1192401311160238,0.013005560279445159,0.04699999999999993,0.005000906561452847,0.018999999999999906,0.00843678963706051,0.028000000000000025,0.5927499412199674,-0.009000000000000119
1670,3B0018C2F6,76-2025-02-06,2025-02-06 10:10:21.498,0.1500125646148876,0.02318820167906781,0.051999999999999824,0.014661773494433383,0.03499999999999992,0.00938493388377288,0.016999999999999904,1.5622671055556907,0.018000000000000016
1671,3B004C4B80,78-2025-02-06,2025-02-06 10:13:09.484,0.1007843212103876,0.010792046922122923,0.05899999999999994,0.004615932526027483,0.025000000000000133,0.006549404995733878,0.03399999999999981,0.7047865461113167,-0.008999999999999675
1672,3B0018C6F9,79-2025-02-06,2025-02-06 10:13:14.482,0.0940380930727395,0.005184078692478661,0.03699999999999992,0.003099390841262805,0.02200000000000002,0.0023104408438612356,0.014999999999999902,1.3414716284547095,0.007000000000000117
1673,3B0018C2F6,81-2025-02-06,2025-02-06 10:14:21.470,0.1520107980242603,0.024654184095359657,0.052000000000000046,0.014764072429481459,0.03299999999999992,0.010780842826339367,0.019000000000000128,1.3694729315049847,0.01399999999999979
1674,3B0018C2F6,83-2025-02-06,2025-02-06 10:15:41.454,0.1515552931924922,0.022525685554651786,0.053999999999999826,0.014902745243715454,0.03799999999999981,0.008448154449457778,0.016000000000000014,1.7640237678978452,0.021999999999999797
1675,3B004ACEEA,87-2025-02-06,2025-02-06 10:17:18.444,0.0932909608222865,0.012171676758249733,0.04800000000000004,0.008153343163487658,0.03300000000000003,0.004472735901499879,0.015000000000000013,1.8228984100656447,0.018000000000000016
1676,3B00192E1E,88-2025-02-06,2025-02-06 10:17:22.444,0.0973115263627444,0.0035475049692259317,0.07800000000000007,0.0021516242208565457,0.05499999999999994,0.001503807365995579,0.02300000000000013,1.4307844671528702,0.031999999999999806
1677,3B0019B8CC,89-2025-02-06,2025-02-06 10:17:32.445,0.1540612059399421,0.024206701421419615,0.07699999999999996,0.013790486965911192,0.05400000000000005,0.011079119251388618,0.02299999999999991,1.2447277308783133,0.03100000000000014
1678,3B0019B8CC,91-2025-02-06,2025-02-06 10:19:10.447,0.155530935476714,0.025781534848194097,0.06700000000000017,0.017112509420229998,0.04700000000000015,0.009349780044238223,0.020000000000000018,1.8302579674882873,0.027000000000000135
1679,3B0018C2F6,92-2025-02-06,2025-02-06 10:20:30.445,0.1533339199233836,0.02280702837930057,0.05899999999999972,0.014914569646766067,0.041999999999999815,0.008734426147524411,0.016999999999999904,1.7075614808413357,0.02499999999999991
1680,3B0019B8CC,94-2025-02-06,2025-02-06 10:21:21.446,0.1540612059399421,0.02406726757789952,0.051999999999999935,0.014272051770819968,0.030999999999999917,0.010571561426255031,0.02100000000000002,1.3500419848457366,0.009999999999999898
1681,3B001857EE,95-2025-02-06,2025-02-06 10:21:52.447,0.1069375408356136,0.004565258500200028,0.038000000000000034,0.0026364096618208136,0.02200000000000002,0.0021151238839325383,0.016000000000000014,1.246456381041415,0.006000000000000005
1682,3B0019B8CC,96-2025-02-06,2025-02-06 10:22:50.447,0.1540612059399421,0.025714585957113796,0.07600000000000007,0.014706656355666368,0.052000000000000046,0.011662250762279421,0.02400000000000002,1.261047859066264,0.028000000000000025
1683,3B001857EE,97-2025-02-06,2025-02-06 10:22:59.447,0.1069375408356136,0.005135012559972955,0.039999999999999925,0.0030911332346182613,0.02399999999999991,0.002238921193002686,0.016000000000000014,1.3806351220753097,0.007999999999999896
1684,3B0019B8CC,99-2025-02-06,2025-02-06 10:24:11.447,0.1540612059399422,0.028354248381321907,0.05400000000000027,0.011577609011787992,0.02400000000000002,0.017560584058123437,0.03000000000000025,0.6592952132723768,-0.006000000000000227
1685,3B0018C2F6,100-2025-02-06,2025-02-06 10:24:17.448,0.1500125646148875,0.02333298797979354,0.052000000000000046,0.014414062756129683,0.03299999999999992,0.0097321520510541,0.019000000000000128,1.48107660880293,0.01399999999999979
1686,3B0019B8CC,101-2025-02-06,2025-02-06 10:25:05.449,0.1540612059399421,0.010410041874910469,0.040000000000000036,0.006034076917381057,0.02300000000000013,0.0047587952317294895,0.016999999999999904,1.2679841479937122,0.006000000000000227
1687,3B004CD4DE,103-2025-02-06,2025-02-06 10:30:46.454,0.1003986183690209,0.012556504686299045,0.07899999999999996,0.00462892454268734,0.05499999999999994,0.008400689737662852,0.02400000000000002,0.5510172006394262,0.030999999999999917
1688,3B004CD4DE,104-2025-02-06,2025-02-06 10:32:00.452,0.1003986183690209,0.013961250474374813,0.04400000000000004,0.0067481960563478315,0.02100000000000013,0.007755449500466091,0.02299999999999991,0.8701231380518015,-0.0019999999999997797
1689,3B0018A99B,105-2025-02-06,2025-02-06 10:32:08.453,0.0912801952237108,0.00529662170314182,0.04100000000000015,0.003057572489280633,0.02400000000000002,0.0024437370904031616,0.017000000000000126,1.2511871679191982,0.006999999999999895
1690,3B004CD4DE,108-2025-02-06,2025-02-06 10:33:39.452,0.0925196743481069,0.014476707769897137,0.07899999999999996,0.006545732616964418,0.05499999999999994,0.008411535880221973,0.02400000000000002,0.7781851864123157,0.030999999999999917
1691,3B0018C2F6,109-2025-02-06,2025-02-06 10:35:22.454,0.1538614109052687,0.023923980017201814,0.07400000000000007,0.015371828395349042,0.05499999999999994,0.009359516974089299,0.019000000000000128,1.6423741137394277,0.03599999999999981
1692,3B0018C2F6,110-2025-02-06,2025-02-06 10:36:17.454,0.1500125646148875,0.024230295223212454,0.05099999999999999,0.01584430692750887,0.034999999999999976,0.009250202571863502,0.016000000000000014,1.7128605351522537,0.01899999999999996
1693,3B0018C2F6,111-2025-02-06,2025-02-06 10:37:42.454,0.1500125646148875,0.022552164801861802,0.05900000000000016,0.013268478991368243,0.037000000000000144,0.010015201166232165,0.02200000000000002,1.3248339969550507,0.015000000000000124
1694,3B00192E1E,113-2025-02-06,2025-02-06 10:50:42.464,0.0949756839421492,0.004697748810133241,0.05799999999999994,0.002321984451123381,0.03699999999999992,0.0025325447050155918,0.02100000000000002,0.9168582282179637,0.015999999999999903
1695,3B00484043,115-2025-02-06,2025-02-06 10:54:41.466,0.0938208148313449,0.012670459490643016,0.04899999999999993,0.005317946412714087,0.02199999999999991,0.007761067884520716,0.027000000000000024,0.685208078558444,-0.0050000000000001155
1696,3B00484043,116-2025-02-06,2025-02-06 10:56:19.465,0.0938208148313449,0.012535891258806416,0.04899999999999993,0.005379950542997991,0.02300000000000013,0.007557702495442615,0.0259999999999998,0.7118500028602827,-0.0029999999999996696
1697,3B004C0894,117-2025-02-06,2025-02-06 11:03:57.470,0.0952258418093786,0.012680652057517141,0.04600000000000004,0.006872813778201664,0.026000000000000023,0.006284883549919937,0.020000000000000018,1.0935467178686575,0.006000000000000005
1698,3B0019B8CC,118-2025-02-06,2025-02-06 11:11:08.476,0.1540612059399421,0.00948487414144575,0.038999999999999924,0.00496595520823139,0.020000000000000018,0.004875227766559116,0.018999999999999906,1.0186098877871113,0.001000000000000112
1699,3B0019B8CC,119-2025-02-06,2025-02-06 11:12:05.472,0.1540612059399422,0.024826388392975098,0.04699999999999993,0.012175725436232776,0.02400000000000002,0.013422207844321962,0.02299999999999991,0.9071328336927453,0.001000000000000112
1700,01103FD532,121-2025-02-06,2025-02-06 11:13:17.464,0.16529051621313,0.028092179504343225,0.05600000000000005,0.012960284439282873,0.028000000000000025,0.015899373716494674,0.028000000000000025,0.8151443365242326,0.0
1701,01103FD532,122-2025-02-06,2025-02-06 11:14:16.455,0.1707515000119706,0.027626746267530724,0.052999999999999936,0.012597661548073916,0.026000000000000023,0.015823998269016693,0.026999999999999913,0.7961111555946054,-0.0009999999999998899
1702,3B0019B8CC,123-2025-02-06,2025-02-06 11:14:22.455,0.1562710676229745,0.021804329378120234,0.05599999999999983,0.011490595497194554,0.030999999999999917,0.011037923933314495,0.02499999999999991,1.0410105710652537,0.006000000000000005
1703,3B0019B8CC,125-2025-02-06,2025-02-06 11:17:33.439,0.1524388623111543,0.023899704408859593,0.05699999999999994,0.014040697692585886,0.03400000000000025,0.010568496150909754,0.022999999999999687,1.328542631997575,0.011000000000000565
1704,3B00192E1E,126-2025-02-06,2025-02-06 11:17:56.440,0.1049138643041158,0.01233916165439523,0.07999999999999985,0.006027477243564562,0.05499999999999994,0.006682709012206396,0.02499999999999991,0.9019511746740714,0.030000000000000027
1705,3B00192E1E,127-2025-02-06,2025-02-06 11:18:57.440,0.1049138643041157,0.00810806306278445,0.069,0.005945431073336545,0.05499999999999999,0.0024278090660949337,0.014000000000000012,2.448887417205181,0.04099999999999998
1706,3B0018C2F6,136-2025-02-06,2025-02-06 15:49:43.426,0.1590664692891086,0.02915575091454558,0.06199999999999983,0.018914147840151573,0.043999999999999595,0.01116257306430513,0.018000000000000238,1.694425445745468,0.025999999999999357
1707,3B001857EE,137-2025-02-06,2025-02-06 15:50:58.426,0.1069375408356136,0.013080214267995544,0.07,0.008912211320079284,0.05499999999999999,0.00460203258321323,0.015000000000000013,1.9365815341221686,0.03999999999999998
1708,3B00182A81,138-2025-02-06,2025-02-06 15:51:31.425,0.1189321598688551,0.003189131483122316,0.05400000000000005,0.001970796566735214,0.03500000000000003,0.0013142520393478962,0.019000000000000017,1.4995575488801076,0.016000000000000014
1709,3B0018C2F6,139-2025-02-06,2025-02-06 15:52:22.426,0.1655543020250316,0.02355614408795826,0.051000000000000156,0.013365731189323032,0.030000000000000027,0.011009083685886495,0.02100000000000013,1.2140639103740967,0.008999999999999897
1710,3B0018C2F6,140-2025-02-06,2025-02-06 15:52:42.427,0.1500125646148875,0.027661492550544703,0.06399999999999995,0.020158532736362124,0.049000000000000044,0.008315645639261222,0.014999999999999902,2.4241692841246474,0.03400000000000014
1711,3B001857EE,142-2025-02-06,2025-02-06 15:53:37.426,0.1090705009326899,0.01589538932841234,0.06000000000000005,0.007302077013402331,0.03200000000000003,0.009006010791214285,0.028000000000000025,0.8108003846193247,0.0040000000000000036
1712,3B0018C2F6,147-2025-02-06,2025-02-06 15:58:08.429,0.160896873627601,0.02862257357418829,0.05400000000000005,0.016940340339727494,0.03200000000000003,0.012475950133775178,0.02200000000000002,1.357839696222111,0.010000000000000009
1713,3B00182DFC,149-2025-02-06,2025-02-06 15:59:29.429,0.103894248890132,0.029687699184143865,0.07200000000000006,0.020971954477459667,0.05500000000000016,0.009569594450109783,0.016999999999999904,2.1915196706396554,0.038000000000000256
1714,3B001857EE,150-2025-02-06,2025-02-06 16:00:27.429,0.1069375408356136,0.005410611359151557,0.04699999999999993,0.003089977473151542,0.028000000000000025,0.002495599996713033,0.018999999999999906,1.2381701703884302,0.009000000000000119
1715,3B00182DFC,155-2025-02-06,2025-02-06 16:03:30.432,0.1104333106434218,0.015509865485417457,0.07899999999999996,0.006254050728748405,0.049000000000000155,0.009923128979076401,0.029999999999999805,0.6302498679534954,0.01900000000000035
1716,3B00185CB8,158-2025-02-06,2025-02-06 16:05:35.432,0.0961713399170973,0.0040990976428937065,0.038999999999999924,0.002570140449179376,0.02499999999999991,0.0017110917357450004,0.014000000000000012,1.5020471407164795,0.010999999999999899
1717,3B004C0894,159-2025-02-06,2025-02-06 16:06:07.432,0.103400267216305,0.004807026772640501,0.03500000000000014,0.0025983491202222543,0.019000000000000128,0.0024168166790973214,0.016000000000000014,1.0751122096661196,0.0030000000000001137
1718,3B00185CB8,161-2025-02-06,2025-02-06 16:06:25.433,0.0961713399170973,0.005565446147341848,0.03499999999999992,0.002963955430070541,0.018000000000000016,0.002845761603599153,0.016999999999999904,1.0415332845597127,0.001000000000000112
1719,3B004C0894,162-2025-02-06,2025-02-06 16:06:55.431,0.1050307354240935,0.0030240692261637096,0.03300000000000036,0.001906312197657205,0.02100000000000035,0.001263448747198477,0.01200000000000001,1.508816405797377,0.009000000000000341
1720,3B004C0894,166-2025-02-06,2025-02-06 16:09:31.433,0.1014213919746171,0.012649934966005664,0.055999999999999994,0.007053042553855487,0.034999999999999976,0.006058319326524522,0.02100000000000002,1.1641912837073263,0.013999999999999957
1721,3B0019B8CC,170-2025-02-06,2025-02-06 16:19:16.422,0.1540612059399422,0.02566470613712818,0.07499999999999996,0.015547611064208808,0.05400000000000005,0.010872212310022588,0.020999999999999908,1.4300319586176757,0.03300000000000014
1722,3B004C4B80,171-2025-02-06,2025-02-06 16:20:26.422,0.1060021955153034,0.012709810882503602,0.056999999999999995,0.006769065877668591,0.031000000000000028,0.006321417939727692,0.025999999999999968,1.0708144821635037,0.00500000000000006
1723,3B00484043,172-2025-02-06,2025-02-06 16:23:22.418,0.0938208148313449,0.0012910557806729197,0.040000000000000036,0.0005289316819376295,0.009000000000000008,0.0008407349286463588,0.031000000000000028,0.6291301383055965,-0.02200000000000002
1724,3B004CEFFE,174-2025-02-06,2025-02-06 16:23:57.419,0.1020544328593473,0.010470516003769453,0.056999999999999995,0.007415698423698414,0.04299999999999998,0.00343992343944729,0.014000000000000012,2.155774264816176,0.02899999999999997
1725,3B00484043,175-2025-02-06,2025-02-06 16:24:35.417,0.0938208148313449,0.012634071662972176,0.07499999999999996,0.007878358181937824,0.05500000000000005,0.005128623416070184,0.019999999999999907,1.5361545472907092,0.03500000000000014
1726,3B0019248A,176-2025-02-06,2025-02-06 16:25:32.418,0.1238041149837782,0.01630159969375867,0.06299999999999994,0.008241845102070386,0.038999999999999924,0.008570032083146373,0.02400000000000002,0.9617052797595248,0.014999999999999902
1727,3B004C4B80,177-2025-02-06,2025-02-06 16:25:46.416,0.1099337507693508,0.011010590582908864,0.05999999999999994,0.005446948986015105,0.031000000000000028,0.005879167137318288,0.028999999999999915,0.926483098505627,0.002000000000000113
1728,3B0019B8CC,178-2025-02-06,2025-02-06 16:26:26.417,0.1540612059399421,0.028704345277540226,0.07800000000000029,0.013955333080689998,0.051000000000000156,0.015499286487901385,0.027000000000000135,0.9003855172032219,0.02400000000000002
1729,3B001816CC,179-2025-02-06,2025-02-06 16:26:52.416,0.1005748409386277,0.010545113347217808,0.07299999999999995,0.006107478343864181,0.05499999999999999,0.0048258082380450255,0.01799999999999996,1.2655866214730427,0.03700000000000003
1730,3B004C4B80,181-2025-02-06,2025-02-06 16:27:35.416,0.1094318725263909,0.010779626142927521,0.07599999999999985,0.006985871589795325,0.05400000000000005,0.0040715473750099875,0.021999999999999797,1.7157780436677808,0.03200000000000025
1731,3B0019B8CC,184-2025-02-06,2025-02-06 16:30:10.414,0.1540612059399421,0.026904587204884433,0.05499999999999999,0.012102941964838576,0.02799999999999997,0.015555516449039554,0.027000000000000024,0.7780482251738964,0.0009999999999999454
1732,3B004C4B80,186-2025-02-06,2025-02-06 16:31:51.414,0.1060021955153034,0.01196993789120188,0.06400000000000006,0.0063585703233609275,0.03400000000000025,0.005982506302102045,0.029999999999999805,1.0628606143092145,0.004000000000000448
1733,3B0019B8CC,188-2025-02-06,2025-02-06 16:32:40.414,0.1540612059399421,0.028099322232622306,0.06000000000000005,0.011880698026571225,0.029000000000000026,0.016936719706438928,0.031000000000000028,0.7014757422037559,-0.0020000000000000018
1734,3B0019248A,190-2025-02-06,2025-02-06 16:36:40.413,0.1238041149837782,0.005150350566197345,0.03400000000000003,0.0028791736255429985,0.018999999999999906,0.002507146435938792,0.015000000000000124,1.1483867014193379,0.0039999999999997815
1735,3B0019248A,191-2025-02-06,2025-02-06 16:39:07.413,0.1238041149837782,0.00023783514016262363,0.014000000000000234,0.00014959608137370307,0.008000000000000007,0.00011378316111918756,0.006000000000000227,1.3147471023150918,0.0019999999999997797
1736,3B00182A81,192-2025-02-06,2025-02-06 16:45:33.416,0.1189321598688551,0.012677575139642731,0.059,0.008060874875042388,0.04199999999999998,0.005045320859720314,0.017000000000000015,1.5976932090478069,0.024999999999999967
1737,3B00484043,198-2025-02-06,2025-02-06 16:50:55.417,0.0938208148313449,-0.0004864145611370465,0.04599999999999993,-0.0005249688850300301,0.041999999999999926,5.3898414443204105e-05,0.0040000000000000036,-9.739968985232771,0.03799999999999992
1738,3B00182A81,200-2025-02-06,2025-02-06 16:51:50.418,0.1189321598688551,0.003409009225147594,0.04600000000000004,0.002616371591151346,0.03500000000000003,0.0009001161826722865,0.01100000000000001,2.906704313862905,0.02400000000000002
1739,01101763D0,2-2025-02-12,2025-02-12 08:07:36.108,0.1497460806109001,0.024093249558768015,0.066,0.016909363818380676,0.04899999999999999,0.0078519691682466,0.017000000000000015,2.153518876100816,0.03199999999999997
1740,3B004CDB63,3-2025-02-12,2025-02-12 08:08:43.109,0.0918532097116226,0.01167506911223853,0.04499999999999993,0.006742913575937582,0.027000000000000135,0.005380343456942489,0.017999999999999794,1.2532496540229063,0.009000000000000341
1741,3B004CDB63,4-2025-02-12,2025-02-12 08:09:54.112,0.0918532097116226,0.010939817178020998,0.044999999999999984,0.0067384734965893695,0.029000000000000026,0.004631578067440974,0.01599999999999996,1.4548979631714363,0.013000000000000067
1742,3B00484043,5-2025-02-12,2025-02-12 08:15:36.115,0.0938208148313449,0.003143453812467478,0.057999999999999996,0.0019781038003345345,0.03799999999999998,0.0012470117033790368,0.020000000000000018,1.5862752490409289,0.01799999999999996
1743,3B00484043,7-2025-02-12,2025-02-12 08:16:51.092,0.0938208148313449,0.011243353849492318,0.059,0.0054739669095774405,0.033999999999999975,0.006108202053263891,0.025000000000000022,0.8961666398465733,0.008999999999999952
1744,3B00484043,11-2025-02-12,2025-02-12 08:18:11.930,0.0938208148313449,0.010082750058312035,0.04200000000000004,0.005792388048021005,0.025000000000000022,0.004726627634034916,0.017000000000000015,1.2254800878139611,0.008000000000000007
1745,3B00484043,12-2025-02-12,2025-02-12 08:18:33.886,0.0884407371382871,0.004797295471467809,0.05300000000000005,0.0029602037310352894,0.03300000000000003,0.0019861446371961093,0.020000000000000018,1.4904270694073338,0.013000000000000012
1746,3B0018D520,15-2025-02-12,2025-02-12 08:26:53.515,0.0922120727919626,0.011492921255249486,0.07500000000000018,0.0056066044872303605,0.05500000000000016,0.0063587440547839685,0.020000000000000018,0.8817157034355331,0.03500000000000014
1747,3B0018D520,16-2025-02-12,2025-02-12 08:27:57.516,0.0910136593508919,0.011817193384626072,0.04899999999999993,0.006214597349902442,0.02699999999999969,0.0060076513495058,0.02200000000000024,1.034447072301169,0.004999999999999449
1748,3B004CDB63,20-2025-02-12,2025-02-12 08:43:50.529,0.0918532097116226,0.011215335340435327,0.07499999999999996,0.006392172840647834,0.05499999999999994,0.005218162819699102,0.020000000000000018,1.2249853179200778,0.03499999999999992
1749,01103FD2E8,21-2025-02-12,2025-02-12 08:44:00.528,0.1485039043747999,0.029083492326376487,0.05400000000000027,0.013583071646046942,0.027000000000000135,0.016350981177004762,0.027000000000000135,0.8307190558784034,0.0
1750,3B00191394,23-2025-02-12,2025-02-12 08:44:47.530,0.0979645594476272,0.011234876493734022,0.04299999999999993,0.0064072839499648435,0.025000000000000022,0.005247492373075808,0.017999999999999905,1.2210182491812227,0.007000000000000117
1751,01103FD2E8,25-2025-02-12,2025-02-12 08:45:05.530,0.1515775609276604,0.028799270245748684,0.05699999999999994,0.013457670105534308,0.029999999999999805,0.016159183963814383,0.027000000000000135,0.8328186705263314,0.0029999999999996696
1752,01103FD2E8,26-2025-02-12,2025-02-12 08:45:57.529,0.1450978894709438,0.029237016559002123,0.052000000000000046,0.012538919331269877,0.02400000000000002,0.017594481583140052,0.028000000000000025,0.7126620509970195,-0.0040000000000000036
1753,3B004CDB63,27-2025-02-12,2025-02-12 08:48:21.531,0.093560126667688,0.010702693284694009,0.04400000000000004,0.006720666520156685,0.028000000000000025,0.004406697265655608,0.016000000000000014,1.5251028411993297,0.01200000000000001
1754,3B004CDB63,29-2025-02-12,2025-02-12 08:51:54.535,0.0918532097116226,0.012621207046072036,0.04499999999999993,0.007214032981323687,0.026999999999999913,0.00588210435815589,0.018000000000000016,1.2264374349837908,0.008999999999999897
1755,3B0018D520,30-2025-02-12,2025-02-12 08:58:46.538,0.0967763563862768,0.012249280866451861,0.050999999999999934,0.007562128843912899,0.03299999999999992,0.005094109168576422,0.018000000000000016,1.484485038239999,0.014999999999999902
1756,3B004CDB63,31-2025-02-12,2025-02-12 08:59:00.539,0.0918532097116226,0.011731628239742485,0.050000000000000044,0.007125140796790731,0.03300000000000003,0.005049154485137895,0.017000000000000015,1.4111552375280787,0.016000000000000014
1757,01103FD2E8,32-2025-02-12,2025-02-12 09:00:13.540,0.1540778219705781,0.027528654426526765,0.05300000000000016,0.013240220406582284,0.028000000000000025,0.015125537276113673,0.025000000000000133,0.8753553784493532,0.0029999999999998916
1758,3B0018D520,34-2025-02-12,2025-02-12 09:01:09.541,0.0967763563862768,0.011820338870286601,0.046999999999999986,0.007107704728135617,0.029000000000000026,0.0051242594027421165,0.01799999999999996,1.3870696562184401,0.011000000000000065
1759,01103FD2E8,37-2025-02-12,2025-02-12 09:01:44.541,0.1450978894709438,0.03130745587983695,0.050999999999999934,0.012341618956554445,0.02100000000000013,0.019899532759252048,0.029999999999999805,0.6201964189745288,-0.008999999999999675
1760,01103FD2E8,38-2025-02-12,2025-02-12 09:03:37.541,0.1534055798993072,0.029193653679783306,0.052000000000000046,0.013041245106955474,0.02499999999999991,0.01701154872706036,0.027000000000000135,0.7666112777968708,-0.002000000000000224
1761,3B0018D520,39-2025-02-12,2025-02-12 09:03:39.543,0.0967763563862768,0.011532151408456613,0.05500000000000005,0.00735221818634669,0.038000000000000034,0.004574516599053003,0.017000000000000015,1.6072120468135833,0.02100000000000002
1762,01103F9A64,41-2025-02-12,2025-02-12 09:05:21.543,0.1652322463377165,0.030491147075932108,0.053999999999999826,0.014163357442899281,0.026999999999999913,0.01717578719344778,0.026999999999999913,0.8246118377795412,0.0
1763,01103F9A64,42-2025-02-12,2025-02-12 09:06:17.544,0.1892092603376109,0.022529125196175833,0.04700000000000015,0.01393953998625219,0.028000000000000025,0.00927874394578614,0.019000000000000128,1.5023089404878676,0.008999999999999897
1764,01103F9A64,44-2025-02-12,2025-02-12 09:07:23.545,0.1892092603376109,0.027922115261031458,0.05400000000000005,0.010786756948802772,0.02300000000000002,0.017872138942847997,0.031000000000000028,0.6035515381397242,-0.008000000000000007
1765,01103F9A64,45-2025-02-12,2025-02-12 09:08:52.545,0.1626074425100273,0.024293834861564275,0.05499999999999994,0.014289400767625297,0.03600000000000003,0.010863354795490374,0.018999999999999906,1.3153764225354356,0.017000000000000126
1766,3B004AE3AB,47-2025-02-12,2025-02-12 09:19:57.499,0.0964067766276104,0.013779605038984023,0.04500000000000004,0.0067762356543394865,0.02200000000000002,0.007456367612557342,0.02300000000000002,0.908785082286925,-0.0010000000000000009
1767,3B00192E1E,48-2025-02-12,2025-02-12 09:23:20.500,0.1049138643041158,0.02575801006990791,0.07200000000000001,0.01854145008903459,0.05499999999999999,0.007894976651556944,0.017000000000000015,2.348512339853227,0.03799999999999998
1768,3B004AE3AB,50-2025-02-12,2025-02-12 09:25:26.501,0.1003657221346216,0.014167377294382246,0.051000000000000156,0.006079272496593648,0.02400000000000002,0.008510718533904027,0.027000000000000135,0.7143077840461692,-0.0030000000000001137
1769,01101763D0,51-2025-02-12,2025-02-12 09:31:44.506,0.1497460806109001,0.024968673910780094,0.07099999999999995,0.0178123606445569,0.05499999999999994,0.0078780932344033,0.016000000000000014,2.2609989644157897,0.038999999999999924
1770,3B0018A99B,52-2025-02-12,2025-02-12 09:32:36.508,0.0883273548306758,0.005562492999768075,0.04600000000000004,0.0035670122054036624,0.030000000000000027,0.00219237506739658,0.016000000000000014,1.627008196932037,0.014000000000000012
1771,0700ED9568,53-2025-02-12,2025-02-12 09:33:00.506,0.1557656667641276,0.02318476271926695,0.07899999999999996,0.010496978796538119,0.05499999999999994,0.013460804910773953,0.02400000000000002,0.779818061855751,0.030999999999999917
1772,0700ED9568,54-2025-02-12,2025-02-12 09:36:07.509,0.1416012640908689,0.022721230160793568,0.06899999999999995,0.015183171422418637,0.05099999999999971,0.008231912292911554,0.018000000000000238,1.8444282303023039,0.032999999999999474
1773,3B004CA42C,55-2025-02-12,2025-02-12 09:40:23.510,0.1078656181881558,0.012570458841576487,0.05099999999999999,0.006704941177358397,0.029000000000000026,0.006260519592094871,0.021999999999999964,1.0709879713218524,0.007000000000000062
1774,3B001816CC,56-2025-02-12,2025-02-12 09:40:28.511,0.1005748409386277,0.011856791502308717,0.04600000000000004,0.005772400720596761,0.02200000000000002,0.006514604585796857,0.02400000000000002,0.8860707729187048,-0.0020000000000000018
1775,3B00191394,57-2025-02-12,2025-02-12 09:41:10.511,0.0979645594476272,1.3966933073065875e-06,0.0019999999999999463,1.0010566209236875e-06,0.0009999999999999454,1.010447280738791e-06,0.0010000000000000009,0.990706432691632,-5.551115123125783e-17
1776,3B00191394,58-2025-02-12,2025-02-12 09:42:03.512,0.0979645594476272,0.010467217391151038,0.04499999999999993,0.006220151030055537,0.028000000000000025,0.004655052613055395,0.016999999999999904,1.3362149790983506,0.01100000000000012
1777,3B00191394,60-2025-02-12,2025-02-12 09:43:04.512,0.0979645594476272,0.0016443798392389562,0.028999999999999915,0.00046901248420690546,0.004999999999999893,0.0012918961682569401,0.02400000000000002,0.3630419345849669,-0.019000000000000128
1778,3B001816CC,63-2025-02-12,2025-02-12 09:44:52.515,0.0911925412978021,0.010728575605290884,0.052999999999999936,0.0072659147865404205,0.038000000000000034,0.003840057446752531,0.014999999999999902,1.892137002451637,0.02300000000000013
1779,3B004CDB63,64-2025-02-12,2025-02-12 09:45:13.514,0.0918532097116226,0.008585331814870574,0.07100000000000001,0.005095629159601372,0.05199999999999999,0.003802308964004524,0.019000000000000017,1.3401407428592405,0.032999999999999974
1780,3B001877B5,68-2025-02-12,2025-02-12 09:49:32.516,0.1720534263134757,0.022035710650748212,0.06499999999999995,0.016117999802244595,0.050000000000000044,0.0065832101748950905,0.014999999999999902,2.4483495702005973,0.03500000000000014
1781,3B004CEFFE,69-2025-02-12,2025-02-12 09:52:18.518,0.0945659350834316,0.012304306262632061,0.062000000000000055,0.008499494398819987,0.04600000000000004,0.0041715417821392535,0.016000000000000014,2.037494730416261,0.030000000000000027
1782,01103F9A64,72-2025-02-12,2025-02-12 09:54:28.519,0.1656388605211951,0.024462295873085543,0.052999999999999936,0.012205463206996186,0.02699999999999969,0.013095112217572542,0.026000000000000245,0.9320625134176,0.0009999999999994458
1783,3B0019B8CC,74-2025-02-12,2025-02-12 09:55:18.519,0.1540612059399422,0.026253792779115572,0.05499999999999999,0.011961655138746197,0.02799999999999997,0.015025589323456531,0.027000000000000024,0.7960855898059712,0.0009999999999999454
1784,01103F97C4,77-2025-02-12,2025-02-12 09:55:58.520,0.1676441888996202,0.020215874761639777,0.05900000000000016,0.008721545371973637,0.02400000000000002,0.012380775404663397,0.03500000000000014,0.7044425802836664,-0.01100000000000012
1785,3B001877B5,85-2025-02-12,2025-02-12 09:57:53.521,0.1720534263134757,0.026629817754752035,0.049000000000000044,0.014896494270067092,0.028000000000000025,0.012532797324847113,0.02100000000000002,1.1886009072000063,0.007000000000000006
1786,011016B2E1,86-2025-02-12,2025-02-12 09:57:58.520,0.097949901711879,0.004155430310335095,0.05099999999999999,0.002538762655990385,0.030999999999999972,0.0017470949843835543,0.020000000000000018,1.4531337326723326,0.010999999999999954
1787,01103F9A64,89-2025-02-12,2025-02-12 09:58:23.521,0.1892092603376109,0.02845601765777125,0.05599999999999983,0.011910296570325803,0.026999999999999913,0.017294491048137,0.028999999999999915,0.6886757486632604,-0.0020000000000000018
1788,01101763D0,91-2025-02-12,2025-02-12 09:58:39.521,0.1579264392119825,0.022990784643760694,0.068,0.016015981907267218,0.05199999999999999,0.007677736828430136,0.016000000000000014,2.0860290297996578,0.035999999999999976
1789,3B001877B5,92-2025-02-12,2025-02-12 09:58:49.520,0.159740851916075,0.02726810846175628,0.06000000000000005,0.012826121548656207,0.03200000000000003,0.015141248272571815,0.028000000000000025,0.847098027702945,0.0040000000000000036
1790,011016B2E1,93-2025-02-12,2025-02-12 09:59:16.522,0.0919661019817554,0.005517951990966031,0.05500000000000005,0.0032508022098500173,0.03500000000000003,0.002442274818694365,0.020000000000000018,1.3310550413765023,0.015000000000000013
1791,3B0019B8CC,94-2025-02-12,2025-02-12 09:59:28.522,0.1572893558760479,0.011539493976015922,0.04300000000000015,0.006378527358193333,0.02300000000000013,0.005546954909912871,0.020000000000000018,1.1499151267291488,0.0030000000000001137
1792,3B001870F2,95-2025-02-12,2025-02-12 09:59:52.522,0.0920557521077199,0.011748647681459546,0.04599999999999982,0.007258732785285813,0.029999999999999805,0.004963741490320607,0.016000000000000014,1.4623510912968543,0.01399999999999979
1793,01103FD2E8,96-2025-02-12,2025-02-12 10:00:05.522,0.1551554989940527,0.011506168549592414,0.04300000000000015,0.006263910251736198,0.02400000000000002,0.005638033066604096,0.019000000000000128,1.1110098464727665,0.004999999999999893
1794,011016B2E1,97-2025-02-12,2025-02-12 10:00:36.522,0.097949901711879,-2.8115243384944144e-05,0.03400000000000003,-0.00022874017752094546,0.026000000000000023,0.0002473928732777788,0.008000000000000007,-0.9246029381942235,0.018000000000000016
1795,011016B2E1,101-2025-02-12,2025-02-12 10:01:41.523,0.097949901711879,0.00011563326363672855,0.02200000000000002,8.557863034532127e-05,0.018000000000000016,4.1516282586186866e-05,0.0040000000000000036,2.061326906320718,0.014000000000000012
1796,01103FD2E8,102-2025-02-12,2025-02-12 10:02:06.523,0.1566989953742627,0.026511802524792138,0.058000000000000274,0.015701243200812242,0.038000000000000256,0.011704177510443293,0.020000000000000018,1.3415076101505197,0.018000000000000238
1797,3B0019B8CC,104-2025-02-12,2025-02-12 10:02:19.521,0.1540612059399421,0.009167873417475228,0.038000000000000034,0.005439945278174403,0.02200000000000002,0.0040881159646867825,0.016000000000000014,1.3306729371585213,0.006000000000000005
1798,011016B2E1,106-2025-02-12,2025-02-12 10:02:42.522,0.095604020775123,0.005367275724001002,0.052999999999999936,0.0034659220906382636,0.03500000000000014,0.002065205038294127,0.017999999999999794,1.678245998034722,0.017000000000000348
1799,3B004CDB63,109-2025-02-12,2025-02-12 10:04:54.524,0.0918532097116226,0.01210065354001542,0.061,0.006831633916245606,0.03999999999999998,0.005695815282386584,0.02100000000000002,1.1994128281110805,0.01899999999999996
1800,3B004CDB63,114-2025-02-12,2025-02-12 10:07:25.526,0.0918532097116226,0.01222223330231518,0.05299999999999999,0.007043079959486086,0.03200000000000003,0.005608164145431707,0.020999999999999963,1.2558619499793406,0.011000000000000065
1801,3B0019F652,115-2025-02-12,2025-02-12 10:08:03.525,0.0835820603764899,0.004042313435031941,0.04499999999999993,0.0023042696879605733,0.0259999999999998,0.00187661552946128,0.019000000000000128,1.227885867821876,0.006999999999999673
1802,3B0019F652,117-2025-02-12,2025-02-12 10:08:44.525,0.0885024370460512,0.004410911535924061,0.04999999999999982,0.0026016620602623613,0.030999999999999917,0.0019415182143375776,0.018999999999999906,1.3400142430031319,0.01200000000000001
1803,3B00186448,119-2025-02-12,2025-02-12 10:12:52.517,0.1600507092974815,0.02902805596950851,0.05699999999999994,0.011392355716595927,0.026000000000000023,0.018406447972321435,0.030999999999999917,0.6189328725307077,-0.004999999999999893
1804,3B0019B8CC,120-2025-02-12,2025-02-12 10:12:57.516,0.1540612059399422,0.022725891229282206,0.06500000000000006,0.014165891473127195,0.04600000000000004,0.009307021319623654,0.019000000000000017,1.5220650073357753,0.027000000000000024
1805,3B00186448,122-2025-02-12,2025-02-12 10:14:05.506,0.1499705050319192,-0.0003925282982863121,0.04699999999999971,0.00031709060226391904,0.017999999999999794,-0.0006854208732745606,0.028999999999999915,-0.46262174764103126,-0.01100000000000012
1806,3B0019B8CC,123-2025-02-12,2025-02-12 10:14:14.504,0.1540612059399422,0.023685423672163378,0.07499999999999996,0.013482254153613064,0.05400000000000005,0.01092640834985888,0.020999999999999908,1.2339145418985915,0.03300000000000014
1807,01103FD2E8,125-2025-02-12,2025-02-12 10:14:51.498,0.0790589938558779,0.029786097648253955,0.07199999999999962,0.021157300740956637,0.054999999999999716,0.009523133029042369,0.016999999999999904,2.2216743876656926,0.03799999999999981
1808,3B0018D520,130-2025-02-12,2025-02-12 10:16:48.482,0.0971614450806317,0.011558823615135225,0.05400000000000027,0.007616747062791438,0.038000000000000256,0.0043587123600976755,0.016000000000000014,1.7474764181550058,0.02200000000000024
1809,01103FD2E8,131-2025-02-12,2025-02-12 10:17:17.481,0.1613827481591926,0.02648009913779309,0.08099999999999996,0.009936637241655145,0.05500000000000016,0.017494655194223982,0.0259999999999998,0.5679813137978172,0.02900000000000036
1810,3B00484043,133-2025-02-12,2025-02-12 10:17:30.483,0.0900786846302019,0.003231564141744549,0.08299999999999974,0.0019274953160964392,0.05500000000000016,0.0013930642669772908,0.02799999999999958,1.3836370379945009,0.02700000000000058
1811,3B0018C6F9,135-2025-02-12,2025-02-12 10:18:12.482,0.0995207441742754,0.005820200264078793,0.03899999999999998,0.0031684503765826533,0.020999999999999963,0.0028808844704117727,0.018000000000000016,1.0998186179016676,0.002999999999999947
1812,3B0018F763,136-2025-02-12,2025-02-12 10:23:22.485,0.1094391649153988,0.005412321499231758,0.04299999999999998,0.003276428001944415,0.027000000000000024,0.0023370905165168428,0.01599999999999996,1.4019260181790236,0.011000000000000065
1813,3B00182DFC,142-2025-02-12,2025-02-12 10:24:20.486,0.0960316735637713,0.013722481358852555,0.05400000000000005,0.007376268228001991,0.03200000000000003,0.0067751121786417574,0.02200000000000002,1.0887300510322695,0.010000000000000009
1814,3B001877B5,143-2025-02-12,2025-02-12 10:25:02.486,0.1654362260033577,0.024505735632231726,0.08100000000000018,0.011068696852406742,0.05300000000000016,0.014249050479746932,0.028000000000000025,0.7768024169848632,0.025000000000000133
1815,3B00186448,144-2025-02-12,2025-02-12 10:25:12.487,0.1208931239580095,0.024129216743201027,0.07200000000000006,0.017005939768031966,0.05500000000000016,0.007821295786430274,0.016999999999999904,2.1743123176004655,0.038000000000000256
1816,3B001877B5,145-2025-02-12,2025-02-12 10:25:21.486,0.1416686064502176,0.023436982592701636,0.07100000000000017,0.016950818556104124,0.05500000000000016,0.007177168993597277,0.016000000000000014,2.3617694624755083,0.039000000000000146
1817,3B0018F763,146-2025-02-12,2025-02-12 10:26:32.488,0.1094391649153988,0.006318004161637939,0.040000000000000036,0.003851126238872152,0.02400000000000002,0.0027046634343767936,0.016000000000000014,1.4238837224342205,0.008000000000000007
1818,3B00182A81,147-2025-02-12,2025-02-12 10:27:17.488,0.0972733502010784,0.009358673027360747,0.07999999999999996,0.003915080213440295,0.049000000000000044,0.005899477955086401,0.030999999999999917,0.663631637112026,0.018000000000000127
1819,3B0018F763,148-2025-02-12,2025-02-12 10:27:31.487,0.1094391649153988,0.00640342671634779,0.04399999999999993,0.003609345935950973,0.02499999999999991,0.0030034483618197536,0.019000000000000017,1.201733974132358,0.005999999999999894
1820,3B004CD4DE,149-2025-02-12,2025-02-12 10:27:36.487,0.0965457734981728,0.013282036767901528,0.05600000000000005,0.009166295562540542,0.039000000000000146,0.004499805453002644,0.016999999999999904,2.037042636237535,0.02200000000000024
1821,3B001870F2,151-2025-02-12,2025-02-12 10:28:51.489,0.0946290522697299,0.014135470955146622,0.052999999999999936,0.006919079368537882,0.028999999999999915,0.007653310446666859,0.02400000000000002,0.9040635966297765,0.004999999999999893
1822,3B001877B5,152-2025-02-12,2025-02-12 10:29:11.489,0.1720534263134757,3.806143932291117e-06,0.0020000000000000018,2.793657851251213e-06,0.0009999999999998899,2.8714060195693112e-06,0.001000000000000112,0.9729233108142054,-2.220446049250313e-16
1823,3B001870F2,154-2025-02-12,2025-02-12 10:30:06.488,0.092250967064722,0.00778847355628514,0.06999999999999995,0.0040656415138507875,0.02200000000000002,0.004038237779978218,0.04799999999999993,1.0067860624771623,-0.025999999999999912
1824,3B00191394,156-2025-02-12,2025-02-12 10:31:14.488,0.0979645594476272,0.011572948576699644,0.045999999999999985,0.006486964620230689,0.02699999999999997,0.00551160931145878,0.019000000000000017,1.1769637965347288,0.007999999999999952
1825,3B001870F2,159-2025-02-12,2025-02-12 10:33:01.490,0.0949816235401202,0.004390153395962689,0.03500000000000014,0.0025927288460889262,0.02200000000000002,0.0020228553860137514,0.013000000000000123,1.2817173506397659,0.008999999999999897
1826,3B004CD4DE,160-2025-02-12,2025-02-12 10:33:07.491,0.1003986183690209,0.0020211024165309966,0.029000000000000026,0.0011720819863108673,0.017000000000000015,0.0009595629115898178,0.01200000000000001,1.2214748737724188,0.0050000000000000044
1827,01103FD532,161-2025-02-12,2025-02-12 10:34:27.491,0.1724878927364887,0.022195612006116354,0.06999999999999984,0.016094644334515136,0.054999999999999716,0.00674848991697479,0.015000000000000124,2.384925299218649,0.03999999999999959
1828,3B004CDB63,162-2025-02-12,2025-02-12 10:34:59.491,0.0918532097116226,0.011303719690690248,0.06900000000000006,0.006737552740996376,0.050000000000000044,0.004974556442466844,0.019000000000000017,1.3544027128688634,0.031000000000000028
1829,3B00186448,164-2025-02-12,2025-02-12 10:36:14.492,0.149041935224709,0.022347861846718973,0.06899999999999995,0.01604648384096145,0.05400000000000027,0.007021121887660647,0.01499999999999968,2.2854586628331477,0.03900000000000059
1830,3B00186448,168-2025-02-12,2025-02-12 10:37:56.493,0.1499705050319191,-0.0006859240572362832,0.03500000000000014,-0.0008301527187223686,0.027000000000000135,0.00017481218747670071,0.008000000000000007,-4.748826330160836,0.019000000000000128
1831,3B00186448,170-2025-02-12,2025-02-12 10:38:49.493,0.1602769042493896,0.02814226317479198,0.08400000000000007,0.012352034028530131,0.05499999999999994,0.016541582496610984,0.029000000000000137,0.7467262597796068,0.0259999999999998
1832,3B0019F652,173-2025-02-12,2025-02-12 10:39:42.494,0.0885024370460512,0.004725759573247815,0.04499999999999993,0.002515979590786496,0.026000000000000023,0.0023774955158721743,0.018999999999999906,1.0582478805910678,0.007000000000000117
1833,3B00186448,176-2025-02-12,2025-02-12 10:40:42.494,0.1629065474728191,0.02427119779786257,0.07599999999999985,0.012901942707179615,0.05499999999999994,0.012211568241921012,0.020999999999999908,1.0565344640083671,0.03400000000000003
1834,01103FD532,177-2025-02-12,2025-02-12 10:41:00.494,0.1657965285729926,0.010771370461596378,0.06000000000000005,0.00663438936682382,0.04400000000000004,0.004531582419829607,0.016000000000000014,1.4640336977636348,0.028000000000000025
1835,01103FD532,178-2025-02-12,2025-02-12 10:41:30.493,0.1648401505208903,0.02124040458633137,0.05300000000000016,0.014564256446327296,0.03600000000000003,0.007282796970351368,0.017000000000000126,1.9998163488037788,0.018999999999999906
1836,011016B2E1,180-2025-02-12,2025-02-12 10:41:42.493,0.0938407656529208,0.004376229772014851,0.07099999999999995,0.0027674154524022407,0.05499999999999994,0.0017756599981457507,0.016000000000000014,1.5585277898314653,0.038999999999999924
1837,3B0018A99B,181-2025-02-12,2025-02-12 10:42:14.494,0.0883273548306758,1.3594087477028685e-05,0.006000000000000005,8.861181057297593e-06,0.0030000000000000027,7.847695985079284e-06,0.0030000000000000027,1.1291442831303906,0.0
1838,3B001816CC,182-2025-02-12,2025-02-12 10:42:51.496,0.1005748409386277,0.0035098497903378154,0.055999999999999994,0.0015240410689986224,0.022999999999999965,0.002092258806493982,0.03300000000000003,0.7284190006839893,-0.010000000000000064
1839,01103FD2E8,183-2025-02-12,2025-02-12 10:43:02.494,0.1450978894709438,0.010321255224824188,0.049000000000000155,0.006966319093960949,0.03400000000000003,0.0036986682053946787,0.015000000000000124,1.883466887838236,0.018999999999999906
1840,01103FD2E8,187-2025-02-12,2025-02-12 10:44:47.495,0.1224171401276747,0.013278846746935581,0.061000000000000165,0.007592252481093151,0.039000000000000146,0.006039624505054552,0.02200000000000002,1.2570735936876882,0.017000000000000126
1841,3B00191394,189-2025-02-12,2025-02-12 10:45:28.497,0.0979645594476272,0.004463069479311195,0.044999999999999984,0.002762377678574756,0.029000000000000026,0.0018554372706095041,0.01599999999999996,1.4888014390631086,0.013000000000000067
1842,3B00191394,193-2025-02-12,2025-02-12 10:46:54.496,0.091464579502597,0.011475122257794866,0.05400000000000005,0.006532718379500219,0.03500000000000014,0.005351800953023919,0.018999999999999906,1.2206579498830294,0.016000000000000236
1843,01101763D0,194-2025-02-12,2025-02-12 10:47:40.496,0.1497460806109001,1.2665539903472522e-06,0.0019999999999997797,1.1328739213465611e-06,0.0009999999999998899,1.1238459697581749e-06,0.0009999999999998899,1.008033086233631,0.0
1844,3B0019248A,195-2025-02-12,2025-02-12 10:47:54.496,0.1238041149837782,0.004891944273401011,0.03600000000000003,0.0025885563172629482,0.019000000000000128,0.002510907064960047,0.016999999999999904,1.0309247814809652,0.002000000000000224
1845,01101763D0,196-2025-02-12,2025-02-12 10:49:06.498,0.1497460806109001,0.008617940206952793,0.040000000000000036,0.005082060570156094,0.02300000000000013,0.0038592685664273433,0.016999999999999904,1.3168455324322583,0.006000000000000227
1846,3B00191394,197-2025-02-12,2025-02-12 10:49:14.498,0.0979645594476272,0.010356460190406425,0.057999999999999996,0.006297572386624746,0.04099999999999998,0.004443847001414058,0.017000000000000015,1.4171442861603518,0.023999999999999966
1847,3B0018C2F6,200-2025-02-12,2025-02-12 10:56:28.501,0.1551360655387342,0.02904741742569628,0.050000000000000044,0.014099795838866306,0.025000000000000133,0.015808547532438467,0.02499999999999991,0.8919096336924138,2.220446049250313e-16
1848,3B004CDB63,201-2025-02-12,2025-02-12 10:56:43.501,0.0918532097116226,0.012159189425662003,0.04999999999999999,0.007388289625795619,0.03199999999999997,0.005195988083551121,0.018000000000000016,1.4219219726820853,0.013999999999999957
1849,3B0018C2F6,202-2025-02-12,2025-02-12 10:57:01.503,0.1500125646148875,0.026493647503736444,0.07499999999999996,0.01629460216633757,0.05400000000000005,0.01095900350542025,0.020999999999999908,1.4868689619707094,0.03300000000000014
1850,3B0018C2F6,203-2025-02-12,2025-02-12 10:58:00.502,0.1500125646148875,0.02090798164998113,0.05499999999999994,0.012819775780425684,0.03600000000000003,0.008804195242102164,0.018999999999999906,1.4560985334719505,0.017000000000000126
1851,011016B2E1,204-2025-02-12,2025-02-12 10:58:15.502,0.097949901711879,-0.00022043253756240733,0.03299999999999992,-0.000373249669939377,0.026000000000000023,0.00018731894440261388,0.006999999999999895,-1.9925890097753969,0.019000000000000128
1852,011016B2E1,205-2025-02-12,2025-02-12 10:58:59.504,0.097949901711879,0.0007070533102258441,0.02400000000000002,0.0004112785320665655,0.014000000000000012,0.0003432255775817461,0.010000000000000009,1.1982747176486612,0.0040000000000000036
1853,3B001870F2,206-2025-02-12,2025-02-12 11:00:32.504,0.0930652263761651,0.011732715066178871,0.051999999999999935,0.00709341829877101,0.03399999999999992,0.005077492323662331,0.018000000000000016,1.3970318114936346,0.015999999999999903
1854,01103F97C4,208-2025-02-12,2025-02-12 11:05:43.506,0.1676441888996202,0.02172823063797928,0.04199999999999998,0.009608017867744328,0.01699999999999996,0.013013483407185179,0.025000000000000022,0.7383125307125239,-0.008000000000000063
1855,3B0018D520,209-2025-02-12,2025-02-12 11:07:07.507,0.0967763563862768,0.01270856406310123,0.06700000000000006,0.008084824258879176,0.04800000000000004,0.005028954186068902,0.019000000000000017,1.6076551823191345,0.029000000000000026
1856,01103F97C4,210-2025-02-12,2025-02-12 11:07:16.507,0.1352238342097188,0.024842639175568098,0.07099999999999995,0.01629940680684832,0.05400000000000005,0.009369948746491264,0.016999999999999904,1.739540657888007,0.037000000000000144
1857,3B004C4B80,211-2025-02-12,2025-02-12 11:07:32.507,0.1023562086436667,0.014100771573111126,0.05299999999999999,0.0055850081022487735,0.02400000000000002,0.008907919959651194,0.02899999999999997,0.6269710692896105,-0.004999999999999949
1858,3B001877B5,212-2025-02-12,2025-02-12 11:07:46.507,0.1498618799098811,0.02366917391349167,0.07099999999999995,0.016455558961395528,0.05499999999999994,0.007948554463539523,0.016000000000000014,2.0702580622524667,0.038999999999999924
1859,3B0019F652,213-2025-02-12,2025-02-12 11:07:52.507,0.0885024370460512,0.008889085732526818,0.05799999999999994,0.00576735125916859,0.038999999999999924,0.0033907524963086083,0.019000000000000017,1.7009059981367853,0.019999999999999907
1860,3B004B0F76,214-2025-02-12,2025-02-12 11:08:16.508,0.1599113396077151,0.020373838320003217,0.06900000000000017,0.01392123641981215,0.05300000000000016,0.007120456874255206,0.016000000000000014,1.9551043796284913,0.037000000000000144
1861,3B004CDB63,215-2025-02-12,2025-02-12 11:08:21.508,0.0918532097116226,0.013683056934923428,0.050999999999999934,0.008307914237279876,0.03200000000000003,0.005853537835155897,0.018999999999999906,1.4192979478808838,0.013000000000000123
1862,011016B2E1,217-2025-02-12,2025-02-12 11:08:36.508,0.097949901711879,0.01269925323523954,0.05300000000000005,0.007846151213252066,0.03500000000000003,0.005283881708709881,0.018000000000000016,1.484921814263664,0.017000000000000015
1863,3B004C4B80,218-2025-02-12,2025-02-12 11:08:39.509,0.1023562086436667,0.013077626243866661,0.05899999999999994,0.006982208402960375,0.03499999999999992,0.006518055462425326,0.02400000000000002,1.0712103392201484,0.010999999999999899
1864,3B0019B8CC,221-2025-02-12,2025-02-12 11:09:28.508,0.1540612059399422,0.025195547481932732,0.05900000000000016,0.014982739787800086,0.037000000000000144,0.010984357138748214,0.02200000000000002,1.3640069781550757,0.015000000000000124
1865,3B0019F652,222-2025-02-12,2025-02-12 11:09:37.509,0.0885024370460512,0.009586765983397864,0.06799999999999995,0.0065624753757226985,0.04999999999999993,0.003295799344663374,0.018000000000000016,1.9911635052506438,0.03199999999999992
1866,3B0018C2F6,223-2025-02-12,2025-02-12 11:10:34.509,0.1135788448644897,0.025500566671389332,0.050000000000000044,0.014103976208278586,0.028000000000000025,0.012271801876745694,0.02200000000000002,1.1492995364441752,0.006000000000000005
1867,01103FD532,224-2025-02-12,2025-02-12 11:10:59.508,0.1694199642197809,0.01896958889811662,0.0649999999999995,0.01303516276251141,0.049999999999998934,0.006595069350417615,0.015000000000000568,1.9765012420507742,0.034999999999998366
1868,3B0019B8CC,227-2025-02-12,2025-02-12 11:11:32.510,0.1540612059399421,0.02636537853012416,0.052999999999999936,0.012618632566044613,0.026999999999999913,0.014502986207681947,0.026000000000000023,0.8700713346442246,0.0009999999999998899
1869,01103F88A1,228-2025-02-12,2025-02-12 11:11:45.508,0.1192401311160238,0.012885600237682994,0.059,0.006160904168618234,0.03300000000000003,0.0070996941076429424,0.025999999999999968,0.8677703680199285,0.007000000000000062
1870,3B0019F652,229-2025-02-12,2025-02-12 11:12:06.506,0.0858716851721489,0.010116071701773685,0.053999999999999826,0.006903489686444517,0.03799999999999981,0.0035357406292366336,0.016000000000000014,1.952487586153903,0.021999999999999797
1871,3B0018D520,230-2025-02-12,2025-02-12 11:12:10.506,0.0967763563862768,0.012497921176663812,0.057999999999999996,0.007873296285252993,0.040000000000000036,0.005022528242785664,0.01799999999999996,1.567596219406463,0.022000000000000075
1872,011016B2E1,232-2025-02-12,2025-02-12 11:13:14.497,0.097949901711879,0.00407941626435645,0.035999999999999976,0.002722239456079817,0.024999999999999967,0.0015509758274399833,0.01100000000000001,1.7551785191733797,0.013999999999999957
1873,3B0018A99B,234-2025-02-12,2025-02-12 11:13:28.498,0.0883273548306757,0.0035596450595339344,0.03299999999999992,0.0022141132733447468,0.020999999999999908,0.001521525537413862,0.01200000000000001,1.4551929750111698,0.008999999999999897
1874,3B00191394,236-2025-02-12,2025-02-12 11:13:51.494,0.0979645594476272,0.010386126558997616,0.050000000000000044,0.006804186760446772,0.03400000000000003,0.003942912125996128,0.016000000000000014,1.7256754761502016,0.018000000000000016
1875,3B0018D520,237-2025-02-12,2025-02-12 11:14:17.489,0.0977295781574548,0.012354831138475601,0.050999999999999934,0.00782957573494114,0.03400000000000003,0.004951787935642726,0.016999999999999904,1.5811613576147392,0.017000000000000126
1876,3B0019B8CC,240-2025-02-12,2025-02-12 11:14:42.486,0.1540612059399422,0.02601255049195682,0.051999999999999824,0.012497227258487119,0.026999999999999913,0.014265308860467252,0.02499999999999991,0.8760572505457677,0.0020000000000000018
1877,01103FD2E8,242-2025-02-12,2025-02-12 11:15:47.479,0.1613002762856832,0.029528903173794054,0.04899999999999993,0.013537276855499474,0.02400000000000002,0.016918552432403703,0.02499999999999991,0.8001439194982101,-0.0009999999999998899
1878,3B0018D520,244-2025-02-12,2025-02-12 11:17:11.472,0.0967763563862768,0.011509862717329216,0.051999999999999824,0.006913436436744207,0.03400000000000003,0.0050089106145957,0.017999999999999794,1.3802275521944471,0.016000000000000236
1879,3B004CDB63,245-2025-02-12,2025-02-12 11:17:23.472,0.0918532097116226,0.012595312192790427,0.04799999999999999,0.007666864649158329,0.030999999999999972,0.005398191231669807,0.017000000000000015,1.4202654778472457,0.013999999999999957
1880,01103FD2E8,247-2025-02-12,2025-02-12 11:17:41.472,0.0834828581821008,0.030491117842374096,0.07299999999999995,0.020159179974833154,0.05500000000000016,0.011264576003561753,0.017999999999999794,1.7896084121105855,0.037000000000000366
1881,3B004ACEEA,248-2025-02-12,2025-02-12 11:18:09.474,0.1340366575653846,0.012434536567756217,0.04499999999999993,0.005501529653444146,0.020999999999999908,0.007345206190908479,0.02400000000000002,0.7489959451721938,-0.0030000000000001137
1882,3B00191394,249-2025-02-12,2025-02-12 11:18:18.474,0.0979645594476272,0.011142973275834737,0.049000000000000044,0.006587080531566787,0.031000000000000028,0.004973698614151612,0.018000000000000016,1.3243827265336576,0.013000000000000012
1883,3B0019B8CC,250-2025-02-12,2025-02-12 11:18:30.473,0.1540612059399422,0.026610006785648562,0.05399999999999994,0.012146834249239846,0.027000000000000024,0.015208578405296977,0.026999999999999913,0.7986830803994961,1.1102230246251565e-16
1884,01103FD532,251-2025-02-12,2025-02-12 11:18:48.474,0.1719614761544193,0.01783675224363359,0.06800000000000006,0.012099433052039211,0.05400000000000005,0.006394068818940414,0.014000000000000012,1.8922900886206375,0.040000000000000036
1885,3B0018D520,252-2025-02-12,2025-02-12 11:18:56.473,0.0967763563862768,0.011377673413971012,0.065,0.007740094577155489,0.04999999999999999,0.004046356455834591,0.015000000000000013,1.9128553457011335,0.034999999999999976
1886,3B004ACEEA,253-2025-02-12,2025-02-12 11:19:08.474,0.1340366575653846,0.010391846697205354,0.04799999999999993,0.0070161154296956504,0.03399999999999992,0.0037526364690679877,0.014000000000000012,1.8696496416659796,0.019999999999999907
1887,3B004CA42C,259-2025-02-12,2025-02-12 11:21:22.476,0.1034674262631248,0.014039237717896464,0.05699999999999994,0.007383851615475,0.03299999999999992,0.0070871375607035715,0.02400000000000002,1.0418665578634503,0.008999999999999897
1888,01103F97C4,260-2025-02-12,2025-02-12 11:21:44.476,0.1520991543105883,0.026736810644278342,0.07500000000000007,0.01822825342646543,0.05500000000000005,0.009200794669574852,0.020000000000000018,1.9811607672044391,0.03500000000000003
1889,01103F97C4,262-2025-02-12,2025-02-12 11:23:04.474,0.1384621737390276,0.026616086099064098,0.050999999999999934,0.013115804172220092,0.025000000000000133,0.014397740601503646,0.0259999999999998,0.910962666659679,-0.0009999999999996678
1890,011016B2E1,265-2025-02-12,2025-02-12 11:23:58.475,0.097949901711879,0.011025581935174295,0.063,0.005825916361278018,0.03899999999999998,0.00552322948410808,0.02400000000000002,1.0548025169044406,0.014999999999999958
1891,3B00186448,267-2025-02-12,2025-02-12 11:24:38.475,0.1576909466859353,0.02765522375342807,0.07400000000000007,0.01830760277297358,0.05499999999999994,0.010114470183518359,0.019000000000000128,1.8100407080942333,0.03599999999999981
1892,3B00191394,272-2025-02-12,2025-02-12 11:26:20.478,0.0979645594476272,0.011139372532107238,0.056999999999999995,0.006608003897550677,0.03699999999999998,0.004903760408844855,0.020000000000000018,1.3475380823320606,0.01699999999999996
1893,3B001877B5,273-2025-02-12,2025-02-12 11:26:50.478,0.1720534263134757,0.025589921116010786,0.05799999999999994,0.01701767301712194,0.041000000000000036,0.009362694188631435,0.016999999999999904,1.8176042786685795,0.024000000000000132
1894,3B00191394,276-2025-02-12,2025-02-12 11:28:30.478,0.0979645594476272,0.010219738216949877,0.04699999999999993,0.006010433779803976,0.028999999999999915,0.004604463916553041,0.018000000000000016,1.3053493063973147,0.010999999999999899
1895,3B00191394,277-2025-02-12,2025-02-12 11:29:11.478,0.0950579028865163,0.010753276316578058,0.052999999999999936,0.0068100281179420425,0.037000000000000144,0.004351241004066984,0.015999999999999792,1.565077207071936,0.02100000000000035
1896,3B001877B5,279-2025-02-12,2025-02-12 11:29:38.479,0.1653072972342955,0.026041072455404667,0.07200000000000006,0.017304248260040393,0.05499999999999994,0.009526205117373484,0.017000000000000126,1.8164891524833586,0.03799999999999981
1897,3B004CD4DE,280-2025-02-12,2025-02-12 11:29:41.479,0.1003986183690209,0.014235731900269605,0.07700000000000007,0.007443564076561181,0.05500000000000005,0.0072429846901000275,0.02200000000000002,1.0276929187404347,0.03300000000000003
1898,3B004CA42C,281-2025-02-12,2025-02-12 11:29:53.479,0.1078656181881558,0.013393495181452856,0.09299999999999997,0.006567194827699346,0.05500000000000016,0.007304600040147059,0.03799999999999981,0.8990492007235392,0.017000000000000348
1899,3B00484043,283-2025-02-12,2025-02-12 11:30:18.479,0.0938208148313449,0.002810476636342388,0.05399999999999999,0.0012092358791299536,0.025000000000000022,0.001683390745380245,0.02899999999999997,0.7183334483978114,-0.003999999999999948
1900,3B00185CB8,284-2025-02-12,2025-02-12 11:30:45.480,0.0985461603137759,0.005864938819279674,0.04500000000000004,0.003653878394651609,0.029000000000000026,0.002431699251946551,0.016000000000000014,1.502602919224783,0.013000000000000012
1901,3B001877B5,285-2025-02-12,2025-02-12 11:30:58.480,0.1720534263134757,0.025678293044992837,0.06699999999999995,0.017145212174103606,0.04899999999999993,0.00928683146412381,0.018000000000000016,1.846185347536208,0.030999999999999917
1902,3B00182DFC,286-2025-02-12,2025-02-12 11:31:08.481,0.0960316735637713,0.014884314050990144,0.04799999999999993,0.007672354336848144,0.02499999999999991,0.007682391553060936,0.02300000000000002,0.9986934776568642,0.0019999999999998908
1903,3B0018C2F6,288-2025-02-12,2025-02-12 11:31:56.479,0.1515817439692619,0.02345787489953255,0.04600000000000004,0.011373331474458879,0.02300000000000002,0.012945758836594712,0.02300000000000002,0.8785372582647732,0.0
1904,3B001877B5,290-2025-02-12,2025-02-12 11:32:46.479,0.1667463987055132,0.025662924782772076,0.07800000000000007,0.013802470965226422,0.05499999999999994,0.012643950290308013,0.02300000000000013,1.091626481306752,0.031999999999999806
1905,3B00186448,291-2025-02-12,2025-02-12 11:33:14.481,0.1325729012040772,0.026930944065865596,0.07100000000000017,0.018506936774584735,0.053999999999999826,0.0091998471508209,0.017000000000000348,2.0116569842068914,0.03699999999999948
1906,3B00186448,294-2025-02-12,2025-02-12 11:33:53.481,0.1284695305659375,0.02640059022916091,0.052999999999999936,0.018832532488597137,0.03699999999999992,0.008378148800136162,0.016000000000000014,2.2478154706790443,0.020999999999999908
1907,3B0019F652,298-2025-02-12,2025-02-12 11:42:45.486,0.0885024370460512,0.00962802566505417,0.06499999999999995,0.006757631085893127,0.04999999999999993,0.003185160021356333,0.015000000000000013,2.121598613753645,0.03499999999999992
1908,3B001857EE,299-2025-02-12,2025-02-12 11:43:59.487,0.1069375408356136,0.014646978802418295,0.05500000000000005,0.005798430576115771,0.025000000000000022,0.009247398025992642,0.030000000000000027,0.6270337407146861,-0.0050000000000000044
1909,3B0019F652,300-2025-02-12,2025-02-12 11:44:50.485,0.0885024370460512,0.01041989739839762,0.04700000000000015,0.005458720884124874,0.025000000000000133,0.005301039175409702,0.02200000000000002,1.029745433583404,0.0030000000000001137
1910,3B004ACEEA,303-2025-02-12,2025-02-12 11:45:43.487,0.1010781354614467,0.014555360649921282,0.04400000000000004,0.006655818983783358,0.020000000000000018,0.008390712947191107,0.02400000000000002,0.7932364062116407,-0.0040000000000000036
1911,3B001857EE,305-2025-02-12,2025-02-12 11:46:20.488,0.1069375408356136,0.004356015482103118,0.03699999999999992,0.002614230122013837,0.02200000000000002,0.0019182651595162224,0.014999999999999902,1.362809572516624,0.007000000000000117
1912,3B0018A99B,306-2025-02-12,2025-02-12 11:48:01.487,0.0883273548306758,0.00447311311037041,0.038000000000000034,0.0029472845208819974,0.025000000000000133,0.001713187591948972,0.0129999999999999,1.7203513116325346,0.012000000000000233
1913,3B004ACEEA,307-2025-02-12,2025-02-12 11:49:03.487,0.097195942739106,0.011108267179013911,0.07299999999999951,0.007337073173502558,0.054999999999999716,0.004137907261881323,0.017999999999999794,1.7731362036776814,0.03699999999999992
1914,3B0018F763,308-2025-02-12,2025-02-12 11:49:49.490,0.0882019420166415,0.005157017356636978,0.08000000000000007,0.0021504145555875987,0.05500000000000005,0.0032520256877055604,0.025000000000000022,0.6612538651577521,0.030000000000000027
1915,3B0018F763,309-2025-02-12,2025-02-12 11:50:25.488,0.1094391649153988,0.006475348869608558,0.04200000000000004,0.003935894096878628,0.025000000000000022,0.0027717570366791776,0.017000000000000015,1.4199996770258747,0.008000000000000007
1916,3B00484043,310-2025-02-12,2025-02-12 11:50:49.489,0.0919619928025797,0.0025907409876656383,0.10300000000000001,0.001237214592999574,0.05000000000000002,0.0014061241543975769,0.05299999999999999,0.879875784176136,-0.002999999999999975
1917,3B001870F2,312-2025-02-12,2025-02-12 11:51:41.489,0.0931039693789204,0.012651163521860135,0.053999999999999826,0.007814082272506776,0.03600000000000003,0.0052681191955968685,0.017999999999999794,1.4832774245195213,0.018000000000000238
1918,3B004CDB63,313-2025-02-12,2025-02-12 11:52:02.490,0.0918532097116226,0.012926993472223699,0.04899999999999999,0.007539827121854634,0.02999999999999997,0.005860526155357602,0.019000000000000017,1.286544402666276,0.010999999999999954
1919,3B004C4B80,316-2025-02-12,2025-02-12 11:52:56.490,0.1023562086436667,0.011766081382770832,0.08199999999999999,0.0068252535989199534,0.05400000000000002,0.005266452219005744,0.02799999999999997,1.2959869975253466,0.02600000000000005
1920,3B004C4B80,319-2025-02-12,2025-02-12 11:55:22.492,0.1023562086436667,0.005295039513222353,0.05400000000000005,0.002600888219164464,0.028999999999999915,0.002838167313219448,0.025000000000000133,0.916397073227572,0.0039999999999997815
1921,3B004ACEEA,321-2025-02-12,2025-02-12 11:55:41.492,0.1340366575653846,0.012992879018416456,0.04600000000000004,0.006459895444885373,0.02400000000000002,0.006978454915621627,0.02200000000000002,0.9256913633452825,0.0020000000000000018
1922,3B004CDB63,324-2025-02-12,2025-02-12 11:56:01.491,0.0918532097116226,0.01230562450703468,0.046999999999999986,0.006833310667596428,0.027000000000000024,0.005927962527473527,0.019999999999999962,1.152725010646914,0.007000000000000062
1923,3B00186448,326-2025-02-12,2025-02-12 11:56:45.492,0.1499705050319192,0.0253727611686352,0.07100000000000001,0.018280073221082885,0.05499999999999999,0.00784236493270671,0.016000000000000014,2.3309388657553467,0.03899999999999998
1924,3B0018C2F6,328-2025-02-12,2025-02-12 11:57:18.491,0.1500125646148875,0.024242819237301306,0.07799999999999985,0.015057218536110273,0.05499999999999994,0.009873393112362695,0.02299999999999991,1.5250297810239921,0.03200000000000003
1925,3B004ACEEA,332-2025-02-12,2025-02-12 11:57:53.493,0.1340366575653846,0.00961158072009391,0.04499999999999993,0.006205039351064862,0.030999999999999917,0.0038069059259605307,0.014000000000000012,1.6299429173572897,0.016999999999999904
1926,3B00186448,335-2025-02-12,2025-02-12 11:58:24.494,0.1463754415781827,0.027240612118814265,0.07200000000000006,0.019428211008323714,0.05499999999999994,0.00855055024652441,0.017000000000000126,2.2721591532920127,0.03799999999999981
1927,3B0018D520,336-2025-02-12,2025-02-12 11:58:29.493,0.0967763563862768,0.0034572360887293453,0.06300000000000006,0.0022631523939810262,0.04700000000000004,0.0013179674843349714,0.016000000000000014,1.717153435786758,0.031000000000000028
1928,3B0018F763,338-2025-02-12,2025-02-12 11:58:47.492,0.1094391649153988,0.006087109894685933,0.038000000000000034,0.003431238902036526,0.02100000000000002,0.0029011973014333816,0.017000000000000015,1.182697536751902,0.0040000000000000036
1929,011016B2E1,339-2025-02-12,2025-02-12 11:58:52.494,0.0958298462249759,0.0044896513859899075,0.038999999999999924,0.002698324971508635,0.02499999999999991,0.0019881959296893397,0.014000000000000012,1.3571725659504064,0.010999999999999899
1930,3B0018C2F6,340-2025-02-12,2025-02-12 11:58:58.494,0.1230733301469935,0.026231180848236793,0.04600000000000004,0.016246841056811432,0.028999999999999915,0.010960447940208935,0.017000000000000126,1.482315425924255,0.011999999999999789
1931,3B001870F2,342-2025-02-12,2025-02-12 11:59:15.493,0.0967317133589356,0.005050188123870916,0.040999999999999925,0.0031547715233470964,0.026000000000000023,0.002093792333044061,0.014999999999999902,1.5067260843201817,0.01100000000000012
1932,01103FD2E8,343-2025-02-12,2025-02-12 11:59:22.494,0.1450978894709438,0.011693207882826268,0.05700000000000016,0.008140181757583919,0.04100000000000015,0.003880114386686333,0.016000000000000014,2.0979231399762255,0.025000000000000133
1933,01103FD532,344-2025-02-12,2025-02-12 12:00:02.493,0.1706038029872537,0.021614428601408463,0.07299999999999995,0.013118759063700601,0.05500000000000016,0.00925266087385027,0.017999999999999794,1.4178363654045336,0.037000000000000366
1934,3B004C4B80,345-2025-02-12,2025-02-12 12:00:13.494,0.1070701097391588,0.01486809031670281,0.05400000000000005,0.005693319180656962,0.02300000000000013,0.009585573335583629,0.030999999999999917,0.5939466510075286,-0.007999999999999785
1935,3B00199DE5,347-2025-02-12,2025-02-12 12:03:38.496,0.1085900641703506,0.0057921443458113534,0.06199999999999983,0.00273648745014559,0.040999999999999925,0.003273833123226174,0.020999999999999908,0.83586650484156,0.020000000000000018
1936,3B00191394,349-2025-02-12,2025-02-12 12:04:07.495,0.0979645594476272,0.0042527391761851855,0.04200000000000004,0.0026087196723267865,0.027000000000000024,0.0018094416802976762,0.015000000000000013,1.4417263074749216,0.01200000000000001
1937,01101763D0,350-2025-02-12,2025-02-12 12:04:35.498,0.1497460806109001,0.008483025151477872,0.04499999999999993,0.005080414949474535,0.028000000000000025,0.0036938449160116055,0.016999999999999904,1.3753731044453446,0.01100000000000012
1938,01103FD2E8,351-2025-02-12,2025-02-12 12:05:02.497,0.1574501305815403,0.02899717001480764,0.06400000000000006,0.013458904571650304,0.038000000000000034,0.016404080584587186,0.026000000000000023,0.8204607690293788,0.01200000000000001
1939,3B00182DFC,357-2025-02-12,2025-02-12 12:06:11.497,0.0960316735637713,0.01514673118188067,0.06700000000000006,0.010188165879475646,0.04800000000000004,0.005382315476174501,0.019000000000000017,1.8928964540586386,0.029000000000000026
1940,3B00191394,358-2025-02-12,2025-02-12 12:06:16.496,0.0979645594476272,0.00340342137025952,0.062,0.001645258783569313,0.02999999999999997,0.0018474498045866071,0.03200000000000003,0.8905566903548229,-0.0020000000000000573
1941,3B00182DFC,361-2025-02-12,2025-02-12 12:07:35.497,0.0960316735637713,0.0025804142005560545,0.026000000000000023,0.0012804134132757097,0.01100000000000001,0.0014683149671740857,0.015000000000000013,0.8720291231110919,-0.0040000000000000036
1942,3B0018D520,363-2025-02-12,2025-02-12 12:07:54.498,0.0967763563862768,0.012507257114294757,0.052999999999999936,0.0077604625135305975,0.03500000000000003,0.0051660509401535845,0.017999999999999905,1.5022040245890185,0.017000000000000126
1943,011016B2E1,366-2025-02-12,2025-02-12 12:09:42.498,0.0975712245993194,0.005738511222639024,0.03599999999999959,0.0031112945496141824,0.019999999999999574,0.002881728472521175,0.016000000000000014,1.0796626327851646,0.0039999999999995595
1944,3B00191394,369-2025-02-12,2025-02-12 12:13:13.493,0.0979645594476272,0.010274316975255719,0.05799999999999994,0.006135975660081826,0.040999999999999925,0.004534233167919655,0.017000000000000015,1.3532554310384228,0.02399999999999991
1945,01103F97C4,372-2025-02-12,2025-02-12 12:14:16.488,0.1471560413547673,0.028276317684097187,0.07799999999999985,0.01587665048393653,0.05499999999999994,0.013244528742201146,0.02299999999999991,1.1987327592373016,0.03200000000000003
1946,3B0019248A,374-2025-02-12,2025-02-12 12:14:38.487,0.1238041149837782,0.006566424431465541,0.04499999999999993,0.003950989771336253,0.028000000000000025,0.002836702733334643,0.016999999999999904,1.3928106476957938,0.01100000000000012
1947,01103F97C4,376-2025-02-12,2025-02-12 12:15:26.484,0.1613261217129638,0.025902359316269687,0.052000000000000046,0.013256916492858496,0.026999999999999913,0.013485091414157808,0.025000000000000133,0.98307946796269,0.0019999999999997797
1948,3B004CC5C5,378-2025-02-12,2025-02-12 12:15:41.483,0.090335045912243,0.013246111476650219,0.05600000000000005,0.008741048459090841,0.03799999999999981,0.004890020065385922,0.018000000000000238,1.7875281373515173,0.019999999999999574
1949,011016B2E1,382-2025-02-12,2025-02-12 12:16:37.480,0.097949901711879,0.016202194374143584,0.051000000000000156,0.006023183580742178,0.020000000000000462,0.010680463826742034,0.030999999999999694,0.5639440082799745,-0.010999999999999233
1950,3B0019B8CC,384-2025-02-12,2025-02-12 12:18:07.478,0.1540612059399422,0.010277885788606216,0.04400000000000004,0.005699685684757861,0.025000000000000133,0.004923559561614651,0.018999999999999906,1.157635164849856,0.006000000000000227
1951,3B00186448,385-2025-02-12,2025-02-12 12:18:32.477,0.1626059214980566,0.023261350756305293,0.06499999999999995,0.0159321429564456,0.04899999999999993,0.008076062979030069,0.016000000000000014,1.9727611087003982,0.03299999999999992
1952,3B004CDB63,387-2025-02-12,2025-02-12 12:18:53.476,0.099639007075787,0.010862901502506052,0.06099999999999994,0.0058934427783304795,0.03600000000000003,0.005344283609327714,0.02499999999999991,1.102756367204069,0.01100000000000012
1953,3B0019B8CC,388-2025-02-12,2025-02-12 12:19:13.475,0.1540612059399421,0.011377006529661515,0.04399999999999982,0.006380896449951772,0.02499999999999991,0.005384409785240049,0.018999999999999906,1.1850688755977175,0.006000000000000005
1954,011016B2E1,390-2025-02-12,2025-02-12 12:20:00.476,0.097949901711879,0.003208580967493136,0.033999999999999975,0.0019633403461608986,0.021999999999999964,0.001401786679338928,0.01200000000000001,1.4005985183757026,0.009999999999999953
1955,3B00186448,391-2025-02-12,2025-02-12 12:20:09.475,0.1148619634635704,0.02883587287546393,0.07299999999999995,0.019275854521557882,0.05500000000000016,0.010449631655547314,0.017999999999999794,1.8446444005827767,0.037000000000000366
1956,3B004CDB63,392-2025-02-12,2025-02-12 12:20:21.475,0.0918532097116226,0.003922028380518286,0.09699999999999998,0.0016163583194639545,0.05499999999999999,0.0024110777431265882,0.04199999999999998,0.6703883041813187,0.013000000000000012
1957,01103FD532,394-2025-02-12,2025-02-12 12:20:52.474,0.1712564811480661,0.022061509807659446,0.05999999999999983,0.013776686125657089,0.040999999999999925,0.008984163487801476,0.018999999999999906,1.533441165041443,0.02200000000000002
1958,3B004AB6A7,395-2025-02-12,2025-02-12 12:20:59.474,0.1049930336483549,0.015013749604041324,0.06700000000000017,0.006048171334542591,0.03399999999999981,0.0093191968377375,0.03300000000000036,0.6490013506368815,0.0009999999999994458
1959,3B001877B5,396-2025-02-12,2025-02-12 12:21:24.472,0.1689777787788599,0.024922484049937313,0.06400000000000006,0.01676558349133305,0.04599999999999982,0.008902206532570624,0.018000000000000238,1.8833065072117325,0.02799999999999958
1960,3B0049A710,401-2025-02-12,2025-02-12 12:23:33.473,0.0961437705181517,0.0042725840728660295,0.06800000000000006,0.0028547177010834787,0.04700000000000015,0.0015375262433190203,0.020999999999999908,1.8566952684469757,0.026000000000000245
1961,3B00484043,404-2025-02-12,2025-02-12 12:24:16.473,0.0918486445676972,0.0043306064177714675,0.08200000000000002,0.00263034023053675,0.05499999999999999,0.0018065640691767206,0.027000000000000024,1.4559905598783645,0.02799999999999997
1962,3B0018D520,405-2025-02-12,2025-02-12 12:24:26.472,0.098418127936723,0.0034893625512973773,0.09799999999999986,0.0009273036973939104,0.05500000000000016,0.0026551666425389904,0.042999999999999705,0.3492450087830196,0.012000000000000455
1963,3B00199DE5,407-2025-02-12,2025-02-12 12:24:40.471,0.1085900641703506,0.011358890572809484,0.050000000000000044,0.004941968891520141,0.02400000000000002,0.006797321650411021,0.026000000000000023,0.7270464965007666,-0.0020000000000000018
1964,3B004ACEEA,408-2025-02-12,2025-02-12 12:24:57.471,0.095942339673275,0.011906632185210781,0.06899999999999995,0.008526823058288786,0.054999999999999716,0.003804188161642126,0.014000000000000234,2.2414304172084054,0.04099999999999948
1965,3B0018F763,410-2025-02-12,2025-02-12 12:26:37.472,0.1094391649153988,0.004333454171531018,0.03700000000000003,0.0027615429683905354,0.02400000000000002,0.0017532032454840557,0.013000000000000012,1.575141373656355,0.01100000000000001
1966,3B004ACEEA,411-2025-02-12,2025-02-12 12:26:48.471,0.1340366575653846,0.010993435753029055,0.05299999999999999,0.007110957935526342,0.03899999999999998,0.004311928158816896,0.014000000000000012,1.6491364590539566,0.024999999999999967
1967,3B0048BD5D,418-2025-02-12,2025-02-12 12:37:00.475,0.0897117482341589,0.01142242593974136,0.05999999999999994,0.0076213260156411606,0.04499999999999993,0.004210419793861659,0.015000000000000013,1.8101107226296622,0.029999999999999916
1968,3B004CD4DE,421-2025-02-12,2025-02-12 12:37:29.474,0.1003986183690209,0.01361428400886296,0.057999999999999996,0.008561296408861295,0.04199999999999998,0.005550795479144173,0.016000000000000014,1.5423548644565237,0.025999999999999968
1969,01101763D0,423-2025-02-12,2025-02-12 12:38:50.475,0.1497460806109001,0.02422102414905145,0.06099999999999994,0.016727462066663076,0.04499999999999993,0.008236516161755945,0.016000000000000014,2.030890456371902,0.028999999999999915
1970,3B004CA42C,424-2025-02-12,2025-02-12 12:39:00.474,0.1078656181881558,0.013621606033083593,0.04899999999999999,0.005170668158250575,0.019000000000000017,0.008866134335548595,0.02999999999999997,0.5831930763240164,-0.010999999999999954
1971,3B00484043,425-2025-02-12,2025-02-12 12:39:26.475,0.0938208148313449,0.012076451751506874,0.06200000000000028,0.006084355727085047,0.038000000000000256,0.006353129045410559,0.02400000000000002,0.9576943398435026,0.014000000000000234
1972,3B00191394,426-2025-02-12,2025-02-12 12:39:47.476,0.0979645594476272,0.010797013582695546,0.067,0.006759304346348554,0.046999999999999986,0.004392696670953434,0.020000000000000018,1.5387596396182412,0.02699999999999997
1973,3B001857EE,428-2025-02-12,2025-02-12 12:40:05.476,0.103714865102031,0.013909835091813394,0.05500000000000016,0.008760246393134333,0.038000000000000034,0.005613508370919529,0.017000000000000126,1.560565303245348,0.020999999999999908
1974,3B00186448,429-2025-02-12,2025-02-12 12:40:29.478,0.1499705050319192,0.025938838532753347,0.05999999999999983,0.017795864147001742,0.04299999999999993,0.008900821564265709,0.016999999999999904,1.9993507361665495,0.026000000000000023
1975,3B0018A99B,430-2025-02-12,2025-02-12 12:40:31.475,0.0883273548306758,0.006369756833036555,0.02300000000000002,0.0033597705402061448,0.01100000000000001,0.0034575523327946924,0.01200000000000001,0.9717193600625816,-0.0010000000000000009
1976,3B004C4B80,433-2025-02-12,2025-02-12 12:41:30.476,0.1023562086436667,0.012891429326367134,0.05399999999999999,0.006724141248684516,0.02899999999999997,0.006592090170413939,0.025000000000000022,1.0200317463591801,0.003999999999999948
1977,01103FD532,435-2025-02-12,2025-02-12 12:41:52.478,0.1724878927364887,0.019839596774441626,0.05799999999999994,0.013346940224251149,0.04299999999999993,0.007181701325653551,0.015000000000000013,1.858464954059691,0.027999999999999914
1978,01103F97C4,436-2025-02-12,2025-02-12 12:42:01.477,0.141540803366635,0.026973257888824643,0.07200000000000006,0.013816520661021637,0.049000000000000155,0.014131431546332538,0.02299999999999991,0.9777155708338249,0.026000000000000245
1979,3B00186448,437-2025-02-12,2025-02-12 12:42:19.477,0.1471300256827889,0.025285264289350816,0.07099999999999995,0.017235613844645167,0.05499999999999994,0.008854504880260043,0.016000000000000014,1.9465361505497283,0.038999999999999924
1980,01103F9A64,439-2025-02-12,2025-02-12 12:42:33.476,0.1892092603376109,0.02127779602524822,0.07999999999999996,0.009869213246804875,0.04999999999999993,0.012011996888295873,0.030000000000000027,0.8216130372478816,0.019999999999999907
1981,3B00484043,441-2025-02-12,2025-02-12 12:42:59.477,0.0929219327763579,0.001049372419475049,0.06299999999999972,0.0008303519714285944,0.05400000000000027,0.0002567595564422279,0.008999999999999453,3.2339671517364823,0.04500000000000082
1982,01103F97C4,442-2025-02-12,2025-02-12 12:43:04.477,0.1373686668610394,0.028586109565048985,0.08700000000000019,0.012580960861515963,0.05500000000000016,0.01675856471820476,0.03200000000000003,0.7507182788660486,0.02300000000000013
1983,3B0019B8CC,443-2025-02-12,2025-02-12 12:43:50.477,0.1540612059399421,0.02791728460128829,0.05400000000000005,0.01087492360535903,0.02400000000000002,0.01779652699162729,0.030000000000000027,0.6110699919414244,-0.006000000000000005
1984,3B00186448,444-2025-02-12,2025-02-12 12:44:09.477,0.1140165773503996,0.02580424701207161,0.07200000000000006,0.01575324117120413,0.05400000000000005,0.010964219755666362,0.018000000000000016,1.4367863397724017,0.03600000000000003
1985,01103FD532,445-2025-02-12,2025-02-12 12:44:19.477,0.1724878927364887,0.026754688121367862,0.06499999999999995,0.012882216796664106,0.040999999999999925,0.014724848244360546,0.02400000000000002,0.8748624490305259,0.016999999999999904
1986,3B001877B5,446-2025-02-12,2025-02-12 12:44:22.478,0.1623336671109463,0.023521850491988017,0.07,0.016770072319835034,0.05499999999999999,0.007494516169631512,0.015000000000000013,2.2376457586133385,0.03999999999999998
1987,01103F97C4,447-2025-02-12,2025-02-12 12:44:42.477,0.1580005473840387,0.025928627904014855,0.04500000000000015,0.014454393997373957,0.025000000000000133,0.012328585957910188,0.020000000000000018,1.1724291858548321,0.0050000000000001155
1988,01103FD532,449-2025-02-12,2025-02-12 12:45:42.478,0.1718223313606643,0.021840244597721468,0.04899999999999993,0.013493375814266946,0.030999999999999694,0.009116659577141922,0.018000000000000238,1.4800789368179004,0.012999999999999456
1989,3B00182DFC,450-2025-02-12,2025-02-12 12:45:52.478,0.0960316735637713,0.0146074458005138,0.04899999999999999,0.007085451104141778,0.024999999999999967,0.007966667683677972,0.02400000000000002,0.8893870543462454,0.0009999999999999454
1990,3B0018D520,452-2025-02-12,2025-02-12 12:46:15.479,0.0967763563862768,0.012606656329631481,0.061999999999999944,0.007850780103756587,0.04300000000000004,0.005156306179109515,0.018999999999999906,1.5225589464728804,0.024000000000000132
1991,3B0019248A,454-2025-02-12,2025-02-12 12:46:54.479,0.0775014343170303,0.006952278636156858,0.04800000000000004,0.004115009015840673,0.030000000000000027,0.0030870965919394876,0.018000000000000016,1.3329706062923652,0.01200000000000001
1992,3B00186448,455-2025-02-12,2025-02-12 12:47:07.479,0.1493381124490891,0.02575524006370729,0.07099999999999995,0.0179529087601355,0.05400000000000005,0.00858465494788146,0.016999999999999904,2.09127901693544,0.037000000000000144
1993,3B001877B5,456-2025-02-12,2025-02-12 12:47:12.479,0.1481646297399453,0.029730391405105375,0.051999999999999824,0.020750033798387867,0.03499999999999992,0.009842425066052414,0.016999999999999904,2.108223700880078,0.018000000000000016
1994,3B001870F2,457-2025-02-12,2025-02-12 12:47:20.478,0.0970823911006447,0.01434377002209438,0.05900000000000005,0.009063895029794669,0.039000000000000035,0.005729978996047179,0.020000000000000018,1.5818373917334407,0.019000000000000017
1995,3B001877B5,462-2025-02-12,2025-02-12 12:48:49.479,0.1720534263134757,0.02589687741823871,0.06500000000000006,0.01739780611809502,0.04800000000000004,0.009291056111473652,0.017000000000000015,1.872532671136302,0.031000000000000028
1996,3B00182DFC,465-2025-02-12,2025-02-12 12:50:36.480,0.0960316735637713,0.01458704641455597,0.050999999999999934,0.007421582279316115,0.028000000000000025,0.007613057392397534,0.02299999999999991,0.9748491173503265,0.0050000000000001155
1997,3B0018A99B,466-2025-02-12,2025-02-12 12:50:57.479,0.0883273548306757,0.0047356901731021245,0.038999999999999924,0.002761652089339305,0.02299999999999991,0.0021632274911239997,0.016000000000000014,1.2766350745220825,0.006999999999999895
1998,3B004CD4DE,468-2025-02-12,2025-02-12 12:51:18.481,0.0988054542266479,0.015311940511341727,0.04899999999999993,0.007038395212050909,0.02400000000000002,0.008765224234014142,0.02499999999999991,0.8029908903799475,-0.0009999999999998899
1999,3B004CA42C,469-2025-02-12,2025-02-12 12:52:00.481,0.1078656181881558,0.005604610572548888,0.04800000000000004,0.003619637355188113,0.03200000000000003,0.002165183772830614,0.016000000000000014,1.6717460201801002,0.016000000000000014
2000,3B004CC5C5,474-2025-02-12,2025-02-12 12:53:38.481,0.0920052847879434,0.013563347566483225,0.04699999999999993,0.007566934210693228,0.026000000000000023,0.006441298706981744,0.020999999999999908,1.1747528805784777,0.0050000000000001155
2001,3B00186448,475-2025-02-12,2025-02-12 12:53:56.482,0.1499705050319191,0.022592713245393015,0.07000000000000006,0.01540878746523321,0.05500000000000005,0.007963966134402155,0.015000000000000013,1.934813283380433,0.040000000000000036
2002,3B004CC5C5,476-2025-02-12,2025-02-12 12:54:29.483,0.1149927026764903,0.012122419676914804,0.07699999999999996,0.00575576477107812,0.05499999999999994,0.00679897902895992,0.02200000000000002,0.8465631011011683,0.03299999999999992
2003,3B00191394,477-2025-02-12,2025-02-12 12:54:36.482,0.0948841872278726,0.005442190700946184,0.04499999999999993,0.0031300409135931674,0.028000000000000025,0.0025179820940569283,0.016999999999999904,1.2430751278894525,0.01100000000000012
2004,3B004CA42C,478-2025-02-12,2025-02-12 12:55:00.482,0.1078656181881558,0.013695709134144588,0.057999999999999996,0.00693289237940502,0.03199999999999997,0.007196798697119918,0.026000000000000023,0.9633300403663492,0.00599999999999995
2005,3B00186448,480-2025-02-12,2025-02-12 12:55:14.481,0.1634609147077538,0.022685008159198786,0.06999999999999984,0.01604412005579413,0.05499999999999994,0.007367667493868169,0.014999999999999902,2.17763899757244,0.040000000000000036
2006,3B00191394,482-2025-02-12,2025-02-12 12:55:33.483,0.0979645594476272,0.010343884459977021,0.04400000000000004,0.006396607750411404,0.028000000000000025,0.004355387182187499,0.016000000000000014,1.4686656967196885,0.01200000000000001
2007,01103FD532,483-2025-02-12,2025-02-12 12:55:58.482,0.1724878927364887,0.028786144692544945,0.051000000000000045,0.014024083792298452,0.026000000000000023,0.015624042801452968,0.025000000000000022,0.8975963500941173,0.0010000000000000009
2008,01103FD2E8,489-2025-02-12,2025-02-12 12:57:54.482,0.1450978894709438,0.02683658138837369,0.06699999999999995,0.01595173101017328,0.04600000000000004,0.011748072008502657,0.020999999999999908,1.357816925077428,0.025000000000000133
2009,01103FD2E8,490-2025-02-12,2025-02-12 12:59:00.483,0.1450978894709437,0.030108323201524227,0.08099999999999996,0.014838357665617339,0.05499999999999994,0.016142053453689482,0.026000000000000023,0.9192360630069549,0.028999999999999915
2010,3B001857EE,491-2025-02-12,2025-02-12 12:59:43.485,0.1069375408356136,0.005221834065685229,0.040000000000000036,0.0030527560094447664,0.02400000000000002,0.0023679688183092518,0.016000000000000014,1.2891875880462218,0.008000000000000007
2011,3B004C4B80,493-2025-02-12,2025-02-12 13:04:38.486,0.1023562086436667,0.005969749594531483,0.04799999999999999,0.0027860166275223345,0.02400000000000002,0.0033721652735274866,0.023999999999999966,0.8261803326762791,5.551115123125783e-17
2012,3B0019B8CC,496-2025-02-12,2025-02-12 13:05:33.488,0.1540612059399422,0.024089378870140916,0.04699999999999993,0.013338951579342834,0.026000000000000023,0.011533682060047078,0.020999999999999908,1.1565215262478274,0.0050000000000001155
2013,01101763D0,498-2025-02-12,2025-02-12 13:06:09.486,0.1497460806109001,0.023318987124499473,0.06400000000000006,0.016942310504195743,0.049000000000000155,0.007100213299604779,0.014999999999999902,2.386169230315772,0.03400000000000025
2014,3B001877B5,500-2025-02-12,2025-02-12 13:07:01.487,0.1012542943163826,0.03223196323820488,0.07500000000000001,0.022314532377745864,0.05499999999999999,0.010755092143210665,0.020000000000000018,2.074787652268725,0.034999999999999976
2015,3B0018F763,502-2025-02-12,2025-02-12 13:07:20.487,0.1044070236515776,0.0069581701132754815,0.04499999999999993,0.004555506744104444,0.028999999999999915,0.0026296888836126273,0.016000000000000014,1.7323367689968543,0.0129999999999999
2016,3B001870F2,503-2025-02-12,2025-02-12 13:07:31.487,0.0967317133589356,0.011686312503832626,0.052000000000000046,0.006903076982534214,0.03299999999999992,0.005197970088110341,0.019000000000000128,1.3280332255708966,0.01399999999999979
2017,01103FD2E8,504-2025-02-12,2025-02-12 13:08:14.488,0.1450978894709437,0.029104654900479386,0.063,0.019214809716355506,0.04300000000000004,0.01075443765079273,0.019999999999999962,1.7866866069876879,0.023000000000000076
2018,3B00484043,505-2025-02-12,2025-02-12 13:08:34.488,0.0943156099361838,0.013427826718759455,0.05299999999999999,0.006528400288512255,0.02899999999999997,0.007317228016636367,0.02400000000000002,0.8921958252044843,0.004999999999999949
2019,3B004CDB63,508-2025-02-12,2025-02-12 13:09:03.488,0.0918532097116226,0.01308998292376417,0.05099999999999999,0.007829301421891807,0.03300000000000003,0.00574712468931011,0.01799999999999996,1.362298861629822,0.015000000000000069
2020,01103F97C4,509-2025-02-12,2025-02-12 13:09:07.489,0.1676441888996202,0.023266588382072156,0.04699999999999993,0.013953559723455973,0.028000000000000025,0.01012107064255527,0.018999999999999906,1.378664393941342,0.009000000000000119
2021,3B001877B5,510-2025-02-12,2025-02-12 13:09:16.489,0.1689466866744332,0.026504920561052782,0.06099999999999994,0.01821002873672949,0.04299999999999993,0.009067716286660504,0.018000000000000016,2.008226565658899,0.02499999999999991
2022,011016B2E1,511-2025-02-12,2025-02-12 13:09:44.489,0.097949901711879,0.00023052362534990606,0.013000000000000012,0.00013618053109627334,0.007000000000000006,0.00011940040249958454,0.006000000000000005,1.1405366166730233,0.0010000000000000009
2023,01103FD2E8,512-2025-02-12,2025-02-12 13:09:49.488,0.1450978894709437,0.011005180970395392,0.051000000000000156,0.0073058229971578815,0.03500000000000014,0.004050042409101168,0.016000000000000014,1.8038880236760961,0.019000000000000128
2024,3B0018F763,513-2025-02-12,2025-02-12 13:09:56.489,0.1062597548528725,0.012705835513982395,0.06299999999999994,0.008650052190045245,0.04600000000000004,0.004438706152374627,0.016999999999999904,1.9487778404564187,0.029000000000000137
2025,0700ED9568,514-2025-02-12,2025-02-12 13:10:12.488,0.1435765448508667,0.024498344165528173,0.07000000000000006,0.015844442107084415,0.051000000000000156,0.00939200648589654,0.018999999999999906,1.687013539745436,0.03200000000000025
2026,01103FD532,515-2025-02-12,2025-02-12 13:11:53.489,0.1743154949394585,0.020374115340799664,0.05600000000000005,0.011855564395655297,0.03400000000000025,0.009187055183140528,0.021999999999999797,1.2904640452592295,0.012000000000000455
2027,011016B2E1,516-2025-02-12,2025-02-12 13:11:57.489,0.097949901711879,0.015520847806261793,0.04800000000000004,0.006365863231198712,0.02100000000000002,0.009664257838626027,0.027000000000000024,0.658701716934298,-0.006000000000000005
2028,3B001857EE,519-2025-02-12,2025-02-12 13:15:26.475,0.1032081674176353,0.005908145217981022,0.042999999999999705,0.003445423824106583,0.02499999999999991,0.0026691593314133637,0.017999999999999794,1.290827334118782,0.007000000000000117
2029,3B0049A710,520-2025-02-12,2025-02-12 13:15:41.473,0.0986234081789731,0.008997790254561424,0.08000000000000007,0.004216754903197288,0.05499999999999994,0.005253953479612177,0.025000000000000133,0.8025870269998184,0.029999999999999805
2030,3B00182A81,522-2025-02-12,2025-02-12 13:17:02.471,0.1200314724929308,0.0017859002735908128,0.062,0.001021782785596877,0.04199999999999998,0.0008270695334267615,0.020000000000000018,1.2354254924170263,0.021999999999999964
2031,3B001857EE,524-2025-02-12,2025-02-12 13:17:20.470,0.1069375408356136,0.004447928446884976,0.040000000000000036,0.002774007112311728,0.025000000000000022,0.0018484104485416908,0.015000000000000013,1.5007527762571833,0.010000000000000009
2032,3B004CD4DE,526-2025-02-12,2025-02-12 13:21:39.465,0.1003986183690208,0.00397034007249341,0.03400000000000003,0.0023473927777590015,0.020000000000000018,0.0018032791326356432,0.014000000000000012,1.3017356743479256,0.006000000000000005
2033,3B001870F2,527-2025-02-12,2025-02-12 13:22:23.463,0.0967317133589357,0.006581789408889283,0.06899999999999995,0.002971206479542813,0.052000000000000046,0.003956081562634851,0.016999999999999904,0.7510478316741058,0.03500000000000014
2034,3B004CD4DE,528-2025-02-12,2025-02-12 13:22:41.465,0.1003986183690209,0.006035874750885429,0.038000000000000034,0.0038025754273221944,0.02400000000000002,0.0024868910316811115,0.014000000000000012,1.5290478669472278,0.010000000000000009
2035,3B00186448,530-2025-02-12,2025-02-12 13:23:43.463,0.1499705050319192,0.02600778465755163,0.07100000000000001,0.017776578053374948,0.05400000000000005,0.009041529997747356,0.01699999999999996,1.9661028673027547,0.03700000000000009
2036,3B001857EE,533-2025-02-12,2025-02-12 13:24:14.464,0.0845313320401194,0.007105879024034196,0.04399999999999982,0.003861100906805475,0.02499999999999991,0.00349651586873395,0.018999999999999906,1.1042709519300815,0.006000000000000005
2037,3B004CDB63,538-2025-02-12,2025-02-12 13:26:30.464,0.0918532097116226,0.0019023547907978178,0.04400000000000004,0.0015131123012810171,0.03499999999999992,0.00045555702810454445,0.009000000000000119,3.3214552908484105,0.0259999999999998
2038,01103FD2E8,540-2025-02-12,2025-02-12 13:27:44.464,0.1351020275151478,0.008047943712076676,0.04300000000000015,0.0050954738111694846,0.028000000000000025,0.0032686495693370447,0.015000000000000124,1.5588926567625176,0.0129999999999999
2039,01103FD2E8,543-2025-02-12,2025-02-12 13:28:44.463,0.1450978894709438,0.01135537281559541,0.05699999999999994,0.007807212603415126,0.040000000000000036,0.003844340032682424,0.016999999999999904,2.0308330004740944,0.02300000000000013
2040,3B00186448,545-2025-02-12,2025-02-12 13:29:18.463,0.1480863462594557,0.027632451656439353,0.07299999999999995,0.018179038985710497,0.05500000000000016,0.01031408134876243,0.017999999999999794,1.7625456277685625,0.037000000000000366
2041,3B0018C2F6,549-2025-02-12,2025-02-12 13:30:00.463,0.1329943310962061,0.024700142197438397,0.05400000000000027,0.016020574437419784,0.03600000000000003,0.009523939807201938,0.018000000000000238,1.6821373047008483,0.017999999999999794
2042,3B00199DE5,552-2025-02-12,2025-02-12 13:30:13.463,0.0965947302351746,0.003961421665435346,0.06900000000000006,0.002420140208890387,0.04700000000000004,0.0016651010461167432,0.02200000000000002,1.4534494555357493,0.025000000000000022
2043,3B0018F763,553-2025-02-12,2025-02-12 13:30:23.465,0.1067231783768304,0.006343735673521165,0.039000000000000146,0.003440413005522928,0.02100000000000013,0.003146088384089232,0.018000000000000016,1.0935525597189797,0.0030000000000001137
2044,3B0019B8CC,554-2025-02-12,2025-02-12 13:30:40.464,0.1540612059399422,0.010452794983374133,0.04299999999999993,0.0060459336163142165,0.02499999999999991,0.004771307936036929,0.018000000000000016,1.2671438727838633,0.006999999999999895
2045,0700ED9568,556-2025-02-12,2025-02-12 13:31:06.464,0.153827234463089,0.017812336711179884,0.03299999999999992,0.009182488749534421,0.016000000000000014,0.00946994594712271,0.016999999999999904,0.9696453180204657,-0.0009999999999998899
2046,3B0018C2F6,557-2025-02-12,2025-02-12 13:31:12.465,0.1500125646148875,0.024909521477435418,0.05400000000000005,0.016422259839987793,0.03600000000000003,0.009285936908195007,0.018000000000000016,1.768508660175674,0.018000000000000016
2047,3B00199DE5,563-2025-02-12,2025-02-12 13:34:59.465,0.0974596946392911,0.01220131520092795,0.05399999999999994,0.004984369978985146,0.02300000000000002,0.007566341613237328,0.030999999999999917,0.658755609218725,-0.007999999999999896
2048,3B00199DE5,567-2025-02-12,2025-02-12 13:35:51.465,0.0973493450306764,0.012105962722905482,0.05300000000000038,0.005551163016895482,0.025000000000000355,0.006925288145501354,0.028000000000000025,0.8015786347462669,-0.0029999999999996696
2049,3B004CDB63,570-2025-02-12,2025-02-12 13:36:36.464,0.0918532097116226,0.012636802932543866,0.051000000000000045,0.007743265433821432,0.03200000000000003,0.005327654772184419,0.019000000000000017,1.453409758126384,0.013000000000000012
2050,3B004ACEEA,571-2025-02-12,2025-02-12 13:36:53.465,0.1340366575653846,0.01020767846010821,0.052000000000000046,0.006946850720183267,0.038000000000000034,0.0036280625801488513,0.014000000000000012,1.9147549323413968,0.02400000000000002
2051,3B00484043,572-2025-02-12,2025-02-12 13:39:22.465,0.0938208148313449,0.012679873256992396,0.0519999999999996,0.005258379801311677,0.02400000000000002,0.007799476273732129,0.02799999999999958,0.674196525095074,-0.0039999999999995595
2052,01103F97C4,574-2025-02-12,2025-02-12 13:40:24.466,0.1625892396718296,0.021913168639735758,0.06700000000000017,0.01332209362814487,0.050000000000000044,0.009449364737606165,0.017000000000000126,1.4098401319113218,0.03299999999999992
2053,3B001877B5,576-2025-02-12,2025-02-12 13:40:38.466,0.1700471300871984,0.024178363894158318,0.07200000000000006,0.016221141914315933,0.05500000000000016,0.008711269750199056,0.016999999999999904,1.86208697233205,0.038000000000000256
2054,3B00191394,578-2025-02-12,2025-02-12 13:41:55.467,0.0979645594476272,0.011380660513643389,0.07900000000000001,0.0051786570110905145,0.05499999999999999,0.00658569832496071,0.02400000000000002,0.7863489573251004,0.030999999999999972
2055,01103F97C4,580-2025-02-12,2025-02-12 13:42:33.468,0.1644418144177855,0.011571937937157776,0.04300000000000015,0.006568168586979928,0.02499999999999991,0.005418400865333835,0.018000000000000238,1.2121968732513213,0.006999999999999673
2056,3B00191394,582-2025-02-12,2025-02-12 13:43:10.468,0.0979645594476272,0.003104180608495213,0.064,0.0013434347854541476,0.032999999999999974,0.0018598383174134139,0.031000000000000028,0.722339556549486,0.0019999999999999463
2057,3B00185CB8,583-2025-02-12,2025-02-12 13:43:26.468,0.0985461603137759,0.0016875474730573125,0.029000000000000026,0.0009991756583624376,0.017000000000000015,0.0007771808029877934,0.01200000000000001,1.2856411976739612,0.0050000000000000044
2058,01103FD532,587-2025-02-12,2025-02-12 13:45:17.469,0.1724878927364887,4.989999301687356e-05,0.0040000000000000036,3.108177167733359e-05,0.0020000000000000018,3.2312921746122576e-05,0.0020000000000000018,0.9618991412023359,0.0
2059,01103F97C4,588-2025-02-12,2025-02-12 13:45:42.469,0.1662048100302387,0.012644860143701973,0.04699999999999971,0.008348441981720627,0.030999999999999694,0.004703284911398757,0.016000000000000014,1.7750236566548547,0.01499999999999968
2060,01103FD532,589-2025-02-12,2025-02-12 13:47:14.470,0.1724878927364887,0.029728294206797536,0.051000000000000045,0.012742644816325536,0.02300000000000002,0.017851215592727083,0.028000000000000025,0.7138250473831668,-0.0050000000000000044
2061,3B0019F652,591-2025-02-12,2025-02-12 13:48:47.470,0.0885024370460512,0.0021171921272659425,0.04899999999999993,0.0015002320100306486,0.03600000000000003,0.0006877929562732992,0.0129999999999999,2.1812261907412167,0.02300000000000013
2062,01103FD532,594-2025-02-12,2025-02-12 13:50:55.471,0.1726659886387364,0.02624235561344936,0.0479999999999996,0.013836531512795229,0.0259999999999998,0.013241980547441823,0.021999999999999797,1.0448989456843951,0.0040000000000000036
2063,3B004CA42C,597-2025-02-12,2025-02-12 13:52:26.472,0.1677536774245293,0.0007881031047185858,0.04499999999999993,0.00047488297357478105,0.03699999999999992,0.00037630107530698325,0.008000000000000007,1.261976126928087,0.028999999999999915
2064,01103FD532,598-2025-02-12,2025-02-12 13:52:27.471,0.1724878927364887,0.005039317196150816,0.06499999999999997,0.0041864726133214025,0.054999999999999966,0.0009839994944468218,0.010000000000000009,4.25454752461527,0.04499999999999996
2065,3B001877B5,600-2025-02-12,2025-02-12 13:53:01.471,0.1686150789265885,0.02659607541427985,0.05699999999999994,0.018904700241457982,0.04100000000000037,0.008494294286375378,0.01599999999999957,2.22557632265939,0.0250000000000008
2066,3B0018F763,603-2025-02-12,2025-02-12 13:55:16.473,0.0762656505320915,0.008111270070949524,0.04599999999999982,0.004708552297006198,0.026999999999999913,0.003682610942623048,0.018999999999999906,1.278590752693629,0.008000000000000007
2067,3B00186448,609-2025-02-12,2025-02-12 13:56:33.474,0.1457608936362199,0.022458679523700235,0.07600000000000007,0.013394252289847095,0.05499999999999994,0.009772828445694057,0.02100000000000013,1.3705604640741085,0.03399999999999981
2068,3B0049A710,611-2025-02-12,2025-02-12 13:59:58.477,0.0978253008284427,0.013606475422224642,0.07800000000000007,0.0065267162047398415,0.05500000000000005,0.007528258775015623,0.02300000000000002,0.8669622551233697,0.03200000000000003
2069,3B0018D520,613-2025-02-12,2025-02-12 14:01:27.476,0.092221699759345,0.013272512889847866,0.05699999999999994,0.008463096965842614,0.038999999999999924,0.005238237599351766,0.018000000000000016,1.6156382381146526,0.020999999999999908
2070,3B00182DFC,617-2025-02-12,2025-02-12 14:03:01.476,0.0960316735637713,0.014793357818240368,0.050999999999999934,0.006832359136107684,0.025999999999999912,0.008407707990928192,0.025000000000000022,0.8126304033726802,0.0009999999999998899
2071,3B001877B5,619-2025-02-12,2025-02-12 14:03:58.478,0.1720534263134757,0.02569866685966592,0.06900000000000006,0.01725467516509216,0.051000000000000045,0.009184412359594007,0.018000000000000016,1.8786912531282398,0.03300000000000003
2072,01103F88A1,620-2025-02-12,2025-02-12 14:04:09.477,0.1192401311160238,0.01246537963863794,0.05500000000000005,0.006115773528884271,0.027000000000000024,0.0067354280041760405,0.028000000000000025,0.9080007276586467,-0.0010000000000000009
2073,3B001857EE,621-2025-02-12,2025-02-12 14:04:19.477,0.1069375408356136,0.013374969140432652,0.07200000000000001,0.008839456100548926,0.05499999999999999,0.004971000899895245,0.017000000000000015,1.7782044860895523,0.03799999999999998
2074,3B0018C2F6,622-2025-02-12,2025-02-12 14:04:23.477,0.1500125646148875,0.024784534099968666,0.07399999999999995,0.015726451290001414,0.05499999999999994,0.009856307094191198,0.019000000000000017,1.5955723720570534,0.03599999999999992
2075,3B004C4B80,623-2025-02-12,2025-02-12 14:04:52.478,0.1023562086436667,0.014375082184733486,0.056999999999999995,0.006680994050114033,0.030000000000000027,0.008079197302637692,0.02699999999999997,0.8269378503645188,0.003000000000000058
2076,3B001877B5,624-2025-02-12,2025-02-12 14:05:22.477,0.1715462575621826,0.025998881709066692,0.06600000000000006,0.017941295218858892,0.04800000000000004,0.00881063451797969,0.018000000000000016,2.0363227168538702,0.030000000000000027
2077,3B004B0F76,626-2025-02-12,2025-02-12 14:05:30.477,0.1599113396077151,0.026274596021161865,0.06899999999999995,0.019201168806609364,0.05400000000000005,0.007830236169102136,0.014999999999999902,2.4521825896358744,0.039000000000000146
2078,3B0019B8CC,627-2025-02-12,2025-02-12 14:05:46.478,0.1540612059399422,0.027429782252203275,0.059,0.012700034584857037,0.030999999999999972,0.01546599905888332,0.028000000000000025,0.8211583704683096,0.002999999999999947
2079,3B00182DFC,631-2025-02-12,2025-02-12 14:06:57.478,0.0960316735637713,0.01542590937258107,0.06400000000000006,0.009812430715127527,0.04500000000000004,0.006081184759436471,0.019000000000000017,1.6135722072744294,0.026000000000000023
2080,3B004ACEEA,633-2025-02-12,2025-02-12 14:07:16.478,0.1340366575653846,0.009620707236146999,0.040999999999999925,0.006349515724143734,0.028000000000000025,0.00367849122934751,0.0129999999999999,1.7261195768217203,0.015000000000000124
2081,3B001857EE,634-2025-02-12,2025-02-12 14:07:33.480,0.0834248765840516,0.00795284022157176,0.052000000000000046,0.00509543018433229,0.03400000000000003,0.0030957089997435973,0.018000000000000016,1.6459654911861288,0.016000000000000014
2082,3B0018C2F6,635-2025-02-12,2025-02-12 14:08:12.478,0.1537419570955761,0.025946270489249745,0.053999999999999826,0.01520145394777063,0.03299999999999992,0.011635474997986487,0.020999999999999908,1.3064747206625629,0.01200000000000001
2083,3B001877B5,637-2025-02-12,2025-02-12 14:08:19.480,0.1720790658902546,0.021292020887109096,0.06600000000000006,0.014924250973051311,0.050999999999999934,0.007071291158072679,0.015000000000000124,2.110541150043524,0.03599999999999981
2084,3B00182DFC,638-2025-02-12,2025-02-12 14:08:30.479,0.106054753675951,0.014602371201945259,0.051000000000000156,0.00722452409840593,0.028000000000000025,0.007843485755336188,0.02300000000000013,0.9210858951953653,0.004999999999999893
2085,3B0049A710,639-2025-02-12,2025-02-12 14:08:46.478,0.0981233762583306,0.013692953464091355,0.04499999999999993,0.00644007312656707,0.021999999999999797,0.0077221249071221494,0.02300000000000013,0.8339768138983822,-0.001000000000000334
2086,3B0018C2F6,640-2025-02-12,2025-02-12 14:09:11.480,0.1584137487012793,0.020199780543293792,0.05500000000000005,0.01245209585880262,0.03600000000000003,0.008432704166887984,0.019000000000000017,1.4766432703399293,0.017000000000000015
2087,3B0018F763,642-2025-02-12,2025-02-12 14:13:12.477,0.1094391649153988,0.014018730448461119,0.06099999999999994,0.008845083928937446,0.041999999999999926,0.005627673893358434,0.019000000000000017,1.5717122378707973,0.02299999999999991
2088,3B0019248A,643-2025-02-12,2025-02-12 14:13:23.474,0.1238041149837782,0.006383273083636596,0.038000000000000034,0.0034068153595868443,0.020000000000000018,0.003224712418595326,0.018000000000000016,1.0564710638819823,0.0020000000000000018
2089,3B0018C2F6,645-2025-02-12,2025-02-12 14:13:38.473,0.1500125646148875,0.024614388229695843,0.05800000000000005,0.015127275623970416,0.040000000000000036,0.010365850080862087,0.018000000000000016,1.4593376815181895,0.02200000000000002
2090,3B00191394,648-2025-02-12,2025-02-12 14:14:09.471,0.0979645594476272,0.009477491320651671,0.05800000000000005,0.006356188987603518,0.04300000000000004,0.0034719593735382174,0.015000000000000013,1.8307210147813535,0.028000000000000025
2091,011016B2E1,650-2025-02-12,2025-02-12 14:14:45.469,0.097949901711879,0.014588943835424468,0.051000000000000045,0.008707238175798255,0.03200000000000003,0.006390258591954031,0.019000000000000017,1.3625799410937034,0.013000000000000012
2092,011016B2E1,654-2025-02-12,2025-02-12 14:15:43.467,0.0988385374960322,0.012868122714434018,0.05599999999999994,0.006747519405033946,0.03300000000000003,0.0065294785103399335,0.02299999999999991,1.033393309182154,0.01000000000000012
2093,3B00191394,656-2025-02-12,2025-02-12 14:15:54.466,0.0979645594476272,0.011543570470391746,0.04899999999999999,0.007012720281490212,0.03199999999999997,0.004965502030185966,0.017000000000000015,1.412288271932813,0.014999999999999958
2094,3B00199DE5,658-2025-02-12,2025-02-12 14:16:35.463,0.1085900641703506,0.0017169236036878555,0.030000000000000027,0.0009765372474683703,0.02200000000000002,0.0008973748742112679,0.008000000000000007,1.0882155000458207,0.014000000000000012
2095,3B00199DE5,659-2025-02-12,2025-02-12 14:16:44.463,0.0978076716640352,0.011680611880526675,0.051000000000000156,0.005325257483572263,0.02400000000000002,0.006726066009056636,0.027000000000000135,0.7917343475966209,-0.0030000000000001137
2096,3B00182A81,660-2025-02-12,2025-02-12 14:16:49.462,0.0966136604635607,0.013185911999967449,0.06600000000000006,0.0094837942385898,0.050000000000000044,0.004081561118063864,0.016000000000000014,2.3235703115205455,0.03400000000000003
2097,3B001870F2,662-2025-02-12,2025-02-12 14:18:06.461,0.097288283165874,0.012909854479077951,0.051000000000000156,0.007642535530848295,0.03200000000000003,0.005719070801163648,0.019000000000000128,1.3363246926919112,0.0129999999999999
2098,01103FD2E8,663-2025-02-12,2025-02-12 14:18:13.461,0.1450978894709437,0.030188349949231173,0.05800000000000005,0.014167651763337652,0.030000000000000027,0.016879847695715402,0.028000000000000025,0.8393234357756566,0.0020000000000000018
2099,3B001857EE,664-2025-02-12,2025-02-12 14:18:16.461,0.0788165815374592,0.007693640430702868,0.046999999999999986,0.0037715783151436796,0.023999999999999966,0.004173167952028414,0.02300000000000002,0.9037686377588668,0.0009999999999999454
2100,3B00186448,665-2025-02-12,2025-02-12 14:18:31.462,0.1210186973262298,0.028757774015030182,0.07200000000000006,0.02161528639383426,0.05500000000000016,0.007862922864755869,0.016999999999999904,2.7490141726711927,0.038000000000000256
2101,3B00484043,666-2025-02-12,2025-02-12 14:18:44.460,0.0952142689321032,0.004646042489698809,0.06800000000000006,0.0026376071133287285,0.04400000000000004,0.0021481087570140427,0.02400000000000002,1.2278741030761906,0.020000000000000018
2102,3B0018D520,667-2025-02-12,2025-02-12 14:19:06.460,0.0967763563862768,0.0044102332861889635,0.04000000000000001,0.00270814704611821,0.025999999999999995,0.0018854355716160969,0.014000000000000012,1.4363508819327768,0.011999999999999983
2103,3B004CA42C,668-2025-02-12,2025-02-12 14:19:12.461,0.1078656181881558,0.005072972166258958,0.04700000000000015,0.003228709820843741,0.029999999999999805,0.002001164464193629,0.017000000000000348,1.6134155281159024,0.012999999999999456
2104,3B0048BD5D,670-2025-02-12,2025-02-12 14:19:40.459,0.0897117482341589,0.010142973368922349,0.06499999999999995,0.0057412781485055,0.04699999999999993,0.004788732392408454,0.018000000000000016,1.1989139667957036,0.028999999999999915
2105,3B004CA42C,671-2025-02-12,2025-02-12 14:24:13.458,0.1091980521542947,0.014290914337777277,0.05500000000000005,0.007247972113280124,0.031000000000000028,0.0074753893411731494,0.02400000000000002,0.9695778751428437,0.007000000000000006
2106,3B001857EE,673-2025-02-12,2025-02-12 14:24:22.457,0.1069375408356136,0.0054025430441291605,0.04199999999999998,0.003634639686936618,0.028000000000000025,0.00197213732829692,0.013999999999999957,1.8429952289759588,0.014000000000000068
2107,3B004C4B80,678-2025-02-12,2025-02-12 14:25:39.458,0.1100713977634434,0.01268754524639411,0.052999999999999936,0.006974971580554302,0.029999999999999805,0.006102847188650333,0.02300000000000013,1.14290451078734,0.006999999999999673
2108,3B00186448,679-2025-02-12,2025-02-12 14:26:01.456,0.1499705050319191,0.024218988860146267,0.07099999999999995,0.017093782247460894,0.05499999999999994,0.007883528445093895,0.016000000000000014,2.168290806142617,0.038999999999999924
2109,3B0019B8CC,681-2025-02-12,2025-02-12 14:26:24.458,0.1540612059399422,0.009084061812737762,0.038999999999999924,0.005623905126649923,0.02400000000000002,0.0038303964810852227,0.014999999999999902,1.4682305485662326,0.009000000000000119
2110,011016B2E1,682-2025-02-12,2025-02-12 14:26:28.457,0.097949901711879,0.015715059989779855,0.04699999999999993,0.006489216539906798,0.020000000000000018,0.009756054536806908,0.026999999999999913,0.6651476286263848,-0.006999999999999895
2111,3B00484043,684-2025-02-12,2025-02-12 14:27:06.457,0.093982288132845,0.002993820279813461,0.08299999999999974,0.0014534718520708046,0.054999999999999716,0.0016206602584578104,0.028000000000000025,0.89683932488966,0.02699999999999969
2112,3B00186448,686-2025-02-12,2025-02-12 14:27:26.457,0.1270411621405178,0.02873028060648662,0.07400000000000007,0.01953848030470903,0.05499999999999994,0.009989634978539075,0.019000000000000128,1.9558752994162372,0.03599999999999981
2113,3B0019B8CC,687-2025-02-12,2025-02-12 14:27:39.457,0.1540612059399422,0.027399508522673668,0.050000000000000044,0.012155450821591075,0.02300000000000002,0.01606607757721447,0.027000000000000024,0.7565910697972978,-0.0040000000000000036
2114,3B004CDB63,693-2025-02-12,2025-02-12 14:28:53.457,0.0918532097116226,0.013977883987486615,0.055999999999999994,0.008159844659157112,0.034999999999999976,0.006296015232618165,0.02100000000000002,1.296033182525177,0.013999999999999957
2115,01103F97C4,694-2025-02-12,2025-02-12 14:28:58.457,0.1676441888996202,0.024036540487431833,0.07400000000000029,0.013718376448399228,0.05500000000000016,0.011152051058610297,0.019000000000000128,1.2301213809281764,0.03600000000000003
2116,01103FD2E8,695-2025-02-12,2025-02-12 14:29:05.457,0.1450978894709437,0.02795945682412858,0.07899999999999974,0.013448652113164735,0.054999999999999716,0.015403777162155817,0.02400000000000002,0.8730749589266679,0.030999999999999694
2117,3B001857EE,697-2025-02-12,2025-02-12 14:29:38.457,0.1069375408356136,0.0074296169162546746,0.04500000000000015,0.0036268520553561254,0.02300000000000013,0.004047671040493059,0.02200000000000002,0.8960342920837578,0.001000000000000112
2118,3B0018C2F6,699-2025-02-12,2025-02-12 14:29:56.457,0.1500125646148875,0.024806284054585556,0.07199999999999995,0.01598697584975359,0.05499999999999994,0.009710611737882475,0.017000000000000015,1.6463407539389232,0.03799999999999992
2119,3B00182A81,701-2025-02-12,2025-02-12 14:30:27.457,0.1200314724929308,0.011648079073347325,0.04700000000000004,0.006598417297182235,0.028000000000000025,0.005465195637485054,0.019000000000000017,1.207352441681056,0.009000000000000008
2120,3B0018A99B,702-2025-02-12,2025-02-12 14:30:46.457,0.0883273548306758,0.003614644219499254,0.03400000000000003,0.0021997011765313027,0.02200000000000002,0.0015992287436622605,0.01200000000000001,1.3754762633230004,0.010000000000000009
2121,3B004CC5C5,704-2025-02-12,2025-02-12 14:30:52.457,0.1149927026764902,0.00967654389014576,0.04400000000000004,0.006409055021266652,0.030000000000000027,0.003647171461974033,0.014000000000000012,1.7572672653557528,0.016000000000000014
2122,01103F9A64,705-2025-02-12,2025-02-12 14:31:58.457,0.1729850530043379,0.03325692877992033,0.054999999999999716,0.013241661025878891,0.02499999999999991,0.020912654531756444,0.029999999999999805,0.6331889146722652,-0.004999999999999893
2123,01103FD532,709-2025-02-12,2025-02-12 14:32:45.459,0.1724878927364887,0.01702756595205839,0.05799999999999983,0.009494455304942204,0.03399999999999981,0.008020548300823254,0.02400000000000002,1.1837663646969951,0.009999999999999787
2124,3B004B0F76,710-2025-02-12,2025-02-12 14:32:47.457,0.1599113396077151,3.1950977012290634e-05,0.008000000000000007,2.296929183002669e-05,0.004999999999999893,1.4733593119393651e-05,0.0030000000000001137,1.558974219248154,0.0019999999999997797
2125,01103F9A64,712-2025-02-12,2025-02-12 14:33:26.458,0.1892092603376109,0.031086677828374383,0.05500000000000016,0.014111202539019202,0.027000000000000135,0.01778913962479866,0.028000000000000025,0.7932481748216598,-0.0009999999999998899
2126,3B0018C2F6,716-2025-02-12,2025-02-12 14:34:04.457,0.1500125646148875,0.029379602172513702,0.07399999999999984,0.017980906440787748,0.05400000000000005,0.012340934724101282,0.019999999999999796,1.4570133334934394,0.03400000000000025
2127,3B0019F652,717-2025-02-12,2025-02-12 14:34:07.457,0.0885024370460512,0.008468510339257253,0.07099999999999998,0.005929485653731947,0.054999999999999966,0.0027954073624826352,0.016000000000000014,2.121152621014026,0.03899999999999995
2128,3B001877B5,719-2025-02-12,2025-02-12 14:34:26.458,0.1667733794043229,0.025922018859624998,0.06499999999999995,0.017639024341320905,0.04899999999999993,0.009099245280507161,0.016000000000000014,1.9385150963133246,0.03299999999999992
2129,01103FD532,720-2025-02-12,2025-02-12 14:34:37.459,0.1724878927364887,0.02982911230928441,0.05600000000000005,0.013848713404145228,0.028000000000000025,0.016803527128887004,0.028000000000000025,0.8241551489709475,0.0
2130,0700ED9568,722-2025-02-12,2025-02-12 14:34:53.457,0.1528441242836287,0.022216466172149243,0.06999999999999984,0.015935822726155173,0.05499999999999994,0.006970018571283481,0.014999999999999902,2.286338632125151,0.040000000000000036
2131,3B0018C2F6,723-2025-02-12,2025-02-12 14:35:29.459,0.1515393001645649,0.026343558380498254,0.05699999999999994,0.01752736615115167,0.040999999999999925,0.009764111015984412,0.016000000000000014,1.7950805887456995,0.02499999999999991
2132,01103FD532,724-2025-02-12,2025-02-12 14:35:32.458,0.1724878927364887,0.021515324206320543,0.05399999999999994,0.013705300776293332,0.03799999999999992,0.008597904056479248,0.016000000000000014,1.594028112696283,0.02199999999999991
2133,3B004C0894,725-2025-02-12,2025-02-12 14:35:41.460,0.107373211583945,0.01223930828306779,0.07099999999999995,0.008200457220619347,0.05499999999999994,0.004450195960632888,0.016000000000000014,1.8427182293008761,0.038999999999999924
2134,3B001877B5,726-2025-02-12,2025-02-12 14:35:48.458,0.1720534263134757,0.02089299242792923,0.05600000000000005,0.012390035658352795,0.03300000000000014,0.009128743061315857,0.02299999999999991,1.357255382820123,0.010000000000000231
2135,3B004C4B80,727-2025-02-12,2025-02-12 14:35:57.459,0.1023562086436667,0.010976890066895346,0.07000000000000003,0.00465588472267682,0.04400000000000001,0.006649351082550897,0.026000000000000023,0.7002013677537205,0.017999999999999988
2136,3B001857EE,730-2025-02-12,2025-02-12 14:36:25.459,0.1069375408356136,0.005557592069436658,0.04299999999999993,0.0033878988258344263,0.026000000000000023,0.002361518610929186,0.016999999999999904,1.4346271971582687,0.009000000000000119
2137,3B00186448,733-2025-02-12,2025-02-12 14:36:58.459,0.136908973767688,0.028637242834657378,0.07200000000000006,0.019823848250469848,0.054999999999999716,0.00967959066526655,0.017000000000000348,2.0480048109476487,0.03799999999999937
2138,3B0018C2F6,734-2025-02-12,2025-02-12 14:37:06.459,0.1500125646148875,0.025930553760255742,0.05399999999999999,0.016486359449093078,0.035999999999999976,0.010335374422496872,0.018000000000000016,1.5951390607782374,0.01799999999999996
2139,3B001857EE,735-2025-02-12,2025-02-12 14:37:28.460,0.0832269650930904,0.0072446845379372515,0.04600000000000004,0.004025433613684077,0.026999999999999913,0.0034654375056295894,0.019000000000000128,1.161594634774044,0.007999999999999785
2140,3B004CDB63,736-2025-02-12,2025-02-12 14:38:22.461,0.0918532097116226,0.004132326524042274,0.068,0.0030956488546159465,0.05499999999999999,0.001167451695569163,0.013000000000000012,2.6516290707057797,0.04199999999999998
2141,3B004C4B80,737-2025-02-12,2025-02-12 14:38:29.459,0.1023562086436667,0.006511215834353139,0.06899999999999995,0.005100993132244108,0.05499999999999994,0.0015613476159650678,0.014000000000000012,3.26704513465516,0.040999999999999925
2142,3B00192E1E,738-2025-02-12,2025-02-12 14:39:15.460,0.0977611134081493,0.004466150486707509,0.06499999999999995,0.0026599861734096,0.04499999999999993,0.00192539160350412,0.020000000000000018,1.381529953994062,0.02499999999999991
2143,3B004C4B80,739-2025-02-12,2025-02-12 14:39:39.459,0.1023562086436667,0.006505154951580052,0.06099999999999994,0.004925891370860108,0.04699999999999993,0.00174390117374352,0.014000000000000012,2.824639059268488,0.03299999999999992
2144,3B00182DFC,741-2025-02-12,2025-02-12 14:40:21.462,0.0960316735637713,0.013960221742239626,0.07099999999999995,0.009287211164623539,0.05400000000000005,0.005125140219338619,0.016999999999999904,1.8120891853027234,0.037000000000000144
2145,3B00192E1E,742-2025-02-12,2025-02-12 14:40:26.461,0.1049138643041158,0.01164491947860512,0.04800000000000004,0.007272483299935241,0.030999999999999917,0.0048062861864975066,0.017000000000000126,1.513119073176733,0.01399999999999979
2146,3B004CC5C5,743-2025-02-12,2025-02-12 14:40:42.460,0.1149927026764903,0.002738394679982957,0.03400000000000003,0.0017523480210324938,0.02200000000000002,0.0011089322355594456,0.01200000000000001,1.5802119956847058,0.010000000000000009
2147,01103F9A64,744-2025-02-12,2025-02-12 14:41:28.460,0.1892092603376109,0.022572886113716585,0.06499999999999995,0.013603015625360204,0.04499999999999993,0.009699783936860568,0.020000000000000018,1.402403982800771,0.02499999999999991
2148,3B00484043,746-2025-02-12,2025-02-12 14:41:51.460,0.0938208148313449,0.004333042427985194,0.07,0.002576689171420536,0.045999999999999985,0.0018681273133743922,0.02400000000000002,1.3792899193611545,0.021999999999999964
2149,3B0019B8CC,750-2025-02-12,2025-02-12 14:42:14.462,0.1540612059399422,0.009949285380962791,0.041999999999999815,0.006267062331633469,0.026000000000000023,0.0040330574372374655,0.015999999999999792,1.55392340157849,0.010000000000000231
2150,3B0018C2F6,752-2025-02-12,2025-02-12 14:42:31.461,0.1458459642489182,0.02591983757768683,0.07399999999999995,0.016681763555394576,0.05500000000000005,0.010053461710286767,0.018999999999999906,1.65930542494887,0.03600000000000014
2151,3B004CDB63,753-2025-02-12,2025-02-12 14:42:50.463,0.0918532097116226,0.020357952337491263,0.07200000000000001,0.015517299276062428,0.05499999999999999,0.005304363905097619,0.017000000000000015,2.9253836187879076,0.03799999999999998
2152,01103F9A64,754-2025-02-12,2025-02-12 14:42:55.461,0.1892092603376109,0.02841756927144363,0.05899999999999994,0.01839998982066163,0.039000000000000146,0.010783330152417071,0.019999999999999796,1.7063364990765209,0.01900000000000035
2153,0700ED9568,756-2025-02-12,2025-02-12 14:43:03.461,0.153827234463089,0.023455438982488884,0.07100000000000001,0.016075187698350445,0.05299999999999999,0.00806473130961529,0.018000000000000016,1.9932700893809785,0.034999999999999976
2154,3B00192E1E,760-2025-02-12,2025-02-12 14:43:53.461,0.1049138643041158,0.005021740177129406,0.042999999999999705,0.0034290643663737325,0.028999999999999915,0.0017625946390634356,0.01399999999999979,1.945463971339312,0.015000000000000124
2155,3B0018C2F6,761-2025-02-12,2025-02-12 14:43:56.461,0.1577560206036929,0.02520123103204923,0.052000000000000046,0.014616393912538059,0.03200000000000003,0.011484110430564801,0.020000000000000018,1.2727493349103234,0.01200000000000001
2156,3B001877B5,763-2025-02-12,2025-02-12 14:44:46.463,0.1709965752498871,0.026021269336924405,0.06700000000000017,0.018385752280190973,0.052000000000000046,0.008454456653095304,0.015000000000000124,2.1746817133966463,0.03699999999999992
2157,3B0018C2F6,764-2025-02-12,2025-02-12 14:45:00.463,0.1582360637089297,0.025297884660502472,0.054999999999999716,0.016268760149462744,0.0389999999999997,0.009955441632145425,0.016000000000000014,1.6341575542899127,0.022999999999999687
2158,3B0018A99B,765-2025-02-12,2025-02-12 14:45:15.462,0.0883273548306758,0.005149258928386492,0.041000000000000036,0.0031973121832069686,0.026000000000000023,0.0021564332334725322,0.015000000000000013,1.4826854518738313,0.01100000000000001
2159,3B0018C2F6,768-2025-02-12,2025-02-12 14:46:11.462,0.1567123142016006,0.026708029898026658,0.05600000000000005,0.016093455251696948,0.03700000000000003,0.011583653704926271,0.019000000000000017,1.389324617400532,0.018000000000000016
2160,3B00186448,769-2025-02-12,2025-02-12 14:46:25.463,0.1384723193694039,0.026335986422058727,0.07200000000000006,0.017905365577667844,0.05499999999999994,0.00925851188883898,0.017000000000000126,1.9339355819429833,0.03799999999999981
2161,3B001877B5,770-2025-02-12,2025-02-12 14:46:36.464,0.1720534263134757,0.022884873970513295,0.06400000000000006,0.016196089000045252,0.049000000000000155,0.007388418663674752,0.014999999999999902,2.192091398349354,0.03400000000000025
2162,3B0019B8CC,771-2025-02-12,2025-02-12 14:46:59.464,0.1540612059399422,0.001148983270364133,0.017000000000000015,0.0006500076409742672,0.009000000000000008,0.0005979627354000141,0.008000000000000007,1.087037038419187,0.0010000000000000009
2163,3B001877B5,772-2025-02-12,2025-02-12 14:47:45.462,0.171445309521748,0.02604982914159615,0.06699999999999995,0.01826496305501322,0.050999999999999934,0.008578474058947258,0.016000000000000014,2.1291622413852327,0.03499999999999992
2164,3B0018A99B,773-2025-02-12,2025-02-12 14:47:49.464,0.0883273548306758,0.003659370909158005,0.07300000000000001,0.002729798727506008,0.05499999999999999,0.0010018513772788353,0.018000000000000016,2.724754179527619,0.03699999999999998
2165,3B004C4B80,777-2025-02-12,2025-02-12 14:49:33.463,0.1023562086436667,0.012456760820172628,0.06399999999999995,0.006268254735862811,0.03200000000000003,0.0065655523809386,0.03199999999999992,0.9547185632180901,1.1102230246251565e-16
2166,3B001870F2,778-2025-02-12,2025-02-12 14:49:41.464,0.0967317133589356,0.004710989421818005,0.04300000000000015,0.003004519673053041,0.030000000000000027,0.0019169928932219733,0.013000000000000123,1.567308717562961,0.016999999999999904
2167,3B0018A99B,779-2025-02-12,2025-02-12 14:49:59.464,0.0883273548306758,0.004563729632749834,0.040000000000000036,0.0030273985644931993,0.026999999999999913,0.0017217653289534364,0.013000000000000123,1.7583107950799446,0.01399999999999979
2168,3B0018F763,780-2025-02-12,2025-02-12 14:50:03.464,0.1094391649153988,0.006425266997112076,0.04200000000000004,0.003873326442758463,0.02499999999999991,0.002780709887195119,0.017000000000000126,1.3929272020050454,0.007999999999999785
2169,3B0018F763,784-2025-02-12,2025-02-12 14:51:05.465,0.108445253317138,0.006810392754059597,0.04400000000000004,0.004326836270931806,0.028000000000000025,0.002723949273885707,0.016000000000000014,1.588442307796571,0.01200000000000001
2170,3B004C0894,786-2025-02-12,2025-02-12 14:51:33.465,0.1036532827220842,0.010969493326919056,0.07099999999999995,0.007063842734799148,0.05499999999999994,0.004317891584601828,0.016000000000000014,1.63594722016406,0.038999999999999924
2171,01103FD532,787-2025-02-12,2025-02-12 14:51:48.465,0.1757613827211684,0.023183919441292052,0.07000000000000006,0.016459642807122518,0.05499999999999994,0.007421741929565963,0.015000000000000124,2.2177600573192,0.039999999999999813
2172,3B004C4B80,788-2025-02-12,2025-02-12 14:51:55.465,0.0829047202018031,0.001786141872744546,0.052000000000000046,0.0012495463282990121,0.040000000000000036,0.0006044780328992058,0.01200000000000001,2.067149276386308,0.028000000000000025
2173,3B0018F763,789-2025-02-12,2025-02-12 14:52:05.465,0.1094391649153988,0.01393256563766799,0.04999999999999999,0.0071530946435946555,0.02699999999999997,0.007240131222189909,0.02300000000000002,0.9879785910055746,0.003999999999999948
2174,3B004CA42C,791-2025-02-12,2025-02-12 14:52:28.465,0.0844975273170931,0.008241972136433705,0.050999999999999934,0.0038319444611331936,0.025000000000000133,0.004653533468181645,0.0259999999999998,0.8234483510936292,-0.0009999999999996678
2175,0700ED9568,792-2025-02-12,2025-02-12 14:52:47.466,0.156628537789256,0.023587532941991448,0.07200000000000006,0.01584453523517346,0.05499999999999994,0.00847997391843537,0.017000000000000126,1.8684650905267075,0.03799999999999981
2176,01103FD532,793-2025-02-12,2025-02-12 14:53:12.466,0.1750640643430131,0.022174505844099964,0.05600000000000005,0.01409216750550358,0.039000000000000146,0.008865663544951115,0.016999999999999904,1.5895220288986596,0.02200000000000024
2177,3B0018F763,795-2025-02-12,2025-02-12 14:54:07.466,0.1094391649153988,0.0068851046083549545,0.04300000000000015,0.00453634709513601,0.028000000000000025,0.002582440160026259,0.015000000000000124,1.7566126663279134,0.0129999999999999
2178,01103F97C4,797-2025-02-12,2025-02-12 14:54:20.465,0.1676441888996202,0.007467160178903652,0.041999999999999815,0.004947542945680839,0.028999999999999915,0.002817679975562001,0.0129999999999999,1.7558924322816418,0.016000000000000014
2179,01103F97C4,799-2025-02-12,2025-02-12 14:56:41.467,0.164883551435207,0.025514308541228162,0.05500000000000016,0.017274288877554424,0.039000000000000146,0.009093553741331563,0.016000000000000014,1.8996191553847859,0.02300000000000013
2180,01103F97C4,802-2025-02-12,2025-02-12 14:57:59.467,0.1679166657524268,0.010533944542400744,0.04499999999999993,0.00643867728148245,0.028999999999999915,0.004481805676905701,0.016000000000000014,1.4366257141982557,0.0129999999999999
2181,3B00484043,804-2025-02-12,2025-02-12 15:01:46.469,0.0938208148313449,0.00208476732588381,0.06499999999999997,0.0018213277111631858,0.054999999999999966,0.00030278105409699697,0.010000000000000009,6.01532918430133,0.04499999999999996
2182,3B004CDB63,805-2025-02-12,2025-02-12 15:02:11.470,0.0980950187612168,0.00361077082953015,0.08899999999999997,0.0016247392312795984,0.054999999999999716,0.002100339691090077,0.03400000000000025,0.7735602189359941,0.020999999999999464
2183,3B001857EE,806-2025-02-12,2025-02-12 15:03:13.471,0.1069375408356136,0.001122028073415736,0.025000000000000022,0.0006664867820951508,0.016000000000000014,0.000529037980528345,0.009000000000000008,1.2598089487441657,0.007000000000000006
2184,3B004C0894,807-2025-02-12,2025-02-12 15:04:00.470,0.107373211583945,0.004482485955557595,0.03699999999999998,0.002716356212291263,0.022999999999999965,0.001967939158857715,0.014000000000000012,1.380304975418023,0.008999999999999952
2185,3B00186448,825-2025-02-12,2025-02-12 15:08:00.473,0.1327343114617697,0.019673718543795102,0.06699999999999995,0.015199516089311601,0.05499999999999994,0.005116898367644103,0.01200000000000001,2.9704549508787075,0.04299999999999993
2186,3B001870F2,826-2025-02-12,2025-02-12 15:08:04.472,0.0967317133589356,0.0054035187831249,0.039999999999999925,0.003304500985818064,0.02499999999999991,0.0023203457178825834,0.015000000000000013,1.4241416528367874,0.009999999999999898
2187,3B004C4B80,829-2025-02-12,2025-02-12 15:08:37.472,0.1129433145554005,0.00431239913730904,0.04999999999999982,0.0026409570137942416,0.03299999999999992,0.0018153974083087974,0.016999999999999904,1.4547542051712663,0.016000000000000014
2188,3B0018C2F6,830-2025-02-12,2025-02-12 15:08:43.473,0.1593823547989908,0.021208976815807034,0.05699999999999994,0.014131298567828597,0.04200000000000026,0.00785108145093409,0.01499999999999968,1.7999174580143111,0.02700000000000058
2189,3B004C0894,832-2025-02-12,2025-02-12 15:09:38.474,0.1037383786633429,0.011130298150874846,0.07099999999999995,0.0066872309001748285,0.04899999999999993,0.004796136508579983,0.02200000000000002,1.3942953642399039,0.026999999999999913
2190,3B0019F652,834-2025-02-12,2025-02-12 15:10:07.473,0.0885024370460512,0.0015626118594126504,0.04199999999999998,0.0010699915198732468,0.02999999999999997,0.000553136089679819,0.01200000000000001,1.9344091622960418,0.01799999999999996
2191,3B0018C2F6,836-2025-02-12,2025-02-12 15:10:37.474,0.1593529852218729,0.02412696803533726,0.05300000000000038,0.015932954393272303,0.03600000000000003,0.009054851952202216,0.017000000000000348,1.7596040749619628,0.018999999999999684
2192,3B00192E1E,837-2025-02-12,2025-02-12 15:10:42.474,0.1049138643041158,0.00039606458460739245,0.026999999999999913,0.00023929076797542465,0.016999999999999904,0.000179038609298381,0.010000000000000009,1.3365316504253504,0.006999999999999895
2193,3B004C4B80,838-2025-02-12,2025-02-12 15:10:51.474,0.0817775750236763,0.008336481819286085,0.062000000000000055,0.0038408904681259026,0.03300000000000003,0.004700956464649009,0.029000000000000026,0.8170444668035609,0.0040000000000000036
2194,3B00199DE5,844-2025-02-12,2025-02-12 15:11:49.473,0.1085900641703506,0.0038826437371323567,0.056999999999999995,0.0022403193995122516,0.034999999999999976,0.0017667092969158198,0.02200000000000002,1.268074721417509,0.012999999999999956
2195,3B0018C2F6,847-2025-02-12,2025-02-12 15:13:26.467,0.1479024408230025,0.023494041120981534,0.05600000000000005,0.014210648933656906,0.03600000000000003,0.010092872226609203,0.020000000000000018,1.4079885898279236,0.016000000000000014
2196,3B004ACEEA,848-2025-02-12,2025-02-12 15:13:29.466,0.1340366575653846,0.010960521768778417,0.04099999999999998,0.006787934397713428,0.026000000000000023,0.004635437137041702,0.014999999999999958,1.4643569089679065,0.011000000000000065
2197,3B00191394,853-2025-02-12,2025-02-12 15:15:27.461,0.0979645594476272,0.013763148262059054,0.050999999999999934,0.007555886233313693,0.030000000000000027,0.006674679596624327,0.020999999999999908,1.132022312671762,0.009000000000000119
2198,3B00182DFC,855-2025-02-12,2025-02-12 15:16:13.458,0.1060455530694717,0.013230078148324468,0.06899999999999995,0.006224254373284654,0.04600000000000026,0.007439019217760002,0.022999999999999687,0.8367036286752421,0.023000000000000576
2199,3B0019F652,856-2025-02-12,2025-02-12 15:16:40.457,0.0756914091375593,0.0028390987220296145,0.07,0.0020379549083375617,0.05400000000000005,0.0008731498435595438,0.01599999999999996,2.334026540083306,0.03800000000000009
2200,3B0018D520,858-2025-02-12,2025-02-12 15:16:53.456,0.0999360625844183,0.0033955597139636706,0.06199999999999983,0.0012986937418260755,0.027999999999999803,0.0021895868660887826,0.03400000000000003,0.5931227310227283,-0.006000000000000227
2201,3B0018D520,859-2025-02-12,2025-02-12 15:17:00.456,0.1002530583814174,0.012008310262661739,0.07800000000000007,0.0058727690137290196,0.05499999999999994,0.0065430679969797085,0.02300000000000013,0.8975558585727521,0.031999999999999806
2202,01103FD532,862-2025-02-12,2025-02-12 15:18:01.456,0.1766563553901008,0.009506701324973981,0.043999999999999595,0.006155229791963527,0.029999999999999805,0.003729721710769246,0.01399999999999979,1.6503187822809509,0.016000000000000014
2203,3B004ACEEA,863-2025-02-12,2025-02-12 15:18:07.456,0.0999393583845667,0.0019671357261167094,0.06099999999999997,0.0013071756072975292,0.04000000000000001,0.0007155933618305265,0.020999999999999963,1.8267016954345456,0.019000000000000045
2204,3B0018D520,864-2025-02-12,2025-02-12 15:18:12.457,0.0967763563862768,0.004268845100807336,0.05999999999999997,0.002541692452232124,0.037000000000000005,0.0018571127616934804,0.022999999999999965,1.3686258070373623,0.01400000000000004
2205,3B0019B8CC,865-2025-02-12,2025-02-12 15:18:16.457,0.1540612059399422,0.010059518379547694,0.039999999999999925,0.005745891960985312,0.02299999999999991,0.004693344982527796,0.017000000000000015,1.2242637143393247,0.005999999999999894
2206,3B004C4B80,867-2025-02-12,2025-02-12 15:18:26.455,0.1023562086436667,0.002447206529280185,0.04500000000000004,0.0016038442095509904,0.031000000000000028,0.0009347925951743359,0.014000000000000012,1.7157219877762067,0.017000000000000015
2207,01103F9A64,868-2025-02-12,2025-02-12 15:18:40.456,0.179105862743442,0.024333316330856766,0.06599999999999984,0.015035169844653296,0.0479999999999996,0.010143163751124883,0.018000000000000238,1.482295880610809,0.02999999999999936
2208,01103F9A64,869-2025-02-12,2025-02-12 15:19:18.456,0.1892092603376109,0.02508314181542345,0.05399999999999994,0.016291998268868027,0.03599999999999992,0.009590500742838397,0.018000000000000016,1.6987640901893368,0.017999999999999905
2209,3B00186A36,871-2025-02-12,2025-02-12 15:19:49.455,0.092288488712522,0.003180741659366085,0.08200000000000007,0.0017152863734062388,0.05499999999999994,0.001545031758375391,0.027000000000000135,1.1101948967119428,0.027999999999999803
2210,3B00186448,873-2025-02-12,2025-02-12 15:20:58.456,0.1674639413648408,0.02599714454986581,0.05900000000000016,0.01842624107189215,0.04300000000000015,0.008360933892792069,0.016000000000000014,2.2038496306946462,0.027000000000000135
2211,01103FD532,874-2025-02-12,2025-02-12 15:21:19.454,0.1724878927364887,0.02242367591027086,0.06200000000000028,0.01585722576436673,0.04600000000000026,0.007233386775712984,0.016000000000000014,2.1922269962957577,0.03000000000000025
2212,01103F97C4,877-2025-02-12,2025-02-12 15:21:55.454,0.1678110279658173,0.010495368554500124,0.040000000000000036,0.005976902954470825,0.022999999999999687,0.004934819348169184,0.017000000000000348,1.2111695551101085,0.005999999999999339
2213,3B00186448,878-2025-02-12,2025-02-12 15:22:21.454,0.1499705050319192,0.02652199653457115,0.07500000000000007,0.01707783405877445,0.05500000000000005,0.010182667756034209,0.020000000000000018,1.6771473319115409,0.03500000000000003
2214,3B0018C2F6,883-2025-02-12,2025-02-12 15:24:56.455,0.1628550342596065,0.019690303302735964,0.06800000000000006,0.011295398015560818,0.04600000000000026,0.008996586179869955,0.021999999999999797,1.2555204596199503,0.024000000000000465
2215,01103F9A64,884-2025-02-12,2025-02-12 15:25:26.453,0.1764050728756512,0.025887224978834285,0.05900000000000016,0.015345921120173717,0.03799999999999981,0.011381316094924368,0.02100000000000035,1.3483432840440492,0.01699999999999946
2216,3B00186448,885-2025-02-12,2025-02-12 15:25:36.454,0.1499705050319191,0.023527950445754304,0.06999999999999984,0.016389008227027324,0.05500000000000016,0.007950414101849528,0.01499999999999968,2.0614030938608217,0.04000000000000048
2217,3B0018A99B,886-2025-02-12,2025-02-12 15:25:40.454,0.0986143226589296,0.00538972373596031,0.03699999999999992,0.003272531398471801,0.02200000000000002,0.0023381026668274924,0.014999999999999902,1.3996525665454245,0.007000000000000117
2218,3B0019248A,887-2025-02-12,2025-02-12 15:25:45.454,0.1238041149837782,0.00656320066443317,0.04500000000000015,0.004433155215290653,0.030000000000000027,0.002346791962853352,0.015000000000000124,1.8890277815254621,0.014999999999999902
2219,3B004C0894,889-2025-02-12,2025-02-12 15:26:09.454,0.107373211583945,0.00282764783803735,0.03399999999999981,0.0017792044127011679,0.02200000000000002,0.0011829708548500505,0.011999999999999789,1.5040137340718287,0.010000000000000231
2220,3B001870F2,892-2025-02-12,2025-02-12 15:27:00.454,0.0967317133589356,0.01722579508335288,0.09499999999999997,0.006905717150954483,0.05400000000000005,0.011049497473175589,0.040999999999999925,0.6249802009294276,0.013000000000000123
2221,01101763D0,894-2025-02-12,2025-02-12 15:27:52.453,0.1497460806109001,0.0071036462798899904,0.038000000000000034,0.00426795663365943,0.02299999999999991,0.003137518036066465,0.015000000000000124,1.3602970834265566,0.007999999999999785
2222,3B0018C2F6,897-2025-02-12,2025-02-12 15:29:47.453,0.1500125646148875,0.02501991987873923,0.05300000000000016,0.015473980324339356,0.03400000000000003,0.010435734010296325,0.019000000000000128,1.4827879197641574,0.014999999999999902
2223,3B0018C2F6,899-2025-02-12,2025-02-12 15:31:39.453,0.1630684626723879,0.02425731678979649,0.05200000000000049,0.015093627618671487,0.03500000000000014,0.010075792277153918,0.017000000000000348,1.498009010457185,0.017999999999999794
2224,01103F88A1,900-2025-02-12,2025-02-12 15:32:25.453,0.1192401311160238,0.013447944783686955,0.053999999999999826,0.005029791700253284,0.02300000000000013,0.008807740678246053,0.030999999999999694,0.5710649170991375,-0.007999999999999563
2225,3B0018D520,901-2025-02-12,2025-02-12 15:32:37.454,0.0999097668226239,0.0044757983148033115,0.052000000000000046,0.003054788379538281,0.03600000000000003,0.0015594055325999208,0.016000000000000014,1.958944171786528,0.020000000000000018
2226,3B00199DE5,903-2025-02-12,2025-02-12 15:39:14.455,0.0993018511454811,0.008102097356153764,0.06199999999999939,0.004637689319245844,0.0389999999999997,0.0036824429028204913,0.022999999999999687,1.2594056287182895,0.016000000000000014
2227,3B00199DE5,905-2025-02-12,2025-02-12 15:40:20.456,0.0992039594950815,0.01058510253065299,0.05799999999999983,0.004671441401666079,0.027000000000000135,0.006193549686073512,0.030999999999999694,0.7542429847894875,-0.0039999999999995595
2228,3B0018F763,908-2025-02-12,2025-02-12 15:42:00.457,0.1094391649153988,0.012665951774997937,0.06,0.008231551510467297,0.04299999999999998,0.004857959269677523,0.017000000000000015,1.694446382423811,0.025999999999999968
2229,3B0019F652,909-2025-02-12,2025-02-12 15:42:16.457,0.0885024370460512,0.011443979843316606,0.06900000000000017,0.005871581557794857,0.04700000000000015,0.005953161286256927,0.02200000000000002,0.9862964021064909,0.025000000000000133
2230,3B0019B8CC,911-2025-02-12,2025-02-12 15:42:45.457,0.1540612059399422,0.02789220462359942,0.05600000000000005,0.013569791136811366,0.030000000000000027,0.015085891052219677,0.026000000000000023,0.8995021301585472,0.0040000000000000036
2231,3B00182A81,912-2025-02-12,2025-02-12 15:42:50.456,0.1200314724929308,0.012241205049527342,0.04700000000000004,0.00787836354453353,0.029000000000000026,0.004764818853500589,0.018000000000000016,1.6534445037182264,0.01100000000000001
2232,3B004CA42C,915-2025-02-12,2025-02-12 15:43:18.457,0.1078656181881558,0.014854584485869222,0.05800000000000005,0.006302670241835507,0.028000000000000025,0.008962759015448737,0.030000000000000027,0.7032064826212392,-0.0020000000000000018
2233,01103FD2E8,916-2025-02-12,2025-02-12 15:43:40.457,0.1450978894709438,0.02155511025399046,0.05899999999999994,0.013897167033582736,0.040000000000000036,0.008358285294043508,0.018999999999999906,1.6626815841625417,0.02100000000000013
2234,3B0018C2F6,917-2025-02-12,2025-02-12 15:44:13.457,0.15810608299469,0.023902251641378245,0.052999999999999936,0.014337693045548383,0.03500000000000014,0.010451786835440452,0.017999999999999794,1.3717934809894325,0.017000000000000348
2235,3B0019B8CC,918-2025-02-12,2025-02-12 15:44:42.457,0.1540612059399422,0.029085668656409963,0.05500000000000016,0.011856953242646278,0.025000000000000133,0.01800552869763003,0.030000000000000027,0.6585173610707107,-0.004999999999999893
2236,3B00484043,920-2025-02-12,2025-02-12 15:45:26.458,0.0960811615285159,0.011722779584599136,0.052000000000000046,0.005326558020433811,0.026000000000000023,0.006753282370158889,0.026000000000000023,0.7887361624282992,0.0
2237,3B0018C2F6,922-2025-02-12,2025-02-12 15:47:27.459,0.1579728111068848,0.022995862471648087,0.06099999999999994,0.013531236270928896,0.040000000000000036,0.010244492269478852,0.020999999999999908,1.320830346199016,0.019000000000000128
2238,3B0018F763,924-2025-02-12,2025-02-12 15:50:30.460,0.1094391649153988,0.011905793058446898,0.05700000000000005,0.007344622506521152,0.038000000000000034,0.004958345107221896,0.019000000000000017,1.481264887315651,0.019000000000000017
2239,3B001870F2,926-2025-02-12,2025-02-12 15:51:19.460,0.0967317133589356,0.01338983280827078,0.07500000000000001,0.008519960975001172,0.05499999999999999,0.005273900481186602,0.020000000000000018,1.615495211825503,0.034999999999999976
2240,3B00186448,927-2025-02-12,2025-02-12 15:51:29.460,0.1499705050319192,0.026429793889324715,0.069,0.018661528064312666,0.05400000000000005,0.00861858069168178,0.014999999999999958,2.1652669658617727,0.03900000000000009
2241,3B004CC5C5,928-2025-02-12,2025-02-12 15:51:41.461,0.1149927026764902,0.009627853555279153,0.049000000000000044,0.003965041587961175,0.02200000000000002,0.0061517943136151785,0.027000000000000024,0.6445341612260552,-0.0050000000000000044
2242,3B0018D520,929-2025-02-12,2025-02-12 15:52:07.461,0.0985217248679199,0.012288810561879852,0.07199999999999984,0.007616809761352195,0.05499999999999994,0.005099407034580637,0.016999999999999904,1.4936657751970535,0.038000000000000034
2243,3B004C4B80,930-2025-02-12,2025-02-12 15:52:13.460,0.1023562086436667,0.012378711654220005,0.08799999999999997,0.00576055131961426,0.05499999999999994,0.00700858021507312,0.03300000000000003,0.8219284281323104,0.02199999999999991
2244,3B00186448,932-2025-02-12,2025-02-12 15:53:08.462,0.1499705050319191,0.02649368012203108,0.064,0.019485239940819386,0.04899999999999999,0.007774855424857587,0.015000000000000013,2.5061867875409782,0.033999999999999975
2245,3B001870F2,933-2025-02-12,2025-02-12 15:55:11.464,0.1071399662731159,0.005643567974609419,0.06900000000000017,0.0025431697486581594,0.049000000000000155,0.003423021027382857,0.020000000000000018,0.7429605977625541,0.029000000000000137
2246,3B004ACEEA,934-2025-02-12,2025-02-12 15:55:20.463,0.1340366575653846,0.011211215763842791,0.03500000000000003,0.006382517404217216,0.020000000000000018,0.00534415391349443,0.015000000000000013,1.1942989493810858,0.0050000000000000044
2247,3B004CA42C,937-2025-02-12,2025-02-12 15:56:54.462,0.1103183580060573,0.015488779577651143,0.052999999999999936,0.006338105920659984,0.02300000000000013,0.00960589178670293,0.029999999999999805,0.6598144202950093,-0.006999999999999673
2248,3B0019F652,938-2025-02-12,2025-02-12 15:57:17.463,0.0885024370460512,0.009591851109264932,0.04800000000000004,0.005817124010045151,0.029000000000000137,0.0040805483864086315,0.018999999999999906,1.425574079557702,0.010000000000000231
2249,3B00192E1E,939-2025-02-12,2025-02-12 15:57:32.462,0.1049138643041158,0.013032497198577745,0.04899999999999993,0.005526490999083912,0.02200000000000002,0.007906745560064201,0.026999999999999913,0.6989590036888752,-0.004999999999999893
2250,3B00484043,942-2025-02-12,2025-02-12 15:58:18.464,0.0938208148313449,0.004602872414452534,0.069,0.0026173541110241618,0.04099999999999998,0.0020953913764005273,0.028000000000000025,1.2491003544742387,0.012999999999999956
2251,3B00182A81,945-2025-02-12,2025-02-12 16:06:37.467,0.0981006282931636,0.012146467880315174,0.04799999999999982,0.007215770484512381,0.029000000000000137,0.005360691178960919,0.018999999999999684,1.3460522614755508,0.010000000000000453
2252,3B00182A81,946-2025-02-12,2025-02-12 16:07:54.469,0.1200314724929308,0.010125165013094206,0.04899999999999993,0.005912605762346549,0.029999999999999916,0.004564088862801513,0.019000000000000017,1.295462454847405,0.010999999999999899
2253,3B0019B8CC,948-2025-02-12,2025-02-12 16:08:17.468,0.1643448123049442,0.026883703079894856,0.053999999999999826,0.013918291237964269,0.029999999999999805,0.01371132235599439,0.02400000000000002,1.0150947426219175,0.005999999999999783
2254,3B0019F652,951-2025-02-12,2025-02-12 16:09:10.468,0.088214312543012,0.010431400150740672,0.05799999999999983,0.0057958223908565745,0.03499999999999992,0.004933615233336873,0.02299999999999991,1.1747617349025703,0.01200000000000001
2255,3B0018F763,952-2025-02-12,2025-02-12 16:09:36.467,0.1092473818819791,0.013904386668843562,0.05400000000000005,0.007384572209768525,0.03200000000000003,0.007015478178276235,0.02200000000000002,1.0526113861540054,0.010000000000000009
2256,3B001870F2,954-2025-02-12,2025-02-12 16:10:43.470,0.0984509269113171,0.011598553130195387,0.052999999999999936,0.007457322358341959,0.03600000000000003,0.00453140811192002,0.016999999999999904,1.6456964753903371,0.019000000000000128
2257,3B001877B5,956-2025-02-12,2025-02-12 16:10:58.468,0.1720534263134757,0.04038691632137228,0.096,0.013395895142242195,0.04400000000000001,0.02815787176165969,0.05199999999999999,0.4757424586499576,-0.00799999999999998
2258,01103FD2E8,957-2025-02-12,2025-02-12 16:11:06.468,0.1637523578403979,0.02768700939698999,0.07600000000000007,0.012811776236665318,0.050999999999999934,0.015707420001834328,0.025000000000000133,0.8156512167605594,0.0259999999999998
2259,3B004CD4DE,958-2025-02-12,2025-02-12 16:11:10.470,0.1003986183690209,0.015124746668850622,0.052999999999999936,0.006103829348143924,0.02400000000000002,0.009471058542112287,0.028999999999999915,0.6444717157014442,-0.004999999999999893
2260,3B00186448,959-2025-02-12,2025-02-12 16:11:26.468,0.1499705050319191,0.029375363787660515,0.08599999999999985,0.010948855874325786,0.05499999999999994,0.01919131693464489,0.030999999999999917,0.5705109196837085,0.02400000000000002
2261,01103FD532,963-2025-02-12,2025-02-12 16:12:32.468,0.1735942515686935,0.030305609575532345,0.057000000000000384,0.014950554379565122,0.030000000000001137,0.016187451258322133,0.026999999999999247,0.9235891519289604,0.00300000000000189
2262,3B004B0F76,964-2025-02-12,2025-02-12 16:12:43.467,0.1599113396077151,0.021357809619902128,0.07199999999999984,0.01492464768704169,0.05499999999999994,0.0070828685620657125,0.016999999999999904,2.1071473452119136,0.038000000000000034
2263,3B001870F2,967-2025-02-12,2025-02-12 16:13:25.466,0.0967317133589357,0.011526557720610144,0.07599999999999985,0.006402778902234531,0.05499999999999994,0.005503196611639442,0.020999999999999908,1.1634654100295894,0.03400000000000003
2264,3B0019F652,969-2025-02-12,2025-02-12 16:13:39.465,0.0882594873666144,0.006857651738413276,0.07000000000000006,0.004832596058671042,0.05400000000000005,0.0022290099296525547,0.016000000000000014,2.168045998531877,0.038000000000000034
2265,3B001877B5,971-2025-02-12,2025-02-12 16:14:06.465,0.1720534263134757,0.025318467383589702,0.06999999999999984,0.018452149018009463,0.05499999999999994,0.007644788705960536,0.014999999999999902,2.4136898647862663,0.040000000000000036
2266,3B0018C2F6,973-2025-02-12,2025-02-12 16:14:31.463,0.1475267868591065,0.02449878643844628,0.050000000000000044,0.014689526721908944,0.030999999999999917,0.010709681404512127,0.019000000000000128,1.3716119244891876,0.011999999999999789
2267,3B0019F652,975-2025-02-12,2025-02-12 16:15:09.465,0.0885024370460512,0.008923579329540864,0.07099999999999995,0.006026508023124034,0.05400000000000005,0.003173304137741336,0.016999999999999904,1.8991271436760309,0.037000000000000144
2268,3B001877B5,976-2025-02-12,2025-02-12 16:15:22.462,0.1760827887770468,0.026314759106201575,0.06799999999999984,0.017268706194907998,0.04899999999999993,0.00983065949751626,0.018999999999999906,1.7566172645152627,0.030000000000000027
2269,01103F88A1,980-2025-02-12,2025-02-12 16:16:01.461,0.1192401311160238,0.012286566401396413,0.07000000000000006,0.006678280557446419,0.04400000000000004,0.005963713089752854,0.026000000000000023,1.1198192228464796,0.018000000000000016
2270,01103FD2E8,982-2025-02-12,2025-02-12 16:16:16.461,0.1450978894709437,0.024533215223830562,0.06699999999999995,0.016598312280786332,0.050999999999999934,0.008745630868699629,0.016000000000000014,1.897897650836286,0.03499999999999992
2271,3B00186448,983-2025-02-12,2025-02-12 16:16:24.461,0.1499705050319192,0.019482694231999824,0.08299999999999996,0.008857703884502756,0.05499999999999994,0.011444435768020133,0.028000000000000025,0.7739747126070089,0.026999999999999913
2272,01101763D0,986-2025-02-12,2025-02-12 16:17:10.459,0.1608910297790173,0.025807835755632464,0.06000000000000005,0.01789436505330865,0.04400000000000004,0.008721140654139216,0.016000000000000014,2.051837685339435,0.028000000000000025
2273,3B0018C2F6,989-2025-02-12,2025-02-12 16:18:11.458,0.1500125646148875,0.02450524171030975,0.06199999999999983,0.015418845324246597,0.04499999999999993,0.0099764632658033,0.016999999999999904,1.5455221869155131,0.028000000000000025
2274,01103FD532,992-2025-02-12,2025-02-12 16:18:48.458,0.1785012256902457,0.027155408296048865,0.052999999999999936,0.012501684162537564,0.0259999999999998,0.015423076842717928,0.027000000000000135,0.8105830172557487,-0.001000000000000334
2275,3B00484043,994-2025-02-12,2025-02-12 16:19:02.458,0.0938208148313449,0.011984742495515096,0.062000000000000055,0.00603048759527551,0.037000000000000144,0.006300228496499973,0.02499999999999991,0.9571855367826239,0.012000000000000233
2276,3B004CC5C5,995-2025-02-12,2025-02-12 16:19:05.459,0.1149927026764902,0.008163046667823652,0.04400000000000004,0.005288840906464758,0.030000000000000027,0.003215730178493661,0.014000000000000012,1.6446780708890822,0.016000000000000014
2277,3B001877B5,996-2025-02-12,2025-02-12 16:19:10.458,0.1739028182939367,0.023524158067944896,0.06699999999999995,0.016241256589738424,0.051000000000000156,0.008019871238587101,0.015999999999999792,2.02512685136323,0.035000000000000364
2278,01103FD2E8,997-2025-02-12,2025-02-12 16:19:24.458,0.163697145982554,0.030016370965668032,0.05400000000000027,0.014076604440914388,0.028000000000000025,0.016827088303786705,0.026000000000000245,0.8365442782960045,0.0019999999999997797
2279,01103FD532,999-2025-02-12,2025-02-12 16:20:06.458,0.1783998766949828,0.02801301998674368,0.04699999999999971,0.0129240575440294,0.021999999999999797,0.015997478963053636,0.02499999999999991,0.8078808901001003,-0.0030000000000001137
2280,3B0018C2F6,1001-2025-02-12,2025-02-12 16:20:45.456,0.1598943722096916,0.02472522438038168,0.04700000000000015,0.01520922216957977,0.03000000000000025,0.010438404420742207,0.016999999999999904,1.4570447317942048,0.013000000000000345
2281,3B004CD4DE,1006-2025-02-12,2025-02-12 16:36:12.453,0.1003986183690209,0.015832908949426933,0.050000000000000044,0.0062234312591837055,0.02100000000000002,0.010103707141065515,0.029000000000000026,0.6159552303222633,-0.008000000000000007
2282,3B00199DE5,1011-2025-02-12,2025-02-12 16:57:28.460,0.1007251561663442,0.011719615259300363,0.05699999999999994,0.005082944356670437,0.026999999999999913,0.006959108629666786,0.030000000000000027,0.7304016400896184,-0.0030000000000001137
2283,3B00199DE5,1013-2025-02-12,2025-02-12 16:59:25.460,0.1009046364668019,0.012013185134233335,0.05500000000000016,0.005112208132769911,0.0259999999999998,0.007264971429877809,0.02900000000000036,0.7036790415645027,-0.0030000000000005578
2284,3B00199DE5,1014-2025-02-12,2025-02-12 17:00:55.461,0.1014216963862659,0.012800073358106762,0.052000000000000046,0.005612871530780262,0.02400000000000002,0.007596777075405354,0.028000000000000025,0.7388490507312625,-0.0040000000000000036
2285,3B00199DE5,1015-2025-02-12,2025-02-12 17:01:38.460,0.1003241406117963,0.012477808039759694,0.04899999999999993,0.005919491526785633,0.022999999999999687,0.006970747558487153,0.026000000000000245,0.8491903453853274,-0.0030000000000005578
2286,3B00199DE5,1016-2025-02-12,2025-02-12 17:02:18.461,0.101328229058166,0.011850200313947736,0.050000000000000044,0.005287790665531955,0.02300000000000013,0.006915523511002314,0.026999999999999913,0.7646262292535477,-0.0039999999999997815
2287,3B00199DE5,1-2025-02-16,2025-02-16 08:15:34.966,0.1056314595246609,0.01249329374438741,0.07199999999999995,0.005125867229946978,0.04299999999999993,0.0077513319991766305,0.029000000000000026,0.661288566983257,0.013999999999999901
2288,3B00192E1E,4-2025-02-16,2025-02-16 08:17:16.007,0.1049138643041158,0.004085879933343572,0.03400000000000003,0.002372520934128676,0.020000000000000018,0.0018987456903193918,0.014000000000000012,1.2495201154239826,0.006000000000000005
2289,3B004CDB63,5-2025-02-16,2025-02-16 08:17:19.011,0.0918532097116226,0.011151754967017645,0.04999999999999999,0.006274784958931864,0.03199999999999997,0.005314797906739452,0.018000000000000016,1.1806253161526792,0.013999999999999957
2290,3B004CDB63,7-2025-02-16,2025-02-16 08:23:59.311,0.0918532097116226,0.01208237315028243,0.043999999999999984,0.0069741528977356505,0.027000000000000024,0.005580919906262555,0.01699999999999996,1.2496421763569296,0.010000000000000064
2291,0700ED9568,8-2025-02-16,2025-02-16 08:25:34.313,0.1395414392008801,0.023389159589862586,0.06299999999999994,0.015391116110732185,0.04499999999999993,0.008722951261351716,0.018000000000000016,1.7644390814063962,0.026999999999999913
2292,3B004CDB63,9-2025-02-16,2025-02-16 08:30:58.317,0.0918532097116226,0.01240821557026121,0.04600000000000004,0.00762384056400956,0.029000000000000026,0.005251684919722336,0.017000000000000015,1.4516942049167418,0.01200000000000001
2293,3B004C6A69,10-2025-02-16,2025-02-16 08:32:16.317,0.0859193409323942,0.014114962828800827,0.041999999999999815,0.008165786612117433,0.02400000000000002,0.0064977931063526844,0.017999999999999794,1.256701541348555,0.006000000000000227
2294,0700ED9568,12-2025-02-16,2025-02-16 08:37:48.321,0.1629727087519889,0.022710901454447686,0.049000000000000044,0.014339845009562096,0.03200000000000003,0.009155853736863156,0.017000000000000015,1.5661941989994046,0.015000000000000013
2295,3B00484043,14-2025-02-16,2025-02-16 08:43:30.327,0.0938208148313449,-0.000672111362337908,0.028999999999999915,-0.0006755990244689948,0.026999999999999913,7.3868738688148e-06,0.0020000000000000018,-91.45939628415402,0.02499999999999991
2296,3B00484043,15-2025-02-16,2025-02-16 08:43:42.326,0.0938208148313449,-0.0005936045093989899,0.03200000000000003,-0.0006220684682447242,0.02800000000000047,4.09499119303079e-05,0.0039999999999995595,-15.190959856114318,0.02400000000000091
2297,3B0018A99B,16-2025-02-16,2025-02-16 08:46:33.329,0.090805024761969,0.01171456035462904,0.06300000000000006,0.007168557158049521,0.04400000000000004,0.004900710451171995,0.019000000000000017,1.4627587631371235,0.025000000000000022
2298,3B0018F763,17-2025-02-16,2025-02-16 08:46:38.329,0.1094391649153988,0.013002962098842151,0.044999999999999984,0.007860396415946271,0.027000000000000024,0.00557517339325385,0.01799999999999996,1.409892726467955,0.009000000000000064
2299,3B001870F2,21-2025-02-16,2025-02-16 08:51:51.332,0.1031217791025664,0.0037110488330727013,0.03699999999999992,0.0022880576455713156,0.02400000000000002,0.001588014239915416,0.0129999999999999,1.4408294258703793,0.01100000000000012
2300,3B004CC5C5,24-2025-02-16,2025-02-16 08:52:28.334,0.1149927026764902,0.00811824608908776,0.04800000000000004,0.0054436034852097725,0.03400000000000003,0.002992980072454602,0.014000000000000012,1.8187904207278487,0.020000000000000018
2301,3B001870F2,27-2025-02-16,2025-02-16 08:53:52.334,0.0938439385257429,0.01390937148395614,0.05300000000000016,0.006763459890519219,0.029000000000000137,0.0075757994173308064,0.02400000000000002,0.8927717746917591,0.0050000000000001155
2302,3B0018F763,28-2025-02-16,2025-02-16 08:54:17.335,0.1094391649153988,0.012028616595144712,0.051000000000000045,0.00649817287303981,0.029000000000000026,0.005934025495006188,0.02200000000000002,1.0950699282482663,0.007000000000000006
2303,3B0018F763,33-2025-02-16,2025-02-16 09:02:04.340,0.1094391649153988,0.0062323534496023965,0.04399999999999993,0.00415352750560031,0.030000000000000027,0.0023037176102453896,0.013999999999999901,1.8029672938767352,0.016000000000000125
2304,3B0049A710,34-2025-02-16,2025-02-16 09:02:37.340,0.0961196086202998,0.013291652362667425,0.08300000000000002,0.004649863068602379,0.05499999999999999,0.009076396534018571,0.028000000000000025,0.51230276808363,0.02699999999999997
2305,3B00484043,35-2025-02-16,2025-02-16 09:02:46.340,0.0938208148313449,0.000359796289218325,0.016000000000000014,0.000183198591281089,0.006999999999999895,0.00020794009329855984,0.009000000000000119,0.8810162021907576,-0.002000000000000224
2306,3B00484043,36-2025-02-16,2025-02-16 09:02:56.339,0.0938208148313449,0.004276417901935705,0.07199999999999995,0.0023651907001057708,0.040000000000000036,0.0020046437550264376,0.03199999999999992,1.1798558692412549,0.008000000000000118
2307,3B0049A710,37-2025-02-16,2025-02-16 09:03:46.341,0.0961196086202998,0.01427577783963159,0.04499999999999993,0.005934681878158593,0.020000000000000018,0.008807007633643203,0.02499999999999991,0.6738590591755385,-0.004999999999999893
2308,3B0018F763,40-2025-02-16,2025-02-16 09:07:04.341,0.1094391649153988,0.006946123181294583,0.040999999999999925,0.003879725922804031,0.02299999999999991,0.003314045190804256,0.018000000000000016,1.1706919186163829,0.004999999999999893
2309,0700ED9568,41-2025-02-16,2025-02-16 09:08:17.341,0.1629727087519889,0.02277014815413892,0.07199999999999995,0.015260413569685905,0.05500000000000005,0.008243391180987896,0.016999999999999904,1.851230062317276,0.038000000000000145
2310,3B00182DFC,42-2025-02-16,2025-02-16 09:08:30.342,0.0982725277354585,0.013068190874957825,0.07699999999999996,0.006123862406239354,0.05400000000000005,0.007363058344990527,0.02299999999999991,0.831700920909548,0.03100000000000014
2311,3B0019F652,45-2025-02-16,2025-02-16 09:09:54.343,0.0898887910065372,0.006205477505413025,0.06499999999999995,0.004453587573923978,0.052000000000000046,0.0019641192111397292,0.0129999999999999,2.267473149626021,0.039000000000000146
2312,3B0018F763,47-2025-02-16,2025-02-16 09:11:18.343,0.1094391649153988,0.006294706752851129,0.03699999999999998,0.00339020554332753,0.020000000000000018,0.003165110656516403,0.01699999999999996,1.071117540976868,0.003000000000000058
2313,01103FD2E8,48-2025-02-16,2025-02-16 09:11:44.343,0.1506351749003677,0.02644964153294176,0.050999999999999934,0.013215225742194175,0.026999999999999913,0.0140264780538831,0.02400000000000002,0.9421627932134868,0.0029999999999998916
2314,3B00182DFC,49-2025-02-16,2025-02-16 09:11:54.341,0.103894248890132,0.014434020802740621,0.04800000000000004,0.005645382354640553,0.020000000000000018,0.009237896616816956,0.028000000000000025,0.6111112289743016,-0.008000000000000007
2315,3B0019F652,50-2025-02-16,2025-02-16 09:12:16.337,0.0824505181912012,0.006548624373988214,0.06800000000000006,0.004155764057238038,0.04699999999999971,0.0025564432520040477,0.02100000000000035,1.6256038752200936,0.025999999999999357
2316,01103FD2E8,51-2025-02-16,2025-02-16 09:20:46.293,0.1512461677394279,0.027748590588617783,0.051999999999999824,0.0117221695855555,0.02400000000000002,0.016851728567212527,0.027999999999999803,0.6956063610211877,-0.0039999999999997815
2317,3B0019F652,55-2025-02-16,2025-02-16 09:25:27.297,0.0898887910065372,0.006400055508658079,0.06099999999999994,0.004845855219581665,0.04699999999999993,0.0017257508858325831,0.014000000000000012,2.8079691335309946,0.03299999999999992
2318,01103FD2E8,56-2025-02-16,2025-02-16 09:26:38.297,0.1564586551747172,0.008845968969608133,0.039000000000000146,0.004966681122732135,0.021999999999999797,0.004251657106288756,0.017000000000000348,1.1681753722297512,0.004999999999999449
2319,3B001857EE,57-2025-02-16,2025-02-16 09:29:13.299,0.1069375408356136,0.0052754583540008185,0.04399999999999993,0.003368240758268662,0.028000000000000025,0.0020856113437157557,0.015999999999999903,1.6149896616249482,0.012000000000000122
2320,3B001857EE,61-2025-02-16,2025-02-16 09:30:36.301,0.1069375408356136,0.005668650107709276,0.04400000000000004,0.0027594693329058982,0.02200000000000002,0.003089093354787578,0.02200000000000002,0.8932942504405644,0.0
2321,3B001857EE,62-2025-02-16,2025-02-16 09:31:19.300,0.1069375408356136,0.0042600115037134696,0.039999999999999925,0.002450856327538227,0.02299999999999991,0.0019831064427440984,0.017000000000000015,1.2358672609357697,0.005999999999999894
2322,3B001857EE,63-2025-02-16,2025-02-16 09:32:23.300,0.1069375408356136,0.002242387745740091,0.04400000000000004,0.0008837209462263496,0.019000000000000017,0.0014316403983199008,0.025000000000000022,0.617278575865447,-0.006000000000000005
2323,3B00186448,65-2025-02-16,2025-02-16 09:33:58.302,0.1499705050319192,0.029277219820428888,0.061000000000000165,0.011819253366211358,0.030000000000000027,0.018191415539041175,0.03100000000000014,0.6497159795424211,-0.001000000000000112
2324,3B004B0F76,66-2025-02-16,2025-02-16 09:35:38.303,0.1528309936357074,0.022319065612280344,0.07699999999999996,0.009456614076601269,0.05400000000000005,0.013741063755455123,0.02299999999999991,0.6882010188510368,0.03100000000000014
2325,3B00186448,67-2025-02-16,2025-02-16 09:35:43.303,0.1499705050319192,0.025856123693239048,0.07000000000000006,0.018657120220796665,0.05400000000000005,0.007926490822254923,0.016000000000000014,2.353767971119545,0.038000000000000034
2326,3B00182DFC,68-2025-02-16,2025-02-16 09:35:57.303,0.103894248890132,0.014085014180504993,0.04899999999999993,0.0062256399324707255,0.02299999999999991,0.008291300616668116,0.026000000000000023,0.7508640948267195,-0.0030000000000001137
2327,01103FD2E8,69-2025-02-16,2025-02-16 09:36:26.304,0.1450978894709437,0.011735776268497491,0.051999999999999824,0.006885502182960476,0.031999999999999806,0.005193627309265791,0.020000000000000018,1.3257597769243594,0.011999999999999789
2328,3B001877B5,70-2025-02-16,2025-02-16 09:36:47.303,0.1601262064418183,0.025527671191226845,0.058000000000000274,0.012693999584271237,0.03200000000000003,0.01350307563446232,0.026000000000000245,0.9400820915106057,0.005999999999999783
2329,3B00182DFC,73-2025-02-16,2025-02-16 09:37:07.304,0.103894248890132,0.014239089619318223,0.04800000000000004,0.0064618187094535795,0.02300000000000002,0.00821737032634832,0.025000000000000022,0.7863608980520558,-0.0020000000000000018
2330,3B001877B5,76-2025-02-16,2025-02-16 09:43:41.307,0.1645918676810441,0.024343012662334164,0.07499999999999996,0.014880832080519704,0.05499999999999994,0.010146720801302354,0.020000000000000018,1.4665656394733673,0.03499999999999992
2331,3B0019B8CC,77-2025-02-16,2025-02-16 09:43:45.306,0.1540612059399422,0.02520230717386483,0.05699999999999994,0.014386008101879127,0.03400000000000003,0.01151365418760031,0.02299999999999991,1.249473700310733,0.01100000000000012
2332,3B004CDB63,78-2025-02-16,2025-02-16 09:44:46.309,0.0918532097116226,0.013702527885590409,0.05999999999999997,0.008010775588539302,0.04000000000000001,0.006138917988291961,0.019999999999999962,1.30491653477328,0.020000000000000046
2333,0700ED9568,81-2025-02-16,2025-02-16 09:46:04.310,0.1531562604130097,0.024100241466618422,0.07200000000000006,0.01629560302280357,0.05500000000000005,0.008541520740225333,0.017000000000000015,1.9078105080353265,0.038000000000000034
2334,3B001877B5,82-2025-02-16,2025-02-16 09:47:32.310,0.1720534263134757,0.022870504907356967,0.05799999999999983,0.01612918024760542,0.041999999999999815,0.007450645908118334,0.016000000000000014,2.164802950846292,0.0259999999999998
2335,3B00186448,84-2025-02-16,2025-02-16 09:51:04.311,0.1499705050319191,0.02983225304786302,0.05800000000000005,0.014404717130117444,0.030999999999999917,0.016214523614467024,0.027000000000000135,0.888383616603153,0.0039999999999997815
2336,01103F97C4,86-2025-02-16,2025-02-16 09:54:10.314,0.1676441888996201,0.03315927424337247,0.07599999999999996,0.02324206693854959,0.05500000000000005,0.01063244727194391,0.020999999999999908,2.185956473057617,0.03400000000000014
2337,3B0019B8CC,87-2025-02-16,2025-02-16 09:54:21.314,0.1540612059399422,0.026112690878858726,0.05399999999999994,0.012428116646482433,0.028000000000000025,0.014413998091249363,0.025999999999999912,0.8622254955082487,0.002000000000000113
2338,3B004CDB63,89-2025-02-16,2025-02-16 09:55:28.314,0.0918532097116226,0.011673493258363681,0.04300000000000015,0.007278564759087502,0.027000000000000135,0.004858287390616409,0.016000000000000014,1.49817500980814,0.01100000000000012
2339,3B00186448,90-2025-02-16,2025-02-16 09:55:49.315,0.1499705050319192,0.026648157575478604,0.07299999999999995,0.01767004978020147,0.05499999999999994,0.009785705445160947,0.018000000000000016,1.8057001489799949,0.03699999999999992
2340,3B004CA42C,94-2025-02-16,2025-02-16 10:07:58.321,0.0920177479259772,0.011512373187211693,0.06899999999999995,0.005263508919398304,0.041999999999999815,0.00660513678893423,0.027000000000000135,0.7968811377557551,0.01499999999999968
2341,3B0018C2F6,95-2025-02-16,2025-02-16 10:08:28.322,0.1422385076213657,0.02120071527618458,0.07200000000000006,0.013036742235384445,0.05499999999999994,0.008965948355295588,0.017000000000000126,1.4540282543211964,0.03799999999999981
2342,3B0019B8CC,97-2025-02-16,2025-02-16 10:09:20.323,0.1540612059399422,0.025812394827117786,0.05199999999999999,0.011749974214500813,0.025999999999999968,0.01481263976075418,0.026000000000000023,0.793239719879785,-5.551115123125783e-17
2343,01103F97C4,98-2025-02-16,2025-02-16 10:09:34.323,0.1676441888996201,0.009455573914101451,0.040999999999999925,0.005938652742880628,0.026000000000000023,0.0038856669108166325,0.014999999999999902,1.528348383735375,0.01100000000000012
2344,3B004C6A69,99-2025-02-16,2025-02-16 10:09:36.323,0.0902404697293862,0.014361859026965912,0.07200000000000006,0.009127941668605793,0.05500000000000005,0.005741530594195089,0.017000000000000015,1.5898098109647796,0.038000000000000034
2345,3B0019248A,100-2025-02-16,2025-02-16 10:09:58.323,0.1098430414554017,0.006069263831572103,0.040999999999999925,0.0037125460874555334,0.02499999999999991,0.002591684919960364,0.016000000000000014,1.4324835781011187,0.008999999999999897
2346,3B0049A710,101-2025-02-16,2025-02-16 10:10:23.323,0.0956726262907684,0.012528072883068599,0.07200000000000006,0.007202264242621736,0.052999999999999936,0.005749390040687909,0.019000000000000128,1.2527005806967293,0.03399999999999981
2347,01101763D0,106-2025-02-16,2025-02-16 10:12:17.320,0.1583836721440008,0.023075694079061793,0.061,0.01508973010706997,0.04400000000000004,0.00871883981955333,0.01699999999999996,1.7307039031992473,0.02700000000000008
2348,3B0018C2F6,107-2025-02-16,2025-02-16 10:12:27.319,0.1495562409792158,0.020637284751522506,0.04499999999999993,0.011775465139197678,0.02499999999999991,0.009708470771156476,0.020000000000000018,1.212906277081471,0.004999999999999893
2349,3B0018A99B,108-2025-02-16,2025-02-16 10:12:39.316,0.0883273548306758,0.0018150436306938874,0.026000000000000023,0.0011104165815386247,0.014999999999999902,0.0008120699100142336,0.01100000000000012,1.3673903783963155,0.0039999999999997815
2350,3B004ACEEA,114-2025-02-16,2025-02-16 10:29:52.289,0.1340366575653846,0.010607609596139876,0.04100000000000001,0.006741228496079025,0.026999999999999996,0.004312012901833636,0.014000000000000012,1.5633600013609403,0.012999999999999984
2351,3B004ACEEA,117-2025-02-16,2025-02-16 10:30:49.290,0.1340366575653846,0.013575632637813815,0.045999999999999985,0.005081859573089929,0.018000000000000016,0.008939847277225386,0.02799999999999997,0.5684503790166715,-0.009999999999999953
2352,3B001877B5,119-2025-02-16,2025-02-16 10:31:48.290,0.1632129956652283,0.027269963600315604,0.06000000000000005,0.013242598708361352,0.03200000000000003,0.014714704073764986,0.028000000000000025,0.8999568487396041,0.0040000000000000036
2353,3B0019F652,120-2025-02-16,2025-02-16 10:31:56.290,0.0898887910065372,0.002104012764914335,0.061,0.0012135545834892879,0.03799999999999998,0.0009617999461977874,0.02300000000000002,1.2617536404392031,0.014999999999999958
2354,3B004CA42C,124-2025-02-16,2025-02-16 10:35:09.293,0.0999725037240081,0.004064727659786683,0.07000000000000006,0.0025388161886496503,0.04300000000000004,0.00163790297639373,0.027000000000000024,1.5500406466318997,0.016000000000000014
2355,3B004C4B80,126-2025-02-16,2025-02-16 10:36:08.294,0.1021802274803077,0.001429283274681491,0.05999999999999994,0.0011266863112052992,0.051999999999999935,0.00036328223340757314,0.008000000000000007,3.101407686902345,0.04399999999999993
2356,3B001877B5,128-2025-02-16,2025-02-16 10:36:52.294,0.162848702811806,0.024529277573101783,0.06700000000000017,0.016965316468908493,0.05000000000000071,0.00831113067386673,0.01699999999999946,2.041276588545735,0.03300000000000125
2357,3B0018C2F6,130-2025-02-16,2025-02-16 10:37:21.293,0.1500125646148875,0.024309507232308746,0.05400000000000005,0.01402460788071789,0.03299999999999992,0.011161534706179605,0.02100000000000013,1.256512500288436,0.011999999999999789
2358,3B004CA42C,131-2025-02-16,2025-02-16 10:50:39.302,0.1078656181881558,0.012822380003538473,0.08299999999999996,0.005125371865868565,0.05499999999999994,0.008081441589272254,0.028000000000000025,0.6342150480518554,0.026999999999999913
2359,3B001870F2,132-2025-02-16,2025-02-16 10:55:17.305,0.1031217791025664,0.012699308309854117,0.05399999999999994,0.006170404206343914,0.029999999999999916,0.006932702988332444,0.02400000000000002,0.8900430635393642,0.005999999999999894
2360,3B004CA42C,133-2025-02-16,2025-02-16 10:56:22.305,0.1078656181881559,0.01324428405051741,0.050999999999999934,0.005089554164877601,0.020999999999999908,0.008546071713980493,0.030000000000000027,0.5955431144524114,-0.009000000000000119
2361,3B00182DFC,134-2025-02-16,2025-02-16 10:58:15.308,0.1052290090320744,0.015036907181989119,0.07899999999999996,0.005473958093842903,0.04799999999999993,0.01021865248392735,0.031000000000000028,0.5356829682243083,0.016999999999999904
2362,3B001877B5,135-2025-02-16,2025-02-16 10:58:26.307,0.1720534263134757,0.02257591802411741,0.06099999999999997,0.013823186203214372,0.03900000000000001,0.009421542668998901,0.021999999999999964,1.467189258580641,0.017000000000000043
2363,3B0019B8CC,137-2025-02-16,2025-02-16 10:59:23.307,0.1540612059399422,0.027052899563975483,0.051999999999999824,0.011442031041039462,0.02400000000000002,0.016371548833010993,0.027999999999999803,0.6988972856354414,-0.0039999999999997815
2364,3B0018C6F9,139-2025-02-16,2025-02-16 11:00:09.307,0.0940380930727395,0.013789577752265735,0.04999999999999993,0.007731093638416889,0.028999999999999915,0.006527484406489299,0.02100000000000002,1.1843909777449675,0.007999999999999896
2365,3B004C4B80,140-2025-02-16,2025-02-16 11:00:38.309,0.0999825031221619,0.011615817936778657,0.05999999999999983,0.0052039123637632415,0.0259999999999998,0.006783895490709294,0.03400000000000003,0.7670979558706532,-0.00800000000000023
2366,3B004CA42C,141-2025-02-16,2025-02-16 11:00:45.309,0.0996948044931413,0.013868462919031805,0.05600000000000005,0.007627247235781589,0.03200000000000003,0.006674528027707119,0.02400000000000002,1.142739562126276,0.008000000000000007
2367,3B00182DFC,148-2025-02-16,2025-02-16 11:06:17.313,0.103894248890132,0.01422257467139739,0.07999999999999996,0.006490744992127587,0.05499999999999994,0.008166413419005834,0.025000000000000022,0.7948097480616846,0.029999999999999916
2368,3B001877B5,149-2025-02-16,2025-02-16 11:06:23.311,0.1617071241574315,0.023723016458595567,0.06199999999999983,0.015411407258536338,0.04399999999999982,0.009029763129212408,0.018000000000000016,1.7067343891534117,0.0259999999999998
2369,3B004C6A69,153-2025-02-16,2025-02-16 11:07:43.312,0.0947150014015009,0.014263240101043332,0.06299999999999994,0.009025406856765094,0.04299999999999993,0.005657058094975978,0.020000000000000018,1.5954241065299541,0.02299999999999991
2370,3B0019F652,154-2025-02-16,2025-02-16 11:11:27.314,0.0898887910065373,0.006243568305369641,0.06099999999999994,0.004192827209247778,0.04399999999999982,0.0022317995391196465,0.017000000000000126,1.8786755422046892,0.02699999999999969
2371,3B001870F2,164-2025-02-16,2025-02-16 11:19:54.271,0.0967246023278972,0.011359002466330757,0.04800000000000004,0.006882073924510676,0.029999999999999805,0.004889616867780472,0.018000000000000238,1.407487357518593,0.011999999999999567
2372,3B001877B5,165-2025-02-16,2025-02-16 11:22:02.271,0.1664622619216401,0.02375250000222627,0.05300000000000016,0.015772304983302128,0.03500000000000014,0.008664093738953197,0.018000000000000016,1.8204217842647386,0.017000000000000126
2373,3B001857EE,168-2025-02-16,2025-02-16 11:23:19.274,0.0874616167046659,0.00662727735460065,0.04300000000000004,0.003212500174678468,0.02100000000000002,0.003644719128232668,0.02200000000000002,0.881412273937338,-0.0010000000000000009
2374,3B001870F2,169-2025-02-16,2025-02-16 11:23:43.274,0.1031217791025664,0.011664132277641761,0.04799999999999993,0.006906130309854888,0.030999999999999917,0.005214549869660486,0.017000000000000015,1.324396253267502,0.013999999999999901
2375,3B001857EE,170-2025-02-16,2025-02-16 11:24:47.272,0.1069375408356136,0.012355238346380143,0.05199999999999999,0.008575626689355452,0.03600000000000003,0.004169593649341445,0.01599999999999996,2.05670561943366,0.020000000000000073
2376,3B001877B5,171-2025-02-16,2025-02-16 11:25:05.273,0.1655712121879599,0.02370975782384539,0.07799999999999985,0.012293883839721161,0.05499999999999994,0.012108081678820479,0.02299999999999991,1.0153453012483131,0.03200000000000003
2377,3B004B0F76,172-2025-02-16,2025-02-16 11:25:14.273,0.1599113396077151,0.02239543208801973,0.07200000000000006,0.014221221568389614,0.05499999999999994,0.008960870534404902,0.017000000000000126,1.587035714196272,0.03799999999999981
2378,3B004CD4DE,173-2025-02-16,2025-02-16 11:25:19.273,0.095072996479498,0.013632258131803611,0.05399999999999999,0.008770846851760753,0.03699999999999998,0.005318291757718269,0.017000000000000015,1.649184973545669,0.019999999999999962
2379,3B004CDB63,174-2025-02-16,2025-02-16 11:25:23.273,0.0918532097116226,0.010916675703846633,0.04500000000000001,0.006473954018851144,0.027999999999999997,0.0048806137612551715,0.017000000000000015,1.326463091639156,0.010999999999999982
2380,3B001857EE,180-2025-02-16,2025-02-16 11:26:28.274,0.1069375408356136,0.004485873742736572,0.06800000000000006,0.00326565496801037,0.05500000000000005,0.0013662640503597336,0.013000000000000012,2.390207783883746,0.04200000000000004
2381,3B00182DFC,181-2025-02-16,2025-02-16 11:26:59.275,0.103894248890132,0.01393262490658742,0.04600000000000004,0.006233558359689194,0.02200000000000002,0.008152893379961768,0.02400000000000002,0.76458234753935,-0.0020000000000000018
2382,01103F97C4,183-2025-02-16,2025-02-16 11:27:30.275,0.1676441888996202,0.025435905493564774,0.049000000000000155,0.016759252389762322,0.03200000000000003,0.009527599561953707,0.017000000000000126,1.759021491277464,0.014999999999999902
2383,3B00199DE5,185-2025-02-16,2025-02-16 11:28:19.275,0.1056314595246609,0.011165954253838435,0.05400000000000005,0.004844499443874373,0.02499999999999991,0.006641039170207355,0.029000000000000137,0.7294791251356393,-0.004000000000000226
2384,3B0018C2F6,187-2025-02-16,2025-02-16 11:31:11.277,0.1500125646148875,0.02473436406365416,0.04700000000000004,0.0155835704768999,0.029000000000000026,0.009979234141717325,0.018000000000000016,1.5615998437950394,0.01100000000000001
2385,0700ED9568,189-2025-02-16,2025-02-16 11:31:55.275,0.1491187198254703,0.02434299441521712,0.06400000000000006,0.01672940108061425,0.04800000000000004,0.00838400641239789,0.016000000000000014,1.9953945951037881,0.03200000000000003
2386,3B0018C2F6,190-2025-02-16,2025-02-16 11:32:55.276,0.1500125646148875,0.02312728753924883,0.07600000000000007,0.014188181383133526,0.05400000000000005,0.009658627676619928,0.02200000000000002,1.4689645214793838,0.03200000000000003
2387,3B0018F763,191-2025-02-16,2025-02-16 11:33:01.277,0.1014936004544976,0.01256483093350689,0.04700000000000015,0.007439111251854146,0.029000000000000137,0.005575058069751202,0.018000000000000016,1.3343558324920068,0.01100000000000012
2388,3B0019B8CC,192-2025-02-16,2025-02-16 11:33:11.277,0.1540612059399422,0.023141031330732986,0.05400000000000005,0.013653635928835556,0.03300000000000003,0.010231039374847796,0.02100000000000002,1.3345306794930283,0.01200000000000001
2389,3B00182DFC,193-2025-02-16,2025-02-16 11:33:59.277,0.103894248890132,0.013970255834522272,0.04700000000000004,0.0058585839098872165,0.02100000000000002,0.008545054228924771,0.026000000000000023,0.6856110860076314,-0.0050000000000000044
2390,3B00182DFC,195-2025-02-16,2025-02-16 11:35:18.278,0.103894248890132,0.013124389305565812,0.068,0.008022385322194878,0.04899999999999999,0.0055081361020442015,0.019000000000000017,1.4564609830932789,0.02999999999999997
2391,011016B2E1,196-2025-02-16,2025-02-16 11:35:41.277,0.1000187153551703,0.004311829096918901,0.052000000000000046,0.0019434382494601362,0.02499999999999991,0.00248555560158566,0.027000000000000135,0.7818928887450032,-0.002000000000000224
2392,3B001870F2,197-2025-02-16,2025-02-16 11:35:49.278,0.1031217791025664,0.00474149322489238,0.03699999999999992,0.0029874856886423517,0.0239999999999998,0.0019713464181127876,0.013000000000000123,1.5154544433151105,0.010999999999999677
2393,01103F97C4,198-2025-02-16,2025-02-16 11:35:57.279,0.1676441888996202,0.02461539708986783,0.05400000000000005,0.014991144833480841,0.03499999999999992,0.010440763570302549,0.019000000000000128,1.435828398233371,0.015999999999999792
2394,3B001857EE,199-2025-02-16,2025-02-16 11:36:07.279,0.1069375408356136,0.005109798611976731,0.04300000000000004,0.00274065644193945,0.02300000000000002,0.0025394083242105906,0.020000000000000018,1.0792500031641898,0.0030000000000000027
2395,3B004ACEEA,200-2025-02-16,2025-02-16 11:36:12.278,0.1340366575653846,0.011456772087595329,0.049000000000000155,0.00731823582431742,0.03300000000000014,0.004557986701742008,0.016000000000000014,1.6055851636250886,0.017000000000000126
2396,3B00182DFC,201-2025-02-16,2025-02-16 11:36:28.280,0.103894248890132,0.012751269614756033,0.04799999999999999,0.007953844001036601,0.02999999999999997,0.0052506207309964865,0.018000000000000016,1.5148387987884786,0.011999999999999955
2397,3B0018F763,203-2025-02-16,2025-02-16 11:36:45.279,0.1094391649153988,0.01396166578790996,0.05499999999999999,0.00802842104503863,0.03300000000000003,0.006356260273038764,0.021999999999999964,1.2630730492727997,0.011000000000000065
2398,01103F97C4,205-2025-02-16,2025-02-16 11:37:00.279,0.1676441888996202,0.02524164761016231,0.052000000000000046,0.01671287432039413,0.03500000000000003,0.009343202234367609,0.017000000000000015,1.7887736882027723,0.018000000000000016
2399,011016B2E1,206-2025-02-16,2025-02-16 11:37:09.278,0.1014097522133409,0.0029160830079728813,0.067,0.000980020621640757,0.026000000000000023,0.0020234136620755367,0.04099999999999998,0.4843402216803711,-0.014999999999999958
2400,3B0018F763,207-2025-02-16,2025-02-16 11:37:23.278,0.1046311740812513,0.011904259031624976,0.04500000000000015,0.006303569049514246,0.025000000000000133,0.006043588500891184,0.020000000000000018,1.0430175794703305,0.0050000000000001155
2401,3B0018F763,216-2025-02-16,2025-02-16 11:40:00.281,0.1040026918570767,0.00615317116325724,0.040999999999999925,0.0034238918456540967,0.02299999999999991,0.0029619110785530115,0.018000000000000016,1.1559738813383884,0.004999999999999893
2402,3B0019B8CC,217-2025-02-16,2025-02-16 11:40:21.279,0.1540612059399422,0.02443289665571451,0.06600000000000006,0.014830200245045111,0.04499999999999993,0.010370417429929587,0.02100000000000013,1.430048534232031,0.0239999999999998
2403,3B0018A99B,226-2025-02-16,2025-02-16 11:44:07.281,0.0883273548306757,0.005073048400480107,0.04100000000000015,0.0032591861530509884,0.027000000000000135,0.0020247459759680088,0.014000000000000012,1.6096765676952673,0.013000000000000123
2404,3B0019F652,229-2025-02-16,2025-02-16 11:45:34.282,0.0898887910065372,0.006616239996869505,0.05600000000000005,0.0027271023418121185,0.027000000000000135,0.004078209595525131,0.028999999999999915,0.6687008791319767,-0.0019999999999997797
2405,3B001870F2,230-2025-02-16,2025-02-16 11:45:37.282,0.1031217791025664,0.010166761106754137,0.07700000000000001,0.005420344874762974,0.045999999999999985,0.004985231466445292,0.031000000000000028,1.087280482610758,0.014999999999999958
2406,3B00182DFC,231-2025-02-16,2025-02-16 11:45:43.282,0.103894248890132,0.013242760265928029,0.04999999999999999,0.00804926516353404,0.03199999999999997,0.005650329596157562,0.018000000000000016,1.424565598617087,0.013999999999999957
2407,3B0019B8CC,232-2025-02-16,2025-02-16 11:46:00.282,0.1587257442674772,0.00969954210699075,0.04200000000000004,0.006202738670651979,0.026999999999999913,0.0038485560982992363,0.015000000000000124,1.6117054064492158,0.011999999999999789
2408,3B00191394,233-2025-02-16,2025-02-16 11:46:09.282,0.0954459791162276,0.010554973012817036,0.050000000000000044,0.006181788847560133,0.03299999999999992,0.004778435042911332,0.017000000000000126,1.2936848135522183,0.015999999999999792
2409,3B001870F2,234-2025-02-16,2025-02-16 11:48:07.284,0.0952674487186366,0.011608329033316508,0.0519999999999996,0.007165330577505995,0.03399999999999892,0.004852969076946891,0.018000000000000682,1.4764838728405543,0.015999999999998238
2410,3B00191394,235-2025-02-16,2025-02-16 11:48:29.283,0.093567794367351,0.011250497850046523,0.04800000000000004,0.006807641148937418,0.03100000000000014,0.004865902429025469,0.016999999999999904,1.3990500730818878,0.014000000000000234
2411,3B004CDB63,236-2025-02-16,2025-02-16 11:48:47.284,0.0918532097116226,0.012191551908287137,0.05599999999999994,0.007563709380166847,0.03799999999999992,0.005071114212383695,0.018000000000000016,1.491528106721836,0.019999999999999907
2412,3B0019B8CC,237-2025-02-16,2025-02-16 11:49:47.284,0.1540612059399422,0.02711768399271126,0.07999999999999996,0.013395968717351577,0.052999999999999936,0.014448260216391012,0.027000000000000024,0.9271682899339223,0.025999999999999912
2413,011016B2E1,240-2025-02-16,2025-02-16 11:51:12.285,0.0975076489473913,0.010855460652389397,0.07500000000000018,0.006022607501966185,0.05500000000000016,0.005209170722992864,0.020000000000000018,1.15615475518644,0.03500000000000014
2414,011016B2E1,241-2025-02-16,2025-02-16 11:51:21.285,0.0986694222009024,0.00452590616822211,0.058000000000000274,0.00231356929155456,0.03300000000000036,0.002346657806657111,0.02499999999999991,0.9858997272594735,0.008000000000000451
2415,3B00191394,245-2025-02-16,2025-02-16 11:56:50.287,0.0882780554265318,0.005614051513417566,0.04600000000000004,0.0035326845294389527,0.030000000000000027,0.0022804827162244087,0.016000000000000014,1.5490950684720393,0.014000000000000012
2416,3B00191394,247-2025-02-16,2025-02-16 11:58:31.289,0.0979645594476272,0.012194680946485223,0.05199999999999999,0.006371540242363251,0.02999999999999997,0.006233970730073614,0.02200000000000002,1.0220677186734262,0.007999999999999952
2417,3B00484043,249-2025-02-16,2025-02-16 12:00:11.289,0.0938208148313449,0.004424531297439797,0.06599999999999984,0.001872547601908821,0.027999999999999803,0.0026555454324576656,0.038000000000000034,0.705146136466514,-0.010000000000000231
2418,3B00484043,251-2025-02-16,2025-02-16 12:00:33.288,0.0945043153140113,0.009693260496319158,0.05800000000000005,0.0057893692406275205,0.03600000000000003,0.004174452205824398,0.02200000000000002,1.386857234237803,0.014000000000000012
2419,3B004CA42C,252-2025-02-16,2025-02-16 12:00:37.289,0.1078656181881559,0.013775597576030068,0.05900000000000016,0.006997592213778639,0.03300000000000014,0.007149315256582742,0.026000000000000023,0.978777961614659,0.007000000000000117
2420,3B001877B5,253-2025-02-16,2025-02-16 12:00:53.289,0.13557332447006,0.025270465087134174,0.07299999999999995,0.017214012587694612,0.05400000000000005,0.008734276727184225,0.018999999999999906,1.9708572472999837,0.03500000000000014
2421,3B001857EE,255-2025-02-16,2025-02-16 12:01:23.291,0.1069375408356136,0.00423395059186255,0.038999999999999924,0.0026307647849545756,0.02499999999999991,0.0017786526536822977,0.014000000000000012,1.4790773114178155,0.010999999999999899
2422,011016B2E1,256-2025-02-16,2025-02-16 12:02:13.292,0.0985172743518739,0.0018955434486000841,0.07899999999999996,0.0014644456886480888,0.04699999999999993,0.00048008372924878963,0.03200000000000003,3.0503964192654025,0.014999999999999902
2423,3B004CA42C,257-2025-02-16,2025-02-16 12:02:22.291,0.1078656181881558,0.014308650814104321,0.05400000000000005,0.005748917981064498,0.02400000000000002,0.008992196720714657,0.030000000000000027,0.63932297742343,-0.006000000000000005
2424,3B001877B5,258-2025-02-16,2025-02-16 12:02:50.290,0.1720534263134757,0.023739882172790428,0.062000000000000055,0.016105105957474625,0.04500000000000004,0.00835199476725555,0.017000000000000015,1.9282945459467442,0.028000000000000025
2425,3B004CDB63,261-2025-02-16,2025-02-16 12:04:54.292,0.0918532097116226,0.013360273652404489,0.043999999999999984,0.00743271374506756,0.025000000000000022,0.006436753433317076,0.01899999999999996,1.154730225736988,0.006000000000000061
2426,3B0019B8CC,266-2025-02-16,2025-02-16 12:05:36.292,0.1540612059399422,0.026348475661845668,0.050999999999999934,0.011518104220497946,0.02400000000000002,0.01558405960551127,0.026999999999999913,0.7390952365470029,-0.0029999999999998916
2427,011016B2E1,267-2025-02-16,2025-02-16 12:05:45.291,0.1014097522133409,0.0035495561197884475,0.061,0.0012754130940754757,0.027000000000000024,0.002372169320485433,0.033999999999999975,0.5376568540286489,-0.006999999999999951
2428,01101763D0,270-2025-02-16,2025-02-16 12:07:45.292,0.1583836721440008,0.024744494417715267,0.05900000000000016,0.017399095000972333,0.04300000000000015,0.008115369826268584,0.016000000000000014,2.1439682199883636,0.027000000000000135
2429,3B001870F2,273-2025-02-16,2025-02-16 12:08:21.293,0.1031217791025664,0.01430531303991362,0.04299999999999993,0.005746921310873209,0.01399999999999979,0.009226501892985427,0.029000000000000137,0.622871092157081,-0.015000000000000346
2430,0700ED9568,277-2025-02-16,2025-02-16 12:09:16.293,0.1402489567304195,0.02512040226347102,0.07400000000000007,0.016812441558464754,0.05499999999999994,0.009018547450030655,0.019000000000000128,1.8642072519569222,0.03599999999999981
2431,3B004CD4DE,278-2025-02-16,2025-02-16 12:09:37.293,0.0922910387822333,0.012763110921781057,0.050000000000000044,0.008272964684114122,0.03400000000000003,0.004950497858049875,0.016000000000000014,1.6711379181109371,0.018000000000000016
2432,011016B2E1,280-2025-02-16,2025-02-16 12:10:52.293,0.1014097522133409,0.0009535399655863868,0.039000000000000035,0.0006291427826793994,0.030000000000000027,0.00037811922164533474,0.009000000000000008,1.6638741081232782,0.02100000000000002
2433,3B001870F2,283-2025-02-16,2025-02-16 12:12:11.293,0.0965471412724314,0.012630499091576671,0.06800000000000006,0.0073884821849690765,0.04500000000000015,0.005642439422160041,0.02299999999999991,1.3094482070913602,0.02200000000000024
2434,3B0019F652,284-2025-02-16,2025-02-16 12:12:57.289,0.0853694438041128,0.005900145621831086,0.06800000000000006,0.0033425161631477915,0.04499999999999993,0.0027063394768941018,0.02300000000000013,1.235069063465678,0.021999999999999797
2435,3B004CDB63,285-2025-02-16,2025-02-16 12:13:04.289,0.0918532097116226,0.003973822917450101,0.07799999999999996,0.0019519389519754066,0.05400000000000005,0.002139118426863515,0.02399999999999991,0.9124969087557435,0.030000000000000138
2436,3B001870F2,286-2025-02-16,2025-02-16 12:13:49.286,0.0970441818229718,0.004061596020525266,0.03600000000000003,0.00249425540550822,0.02299999999999991,0.0017508180130395878,0.013000000000000123,1.4246228830933454,0.009999999999999787
2437,3B00199DE5,289-2025-02-16,2025-02-16 12:14:36.284,0.1056314595246609,0.0029855461705862217,0.08599999999999997,0.0015698209575358407,0.04600000000000004,0.0015002149546616897,0.039999999999999925,1.046397353031218,0.006000000000000116
2438,3B0019F652,290-2025-02-16,2025-02-16 12:14:46.282,0.0849023831718321,0.0005536902128183175,0.038999999999999924,0.00033300106413642174,0.02200000000000002,0.00024049711896219716,0.016999999999999904,1.3846363963668311,0.0050000000000001155
2439,3B0019B8CC,292-2025-02-16,2025-02-16 12:16:56.274,0.1578569874570687,0.026257491949925302,0.07800000000000007,0.014691032688378168,0.05499999999999994,0.012289691026683588,0.02300000000000013,1.195394795237793,0.031999999999999806
2440,3B0018C2F6,293-2025-02-16,2025-02-16 12:17:10.274,0.1500125646148875,0.02595334389357105,0.05399999999999994,0.015495767452166073,0.03299999999999992,0.011376647189133964,0.02100000000000002,1.3620680323959025,0.0119999999999999
2441,01103F97C4,294-2025-02-16,2025-02-16 12:17:16.275,0.1676441888996202,0.017904609319554718,0.08099999999999996,0.010559461474282135,0.05400000000000005,0.008237800719474178,0.026999999999999913,1.2818301672823362,0.027000000000000135
2442,01103F88A1,295-2025-02-16,2025-02-16 12:17:38.274,0.1192401311160238,0.010149682200937952,0.062,0.00581034446916406,0.04099999999999998,0.004690555050824512,0.02100000000000002,1.2387328165230063,0.019999999999999962
2443,3B004C4B80,296-2025-02-16,2025-02-16 12:17:50.272,0.1069740477909914,0.0027309053652902543,0.10399999999999998,0.0010568580139946415,0.04899999999999999,0.001721418920709443,0.05499999999999999,0.6139458566884358,-0.006000000000000005
2444,01103F97C4,299-2025-02-16,2025-02-16 12:19:02.272,0.1676441888996202,0.025113562366640193,0.050999999999999934,0.01609629148172601,0.03400000000000003,0.0098852746794946,0.016999999999999904,1.6283099866830362,0.017000000000000126
2445,3B001857EE,300-2025-02-16,2025-02-16 12:19:36.271,0.0969994484963388,0.00580390612319898,0.04800000000000004,0.004112749063109848,0.03399999999999981,0.0018689381780347038,0.014000000000000234,2.2005805817689703,0.019999999999999574
2446,3B004CA42C,301-2025-02-16,2025-02-16 12:20:06.271,0.1078656181881558,0.0030599302231894845,0.08899999999999997,0.0012875449114500863,0.03600000000000003,0.0018389226316042032,0.052999999999999936,0.7001626329036383,-0.016999999999999904
2447,3B00199DE5,302-2025-02-16,2025-02-16 12:20:17.269,0.1056314595246609,0.014592473113817792,0.050999999999999934,0.005641543452950407,0.020999999999999908,0.009399290238670428,0.030000000000000027,0.6002095168569269,-0.009000000000000119
2448,3B0018D520,305-2025-02-16,2025-02-16 12:21:25.268,0.0967763563862768,0.001778032900412553,0.08499999999999996,0.0013555271433307755,0.052000000000000046,0.00047744185156108445,0.03299999999999992,2.8391460423895154,0.019000000000000128
2449,3B0019B8CC,306-2025-02-16,2025-02-16 12:22:18.267,0.1577449877263495,0.009165413836336074,0.040999999999999925,0.005862829019925373,0.026000000000000245,0.0036403949430035922,0.01499999999999968,1.6104925733931796,0.011000000000000565
2450,3B00199DE5,307-2025-02-16,2025-02-16 12:22:39.266,0.1031748877710094,0.0032187140752427314,0.03200000000000003,0.0016929922511519436,0.01699999999999946,0.0016919264573856195,0.015000000000000568,1.0006299291329548,0.0019999999999988916
2451,3B00185CB8,308-2025-02-16,2025-02-16 12:23:03.267,0.0961713399170973,0.004678198500245498,0.07600000000000007,0.0029736922249800975,0.05500000000000016,0.0018186160399435091,0.020999999999999908,1.6351402163331124,0.03400000000000025
2452,3B0019F652,310-2025-02-16,2025-02-16 12:25:22.266,0.0854708958698491,0.006195339936086992,0.07200000000000006,0.004524990623717267,0.05500000000000016,0.0018114841829233366,0.016999999999999904,2.497946527148213,0.038000000000000256
2453,01103F97C4,311-2025-02-16,2025-02-16 12:25:37.267,0.1676441888996202,0.02405384128382455,0.05799999999999983,0.013824262329687457,0.03600000000000003,0.011035383967639022,0.021999999999999797,1.2527214612764492,0.014000000000000234
2454,3B0019B8CC,313-2025-02-16,2025-02-16 12:26:28.267,0.1540612059399421,0.009403114764767136,0.039000000000000035,0.0057755741232038554,0.02400000000000002,0.003991057614668992,0.015000000000000013,1.447128726474891,0.009000000000000008
2455,3B0019F652,315-2025-02-16,2025-02-16 12:27:34.266,0.0851521209159653,0.002409458699520946,0.06499999999999995,0.0017363686807582875,0.05500000000000016,0.0007821353094358495,0.009999999999999787,2.220036175084234,0.04500000000000037
2456,01101763D0,317-2025-02-16,2025-02-16 12:28:28.266,0.1582437155436657,0.024062922227308405,0.06400000000000006,0.016811243984741285,0.04800000000000004,0.008004995515192325,0.016000000000000014,2.1000941165845717,0.03200000000000003
2457,3B001870F2,318-2025-02-16,2025-02-16 12:28:45.267,0.1031217791025664,0.012711268238536062,0.052000000000000046,0.008278810162817951,0.03500000000000014,0.0048536711636502135,0.016999999999999904,1.7056800684848734,0.018000000000000238
2458,3B001857EE,319-2025-02-16,2025-02-16 12:28:53.268,0.1069375408356136,0.005265778253020887,0.038000000000000034,0.003348666307848634,0.025000000000000022,0.0021488835289834906,0.013000000000000012,1.5583284355260936,0.01200000000000001
2459,3B001886D3,321-2025-02-16,2025-02-16 12:29:14.266,0.1017936073083238,0.011974227743976489,0.06899999999999995,0.008681576372590882,0.05400000000000027,0.00365519788213452,0.01499999999999968,2.375131703545723,0.03900000000000059
2460,3B0018C2F6,322-2025-02-16,2025-02-16 12:29:36.267,0.1534551979392207,0.018636411423887368,0.07299999999999995,0.011890679087095386,0.05499999999999994,0.007397004273592317,0.018000000000000016,1.6074992858319304,0.03699999999999992
2461,3B004CDB63,323-2025-02-16,2025-02-16 12:30:11.267,0.0918532097116226,0.011805484174056718,0.05699999999999994,0.007399587002822754,0.039999999999999925,0.004841218738756303,0.017000000000000015,1.5284554163160349,0.02299999999999991
2462,3B00484043,324-2025-02-16,2025-02-16 12:35:50.268,0.0945194459548207,0.012343454425715047,0.07299999999999995,0.00856562366728065,0.05500000000000016,0.004117598423855953,0.017999999999999794,2.0802474611546296,0.037000000000000366
2463,3B004CD4DE,325-2025-02-16,2025-02-16 12:35:55.268,0.095072996479498,0.012785243160578368,0.07100000000000001,0.007820881067490348,0.05400000000000005,0.005434373320653544,0.01699999999999996,1.4391504974026703,0.03700000000000009
2464,3B001857EE,326-2025-02-16,2025-02-16 12:36:12.270,0.1069375408356136,0.011379681726095225,0.05900000000000005,0.008175110446520082,0.04600000000000004,0.0036180338028021265,0.013000000000000012,2.259545071189924,0.03300000000000003
2465,3B004AB6A7,328-2025-02-16,2025-02-16 12:37:25.270,0.1010865170433355,0.01515842160387375,0.056999999999999995,0.008065361548466205,0.035999999999999976,0.007621357588360698,0.02100000000000002,1.058257856944488,0.014999999999999958
2466,3B004CDB63,330-2025-02-16,2025-02-16 12:37:45.270,0.0918532097116226,0.015545799856349242,0.05099999999999999,0.010169410277552172,0.034999999999999976,0.0059202794484586,0.016000000000000014,1.7177247064240986,0.01899999999999996
2467,3B00484043,332-2025-02-16,2025-02-16 12:38:20.270,0.0938208148313449,0.016696167367028298,0.06800000000000006,0.004620533563626671,0.0129999999999999,0.012627125684385978,0.05500000000000016,0.36592124598396714,-0.04200000000000026
2468,3B0018D520,333-2025-02-16,2025-02-16 12:38:23.270,0.1009611132219881,0.011909274063707322,0.06000000000000005,0.007448908912032545,0.04200000000000004,0.0048579432583995006,0.018000000000000016,1.5333462158400475,0.02400000000000002
2469,3B00191394,334-2025-02-16,2025-02-16 12:38:27.270,0.0982531599128217,0.011433085166512286,0.050999999999999934,0.007012641231026903,0.03399999999999981,0.004844886328887118,0.017000000000000126,1.447431529861656,0.016999999999999682
2470,3B0019248A,335-2025-02-16,2025-02-16 12:39:11.270,0.1098430414554017,0.0151732773192516,0.04199999999999998,0.008514971966230045,0.023999999999999966,0.007249977984239787,0.018000000000000016,1.174482458393686,0.00599999999999995
2471,3B00182A81,337-2025-02-16,2025-02-16 12:39:57.269,0.1189321598688551,0.01128041547123309,0.05399999999999999,0.006447077798081762,0.033999999999999975,0.005223332255127581,0.020000000000000018,1.234284453521575,0.013999999999999957
2472,3B004CA42C,338-2025-02-16,2025-02-16 12:40:16.271,0.1063414449322197,0.014176510314530277,0.05500000000000016,0.0057195636568786205,0.02400000000000002,0.008869050057897652,0.03100000000000014,0.6448902215616094,-0.007000000000000117
2473,3B001870F2,342-2025-02-16,2025-02-16 12:42:39.270,0.096270504848579,0.011942003563428377,0.05400000000000005,0.0073774951682906474,0.03699999999999992,0.005003969143899044,0.017000000000000126,1.474328669129677,0.019999999999999796
2474,01101763D0,345-2025-02-16,2025-02-16 12:43:11.273,0.1610785942539504,0.024272249203586366,0.05599999999999983,0.015467084765227063,0.03799999999999981,0.009572973576040898,0.018000000000000016,1.6157032757238423,0.019999999999999796
2475,3B004C4B80,346-2025-02-16,2025-02-16 12:43:26.271,0.1060470318247747,0.011629504979396651,0.04999999999999982,0.0063521897071947215,0.02699999999999969,0.005672062349022168,0.02300000000000013,1.1199083007770188,0.0039999999999995595
2476,3B0018C2F6,347-2025-02-16,2025-02-16 12:43:37.272,0.1500125646148875,0.022742793079127348,0.07599999999999996,0.012954468800862571,0.05499999999999994,0.010579943267128907,0.02100000000000002,1.2244365091362197,0.03399999999999992
2477,3B00191394,349-2025-02-16,2025-02-16 12:46:13.273,0.0979645594476272,0.011563280228007693,0.052000000000000046,0.007104860990405522,0.03500000000000014,0.004878348228764729,0.016999999999999904,1.4564070987209086,0.018000000000000238
2478,3B0018A99B,355-2025-02-16,2025-02-16 12:47:41.275,0.0883273548306758,0.004921068599981088,0.038000000000000034,0.002950665742087014,0.02300000000000002,0.002184485937833455,0.015000000000000013,1.3507368900774186,0.008000000000000007
2479,3B0019F652,356-2025-02-16,2025-02-16 12:47:49.274,0.0898887910065372,0.007759142604745082,0.051000000000000045,0.005219733268621081,0.03400000000000003,0.002764833991988355,0.017000000000000015,1.8879011484039456,0.017000000000000015
2480,01103F97C4,357-2025-02-16,2025-02-16 12:48:01.274,0.1676441888996202,0.025184179322336887,0.04800000000000004,0.015533551603868679,0.030000000000000027,0.010528622523546048,0.018000000000000016,1.4753640914687258,0.01200000000000001
2481,3B0018A99B,358-2025-02-16,2025-02-16 12:48:58.274,0.0883273548306758,0.004929440356087717,0.05599999999999983,0.0031067272629560993,0.039999999999999813,0.0019962562555714738,0.016000000000000014,1.5562767827453734,0.0239999999999998
2482,01103F97C4,360-2025-02-16,2025-02-16 12:49:35.274,0.1676441888996202,0.026757483782438415,0.05099999999999999,0.01651809923050506,0.03199999999999997,0.011057714698973396,0.019000000000000017,1.4938076881327575,0.012999999999999956
2483,3B0018C2F6,361-2025-02-16,2025-02-16 12:50:08.274,0.1542898035859495,0.024928537623352766,0.04699999999999993,0.011731685404925475,0.02199999999999991,0.014139324292752857,0.025000000000000022,0.8297203714988401,-0.0030000000000001137
2484,3B004C4B80,364-2025-02-16,2025-02-16 12:51:58.275,0.1060021955153034,0.012857554351809599,0.04999999999999999,0.00633102649442746,0.024999999999999967,0.006964563582556199,0.025000000000000022,0.9090342014084661,-5.551115123125783e-17
2485,3B001857EE,366-2025-02-16,2025-02-16 12:53:44.276,0.1009839086077642,0.013519418516496741,0.05300000000000016,0.008615214096329355,0.03600000000000003,0.005375725660299383,0.017000000000000126,1.6026141661123308,0.018999999999999906
2486,3B0018F763,368-2025-02-16,2025-02-16 12:54:40.277,0.1094391649153988,0.00679167093343889,0.044999999999999984,0.004161172994746636,0.02799999999999997,0.0028665947696012387,0.017000000000000015,1.4516083817893386,0.010999999999999954
2487,3B00484043,370-2025-02-16,2025-02-16 12:55:37.276,0.0938208148313449,-0.0007970604531224773,0.039999999999999813,-0.0008425699528747606,0.03499999999999992,6.157300803199292e-05,0.004999999999999893,-13.68407975840594,0.030000000000000027
2488,3B00484043,371-2025-02-16,2025-02-16 12:55:44.276,0.0938208148313449,0.00039874398748927114,0.026999999999999913,0.0003313059532513993,0.02200000000000002,8.661486471513e-05,0.004999999999999893,3.8250472865257077,0.017000000000000126
2489,3B0018F763,372-2025-02-16,2025-02-16 12:56:09.278,0.1094391649153988,0.013143275145990391,0.04899999999999993,0.007344926797575541,0.028999999999999915,0.006249654024799002,0.020000000000000018,1.1752533449740468,0.008999999999999897
2490,3B001870F2,375-2025-02-16,2025-02-16 12:58:42.278,0.1007394610708223,0.011755650967813757,0.052000000000000046,0.007130888294188112,0.03300000000000003,0.005031015696088183,0.019000000000000017,1.417385419753841,0.014000000000000012
2491,011016B2E1,379-2025-02-16,2025-02-16 12:59:39.279,0.0998383133128998,0.004539989518075842,0.052999999999999936,0.002464960352445466,0.029000000000000137,0.002209308425424296,0.0239999999999998,1.1157158158993,0.0050000000000003375
2492,3B0018C2F6,380-2025-02-16,2025-02-16 12:59:50.280,0.1366415727592928,0.026426535329010178,0.07800000000000007,0.015324152836166819,0.05400000000000005,0.011934590221059747,0.02400000000000002,1.2840116461749862,0.030000000000000027
2493,3B004CA42C,382-2025-02-16,2025-02-16 13:00:29.278,0.1078656181881558,0.01331336014035866,0.05900000000000016,0.005791871809170192,0.03100000000000014,0.007926430407607871,0.028000000000000025,0.7307036725650291,0.0030000000000001137
2494,011016B2E1,384-2025-02-16,2025-02-16 13:01:13.280,0.0750438585140983,0.004356000576211703,0.040999999999999925,0.0028105864909883263,0.028000000000000025,0.001730364838182379,0.0129999999999999,1.6242739270757725,0.015000000000000124
2495,3B0018C2F6,385-2025-02-16,2025-02-16 13:01:28.281,0.1533349095513876,0.023571221326418416,0.05600000000000005,0.014880543864842933,0.03699999999999992,0.009490190171210748,0.019000000000000128,1.5679921683744815,0.017999999999999794
2496,01101763D0,386-2025-02-16,2025-02-16 13:01:44.279,0.1583836721440008,0.024054898628992506,0.063,0.01624150792836898,0.04600000000000004,0.008546404610554234,0.01699999999999996,1.900390710300775,0.02900000000000008
2497,011016B2E1,387-2025-02-16,2025-02-16 13:01:56.279,0.1004191455062184,0.004678570802682191,0.0389999999999997,0.0029992199658635046,0.0259999999999998,0.0018868208256779628,0.0129999999999999,1.5895626786851051,0.0129999999999999
2498,3B0018F763,388-2025-02-16,2025-02-16 13:01:58.280,0.1094391649153988,0.00670812240772182,0.044999999999999984,0.0037531675349099292,0.024999999999999967,0.003168601332742422,0.020000000000000018,1.1844871414169247,0.004999999999999949
2499,3B00484043,389-2025-02-16,2025-02-16 13:02:15.280,0.0938208148313449,0.00016069320606784923,0.016000000000000014,7.930086784727771e-05,0.007000000000000006,9.597400589622982e-05,0.009000000000000008,0.8262744386539451,-0.0020000000000000018
2500,3B001877B5,390-2025-02-16,2025-02-16 13:02:54.281,0.1720534263134757,0.027003721404867648,0.05800000000000005,0.012855794391961498,0.031000000000000028,0.01485407455993556,0.027000000000000024,0.8654725907082877,0.0040000000000000036
2501,3B00182DFC,391-2025-02-16,2025-02-16 13:03:14.280,0.103894248890132,0.01093808097535801,0.050999999999999934,0.007850891778806149,0.038000000000000034,0.0034789922708296592,0.0129999999999999,2.256656861423234,0.025000000000000133
2502,3B004C4B80,392-2025-02-16,2025-02-16 13:03:30.280,0.1060021955153034,0.012078670999150658,0.06099999999999994,0.006619877398718191,0.038000000000000034,0.0058530436860569955,0.02299999999999991,1.1310145206139384,0.015000000000000124
2503,3B0018D520,394-2025-02-16,2025-02-16 13:04:26.282,0.0967763563862768,0.011303756452343428,0.07099999999999995,0.007417550936660492,0.05499999999999999,0.00427516581649615,0.01599999999999996,1.735032336766714,0.039000000000000035
2504,3B004CD4DE,395-2025-02-16,2025-02-16 13:07:30.282,0.095072996479498,0.012518741611798376,0.061000000000000054,0.007709336823693176,0.04400000000000004,0.0052790906301596295,0.017000000000000015,1.4603531865222137,0.027000000000000024
2505,3B001886D3,396-2025-02-16,2025-02-16 13:07:38.283,0.102821322718326,0.011997167893162979,0.051000000000000045,0.006976724443324691,0.031000000000000028,0.005396088240528334,0.020000000000000018,1.2929226010287773,0.01100000000000001
2506,3B004CDB63,398-2025-02-16,2025-02-16 13:08:56.285,0.0918532097116226,0.011757276997970323,0.04500000000000004,0.007475898396433298,0.029000000000000026,0.004743038533004758,0.016000000000000014,1.5761833568105652,0.013000000000000012
2507,3B0018A99B,402-2025-02-16,2025-02-16 13:10:20.283,0.0883273548306758,0.005915007383056661,0.04299999999999998,0.0037943364835215025,0.02699999999999997,0.0023281103952957436,0.016000000000000014,1.629792337678,0.010999999999999954
2508,3B00182DFC,407-2025-02-16,2025-02-16 13:12:18.283,0.103894248890132,0.013476929991977266,0.05300000000000005,0.008217907412134805,0.03400000000000003,0.005694796125373731,0.019000000000000017,1.4430555951808532,0.015000000000000013
2509,3B004CA42C,408-2025-02-16,2025-02-16 13:13:19.279,0.1078656181881558,0.012548535104297941,0.08200000000000002,0.005477632103391397,0.05499999999999999,0.0074450315111712,0.027000000000000024,0.7357433068177429,0.02799999999999997
2510,3B00191394,409-2025-02-16,2025-02-16 13:14:40.274,0.0979645594476272,0.01133826821500999,0.04799999999999993,0.006552369277444703,0.029999999999999916,0.0052007299941955465,0.018000000000000016,1.2598941465443698,0.0119999999999999
2511,3B004CD4DE,410-2025-02-16,2025-02-16 13:14:59.273,0.095072996479498,0.011846427979530387,0.057999999999999996,0.0072244396259047265,0.03700000000000003,0.00498192792186222,0.020999999999999963,1.450129295167375,0.01600000000000007
2512,3B001886D3,411-2025-02-16,2025-02-16 13:15:18.272,0.102821322718326,0.012308432584540206,0.05099999999999999,0.008281562007710557,0.035999999999999976,0.004462531047342195,0.015000000000000013,1.855799303097938,0.020999999999999963
2513,3B0019F652,413-2025-02-16,2025-02-16 13:18:11.263,0.0864305531290162,0.007744049880099203,0.07200000000000006,0.005472668749858066,0.05499999999999994,0.0024753157967915343,0.017000000000000126,2.2108971941889815,0.03799999999999981
2514,3B004CD4DE,414-2025-02-16,2025-02-16 13:19:08.263,0.0978989118606104,0.0139671815886794,0.04800000000000004,0.009014720969003112,0.03200000000000003,0.005450616148148,0.016000000000000014,1.6538902619415086,0.016000000000000014
2515,3B001877B5,417-2025-02-16,2025-02-16 13:20:07.263,0.1720534263134757,0.023876915769383094,0.07500000000000018,0.01615654564201441,0.05400000000000005,0.008333852240885934,0.02100000000000013,1.9386647585075114,0.03299999999999992
2516,3B001886D3,419-2025-02-16,2025-02-16 13:21:09.260,0.102821322718326,0.015524244968868138,0.07499999999999996,0.006245608903877506,0.04699999999999993,0.009738570382333021,0.028000000000000025,0.6413270797126258,0.018999999999999906
2517,3B004C4B80,420-2025-02-16,2025-02-16 13:21:41.260,0.1060021955153034,0.0060698842842635175,0.04800000000000004,0.002758777976906562,0.02300000000000013,0.0034944643277911476,0.02499999999999991,0.7894709226150226,-0.0019999999999997797
2518,3B00484043,421-2025-02-16,2025-02-16 13:21:53.260,0.0938208148313449,3.1749799170207425e-05,0.009000000000000119,2.0303161628279207e-05,0.0050000000000001155,1.635202850650562e-05,0.0040000000000000036,1.241629539735797,0.001000000000000112
2519,3B00484043,422-2025-02-16,2025-02-16 13:22:01.262,0.0938208148313449,0.011996879319308231,0.05600000000000005,0.005431503231222415,0.028000000000000025,0.00689783014108143,0.028000000000000025,0.7874220037507148,0.0
2520,011016B2E1,425-2025-02-16,2025-02-16 13:23:13.259,0.1014097522133409,0.0001877161806062056,0.040999999999999925,0.0003564514591628944,0.005999999999999783,-9.214360977159468e-05,0.03500000000000014,-3.8684338506649056,-0.02900000000000036
2521,3B0019F652,429-2025-02-16,2025-02-16 13:25:46.259,0.0898887910065372,0.010031587093585459,0.05600000000000005,0.004457292428042354,0.028000000000000025,0.0058397509943363,0.028000000000000025,0.7632675489700284,0.0
2522,3B00186448,434-2025-02-16,2025-02-16 13:27:53.259,0.1499705050319192,0.029788072614189268,0.06800000000000006,0.02227216448425035,0.052000000000000046,0.008303361914130126,0.016000000000000014,2.682306843249722,0.03600000000000003
2523,3B004ACEEA,436-2025-02-16,2025-02-16 13:28:10.259,0.0983201078949983,0.010675849479788653,0.07299999999999995,0.005034202459588146,0.05400000000000005,0.006085264295751397,0.018999999999999906,0.8272775371651351,0.03500000000000014
2524,3B00186448,440-2025-02-16,2025-02-16 13:29:25.260,0.1266928835294717,0.029005431687958806,0.07499999999999996,0.017404531229218714,0.05400000000000005,0.012464790253253722,0.020999999999999908,1.3962955553684955,0.03300000000000014
2525,3B0018C2F6,441-2025-02-16,2025-02-16 13:29:36.259,0.1500125646148875,0.024511074743846263,0.05400000000000005,0.014799240954073782,0.03400000000000003,0.01056072736114294,0.020000000000000018,1.4013467489489404,0.014000000000000012
2526,3B00182DFC,443-2025-02-16,2025-02-16 13:29:47.260,0.1054374004900236,0.014458452281096316,0.0479999999999996,0.007031758627185859,0.02499999999999991,0.007895314397889127,0.022999999999999687,0.8906242706516987,0.002000000000000224
2527,3B001870F2,444-2025-02-16,2025-02-16 13:30:24.260,0.1031217791025664,0.01425773931830841,0.04599999999999982,0.006060714210835674,0.020000000000000018,0.008691855767912336,0.0259999999999998,0.6972865602774923,-0.005999999999999783
2528,3B0018F763,445-2025-02-16,2025-02-16 13:30:36.260,0.1094391649153988,0.006891245271338644,0.04800000000000004,0.00479799722386701,0.03400000000000003,0.0023321358219686194,0.014000000000000012,2.0573403910141432,0.020000000000000018
2529,01103FD532,447-2025-02-16,2025-02-16 13:30:53.259,0.1725531674907046,0.01810296568655012,0.05099999999999971,0.012190964463932483,0.03600000000000003,0.006561356313765803,0.01499999999999968,1.8579945793152088,0.02100000000000035
2530,3B00484043,448-2025-02-16,2025-02-16 13:31:07.260,0.0959056252971204,0.004141366982624408,0.05999999999999997,0.0019276552830878046,0.028999999999999998,0.002332196921716462,0.030999999999999972,0.8265405314355183,-0.001999999999999974
2531,01103FD532,450-2025-02-16,2025-02-16 13:32:23.259,0.1647989150504872,0.025688757556712447,0.07200000000000006,0.015783081931062773,0.054999999999999716,0.010888053272307942,0.017000000000000348,1.4495779489988876,0.03799999999999937
2532,01103FD532,454-2025-02-16,2025-02-16 13:32:42.259,0.1709130399977566,0.02248485244170666,0.052000000000000046,0.016153770680400668,0.03699999999999992,0.006996354941715141,0.015000000000000124,2.308883813782124,0.021999999999999797
2533,3B00191394,455-2025-02-16,2025-02-16 13:32:51.260,0.0948935877844911,0.011325927097797865,0.052999999999999936,0.007315508830159861,0.03699999999999992,0.004408949041916374,0.016000000000000014,1.6592409575639222,0.020999999999999908
2534,3B0018F763,456-2025-02-16,2025-02-16 13:33:15.259,0.1055004245135425,0.005754185862537518,0.04200000000000004,0.0035149426493835878,0.026999999999999913,0.0024622010060256685,0.015000000000000124,1.4275612107953726,0.011999999999999789
2535,3B004CDB63,460-2025-02-16,2025-02-16 13:36:43.263,0.0918532097116226,0.012578788519866504,0.066,0.0076137080166892215,0.046999999999999986,0.0054015120576119575,0.019000000000000017,1.4095512396310914,0.02799999999999997
2536,3B00199DE5,461-2025-02-16,2025-02-16 13:37:06.262,0.100594336903787,0.010851340750908486,0.052999999999999936,0.006916057313481403,0.0349999999999997,0.004277626917292166,0.018000000000000238,1.6167976888128015,0.01699999999999946
2537,3B001886D3,463-2025-02-16,2025-02-16 13:41:07.263,0.102314122056178,0.015644996352556482,0.08099999999999996,0.006670744258065552,0.053999999999999826,0.00942904698579163,0.027000000000000135,0.7074674957201413,0.02699999999999969
2538,3B00484043,464-2025-02-16,2025-02-16 13:42:36.264,0.0938208148313449,-0.00045645818491268784,0.041999999999999926,-0.0005315374507183827,0.03599999999999992,9.599270859762651e-05,0.006000000000000005,-5.537269012237512,0.029999999999999916
2539,3B004CA42C,467-2025-02-16,2025-02-16 13:43:07.265,0.1078656181881559,0.0028900576408577615,0.09400000000000003,0.0011849427419473126,0.05499999999999999,0.001772792918996334,0.039000000000000035,0.6684044872077713,0.01599999999999996
2540,01103FD532,468-2025-02-16,2025-02-16 13:43:18.264,0.1704201009948482,0.02088808982186649,0.05400000000000027,0.014496942595823388,0.040000000000000036,0.007132593271586513,0.014000000000000234,2.03249253726181,0.0259999999999998
2541,3B001870F2,470-2025-02-16,2025-02-16 13:44:14.264,0.1031217791025664,0.0008751939553943012,0.020999999999999908,0.0005452220224703919,0.0129999999999999,0.0003953199203286184,0.008000000000000007,1.3791918758284785,0.004999999999999893
2542,01103FD532,474-2025-02-16,2025-02-16 13:45:35.264,0.1724878927364887,0.0279075162927135,0.050000000000000044,0.01334297991676022,0.025000000000000022,0.015403360288800003,0.025000000000000022,0.8662382536401545,0.0
2543,3B00182DFC,477-2025-02-16,2025-02-16 13:46:28.265,0.103894248890132,0.012366443047533532,0.061,0.007677122866440878,0.043999999999999984,0.005144674888522169,0.017000000000000015,1.4922464553724533,0.02699999999999997
2544,3B00186448,478-2025-02-16,2025-02-16 13:46:58.265,0.1417322628842058,0.026388764932879814,0.06599999999999984,0.018543092885329144,0.04999999999999982,0.008654774475866952,0.016000000000000014,2.1425275652225095,0.03399999999999981
2545,3B0019B8CC,479-2025-02-16,2025-02-16 13:47:08.266,0.1540612059399422,0.0250235122172126,0.06400000000000006,0.011965017918717355,0.03700000000000003,0.01371904772627461,0.027000000000000024,0.8721463878139333,0.010000000000000009
2546,3B0018A99B,480-2025-02-16,2025-02-16 13:47:29.266,0.0883273548306758,0.005704615083811039,0.040000000000000036,0.0035629458535368606,0.02499999999999991,0.0023676480278816384,0.015000000000000124,1.5048460799828718,0.009999999999999787
2547,3B00186448,481-2025-02-16,2025-02-16 13:48:15.265,0.1673151067501292,0.022806490083557347,0.05899999999999994,0.01631906773707866,0.04499999999999993,0.007258964082404413,0.014000000000000012,2.2481262549067798,0.030999999999999917
2548,01103FD532,484-2025-02-16,2025-02-16 13:50:04.267,0.1726174786537411,0.02848398682178384,0.051000000000000045,0.013360676686357367,0.026000000000000023,0.016013473949968805,0.025000000000000022,0.8343396772056069,0.0010000000000000009
2549,3B00182DFC,488-2025-02-16,2025-02-16 13:51:28.269,0.103894248890132,0.013806128626178232,0.052999999999999936,0.007203407830264265,0.031000000000000028,0.007037483472894781,0.02199999999999991,1.0235772287080387,0.009000000000000119
2550,3B004ACEEA,489-2025-02-16,2025-02-16 13:51:44.268,0.1340366575653846,0.010940922324576071,0.04700000000000015,0.007505533790082083,0.03400000000000003,0.0038681453411814424,0.013000000000000123,1.9403443066567085,0.020999999999999908
2551,3B00182DFC,490-2025-02-16,2025-02-16 13:52:10.268,0.1049324543528607,0.012545459385089571,0.07199999999999995,0.008078646995395332,0.05499999999999994,0.0049002786230925984,0.017000000000000015,1.6486097254398249,0.03799999999999992
2552,3B0018C2F6,492-2025-02-16,2025-02-16 13:52:26.267,0.1500125646148875,0.020875132413772864,0.07999999999999996,0.011167576269910277,0.05500000000000005,0.010430433964674343,0.02499999999999991,1.070672256565017,0.030000000000000138
2553,3B001886D3,493-2025-02-16,2025-02-16 13:52:40.268,0.1048616904548497,0.015047966468304827,0.06800000000000006,0.010152880511794395,0.051000000000000156,0.005328910770093304,0.016999999999999904,1.9052449834164942,0.03400000000000025
2554,3B0018C2F6,496-2025-02-16,2025-02-16 13:53:32.269,0.155894609712424,0.024291624126875404,0.04899999999999993,0.013570953393119119,0.028000000000000025,0.011602863547960671,0.020999999999999908,1.1696210454447997,0.007000000000000117
2555,3B001877B5,497-2025-02-16,2025-02-16 13:53:55.268,0.1682524507829367,0.025949022662869567,0.0810000000000004,0.012040398595309528,0.05500000000000016,0.01461988720031437,0.026000000000000245,0.823563029614252,0.028999999999999915
2556,3B00191394,500-2025-02-16,2025-02-16 13:54:38.269,0.0973669786060279,0.011059178355222512,0.04499999999999993,0.006788541315396565,0.028000000000000025,0.004672194276004217,0.016999999999999904,1.4529664038718664,0.01100000000000012
2557,3B001857EE,501-2025-02-16,2025-02-16 13:57:27.271,0.1069375408356136,0.0002866036339640957,0.014000000000000012,0.00016303410056083995,0.007000000000000006,0.00015328220417765167,0.007000000000000006,1.063620538571366,0.0
2558,3B00484043,506-2025-02-16,2025-02-16 13:59:39.271,0.0939990523093985,0.0035343798491248284,0.06300000000000006,0.0018647161368372843,0.03200000000000003,0.0017753520073159872,0.031000000000000028,1.0503360061289477,0.0010000000000000009
2559,3B00484043,507-2025-02-16,2025-02-16 13:59:47.271,0.0948962949580815,0.011942249303196274,0.05799999999999983,0.006011879849666048,0.03200000000000003,0.00626448610587391,0.0259999999999998,0.9596764599779374,0.006000000000000227
2560,3B00484043,509-2025-02-16,2025-02-16 14:00:56.272,0.0938208148313449,0.0015643460987336574,0.07400000000000001,0.0009411054413877583,0.05499999999999999,0.0006841359724130417,0.019000000000000017,1.3756116902731337,0.035999999999999976
2561,3B004CA42C,512-2025-02-16,2025-02-16 14:02:10.272,0.1078656181881559,0.00396796010567422,0.06,0.0013898365694488871,0.025000000000000022,0.0026721795235357146,0.034999999999999976,0.5201134718710494,-0.009999999999999953
2562,3B0018C2F6,516-2025-02-16,2025-02-16 14:04:14.273,0.1547962542941974,0.026088816309075814,0.04800000000000004,0.012736712785437325,0.02400000000000002,0.014282170627153758,0.02400000000000002,0.8917911092044962,0.0
2563,3B00199DE5,518-2025-02-16,2025-02-16 14:04:33.273,0.1056314595246609,0.003910495859736551,0.03699999999999992,0.002373407702467882,0.022999999999999687,0.0017112649628269652,0.014000000000000234,1.3869317458279953,0.008999999999999453
2564,3B004AB6A7,520-2025-02-16,2025-02-16 14:06:01.273,0.1055936135929207,0.01419068703748593,0.052000000000000046,0.007285358852021303,0.030999999999999917,0.007434065336058606,0.02100000000000013,0.9799966132506249,0.009999999999999787
2565,3B001886D3,523-2025-02-16,2025-02-16 14:06:55.275,0.1034345824145347,0.012528211000141355,0.052999999999999936,0.007968676720982022,0.03699999999999992,0.0050123183826290725,0.016000000000000014,1.5898185455653904,0.020999999999999908
2566,3B001886D3,530-2025-02-16,2025-02-16 14:08:31.276,0.1028213227183261,0.012774053395554527,0.05199999999999999,0.008098403609196059,0.035999999999999976,0.005139992645556319,0.016000000000000014,1.575567158874707,0.019999999999999962
2567,3B00186448,531-2025-02-16,2025-02-16 14:08:35.275,0.1499705050319192,0.027553819198125665,0.08599999999999985,0.00967541240462661,0.05400000000000005,0.018646034254183597,0.031999999999999806,0.5188992078814691,0.02200000000000024
2568,3B001857EE,532-2025-02-16,2025-02-16 14:08:51.275,0.1069375408356136,0.0055864794734842545,0.040999999999999925,0.0031182883270997265,0.02299999999999991,0.002677971095756884,0.018000000000000016,1.1644219506478257,0.004999999999999893
2569,011016B2E1,535-2025-02-16,2025-02-16 14:11:21.276,0.0971450187194096,0.016050603566668223,0.04800000000000004,0.0075434266492723605,0.02400000000000002,0.009038775622091245,0.02400000000000002,0.8345628838087127,0.0
2570,3B0018F763,537-2025-02-16,2025-02-16 14:11:36.276,0.1052471297041096,0.002915747895723021,0.05799999999999983,0.002319136044388659,0.04800000000000004,0.0006888143958331781,0.009999999999999787,3.3668518811710832,0.038000000000000256
2571,3B0019F652,538-2025-02-16,2025-02-16 14:11:39.276,0.0898887910065372,0.0015711104456246129,0.05499999999999994,0.0007071299768120515,0.027999999999999803,0.0009098822808634657,0.027000000000000135,0.777166444148132,0.0009999999999996678
2572,3B0018F763,542-2025-02-16,2025-02-16 14:12:53.271,0.1059235487303443,0.004689770886336851,0.040000000000000036,0.0026160134374495227,0.02400000000000002,0.002270781492357982,0.016000000000000014,1.15203221721393,0.008000000000000007
2573,3B0019F652,543-2025-02-16,2025-02-16 14:13:09.271,0.0875223345923217,0.008792474943087786,0.07299999999999995,0.004896255716237526,0.04800000000000004,0.004113829891877279,0.02499999999999991,1.1901940150479096,0.02300000000000013
2574,3B0019B8CC,545-2025-02-16,2025-02-16 14:14:05.266,0.1447389529005493,0.01154292575396002,0.04800000000000004,0.007500341965153107,0.03100000000000014,0.004397959541172034,0.016999999999999904,1.7054140437031633,0.014000000000000234
2575,011016B2E1,546-2025-02-16,2025-02-16 14:14:13.266,0.1003004391468614,0.003681059316959694,0.05199999999999999,0.0016578361639510185,0.02400000000000002,0.0021406009999634687,0.02799999999999997,0.7744722925847979,-0.003999999999999948
2576,3B0018C2F6,548-2025-02-16,2025-02-16 14:14:26.265,0.1133310873588795,0.024707447538032855,0.07299999999999995,0.01536372433184196,0.05499999999999994,0.010279361869315776,0.018000000000000016,1.4946184916111542,0.03699999999999992
2577,3B00186448,549-2025-02-16,2025-02-16 14:15:36.261,0.1405529582216506,0.020683263431837733,0.09000000000000008,0.006880774727475906,0.05500000000000005,0.014393106754123999,0.03500000000000003,0.4780604246893663,0.020000000000000018
2578,3B0018F763,551-2025-02-16,2025-02-16 14:16:03.258,0.1094391649153988,0.003078185934825701,0.03600000000000003,0.0018635162659972457,0.02300000000000002,0.0013548366743972163,0.013000000000000012,1.3754545482955332,0.010000000000000009
2579,3B0019B8CC,552-2025-02-16,2025-02-16 14:16:10.258,0.1540612059399422,0.00981576725215126,0.038000000000000034,0.005563670404578655,0.020999999999999908,0.004642621884786407,0.017000000000000126,1.1983897337860894,0.0039999999999997815
2580,3B0019F652,553-2025-02-16,2025-02-16 14:17:02.256,0.0875650749472825,0.004114541746622572,0.07200000000000006,0.002376266579075953,0.04800000000000004,0.0018297177527754815,0.02400000000000002,1.2987066313760234,0.02400000000000002
2581,3B0018F763,554-2025-02-16,2025-02-16 14:17:18.255,0.1062584232263224,0.006550564195914361,0.041999999999999815,0.0036435305482407756,0.022999999999999687,0.0031432108026434344,0.019000000000000128,1.1591747346937638,0.0039999999999995595
2582,3B004CA42C,555-2025-02-16,2025-02-16 14:17:44.255,0.1078656181881558,0.00423103354181278,0.07200000000000001,0.0026882221002014453,0.05099999999999999,0.0016635380375862013,0.02100000000000002,1.6159667163980596,0.02999999999999997
2583,3B001886D3,559-2025-02-16,2025-02-16 14:18:49.252,0.105082199774452,0.003988180670470499,0.03799999999999981,0.002450919616000001,0.02400000000000002,0.0017074849083348594,0.01399999999999979,1.4353975276947777,0.010000000000000231
2584,3B0018C2F6,560-2025-02-16,2025-02-16 14:19:10.252,0.1580650915734839,0.022878621566264957,0.050999999999999934,0.014495923384523164,0.03299999999999992,0.00918297229439957,0.018000000000000016,1.5785655144972843,0.014999999999999902
2585,3B00484043,561-2025-02-16,2025-02-16 14:19:29.251,0.0950484214224753,0.008281184423434272,0.06999999999999984,0.003174909666569489,0.03200000000000003,0.005287233782033333,0.03799999999999981,0.6004859625005083,-0.005999999999999783
2586,3B00186448,562-2025-02-16,2025-02-16 14:19:43.252,0.1638087093818878,0.02543783564459135,0.0690000000000004,0.017863062536406345,0.05300000000000038,0.008369038015430038,0.016000000000000014,2.1344224394096583,0.037000000000000366
2587,3B00484043,564-2025-02-16,2025-02-16 14:21:01.250,0.0938208148313449,0.00456633848345084,0.06399999999999997,0.0024412900626584995,0.038000000000000006,0.002245553190471706,0.025999999999999968,1.0871664376588097,0.012000000000000038
2588,3B0018F763,566-2025-02-16,2025-02-16 14:22:31.248,0.1094391649153988,0.0039013229510862844,0.030000000000000027,0.0022041461420135664,0.017000000000000015,0.001906054443387759,0.013000000000000012,1.1563920168492088,0.0040000000000000036
2589,3B004CDB63,569-2025-02-16,2025-02-16 14:30:48.248,0.0918532097116226,0.014846312377365386,0.052999999999999936,0.00719125681663132,0.026999999999999913,0.008135278892275109,0.026000000000000023,0.8839594698418772,0.0009999999999998899
2590,3B004CDB63,570-2025-02-16,2025-02-16 14:33:39.249,0.0918532097116226,0.012320013564409866,0.07200000000000006,0.007196781392780253,0.05400000000000005,0.0055996598055242115,0.018000000000000016,1.2852176101270365,0.03600000000000003
2591,01103F88A1,571-2025-02-16,2025-02-16 14:33:43.248,0.1192401311160238,0.014199988950420482,0.061,0.006880911827995389,0.03300000000000003,0.0077192528218961555,0.02799999999999997,0.891396095808294,0.00500000000000006
2592,3B004CA42C,572-2025-02-16,2025-02-16 14:33:54.249,0.1078656181881558,0.013735499985112863,0.08500000000000002,0.005992932959642398,0.05499999999999999,0.00811703619948826,0.030000000000000027,0.7383154161638731,0.024999999999999967
2593,3B0019F652,573-2025-02-16,2025-02-16 14:36:54.249,0.0859344659319602,0.008646260578343163,0.050000000000000266,0.005197844352449433,0.03100000000000014,0.00371993346754822,0.019000000000000128,1.3972949779328427,0.01200000000000001
2594,3B0019F652,575-2025-02-16,2025-02-16 14:37:40.250,0.0854548120762564,0.009010496945669837,0.06699999999999973,0.004107874873597396,0.03600000000000003,0.005135934323515664,0.030999999999999694,0.7998301019522115,0.0050000000000003375
2595,3B0019F652,577-2025-02-16,2025-02-16 14:39:18.249,0.0898887910065372,0.009833521423195185,0.063,0.007018970597855697,0.046999999999999986,0.003089403516323272,0.016000000000000014,2.271950090290905,0.030999999999999972
2596,3B004CDB63,578-2025-02-16,2025-02-16 14:39:37.250,0.0918532097116226,0.013621842361285653,0.04599999999999993,0.00770232849317349,0.027000000000000024,0.0064272441881554196,0.018999999999999906,1.1983874064358542,0.008000000000000118
2597,3B0019248A,579-2025-02-16,2025-02-16 14:39:42.250,0.1098430414554017,0.016046137347158776,0.050999999999999934,0.007184632601587506,0.02499999999999991,0.009359518828916636,0.026000000000000023,0.7676284147631901,-0.001000000000000112
2598,3B0019248A,580-2025-02-16,2025-02-16 14:42:05.251,0.1098430414554017,0.0137121343861479,0.04600000000000004,0.007584826591377264,0.026000000000000023,0.00660480628774428,0.020000000000000018,1.1483798707997668,0.006000000000000005
2599,3B00191394,582-2025-02-16,2025-02-16 14:43:42.252,0.0971177262341095,0.011410153078364191,0.04899999999999993,0.007128091883507036,0.03200000000000003,0.004688145034164606,0.016999999999999904,1.5204503767612665,0.015000000000000124
2600,3B0018C2F6,583-2025-02-16,2025-02-16 14:43:47.251,0.1500125646148875,0.024975531573070187,0.07400000000000001,0.015274517920866894,0.05400000000000005,0.010535573430959563,0.019999999999999962,1.4498041346265589,0.034000000000000086
2601,3B00186448,584-2025-02-16,2025-02-16 14:43:57.252,0.1255654381957639,0.023624183036983448,0.06900000000000006,0.017859918489113426,0.05500000000000005,0.006438756909029276,0.014000000000000012,2.7738146883706523,0.041000000000000036
2602,3B0019248A,588-2025-02-16,2025-02-16 14:49:27.256,0.1060537410544807,0.016971922242634694,0.05600000000000005,0.008124717120810764,0.030000000000000027,0.009358170229098302,0.026000000000000023,0.8681950554337815,0.0040000000000000036
2603,3B001857EE,593-2025-02-16,2025-02-16 14:51:30.256,0.1030198164356292,0.0066892137066330406,0.04600000000000004,0.004209443019396937,0.028999999999999915,0.0026951208486441693,0.017000000000000126,1.5618754244413848,0.011999999999999789
2604,3B00182DFC,594-2025-02-16,2025-02-16 14:52:39.256,0.103894248890132,0.013983629578005991,0.05900000000000005,0.009630264004682336,0.04200000000000004,0.004768328789589651,0.017000000000000015,2.019630866417475,0.025000000000000022
2605,3B0019248A,595-2025-02-16,2025-02-16 14:52:51.257,0.1098430414554017,0.007188210625978138,0.05400000000000005,0.003908703197203683,0.03200000000000003,0.003482999322706799,0.02200000000000002,1.1222233583915975,0.010000000000000009
2606,3B0019F652,596-2025-02-16,2025-02-16 14:52:59.257,0.0898887910065372,0.008240127065252397,0.05600000000000005,0.005587789047575538,0.040000000000000036,0.002900986582204472,0.016000000000000014,1.9261685255122254,0.02400000000000002
2607,3B004ACEEA,598-2025-02-16,2025-02-16 14:53:24.257,0.1340366575653846,0.011326479785301246,0.04199999999999998,0.007533731749536578,0.028000000000000025,0.004245369691074611,0.013999999999999957,1.7745761377095992,0.014000000000000068
2608,3B0019F652,599-2025-02-16,2025-02-16 14:53:53.256,0.084760133666697,0.009623085620630004,0.05899999999999972,0.006761792334840832,0.041999999999999815,0.0031259850261131958,0.016999999999999904,2.1630917225628385,0.02499999999999991
2609,3B0019B8CC,600-2025-02-16,2025-02-16 14:54:05.256,0.1612290662319343,0.027112675231255948,0.050999999999999934,0.011203171806695313,0.02299999999999991,0.016671394140947246,0.028000000000000025,0.6719996967247494,-0.0050000000000001155
2610,3B00182DFC,601-2025-02-16,2025-02-16 14:54:19.258,0.103894248890132,0.013840769018827699,0.04700000000000004,0.007177952116068813,0.025000000000000022,0.007102110297246126,0.02200000000000002,1.010678772315335,0.0030000000000000027
2611,3B0019B8CC,602-2025-02-16,2025-02-16 14:54:32.259,0.1540612059399422,0.027931095502578124,0.05600000000000005,0.011317345853261298,0.0259999999999998,0.01734231790056483,0.03000000000000025,0.6525855377667075,-0.004000000000000448
2612,3B004CA42C,604-2025-02-16,2025-02-16 14:55:14.258,0.1078656181881558,0.01478033685019602,0.05499999999999999,0.006059645756014079,0.023999999999999966,0.009152596531443567,0.031000000000000028,0.6620684890015948,-0.007000000000000062
2613,3B0018A99B,605-2025-02-16,2025-02-16 14:55:29.258,0.0883273548306757,0.012424668190410323,0.07699999999999996,0.006842533130145416,0.05500000000000005,0.006007670306003897,0.02199999999999991,1.1389661518720793,0.03300000000000014
2614,3B00182DFC,606-2025-02-16,2025-02-16 14:55:41.258,0.103894248890132,0.015174245519584387,0.04899999999999999,0.0072605200378636475,0.025000000000000022,0.008387068365669261,0.023999999999999966,0.8656803213364865,0.0010000000000000564
2615,3B0018C2F6,607-2025-02-16,2025-02-16 14:56:23.258,0.1199723907368257,0.02993157168394786,0.07299999999999995,0.01876979719672581,0.05499999999999994,0.012187982995825929,0.018000000000000016,1.5400248919902484,0.03699999999999992
2616,3B0018C2F6,608-2025-02-16,2025-02-16 14:56:43.258,0.0960191581319576,0.029357352035269783,0.07800000000000029,0.016965802390273507,0.05500000000000016,0.013323730612411492,0.02300000000000013,1.2733522527443857,0.03200000000000003
2617,3B004CA42C,610-2025-02-16,2025-02-16 14:58:55.258,0.1090696546236508,0.014659869265404368,0.05500000000000016,0.005970414090849745,0.02400000000000002,0.009098853375449181,0.03100000000000014,0.6561721399928597,-0.007000000000000117
2618,3B00191394,612-2025-02-16,2025-02-16 14:59:11.260,0.0979645594476272,0.012051802140849461,0.052999999999999936,0.007218152295644691,0.03600000000000003,0.005286888426215846,0.016999999999999904,1.3652931012979919,0.019000000000000128
2619,3B0018C2F6,613-2025-02-16,2025-02-16 14:59:46.261,0.1500125646148875,0.023777694707760994,0.07999999999999985,0.01242622882116269,0.05499999999999994,0.012164443464952716,0.02499999999999991,1.0215205370442313,0.030000000000000027
2620,3B00191394,614-2025-02-16,2025-02-16 15:01:45.262,0.0979645594476272,0.012205622043430531,0.04800000000000004,0.006632749157786955,0.028000000000000025,0.006009173713137278,0.020000000000000018,1.1037705805186517,0.008000000000000007
2621,3B0018F763,616-2025-02-16,2025-02-16 15:04:07.262,0.1094391649153988,0.006703274633668199,0.04400000000000004,0.004178619463393238,0.026999999999999913,0.0027487583519145817,0.017000000000000126,1.5201843626896925,0.009999999999999787
2622,3B004CD4DE,617-2025-02-16,2025-02-16 15:04:22.262,0.095072996479498,0.013330598524617421,0.04299999999999993,0.007318072352900911,0.02400000000000002,0.006513725342527502,0.018999999999999906,1.1234849441872998,0.0050000000000001155
2623,3B0019248A,620-2025-02-16,2025-02-16 15:05:14.262,0.0757414731541328,0.00780688730788027,0.050000000000000044,0.004218515221646005,0.029000000000000137,0.003846706840286669,0.020999999999999908,1.0966562820606387,0.00800000000000023
2624,3B00191394,623-2025-02-16,2025-02-16 15:05:42.263,0.0979645594476272,0.012505392196939335,0.05699999999999994,0.007299997962478614,0.03699999999999992,0.005620593982531319,0.020000000000000018,1.2987947510826874,0.016999999999999904
2625,3B001857EE,624-2025-02-16,2025-02-16 15:05:49.262,0.1069375408356136,0.004655595140501107,0.040999999999999925,0.002660826883466271,0.02399999999999991,0.0021700925505935467,0.017000000000000015,1.2261352091819782,0.006999999999999895
2626,3B0019F652,625-2025-02-16,2025-02-16 15:05:55.262,0.0869782296688809,0.010485902568089633,0.07500000000000018,0.006520808071666217,0.05400000000000027,0.004260304809868215,0.020999999999999908,1.530596603454748,0.03300000000000036
2627,3B00484043,626-2025-02-16,2025-02-16 15:07:22.263,0.096208720111505,0.0034019617773096552,0.07699999999999996,0.0017610539235184727,0.039000000000000146,0.001724181237925443,0.03799999999999981,1.0213856204800114,0.001000000000000334
2628,3B0019F652,627-2025-02-16,2025-02-16 15:07:39.263,0.0876205509837282,0.007880460429227703,0.07000000000000028,0.0052473399888824076,0.054999999999999716,0.00291006673437351,0.015000000000000568,1.8031682665215836,0.03999999999999915
2629,3B00186448,628-2025-02-16,2025-02-16 15:07:43.263,0.1324362672047186,0.02814570710632048,0.06899999999999995,0.019988565917141203,0.052000000000000046,0.008931405096729166,0.016999999999999904,2.238009103904755,0.03500000000000014
2630,3B0019F652,631-2025-02-16,2025-02-16 15:08:23.263,0.0898887910065372,0.009564876337945807,0.052999999999999936,0.004635821794984603,0.026999999999999913,0.00519155331322559,0.026000000000000023,0.8929546737341116,0.0009999999999998899
2631,3B00484043,632-2025-02-16,2025-02-16 15:08:31.263,0.0938208148313449,0.00017035538628575413,0.017000000000000126,0.00010905009185159792,0.010000000000000009,7.410794232695522e-05,0.007000000000000117,1.4715034371145024,0.0029999999999998916
2632,3B004ACEEA,633-2025-02-16,2025-02-16 15:08:39.264,0.1340366575653846,0.011230654609738579,0.04500000000000004,0.007505625220766086,0.031000000000000028,0.004162151988486547,0.014000000000000012,1.8033039738885897,0.017000000000000015
2633,3B00186448,638-2025-02-16,2025-02-16 15:09:44.264,0.1666274926184566,0.025350705919696716,0.06599999999999984,0.01737500243237794,0.04999999999999982,0.008807748889276237,0.016000000000000014,1.9726950269361851,0.03399999999999981
2634,3B004ACEEA,639-2025-02-16,2025-02-16 15:09:48.264,0.1340366575653846,0.010731649542547952,0.04700000000000004,0.007381850890592471,0.03400000000000003,0.0037589306944709956,0.013000000000000012,1.963816704960914,0.02100000000000002
2635,3B0019F652,643-2025-02-16,2025-02-16 15:10:24.265,0.0898887910065372,0.009347750644609652,0.05699999999999994,0.0050370003786162475,0.03299999999999992,0.004580354455972974,0.02400000000000002,1.0996966341868561,0.008999999999999897
2636,3B004C4B80,646-2025-02-16,2025-02-16 15:11:09.266,0.1060021955153034,0.015074723251680303,0.059,0.005701977888895008,0.026000000000000023,0.009760707003448077,0.032999999999999974,0.5841767288866188,-0.006999999999999951
2637,01103F88A1,647-2025-02-16,2025-02-16 15:11:27.266,0.1072402905595485,0.012214389317536685,0.053999999999999826,0.007293109027996755,0.03399999999999981,0.005305612692865629,0.020000000000000018,1.3746026048610145,0.01399999999999979
2638,3B0019F652,648-2025-02-16,2025-02-16 15:11:32.266,0.0889924532576448,0.0010330034736701363,0.03200000000000003,0.0006263886402602648,0.019000000000000128,0.0004508302721155451,0.0129999999999999,1.3894112241418544,0.006000000000000227
2639,3B004ACEEA,649-2025-02-16,2025-02-16 15:11:59.265,0.1340366575653846,0.009660849076338409,0.05399999999999994,0.006843048066275187,0.040999999999999925,0.0031808517648167106,0.013000000000000012,2.1513256738229365,0.027999999999999914
2640,3B0018F763,650-2025-02-16,2025-02-16 15:12:23.263,0.1094391649153988,0.006777202677467525,0.03999999999999998,0.0037526859126662286,0.021999999999999964,0.0032727159063842336,0.018000000000000016,1.1466580112699962,0.003999999999999948
2641,3B0019B8CC,651-2025-02-16,2025-02-16 15:12:56.260,0.1541161835705003,0.02892806606631691,0.05499999999999994,0.011385831661205924,0.02399999999999991,0.018292647753127278,0.031000000000000028,0.6224266609659842,-0.007000000000000117
2642,3B00182DFC,652-2025-02-16,2025-02-16 15:13:02.259,0.103894248890132,0.015776341731578613,0.050000000000000044,0.0063957138987790945,0.02200000000000002,0.00985077505138891,0.028000000000000025,0.6492599684201834,-0.006000000000000005
2643,3B004C4B80,654-2025-02-16,2025-02-16 15:13:50.257,0.1124423533676365,0.0063761481954249435,0.05400000000000027,0.002893027994522227,0.027000000000000135,0.003654434332145809,0.027000000000000135,0.7916486469804754,0.0
2644,3B001857EE,661-2025-02-16,2025-02-16 15:22:01.245,0.1069375408356136,0.0045729103667350775,0.040000000000000036,0.0028799326493785865,0.026000000000000023,0.0018756591445733745,0.014000000000000012,1.5354243108140193,0.01200000000000001
2645,3B0018C2F6,662-2025-02-16,2025-02-16 15:25:54.245,0.1500125646148875,0.024614844066376963,0.05399999999999999,0.014903666800650597,0.03300000000000003,0.010547265977279495,0.020999999999999963,1.4130360259005024,0.012000000000000066
2646,3B004CD4DE,664-2025-02-16,2025-02-16 15:33:48.247,0.095072996479498,0.015287442379900047,0.07799999999999996,0.008620308089470702,0.05499999999999999,0.007097809157760416,0.022999999999999965,1.2145026581963896,0.03200000000000003
2647,3B004ACEEA,666-2025-02-16,2025-02-16 15:35:47.247,0.1340366575653846,0.011454912512283994,0.040999999999999925,0.007386223504438007,0.02699999999999969,0.004546971695963275,0.014000000000000234,1.6244269809278495,0.012999999999999456
2648,3B004CD4DE,667-2025-02-16,2025-02-16 15:36:31.247,0.095072996479498,0.013770270762321428,0.07899999999999996,0.007751231421525375,0.05400000000000005,0.006417483130800302,0.02499999999999991,1.2078304318906323,0.029000000000000137
2649,3B0018C2F6,668-2025-02-16,2025-02-16 15:36:57.246,0.1552167603258259,0.021585166726301848,0.07599999999999985,0.011754470258087598,0.05400000000000005,0.010633488854637177,0.021999999999999797,1.1054199067469348,0.03200000000000025
2650,3B004ACEEA,671-2025-02-16,2025-02-16 15:39:03.249,0.1340366575653846,0.011347555811361376,0.04299999999999998,0.00713256235021064,0.02799999999999997,0.004655983589620009,0.015000000000000013,1.5319131205943004,0.012999999999999956
2651,3B004CD4DE,672-2025-02-16,2025-02-16 15:40:09.249,0.095072996479498,0.011720318265850986,0.04999999999999999,0.006631646595567573,0.02999999999999997,0.005520248303564237,0.020000000000000018,1.2013312139031398,0.009999999999999953
2652,3B004ACEEA,673-2025-02-16,2025-02-16 15:40:48.249,0.1340366575653846,0.011113488548106187,0.040999999999999925,0.007005127478540264,0.026999999999999913,0.004566070626895138,0.014000000000000012,1.5341697601606414,0.0129999999999999
2653,3B004ACEEA,675-2025-02-16,2025-02-16 15:41:37.248,0.1340366575653846,0.010337472892690264,0.04200000000000004,0.00668538778779771,0.029000000000000026,0.004106780646399972,0.013000000000000012,1.6278901561636023,0.016000000000000014
2654,3B004C4B80,677-2025-02-16,2025-02-16 15:42:21.249,0.1060021955153034,0.012539945432341305,0.05900000000000005,0.006041807795385343,0.029999999999999916,0.0069088395104068,0.029000000000000137,0.8745040011834918,0.0009999999999997788
2655,3B0018A99B,678-2025-02-16,2025-02-16 15:42:35.248,0.0778632683554233,0.005801087443446682,0.040999999999999925,0.0036157670405086496,0.026000000000000023,0.0024181338728468363,0.014999999999999902,1.4952716560112762,0.01100000000000012
2656,3B0018C2F6,684-2025-02-16,2025-02-16 15:51:28.251,0.1522998731395368,0.024834114094545078,0.07599999999999996,0.014239127162778208,0.05500000000000005,0.011460168439789755,0.020999999999999908,1.2424884710542208,0.03400000000000014
2657,3B0018C2F6,685-2025-02-16,2025-02-16 15:53:10.251,0.1500125646148875,0.020462485627139863,0.06099999999999994,0.013144931796200266,0.04299999999999993,0.007974547072315503,0.018000000000000016,1.6483609259558212,0.02499999999999991
2658,3B0019F652,689-2025-02-16,2025-02-16 15:56:43.253,0.0870155840405826,0.009775015723080252,0.053999999999999826,0.00479133338301678,0.028000000000000025,0.005267275216526508,0.0259999999999998,0.9096417381008645,0.002000000000000224
2659,3B0019248A,690-2025-02-16,2025-02-16 15:58:08.253,0.1098430414554017,0.0013325566440899447,0.02400000000000002,0.0006725866541602957,0.010999999999999899,0.0007483116463752426,0.013000000000000123,0.898805541004537,-0.002000000000000224
2660,3B0019F652,691-2025-02-16,2025-02-16 15:58:47.254,0.0898887910065372,0.0013686135512223751,0.06000000000000005,0.0006204109388742823,0.028000000000000025,0.0007870879676482439,0.03200000000000003,0.7882358317940252,-0.0040000000000000036
2661,3B0018F763,692-2025-02-16,2025-02-16 15:58:53.254,0.1094391649153988,0.006569561516701444,0.040000000000000036,0.003383669257111572,0.020000000000000018,0.0034329557654505702,0.020000000000000018,0.9856431274661269,0.0
2662,3B004C4B80,693-2025-02-16,2025-02-16 15:59:03.254,0.1026292784794712,0.006222936037708623,0.05099999999999971,0.0027825347962063696,0.02499999999999991,0.0036118481641738737,0.0259999999999998,0.770390855243166,-0.0009999999999998899
2663,3B004CEFFE,697-2025-02-16,2025-02-16 16:06:00.259,0.1020544328593473,0.011323280118014041,0.055999999999999994,0.007700212322260952,0.04099999999999998,0.0040219116859249735,0.015000000000000013,1.9145652424961266,0.025999999999999968
2664,3B0019B8CC,700-2025-02-16,2025-02-16 16:06:52.258,0.1540612059399422,0.02798878398346047,0.04899999999999993,0.01308411941614522,0.02400000000000002,0.015737701915154365,0.02499999999999991,0.8313869132027516,-0.0009999999999998899
2665,3B0019248A,701-2025-02-16,2025-02-16 16:07:26.258,0.1098430414554017,0.007492627703920956,0.04599999999999982,0.0042669158274920935,0.026999999999999913,0.0034667486889763247,0.018999999999999906,1.2308119827261101,0.008000000000000007
2666,3B004CEFFE,702-2025-02-16,2025-02-16 16:07:37.258,0.0933217506429286,0.0011515105856721348,0.040000000000000036,0.0005086467357228819,0.01399999999999979,0.0006988948886027978,0.026000000000000245,0.7277871737476114,-0.012000000000000455
2667,3B0018C2F6,703-2025-02-16,2025-02-16 16:08:41.259,0.1500125646148875,0.02578009220284589,0.05499999999999994,0.015239470742851318,0.03400000000000003,0.011431984195499978,0.020999999999999908,1.333055616788737,0.013000000000000123
2668,3B0018F763,706-2025-02-16,2025-02-16 16:11:19.260,0.1094391649153988,0.006813262974308912,0.043999999999999984,0.0038253297393462723,0.024999999999999967,0.003228435658463537,0.019000000000000017,1.1848864725917463,0.00599999999999995
2669,3B0018F763,709-2025-02-16,2025-02-16 16:12:48.258,0.107459913684644,0.013590059616053871,0.050000000000000044,0.007299371460347257,0.028000000000000025,0.0067414256570325955,0.02200000000000002,1.0827637701133168,0.006000000000000005
2670,3B0018C2F6,710-2025-02-16,2025-02-16 16:15:29.254,0.1500125646148875,0.024061948039962616,0.06499999999999995,0.014285143887192705,0.04599999999999993,0.010683125197434595,0.019000000000000017,1.3371690046862958,0.026999999999999913
2671,3B0019B8CC,712-2025-02-16,2025-02-16 16:19:39.248,0.1540612059399422,0.02670371287491988,0.07200000000000006,0.017625529720543973,0.05400000000000005,0.009874354038176224,0.018000000000000016,1.784980531627705,0.03600000000000003
2672,3B0018C2F6,713-2025-02-16,2025-02-16 16:21:15.248,0.0946987279064006,0.0297546423319706,0.07299999999999995,0.02090532643486615,0.05500000000000016,0.009717143373544034,0.017999999999999794,2.1513860227464736,0.037000000000000366
2673,3B00484043,715-2025-02-16,2025-02-16 16:22:53.244,0.0938208148313449,-0.0004133101989461407,0.04700000000000015,-0.0004664720013263841,0.041999999999999815,7.021999769576361e-05,0.0050000000000003375,-6.643007926992946,0.03699999999999948
2674,3B0018C2F6,717-2025-02-16,2025-02-16 16:24:25.243,0.1623886935837779,0.023259781160310997,0.07299999999999995,0.013697378378972124,0.05400000000000005,0.010430273025292945,0.018999999999999906,1.3132329657868587,0.03500000000000014
2675,3B0018C2F6,719-2025-02-16,2025-02-16 16:29:10.241,0.1500125646148875,0.024403376940589017,0.052000000000000046,0.015024852377418556,0.03400000000000003,0.0102509862270505,0.018000000000000016,1.465698230846383,0.016000000000000014
2676,3B00484043,720-2025-02-16,2025-02-16 16:29:31.240,0.0938208148313449,0.00834261599937851,0.038000000000000034,0.0032137521871499057,0.014000000000000012,0.005448865826074878,0.02400000000000002,0.5898020413295716,-0.010000000000000009
2677,3B00484043,722-2025-02-16,2025-02-16 16:31:35.240,0.0962458642913604,0.004918541927921267,0.06199999999999983,0.0032904577725991918,0.044999999999999485,0.0017732020179065033,0.017000000000000348,1.855658711963348,0.027999999999999137
2678,3B00484043,723-2025-02-16,2025-02-16 16:32:21.241,0.095557863089591,0.012275049436215203,0.06400000000000006,0.00686768497457704,0.039000000000000146,0.005728968309733767,0.02499999999999991,1.1987646995548122,0.014000000000000234
2679,3B0019B8CC,724-2025-02-16,2025-02-16 16:35:58.240,0.1587809164585733,0.01022980606102398,0.03799999999999981,0.004282745928322768,0.016000000000000014,0.0063425612728481295,0.021999999999999797,0.6752391887259764,-0.005999999999999783
2680,01103F88A1,727-2025-02-16,2025-02-16 16:55:57.246,0.1192401311160237,0.01340175778656667,0.04899999999999993,0.005327491017280047,0.020999999999999908,0.008490069122622236,0.028000000000000025,0.6274967777452679,-0.007000000000000117
2681,01103F9664,729-2025-02-16,2025-02-16 17:10:06.254,0.1672708257298136,0.025350824731476075,0.062000000000000055,0.01019657705396807,0.028000000000000025,0.01578743935834514,0.03400000000000003,0.64586642726062,-0.006000000000000005
2682,3B00199DE5,1-2025-02-19,2025-02-19 07:08:18.601,0.1056314595246609,0.013029334721973311,0.04700000000000015,0.005387162724005073,0.020000000000000018,0.008058894543619235,0.027000000000000135,0.6684741554622339,-0.007000000000000117
2683,3B00484043,2-2025-02-19,2025-02-19 07:12:08.599,0.0895458954856361,0.004779242946106927,0.07500000000000018,0.003557154149373181,0.05500000000000016,0.0013375571610435904,0.020000000000000018,2.659440847072146,0.03500000000000014
2684,3B00199DE5,4-2025-02-19,2025-02-19 07:12:49.600,0.0971818284749654,0.014899674770829137,0.052999999999999936,0.00610589742612159,0.02300000000000013,0.00924105335300926,0.029999999999999805,0.6607360863394717,-0.006999999999999673
2685,3B0018C6F9,6-2025-02-19,2025-02-19 07:18:59.596,0.0911656885226543,0.003662443014481918,0.08300000000000018,0.0017304878011811502,0.04600000000000004,0.002009209456144032,0.037000000000000144,0.8612779498371517,0.008999999999999897
2686,3B00484043,7-2025-02-19,2025-02-19 07:19:53.597,0.0932078621326897,6.286263266066584e-05,0.008999999999999897,3.304078546464852e-05,0.0040000000000000036,3.937032609513122e-05,0.004999999999999893,0.839230678069861,-0.0009999999999998899
2687,3B0019B8CC,8-2025-02-19,2025-02-19 07:36:19.591,0.1572272238629591,0.02478054120721217,0.049000000000000044,0.01288387274936547,0.026000000000000023,0.012638204985760947,0.02300000000000002,1.019438501265117,0.0030000000000000027
2688,01101763D0,10-2025-02-19,2025-02-19 07:37:45.590,0.1546318327075709,0.018675664242103828,0.06400000000000006,0.012924673289162716,0.04800000000000004,0.0063209757956542495,0.016000000000000014,2.044727540018203,0.03200000000000003
2689,3B00192E1E,11-2025-02-19,2025-02-19 07:38:15.589,0.1007525158752752,0.003577895640529637,0.03600000000000003,0.001996741346560824,0.020000000000000018,0.0017318255766566148,0.016000000000000014,1.1529690827269359,0.0040000000000000036
2690,3B00192E1E,12-2025-02-19,2025-02-19 07:39:43.590,0.0902926569026956,0.003710280577589561,0.06300000000000006,0.0022167617088355174,0.040000000000000036,0.0015985703400610116,0.02300000000000002,1.3867151499576251,0.017000000000000015
2691,3B00192E1E,13-2025-02-19,2025-02-19 07:40:29.591,0.0911397905515719,0.004129972929259972,0.050000000000000044,0.002551138502061529,0.03200000000000003,0.0017157308969256483,0.018000000000000016,1.486910626038626,0.014000000000000012
2692,3B00484043,15-2025-02-19,2025-02-19 07:44:38.587,0.0896841264112718,0.01038101688635185,0.053999999999999826,0.004863629889739409,0.028000000000000025,0.005834531115769391,0.0259999999999998,0.8335939586634717,0.002000000000000224
2693,3B00484043,16-2025-02-19,2025-02-19 07:47:24.588,0.0905016285870531,0.011274032308377134,0.0519999999999996,0.004611608375755969,0.022999999999999687,0.007001761047729477,0.028999999999999915,0.65863549817248,-0.006000000000000227
2694,3B0018A99B,18-2025-02-19,2025-02-19 07:49:52.586,0.0883273548306758,0.003524871020063429,0.03200000000000003,0.002011565455514567,0.018000000000000016,0.0016916615888493117,0.014000000000000012,1.189106301623162,0.0040000000000000036
2695,3B0018A99B,19-2025-02-19,2025-02-19 07:52:05.585,0.0859906673170464,0.0034335377814218317,0.028000000000000025,0.0018820917557184577,0.015000000000000124,0.0017505059614093457,0.0129999999999999,1.075170149208273,0.002000000000000224
2696,3B0019F652,20-2025-02-19,2025-02-19 08:01:46.583,0.0802198549278098,0.007768161912463329,0.06299999999999994,0.005106741134778287,0.04499999999999993,0.0028801465665331187,0.018000000000000016,1.7730837708462033,0.026999999999999913
2697,3B0019F652,21-2025-02-19,2025-02-19 08:03:42.582,0.0814741674227741,0.004593455685273974,0.07200000000000006,0.00300988908223542,0.054999999999999716,0.0017370640293530156,0.017000000000000348,1.73274504069748,0.03799999999999937
2698,3B0019F652,23-2025-02-19,2025-02-19 08:04:54.581,0.0885024370460512,0.007707479009823016,0.06000000000000005,0.005565516056877247,0.04500000000000015,0.002362491353637135,0.014999999999999902,2.355782614107327,0.03000000000000025
2699,3B0019F652,25-2025-02-19,2025-02-19 08:09:09.581,0.0885024370460512,0.007088545206006918,0.06799999999999984,0.005413008925655069,0.05499999999999994,0.0018796586213010197,0.0129999999999999,2.8797829905455994,0.04200000000000004
2700,3B0018F763,27-2025-02-19,2025-02-19 08:17:19.578,0.0984168433569358,0.004171940790614268,0.05400000000000027,0.0028569204527954216,0.03900000000000059,0.0014524815060414924,0.01499999999999968,1.9669238065422978,0.02400000000000091
2701,3B0018F763,28-2025-02-19,2025-02-19 08:19:02.579,0.1094391649153988,0.006106223568995029,0.039000000000000035,0.003535604731887683,0.02199999999999991,0.0028161577722820162,0.017000000000000126,1.255471112693618,0.004999999999999782
2702,3B0018F763,29-2025-02-19,2025-02-19 08:20:16.577,0.0973212173708863,0.006412282207046642,0.038000000000000034,0.0032302266462267883,0.018999999999999906,0.0034381807648004334,0.019000000000000128,0.9395162346603043,-2.220446049250313e-16
2703,3B0019F652,32-2025-02-19,2025-02-19 08:34:24.571,0.0885024370460512,0.0014427591187441075,0.06500000000000006,0.0012038825133592126,0.05500000000000005,0.0002781563305622931,0.010000000000000009,4.328078785500096,0.04500000000000004
2704,0700ED9568,33-2025-02-19,2025-02-19 08:35:13.570,0.1498754521231646,0.02346691930876272,0.07100000000000006,0.01615696127082713,0.05500000000000005,0.008038547646333114,0.016000000000000014,2.0099353741091943,0.039000000000000035
2705,3B001877B5,40-2025-02-19,2025-02-19 08:47:54.566,0.1595634121856095,0.021909650677267682,0.07200000000000006,0.014180040058854006,0.05400000000000005,0.008414576621181868,0.018000000000000016,1.6851757013132231,0.03600000000000003
2706,3B001877B5,41-2025-02-19,2025-02-19 08:49:49.565,0.1300219301928728,0.022511495846566292,0.07099999999999973,0.015293538315114624,0.052999999999999936,0.007865459202540644,0.017999999999999794,1.9443923007285595,0.03500000000000014
2707,3B00192E1E,42-2025-02-19,2025-02-19 08:50:07.567,0.0932194907006349,0.004119811040447155,0.07299999999999995,0.002205750888062714,0.04899999999999993,0.0020365155913216527,0.02400000000000002,1.0831004179208032,0.02499999999999991
2708,3B004AB6A7,45-2025-02-19,2025-02-19 09:01:35.562,0.0919451513839727,0.011976262406576768,0.05700000000000016,0.005815544849494742,0.028000000000000025,0.006535274309250021,0.029000000000000137,0.8898700458928595,-0.001000000000000112
2709,3B004CDB63,49-2025-02-19,2025-02-19 09:19:23.556,0.1001657141423627,0.010301762185612573,0.043999999999999984,0.005826970560030359,0.026000000000000023,0.004886001355820607,0.01799999999999996,1.1925847202413875,0.008000000000000063
2710,3B004CA42C,50-2025-02-19,2025-02-19 09:21:23.556,0.0994924140067638,0.013638779545314226,0.05400000000000005,0.006054490718026074,0.025000000000000133,0.007966010694922454,0.028999999999999915,0.7600404957885903,-0.0039999999999997815
2711,3B0019B8CC,51-2025-02-19,2025-02-19 09:21:51.553,0.157227223862959,0.023087538448105703,0.05300000000000005,0.013161894755671744,0.031000000000000028,0.010677585547506703,0.02200000000000002,1.2326658210427681,0.009000000000000008
2712,3B004AE3AB,54-2025-02-19,2025-02-19 09:31:28.551,0.0964067766276104,0.014121756695966674,0.06499999999999995,0.008261006162563094,0.04400000000000004,0.006299440545353734,0.020999999999999908,1.3113872736930818,0.02300000000000013
2713,3B00192E1E,57-2025-02-19,2025-02-19 09:34:14.549,0.0924712575797722,0.012927172230060903,0.04800000000000004,0.00553609438278888,0.02200000000000024,0.00779813750680448,0.0259999999999998,0.709925206878977,-0.0039999999999995595
2714,3B00192E1E,58-2025-02-19,2025-02-19 09:35:26.548,0.1007525158752752,0.0037640983551744675,0.055999999999999994,0.002444923757517225,0.03799999999999998,0.0014352908652164754,0.018000000000000016,1.70343434684124,0.019999999999999962
2715,3B004CA42C,61-2025-02-19,2025-02-19 09:50:56.543,0.1078656181881558,0.013329194899787448,0.04999999999999999,0.004988328469587983,0.019000000000000017,0.00873230738913275,0.030999999999999972,0.5712497564842823,-0.011999999999999955
2716,3B004CDB63,63-2025-02-19,2025-02-19 10:05:23.542,0.0920282884600069,0.011731025925250592,0.04399999999999993,0.006741578117897106,0.025999999999999912,0.005447432801522494,0.018000000000000016,1.2375697624049466,0.007999999999999896
2717,3B00182DFC,64-2025-02-19,2025-02-19 10:05:28.540,0.0960316735637713,0.014705563502954964,0.05399999999999999,0.00775719002176518,0.02999999999999997,0.007379501886445814,0.02400000000000002,1.0511807085533889,0.00599999999999995
2718,01103F9664,66-2025-02-19,2025-02-19 10:10:16.539,0.1519487934538086,0.00019789004520101865,0.017999999999999794,0.00012843319501902226,0.010999999999999677,8.266921137534658e-05,0.007000000000000117,1.5535795356253188,0.0039999999999995595
2719,01103F9664,67-2025-02-19,2025-02-19 10:11:28.538,0.1519487934538086,0.00011178203263785089,0.01100000000000012,5.5673498086681594e-05,0.0050000000000003375,7.111235806783708e-05,0.005999999999999783,0.7828948385254262,-0.0009999999999994458
2720,01103F9664,68-2025-02-19,2025-02-19 10:12:36.537,0.1519487934538086,0.02190535641676348,0.05999999999999961,0.010473539489194689,0.030999999999999694,0.011981851320699304,0.028999999999999915,0.8741169631358283,0.0019999999999997797
2721,3B0018F763,70-2025-02-19,2025-02-19 10:15:56.536,0.1094391649153988,0.012230360929465329,0.06700000000000006,0.007569751183066875,0.049000000000000044,0.005076095873480723,0.018000000000000016,1.4912545727542044,0.031000000000000028
2722,3B0019B8CC,73-2025-02-19,2025-02-19 10:42:35.527,0.1572272238629591,0.02195838592930564,0.07299999999999995,0.014256912268503494,0.05499999999999994,0.008390545873068818,0.018000000000000016,1.6991638546741024,0.03699999999999992
2723,3B00191394,74-2025-02-19,2025-02-19 10:42:50.527,0.0979645594476272,0.009801259060695873,0.04799999999999993,0.006238735736674307,0.03300000000000003,0.003943704674343544,0.014999999999999902,1.5819480036782385,0.018000000000000127
2724,3B0019B8CC,78-2025-02-19,2025-02-19 10:45:21.527,0.1572272238629591,0.025925069617077284,0.06000000000000005,0.015185287979406393,0.039000000000000035,0.011542151442130045,0.02100000000000002,1.3156375616402436,0.018000000000000016
2725,3B004CA42C,79-2025-02-19,2025-02-19 10:45:37.528,0.0996682229024411,0.01355646515228816,0.05599999999999994,0.005408855176335814,0.025000000000000022,0.008532460723292853,0.030999999999999917,0.6339150394879784,-0.005999999999999894
2726,3B0019B8CC,80-2025-02-19,2025-02-19 10:46:29.527,0.152934573134423,0.027791217661053205,0.05899999999999994,0.011031735981853811,0.028000000000000025,0.01747057175833492,0.030999999999999917,0.6314467628451114,-0.0029999999999998916
2727,3B0019B8CC,82-2025-02-19,2025-02-19 10:47:28.526,0.157227223862959,0.02127850241130862,0.053999999999999826,0.014074761009286368,0.039000000000000146,0.00796019549165148,0.01499999999999968,1.7681426321813005,0.024000000000000465
2728,3B00191394,84-2025-02-19,2025-02-19 10:47:44.527,0.0979645594476272,0.011103631635765748,0.04500000000000015,0.0063891478500510785,0.027000000000000135,0.005140438960801314,0.018000000000000016,1.2429187271304765,0.009000000000000119
2729,3B0019B8CC,86-2025-02-19,2025-02-19 10:49:17.526,0.1585664047430278,0.02258031762139638,0.05899999999999972,0.013966743722323389,0.039000000000000146,0.009328969214862747,0.019999999999999574,1.4971368648180148,0.019000000000000572
2730,3B004CA42C,88-2025-02-19,2025-02-19 10:49:29.526,0.1078656181881558,0.013978294526721939,0.05999999999999983,0.006081557561912525,0.030000000000000027,0.008293090796887602,0.029999999999999805,0.7333282259727499,2.220446049250313e-16
2731,3B0018C2F6,89-2025-02-19,2025-02-19 10:53:30.525,0.1406396010383175,0.023096632519979385,0.05599999999999994,0.014030116687001626,0.03700000000000003,0.009896449217028152,0.018999999999999906,1.4176919801559686,0.018000000000000127
2732,3B0018C2F6,90-2025-02-19,2025-02-19 10:54:31.525,0.1447912238885449,0.02269035106712773,0.052000000000000046,0.01402780255519727,0.03400000000000003,0.009494881814015466,0.018000000000000016,1.477406757658713,0.016000000000000014
2733,3B0018C2F6,91-2025-02-19,2025-02-19 10:55:26.526,0.1500125646148875,0.019725464003624134,0.05999999999999994,0.011622432251094186,0.039999999999999925,0.008814587122632205,0.020000000000000018,1.3185452806124744,0.019999999999999907
2734,01103F97C4,92-2025-02-19,2025-02-19 10:57:27.523,0.1568761923925159,0.02453215391739902,0.05500000000000016,0.01344035350703715,0.03100000000000014,0.01192448213849517,0.02400000000000002,1.1271226163900547,0.007000000000000117
2735,01103F97C4,93-2025-02-19,2025-02-19 10:58:37.524,0.1575052510190074,0.02490182490695352,0.06000000000000005,0.015994470268821857,0.04200000000000026,0.009706804316120485,0.017999999999999794,1.6477585977765297,0.024000000000000465
2736,01103F97C4,94-2025-02-19,2025-02-19 11:00:02.522,0.1830689426539151,0.026366189036168833,0.04600000000000004,0.011975478809674821,0.020999999999999908,0.015248207302058265,0.025000000000000133,0.7853696223069004,-0.004000000000000226
2737,01103F97C4,95-2025-02-19,2025-02-19 11:01:24.522,0.1566681889920381,0.02412482489228362,0.05699999999999994,0.013497842068917413,0.03299999999999992,0.011407442699178403,0.02400000000000002,1.1832487284717692,0.008999999999999897
2738,3B00191394,98-2025-02-19,2025-02-19 11:03:55.523,0.0979645594476272,0.01028869508968381,0.046999999999999986,0.006089988347435884,0.029000000000000026,0.00458645728425467,0.01799999999999996,1.3278197026587044,0.011000000000000065
2739,01103F97C4,99-2025-02-19,2025-02-19 11:05:21.522,0.1624846850235889,0.0150282405520588,0.06899999999999995,0.008059731940504746,0.04300000000000015,0.007314882179794532,0.0259999999999998,1.1018266244626151,0.017000000000000348
2740,3B00191394,100-2025-02-19,2025-02-19 11:05:33.521,0.0979645594476272,0.011197952612806684,0.04999999999999996,0.007450730996098692,0.035,0.004153939714002657,0.014999999999999958,1.7936540992597387,0.020000000000000046
2741,3B004CEFFE,103-2025-02-19,2025-02-19 11:07:31.521,0.09748280762938,0.004711929762879666,0.04300000000000015,0.0031737987806694195,0.030000000000000027,0.0017296673980018702,0.013000000000000123,1.8349185423369978,0.016999999999999904
2742,3B00191394,104-2025-02-19,2025-02-19 11:08:19.522,0.0979645594476272,0.01090566296615586,0.050000000000000044,0.00650428324769219,0.03300000000000003,0.004817027708681384,0.017000000000000015,1.3502690125634913,0.016000000000000014
2743,3B004CA42C,105-2025-02-19,2025-02-19 11:10:44.523,0.1022092667744135,0.013653524546336813,0.05800000000000005,0.006362998296229133,0.030000000000000027,0.007679624589878879,0.028000000000000025,0.8285559042319657,0.0020000000000000018
2744,3B0018C2F6,106-2025-02-19,2025-02-19 11:11:44.521,0.1500125646148875,0.0269027796257741,0.05800000000000005,0.013464292169707797,0.030000000000000027,0.014322091248847688,0.028000000000000025,0.9401065763207656,0.0020000000000000018
2745,3B0018C2F6,110-2025-02-19,2025-02-19 11:13:40.521,0.1500125646148875,0.021740503544615052,0.06299999999999972,0.01376263094831445,0.043999999999999595,0.008717044373748291,0.019000000000000128,1.5788185029505106,0.024999999999999467
2746,01103F9664,112-2025-02-19,2025-02-19 11:16:57.518,0.1519487934538086,-0.0028985821320668516,0.09899999999999998,-0.0016179091640651602,0.05499999999999994,-0.0012612480945946981,0.04400000000000004,1.2827842285740578,0.010999999999999899
2747,3B0019248A,116-2025-02-19,2025-02-19 11:19:28.518,0.1290834692699101,0.010849470433179242,0.07800000000000007,0.004672531844130657,0.03300000000000014,0.0063633139576603145,0.04499999999999993,0.7342922061083828,-0.011999999999999789
2748,3B0019248A,117-2025-02-19,2025-02-19 11:20:28.518,0.1098430414554017,0.011174558739428795,0.07899999999999996,0.005443940665129799,0.02400000000000002,0.006392015581053625,0.05499999999999994,0.8516782532986956,-0.030999999999999917
2749,01103F97C4,119-2025-02-19,2025-02-19 11:21:45.519,0.1830689426539151,0.02531515719007707,0.04699999999999993,0.011828580644096625,0.02299999999999991,0.014344194467627663,0.02400000000000002,0.8246249498911675,-0.001000000000000112
2750,3B00484043,120-2025-02-19,2025-02-19 11:21:51.518,0.093889172010989,0.004619226753613731,0.07000000000000028,0.003296323903004537,0.05500000000000016,0.0014554765336745644,0.015000000000000124,2.2647729638639262,0.040000000000000036
2751,01103F97C4,121-2025-02-19,2025-02-19 11:23:32.517,0.161176623726294,0.0246595826913532,0.052000000000000046,0.014703924245712603,0.03299999999999992,0.010815002428110525,0.019000000000000128,1.359585847849089,0.01399999999999979
2752,01103F97C4,123-2025-02-19,2025-02-19 11:24:40.517,0.162177997142867,0.02503002935463039,0.05200000000000049,0.013797531276667111,0.028999999999999915,0.012104147552517748,0.023000000000000576,1.1399011137960828,0.005999999999999339
2753,01103F97C4,124-2025-02-19,2025-02-19 11:26:03.517,0.1640260383565998,0.025888026759883834,0.08099999999999996,0.011124455295844176,0.054999999999999716,0.015580639563089164,0.026000000000000245,0.7139922113465884,0.02899999999999947
2754,01103F88A1,125-2025-02-19,2025-02-19 11:27:25.518,0.1044697491157489,0.01190562671073955,0.06500000000000017,0.006250508880625995,0.04400000000000004,0.006068812106114027,0.02100000000000013,1.0299394298810005,0.02299999999999991
2755,01103F97C4,126-2025-02-19,2025-02-19 11:29:28.518,0.1646797502667395,0.010936637773275871,0.04700000000000015,0.006847091074640894,0.030000000000000027,0.004451361794659555,0.017000000000000126,1.5382014292470167,0.0129999999999999
2756,3B004AB6A7,127-2025-02-19,2025-02-19 11:30:18.517,0.0979126887006078,0.01174643115006826,0.06400000000000006,0.006790714858985609,0.04400000000000004,0.005366922614479432,0.020000000000000018,1.2652902504435082,0.02400000000000002
2757,3B0018F763,129-2025-02-19,2025-02-19 11:42:20.517,0.1094391649153988,0.006653555923423677,0.04400000000000004,0.004086922570222449,0.027000000000000024,0.0027943452991247585,0.017000000000000015,1.4625689142650158,0.010000000000000009
2758,3B0018F763,131-2025-02-19,2025-02-19 11:44:36.516,0.1094391649153988,0.006489860956059255,0.04399999999999993,0.0036065291773444983,0.025000000000000022,0.0031030219584017088,0.018999999999999906,1.1622635049615098,0.006000000000000116
2759,3B0018C2F6,132-2025-02-19,2025-02-19 11:45:59.517,0.1500125646148875,0.024657283788494435,0.052999999999999936,0.014182740404123526,0.03200000000000003,0.011304213569715792,0.020999999999999908,1.2546419365358916,0.01100000000000012
2760,01103F88A1,133-2025-02-19,2025-02-19 11:49:02.517,0.1192401311160237,0.005052727175589451,0.04300000000000004,0.003395672151621712,0.029000000000000026,0.0018373092080611636,0.014000000000000012,1.8481767449503093,0.015000000000000013
2761,3B0018C2F6,135-2025-02-19,2025-02-19 11:51:39.516,0.1500125646148875,0.02349079016427925,0.05699999999999994,0.013595629022695916,0.03400000000000003,0.010672707970965891,0.02299999999999991,1.2738687369392623,0.01100000000000012
2762,3B0018F763,136-2025-02-19,2025-02-19 11:55:17.517,0.1094391649153988,0.006142925709722172,0.040000000000000036,0.0035856894036307768,0.02299999999999991,0.0027976454615382686,0.017000000000000126,1.2816811325546615,0.005999999999999783
2763,3B0018C2F6,138-2025-02-19,2025-02-19 11:55:42.517,0.1517531974522701,0.02202688905480917,0.052000000000000046,0.011005636277058512,0.026000000000000023,0.011796833935468555,0.026000000000000023,0.9329313557571397,0.0
2764,3B0019248A,139-2025-02-19,2025-02-19 11:57:35.516,0.1098430414554017,0.005395289735958113,0.03499999999999992,0.0029170037317929162,0.018999999999999906,0.002713631406423033,0.016000000000000014,1.0749447124206002,0.0029999999999998916
2765,3B0018F763,142-2025-02-19,2025-02-19 11:59:07.516,0.1094391649153988,0.006722750919262829,0.041000000000000036,0.0037070704584492536,0.02300000000000002,0.0032657527034140764,0.018000000000000016,1.1351350806733822,0.0050000000000000044
2766,01101763D0,143-2025-02-19,2025-02-19 11:59:15.516,0.1572738948710552,0.02355566454945537,0.05999999999999961,0.015951848820163105,0.042999999999999705,0.008334770661111953,0.016999999999999904,1.913891751645983,0.0259999999999998
2767,3B00484043,144-2025-02-19,2025-02-19 12:00:24.516,0.0932078621326897,0.012289733397061665,0.051000000000000156,0.00507077547179604,0.02200000000000002,0.007585541605566801,0.029000000000000137,0.6684790270051054,-0.007000000000000117
2768,3B0018F763,145-2025-02-19,2025-02-19 12:00:32.517,0.1049660469699154,0.012918247407735901,0.051000000000000045,0.007100644225216522,0.029000000000000026,0.006243636884174602,0.02200000000000002,1.1372609197075711,0.007000000000000006
2769,3B0018C2F6,146-2025-02-19,2025-02-19 12:01:40.517,0.1551186790373594,0.02216538800105565,0.05800000000000005,0.012451387443832,0.03600000000000003,0.01051713285803689,0.02200000000000002,1.1839146288160665,0.014000000000000012
2770,0700ED9568,148-2025-02-19,2025-02-19 12:02:29.516,0.159118468713607,0.022464661161521134,0.07299999999999995,0.014749270596776743,0.05499999999999994,0.008405138258134385,0.018000000000000016,1.7547921454477668,0.03699999999999992
2771,3B0018C2F6,149-2025-02-19,2025-02-19 12:03:05.516,0.1538157908437643,0.020981184939016777,0.05400000000000027,0.013108058793646111,0.037000000000000366,0.008628808498353903,0.016999999999999904,1.5191041493326343,0.020000000000000462
2772,0700ED9568,150-2025-02-19,2025-02-19 12:03:35.515,0.1620681592787435,0.019242207575126034,0.04499999999999993,0.010725168365086909,0.02499999999999991,0.009195125267334996,0.020000000000000018,1.166397199958469,0.004999999999999893
2773,0700ED9568,152-2025-02-19,2025-02-19 12:04:23.516,0.162972708751989,0.022957612691941846,0.06499999999999995,0.01564426826551334,0.04899999999999993,0.008026889215115131,0.016000000000000014,1.9489827062835514,0.03299999999999992
2774,01103FD2E8,154-2025-02-19,2025-02-19 12:05:06.516,0.1564310375285263,0.030233904010089744,0.052000000000000046,0.013226887015749865,0.025000000000000133,0.017908537157545448,0.026999999999999913,0.7385799800056225,-0.0019999999999997797
2775,01103F97C4,157-2025-02-19,2025-02-19 12:07:13.516,0.1830689426539151,0.02776820832718674,0.051000000000000156,0.012823320432868764,0.025000000000000355,0.01577655479349622,0.0259999999999998,0.8128086645479211,-0.0009999999999994458
2776,3B004CDB63,159-2025-02-19,2025-02-19 12:08:58.516,0.1001657141423627,0.011246134028039203,0.04500000000000004,0.007200891248097948,0.028000000000000025,0.004469350026133835,0.017000000000000015,1.6111719167198466,0.01100000000000001
2777,3B0019B8CC,161-2025-02-19,2025-02-19 12:12:44.514,0.1552753528482821,0.02437735353092432,0.06699999999999973,0.013237007860725547,0.04499999999999993,0.011953500166525587,0.021999999999999797,1.1073750513505891,0.02300000000000013
2778,3B004CEFFE,162-2025-02-19,2025-02-19 12:13:22.515,0.1020544328593473,0.00026029560465053614,0.03300000000000003,0.0003495670978325067,0.007000000000000006,-2.1027904655078747e-05,0.026000000000000023,-16.623962471128944,-0.019000000000000017
2779,01103FD2E8,163-2025-02-19,2025-02-19 12:14:22.515,0.1538428085632561,0.02898334501943998,0.04899999999999993,0.014011845655198184,0.02499999999999991,0.01588741635336927,0.02400000000000002,0.8819461480422945,0.0009999999999998899
2780,3B004CDB63,164-2025-02-19,2025-02-19 12:15:04.515,0.1001657141423627,0.01074157529897508,0.04500000000000001,0.005777571945873856,0.024999999999999994,0.005382669012109799,0.020000000000000018,1.0733656356866108,0.004999999999999977
2781,3B0019B8CC,165-2025-02-19,2025-02-19 12:15:32.515,0.157227223862959,0.025078830769122918,0.05399999999999994,0.015230061184145586,0.03299999999999992,0.010613054179228646,0.02100000000000002,1.4350309465067201,0.0119999999999999
2782,3B0019B8CC,167-2025-02-19,2025-02-19 12:17:47.514,0.1572272238629591,0.023458071885047834,0.049000000000000044,0.014787945991327071,0.031000000000000028,0.009463480272920755,0.018000000000000016,1.5626329389243818,0.013000000000000012
2783,3B004CEFFE,168-2025-02-19,2025-02-19 12:18:12.514,0.1020544328593473,0.011039181902267027,0.052000000000000046,0.007331548578269212,0.03700000000000003,0.00410247049986992,0.015000000000000013,1.787105739944182,0.02200000000000002
2784,3B0019248A,169-2025-02-19,2025-02-19 12:21:59.514,0.0821362257593609,0.007332187007365024,0.04499999999999993,0.004039361485058842,0.02499999999999991,0.0035503894173469,0.020000000000000018,1.137723503039657,0.004999999999999893
2785,3B001857EE,172-2025-02-19,2025-02-19 12:23:36.514,0.0997243569097518,0.010681882282520901,0.05999999999999983,0.005629806676172108,0.03299999999999992,0.005343230204417745,0.026999999999999913,1.0536335626186242,0.006000000000000005
2786,3B0018C2F6,179-2025-02-19,2025-02-19 12:25:56.513,0.1211598660607131,0.025150063432821983,0.052999999999999936,0.015066757116129476,0.03200000000000003,0.01093065260207299,0.020999999999999908,1.3783950203734476,0.01100000000000012
2787,011016B2E1,180-2025-02-19,2025-02-19 12:26:01.515,0.097568753187463,0.01187184655082316,0.07599999999999996,0.00605453628393575,0.05499999999999994,0.006263381844390235,0.02100000000000002,0.9666561027823114,0.03399999999999992
2788,3B0018C2F6,182-2025-02-19,2025-02-19 12:39:46.515,0.1371011437488154,0.026098840222115754,0.05700000000000016,0.014676985734620594,0.03300000000000014,0.012267873723433728,0.02400000000000002,1.1963756772769067,0.009000000000000119
2789,3B004CDB63,183-2025-02-19,2025-02-19 12:40:58.515,0.1001657141423628,0.01056441187015256,0.04899999999999999,0.006013732115321765,0.029000000000000026,0.004943425492252738,0.019999999999999962,1.21651112669674,0.009000000000000064
2790,01103FD532,184-2025-02-19,2025-02-19 12:41:12.515,0.1675937444373067,0.02309110232075338,0.06000000000000005,0.01513379755686042,0.04300000000000015,0.008739972651165558,0.016999999999999904,1.7315612028651126,0.026000000000000245
2791,3B001857EE,185-2025-02-19,2025-02-19 12:41:20.515,0.0992668504643225,0.005534701617364449,0.04400000000000004,0.0033431563850016034,0.02699999999999969,0.0023831449702293095,0.017000000000000348,1.402833829567624,0.009999999999999343
2792,3B00199DE5,187-2025-02-19,2025-02-19 12:41:45.517,0.1042393064243032,0.016752382467772227,0.053999999999999826,0.0069627002744123345,0.02299999999999991,0.010267975082418229,0.030999999999999917,0.6780986726715484,-0.008000000000000007
2793,3B004CEFFE,189-2025-02-19,2025-02-19 12:42:04.515,0.1020544328593473,0.004625478987402228,0.04300000000000004,0.002923395537936777,0.027000000000000024,0.001865908008270355,0.016000000000000014,1.5667415140399572,0.01100000000000001
2794,01103FD532,191-2025-02-19,2025-02-19 12:42:40.516,0.1685736306771122,0.021483517283971423,0.0680000000000005,0.0124637558166453,0.04900000000000038,0.009799559046465818,0.019000000000000128,1.2718690461016524,0.03000000000000025
2795,3B00182A81,196-2025-02-19,2025-02-19 12:45:59.516,0.1189321598688551,0.0038440435782655007,0.051000000000000045,0.0027059628356584427,0.03600000000000003,0.0012500793391214088,0.015000000000000013,2.164632876470281,0.02100000000000002
2796,3B0018F763,197-2025-02-19,2025-02-19 12:46:43.515,0.1094391649153988,0.012362998471547496,0.05699999999999994,0.006624320563992174,0.03299999999999992,0.006134832079184753,0.02400000000000002,1.0797884079774955,0.008999999999999897
2797,3B0019248A,198-2025-02-19,2025-02-19 12:46:59.518,0.1098430414554017,0.0067543688885876195,0.040000000000000036,0.0038566327325745176,0.02300000000000002,0.0031488501909023208,0.017000000000000015,1.2247749174340294,0.006000000000000005
2798,3B00182A81,199-2025-02-19,2025-02-19 12:47:17.516,0.0989053598586136,0.0036908347959674153,0.08000000000000007,0.002335864442473797,0.05499999999999994,0.001442495937130957,0.025000000000000133,1.6193213321069726,0.029999999999999805
2799,3B001857EE,201-2025-02-19,2025-02-19 13:05:44.519,0.1069375408356136,0.013535364293559629,0.05400000000000005,0.005585714701072358,0.02400000000000002,0.008683051207574897,0.030000000000000027,0.6432893884351973,-0.006000000000000005
2800,3B001877B5,203-2025-02-19,2025-02-19 13:07:10.520,0.1720534263134757,0.02501443768321679,0.05800000000000005,0.01127686574522467,0.030000000000000027,0.014400544029894847,0.028000000000000025,0.7830860918736425,0.0020000000000000018
2801,3B001877B5,205-2025-02-19,2025-02-19 13:08:56.520,0.1664295283640716,0.025835876981513146,0.05899999999999972,0.012627021174297473,0.03200000000000003,0.013873154918597455,0.02699999999999969,0.9101766143597592,0.0050000000000003375
2802,011016B2E1,206-2025-02-19,2025-02-19 13:08:59.520,0.097949901711879,0.006199041948125211,0.041000000000000036,0.0032998972049714005,0.02200000000000002,0.003123168309305079,0.019000000000000017,1.0565864142319132,0.0030000000000000027
2803,3B004CDB63,207-2025-02-19,2025-02-19 13:09:25.521,0.1001657141423628,0.009477304819877711,0.04099999999999998,0.005829873047843332,0.026000000000000023,0.0040557699745617055,0.014999999999999958,1.4374269459089204,0.011000000000000065
2804,3B0019248A,208-2025-02-19,2025-02-19 13:10:39.520,0.1721072753021055,0.007553848885165995,0.08099999999999996,0.003463866286456394,0.05400000000000005,0.004372024601729891,0.026999999999999913,0.7922796877871722,0.027000000000000135
2805,3B0018C2F6,210-2025-02-19,2025-02-19 13:11:06.521,0.1500125646148875,0.022584492470415985,0.052000000000000046,0.013313744149029723,0.03200000000000003,0.01004509359631191,0.020000000000000018,1.32539771992945,0.01200000000000001
2806,3B001857EE,212-2025-02-19,2025-02-19 13:11:31.520,0.1069375408356136,0.004336313163003829,0.043999999999999984,0.0026683387934721874,0.028000000000000025,0.0018259444305741986,0.01599999999999996,1.4613472068441227,0.012000000000000066
2807,3B0018C2F6,214-2025-02-19,2025-02-19 13:12:30.520,0.1500125646148875,0.011305702674499585,0.03300000000000003,0.0053779237016308955,0.01200000000000001,0.006603989584511344,0.02100000000000002,0.8143446673877257,-0.009000000000000008
2808,3B001870F2,215-2025-02-19,2025-02-19 13:14:06.521,0.0967317133589357,0.01442547334808777,0.05500000000000016,0.006701092766465446,0.029000000000000137,0.008140219274555324,0.026000000000000023,0.8232078940934312,0.0030000000000001137
2809,3B00191394,220-2025-02-19,2025-02-19 13:16:06.520,0.0979645594476272,0.01000995656013783,0.07200000000000001,0.005852028162996826,0.05499999999999999,0.004567997568044052,0.017000000000000015,1.2810926616807672,0.03799999999999998
2810,3B001870F2,221-2025-02-19,2025-02-19 13:16:10.521,0.0967317133589356,0.0031715531988695802,0.040000000000000036,0.002126776786784518,0.028000000000000025,0.001186524248204029,0.01200000000000001,1.7924427503303817,0.016000000000000014
2811,3B004B0F76,222-2025-02-19,2025-02-19 13:16:29.520,0.1573558959733797,0.024377607170735335,0.06899999999999995,0.013917009144368529,0.04300000000000015,0.011091258092509335,0.0259999999999998,1.25477281551744,0.017000000000000348
2812,3B00191394,223-2025-02-19,2025-02-19 13:16:47.521,0.0979645594476272,0.010742146368732351,0.06700000000000006,0.006524205373877869,0.049000000000000044,0.0045829313629527834,0.018000000000000016,1.423587843059976,0.031000000000000028
2813,3B0018C2F6,224-2025-02-19,2025-02-19 13:17:05.522,0.1500125646148875,0.024697657996676083,0.050999999999999934,0.015007454297989829,0.03199999999999992,0.01056499767385762,0.019000000000000017,1.4204881781587866,0.0129999999999999
2814,3B00199DE5,230-2025-02-19,2025-02-19 13:18:20.521,0.1039258683716499,0.015875220425535425,0.050000000000000266,0.006465760248316864,0.02100000000000035,0.009902059046198534,0.028999999999999915,0.6529712879059343,-0.007999999999999563
2815,3B00191394,231-2025-02-19,2025-02-19 13:18:25.521,0.0956059896011259,0.01005084422018012,0.06400000000000006,0.006099544396770769,0.04700000000000015,0.004330875827846764,0.016999999999999904,1.4083858875730817,0.03000000000000025
2816,3B004CEFFE,235-2025-02-19,2025-02-19 13:19:53.521,0.1020544328593473,0.005000116545462312,0.04299999999999993,0.0030216302015198407,0.026999999999999913,0.002171288825673556,0.016000000000000014,1.3916297849423602,0.010999999999999899
2817,3B004AB6A7,236-2025-02-19,2025-02-19 13:19:59.521,0.1040595213723091,0.004201502920816997,0.05599999999999994,0.002162112874960444,0.028999999999999915,0.0021807963720391404,0.027000000000000024,0.9914327181949469,0.0019999999999998908
2818,3B00182DFC,237-2025-02-19,2025-02-19 13:20:03.520,0.0960316735637713,0.0015074643528083327,0.02200000000000002,0.0008749485990105174,0.013000000000000012,0.0007456622099012365,0.009000000000000008,1.1733846604971505,0.0040000000000000036
2819,01103F97C4,238-2025-02-19,2025-02-19 13:20:09.521,0.1627791736267264,0.025025258118414502,0.07399999999999984,0.015578590803643952,0.05500000000000016,0.010280943708363877,0.018999999999999684,1.515288016893845,0.036000000000000476
2820,011016B2E1,239-2025-02-19,2025-02-19 13:20:14.521,0.097949901711879,0.011144402956901528,0.08799999999999997,0.00387885601418208,0.05499999999999994,0.0075489154650416135,0.03300000000000003,0.5138295735519536,0.02199999999999991
2821,3B00182DFC,242-2025-02-19,2025-02-19 13:21:06.521,0.0960316735637713,0.018209119126232895,0.06799999999999995,0.0035416863172185744,0.013999999999999901,0.015041523931221308,0.05400000000000005,0.2354606044848412,-0.04000000000000015
2822,3B001870F2,243-2025-02-19,2025-02-19 13:21:11.521,0.0989292681254367,0.006378709909397292,0.04300000000000015,0.003591078985060212,0.025000000000000355,0.0030175865995655635,0.017999999999999794,1.190050017314238,0.007000000000000561
2823,3B0018C2F6,245-2025-02-19,2025-02-19 13:21:18.520,0.1522789432822036,0.020334854757745914,0.07499999999999996,0.011706960872923866,0.05400000000000005,0.009338819908566037,0.020999999999999908,1.2535803225186568,0.03300000000000014
2824,011016B2E1,246-2025-02-19,2025-02-19 13:21:37.520,0.097949901711879,0.016163422696477994,0.04800000000000004,0.006921309726360603,0.02200000000000002,0.009763934778369678,0.026000000000000023,0.7088648053747325,-0.0040000000000000036
2825,3B004CD4DE,248-2025-02-19,2025-02-19 13:21:54.520,0.0989851622858526,0.011959446663496772,0.04499999999999993,0.006767620397960362,0.026000000000000023,0.00566252697689455,0.018999999999999906,1.1951590562967824,0.007000000000000117
2826,3B00199DE5,250-2025-02-19,2025-02-19 13:22:47.522,0.1039013980780927,0.015456994500002676,0.04700000000000015,0.006483437440832642,0.020000000000000018,0.009471408031925166,0.027000000000000135,0.6845273077644838,-0.007000000000000117
2827,3B00182DFC,252-2025-02-19,2025-02-19 13:23:20.521,0.0960316735637713,0.011986163228534867,0.062000000000000055,0.007687944190020747,0.04400000000000004,0.004690732537233055,0.018000000000000016,1.6389645175880505,0.026000000000000023
2828,01103F97C4,253-2025-02-19,2025-02-19 13:23:30.521,0.1666995014077361,0.023975930239354508,0.07299999999999995,0.014169418333115275,0.05500000000000016,0.01069945818745217,0.017999999999999794,1.3243117627893077,0.037000000000000366
2829,01103F97C4,254-2025-02-19,2025-02-19 13:24:36.521,0.1648054482282658,0.02712490908543403,0.05699999999999994,0.015591634189143253,0.03699999999999992,0.012428821888043652,0.020000000000000018,1.2544740225251905,0.016999999999999904
2830,3B004CD4DE,261-2025-02-19,2025-02-19 13:30:27.522,0.1003986183690209,0.012842976724487132,0.050000000000000044,0.008222944595461515,0.03400000000000003,0.005094938349019673,0.016000000000000014,1.6139438855121195,0.018000000000000016
2831,011016B2E1,262-2025-02-19,2025-02-19 13:31:25.523,0.097949901711879,0.012810853100445392,0.06300000000000017,0.0066049967120112825,0.04100000000000015,0.006619271217014545,0.02200000000000002,0.997843492956359,0.019000000000000128
2832,3B00484043,263-2025-02-19,2025-02-19 13:32:02.522,0.0967743843340801,0.004413693724327175,0.06000000000000005,0.0028010554666691835,0.04200000000000004,0.0017601036381785493,0.018000000000000016,1.591415076880284,0.02400000000000002
2833,3B00191394,265-2025-02-19,2025-02-19 13:32:25.523,0.0963964490352047,0.011948455349802814,0.04899999999999993,0.007519842204143176,0.03200000000000003,0.004869356109410882,0.016999999999999904,1.5443196256707876,0.015000000000000124
2834,3B001886D3,267-2025-02-19,2025-02-19 13:33:36.521,0.1051746594351193,0.012995325197367555,0.06299999999999994,0.008698497745030398,0.04599999999999982,0.00470593264883369,0.017000000000000126,1.8484110152290891,0.028999999999999693
2835,3B00191394,268-2025-02-19,2025-02-19 13:33:45.522,0.0979645594476272,0.005717986127075718,0.049000000000000155,0.0031702458090097007,0.029000000000000137,0.002736354062753914,0.020000000000000018,1.1585656447613035,0.009000000000000119
2836,3B0018C2F6,269-2025-02-19,2025-02-19 13:33:58.522,0.1564700177856533,0.022570890825694957,0.05400000000000005,0.01402530930076925,0.03600000000000003,0.009341390972175477,0.018000000000000016,1.501415511088811,0.018000000000000016
2837,3B004CDB63,270-2025-02-19,2025-02-19 13:34:21.523,0.1001657141423627,0.01066525803677758,0.04799999999999999,0.006257890191815636,0.030999999999999972,0.004834783323092627,0.017000000000000015,1.2943476002173147,0.013999999999999957
2838,3B001886D3,272-2025-02-19,2025-02-19 13:35:13.523,0.102821322718326,0.011550348801326535,0.07000000000000006,0.008203798572432152,0.05499999999999994,0.0037217833648898967,0.015000000000000124,2.204265473865067,0.039999999999999813
2839,3B00192E1E,273-2025-02-19,2025-02-19 13:35:22.522,0.1007525158752752,0.004256434674211255,0.03999999999999998,0.002387983274008931,0.02200000000000002,0.0020260478856847317,0.01799999999999996,1.1786410829089946,0.004000000000000059
2840,011016B2E1,274-2025-02-19,2025-02-19 13:35:43.523,0.097639684429242,0.014927857643687443,0.05099999999999971,0.00711402850239694,0.02699999999999969,0.00831635232100612,0.02400000000000002,0.8554265413248242,0.0029999999999996696
2841,3B0018F763,277-2025-02-19,2025-02-19 13:35:59.522,0.1094391649153988,0.006402732817019303,0.040000000000000036,0.003634144294643043,0.02200000000000002,0.0030081433884877966,0.018000000000000016,1.2081020833484735,0.0040000000000000036
2842,011016B2E1,280-2025-02-19,2025-02-19 13:37:04.524,0.097949901711879,0.012306601058304873,0.05499999999999994,0.007077447145500232,0.03700000000000003,0.005686130918159532,0.017999999999999905,1.2446859292137151,0.019000000000000128
2843,3B001877B5,281-2025-02-19,2025-02-19 13:37:19.522,0.1661303669742927,0.02726481119535888,0.06000000000000005,0.012081347463222309,0.030000000000000027,0.0158747500815771,0.030000000000000027,0.7610417424613761,0.0
2844,3B00192E1E,282-2025-02-19,2025-02-19 13:37:51.524,0.098599587150006,0.004652133293396693,0.06299999999999994,0.0026969895166697806,0.041000000000000036,0.002089819485866669,0.02199999999999991,1.2905370702634213,0.019000000000000128
2845,01101763D0,285-2025-02-19,2025-02-19 13:41:54.525,0.1583836721440008,0.022426194439144342,0.07200000000000001,0.01565893107905702,0.05499999999999999,0.007440291230977766,0.017000000000000015,2.1046126546580353,0.03799999999999998
2846,3B0018C2F6,288-2025-02-19,2025-02-19 13:44:39.524,0.1500125646148875,0.022177209573112446,0.07499999999999996,0.012036307587734982,0.05499999999999994,0.011005958091565423,0.020000000000000018,1.0936174286325133,0.03499999999999992
2847,3B00199DE5,291-2025-02-19,2025-02-19 13:45:17.525,0.1070155481356521,0.013757698593873217,0.053999999999999826,0.005976545240190994,0.02499999999999991,0.00820556007589925,0.028999999999999915,0.7283531148281822,-0.0040000000000000036
2848,3B00192E1E,292-2025-02-19,2025-02-19 13:45:45.524,0.1007525158752752,0.004019721769021554,0.03600000000000003,0.002377652171679867,0.020999999999999908,0.0018169652535852407,0.015000000000000124,1.3085842819439046,0.005999999999999783
2849,3B00199DE5,293-2025-02-19,2025-02-19 13:48:42.525,0.1053931838214139,0.015755369818530943,0.05600000000000005,0.007284555173947201,0.027000000000000135,0.008920646729831644,0.028999999999999915,0.8165949616171696,-0.0019999999999997797
2850,3B00484043,297-2025-02-19,2025-02-19 13:50:11.525,0.0965496452791784,0.012461732674716836,0.052000000000000046,0.005045423212425478,0.02299999999999991,0.007795031130634,0.029000000000000137,0.6472614576992861,-0.006000000000000227
2851,011016B2E1,299-2025-02-19,2025-02-19 13:51:33.526,0.0989155657668921,0.01447363987652526,0.04800000000000004,0.0069475630400012865,0.025000000000000355,0.0080211639930939,0.022999999999999687,0.8661539704191352,0.002000000000000668
2852,3B001886D3,311-2025-02-19,2025-02-19 13:57:39.527,0.1055990142430929,0.015298230513389148,0.05000000000000071,0.0073542872463911325,0.02600000000000069,0.008425995351107383,0.02400000000000002,0.8728093168749017,0.002000000000000668
2853,3B001886D3,313-2025-02-19,2025-02-19 13:58:30.526,0.1046133910873082,0.005542089467055061,0.043999999999999595,0.003275238651761064,0.0259999999999998,0.0024460434845086404,0.017999999999999794,1.3389944506317686,0.008000000000000007
2854,3B004CD4DE,314-2025-02-19,2025-02-19 13:58:41.527,0.1003986183690209,0.012275762042198376,0.06099999999999994,0.0068006218291634425,0.039999999999999925,0.005912020110929661,0.02100000000000002,1.1503042448368888,0.018999999999999906
2855,3B001877B5,315-2025-02-19,2025-02-19 13:59:01.526,0.1699783120877087,0.0265133253024243,0.06600000000000006,0.01698115091295958,0.04499999999999993,0.01025839330699834,0.02100000000000013,1.6553421578576963,0.0239999999999998
2856,01103F97C4,316-2025-02-19,2025-02-19 13:59:16.526,0.1830689426539151,0.02812479977784995,0.052999999999999936,0.013071734632588457,0.027000000000000135,0.015854079906389918,0.0259999999999998,0.8245028856780235,0.001000000000000334
2857,3B001886D3,318-2025-02-19,2025-02-19 13:59:45.528,0.1051869651070944,0.011984755113026243,0.05799999999999983,0.008123929556240608,0.04299999999999993,0.004289055868843194,0.014999999999999902,1.8941067229398718,0.028000000000000025
2858,3B00199DE5,320-2025-02-19,2025-02-19 14:00:32.527,0.104928565914372,0.015802744713179766,0.05600000000000005,0.006775815940113843,0.0259999999999998,0.009475304597145878,0.03000000000000025,0.7151027041552662,-0.004000000000000448
2859,3B00191394,321-2025-02-19,2025-02-19 14:00:47.527,0.0979645594476272,0.004283977526490153,0.034999999999999976,0.002575315420366538,0.02100000000000002,0.0019086830101788875,0.013999999999999957,1.3492630293414576,0.007000000000000062
2860,3B004CD4DE,322-2025-02-19,2025-02-19 14:01:28.528,0.1003986183690209,0.015665835138149172,0.066,0.008083987138534721,0.04300000000000004,0.008062460859725597,0.022999999999999965,1.0026699390153513,0.020000000000000073
2861,3B004CDB63,323-2025-02-19,2025-02-19 14:01:40.527,0.1001657141423627,0.009745248616654673,0.04699999999999993,0.005463040115799362,0.028000000000000025,0.0046579277074041145,0.018999999999999906,1.1728477681427865,0.009000000000000119
2862,3B004CEFFE,325-2025-02-19,2025-02-19 14:06:11.529,0.1020544328593473,0.0037778553479107355,0.038999999999999924,0.0022561339209007194,0.02400000000000002,0.0016810209755743109,0.014999999999999902,1.3421212189990221,0.009000000000000119
2863,3B004CD4DE,326-2025-02-19,2025-02-19 14:06:31.529,0.0751022715648698,0.005363813248102692,0.03699999999999992,0.0030955455208188094,0.02200000000000002,0.0025093728153216303,0.014999999999999902,1.2335933114115802,0.007000000000000117
2864,011016B2E1,327-2025-02-19,2025-02-19 14:06:34.528,0.0998465834968804,0.013791719129608417,0.05400000000000005,0.008119610031719465,0.03499999999999992,0.006144705338302097,0.019000000000000128,1.3213994137533491,0.015999999999999792
2865,3B001857EE,328-2025-02-19,2025-02-19 14:06:59.528,0.0777267044391392,0.007152206903305064,0.04899999999999999,0.003937122788366598,0.02799999999999997,0.0034442063236221443,0.02100000000000002,1.1431146738695004,0.006999999999999951
2866,3B0018C2F6,331-2025-02-19,2025-02-19 14:07:21.529,0.1557496990294127,0.0062078728184595455,0.09799999999999986,0.0029401829212785976,0.05499999999999994,0.0034217370498445606,0.04299999999999993,0.8592661792676797,0.01200000000000001
2867,3B001886D3,334-2025-02-19,2025-02-19 14:08:02.527,0.1064324350031172,0.01232647446918148,0.05899999999999972,0.009210207338568633,0.04499999999999993,0.0034984924928626276,0.01399999999999979,2.6326217241736645,0.03100000000000014
2868,3B0018C2F6,339-2025-02-19,2025-02-19 14:10:23.529,0.1533282011809214,0.024513289254513747,0.04999999999999982,0.014630150669246344,0.030999999999999917,0.01080818558150281,0.018999999999999906,1.3536176409002882,0.01200000000000001
2869,3B00192E1E,340-2025-02-19,2025-02-19 14:10:47.530,0.1001677167016677,0.004345781040181738,0.06999999999999995,0.003294000388637266,0.05499999999999994,0.001162634571759929,0.015000000000000013,2.83322074592277,0.039999999999999925
2870,3B004CEFFE,341-2025-02-19,2025-02-19 14:11:27.530,0.1020544328593473,0.01101188511808622,0.06299999999999994,0.007717278300191676,0.04800000000000004,0.0036602131106946564,0.014999999999999902,2.1084232165725036,0.03300000000000014
2871,3B00484043,342-2025-02-19,2025-02-19 14:15:34.532,0.0974682428139363,0.012180256902914325,0.06400000000000006,0.0065258090465793355,0.038999999999999924,0.005986884219982252,0.025000000000000133,1.0900175795613902,0.01399999999999979
2872,01103F97C4,343-2025-02-19,2025-02-19 14:15:38.529,0.183068942653915,0.02521379751162106,0.04799999999999999,0.017358472718978408,0.03200000000000003,0.00864163037587966,0.01599999999999996,2.0087034464502227,0.01600000000000007
2873,01103F97C4,344-2025-02-19,2025-02-19 14:16:54.531,0.1613796337199191,0.02622768276322906,0.05400000000000005,0.016919310978351854,0.03600000000000003,0.010184208954843586,0.018000000000000016,1.661327949315599,0.018000000000000016
2874,01103F88A1,345-2025-02-19,2025-02-19 14:16:59.530,0.1192401311160237,0.011501265559454715,0.05299999999999999,0.00776021447333749,0.03600000000000003,0.004080837483441699,0.01699999999999996,1.9016230136154983,0.019000000000000072
2875,3B0018A99B,350-2025-02-19,2025-02-19 14:18:58.531,0.0883273548306757,0.012657778594653658,0.05399999999999994,0.007974503235939163,0.03599999999999992,0.0050771536227652925,0.018000000000000016,1.5706641611517393,0.017999999999999905
2876,3B0018F763,352-2025-02-19,2025-02-19 14:19:38.530,0.1094391649153988,0.013316047277371623,0.051000000000000045,0.00742210115536264,0.030000000000000027,0.006339230945746257,0.02100000000000002,1.1708204384544483,0.009000000000000008
2877,3B001877B5,353-2025-02-19,2025-02-19 14:20:01.531,0.1658644339680937,0.02325402241231764,0.06700000000000017,0.015436362855329861,0.049000000000000155,0.008496330349708384,0.018000000000000016,1.8168270559135777,0.03100000000000014
2878,3B00191394,355-2025-02-19,2025-02-19 14:20:20.531,0.0962420135327434,0.012066752835284036,0.050999999999999934,0.007114489332407708,0.03299999999999992,0.005390375984296466,0.018000000000000016,1.3198502948837005,0.014999999999999902
2879,3B0018A99B,357-2025-02-19,2025-02-19 14:21:25.532,0.0883273548306757,0.004669081964354222,0.041000000000000036,0.002881625064844773,0.027000000000000024,0.001991467421194238,0.014000000000000012,1.44698579257537,0.013000000000000012
2880,3B004CD4DE,359-2025-02-19,2025-02-19 14:24:45.534,0.1012637825832143,0.011796970543655264,0.05400000000000005,0.007401865175162653,0.03700000000000003,0.004820849236022586,0.017000000000000015,1.535386155587292,0.020000000000000018
2881,3B0018C2F6,360-2025-02-19,2025-02-19 14:25:03.533,0.1533442199589741,0.02234333206790744,0.08000000000000007,0.012741671333560406,0.05400000000000005,0.010291183284243182,0.026000000000000023,1.2381152858359024,0.028000000000000025
2882,3B004CD4DE,362-2025-02-19,2025-02-19 14:26:45.532,0.0972755828997005,0.012569392965599011,0.06399999999999983,0.00769943894191525,0.04599999999999982,0.005308577985691248,0.018000000000000016,1.4503769112309046,0.027999999999999803
2883,3B00484043,363-2025-02-19,2025-02-19 14:28:28.533,0.0950761723754081,0.0035583556451861233,0.07799999999999985,0.0012672838521982513,0.027000000000000135,0.0023707037227265935,0.05099999999999971,0.5345601983282512,-0.023999999999999577
2884,3B004CDB63,364-2025-02-19,2025-02-19 14:29:36.534,0.1001657141423628,0.011342369188186712,0.04899999999999993,0.006439199087271837,0.030000000000000027,0.005333418891318176,0.018999999999999906,1.2073304607207336,0.01100000000000012
2885,3B004CDB63,365-2025-02-19,2025-02-19 14:30:40.533,0.1001657141423628,0.010956330405787485,0.06,0.00612543093257228,0.03799999999999998,0.005216036302098383,0.02200000000000002,1.174345916670107,0.01599999999999996
2886,3B004CDB63,366-2025-02-19,2025-02-19 14:31:23.533,0.0978579239362286,0.012395872952192353,0.050000000000000044,0.006824731647884896,0.028000000000000025,0.006025077424637925,0.02200000000000002,1.132720987115784,0.006000000000000005
2887,3B004CDB63,367-2025-02-19,2025-02-19 14:31:54.534,0.1001657141423628,0.010706618323260874,0.05800000000000005,0.006414948154531679,0.039000000000000146,0.004680767835498362,0.018999999999999906,1.3704905647918508,0.02000000000000024
2888,3B00192E1E,368-2025-02-19,2025-02-19 14:37:27.535,0.1007525158752752,0.004237499155592969,0.03699999999999992,0.002307009210997538,0.020000000000000018,0.002106849723243408,0.016999999999999904,1.0950041597869604,0.0030000000000001137
2889,3B00484043,370-2025-02-19,2025-02-19 14:37:54.535,0.097392428346704,0.01338871474529943,0.053999999999999826,0.005373449921444149,0.02300000000000013,0.00841073851284501,0.030999999999999694,0.6388796790243488,-0.007999999999999563
2890,3B001877B5,371-2025-02-19,2025-02-19 14:38:01.536,0.1672961922979934,0.023053536247731047,0.06600000000000028,0.016070458007051012,0.04900000000000038,0.007635943772149225,0.016999999999999904,2.1045804535210446,0.03200000000000047
2891,01103F97C4,372-2025-02-19,2025-02-19 14:38:11.536,0.1745636682793271,0.007992865479448353,0.03799999999999981,0.00493392983202872,0.02400000000000002,0.0034106993093657636,0.01399999999999979,1.4466035802335824,0.010000000000000231
2892,3B00191394,373-2025-02-19,2025-02-19 14:38:23.537,0.0979645594476272,0.012648282246247314,0.04799999999999999,0.007378757124692045,0.02999999999999997,0.005742529289004035,0.018000000000000016,1.2849315612235723,0.011999999999999955
2893,3B004CDB63,374-2025-02-19,2025-02-19 14:38:29.535,0.1001657141423628,0.011900790367160553,0.04499999999999993,0.007067355442836845,0.028000000000000025,0.005316622053285439,0.016999999999999904,1.3292943098089003,0.01100000000000012
2894,3B004CA42C,375-2025-02-19,2025-02-19 14:38:57.536,0.0766635509211524,0.007279827748173849,0.07100000000000006,0.005284746718272603,0.05500000000000005,0.002181058717868662,0.016000000000000014,2.4230190021829743,0.039000000000000035
2895,3B00199DE5,376-2025-02-19,2025-02-19 14:39:02.536,0.1037503863464573,0.01576167125213322,0.051000000000000156,0.006478243763029263,0.02200000000000002,0.009760213812199414,0.029000000000000137,0.6637399433741937,-0.007000000000000117
2896,3B004CD4DE,378-2025-02-19,2025-02-19 14:43:17.537,0.1003986183690209,0.013541616407457052,0.05900000000000016,0.00915307978851741,0.04300000000000015,0.004836967226170991,0.016000000000000014,1.8923179257848959,0.027000000000000135
2897,3B0018C2F6,379-2025-02-19,2025-02-19 14:46:17.538,0.1522385619756807,0.02601208921251438,0.053999999999999826,0.016084162122078475,0.0349999999999997,0.010793639956204035,0.019000000000000128,1.4901518104495899,0.01599999999999957
2898,3B004CEFFE,380-2025-02-19,2025-02-19 14:46:26.536,0.1020544328593473,0.004394253976025389,0.041000000000000036,0.0027300947522105705,0.027000000000000024,0.0018509328036886634,0.014000000000000012,1.4749831797080122,0.013000000000000012
2899,3B00191394,382-2025-02-19,2025-02-19 14:46:54.538,0.0979645594476272,0.01181773491005831,0.04799999999999999,0.00699006643676557,0.02999999999999997,0.0052549259919792545,0.018000000000000016,1.3301931268746146,0.011999999999999955
2900,3B004B0F76,387-2025-02-19,2025-02-19 14:50:12.538,0.1220906378975628,0.022327264852976328,0.07799999999999985,0.014389128826580923,0.054999999999999716,0.00852922485454665,0.02300000000000013,1.687038279792864,0.031999999999999584
2901,3B004CDB63,389-2025-02-19,2025-02-19 14:53:08.539,0.096959935770592,0.011529968218430883,0.04999999999999982,0.007076559805504443,0.03299999999999992,0.004886174693989339,0.016999999999999904,1.4482821938825838,0.016000000000000014
2902,01103F97C4,391-2025-02-19,2025-02-19 14:53:58.540,0.1676249623678569,0.0287255869479211,0.052000000000000046,0.013510807203658281,0.026000000000000245,0.01607219035043606,0.0259999999999998,0.8406326025930695,4.440892098500626e-16
2903,3B004CDB63,393-2025-02-19,2025-02-19 14:55:00.541,0.1001657141423628,0.012212574164235877,0.05399999999999994,0.0073531732676341485,0.03500000000000003,0.005294252683531951,0.018999999999999906,1.3888973018810715,0.016000000000000125
2904,01103F97C4,397-2025-02-19,2025-02-19 14:56:55.541,0.1726987873386301,0.025454727538461744,0.051000000000000156,0.013367972376746898,0.027000000000000135,0.012989344449114273,0.02400000000000002,1.0291491175028809,0.0030000000000001137
2905,01103F97C4,400-2025-02-19,2025-02-19 14:58:44.540,0.1674725138567293,0.028856288274867893,0.051000000000000156,0.013423184810646284,0.026000000000000245,0.016307344833213038,0.02499999999999991,0.8231373622091679,0.001000000000000334
2906,3B0018C2F6,403-2025-02-19,2025-02-19 15:00:39.541,0.1497482189578545,0.020981788173659113,0.07200000000000006,0.012667760457044652,0.05400000000000005,0.009117642144784794,0.018000000000000016,1.389368024746452,0.03600000000000003
2907,3B00191394,407-2025-02-19,2025-02-19 15:02:11.542,0.0979645594476272,0.012990879625911205,0.08100000000000007,0.006596764987549762,0.05400000000000005,0.0067437754219838745,0.027000000000000024,0.9782005738276994,0.027000000000000024
2908,3B0018C2F6,409-2025-02-19,2025-02-19 15:02:32.541,0.1500125646148875,0.026900441459381558,0.04700000000000015,0.01473981805432588,0.025000000000000133,0.013153391166119468,0.02200000000000002,1.1206097247600098,0.0030000000000001137
2909,3B00191394,410-2025-02-19,2025-02-19 15:03:39.541,0.0990829530600594,0.010745412922241557,0.051000000000000156,0.006456747619755818,0.03300000000000014,0.004693726422524883,0.018000000000000016,1.3756122616713051,0.015000000000000124
2910,3B00191394,411-2025-02-19,2025-02-19 15:04:25.543,0.0983215477668667,0.01193389691929274,0.053999999999999826,0.007272042867780795,0.03699999999999992,0.005095705157827119,0.016999999999999904,1.4270925500096432,0.020000000000000018
2911,3B004CEFFE,415-2025-02-19,2025-02-19 15:08:31.543,0.1020544328593473,0.004759044969418511,0.041000000000000036,0.002872670817729624,0.027000000000000024,0.002093007973320015,0.014000000000000012,1.3725083011379435,0.013000000000000012
2912,3B0018F763,417-2025-02-19,2025-02-19 15:09:23.544,0.1047650407338861,0.011304437331371871,0.06000000000000005,0.006408014548046555,0.03699999999999992,0.00524286347506534,0.02300000000000013,1.222235631067371,0.01399999999999979
2913,3B0018F763,418-2025-02-19,2025-02-19 15:10:19.543,0.1094391649153988,0.006721512109342529,0.04400000000000004,0.004012984212865964,0.026000000000000023,0.002932360436308893,0.018000000000000016,1.3685166950067387,0.008000000000000007
2914,3B00484043,422-2025-02-19,2025-02-19 15:12:30.544,0.0932078621326897,-0.0004899896928041645,0.03700000000000003,6.573071476433704e-05,0.007000000000000006,-0.000543959397459087,0.030000000000000027,-0.12083753874163165,-0.02300000000000002
2915,3B00191394,428-2025-02-19,2025-02-19 15:13:56.543,0.0979645594476272,0.010946274871093344,0.07299999999999995,0.007422485368445362,0.05499999999999994,0.003818246957895246,0.018000000000000016,1.9439510985787312,0.03699999999999992
2916,3B004CD4DE,433-2025-02-19,2025-02-19 15:15:24.541,0.1032610524604035,0.010427749634118128,0.04599999999999982,0.005885790802159814,0.0259999999999998,0.004927113491172566,0.020000000000000018,1.194571793952954,0.005999999999999783
2917,3B00199DE5,436-2025-02-19,2025-02-19 15:16:37.539,0.1024394130233541,0.026724657124820875,0.0730000000000004,0.018591894589232213,0.054999999999999716,0.008887317837293423,0.018000000000000682,2.091957880837337,0.036999999999999034
2918,3B004CDB63,437-2025-02-19,2025-02-19 15:16:50.539,0.0992448823056329,0.004209742719700877,0.08699999999999997,0.0020194253209245196,0.05400000000000005,0.0022816152921867,0.03299999999999992,0.8850858108463598,0.02100000000000013
2919,3B0018A99B,438-2025-02-19,2025-02-19 15:17:07.539,0.0883273548306758,0.0012584919681499116,0.020999999999999908,0.0007414466035954093,0.01200000000000001,0.0006145327734121284,0.008999999999999897,1.2065208491299908,0.0030000000000001137
2920,01103F97C4,439-2025-02-19,2025-02-19 15:17:17.540,0.1584999337599584,0.023084804486182997,0.07699999999999996,0.013127670306749911,0.05499999999999994,0.010727018356939757,0.02200000000000002,1.2237948952755424,0.03299999999999992
2921,3B0018A99B,441-2025-02-19,2025-02-19 15:17:39.539,0.0883273548306757,0.005241421887956701,0.041000000000000036,0.0032084796515262585,0.026000000000000023,0.0022475054166465605,0.015000000000000013,1.4275737125090184,0.01100000000000001
2922,3B004CDB63,443-2025-02-19,2025-02-19 15:18:24.538,0.0992399400024807,0.011675044776715913,0.04799999999999999,0.0069149100977671405,0.031000000000000028,0.0052169969724442464,0.01699999999999996,1.3254579472234953,0.014000000000000068
2923,3B004CDB63,446-2025-02-19,2025-02-19 15:19:32.537,0.0983364361044697,0.004176432203252223,0.08199999999999985,0.0026723130774701986,0.05400000000000005,0.0016034597210283258,0.027999999999999803,1.666591958890242,0.026000000000000245
2924,3B00191394,447-2025-02-19,2025-02-19 15:20:22.538,0.1038250510262535,6.78807857664386e-05,0.05899999999999994,4.664607534233671e-05,0.05499999999999994,2.915348474763009e-05,0.0040000000000000036,1.600017141900287,0.050999999999999934
2925,3B00199DE5,449-2025-02-19,2025-02-19 15:20:45.537,0.1051187452413308,0.002188683617297369,0.09199999999999964,0.0010181522111819463,0.054999999999999716,0.0012319860400173376,0.03699999999999992,0.8264316137605082,0.017999999999999794
2926,3B00199DE5,452-2025-02-19,2025-02-19 15:22:00.535,0.1039900718765323,0.01598836565409007,0.051000000000000156,0.006852299913191919,0.023000000000000576,0.009633902864640637,0.02799999999999958,0.7112693587914355,-0.004999999999999005
2927,3B00191394,454-2025-02-19,2025-02-19 15:22:46.535,0.0968499666146718,0.010269186216117453,0.05499999999999994,0.006477686398034477,0.038000000000000034,0.004170532388312567,0.016999999999999904,1.553203714755325,0.02100000000000013
2928,01103F88A1,455-2025-02-19,2025-02-19 15:23:02.536,0.1723161971451603,0.006449532018698566,0.08100000000000007,0.002635772757765837,0.05300000000000005,0.004106423395938888,0.028000000000000025,0.6418658047712581,0.025000000000000022
2929,3B001877B5,456-2025-02-19,2025-02-19 15:23:10.535,0.1712948837796337,0.02390044822907892,0.06700000000000017,0.016914337761886673,0.04900000000000038,0.0076230790556939855,0.017999999999999794,2.2188327889965502,0.031000000000000583
2930,3B00199DE5,467-2025-02-19,2025-02-19 15:31:59.529,0.1051984044051947,0.01519556357709699,0.053999999999999826,0.006107088220948905,0.02400000000000002,0.009548279797076243,0.029999999999999805,0.6396008863103219,-0.005999999999999783
2931,0700ED9568,468-2025-02-19,2025-02-19 15:34:10.528,0.162972708751989,0.022373459629949,0.06999999999999995,0.015864084726992758,0.05500000000000005,0.007206613045298456,0.014999999999999902,2.2013232328801635,0.04000000000000015
2932,3B001877B5,470-2025-02-19,2025-02-19 15:34:48.527,0.1695859135211773,0.022653257826595698,0.06700000000000017,0.015733774082172327,0.050000000000000266,0.007566657280729612,0.016999999999999904,2.0793559822303993,0.03300000000000036
2933,3B00484043,471-2025-02-19,2025-02-19 15:34:51.528,0.0932078621326897,0.0008659528857084183,0.061999999999999944,0.0007734425332646622,0.05499999999999994,0.00011302328958611163,0.007000000000000006,6.843213784495114,0.04799999999999993
2934,0700ED9568,472-2025-02-19,2025-02-19 15:35:57.528,0.162109329723828,0.024067026224136662,0.06499999999999995,0.01590812664883083,0.04599999999999982,0.00886921077129513,0.019000000000000128,1.7936349759909742,0.02699999999999969
2935,3B0018C2F6,473-2025-02-19,2025-02-19 15:36:06.527,0.1167907152915919,0.026248413245811508,0.07400000000000029,0.01605323026802231,0.05500000000000016,0.01109807689523401,0.019000000000000128,1.4464875689333399,0.03600000000000003
2936,01103F97C4,474-2025-02-19,2025-02-19 15:36:19.526,0.1674166622049918,0.025184716718006987,0.05899999999999994,0.014976780695925222,0.040000000000000036,0.011059139415918472,0.018999999999999906,1.3542446778786166,0.02100000000000013
2937,3B001877B5,476-2025-02-19,2025-02-19 15:37:08.527,0.1721127709483179,0.026210125551585563,0.05600000000000005,0.011936804552893268,0.028000000000000025,0.014981755330921855,0.028000000000000025,0.7967560735861232,0.0
2938,0700ED9568,477-2025-02-19,2025-02-19 15:37:42.526,0.1617329043603934,0.024086043130069634,0.07099999999999973,0.01675021892546065,0.054999999999999716,0.008096815478061077,0.016000000000000014,2.068741589930833,0.0389999999999997
2939,01103F97C4,478-2025-02-19,2025-02-19 15:37:50.526,0.169937018560775,0.012904493277376161,0.050000000000000266,0.007488506512056458,0.03000000000000025,0.00579318600856113,0.020000000000000018,1.2926404401636673,0.010000000000000231
2940,3B0018C2F6,479-2025-02-19,2025-02-19 15:37:55.526,0.1308287169186006,0.025074919080705367,0.06499999999999995,0.016527655063746084,0.04700000000000015,0.009336220406040497,0.017999999999999794,1.7702725883648545,0.02900000000000036
2941,3B00192E1E,481-2025-02-19,2025-02-19 16:02:18.515,0.1007525158752752,0.013083562600787326,0.05699999999999994,0.006016063621500398,0.030000000000000027,0.007451596504907505,0.026999999999999913,0.8073523059841354,0.0030000000000001137
2942,3B00484043,483-2025-02-19,2025-02-19 16:02:59.517,0.0932078621326897,-8.144843522958159e-05,0.04700000000000004,-0.00024886485837847714,0.040000000000000036,0.0002046160990635426,0.007000000000000006,-1.2162525799164674,0.03300000000000003
2943,3B00199DE5,485-2025-02-19,2025-02-19 16:03:18.516,0.1022486958611114,0.01586257416629996,0.052999999999999936,0.006237589007160702,0.022999999999999687,0.010084182223969366,0.03000000000000025,0.6185517941489006,-0.007000000000000561
2944,3B0018C2F6,486-2025-02-19,2025-02-19 16:04:23.514,0.1500125646148875,0.027305792413470163,0.052999999999999936,0.01863177746656284,0.03699999999999992,0.00954671215360074,0.016000000000000014,1.9516433686057537,0.020999999999999908
2945,3B00199DE5,487-2025-02-19,2025-02-19 16:04:29.515,0.1031257337631573,0.016383904217839435,0.05099999999999999,0.005787654432343011,0.01899999999999996,0.011090589231826348,0.03200000000000003,0.5218527448239039,-0.013000000000000067
2946,3B0018C2F6,488-2025-02-19,2025-02-19 16:08:43.514,0.1222968600155974,0.02536507476134082,0.08099999999999996,0.0153981665656753,0.05499999999999994,0.010627294470478712,0.026000000000000023,1.4489263103087497,0.028999999999999915
2947,3B004CDB63,491-2025-02-19,2025-02-19 16:14:33.510,0.1001657141423628,0.011025637369574856,0.07,0.006880558804632326,0.05400000000000005,0.0045569413896481325,0.01599999999999996,1.509907241787811,0.03800000000000009
2948,3B004CC5C5,494-2025-02-19,2025-02-19 16:26:28.508,0.0911423546047057,0.01283402169208982,0.05600000000000005,0.008980549612590535,0.040000000000000036,0.004272984588534366,0.016000000000000014,2.1017041897805826,0.02400000000000002
2949,3B001877B5,495-2025-02-19,2025-02-19 16:27:06.507,0.170424761705949,0.025955984129518793,0.05899999999999994,0.010732060387856098,0.028000000000000025,0.01589397363071618,0.030999999999999917,0.6752282743892103,-0.0029999999999998916
2950,3B004CC5C5,499-2025-02-19,2025-02-19 16:28:15.507,0.0907956262371814,0.013011930793440086,0.052999999999999936,0.008039014887800821,0.03600000000000003,0.005462802366445041,0.016999999999999904,1.4715917488027797,0.019000000000000128
2951,3B004CC5C5,500-2025-02-19,2025-02-19 16:29:37.507,0.0920346095570566,0.014013138081411556,0.06000000000000005,0.009159284624181857,0.04200000000000004,0.005284345555609191,0.018000000000000016,1.733286464292541,0.02400000000000002
2952,3B004CDB63,503-2025-02-19,2025-02-19 16:29:55.506,0.1564120531543485,0.023275398058002682,0.08899999999999997,0.015271678149621064,0.03700000000000003,0.008851026334472673,0.051999999999999935,1.7254132540699214,-0.014999999999999902
2953,3B004CC5C5,504-2025-02-19,2025-02-19 16:30:31.507,0.0920346095570566,0.011203466165432842,0.07399999999999984,0.006857954427880479,0.05499999999999994,0.0047268986834324836,0.018999999999999906,1.45083592587191,0.03600000000000003
2954,3B001877B5,505-2025-02-19,2025-02-19 16:31:39.506,0.1720534263134757,0.026456328376448412,0.06099999999999994,0.013417122453795755,0.03400000000000003,0.013691579392103977,0.026999999999999913,0.9799543259073162,0.007000000000000117
2955,3B004CA42C,506-2025-02-19,2025-02-19 16:31:51.507,0.1083517669085663,0.012975972081052455,0.08000000000000007,0.006442433217827169,0.05499999999999994,0.006893397985429944,0.025000000000000133,0.934580192735724,0.029999999999999805
2956,3B004CDB63,507-2025-02-19,2025-02-19 16:32:12.507,0.1001657141423628,0.012249974827908893,0.05499999999999999,0.0069804538916210055,0.03400000000000003,0.005706746918281667,0.020999999999999963,1.2231931767044013,0.013000000000000067
2957,3B004CC5C5,508-2025-02-19,2025-02-19 16:32:45.505,0.0934465895490382,0.01205376462813419,0.04600000000000004,0.00801947967416109,0.03200000000000003,0.004516768340770349,0.014000000000000012,1.7754905873240652,0.018000000000000016
2958,3B0018A99B,509-2025-02-19,2025-02-19 16:32:57.506,0.0803066425319711,0.006237648642508032,0.049000000000000155,0.004049787580556986,0.03300000000000014,0.002405926882218131,0.016000000000000014,1.6832546369087105,0.017000000000000126
2959,3B004CDB63,512-2025-02-19,2025-02-19 16:34:38.506,0.1001657141423628,0.012259895686238625,0.06300000000000006,0.007604429813548583,0.04400000000000004,0.005073679003735489,0.019000000000000017,1.4987999453552014,0.025000000000000022
2960,3B00199DE5,514-2025-02-19,2025-02-19 16:35:02.505,0.1045035881221839,0.015808511595033815,0.05600000000000005,0.006597834449259342,0.026000000000000023,0.009660452268569908,0.030000000000000027,0.6829736606354618,-0.0040000000000000036
2961,3B004CDB63,515-2025-02-19,2025-02-19 16:35:50.506,0.0989385358070212,0.012206539089016914,0.06699999999999995,0.007224648071218002,0.04699999999999993,0.005386718651660549,0.020000000000000018,1.3411964757043473,0.026999999999999913
2962,3B004CDB63,516-2025-02-19,2025-02-19 16:36:39.504,0.1001657141423628,0.011657195711463508,0.05400000000000005,0.00668338164245867,0.03299999999999992,0.005397537907531455,0.02100000000000013,1.2382278284943609,0.011999999999999789
2963,3B004CC5C5,520-2025-02-19,2025-02-19 16:37:56.505,0.0919833719743267,0.012806931868169585,0.05400000000000027,0.008737044474277986,0.039000000000000146,0.004501202905239365,0.015000000000000124,1.9410465731522863,0.02400000000000002
2964,3B00484043,521-2025-02-19,2025-02-19 16:38:49.505,0.0932078621326897,4.01244966139877e-06,0.04999999999999982,-0.00011128889262315652,0.04499999999999993,0.0001517119872143301,0.004999999999999893,-0.733553720220762,0.040000000000000036
2965,3B001877B5,523-2025-02-19,2025-02-19 16:39:31.505,0.1695891104699004,0.02892673627263899,0.06000000000000005,0.012212113699461997,0.028000000000000025,0.017450508203205917,0.03200000000000003,0.6998142149933748,-0.0040000000000000036
2966,3B004CC5C5,524-2025-02-19,2025-02-19 16:39:51.504,0.0941194927117473,0.012086363901879744,0.050000000000000044,0.008012867259880041,0.03500000000000014,0.00453026307039517,0.014999999999999902,1.768742153682719,0.02000000000000024
2967,3B001816CC,525-2025-02-19,2025-02-19 16:41:23.504,0.0890337103336595,0.012382855982380687,0.063,0.007615057841191469,0.04600000000000004,0.00523551861452167,0.01699999999999996,1.4544992391144804,0.02900000000000008
