,id,event2,datetime,bodyweight,impulse,duration,left_impulse,left_duration,right_impulse,right_duration,impulse_ratio,impulse_time_diff
0,3B00190DF0,1-2024-12-13,2024-12-13 09:07:05.426,0.1761565842871426,0.02434721968569721,0.05700000000000016,0.014996285247209154,0.040000000000000036,0.010265902264946144,0.017000000000000126,1.460785896863185,0.02299999999999991
1,3B00192E1E,2-2024-12-13,2024-12-13 09:20:17.427,0.0979150238198056,0.011977762267293185,0.061000000000000054,0.005972174105658034,0.03500000000000003,0.00634805103282937,0.026000000000000023,0.9407886097280151,0.009000000000000008
2,01103F97C4,4-2024-12-13,2024-12-13 09:22:10.425,0.1526942817919549,0.0193419222790847,0.07499999999999996,0.01143777997691172,0.05499999999999994,0.008531385208226466,0.020000000000000018,1.3406709107312065,0.03499999999999992
3,01103FD2E8,6-2024-12-13,2024-12-13 09:23:26.426,0.1381334567734518,0.02355562783737939,0.07200000000000001,0.016132696053303235,0.05499999999999999,0.008133004590172755,0.017000000000000015,1.9836083792202257,0.03799999999999998
4,3B00190DF0,7-2024-12-13,2024-12-13 09:23:31.425,0.1761565842871426,0.02474137054798436,0.051999999999999935,0.017237854846749088,0.03700000000000003,0.008296824231597107,0.014999999999999902,2.077644935649175,0.02200000000000013
5,01103FD2E8,13-2024-12-13,2024-12-13 09:25:03.424,0.1381334567734518,0.02255159916556204,0.06600000000000003,0.015417935681086434,0.049000000000000016,0.007837009780318569,0.017000000000000015,1.9673237769596998,0.032
6,3B001874E8,14-2024-12-13,2024-12-13 09:26:02.424,0.0986890848119866,0.01071806459583146,0.05600000000000005,0.00700181110542167,0.04100000000000015,0.0041214260182065995,0.014999999999999902,1.6988806967517625,0.026000000000000245
7,01103F97C4,15-2024-12-13,2024-12-13 09:26:08.426,0.1508958322133002,0.020592972253331374,0.06400000000000006,0.014624932125789587,0.04999999999999982,0.006677297720475045,0.014000000000000234,2.190247123614719,0.03599999999999959
8,3B00190DF0,16-2024-12-13,2024-12-13 09:27:37.425,0.1761565842871426,0.026364491602955238,0.05699999999999994,0.017838594003403596,0.04200000000000004,0.009443183609643796,0.014999999999999902,1.8890444939761666,0.027000000000000135
9,3B004C5268,19-2024-12-13,2024-12-13 09:29:01.425,0.088198340287581,0.009888486103229841,0.06299999999999994,0.006282728521444143,0.04599999999999982,0.003952352196424079,0.017000000000000126,1.5896175768770022,0.028999999999999693
10,3B00190DF0,20-2024-12-13,2024-12-13 09:29:19.425,0.1684911460387906,0.0252507031805548,0.06899999999999995,0.017650576222411472,0.05400000000000005,0.008430106699180756,0.014999999999999902,2.0937547829764442,0.039000000000000146
11,01103F9A64,21-2024-12-13,2024-12-13 09:29:38.424,0.1902323792443684,0.02669420427502149,0.06299999999999994,0.015610918950268482,0.04200000000000004,0.011976278345259671,0.020999999999999908,1.3034866508799403,0.02100000000000013
12,3B0018A99B,22-2024-12-13,2024-12-13 09:29:48.425,0.0923363193677862,0.029621439289338785,0.07800000000000029,0.016696327336293573,0.054999999999999716,0.013765253335227969,0.023000000000000576,1.2129328047718828,0.03199999999999914
13,3B00192E1E,23-2024-12-13,2024-12-13 09:29:58.424,0.1013994993325588,0.011871580146684475,0.052999999999999936,0.00561720879790652,0.026999999999999913,0.006621269369900353,0.026000000000000023,0.8483582956829705,0.0009999999999998899
14,3B0018A99B,26-2024-12-13,2024-12-13 09:30:34.425,0.0953464577083411,0.0042197067904877475,0.040000000000000036,0.0025881045069532076,0.02499999999999991,0.0018015122093029711,0.015000000000000124,1.4366289018682696,0.009999999999999787
15,3B00190DF0,28-2024-12-13,2024-12-13 09:31:18.425,0.1694606919829961,0.025102760984760452,0.06999999999999984,0.017418375907435318,0.05499999999999994,0.008562181491311108,0.014999999999999902,2.0343385532193476,0.040000000000000036
16,3B001874E8,30-2024-12-13,2024-12-13 09:32:30.424,0.1003348323605246,0.011063868067668192,0.052000000000000046,0.007830629048407076,0.038999999999999924,0.003656321833062269,0.013000000000000123,2.141668432356982,0.0259999999999998
17,01103F97C4,31-2024-12-13,2024-12-13 09:32:39.424,0.1544235389457985,0.022539433624576694,0.06300000000000017,0.015283984528526171,0.04700000000000015,0.008016647292924058,0.016000000000000014,1.9065307440950623,0.03100000000000014
18,3B001874E8,34-2024-12-13,2024-12-13 09:33:36.425,0.1006000470113841,0.014609402471245017,0.050999999999999934,0.0065305046112014995,0.02499999999999991,0.008523039133668335,0.026000000000000023,0.7662178371801932,-0.001000000000000112
19,01103F97C4,35-2024-12-13,2024-12-13 09:33:45.425,0.1540809659686908,0.022106546643250766,0.05799999999999983,0.014582041443954785,0.040999999999999925,0.008240279156712702,0.016999999999999904,1.7696052726655447,0.02400000000000002
20,3B0018C2F6,36-2024-12-13,2024-12-13 09:34:08.425,0.1542948495364501,0.02363248621457295,0.050000000000000044,0.014527691174465295,0.03300000000000014,0.009982144932571355,0.016999999999999904,1.4553676862637004,0.016000000000000236
21,3B004AB6A7,38-2024-12-13,2024-12-13 09:34:39.426,0.1007963494076371,0.012494724257732128,0.05900000000000016,0.007624372270870855,0.04200000000000026,0.005340271014754146,0.016999999999999904,1.4277126104286044,0.025000000000000355
22,01103F97C4,39-2024-12-13,2024-12-13 09:34:52.425,0.1573547771801255,0.020558058701970996,0.06300000000000017,0.012901233810287564,0.04400000000000004,0.008332012505502785,0.019000000000000128,1.5483934765780882,0.02499999999999991
23,3B0018C6F9,40-2024-12-13,2024-12-13 09:35:00.426,0.0986842036561584,0.0288793474835006,0.08299999999999996,0.012143145283924186,0.05499999999999999,0.01759005640090474,0.02799999999999997,0.6903414637885759,0.027000000000000024
24,3B001874E8,41-2024-12-13,2024-12-13 09:35:46.425,0.1089447303274795,0.01426765940687119,0.04800000000000004,0.006365292692456045,0.02299999999999991,0.008363032762569304,0.025000000000000133,0.7611225345122873,-0.002000000000000224
25,3B001874E8,43-2024-12-13,2024-12-13 09:36:56.424,0.1029209477642702,0.00972312245579601,0.05900000000000016,0.006376135094771654,0.04599999999999982,0.003758098158540615,0.013000000000000345,1.6966387853072211,0.032999999999999474
26,01103FA4B2,45-2024-12-13,2024-12-13 09:37:57.425,0.0955488964198489,0.012594010831145192,0.05399999999999938,0.008157495747367922,0.03699999999999992,0.004886749276181512,0.01699999999999946,1.6693092455404546,0.020000000000000462
27,3B0018A99B,46-2024-12-13,2024-12-13 10:10:22.413,0.108017163899494,0.024555474027666932,0.0950000000000002,0.010899518938336253,0.05500000000000016,0.014593619809757333,0.040000000000000036,0.7468687741919113,0.015000000000000124
28,3B0019B8CC,48-2024-12-13,2024-12-13 10:11:25.414,0.159959731469869,0.026222680494388993,0.05499999999999994,0.012081454275815457,0.027999999999999803,0.014893584548197617,0.027000000000000135,0.8111851271746078,0.0009999999999996678
29,3B00192E1E,49-2024-12-13,2024-12-13 10:12:44.416,0.0982758379283035,0.0038116063236196323,0.03500000000000014,0.0019673570713942615,0.018000000000000016,0.0020027154491582292,0.017000000000000126,0.9823447820413882,0.0009999999999998899
30,01103FA4B2,53-2024-12-13,2024-12-13 10:26:50.415,0.0964240240831839,0.013958433290017773,0.07899999999999974,0.006825145830969218,0.054999999999999716,0.007565597475490966,0.02400000000000002,0.902129125039963,0.030999999999999694
31,01103F97C4,56-2024-12-13,2024-12-13 10:31:49.416,0.1557661099369265,0.02034657614512734,0.06400000000000006,0.013415141227629207,0.04599999999999982,0.007591151321755428,0.018000000000000238,1.7672077210716175,0.02799999999999958
32,01103F97C4,58-2024-12-13,2024-12-13 10:32:43.415,0.1576934889796258,0.021547374402805682,0.05699999999999994,0.014019912427002911,0.040999999999999925,0.008273643304648253,0.016000000000000014,1.6945270554661596,0.02499999999999991
33,3B004AB6A7,59-2024-12-13,2024-12-13 10:36:00.416,0.1020798694285339,0.01333624909688614,0.052000000000000046,0.008161869173885606,0.03400000000000003,0.005646196787084165,0.018000000000000016,1.4455516663103405,0.016000000000000014
34,01103F97C4,60-2024-12-13,2024-12-13 10:37:03.416,0.1580684895313029,0.022594494291116606,0.052999999999999936,0.014241851380116745,0.03600000000000003,0.009135697130092822,0.016999999999999904,1.558923328708473,0.019000000000000128
35,3B004AB6A7,61-2024-12-13,2024-12-13 10:42:25.412,0.1033396105196004,0.012063128902902391,0.054999999999999716,0.0075205731913897955,0.03799999999999981,0.004997342791121644,0.016999999999999904,1.5049144126656593,0.020999999999999908
36,01103F97C4,62-2024-12-13,2024-12-13 10:42:54.413,0.1589131385604813,0.020383319162715085,0.06200000000000028,0.012942987636625134,0.04400000000000004,0.008109949484311253,0.018000000000000238,1.5959393657954866,0.0259999999999998
37,3B00190DF0,63-2024-12-13,2024-12-13 10:44:01.414,0.1717502257699087,0.02634009347966219,0.07599999999999996,0.008518421212008435,0.04299999999999993,0.018496293774048107,0.03300000000000003,0.4605474651338266,0.009999999999999898
38,01103F97C4,64-2024-12-13,2024-12-13 10:44:14.413,0.1627154329015636,0.021742994939647493,0.05800000000000005,0.014293229718002303,0.04200000000000004,0.008202696647360343,0.016000000000000014,1.7425037560790346,0.026000000000000023
39,3B00192E1E,65-2024-12-13,2024-12-13 10:47:35.409,0.1013994993325588,0.012644736352709598,0.05400000000000005,0.0055476681999592535,0.026000000000000023,0.0074718927805461155,0.028000000000000025,0.7424716016272624,-0.0020000000000000018
40,01103F97C4,66-2024-12-13,2024-12-13 10:47:51.410,0.1628602208139768,0.021793024471471845,0.04599999999999982,0.013552198604956418,0.028000000000000025,0.008984577988534451,0.017999999999999794,1.5083845476382836,0.010000000000000231
41,3B00190DF0,67-2024-12-13,2024-12-13 10:48:25.410,0.1753688654268071,0.02476342336583273,0.05499999999999994,0.016204523255573592,0.038999999999999924,0.009447725750956107,0.016000000000000014,1.7151771423862192,0.02299999999999991
42,3B0018A99B,68-2024-12-13,2024-12-13 10:50:02.408,0.0953464577083411,0.0022572213448886634,0.030999999999999917,0.001396775619976952,0.020000000000000018,0.0009826769127322865,0.010999999999999899,1.4213986325304862,0.009000000000000119
43,3B00190DF0,70-2024-12-13,2024-12-13 10:50:45.408,0.1748228113190651,0.02477106717747173,0.06999999999999984,0.016933438154172347,0.054999999999999716,0.008723942811344945,0.015000000000000124,1.9410303942102263,0.03999999999999959
44,3B00192E1E,71-2024-12-13,2024-12-13 10:50:53.409,0.1013994993325588,0.00825110931093267,0.05399999999999994,0.00400668463429384,0.028000000000000025,0.004474771598154811,0.025999999999999912,0.8953942221198532,0.002000000000000113
45,3B0019B8CC,73-2024-12-13,2024-12-13 10:51:30.407,0.1676409167014241,0.023717298917864997,0.058000000000000274,0.01445293095306252,0.037000000000000366,0.009985310106756035,0.020999999999999908,1.4474193388629668,0.01600000000000046
46,3B00192E1E,77-2024-12-13,2024-12-13 10:52:16.409,0.1013994993325588,0.0034893632207650288,0.03399999999999992,0.0020483764412252406,0.019999999999999907,0.0015987311164810517,0.014000000000000012,1.2812513749866192,0.005999999999999894
47,3B004CD4DE,79-2024-12-13,2024-12-13 10:52:44.409,0.1039052092457154,0.013379600994784129,0.061000000000000054,0.008533231853125225,0.04200000000000004,0.005261058735116303,0.019000000000000017,1.6219609555331427,0.02300000000000002
48,3B0019B8CC,80-2024-12-13,2024-12-13 10:52:55.407,0.1537967826851558,0.02192649378145207,0.06499999999999995,0.01486206999290673,0.04800000000000004,0.007737417516433208,0.016999999999999904,1.9208049664299156,0.03100000000000014
49,3B00190DF0,81-2024-12-13,2024-12-13 10:53:24.407,0.1761565842871426,0.026863450253603267,0.050000000000000044,0.016661777230519835,0.03400000000000003,0.011206458137445446,0.016000000000000014,1.4868013627647343,0.018000000000000016
50,3B00192E1E,83-2024-12-13,2024-12-13 10:55:42.406,0.1008491137419811,0.010955187541400145,0.05800000000000005,0.006819740422334864,0.040000000000000036,0.004501100566436629,0.018000000000000016,1.5151273164584778,0.02200000000000002
51,3B004CD4DE,85-2024-12-13,2024-12-13 10:56:28.405,0.1039052092457154,0.011233911180422983,0.05699999999999994,0.0062612031699036405,0.03399999999999981,0.005342264091386844,0.02300000000000013,1.17201303844158,0.010999999999999677
52,3B00190DF0,88-2024-12-13,2024-12-13 10:57:56.404,0.1761565842871426,0.02817546347025259,0.051000000000000156,0.01860787883603135,0.03500000000000014,0.010565036454831958,0.016000000000000014,1.7612697235437336,0.019000000000000128
53,01103F97C4,91-2024-12-13,2024-12-13 10:59:02.403,0.165457145742121,0.02217886609038565,0.053999999999999826,0.013764958686651549,0.03600000000000003,0.009183551444302156,0.017999999999999794,1.498870972753344,0.018000000000000238
54,3B004AB6A7,92-2024-12-13,2024-12-13 11:01:32.403,0.1066743219965796,0.015869997437128757,0.05300000000000038,0.007163830385446262,0.026000000000000245,0.009175401661926447,0.027000000000000135,0.7807647718761731,-0.0009999999999998899
55,01103FA4B2,96-2024-12-13,2024-12-13 11:08:56.403,0.1022732142130403,0.011431159128245202,0.05500000000000005,0.007043087456260614,0.03700000000000003,0.004791042074007608,0.018000000000000016,1.4700533511218399,0.019000000000000017
56,3B0019B8CC,97-2024-12-13,2024-12-13 11:32:52.406,0.1681614826453031,0.024316542722897596,0.05899999999999994,0.015167869726539438,0.040000000000000036,0.009914112163739117,0.018999999999999906,1.529927186220058,0.02100000000000013
57,01103F97C4,99-2024-12-13,2024-12-13 11:33:38.406,0.1607008122987119,0.022731553388084202,0.05500000000000016,0.014223564635026274,0.03699999999999992,0.009292014268316955,0.018000000000000238,1.5307299606205362,0.018999999999999684
58,3B00192E1E,100-2024-12-13,2024-12-13 11:33:48.406,0.1012831780449346,0.011652448037730868,0.04800000000000004,0.005365824331931889,0.02400000000000002,0.006655593077853957,0.02400000000000002,0.806212800146438,0.0
59,3B00190DF0,103-2024-12-13,2024-12-13 11:34:48.405,0.1761565842871426,0.023602273771154963,0.06900000000000017,0.01575429425926948,0.05400000000000005,0.008692322714643924,0.015000000000000124,1.8124378001668389,0.038999999999999924
60,01103F97C4,105-2024-12-13,2024-12-13 11:36:23.405,0.1644825224170163,0.019175704060647055,0.05799999999999983,0.013123354310470198,0.04300000000000015,0.0067328005572803475,0.01499999999999968,1.9491672445695103,0.02800000000000047
61,3B00192E1E,106-2024-12-13,2024-12-13 11:45:25.402,0.1019736733944462,0.00434501113573019,0.040000000000000036,0.0025353968772666813,0.02400000000000002,0.0019833951137460826,0.016000000000000014,1.2783115475554543,0.008000000000000007
62,3B0019B8CC,107-2024-12-13,2024-12-13 11:45:29.402,0.159959731469869,0.02039904363883534,0.05400000000000005,0.013774791507018994,0.038000000000000034,0.00731022990099805,0.016000000000000014,1.884317140988733,0.02200000000000002
63,01103F97C4,110-2024-12-13,2024-12-13 11:53:22.403,0.1614256895772706,0.023457492126959523,0.055000000000000604,0.014167185561252732,0.03500000000000014,0.010059225389884447,0.020000000000000462,1.4083773861453832,0.01499999999999968
64,3B004CD4DE,112-2024-12-13,2024-12-13 11:54:03.402,0.1039052092457154,0.01436466365213937,0.04700000000000015,0.0058215324733724315,0.020000000000000018,0.008997902979603532,0.027000000000000135,0.6469876910840998,-0.007000000000000117
65,3B0019B8CC,113-2024-12-13,2024-12-13 11:54:28.405,0.1712059321066786,0.020526097002735406,0.05800000000000005,0.01355596293904641,0.04100000000000015,0.0076408493742798735,0.016999999999999904,1.7741434590606646,0.024000000000000243
66,3B00190DF0,114-2024-12-13,2024-12-13 11:54:42.403,0.1813243017202291,0.027530434534184973,0.05700000000000016,0.018020699169506833,0.04100000000000015,0.010455471200836003,0.016000000000000014,1.7235664298004978,0.025000000000000133
67,3B0018A99B,115-2024-12-13,2024-12-13 11:55:42.403,0.0951192162962931,0.0029770493557459807,0.07700000000000001,0.002089479804201797,0.05499999999999999,0.0009456758077919142,0.02200000000000002,2.2095096300291153,0.032999999999999974
68,01103F97C4,117-2024-12-13,2024-12-13 11:56:25.402,0.1602086391404146,0.024437231762492677,0.07699999999999996,0.011875369568460331,0.053999999999999826,0.013374168350482695,0.02300000000000013,0.8879333097397215,0.030999999999999694
69,3B00190DF0,119-2024-12-13,2024-12-13 11:57:09.403,0.1809161986241253,0.024847508562602216,0.06500000000000017,0.01649206776757725,0.050000000000000044,0.009258817385006132,0.015000000000000124,1.7812283234233297,0.03499999999999992
70,3B00190DF0,120-2024-12-13,2024-12-13 11:58:16.403,0.1825564427889242,0.023000417280582074,0.06099999999999994,0.014270801347287221,0.04499999999999993,0.009636520212868408,0.016000000000000014,1.4809081527406844,0.028999999999999915
71,3B00190DF0,122-2024-12-13,2024-12-13 11:59:00.403,0.1761565842871426,0.026163803834817048,0.050000000000000044,0.016533239302870446,0.03400000000000003,0.010600519665611137,0.016000000000000014,1.559663094301451,0.018000000000000016
72,01103F97C4,123-2024-12-13,2024-12-13 11:59:43.403,0.1727216869190341,0.02240862196476526,0.052000000000000046,0.013423657241486904,0.03300000000000036,0.009763560610431847,0.018999999999999684,1.3748731407622377,0.014000000000000679
73,3B00190DF0,124-2024-12-13,2024-12-13 12:00:08.404,0.1761565842871426,0.02634662032843632,0.061000000000000054,0.017772142426584033,0.04600000000000004,0.009527048120768997,0.015000000000000013,1.865440606712241,0.031000000000000028
74,3B004AB6A7,127-2024-12-13,2024-12-13 12:21:14.405,0.1025863851846929,0.012383236812612154,0.05499999999999994,0.008198063589247233,0.038999999999999924,0.004616119556270888,0.016000000000000014,1.7759643114334764,0.02299999999999991
75,01103FA4B2,128-2024-12-13,2024-12-13 12:21:50.405,0.1022732142130403,0.011204272319187284,0.06299999999999994,0.007092868996207429,0.04600000000000004,0.004506179287423587,0.016999999999999904,1.5740316893300499,0.029000000000000137
76,3B004AB6A7,129-2024-12-13,2024-12-13 12:21:57.404,0.1025863851846929,0.014303027320440547,0.06299999999999994,0.009288508966177887,0.04499999999999993,0.005458930244295444,0.018000000000000016,1.7015254913514117,0.026999999999999913
77,3B0019B8CC,130-2024-12-13,2024-12-13 12:22:14.404,0.159959731469869,0.02811204648807997,0.05500000000000016,0.01608040688500064,0.03300000000000036,0.012844552921539997,0.021999999999999797,1.2519242190231625,0.011000000000000565
78,01103F97C4,131-2024-12-13,2024-12-13 12:22:21.404,0.1645190533512198,0.022698791817283778,0.07100000000000017,0.015020876800772133,0.05500000000000016,0.008446504534549386,0.016000000000000014,1.7783541983942692,0.039000000000000146
79,01103F97C4,132-2024-12-13,2024-12-13 12:23:10.406,0.1653905288623084,0.025310669809375973,0.05500000000000016,0.01667067001900937,0.038000000000000256,0.009454254477347126,0.016999999999999904,1.7632982123501268,0.02100000000000035
80,3B00192E1E,133-2024-12-13,2024-12-13 12:23:16.405,0.1013994993325588,0.011437985931309807,0.065,0.007644403051752946,0.04500000000000004,0.0041079972888503615,0.019999999999999962,1.8608588356425768,0.025000000000000078
81,01103F97C4,136-2024-12-13,2024-12-13 12:38:14.407,0.1637622585960942,0.023673873539085094,0.05699999999999994,0.015604624735247768,0.03999999999999959,0.008857273196115822,0.017000000000000348,1.7617865442031144,0.022999999999999243
82,3B00190DF0,137-2024-12-13,2024-12-13 12:56:21.408,0.1761565842871426,0.0265451566155864,0.05300000000000005,0.01656114948323868,0.03600000000000003,0.010933760876736243,0.017000000000000015,1.514680051077011,0.019000000000000017
83,3B00192E1E,139-2024-12-13,2024-12-13 12:58:27.408,0.1022993521235959,0.011554693813173146,0.061000000000000054,0.007440662811705618,0.041000000000000036,0.004433795591433322,0.020000000000000018,1.6781700144413423,0.02100000000000002
84,3B00199DE5,141-2024-12-13,2024-12-13 12:58:47.406,0.1009597415596893,0.016301645697916506,0.04800000000000004,0.006982730295964988,0.020999999999999908,0.0098315238342906,0.027000000000000135,0.7102388616106967,-0.006000000000000227
85,3B00192E1E,144-2024-12-13,2024-12-13 13:04:22.404,0.1000743471650401,0.01264083669478233,0.04699999999999993,0.00540810364741163,0.020999999999999908,0.00763523515517923,0.026000000000000023,0.7083087210147203,-0.0050000000000001155
86,3B0018A99B,145-2024-12-13,2024-12-13 13:04:56.406,0.0953464577083411,0.00508944053078871,0.040000000000000036,0.0032111836625761266,0.027000000000000024,0.002101327183213118,0.013000000000000012,1.5281692866438525,0.014000000000000012
87,01103F97C4,146-2024-12-13,2024-12-13 13:05:33.405,0.1631684261619115,0.02073706738155161,0.07000000000000028,0.013865386368160948,0.05500000000000016,0.007610766698528369,0.015000000000000124,1.8218120351582952,0.040000000000000036
88,3B0018A99B,147-2024-12-13,2024-12-13 13:05:44.404,0.0953464577083411,0.004228514119916717,0.03600000000000003,0.0026779218645394086,0.02300000000000002,0.0017406725766462474,0.013000000000000012,1.5384408880037386,0.010000000000000009
89,3B004AB6A7,148-2024-12-13,2024-12-13 13:32:18.408,0.1025863851846928,0.013073215957377819,0.04899999999999993,0.008052795156727667,0.03200000000000003,0.005510536088186629,0.016999999999999904,1.461345144620517,0.015000000000000124
90,3B004AB6A7,149-2024-12-13,2024-12-13 13:41:57.409,0.1025863851846928,0.013038398142746243,0.05900000000000016,0.007769396923128159,0.040000000000000036,0.005722123163695538,0.019000000000000128,1.3577821904326894,0.020999999999999908
91,3B00199DE5,150-2024-12-13,2024-12-13 13:42:45.409,0.1002564882618714,0.011943644965462233,0.05399999999999999,0.006953861732049252,0.031000000000000028,0.0053549972545831204,0.022999999999999965,1.2985742851871176,0.008000000000000063
92,3B0019B8CC,151-2024-12-13,2024-12-13 13:42:51.409,0.159959731469869,0.024850828354803782,0.05499999999999994,0.01535740039606161,0.03499999999999992,0.010225796042426268,0.020000000000000018,1.501829327745693,0.014999999999999902
93,3B00192E1E,152-2024-12-13,2024-12-13 13:45:32.408,0.1013994993325588,0.004271327371421467,0.03699999999999998,0.0023939306518929882,0.020999999999999963,0.00205712148984652,0.016000000000000014,1.1637283766218383,0.004999999999999949
94,01103F97C4,154-2024-12-13,2024-12-13 13:45:49.407,0.1612499157819422,0.02292367417238325,0.052999999999999936,0.014974662015685343,0.03699999999999992,0.008784149964395043,0.016000000000000014,1.7047366081387973,0.020999999999999908
95,01103F97C4,157-2024-12-13,2024-12-13 13:47:23.406,0.1650727734615411,0.02183416923469079,0.05400000000000005,0.014336470726345361,0.038000000000000034,0.008262366720639068,0.016000000000000014,1.7351530392052703,0.02200000000000002
96,3B00192E1E,159-2024-12-13,2024-12-13 13:47:39.405,0.1013994993325588,0.004032719426835547,0.040000000000000036,0.0023915807743132397,0.02499999999999991,0.0018004696010039116,0.015000000000000124,1.328309443813844,0.009999999999999787
97,01103FA4B2,160-2024-12-13,2024-12-13 13:48:14.409,0.1022732142130403,0.012629845155382713,0.06900000000000006,0.00816590892751155,0.051000000000000045,0.004884104006694401,0.018000000000000016,1.6719359203487354,0.03300000000000003
98,3B0018A99B,163-2024-12-13,2024-12-13 13:49:37.407,0.0968020704287522,0.002993851744205647,0.06399999999999995,0.0016834835621582108,0.041999999999999926,0.0014086802255452993,0.02200000000000002,1.195078578963182,0.019999999999999907
99,3B0019B8CC,164-2024-12-13,2024-12-13 13:49:44.406,0.159959731469869,0.02515192630950605,0.08099999999999996,0.011006408111310612,0.05400000000000005,0.014867599427295795,0.026999999999999913,0.74029490538356,0.027000000000000135
100,01103F97C4,165-2024-12-13,2024-12-13 14:04:30.404,0.1659271004532454,0.0216083197142495,0.05800000000000005,0.01457078998334605,0.04300000000000015,0.007798202127634299,0.014999999999999902,1.8684806760409423,0.028000000000000247
101,3B00192E1E,166-2024-12-13,2024-12-13 14:04:47.405,0.1013994993325588,0.013644315318311609,0.050000000000000044,0.005843756689210584,0.02200000000000002,0.008214165573144616,0.028000000000000025,0.7114242630214511,-0.006000000000000005
102,3B0019B8CC,167-2024-12-13,2024-12-13 14:05:37.404,0.159959731469869,0.023768823102659008,0.062,0.014563691154039155,0.041000000000000036,0.009935944269476893,0.020999999999999963,1.4657581362225076,0.020000000000000073
103,01103F97C4,168-2024-12-13,2024-12-13 14:06:21.404,0.1658440077120214,0.024407895900923692,0.054999999999999716,0.016080075285803044,0.0389999999999997,0.009162023967892386,0.016000000000000014,1.7550789369417108,0.022999999999999687
104,3B004AB6A7,169-2024-12-13,2024-12-13 14:06:26.404,0.1025863851846929,0.005285339615539629,0.06699999999999995,0.003870003870954213,0.05499999999999994,0.0015974686586571493,0.01200000000000001,2.422585163083815,0.04299999999999993
105,3B00199DE5,172-2024-12-13,2024-12-13 14:33:05.405,0.1002564882618714,0.01680249348510612,0.050999999999999934,0.0066016601983745656,0.020999999999999908,0.010711556264435528,0.030000000000000027,0.6163119564888414,-0.009000000000000119
106,01103F97C4,173-2024-12-13,2024-12-13 14:34:20.406,0.1630764032154719,0.022536053207853197,0.05799999999999983,0.014558660882788867,0.041999999999999815,0.008793992738908728,0.016000000000000014,1.6555234141113806,0.0259999999999998
107,3B00192E1E,174-2024-12-13,2024-12-13 14:34:30.406,0.1013994993325588,0.012488023540186173,0.04800000000000004,0.005693970303749289,0.02300000000000013,0.0072039009569449365,0.02499999999999991,0.7904009699439308,-0.0019999999999997797
108,01103FA4B2,176-2024-12-13,2024-12-13 14:35:22.405,0.0989233720789709,0.012279689252446956,0.06700000000000017,0.007746814107491238,0.04800000000000004,0.004915640281968806,0.019000000000000128,1.5759521981109028,0.028999999999999915
109,3B00192E1E,179-2024-12-13,2024-12-13 14:36:52.406,0.1013994993325588,0.0038243831584893855,0.033999999999999975,0.002217188439094663,0.020000000000000018,0.0017838712034686963,0.013999999999999957,1.2429083640026204,0.006000000000000061
110,01103F97C4,180-2024-12-13,2024-12-13 14:38:06.405,0.1598146914690822,0.023136672700467244,0.06999999999999984,0.01604059153431922,0.05499999999999994,0.007868374749733932,0.014999999999999902,2.0386156029060043,0.040000000000000036
111,3B0019B8CC,182-2024-12-13,2024-12-13 14:39:32.408,0.159959731469869,0.025369406386787446,0.05600000000000005,0.014870844983179393,0.03400000000000003,0.011275689392591014,0.02200000000000002,1.318841311197404,0.01200000000000001
112,01103FA4B2,183-2024-12-13,2024-12-13 14:40:24.404,0.1001079277544993,0.012985684793434048,0.052999999999999936,0.007901388824233167,0.03400000000000025,0.005528781044084358,0.018999999999999684,1.4291375913118196,0.015000000000000568
113,3B00199DE5,184-2024-12-13,2024-12-13 14:40:27.405,0.1002564882618714,0.003251168887701159,0.041999999999999815,0.0020380600548307974,0.029999999999999805,0.0013657262197441671,0.01200000000000001,1.4922903473381175,0.017999999999999794
114,01103F97C4,187-2024-12-13,2024-12-13 15:34:04.403,0.1598146914690822,0.02411750959860879,0.052000000000000046,0.015901383691276534,0.03500000000000014,0.009032424113442267,0.016999999999999904,1.7604779726421083,0.018000000000000238
115,3B0018A99B,188-2024-12-13,2024-12-13 15:34:44.404,0.0953464577083411,0.0051106805548888695,0.03699999999999992,0.0030976004936644043,0.02200000000000002,0.0022295776718829555,0.014999999999999902,1.3893216337461676,0.007000000000000117
116,3B0018A99B,189-2024-12-13,2024-12-13 15:36:38.405,0.0953464577083411,0.004707300781455113,0.03600000000000003,0.0029072689762946386,0.02200000000000002,0.002004394603373547,0.014000000000000012,1.4504474175900723,0.008000000000000007
117,3B0018A99B,190-2024-12-13,2024-12-13 15:42:59.402,0.0983172362843738,0.011557393703331954,0.050000000000000266,0.007183086913963213,0.03299999999999992,0.004789123251538721,0.017000000000000348,1.4998751413748486,0.01599999999999957
118,3B0018A99B,191-2024-12-13,2024-12-13 15:45:30.402,0.0953464577083411,0.005039389979795291,0.03700000000000003,0.0031009754943191374,0.02400000000000002,0.0021659986182271237,0.013000000000000012,1.431660882986756,0.01100000000000001
119,3B00199DE5,192-2024-12-13,2024-12-13 15:48:37.399,0.1015895208130954,0.013867525928891528,0.05599999999999983,0.008639445113237379,0.03699999999999992,0.00565021076382699,0.018999999999999906,1.5290482911801553,0.018000000000000016
120,3B0018A99B,194-2024-12-13,2024-12-13 15:50:39.400,0.0953464577083411,0.004527090281434568,0.03400000000000003,0.00265890921663401,0.020000000000000018,0.0020766306245891086,0.014000000000000012,1.2803958417786088,0.006000000000000005
121,3B00182A81,1-2024-12-16,2024-12-16 07:58:14.016,0.0989691687162382,0.010896554618506039,0.051999999999999935,0.006356616422952503,0.03199999999999992,0.004943800065147977,0.020000000000000018,1.285775383143905,0.0119999999999999
122,01103F9A64,2-2024-12-16,2024-12-16 08:00:44.014,0.1902323792443685,0.02495351046194521,0.04899999999999993,0.015505183662389179,0.030999999999999917,0.010322766793093137,0.018000000000000016,1.5020375809287436,0.0129999999999999
123,3B00190DF0,4-2024-12-16,2024-12-16 08:02:00.013,0.1761565842871426,0.024114727689982546,0.07199999999999995,0.013861638298705077,0.05499999999999994,0.011191764785767338,0.017000000000000015,1.2385569714914881,0.03799999999999992
124,3B00199DE5,6-2024-12-16,2024-12-16 08:02:37.014,0.1002564882618714,0.010010654189987275,0.07200000000000006,0.005516079983131816,0.040000000000000036,0.004753415913149432,0.03200000000000003,1.16044547414263,0.008000000000000007
125,3B00182A81,7-2024-12-16,2024-12-16 08:03:39.015,0.0989691687162381,0.011900096955834214,0.050999999999999934,0.007172554786172369,0.03199999999999992,0.005144815342626972,0.019000000000000017,1.3941325992295033,0.0129999999999999
126,3B00190DF0,8-2024-12-16,2024-12-16 08:03:54.013,0.1619807083748232,0.024755574390723126,0.06899999999999995,0.017983031172887676,0.05400000000000005,0.007517929843584554,0.014999999999999902,2.3920190194689757,0.039000000000000146
127,01103F9A64,9-2024-12-16,2024-12-16 08:04:09.013,0.1697686682446322,0.029788868592903445,0.04899999999999993,0.018314770864558908,0.030999999999999917,0.01249858768561321,0.018000000000000016,1.465347231642864,0.0129999999999999
128,3B00190DF0,11-2024-12-16,2024-12-16 08:05:16.015,0.1642268912110599,0.025126200841303677,0.06399999999999983,0.016400948940503465,0.04800000000000004,0.009606729801347285,0.015999999999999792,1.707235373498621,0.03200000000000025
129,01103F9A64,12-2024-12-16,2024-12-16 08:05:44.015,0.1692112791828869,0.027414475656297232,0.06699999999999973,0.018610900844979173,0.05099999999999971,0.009704211245865884,0.016000000000000014,1.91781695322303,0.0349999999999997
130,01103F9A64,13-2024-12-16,2024-12-16 08:08:18.013,0.1902323792443684,0.027650832701458527,0.05400000000000005,0.017684126311355873,0.03600000000000003,0.010859425302404213,0.018000000000000016,1.6284587645205046,0.018000000000000016
131,3B00192E1E,17-2024-12-16,2024-12-16 08:09:32.014,0.1013994993325588,0.008591397829755282,0.05600000000000005,0.004572437396848466,0.03400000000000003,0.004303230502550651,0.02200000000000002,1.0625592549918597,0.01200000000000001
132,3B0018A99B,18-2024-12-16,2024-12-16 08:09:39.013,0.088607092967871,0.005019749330712397,0.039000000000000146,0.0031375910406394193,0.02499999999999991,0.0020952614988854926,0.014000000000000234,1.4974699064094676,0.010999999999999677
133,3B0018A99B,21-2024-12-16,2024-12-16 08:11:15.015,0.0953464577083411,0.010057064830718132,0.05499999999999994,0.006085787189823294,0.038000000000000034,0.004334115836439244,0.016999999999999904,1.4041588687263056,0.02100000000000013
134,3B00182A81,22-2024-12-16,2024-12-16 08:11:20.013,0.0989691687162381,0.0042831099421540815,0.038999999999999924,0.0027786810543659044,0.026999999999999913,0.001703276604760454,0.01200000000000001,1.6313739333939208,0.014999999999999902
135,01103F9A64,24-2024-12-16,2024-12-16 08:12:27.013,0.1902323792443684,0.026086022109630104,0.052999999999999936,0.016345742105390165,0.03499999999999992,0.010638986131154719,0.018000000000000016,1.536400358444311,0.016999999999999904
136,3B00190DF0,25-2024-12-16,2024-12-16 08:13:12.013,0.1761565842871426,0.02320373586206389,0.04599999999999993,0.013955587974726406,0.029000000000000026,0.010162351787944987,0.016999999999999904,1.3732636171167698,0.012000000000000122
137,3B00192E1E,26-2024-12-16,2024-12-16 08:13:34.016,0.1013994993325588,0.01184625207404601,0.04500000000000015,0.004937200448665963,0.019000000000000128,0.007305810684083484,0.026000000000000023,0.6757909097510835,-0.006999999999999895
138,3B00182A81,27-2024-12-16,2024-12-16 08:14:13.014,0.0989691687162381,0.0038650926127867433,0.065,0.002042911730763448,0.04299999999999998,0.001945828806884294,0.02200000000000002,1.0498928392547573,0.020999999999999963
139,01103F9A64,28-2024-12-16,2024-12-16 08:14:33.013,0.1902323792443684,0.027963155478614086,0.07899999999999996,0.01256990357373325,0.05499999999999994,0.016364315040676317,0.02400000000000002,0.7681289160278689,0.030999999999999917
140,01103F9A64,29-2024-12-16,2024-12-16 08:14:41.013,0.1749705941054441,0.028783009479116446,0.06100000000000039,0.016890896004839256,0.039000000000000146,0.012787651406277536,0.02200000000000024,1.3208755437724407,0.016999999999999904
141,3B0019B8CC,32-2024-12-16,2024-12-16 08:17:42.013,0.159959731469869,0.025851392778322237,0.08200000000000002,0.011687900471628144,0.05499999999999999,0.014863101371159296,0.027000000000000024,0.7863702318755368,0.02799999999999997
142,3B0019B8CC,33-2024-12-16,2024-12-16 08:18:38.015,0.159959731469869,0.02216460578727585,0.07699999999999996,0.012463265096872816,0.05500000000000005,0.010435609017874452,0.02199999999999991,1.1943016526898744,0.03300000000000014
143,3B004CD4DE,34-2024-12-16,2024-12-16 08:18:57.013,0.1039052092457154,0.014106591061243423,0.04400000000000004,0.005986535413930463,0.018999999999999906,0.008607069527466985,0.025000000000000133,0.6955370111541632,-0.006000000000000227
144,01103F9A64,36-2024-12-16,2024-12-16 08:19:41.012,0.1902323792443684,0.026294412341108155,0.05300000000000016,0.015898096805901256,0.03500000000000014,0.011316449608265007,0.018000000000000016,1.4048661334814787,0.017000000000000126
145,01103F9A64,37-2024-12-16,2024-12-16 08:21:17.014,0.1902323792443684,0.02685686435075235,0.05400000000000005,0.015977294357078595,0.03400000000000003,0.011751525149051966,0.020000000000000018,1.359593257422211,0.014000000000000012
146,3B00182A81,39-2024-12-16,2024-12-16 08:26:03.014,0.0989691687162381,0.011908214772824386,0.05900000000000005,0.007037418133975577,0.039000000000000035,0.005271763028415001,0.020000000000000018,1.3349268728589714,0.019000000000000017
147,3B00190DF0,41-2024-12-16,2024-12-16 08:28:44.013,0.1761565842871426,0.024509859210486394,0.04699999999999993,0.015324380735176394,0.030999999999999917,0.010103443513503596,0.016000000000000014,1.516748296231363,0.014999999999999902
148,3B0019B8CC,42-2024-12-16,2024-12-16 08:39:07.016,0.1616516975355147,0.023979260502764912,0.052999999999999936,0.014317963407764091,0.03299999999999992,0.01045639818885445,0.020000000000000018,1.3693016609701907,0.0129999999999999
149,3B0019B8CC,43-2024-12-16,2024-12-16 08:39:54.017,0.159959731469869,0.025501071514815784,0.05700000000000016,0.01815699739641101,0.040000000000000036,0.008053295967331488,0.017000000000000126,2.2546045085224216,0.02299999999999991
150,3B00190DF0,44-2024-12-16,2024-12-16 08:39:58.016,0.1761565842871426,0.027930383276066117,0.049000000000000044,0.018920327526552767,0.03400000000000003,0.009975534924115386,0.015000000000000013,1.8966729774875297,0.019000000000000017
151,01103F9A64,47-2024-12-16,2024-12-16 08:40:20.016,0.1902323792443684,0.02573123675029073,0.05300000000000016,0.01624268178733257,0.03600000000000003,0.01039728211633037,0.017000000000000126,1.5622045843904908,0.018999999999999906
152,3B0018A99B,49-2024-12-16,2024-12-16 08:41:38.018,0.0860545364562341,0.03346320223818789,0.10999999999999999,0.014320636915304618,0.05499999999999994,0.020202064052889757,0.05500000000000005,0.7088699886215911,-1.1102230246251565e-16
153,3B00190DF0,50-2024-12-16,2024-12-16 08:41:54.018,0.1761565842871426,0.022767992505481456,0.06899999999999995,0.01585003523252902,0.05499999999999994,0.007731622401398086,0.014000000000000012,2.050027071894109,0.040999999999999925
154,01103F97C4,51-2024-12-16,2024-12-16 08:42:00.017,0.1519704670322665,0.023802548083405373,0.07399999999999984,0.013626399009103493,0.054999999999999716,0.011038147549732823,0.019000000000000128,1.2344824118095177,0.03599999999999959
155,3B00192E1E,52-2024-12-16,2024-12-16 08:42:07.017,0.0953374859681621,0.01057243735462851,0.06499999999999995,0.00507057559611197,0.040999999999999925,0.005839989385185153,0.02400000000000002,0.8682508240468677,0.016999999999999904
156,01103F9A64,53-2024-12-16,2024-12-16 08:42:29.017,0.174544533083384,0.0338608382076568,0.05600000000000005,0.01705017802418162,0.03100000000000014,0.017766832400116304,0.02499999999999991,0.9596633569904114,0.006000000000000227
157,3B0019B8CC,54-2024-12-16,2024-12-16 08:42:45.018,0.1642954955807564,0.02113550736557609,0.05899999999999994,0.014089692568450655,0.04299999999999993,0.0077436756576055145,0.016000000000000014,1.8195096478004407,0.026999999999999913
158,01103F9A64,57-2024-12-16,2024-12-16 08:43:48.017,0.1786741046557768,0.025961628423486878,0.06299999999999972,0.015085517512810717,0.04099999999999948,0.011705630451682774,0.02200000000000024,1.288740284009398,0.01899999999999924
159,3B001874E8,59-2024-12-16,2024-12-16 08:44:48.017,0.0981198867425568,0.014635125222835062,0.04899999999999993,0.006675046043674472,0.02400000000000002,0.008424276224491137,0.02499999999999991,0.7923584015762344,-0.0009999999999998899
160,3B001874E8,61-2024-12-16,2024-12-16 08:47:15.018,0.1089447303274795,0.011129486896677906,0.05699999999999994,0.006164801869273977,0.03300000000000014,0.005322592201655768,0.0239999999999998,1.1582329879332502,0.009000000000000341
161,3B001874E8,63-2024-12-16,2024-12-16 08:50:51.019,0.1089447303274795,0.0005131939487353644,0.014999999999999902,0.0002723107059378811,0.006999999999999895,0.0002896602652837351,0.008000000000000007,0.9401037649093523,-0.001000000000000112
162,3B004AB6A7,64-2024-12-16,2024-12-16 08:52:39.019,0.1011094141337203,0.014747363163371465,0.04999999999999982,0.005957477230347968,0.021999999999999797,0.00924660297139635,0.028000000000000025,0.6442882049523444,-0.006000000000000227
163,01103F97C4,66-2024-12-16,2024-12-16 08:54:16.017,0.1598146914690822,0.01962786252605669,0.06800000000000006,0.014568782032655145,0.05500000000000016,0.005725285658468846,0.0129999999999999,2.54463845155132,0.04200000000000026
164,01103F97C4,68-2024-12-16,2024-12-16 08:57:30.016,0.1509008312974237,0.024767491179565292,0.052000000000000046,0.015112340083980049,0.03300000000000036,0.010486769692716183,0.018999999999999684,1.4410862950939656,0.014000000000000679
165,3B0019B8CC,69-2024-12-16,2024-12-16 08:57:57.017,0.1610934171728263,0.021742798293619116,0.052000000000000046,0.014958205347399826,0.03699999999999992,0.007534420819897717,0.015000000000000124,1.9853158862452402,0.021999999999999797
166,3B004C5268,70-2024-12-16,2024-12-16 09:00:11.017,0.0926401262269936,0.010810943644607801,0.049000000000000044,0.006385314745143309,0.030000000000000027,0.0048028627803805915,0.019000000000000017,1.3294809860541799,0.01100000000000001
167,0700ED9568,74-2024-12-16,2024-12-16 09:09:12.013,0.1497747864482826,0.022994132775346836,0.06600000000000028,0.014960410058218212,0.04700000000000015,0.00871175324347702,0.019000000000000128,1.7172674248343651,0.028000000000000025
168,3B0019B8CC,75-2024-12-16,2024-12-16 09:09:40.013,0.1627321443364182,0.021032590900896545,0.06200000000000028,0.013535784630472846,0.04300000000000015,0.00812090508115459,0.019000000000000128,1.6667827656161198,0.02400000000000002
169,01103F97C4,76-2024-12-16,2024-12-16 09:10:22.013,0.1548086551531996,0.022961542550214945,0.04800000000000004,0.01315793676992353,0.02799999999999958,0.01060590643661472,0.020000000000000462,1.2406235005523383,0.007999999999999119
170,3B00192E1E,77-2024-12-16,2024-12-16 09:12:05.012,0.0973883942841084,0.004506250799459853,0.07,0.0030363390538275387,0.05499999999999999,0.0016149488530997535,0.015000000000000013,1.8801456454794532,0.03999999999999998
171,0700ED9568,78-2024-12-16,2024-12-16 09:13:18.012,0.1518238852140165,0.02595631530827172,0.049000000000000155,0.012779321835393652,0.025000000000000133,0.013983985580410935,0.02400000000000002,0.9138540483977041,0.001000000000000112
172,3B00192E1E,79-2024-12-16,2024-12-16 09:13:21.011,0.1013994993325588,0.003487338923444213,0.03200000000000003,0.0018618258660545977,0.017000000000000126,0.0017922902454273716,0.014999999999999902,1.0387970758668306,0.002000000000000224
173,3B0018A99B,85-2024-12-16,2024-12-16 09:15:19.012,0.0902088569231842,0.0023411783612705523,0.08300000000000002,0.0011906067068943038,0.038000000000000034,0.0012111259364431266,0.044999999999999984,0.9830577242783816,-0.006999999999999951
174,3B00192E1E,86-2024-12-16,2024-12-16 09:17:00.013,0.0979743709641678,0.004044200529092782,0.05499999999999994,0.0024439475441141033,0.03500000000000003,0.001738607684950782,0.019999999999999907,1.4056923624971143,0.015000000000000124
175,01103FA4B2,87-2024-12-16,2024-12-16 09:17:16.010,0.0972729372027527,0.011288855203012177,0.052999999999999936,0.006097953396310368,0.03100000000000014,0.005566167698905101,0.021999999999999797,1.0955389284282384,0.009000000000000341
176,0700ED9568,88-2024-12-16,2024-12-16 09:17:32.011,0.152770557804564,0.02163443622814256,0.07099999999999973,0.015601979387817507,0.054999999999999716,0.006666546164029146,0.016000000000000014,2.340339210729764,0.0389999999999997
177,01103F97C4,90-2024-12-16,2024-12-16 09:20:01.011,0.1504584808553746,0.021993481130477503,0.05899999999999972,0.014480391909216211,0.041999999999999815,0.008211065344756132,0.016999999999999904,1.7635216992230962,0.02499999999999991
178,01103F97C4,91-2024-12-16,2024-12-16 09:22:46.010,0.1557044918703433,0.022648950687721405,0.07100000000000017,0.015086953980796137,0.05500000000000016,0.008348620602637614,0.016000000000000014,1.807119367243692,0.039000000000000146
179,3B0019B8CC,93-2024-12-16,2024-12-16 09:24:29.011,0.159959731469869,0.0228999349134676,0.05099999999999971,0.01449619364886952,0.03399999999999981,0.009174416500243789,0.016999999999999904,1.5800670972899822,0.016999999999999904
180,01103F97C4,94-2024-12-16,2024-12-16 09:25:00.012,0.155418245772769,0.02477397710940757,0.06400000000000006,0.013877824187109937,0.040000000000000036,0.011682107055947308,0.02400000000000002,1.1879555734806249,0.016000000000000014
181,3B0019B8CC,95-2024-12-16,2024-12-16 09:25:36.011,0.159959731469869,0.024593644589342892,0.05400000000000005,0.014895569114161494,0.03400000000000003,0.01049144834250828,0.020000000000000018,1.4197819622109755,0.014000000000000012
182,3B001857EE,96-2024-12-16,2024-12-16 09:25:53.012,0.10256506244428,0.00488403879431798,0.04299999999999993,0.002898021227069817,0.026000000000000023,0.002161676925808008,0.016999999999999904,1.3406356854119508,0.009000000000000119
183,3B001857EE,98-2024-12-16,2024-12-16 09:28:12.012,0.10256506244428,0.0037627448419467638,0.04999999999999999,0.0026247395899253395,0.034999999999999976,0.0012536666721064296,0.015000000000000013,2.0936502886490653,0.019999999999999962
184,3B00190DF0,101-2024-12-16,2024-12-16 09:30:11.010,0.1761565842871426,0.02666344117173202,0.04999999999999993,0.01657933613717523,0.03299999999999992,0.011068202488592672,0.017000000000000015,1.4979249028252375,0.015999999999999903
185,3B00191394,102-2024-12-16,2024-12-16 09:30:54.012,0.0918836193868536,0.011638916466246822,0.049000000000000155,0.006969054589399992,0.03200000000000003,0.005116652881558098,0.017000000000000126,1.3620338824465672,0.014999999999999902
186,3B00190DF0,103-2024-12-16,2024-12-16 09:31:42.011,0.1781390449504681,0.02520883871227628,0.0519999999999996,0.01528067010969729,0.03399999999999981,0.010843321387215428,0.017999999999999794,1.4092241264483425,0.016000000000000014
187,3B001857EE,106-2024-12-16,2024-12-16 09:32:37.010,0.10256506244428,0.0023986496113745873,0.04100000000000015,0.0016113104809335347,0.028000000000000025,0.0008813582793180294,0.013000000000000123,1.8282127923962115,0.014999999999999902
188,3B00190DF0,107-2024-12-16,2024-12-16 09:33:04.011,0.1761565842871426,0.02545194667064611,0.04499999999999993,0.015911623241859196,0.028999999999999915,0.010510165548353026,0.016000000000000014,1.5139269851322745,0.0129999999999999
189,3B00192E1E,109-2024-12-16,2024-12-16 09:33:38.013,0.0975445231354124,0.003530868883566417,0.08099999999999996,0.0021082203959054977,0.05499999999999994,0.001512439938511664,0.026000000000000023,1.3939200772363358,0.028999999999999915
190,3B00190DF0,111-2024-12-16,2024-12-16 09:34:54.011,0.175230573386445,0.024823556882445932,0.051000000000000156,0.01596683944279054,0.03500000000000014,0.009777455012620227,0.016000000000000014,1.6330261220513294,0.019000000000000128
191,3B004CD4DE,118-2024-12-16,2024-12-16 09:50:49.015,0.1039052092457154,0.013316880860504116,0.04799999999999982,0.00640403266263688,0.02499999999999991,0.00738470039023129,0.02299999999999991,0.8672027738739858,0.0020000000000000018
192,01103FD2E8,119-2024-12-16,2024-12-16 09:51:01.016,0.1381334567734518,0.017413995339299555,0.07799999999999996,0.010277760759417828,0.05500000000000005,0.0075956862165662406,0.02299999999999991,1.3531049685809775,0.03200000000000014
193,3B0018A99B,124-2024-12-16,2024-12-16 10:01:37.010,0.0953464577083411,0.03341088905085743,0.08599999999999985,0.015851322120818717,0.054999999999999716,0.01834625833606884,0.03100000000000014,0.8640084441444355,0.023999999999999577
194,01103FD2E8,125-2024-12-16,2024-12-16 10:01:45.010,0.1381334567734518,0.007977249943848321,0.04799999999999999,0.005482722822557432,0.032999999999999974,0.0027456657632564797,0.015000000000000013,1.9968646205700882,0.01799999999999996
195,01103F97C4,126-2024-12-16,2024-12-16 10:01:58.009,0.1598146914690822,0.023157137942279832,0.04699999999999993,0.013909809816135602,0.028999999999999915,0.010079618197843507,0.018000000000000016,1.3799937203089248,0.010999999999999899
196,01103FD2E8,127-2024-12-16,2024-12-16 10:02:57.010,0.1381334567734518,0.02049862070608679,0.07300000000000001,0.01195114473361511,0.04999999999999999,0.009152868406416072,0.02300000000000002,1.3057267080598989,0.02699999999999997
197,01103FA4B2,128-2024-12-16,2024-12-16 10:03:26.010,0.0981189559932949,0.012757224729452142,0.06899999999999995,0.00928102872706202,0.05400000000000005,0.0038576022352579164,0.014999999999999902,2.405906094266222,0.039000000000000146
198,3B00190DF0,129-2024-12-16,2024-12-16 10:03:30.009,0.1761565842871426,0.02599629126601863,0.04899999999999993,0.015929727709898832,0.03200000000000003,0.0110379521537896,0.016999999999999904,1.443177818489616,0.015000000000000124
199,0700ED9568,132-2024-12-16,2024-12-16 10:03:52.009,0.1578993376626478,0.023001829571815388,0.050999999999999934,0.015414729954814157,0.03400000000000003,0.008307826290187895,0.016999999999999904,1.8554468300595062,0.017000000000000126
200,3B001857EE,135-2024-12-16,2024-12-16 10:04:27.009,0.10256506244428,0.005397151890650914,0.04300000000000004,0.0034035469795808877,0.027000000000000024,0.0021861397988846873,0.016000000000000014,1.556875265395786,0.01100000000000001
201,3B0019B8CC,137-2024-12-16,2024-12-16 10:05:09.009,0.159959731469869,0.02481478723929836,0.05700000000000005,0.013746714735046031,0.03300000000000003,0.011843659134239704,0.02400000000000002,1.1606813890231478,0.009000000000000008
202,3B001874E8,139-2024-12-16,2024-12-16 10:13:52.011,0.1089447303274795,0.011238555565482014,0.05400000000000005,0.007705925169005517,0.038999999999999924,0.003912036276542521,0.015000000000000124,1.9697990060092323,0.0239999999999998
203,3B00199DE5,140-2024-12-16,2024-12-16 10:15:09.010,0.1002564882618713,0.014308583715306664,0.05400000000000005,0.007675423904059235,0.029000000000000026,0.0070793688657145954,0.025000000000000022,1.0841960702501796,0.0040000000000000036
204,3B001874E8,141-2024-12-16,2024-12-16 10:15:18.008,0.0998402951568695,0.0037770649248291895,0.07899999999999974,0.0015680067610865506,0.04800000000000004,0.0023036147946027584,0.030999999999999694,0.6806722915481804,0.017000000000000348
205,3B001857EE,142-2024-12-16,2024-12-16 10:16:06.008,0.0980422482403464,0.004057551254844542,0.04700000000000015,0.0026982082481821885,0.03100000000000014,0.0014920065777890065,0.016000000000000014,1.8084425955954184,0.015000000000000124
206,3B0019B8CC,144-2024-12-16,2024-12-16 10:16:58.008,0.159959731469869,0.025877226470814287,0.07300000000000006,0.01391934971771714,0.04500000000000004,0.012664764393783544,0.028000000000000025,1.099061086722577,0.017000000000000015
207,3B00190DF0,146-2024-12-16,2024-12-16 10:19:28.006,0.172769285870328,0.02700843416676984,0.05400000000000027,0.017618137772818388,0.038000000000000256,0.010358966706136993,0.016000000000000014,1.7007620810655586,0.02200000000000024
208,3B001877B5,147-2024-12-16,2024-12-16 10:20:19.006,0.1717600361561726,0.0231830988399467,0.06300000000000017,0.014310070307768818,0.04100000000000015,0.009516836538872786,0.02200000000000002,1.5036583059210307,0.019000000000000128
209,3B001857EE,150-2024-12-16,2024-12-16 10:21:42.006,0.0998425696166619,0.004014639648909175,0.04800000000000004,0.002375802684034843,0.028999999999999915,0.0017613104688117543,0.019000000000000128,1.348883530816488,0.009999999999999787
210,01103FD2E8,151-2024-12-16,2024-12-16 10:21:47.007,0.1381334567734518,0.011683321093640798,0.06999999999999995,0.007541048704006273,0.05400000000000005,0.004536171934088714,0.015999999999999903,1.6624256782103695,0.038000000000000145
211,3B001877B5,152-2024-12-16,2024-12-16 10:21:59.007,0.1717600361561727,0.01958396421386658,0.07200000000000006,0.013975608875004035,0.05499999999999994,0.006125751136025009,0.017000000000000126,2.281452276573022,0.03799999999999981
212,3B001874E8,153-2024-12-16,2024-12-16 10:22:03.007,0.1089447303274795,0.013276155267346055,0.053999999999999826,0.007446174973249218,0.03299999999999992,0.006234683250294284,0.020999999999999908,1.1943148792519251,0.01200000000000001
213,3B00190DF0,154-2024-12-16,2024-12-16 10:22:30.007,0.1761565842871426,0.025031197941736107,0.05599999999999983,0.015408839117041627,0.038000000000000034,0.010557711921886027,0.017999999999999794,1.4594866038255188,0.02000000000000024
214,3B00186448,155-2024-12-16,2024-12-16 10:22:40.006,0.1724647642951641,0.02535652575869888,0.07499999999999973,0.01561353630513442,0.054999999999999716,0.01047981520943458,0.020000000000000018,1.489867520858397,0.0349999999999997
215,01103F9A64,156-2024-12-16,2024-12-16 10:23:04.008,0.1831098475799763,0.02679365115891793,0.050000000000000044,0.014509857462782506,0.028000000000000025,0.013268236995367694,0.02200000000000002,1.0935784059214722,0.006000000000000005
216,3B00191394,158-2024-12-16,2024-12-16 10:23:25.007,0.0927476290104631,0.003714953140854325,0.040999999999999925,0.0024930557598315845,0.028000000000000025,0.0013716736305212104,0.0129999999999999,1.8175283860230438,0.015000000000000124
217,01103FD2E8,160-2024-12-16,2024-12-16 10:24:38.007,0.1381334567734518,0.010524662460595769,0.05699999999999994,0.006086240985383032,0.03400000000000003,0.004717868867060242,0.02299999999999991,1.2900403035524466,0.01100000000000012
218,01103F9A64,164-2024-12-16,2024-12-16 10:26:15.007,0.1902323792443684,0.029214699252806925,0.05300000000000016,0.01850551409881712,0.03500000000000014,0.011677155847532858,0.018000000000000016,1.5847621064959025,0.017000000000000126
219,3B0019B8CC,166-2024-12-16,2024-12-16 10:26:52.006,0.1637393489498949,0.024040649125030823,0.05499999999999994,0.013601511119816993,0.03299999999999992,0.01113495324599013,0.02200000000000002,1.2215148837481746,0.010999999999999899
220,3B00190DF0,168-2024-12-16,2024-12-16 10:27:31.006,0.1761565842871426,0.027401719280673177,0.061000000000000165,0.016952523181058544,0.04300000000000015,0.011409489354168153,0.018000000000000016,1.4858266356035812,0.025000000000000133
221,01103FD2E8,169-2024-12-16,2024-12-16 10:27:51.007,0.1381334567734518,-0.0006666565100204202,0.05899999999999994,-0.000746826716763326,0.05400000000000005,0.00010395551607292763,0.004999999999999893,-7.184098977868636,0.049000000000000155
222,0700ED9568,171-2024-12-16,2024-12-16 10:29:08.006,0.1578993376626477,0.023035249015511853,0.06800000000000006,0.016270290706007867,0.05300000000000016,0.007499987395837039,0.014999999999999902,2.169375739889762,0.038000000000000256
223,3B00186448,172-2024-12-16,2024-12-16 10:31:25.010,0.1700328082132505,0.023709259382085235,0.06899999999999995,0.016974113733136554,0.05400000000000005,0.007472570923990725,0.014999999999999902,2.2715225998914352,0.039000000000000146
224,3B00192E1E,174-2024-12-16,2024-12-16 10:32:08.007,0.0997170119431986,0.0040810864211239285,0.06899999999999995,0.0031210690610212585,0.05400000000000005,0.0010583747928889907,0.014999999999999902,2.948926110099276,0.039000000000000146
225,3B0018A99B,175-2024-12-16,2024-12-16 10:33:31.008,0.0915397198854178,0.015185188495595765,0.049000000000000155,0.0068519056193440476,0.02300000000000013,0.008826994093732256,0.026000000000000023,0.7762445002891017,-0.0029999999999998916
226,3B00186448,176-2024-12-16,2024-12-16 10:33:40.007,0.1674190821650436,0.028578412606062663,0.06000000000000005,0.01451559697550676,0.03400000000000003,0.014822406793793121,0.026000000000000023,0.9793009446741917,0.008000000000000007
227,01103FA4B2,179-2024-12-16,2024-12-16 10:34:11.006,0.0978537770288816,0.01239104819557429,0.05499999999999994,0.00856998165971543,0.039999999999999813,0.004233357662759678,0.015000000000000124,2.0243934820590512,0.02499999999999969
228,3B00186448,180-2024-12-16,2024-12-16 10:34:55.007,0.1704883203736327,0.025062072492007852,0.06599999999999984,0.01673800880574499,0.04600000000000026,0.009015937090277322,0.019999999999999574,1.8564913040259627,0.02600000000000069
229,01103FD2E8,181-2024-12-16,2024-12-16 10:35:31.007,0.1381334567734518,0.008886136665900782,0.04300000000000015,0.005607070189901803,0.027000000000000135,0.0036004751423671156,0.016000000000000014,1.5573139566839116,0.01100000000000012
230,3B001874E8,182-2024-12-16,2024-12-16 10:37:49.008,0.0998592960304281,0.0039481081244966704,0.05499999999999994,0.003244108112320435,0.04499999999999993,0.0008111280800465063,0.010000000000000009,3.999501671960898,0.03499999999999992
231,01103F97C4,183-2024-12-16,2024-12-16 10:38:28.008,0.1598078137187801,0.022257994724407357,0.05600000000000005,0.0140789647133694,0.03799999999999937,0.00894100624078854,0.018000000000000682,1.574651033028216,0.019999999999998685
232,01103F9A64,184-2024-12-16,2024-12-16 10:38:36.008,0.1803633892531345,0.030965785577916318,0.054999999999999716,0.017800623587471056,0.03399999999999981,0.014205845691169762,0.020999999999999908,1.2530492006213878,0.0129999999999999
233,3B001874E8,185-2024-12-16,2024-12-16 10:38:46.007,0.1012058335951697,0.004040595510943215,0.062000000000000055,0.0023982654499456074,0.038999999999999924,0.0017459423825170726,0.02300000000000013,1.373622333680966,0.015999999999999792
234,0700ED9568,186-2024-12-16,2024-12-16 10:38:51.008,0.1578993376626478,0.023416756675892842,0.06199999999999983,0.016114153473870848,0.04499999999999993,0.008033114686653296,0.016999999999999904,2.0059658180461284,0.028000000000000025
235,3B0018A99B,187-2024-12-16,2024-12-16 10:38:54.009,0.0953464577083411,0.0013148580768951301,0.08399999999999999,0.0007698319708477888,0.033,0.0005950577573540407,0.05099999999999999,1.2937096631945308,-0.017999999999999988
236,3B0019B8CC,188-2024-12-16,2024-12-16 10:39:12.008,0.1677715391047152,0.023907285372266728,0.05400000000000027,0.014620958805591484,0.03500000000000014,0.010104089332414228,0.019000000000000128,1.4470338023127922,0.016000000000000014
237,01103F97C4,189-2024-12-16,2024-12-16 10:39:33.008,0.1572069635341459,0.02418949114756512,0.07099999999999995,0.015282003169806706,0.05400000000000005,0.009785706117508343,0.016999999999999904,1.5616658610321972,0.037000000000000144
238,3B004AB6A7,190-2024-12-16,2024-12-16 10:39:45.007,0.1025863851846928,0.03422765657048348,0.10899999999999999,0.01619317096695156,0.05400000000000005,0.019482137168598933,0.05499999999999994,0.8311804206497176,-0.0009999999999998899
239,3B001874E8,191-2024-12-16,2024-12-16 10:40:23.008,0.1008856862246987,0.01172460748623033,0.06100000000000039,0.008091526908002373,0.04600000000000026,0.0040472880687518215,0.015000000000000124,1.9992465993402317,0.03100000000000014
240,3B001877B5,192-2024-12-16,2024-12-16 10:40:26.008,0.1717600361561726,0.022795612080038878,0.05700000000000016,0.014653917304642355,0.039000000000000146,0.008837083364332357,0.018000000000000016,1.6582300630757332,0.02100000000000013
241,3B0019B8CC,193-2024-12-16,2024-12-16 10:40:30.008,0.159959731469869,0.02919343778073495,0.08000000000000007,0.012145992327317058,0.049000000000000155,0.017794960679540124,0.030999999999999917,0.6825523554700514,0.018000000000000238
242,01103F97C4,195-2024-12-16,2024-12-16 10:41:01.008,0.1582160065149987,0.029184324632056707,0.053999999999998494,0.017104703283977927,0.032999999999999474,0.013012022365244404,0.02099999999999902,1.3145307319533377,0.012000000000000455
243,3B001877B5,196-2024-12-16,2024-12-16 10:43:57.008,0.1717600361561726,0.021711381073561693,0.06299999999999994,0.014913501001609021,0.04600000000000004,0.007446597383217459,0.016999999999999904,2.0027269146066455,0.029000000000000137
244,3B0019B8CC,197-2024-12-16,2024-12-16 10:44:05.008,0.1665180288442222,0.025026016561961156,0.05300000000000016,0.015896708158697623,0.03500000000000014,0.009930978845635938,0.018000000000000016,1.6007191643231886,0.017000000000000126
245,3B00190DF0,198-2024-12-16,2024-12-16 10:44:33.008,0.178457956568449,0.03246132742994789,0.07100000000000017,0.018434985739210374,0.04800000000000004,0.014953258520270612,0.02300000000000013,1.2328407025278094,0.02499999999999991
246,3B00190DF0,199-2024-12-16,2024-12-16 10:45:13.009,0.1783474242351777,0.026171337008031717,0.051000000000000156,0.016403695228802567,0.03400000000000025,0.010728877217167062,0.016999999999999904,1.5289293461719686,0.017000000000000348
247,01103FD2E8,200-2024-12-16,2024-12-16 10:48:30.009,0.1619875753376576,0.007737212248386162,0.031000000000000583,0.004385872886878471,0.017000000000000348,0.00373008750904735,0.014000000000000234,1.1758096495700194,0.0030000000000001137
248,01103FD2E8,201-2024-12-16,2024-12-16 10:49:28.011,0.1588853281862527,0.008668984446618054,0.051999999999999824,0.005792982460782353,0.03599999999999981,0.003148683836999279,0.016000000000000014,1.839810778303836,0.019999999999999796
249,01103F97C4,207-2024-12-16,2024-12-16 11:02:21.007,0.1598146914690822,0.025564365879881368,0.062000000000000055,0.016995470086578812,0.04400000000000004,0.009344333508743015,0.018000000000000016,1.818799604131961,0.026000000000000023
250,01103FA4B2,211-2024-12-16,2024-12-16 11:10:17.005,0.0985457948035919,0.01160249535899087,0.07299999999999995,0.007316191506699841,0.05500000000000016,0.0046680034014407,0.017999999999999794,1.5673063786632682,0.037000000000000366
251,3B001877B5,214-2024-12-16,2024-12-16 11:17:01.006,0.1647362289569308,0.025171617744943958,0.06299999999999994,0.016766790664905943,0.04499999999999993,0.009164555520843344,0.018000000000000016,1.829525788432675,0.026999999999999913
252,3B00191394,215-2024-12-16,2024-12-16 11:17:05.004,0.0976954599171286,0.011993563048864913,0.04599999999999993,0.007381586681124633,0.029999999999999916,0.005076920368576933,0.016000000000000014,1.4539496673637409,0.013999999999999901
253,3B001877B5,219-2024-12-16,2024-12-16 11:19:56.003,0.1717600361561726,0.023883818488851336,0.06800000000000006,0.016289507326378096,0.051000000000000045,0.008306079363590055,0.017000000000000015,1.9611547895609611,0.03400000000000003
254,3B0018A99B,220-2024-12-16,2024-12-16 11:20:46.005,0.0953464577083411,0.005170571710573695,0.03899999999999998,0.0031446298011104583,0.023999999999999966,0.0022296166116543606,0.015000000000000013,1.410390371453666,0.008999999999999952
255,01103F8EAC,221-2024-12-16,2024-12-16 11:21:04.005,0.1706482011238342,0.022358758161478483,0.07100000000000001,0.01613047614790508,0.05499999999999999,0.006837029468438904,0.016000000000000014,2.3592813549168663,0.03899999999999998
256,01103F8EAC,223-2024-12-16,2024-12-16 11:23:11.003,0.1706482011238342,0.021767015084963537,0.07499999999999996,0.013369673795932136,0.05499999999999994,0.009029819989609817,0.020000000000000018,1.4806135461521914,0.03499999999999992
257,01103F8EAC,226-2024-12-16,2024-12-16 11:25:37.007,0.170290935126311,0.02345677284229069,0.06399999999999995,0.01377872402981897,0.04300000000000004,0.010360899711914359,0.020999999999999908,1.3298771740811597,0.02200000000000013
258,3B001874E8,227-2024-12-16,2024-12-16 11:26:18.005,0.1089447303274795,0.011672272738237887,0.05400000000000005,0.006459893741427602,0.030999999999999917,0.005604007510882379,0.02300000000000013,1.152727530946949,0.007999999999999785
259,01103F97C4,229-2024-12-16,2024-12-16 11:26:35.005,0.1598146914690822,0.024481873149864795,0.04600000000000004,0.014719798446614456,0.028000000000000025,0.010664598737828967,0.018000000000000016,1.3802486908767673,0.010000000000000009
260,01103F9A64,230-2024-12-16,2024-12-16 11:26:47.005,0.1902323792443684,0.0351816965942496,0.050999999999999934,0.013903867790493183,0.02200000000000002,0.022275735856052643,0.028999999999999915,0.6241709760046064,-0.006999999999999895
261,01103F9A64,231-2024-12-16,2024-12-16 11:27:49.003,0.1902323792443684,0.026650876619403387,0.050000000000000044,0.016303795499409742,0.03200000000000003,0.011332784308300132,0.018000000000000016,1.4386398837105583,0.014000000000000012
262,01103FA4B2,232-2024-12-16,2024-12-16 11:27:57.003,0.0997348037255293,0.01308072186777186,0.052999999999999936,0.008597747538769015,0.03699999999999992,0.0049325801851948705,0.016000000000000014,1.7430527666990872,0.020999999999999908
263,01103F8EAC,233-2024-12-16,2024-12-16 11:28:01.004,0.1706482011238342,0.02096015514907008,0.06600000000000006,0.015594700199167933,0.050999999999999934,0.005951620442532462,0.015000000000000124,2.6202444107024174,0.03599999999999981
264,01103F97C4,234-2024-12-16,2024-12-16 11:28:14.004,0.1598146914690822,0.024950938272524235,0.06300000000000017,0.015489699378683781,0.04500000000000015,0.010309821901625315,0.018000000000000016,1.5024216253669593,0.027000000000000135
265,3B001874E8,235-2024-12-16,2024-12-16 11:28:24.005,0.1028414617046453,0.012526222050124871,0.052999999999999936,0.00851078405610077,0.03600000000000003,0.004411937253467959,0.016999999999999904,1.9290356066172416,0.019000000000000128
266,3B004AB6A7,236-2024-12-16,2024-12-16 11:28:29.004,0.1025863851846928,-0.0007261429674443594,0.04899999999999993,5.383001940056341e-05,0.018999999999999906,-0.0007703066115126905,0.030000000000000027,-0.06988128960084432,-0.01100000000000012
267,01103F97C4,241-2024-12-16,2024-12-16 11:30:26.005,0.1583337935458524,0.02249357323034478,0.07299999999999995,0.014158485334080624,0.054999999999999716,0.00911496907275534,0.018000000000000238,1.5533223668745475,0.03699999999999948
268,3B001877B5,243-2024-12-16,2024-12-16 11:30:43.003,0.1717600361561726,0.02341921543591809,0.06499999999999995,0.01512342773459452,0.04499999999999993,0.008955617660165815,0.020000000000000018,1.6887085077183284,0.02499999999999991
269,01103F8EAC,244-2024-12-16,2024-12-16 11:30:47.004,0.1706482011238342,0.0286551751875089,0.05800000000000005,0.011405945786196149,0.02499999999999991,0.01800537782582801,0.03300000000000014,0.6334743928469396,-0.00800000000000023
270,3B00192E1E,245-2024-12-16,2024-12-16 11:31:07.006,0.1013994993325588,0.004368342553066376,0.038000000000000034,0.0027227777879121587,0.02400000000000002,0.0018278227645936295,0.014000000000000012,1.4896289950286838,0.010000000000000009
271,3B00192E1E,246-2024-12-16,2024-12-16 11:31:52.004,0.1013994993325588,0.01313576223279022,0.04899999999999993,0.005171009484528526,0.020000000000000018,0.008382833141206539,0.028999999999999915,0.6168570216565546,-0.008999999999999897
272,3B004AB6A7,247-2024-12-16,2024-12-16 11:32:50.004,0.1025863851846928,0.016231318479248153,0.051000000000000156,0.006521358721206229,0.02200000000000024,0.010197236061442393,0.028999999999999915,0.6395221883569681,-0.006999999999999673
273,3B004AB6A7,250-2024-12-16,2024-12-16 11:35:42.004,0.1025863851846928,0.0154672972178995,0.04899999999999993,0.006026790233357936,0.020000000000000018,0.009929736302411668,0.028999999999999915,0.6069436337291444,-0.008999999999999897
274,01103F9A64,251-2024-12-16,2024-12-16 11:36:32.004,0.1759680014914267,0.0306920942402663,0.06499999999999995,0.017691314684510226,0.04300000000000015,0.013968782018081138,0.021999999999999797,1.2664894234594437,0.02100000000000035
275,3B0019F652,252-2024-12-16,2024-12-16 11:37:10.004,0.0868322299576478,0.011860812667083836,0.07400000000000007,0.007492269345065513,0.05400000000000005,0.004736241328446893,0.020000000000000018,1.5819019398494998,0.03400000000000003
276,01103F9A64,253-2024-12-16,2024-12-16 11:38:04.005,0.1902323792443685,0.034242476927413786,0.052000000000000046,0.01613162233687853,0.0259999999999998,0.01906000277207156,0.026000000000000245,0.8463599155670661,-4.440892098500626e-16
277,3B0019F652,254-2024-12-16,2024-12-16 11:38:14.004,0.0881893569011782,0.004118249436840396,0.03600000000000003,0.0025373986879431145,0.02299999999999991,0.0017840320786041254,0.013000000000000123,1.4222831071111923,0.009999999999999787
278,01103F8EAC,255-2024-12-16,2024-12-16 11:46:09.008,0.1706482011238341,0.020540163144498223,0.07000000000000006,0.015076724333111968,0.05499999999999994,0.006030027426769969,0.015000000000000124,2.500274586841794,0.039999999999999813
279,3B001877B5,257-2024-12-16,2024-12-16 11:46:35.007,0.1717600361561726,0.02071059199127203,0.06600000000000006,0.013842067733479952,0.04800000000000004,0.007501811461643578,0.018000000000000016,1.845163372107366,0.030000000000000027
280,3B001857EE,258-2024-12-16,2024-12-16 11:47:41.008,0.10256506244428,-0.00045450444231179716,0.03299999999999992,-0.0005242176959254145,0.028000000000000025,9.58603658891319e-05,0.004999999999999893,-5.468555132907617,0.02300000000000013
281,01103F97C4,259-2024-12-16,2024-12-16 11:47:50.007,0.156757679565686,0.022268907797947917,0.04999999999999982,0.013644439680524225,0.03299999999999992,0.009488417206419826,0.016999999999999904,1.4380100899539334,0.016000000000000014
282,3B001857EE,260-2024-12-16,2024-12-16 11:48:42.008,0.100541913252721,0.005367036342670152,0.06800000000000006,0.003666709363023017,0.052000000000000046,0.0018568008921492447,0.016000000000000014,1.9747455844761068,0.03600000000000003
283,01103F97C4,261-2024-12-16,2024-12-16 11:50:31.009,0.1602017355836988,0.020854924379901277,0.07600000000000007,0.01207842355757309,0.05500000000000016,0.009545437846181734,0.020999999999999908,1.265360872094995,0.03400000000000025
284,3B001877B5,263-2024-12-16,2024-12-16 11:51:07.009,0.1695848545995095,0.02281767868362175,0.06999999999999984,0.015167926112503704,0.05500000000000016,0.008479705684529777,0.01499999999999968,1.7887326137009445,0.04000000000000048
285,3B004CD4DE,264-2024-12-16,2024-12-16 11:51:42.008,0.1039052092457154,0.01405714912882027,0.04799999999999993,0.006089910581699687,0.02200000000000002,0.008411885583619522,0.025999999999999912,0.7239649804032736,-0.0039999999999998925
286,01103F97C4,265-2024-12-16,2024-12-16 11:52:07.008,0.160101941964729,0.022995647390333156,0.0600000000000005,0.013460276316632777,0.040000000000000036,0.010363735060722268,0.020000000000000462,1.2987862230911473,0.019999999999999574
287,01103F97C4,266-2024-12-16,2024-12-16 11:52:40.008,0.1598146914690822,0.024546049967905492,0.04899999999999993,0.015165867738877554,0.03200000000000003,0.010285226949791103,0.016999999999999904,1.4745292265218881,0.015000000000000124
288,3B00190DF0,267-2024-12-16,2024-12-16 11:52:47.007,0.1812787045226959,0.02717330288210646,0.052999999999999936,0.017525479211556463,0.03699999999999992,0.010631847225831978,0.016000000000000014,1.6483945676885923,0.020999999999999908
289,01103FD2E8,269-2024-12-16,2024-12-16 11:56:03.009,0.1381334567734518,0.011083045799145439,0.052000000000000046,0.007340101248311058,0.03600000000000003,0.004100179577479255,0.016000000000000014,1.790190187919445,0.020000000000000018
290,01103FD2E8,272-2024-12-16,2024-12-16 11:57:18.006,0.1381334567734518,9.677358113410395e-05,0.01100000000000001,6.0533506135395623e-05,0.006000000000000005,4.8178562248548024e-05,0.0050000000000000044,1.2564406929187668,0.0010000000000000009
291,3B001874E8,277-2024-12-16,2024-12-16 11:59:19.005,0.1089447303274795,0.014641008917458669,0.04400000000000004,0.006790606654476613,0.02100000000000013,0.008347239478291841,0.02299999999999991,0.8135152552094056,-0.0019999999999997797
292,01103FD2E8,278-2024-12-16,2024-12-16 11:59:41.005,0.1006360394138767,0.010306847831591649,0.050999999999999934,0.006526249428661851,0.03299999999999992,0.004108683514728721,0.018000000000000016,1.588404024127605,0.014999999999999902
293,01103FD2E8,280-2024-12-16,2024-12-16 12:01:51.003,0.1601284499498625,0.01988292554976353,0.05700000000000016,0.013197449529093241,0.04100000000000015,0.007377814601049178,0.016000000000000014,1.7888020020476618,0.025000000000000133
294,3B00182A81,281-2024-12-16,2024-12-16 12:02:30.003,0.0984210384885466,0.004596825398164166,0.07300000000000018,0.0021498410864687592,0.04600000000000004,0.002580458472827708,0.027000000000000135,0.8331236906567726,0.018999999999999906
295,3B001874E8,282-2024-12-16,2024-12-16 12:06:38.003,0.1015818028062053,0.004427980843298608,0.06800000000000006,0.0027303554512277356,0.04699999999999993,0.0018134699511598194,0.02100000000000013,1.5055972940061757,0.0259999999999998
296,3B00191394,283-2024-12-16,2024-12-16 12:07:41.001,0.0934732357962849,0.0011746104701518645,0.03200000000000003,0.0005762333551206479,0.016000000000000014,0.0006523933621419298,0.016000000000000014,0.8832606040453351,0.0
297,01103FD2E8,284-2024-12-16,2024-12-16 12:07:45.002,0.1381334567734518,0.009584436681524386,0.04399999999999982,0.005909376321255478,0.027999999999999803,0.004030009004401645,0.016000000000000014,1.4663432053876693,0.011999999999999789
298,01103FD2E8,286-2024-12-16,2024-12-16 12:08:44.001,0.1596557863173721,0.010194681830347494,0.07499999999999973,0.004905012974274893,0.054999999999999716,0.005685053157187411,0.020000000000000018,0.8627910485012191,0.0349999999999997
299,3B00190DF0,287-2024-12-16,2024-12-16 12:08:47.002,0.1761565842871426,0.02917761634382982,0.050000000000000044,0.01756957539596427,0.03200000000000003,0.012652668375909617,0.018000000000000016,1.3886063298249662,0.014000000000000012
300,3B001874E8,291-2024-12-16,2024-12-16 12:09:13.001,0.1089447303274795,0.003318396085962112,0.06800000000000003,0.0023919413065723837,0.05400000000000002,0.0010240318059525336,0.014000000000000012,2.3358076308454585,0.04000000000000001
301,0700ED9568,295-2024-12-16,2024-12-16 12:10:20.000,0.1624693489655581,0.024971221076616857,0.07299999999999995,0.016512637007563766,0.053999999999999826,0.009232868551709373,0.019000000000000128,1.7884622655552285,0.0349999999999997
302,3B0019F652,296-2024-12-16,2024-12-16 12:10:49.002,0.0881893569011782,0.00017402916904570132,0.010000000000000009,0.0001095186270373568,0.004999999999999893,8.88005570942254e-05,0.0050000000000001155,1.2333101347680473,-2.220446049250313e-16
303,3B001874E8,297-2024-12-16,2024-12-16 12:10:57.001,0.102552689074741,0.012478257174468458,0.07400000000000029,0.00801526653830204,0.05500000000000016,0.004814390446355755,0.019000000000000128,1.6648559412893449,0.03600000000000003
304,3B00199DE5,298-2024-12-16,2024-12-16 12:11:14.001,0.0994727290074676,0.015864483024803352,0.050999999999999934,0.006468952686485669,0.02200000000000002,0.009884651653515557,0.028999999999999915,0.654444173982088,-0.006999999999999895
305,3B00190DF0,300-2024-12-16,2024-12-16 12:11:30.001,0.1746520099207244,0.025270246498066504,0.06099999999999994,0.01596676166472162,0.04499999999999993,0.010265614014687896,0.016000000000000014,1.5553635312877148,0.028999999999999915
306,3B00190DF0,305-2024-12-16,2024-12-16 12:13:09.001,0.1743299915543354,0.02399663814063065,0.0600000000000005,0.015506779124469593,0.04499999999999993,0.009419340683639463,0.015000000000000568,1.6462701207318529,0.02999999999999936
307,3B00191394,306-2024-12-16,2024-12-16 12:13:15.001,0.0976954599171286,0.009220206265367863,0.09300000000000003,0.0037039718872989573,0.03799999999999998,0.005717858901037884,0.05500000000000005,0.6477900122066017,-0.01700000000000007
308,3B0019F652,311-2024-12-16,2024-12-16 12:14:40.001,0.0881893569011782,0.001331845685707322,0.04999999999999999,0.0010096560163780025,0.03899999999999998,0.0003652165666501696,0.01100000000000001,2.764540572840779,0.02799999999999997
309,01103FD2E8,313-2024-12-16,2024-12-16 12:15:06.000,0.1598515948069733,0.008524332033176912,0.051999999999999824,0.0055765079537870715,0.03699999999999992,0.0032393503957441816,0.014999999999999902,1.7214895804768198,0.02200000000000002
310,3B00190DF0,314-2024-12-16,2024-12-16 12:15:57.001,0.1778120980533745,0.025879774100532996,0.051000000000000156,0.01673656493557343,0.03600000000000003,0.010133227064351989,0.015000000000000124,1.6516520185806889,0.020999999999999908
311,01103F9A64,315-2024-12-16,2024-12-16 12:16:22.000,0.1803151422746624,0.030389878003252154,0.04899999999999993,0.017862226013225346,0.03000000000000025,0.01359972446649343,0.018999999999999684,1.313425581322161,0.011000000000000565
312,3B0019B8CC,316-2024-12-16,2024-12-16 12:16:25.001,0.159959731469869,0.02440372732168367,0.05499999999999999,0.014102402373226726,0.03300000000000003,0.011078552005877401,0.021999999999999964,1.2729463530744007,0.011000000000000065
313,3B00192E1E,317-2024-12-16,2024-12-16 12:17:10.999,0.1003263658510173,0.012759941270769674,0.056999999999999995,0.00605698269970026,0.029000000000000026,0.007109397423877532,0.02799999999999997,0.8519685057072988,0.0010000000000000564
314,3B00182A81,318-2024-12-16,2024-12-16 12:17:24.000,0.1002029249662351,0.003402025319530694,0.07100000000000001,0.0026697197372901747,0.05499999999999999,0.0008036895286315948,0.016000000000000014,3.3218296894271893,0.03899999999999998
315,01103F97C4,321-2024-12-16,2024-12-16 12:18:20.001,0.1598146914690822,0.02305190234780695,0.05699999999999994,0.013692851845461158,0.040000000000000036,0.010268379017708561,0.016999999999999904,1.333496925059627,0.02300000000000013
316,3B001874E8,322-2024-12-16,2024-12-16 12:19:21.999,0.1089447303274795,0.0037859734417191484,0.06400000000000006,0.003348753642041979,0.054999999999999716,0.0005092144996421033,0.009000000000000341,6.576312427072716,0.045999999999999375
317,3B00190DF0,328-2024-12-16,2024-12-16 12:20:44.000,0.1840595565559392,0.025676849518522678,0.053999999999999826,0.015948445084883585,0.03799999999999981,0.010718575194352533,0.016000000000000014,1.4879258479510034,0.021999999999999797
318,3B00192E1E,329-2024-12-16,2024-12-16 12:20:56.000,0.1013994993325588,0.005107852315482111,0.0690000000000004,0.0038322798629745304,0.05500000000000016,0.0014242227266206729,0.014000000000000234,2.690786905266973,0.040999999999999925
319,01103FD2E8,332-2024-12-16,2024-12-16 12:21:10.999,0.1381334567734518,0.008654052098196783,0.0479999999999996,0.005663221076413376,0.03299999999999992,0.003317574691574878,0.01499999999999968,1.7070364959062918,0.018000000000000238
320,01103F9A64,333-2024-12-16,2024-12-16 12:21:16.000,0.1902323792443684,0.027045148522957696,0.052999999999999936,0.01559123818762983,0.03300000000000036,0.012450291173915454,0.019999999999999574,1.2522790005341369,0.013000000000000789
321,3B00190DF0,341-2024-12-16,2024-12-16 12:23:06.000,0.1862423681834628,0.02440040078786033,0.054999999999999716,0.01586062261535649,0.040000000000000036,0.009497437988279137,0.01499999999999968,1.6699895945548904,0.025000000000000355
322,01103F8EAC,343-2024-12-16,2024-12-16 12:40:46.003,0.1774371351258731,0.02210311054914611,0.06799999999999962,0.015232416589618476,0.051000000000000156,0.007500068669210168,0.01699999999999946,2.030970283265767,0.034000000000000696
323,01103F8EAC,344-2024-12-16,2024-12-16 12:43:24.004,0.1706482011238342,0.0066853148044441445,0.09600000000000009,0.002674985649026022,0.05499999999999994,0.004184703000296878,0.04100000000000015,0.6392295101554994,0.01399999999999979
324,01103F8EAC,345-2024-12-16,2024-12-16 12:45:55.004,0.179801062398084,0.020434670216357313,0.07200000000000006,0.01447971383059465,0.05500000000000016,0.006513768375583549,0.016999999999999904,2.222939625067257,0.038000000000000256
325,3B0019B8CC,346-2024-12-16,2024-12-16 12:46:07.004,0.1723828966542137,0.020966861788590644,0.05699999999999994,0.012921023342466672,0.038999999999999924,0.008752960894784733,0.018000000000000016,1.4761888574374176,0.020999999999999908
326,3B00485E69,347-2024-12-16,2024-12-16 12:48:31.007,0.104664762822003,0.010960528372488716,0.05699999999999994,0.007098411784542453,0.038000000000000034,0.004176192746560669,0.018999999999999906,1.6997327985851223,0.019000000000000128
327,3B004CD4DE,348-2024-12-16,2024-12-16 12:48:36.006,0.1039052092457154,0.011577022539475849,0.05399999999999999,0.008211432326723422,0.040000000000000036,0.0037858671355879394,0.013999999999999957,2.1689700226228883,0.02600000000000008
328,3B004CD4DE,349-2024-12-16,2024-12-16 12:49:02.005,0.0977452549335183,0.014660619948636383,0.053999999999999826,0.0065782541312099175,0.02699999999999969,0.008519552967821578,0.027000000000000135,0.7721360681782293,-4.440892098500626e-16
329,01103F8EAC,350-2024-12-16,2024-12-16 12:49:23.005,0.1706482011238341,0.022198556497105146,0.07299999999999995,0.014857445376980248,0.05499999999999994,0.007967545606453779,0.018000000000000016,1.864745570448394,0.03699999999999992
330,01103F8EAC,355-2024-12-16,2024-12-16 12:51:15.005,0.1770721252755626,0.004182185511569248,0.040000000000000036,0.003013540236272983,0.03000000000000025,0.0013490034786538603,0.009999999999999787,2.233901012086437,0.020000000000000462
331,3B0018C6F9,357-2024-12-16,2024-12-16 12:51:34.006,0.1002952870208639,0.012268500287080663,0.04500000000000015,0.007013118137945599,0.026000000000000023,0.005737833474899732,0.019000000000000128,1.2222589185664983,0.006999999999999895
332,3B004CD4DE,358-2024-12-16,2024-12-16 12:51:47.007,0.1039052092457154,0.014351849392519494,0.04799999999999993,0.00641753410742287,0.02300000000000002,0.008400271810763322,0.02499999999999991,0.7639674348632437,-0.0019999999999998908
333,3B0019B8CC,359-2024-12-16,2024-12-16 12:52:27.006,0.1699815237441917,0.005636485436546918,0.1030000000000002,0.0018317802227425122,0.05500000000000016,0.003912252156006793,0.04800000000000004,0.4682162983615547,0.007000000000000117
334,3B0019B8CC,362-2024-12-16,2024-12-16 12:54:02.004,0.159959731469869,0.0055489499922509004,0.10999999999999988,0.0022255826786698662,0.05499999999999994,0.0034436834862522276,0.05499999999999994,0.6462796849811465,0.0
335,3B004C5268,363-2024-12-16,2024-12-16 12:54:08.004,0.0926401262269936,0.004193795263532629,0.06399999999999995,0.0023195200771159463,0.03700000000000003,0.00200546029186026,0.026999999999999913,1.156602345371977,0.01000000000000012
336,01103F97C4,364-2024-12-16,2024-12-16 12:54:51.005,0.1598146914690822,0.025204180336732246,0.052000000000000046,0.015296446376906542,0.03300000000000014,0.010730444953536053,0.018999999999999906,1.4255183678907775,0.014000000000000234
337,3B0019B8CC,366-2024-12-16,2024-12-16 12:55:48.004,0.159959731469869,0.029423265057935723,0.06499999999999995,0.012439978648775043,0.03400000000000025,0.017736221919888405,0.030999999999999694,0.7013883060870787,0.0030000000000005578
338,01103F8EAC,369-2024-12-16,2024-12-16 12:57:37.003,0.1769743037833674,0.0033309507068084634,0.03799999999999981,0.002383572288416079,0.027000000000000135,0.0010872447097490714,0.010999999999999677,2.1923052529418063,0.01600000000000046
339,3B00485E69,370-2024-12-16,2024-12-16 12:57:52.002,0.1025105486472505,0.003570661269664633,0.09099999999999997,0.001282453367100956,0.03600000000000003,0.002368505506926892,0.05499999999999994,0.5414610028772634,-0.018999999999999906
340,3B0019B8CC,371-2024-12-16,2024-12-16 12:58:05.003,0.1735007787482456,0.023515026576274786,0.051000000000000156,0.013846300316996138,0.03000000000000025,0.010462322928783118,0.020999999999999908,1.3234441730816098,0.009000000000000341
341,3B00192E1E,374-2024-12-16,2024-12-16 12:59:44.001,0.1008290774080974,0.010289105603563465,0.052999999999999714,0.006054866237915636,0.03499999999999992,0.00460641888847071,0.017999999999999794,1.3144410841728285,0.017000000000000126
342,3B001877B5,378-2024-12-16,2024-12-16 13:00:25.002,0.1726887737396217,0.02474753578036882,0.06400000000000006,0.01618207132367158,0.04400000000000004,0.009288425711511459,0.020000000000000018,1.7421758892485508,0.02400000000000002
343,3B0018A99B,379-2024-12-16,2024-12-16 13:00:36.002,0.0942151254413261,0.012883086198700265,0.06299999999999972,0.008531414005662276,0.04499999999999993,0.004743648070951471,0.017999999999999794,1.7984921895673138,0.027000000000000135
344,01103F97C4,383-2024-12-16,2024-12-16 13:01:04.001,0.1094454546086556,0.02933119537592914,0.07400000000000029,0.018740666571781448,0.05500000000000016,0.011562391591537075,0.019000000000000128,1.620829602891015,0.03600000000000003
345,3B0018A99B,385-2024-12-16,2024-12-16 13:01:31.000,0.0956923442310994,0.003853024900303696,0.08899999999999997,0.0016397563314452454,0.05400000000000005,0.002292192852415774,0.03499999999999992,0.7153657815995209,0.019000000000000128
346,3B00190DF0,386-2024-12-16,2024-12-16 13:01:47.002,0.1842213203484408,0.025009135977118888,0.06899999999999973,0.016350456067986983,0.05400000000000005,0.009585150136949144,0.01499999999999968,1.7058111593848406,0.03900000000000037
347,3B001877B5,387-2024-12-16,2024-12-16 13:01:53.001,0.1717600361561726,0.024050460041916973,0.061000000000000165,0.015572840501650477,0.04200000000000004,0.009213198111083705,0.019000000000000128,1.690275224074034,0.02299999999999991
348,3B0018A99B,390-2024-12-16,2024-12-16 13:03:35.001,0.0953464577083411,5.843647623089848e-05,0.01200000000000001,3.2208791561585484e-05,0.006000000000000005,3.2844260802243895e-05,0.006000000000000005,0.9806520461981292,0.0
349,3B00186448,394-2024-12-16,2024-12-16 13:04:33.001,0.1760187298655975,0.014590626701639868,0.05999999999999961,0.01086721314042576,0.04499999999999993,0.004125053682071919,0.01499999999999968,2.6344416286401904,0.03000000000000025
350,3B00190DF0,395-2024-12-16,2024-12-16 13:04:51.000,0.1891625132482612,0.007573144335367328,0.10299999999999976,0.0034461541022970596,0.054999999999999716,0.004496904846052004,0.04800000000000004,0.7663391199666062,0.006999999999999673
351,3B00186448,397-2024-12-16,2024-12-16 13:05:45.001,0.1732109759918063,0.02389918349612976,0.06199999999999939,0.014865773572897334,0.03999999999999915,0.009708309820551968,0.02200000000000024,1.5312421881538323,0.017999999999998906
352,01103F8EAC,398-2024-12-16,2024-12-16 13:05:52.999,0.1780494533372378,0.006825371912242527,0.09400000000000003,0.0031159308340791237,0.05499999999999999,0.0039030072476496187,0.039000000000000035,0.7983410320223027,0.01599999999999996
353,3B001874E8,399-2024-12-16,2024-12-16 13:06:27.000,0.1033329274049257,0.0038201390800918196,0.07899999999999974,0.0020626266414474144,0.051000000000000156,0.0018365045991756723,0.02799999999999958,1.1231263141803394,0.023000000000000576
354,3B001874E8,400-2024-12-16,2024-12-16 13:06:51.002,0.1089447303274795,0.006451110240633929,0.04300000000000004,0.004284162484243407,0.030000000000000027,0.0024336842359511087,0.013000000000000012,1.7603608639758939,0.017000000000000015
355,3B001874E8,403-2024-12-16,2024-12-16 13:07:32.999,0.103812275808206,0.0036327859485576143,0.06599999999999984,0.0013984734280113416,0.02499999999999991,0.002313685165219548,0.040999999999999925,0.6044354906336787,-0.016000000000000014
356,3B001874E8,406-2024-12-16,2024-12-16 13:09:04.998,0.1089447303274795,-0.0006820460384183303,0.03299999999999992,-0.0007368397851837235,0.028000000000000025,7.301981421355357e-05,0.004999999999999893,-10.090956723455413,0.02300000000000013
357,3B001874E8,408-2024-12-16,2024-12-16 13:09:23.999,0.1089447303274795,9.130228651385558e-05,0.006000000000000005,5.426971957526598e-05,0.0030000000000000027,5.555824174006339e-05,0.0030000000000000027,0.9768077224109083,0.0
358,3B001874E8,410-2024-12-16,2024-12-16 13:09:37.998,0.1089447303274795,0.013558588831510081,0.07200000000000001,0.008815832507734838,0.05499999999999999,0.005177254030498283,0.017000000000000015,1.7028008391711777,0.03799999999999998
359,3B00190DF0,413-2024-12-16,2024-12-16 13:10:52.998,0.1860645040401037,0.02473908569671584,0.05500000000000149,0.01542974607800316,0.038000000000000256,0.010226458311802376,0.017000000000001236,1.5088064320563122,0.02099999999999902
360,3B004CD4DE,418-2024-12-16,2024-12-16 13:14:41.997,0.0988138522975418,0.0008807921630108437,0.025000000000000133,0.0005551927857918612,0.016000000000000014,0.00038473886756585577,0.009000000000000119,1.4430379475419879,0.006999999999999895
361,3B00191394,420-2024-12-16,2024-12-16 13:18:23.001,0.0976954599171286,3.276678290041688e-05,0.009000000000000008,1.9883049266800152e-05,0.0050000000000000044,1.8346153957995533e-05,0.0040000000000000036,1.0837720708287644,0.0010000000000000009
362,3B001874E8,423-2024-12-16,2024-12-16 13:21:55.998,0.1089447303274795,0.0041880056890916595,0.06499999999999995,0.003680867351530632,0.054999999999999716,0.000583632498641031,0.010000000000000231,6.306823831951459,0.044999999999999485
363,01103F97C4,426-2024-12-16,2024-12-16 13:22:44.998,0.1612435687709618,0.02534201207201468,0.07200000000000006,0.01633959136098669,0.05400000000000027,0.009826179754480373,0.017999999999999794,1.6628630626807372,0.036000000000000476
364,3B001877B5,429-2024-12-16,2024-12-16 13:23:44.998,0.1717600361561726,0.022511877109163372,0.063,0.015129737691665212,0.044999999999999984,0.008046399373421099,0.018000000000000016,1.8803115517285691,0.02699999999999997
365,3B001857EE,430-2024-12-16,2024-12-16 13:23:49.998,0.1006051544430453,0.013593791477303207,0.06300000000000017,0.009461386386372997,0.04700000000000015,0.004537547932336282,0.016000000000000014,2.0851319980440493,0.03100000000000014
366,3B001857EE,435-2024-12-16,2024-12-16 13:25:51.999,0.10256506244428,0.0004915596756981274,0.018000000000000016,0.00024082267302201206,0.008000000000000007,0.00028986558572563536,0.010000000000000009,0.8308080878906281,-0.0020000000000000018
367,3B001857EE,436-2024-12-16,2024-12-16 13:26:04.999,0.1025644999082379,0.016436896739626998,0.062000000000000055,0.007293192590113798,0.03499999999999992,0.009597072809825514,0.027000000000000135,0.7599392788441705,0.007999999999999785
368,3B001874E8,439-2024-12-16,2024-12-16 13:26:41.998,0.1089447303274795,0.014407356424189954,0.08099999999999996,0.006178850218651898,0.05400000000000005,0.008657954731327988,0.026999999999999913,0.7136616453184162,0.027000000000000135
369,3B00191394,443-2024-12-16,2024-12-16 13:27:56.997,0.0935974495322759,0.0037806045271754265,0.07900000000000018,0.002041137144923562,0.05500000000000016,0.00187559213783401,0.02400000000000002,1.0882627964524998,0.03100000000000014
370,3B004873F2,447-2024-12-16,2024-12-16 13:31:45.998,0.0880262268447344,0.012624987719914101,0.05600000000000005,0.006026045516954886,0.030999999999999694,0.006976622253844203,0.025000000000000355,0.8637482864482827,0.005999999999999339
371,3B00186448,456-2024-12-16,2024-12-16 13:33:56.998,0.1755955617107815,0.030932698353764998,0.06000000000000005,0.01687255007807784,0.03600000000000003,0.01491244974646294,0.02400000000000002,1.1314405322358128,0.01200000000000001
372,01103FA4B2,457-2024-12-16,2024-12-16 13:34:51.999,0.1022732142130403,5.367152868133296e-05,0.008000000000000007,3.2948160755232826e-05,0.0040000000000000036,2.9395364226817335e-05,0.0040000000000000036,1.1208624768518527,0.0
373,01103FD2E8,463-2024-12-16,2024-12-16 13:35:48.999,0.1381334567734518,0.0006596986726641658,0.020999999999999908,0.0004028146619809957,0.011999999999999567,0.00029568121158411124,0.009000000000000341,1.3623275548112013,0.0029999999999992255
374,3B004B0F76,464-2024-12-16,2024-12-16 13:36:00.999,0.1602044626986888,0.023488994979833117,0.07699999999999996,0.013488373393318017,0.05500000000000016,0.01069487024616919,0.021999999999999797,1.2612002841408418,0.03300000000000036
375,3B004C5268,465-2024-12-16,2024-12-16 13:36:17.998,0.0926401262269936,0.014194672693962435,0.07800000000000029,0.007703328308126937,0.05500000000000016,0.007005835851843954,0.02300000000000013,1.0995587780006866,0.03200000000000003
376,01103FA4B2,467-2024-12-16,2024-12-16 13:36:44.998,0.099575168115984,0.028846112616316096,0.08300000000000018,0.015251170794081425,0.054999999999999716,0.014321405544939424,0.02800000000000047,1.0649213686620682,0.026999999999999247
377,3B00199DE5,470-2024-12-16,2024-12-16 13:37:15.999,0.0919429781124098,0.003428952033735825,0.05700000000000016,0.00139526081488054,0.030000000000000027,0.002192086795343371,0.027000000000000135,0.6364988913050702,0.0029999999999998916
378,01103F97C4,474-2024-12-16,2024-12-16 13:38:14.000,0.1598146914690822,0.0001672088500923458,0.01499999999999968,8.989463040158476e-05,0.006999999999999673,9.31728932482651e-05,0.008000000000000007,0.9648152726357311,-0.001000000000000334
379,01103F97C4,479-2024-12-16,2024-12-16 13:39:27.000,0.1683445132184826,0.02215381114393588,0.06000000000000005,0.013863998580484633,0.04200000000000026,0.009080958604265265,0.017999999999999794,1.5267109106711274,0.024000000000000465
380,3B00182A81,484-2024-12-16,2024-12-16 13:41:22.998,0.0989691687162381,0.004441946812064984,0.07500000000000001,0.0029159195560585632,0.05499999999999999,0.001669553005392147,0.020000000000000018,1.7465270923660599,0.034999999999999976
381,3B00186448,486-2024-12-16,2024-12-16 13:42:06.999,0.1674190821650436,0.0003374988923042781,0.06799999999999962,-0.00023736876880056453,0.054999999999999716,0.0006486822115345102,0.0129999999999999,-0.36592458461139166,0.041999999999999815
382,3B00186448,487-2024-12-16,2024-12-16 13:42:26.999,0.1170091252370885,0.013402703762487707,0.06599999999999984,0.009533174050629338,0.051000000000000156,0.004287240344206568,0.01499999999999968,2.223615492775371,0.036000000000000476
383,3B00191394,491-2024-12-16,2024-12-16 13:43:07.000,0.0976954599171286,0.004830382901435637,0.06500000000000006,0.004284315095592476,0.05500000000000005,0.0006336268711346952,0.010000000000000009,6.761574186271726,0.04500000000000004
384,01103F9A64,492-2024-12-16,2024-12-16 13:44:00.000,0.1902323792443684,0.0320566344633992,0.06899999999999995,0.021192051615934706,0.050999999999999934,0.011772346881032427,0.018000000000000016,1.8001552137475052,0.03299999999999992
385,01103F9A64,495-2024-12-16,2024-12-16 13:44:40.000,0.1902323792443684,0.02889767331205319,0.06700000000000017,0.01740860482614055,0.04700000000000015,0.012430512441051991,0.020000000000000018,1.400473625580255,0.027000000000000135
386,3B00182A81,501-2024-12-16,2024-12-16 13:46:16.000,0.0989691687162381,0.004164506130620581,0.07600000000000007,0.002875882038578974,0.05400000000000005,0.0013907324589488353,0.02200000000000002,2.0678902114305058,0.03200000000000003
387,3B0018A99B,504-2024-12-16,2024-12-16 13:46:55.001,0.0969074131601341,0.0029581522210349502,0.08000000000000007,0.0013387757695058342,0.03600000000000003,0.0016974268546360017,0.04400000000000004,0.7887089601825128,-0.008000000000000007
388,3B00186448,505-2024-12-16,2024-12-16 13:49:45.002,0.1674190821650436,0.0024571072591414943,0.04499999999999993,0.0010829166720668856,0.009000000000000341,0.0015387663104829514,0.03599999999999959,0.7037564214198356,-0.026999999999999247
389,3B00186448,507-2024-12-16,2024-12-16 13:50:22.002,0.1674190821650436,-0.0009591831591636342,0.04700000000000004,0.00013455914427525228,0.02100000000000002,-0.0010751570226344388,0.026000000000000023,-0.12515301620366515,-0.0050000000000000044
390,01103F8EAC,509-2024-12-16,2024-12-16 13:51:20.001,0.1706482011238341,0.007990087266699022,0.08200000000000007,0.00488087493455839,0.05499999999999994,0.003335806828857275,0.027000000000000135,1.4631767320382874,0.027999999999999803
391,01103F97C4,511-2024-12-16,2024-12-16 13:51:41.001,0.1583858842258341,0.027516910460843577,0.04999999999999982,0.016153685520335366,0.03000000000000025,0.012303453296387688,0.019999999999999574,1.3129391505942574,0.010000000000000675
392,3B004873F2,513-2024-12-16,2024-12-16 13:53:13.001,0.0891318018156419,0.003883217633581235,0.07600000000000007,0.001417469674811567,0.03699999999999992,0.002551969715415562,0.039000000000000146,0.5554414169765125,-0.002000000000000224
393,3B00186448,514-2024-12-16,2024-12-16 13:53:23.000,0.1674190821650436,0.02833800813839241,0.05799999999999983,0.019354245517211852,0.040999999999999925,0.009859492627837273,0.016999999999999904,1.9630062365042105,0.02400000000000002
394,3B0018C6F9,517-2024-12-16,2024-12-16 13:53:51.000,0.100721792554833,0.004209483158303347,0.06200000000000028,0.0034505708376074357,0.050000000000000266,0.0008551529075000682,0.01200000000000001,4.03503374349126,0.038000000000000256
395,3B00192E1E,519-2024-12-16,2024-12-16 13:54:56.001,0.1013994993325588,0.005002698113549494,0.040999999999999925,0.0032073764497811516,0.027000000000000135,0.0019932834075614765,0.01399999999999979,1.6090920325800335,0.013000000000000345
396,3B001877B5,523-2024-12-16,2024-12-16 13:56:30.000,0.1717600361561727,0.00024766348991383364,0.01499999999999968,0.00014146674451772054,0.008000000000000007,0.0001312033448768039,0.006999999999999673,1.0782251370996194,0.001000000000000334
397,3B00182A81,527-2024-12-16,2024-12-16 13:57:33.998,0.1000651489300686,0.003065446505835615,0.09299999999999997,0.0015667962420209383,0.05499999999999994,0.0015681506306562457,0.038000000000000034,0.9991363147080198,0.016999999999999904
398,3B001877B5,529-2024-12-16,2024-12-16 13:58:33.998,0.1717600361561726,0.026568541981907983,0.06299999999999994,0.016282715920033847,0.040999999999999925,0.010988909376962463,0.02200000000000002,1.4817408499308864,0.018999999999999906
399,01103F8EAC,530-2024-12-16,2024-12-16 13:58:46.999,0.1803743959056816,0.006357675667802765,0.10099999999999998,0.003138940636034924,0.05500000000000005,0.0034094936130078437,0.04599999999999993,0.9206471670922889,0.009000000000000119
400,3B0018A99B,535-2024-12-16,2024-12-16 14:00:12.999,0.0827708368463195,2.7214616037933458e-05,0.03500000000000003,1.7769036895436364e-05,0.03200000000000003,1.4470485524079188e-05,0.0030000000000000027,1.2279502899794426,0.029000000000000026
401,3B001877B5,542-2024-12-16,2024-12-16 14:01:29.996,0.1717600361561726,0.020950872123418614,0.07000000000000006,0.015272565099489521,0.05400000000000005,0.006255130925152559,0.016000000000000014,2.4416059843091187,0.038000000000000034
402,0700ED9568,545-2024-12-16,2024-12-16 14:02:02.998,0.1578993376626478,0.002471414488048626,0.05999999999999994,0.0016939130769073856,0.03199999999999992,0.0009961977681155689,0.028000000000000025,1.7003783095314813,0.0039999999999998925
403,3B0018A99B,546-2024-12-16,2024-12-16 14:02:12.997,0.0937209933283709,0.011083633620079834,0.06400000000000006,0.007483999407476228,0.04700000000000015,0.003945475831522525,0.016999999999999904,1.8968559755663787,0.03000000000000025
404,3B004CD4DE,547-2024-12-16,2024-12-16 14:02:25.998,0.1006251741771019,0.013919840056606415,0.05300000000000016,0.008184477488729764,0.030000000000000027,0.006178109063977847,0.02300000000000013,1.3247544522077592,0.006999999999999895
405,3B004B0F76,549-2024-12-16,2024-12-16 14:03:22.997,0.1616092100059758,0.025021057304481942,0.06799999999999995,0.018067865979098773,0.05300000000000005,0.007755169251924803,0.014999999999999902,2.3297835794640327,0.038000000000000145
406,01103F97C4,550-2024-12-16,2024-12-16 14:03:43.998,0.1650661923576889,0.026484476549496504,0.0600000000000005,0.018000157026361447,0.04300000000000015,0.009322182311683632,0.017000000000000348,1.9308951943368,0.0259999999999998
407,3B00485E69,554-2024-12-16,2024-12-16 14:04:24.997,0.104664762822003,0.0008888566354360685,0.018000000000000016,0.0005513219677456731,0.01100000000000001,0.0004111453871905321,0.007000000000000006,1.3409416350576266,0.0040000000000000036
408,3B00199DE5,562-2024-12-16,2024-12-16 14:06:47.995,0.1022390028789796,0.0036617794019875092,0.063,0.0016372825120306539,0.027000000000000024,0.0021170903242908553,0.035999999999999976,0.7733645056353848,-0.008999999999999952
409,3B00190DF0,566-2024-12-16,2024-12-16 14:07:56.996,0.1819143730623635,0.02377267100029757,0.057000000000000384,0.014393295946407914,0.038000000000000256,0.010217446640349136,0.019000000000000128,1.4086979313959096,0.019000000000000128
410,3B0019B8CC,567-2024-12-16,2024-12-16 14:08:03.996,0.159959731469869,0.023029383099871195,0.06800000000000006,0.015133596416672376,0.04999999999999982,0.008599101979161023,0.018000000000000238,1.75990428458076,0.031999999999999584
411,01103F8EAC,570-2024-12-16,2024-12-16 14:09:33.995,0.1706482011238342,0.02301303374379214,0.07200000000000006,0.01549525727275736,0.05400000000000027,0.008177905176163455,0.017999999999999794,1.894770963830952,0.036000000000000476
412,01103F97C4,572-2024-12-16,2024-12-16 14:11:50.995,0.1679477426826512,0.02396239538010379,0.07399999999999984,0.014240403159918941,0.05499999999999994,0.010558486906325359,0.018999999999999906,1.3487162778397563,0.03600000000000003
413,3B004AB6A7,573-2024-12-16,2024-12-16 14:11:54.995,0.1052323896299227,0.003069477094057198,0.06899999999999995,0.0018666963864356059,0.040000000000000036,0.001305049421369819,0.028999999999999915,1.4303645179017552,0.01100000000000012
414,01103F8EAC,574-2024-12-16,2024-12-16 14:11:59.995,0.1706482011238342,0.028005494445459852,0.06600000000000006,0.012278438453815653,0.03400000000000003,0.01641619752626376,0.03200000000000003,0.7479465591329396,0.0020000000000000018
415,3B0019B8CC,576-2024-12-16,2024-12-16 14:13:04.996,0.159959731469869,0.028170423134120434,0.05599999999999983,0.012301557276855727,0.026999999999999913,0.016627056565079047,0.028999999999999915,0.7398517728442722,-0.0020000000000000018
416,3B00186448,578-2024-12-16,2024-12-16 14:24:06.997,0.1674190821650436,0.029759529267711617,0.062,0.015754541582562807,0.03799999999999998,0.014826763453718243,0.02400000000000002,1.0625745552453592,0.013999999999999957
417,3B00186448,581-2024-12-16,2024-12-16 14:44:45.001,0.1674190821650436,0.031057330956041282,0.07299999999999995,0.021774495192991076,0.05400000000000005,0.010052862338372211,0.018999999999999906,2.1659995392433538,0.03500000000000014
418,3B001877B5,582-2024-12-16,2024-12-16 14:44:49.002,0.1717600361561727,0.025608088759402584,0.05900000000000016,0.016787235669593083,0.040000000000000036,0.009564127829667445,0.019000000000000128,1.7552291195355965,0.020999999999999908
419,3B0019B8CC,584-2024-12-16,2024-12-16 14:45:18.001,0.1762048691859869,0.005391091764824642,0.07699999999999996,0.0019753785675205105,0.02499999999999991,0.003580193461946105,0.052000000000000046,0.5517519062913274,-0.027000000000000135
420,3B004AB6A7,585-2024-12-16,2024-12-16 14:45:38.003,0.1025863851846928,0.01570480411997109,0.052000000000000046,0.006148497659921162,0.02300000000000002,0.010032221207571749,0.029000000000000026,0.6128750087050141,-0.006000000000000005
421,01103F8EAC,587-2024-12-16,2024-12-16 14:46:51.004,0.1773748897126821,0.022081544899659345,0.07600000000000007,0.014635204988759353,0.05500000000000016,0.008019597043267613,0.020999999999999908,1.8249302190370635,0.03400000000000025
422,3B00190DF0,591-2024-12-16,2024-12-16 14:48:15.003,0.1761565842871426,0.0244537621057809,0.05400000000000005,0.016215802518989565,0.038000000000000034,0.00907889651221215,0.016000000000000014,1.786098398321587,0.02200000000000002
423,3B001877B5,592-2024-12-16,2024-12-16 14:48:20.004,0.1717600361561727,0.023105043619708894,0.06699999999999995,0.015548627711131075,0.050000000000000044,0.008264473547967548,0.016999999999999904,1.8813815085602026,0.03300000000000014
424,01103F97C4,595-2024-12-16,2024-12-16 14:48:37.005,0.1598146914690822,0.02434270684658197,0.06999999999999984,0.016452695238971155,0.05499999999999994,0.00875013341694694,0.014999999999999902,1.8802793574674155,0.040000000000000036
425,01103F9A64,596-2024-12-16,2024-12-16 14:49:20.006,0.1808192877807518,0.030473598780354563,0.05800000000000005,0.018984689273864853,0.040000000000000036,0.012501071908371313,0.018000000000000016,1.5186449140534741,0.02200000000000002
426,3B00199DE5,597-2024-12-16,2024-12-16 14:49:31.003,0.1002564882618714,0.013717569577934473,0.052000000000000046,0.008213895708037456,0.031000000000000028,0.005959113469713468,0.02100000000000002,1.3783754496006273,0.010000000000000009
427,3B004873F2,600-2024-12-16,2024-12-16 14:49:56.004,0.0903229980292097,0.004228740806146146,0.07800000000000007,0.002847791213345532,0.05499999999999994,0.0014782529290299222,0.02300000000000013,1.9264573453031109,0.031999999999999806
428,01103F8EAC,601-2024-12-16,2024-12-16 14:50:04.003,0.1471313915991667,0.03123885359501304,0.06299999999999972,0.016901122446256793,0.03699999999999992,0.015151954972671421,0.0259999999999998,1.1154417021922405,0.01100000000000012
429,3B00190DF0,602-2024-12-16,2024-12-16 14:50:09.003,0.1839691625914391,0.022910728899126785,0.06899999999999995,0.014697269954271126,0.052999999999999936,0.009051639150594742,0.016000000000000014,1.6237136401206886,0.03699999999999992
430,3B004CD4DE,604-2024-12-16,2024-12-16 15:03:27.000,0.1039052092457154,0.013134445837047195,0.06999999999999984,0.009782002203995816,0.05499999999999994,0.003729287071937111,0.014999999999999902,2.623022045582222,0.040000000000000036
431,3B0019B8CC,607-2024-12-16,2024-12-16 15:04:01.001,0.159959731469869,0.024200085505322887,0.05400000000000005,0.016392477470974418,0.037000000000000144,0.008540748230016135,0.016999999999999904,1.919325687808438,0.02000000000000024
432,01103FD532,608-2024-12-16,2024-12-16 15:04:32.000,0.1643931249202574,0.0002758824497989284,0.010000000000000009,0.0001652943674120436,0.0050000000000000044,0.00015012125104662042,0.0050000000000000044,1.1010724082009624,0.0
433,3B0019B8CC,609-2024-12-16,2024-12-16 15:04:58.999,0.159959731469869,0.023214408330293465,0.07199999999999995,0.015234522429432512,0.05499999999999994,0.00872180080083008,0.017000000000000015,1.7467175388805714,0.03799999999999992
434,3B00192E1E,610-2024-12-16,2024-12-16 15:05:06.000,0.1013994993325588,0.0028775417864972163,0.08799999999999997,0.0013521288639597331,0.05499999999999999,0.0016204958319618581,0.032999999999999974,0.8343920652500378,0.02200000000000002
435,01103F9A64,612-2024-12-16,2024-12-16 15:05:35.000,0.1022757094165486,0.03457075941966933,0.07200000000000006,0.023068215277118387,0.05400000000000005,0.012576983275017212,0.018000000000000016,1.8341612430176994,0.03600000000000003
436,01103F97C4,615-2024-12-16,2024-12-16 15:06:06.001,0.1598146914690822,0.022694206582909493,0.069,0.015527258300307389,0.05400000000000005,0.008001016684035512,0.014999999999999958,1.940660657699795,0.03900000000000009
437,3B00190DF0,616-2024-12-16,2024-12-16 15:06:23.000,0.1862071714833348,0.02543185841832169,0.07099999999999973,0.016725052012627563,0.054999999999999716,0.009606290654869804,0.016000000000000014,1.741052047404893,0.0389999999999997
438,3B0018A99B,619-2024-12-16,2024-12-16 15:07:04.000,0.0821720026804374,-0.0005093199842164582,0.05899999999999994,-0.0005395053330719135,0.05499999999999994,4.147100718633302e-05,0.0040000000000000036,-13.009217033188193,0.050999999999999934
439,3B004873F2,620-2024-12-16,2024-12-16 15:07:23.000,0.1189067571122706,0.003840399559730643,0.06299999999999994,0.003416612322496963,0.05400000000000005,0.0004953635414364781,0.008999999999999897,6.897181638740132,0.04500000000000015
440,3B004873F2,630-2024-12-16,2024-12-16 15:09:21.998,0.0905973182510745,0.0037080528534773694,0.07799999999999985,0.002248222058273971,0.04799999999999982,0.0015505980377264609,0.030000000000000027,1.4499064255043106,0.017999999999999794
441,3B0019F652,632-2024-12-16,2024-12-16 15:09:45.000,0.0887086218380407,0.011291285097210132,0.07199999999999995,0.006904434878127457,0.049000000000000044,0.004728225371663386,0.02299999999999991,1.460259259109403,0.026000000000000134
442,3B004873F2,637-2024-12-16,2024-12-16 15:11:13.997,0.1046564999395596,0.0033957716335357613,0.07199999999999984,0.00220112401518405,0.04600000000000004,0.0012856491774864156,0.0259999999999998,1.7120720440139723,0.02000000000000024
443,3B00186448,640-2024-12-16,2024-12-16 15:12:28.998,0.1732014494254105,0.02320879056402546,0.0690000000000004,0.01603900367607503,0.05300000000000038,0.007925309288917957,0.016000000000000014,2.02377006264002,0.037000000000000366
444,01103F8EAC,641-2024-12-16,2024-12-16 15:13:16.999,0.1753748653194025,0.02611069547370136,0.08400000000000007,0.013021116544692613,0.05499999999999994,0.013722850799464049,0.029000000000000137,0.9488638137201898,0.0259999999999998
445,01103F8EAC,642-2024-12-16,2024-12-16 15:13:25.998,0.1784110085319569,0.0061290233484485816,0.07700000000000018,0.004168308226331845,0.04300000000000015,0.0021290495437206844,0.03400000000000003,1.95782584704318,0.009000000000000119
446,3B00190DF0,643-2024-12-16,2024-12-16 15:13:47.999,0.1855239055239976,0.02530532022975776,0.05900000000000105,0.015804376155628422,0.04100000000000037,0.01038265699491359,0.018000000000000682,1.522189952280125,0.022999999999999687
447,3B0018C6F9,648-2024-12-16,2024-12-16 15:14:23.997,0.1019768883740146,0.0035522553923863923,0.07000000000000006,0.0016761658095340083,0.03500000000000003,0.0019835192035948046,0.03500000000000003,0.8450464237987872,0.0
448,3B00199DE5,651-2024-12-16,2024-12-16 15:14:55.999,0.1017399993846671,0.015721006299327,0.07500000000000007,0.010612221373588361,0.05500000000000005,0.005512844047385521,0.020000000000000018,1.9249993800606842,0.03500000000000003
449,0700ED9568,652-2024-12-16,2024-12-16 15:15:01.997,0.1629577853672265,0.030121072565748516,0.05499999999999994,0.014888310887011154,0.030000000000000027,0.016100450483853,0.02499999999999991,0.9247139328146444,0.0050000000000001155
450,01103FD532,653-2024-12-16,2024-12-16 15:15:05.998,0.159578677066106,0.031166095820729916,0.07400000000000001,0.02078633142264566,0.05499999999999999,0.011241529367390103,0.019000000000000017,1.8490661495706728,0.035999999999999976
451,3B0018C6F9,657-2024-12-16,2024-12-16 15:16:27.996,0.1413150862912436,0.010251196650305168,0.06899999999999995,0.005096808003883931,0.05099999999999971,0.005769496325974455,0.018000000000000238,0.8834060576376382,0.032999999999999474
452,3B004B0F76,658-2024-12-16,2024-12-16 15:16:34.998,0.1616092100059758,0.00020790911114961432,0.016000000000000014,0.0001325700817801907,0.010000000000000009,9.293458714923642e-05,0.006000000000000005,1.4264880906750759,0.0040000000000000036
453,3B004B0F76,663-2024-12-16,2024-12-16 15:17:35.998,0.0998383206359963,0.0035948987879442762,0.06299999999999972,0.0022362763178674972,0.04999999999999982,0.001546343084798295,0.0129999999999999,1.4461708658652532,0.03699999999999992
454,3B00191394,665-2024-12-16,2024-12-16 15:17:55.998,0.0946925708167353,0.0033788740676479636,0.08299999999999996,0.0015874728432244978,0.05499999999999999,0.0019191775601894612,0.02799999999999997,0.8271630911877599,0.027000000000000024
455,3B00186448,670-2024-12-16,2024-12-16 15:19:27.997,0.1742688370268579,0.030580521062069276,0.06999999999999984,0.017119482597114263,0.04599999999999982,0.014233717910983658,0.02400000000000002,1.2027414554776137,0.021999999999999797
456,3B00190DF0,674-2024-12-16,2024-12-16 15:24:14.997,0.1867345311127095,0.026226103277044832,0.05900000000000016,0.016718679917689088,0.04300000000000015,0.010505583754188617,0.016000000000000014,1.591408941080812,0.027000000000000135
457,0700ED9568,676-2024-12-16,2024-12-16 15:25:01.997,0.1578993376626477,-0.0012618674435012857,0.05900000000000005,-0.0013211077682110568,0.05500000000000005,8.266733924144998e-05,0.0040000000000000036,-15.981012336110657,0.051000000000000045
458,3B00190DF0,678-2024-12-16,2024-12-16 15:25:42.998,0.1829599569895501,0.026905538939718476,0.057000000000000384,0.017441479006207957,0.04100000000000037,0.010436223151746728,0.016000000000000014,1.6712443527320273,0.025000000000000355
459,01103F97C4,680-2024-12-16,2024-12-16 15:26:17.998,0.165354380630018,0.020385277667172474,0.07099999999999973,0.014663520926548691,0.054999999999999716,0.0063378696464342086,0.016000000000000014,2.3136356133166345,0.0389999999999997
460,3B00191394,681-2024-12-16,2024-12-16 15:26:21.998,0.0976954599171286,0.01083432608206892,0.07099999999999995,0.006715285502215954,0.05499999999999994,0.004530154161734179,0.016000000000000014,1.4823525342557635,0.038999999999999924
461,3B004CD4DE,684-2024-12-16,2024-12-16 15:28:17.997,0.0996286783794597,0.013354139659081825,0.04400000000000004,0.0065726593704607435,0.021999999999999797,0.007244685647178003,0.02200000000000024,0.9072387251227344,-4.440892098500626e-16
462,3B0019B8CC,685-2024-12-16,2024-12-16 15:28:25.998,0.1720849753511641,0.019762792446242496,0.06200000000000028,0.01381907503460085,0.04800000000000004,0.006624477757135411,0.014000000000000234,2.0860625608888093,0.03399999999999981
463,01103F97C4,686-2024-12-16,2024-12-16 15:28:33.998,0.1628249934012823,0.023307062988532915,0.052000000000000046,0.013383413355734404,0.03100000000000014,0.010770183715706523,0.020999999999999908,1.2426355676938843,0.010000000000000231
464,01103FD2E8,689-2024-12-16,2024-12-16 15:41:11.001,0.1381334567734518,0.008016779502743609,0.05400000000000005,0.005676753918119906,0.040000000000000036,0.002612184971936652,0.014000000000000012,2.173182213015799,0.026000000000000023
465,3B004CD4DE,690-2024-12-16,2024-12-16 15:41:21.002,0.0970933026455717,0.012527659721146677,0.04700000000000015,0.007890455731491313,0.02900000000000036,0.005068209358220422,0.017999999999999794,1.556852760767139,0.011000000000000565
466,3B00190DF0,695-2024-12-16,2024-12-16 15:42:56.003,0.1761565842871426,0.032952817501835624,0.06400000000000006,0.018769691617897186,0.04100000000000037,0.015089940172069608,0.022999999999999687,1.2438546080281043,0.018000000000000682
467,3B00182A81,697-2024-12-16,2024-12-16 15:43:10.002,0.0989691687162381,0.0058568759868623185,0.043999999999999984,0.004123098045514194,0.030999999999999972,0.001945584447653682,0.013000000000000012,2.119207958557918,0.01799999999999996
468,3B00186448,699-2024-12-16,2024-12-16 15:45:05.006,0.1674190821650436,0.027490552684642997,0.07600000000000007,0.017732498061185986,0.05499999999999994,0.010486362454418457,0.02100000000000013,1.6910056407323926,0.03399999999999981
469,3B004CD4DE,700-2024-12-16,2024-12-16 15:45:20.003,0.1039052092457154,0.01393398132455242,0.07899999999999996,0.006480013960845205,0.05499999999999994,0.007904465557995637,0.02400000000000002,0.8197915359743012,0.030999999999999917
470,3B00190DF0,701-2024-12-16,2024-12-16 15:45:35.002,0.1761565842871426,0.025624691269689862,0.05600000000000005,0.01615758035815407,0.040000000000000036,0.010455928984723547,0.016000000000000014,1.5453031846104561,0.02400000000000002
471,3B001877B5,702-2024-12-16,2024-12-16 15:45:51.002,0.1717600361561726,0.023088019090603925,0.068,0.016207703365504998,0.05199999999999999,0.007567957481602829,0.016000000000000014,2.141621884756195,0.035999999999999976
472,3B00186A36,1-2024-12-24,2024-12-24 09:02:36.721,0.0797224595194393,0.0017097124754892545,0.07699999999999996,0.0010467838942712943,0.054999999999999716,0.0007219937187972652,0.02200000000000024,1.4498518020559534,0.032999999999999474
473,3B004CD4DE,2-2024-12-24,2024-12-24 09:03:13.721,0.1039052092457154,0.009641876567402684,0.05600000000000005,0.0060021502605931525,0.040000000000000036,0.004032854761882065,0.016000000000000014,1.4883130226569454,0.02400000000000002
474,01103F97C4,4-2024-12-24,2024-12-24 09:04:12.721,0.147879060074182,0.023347698432786265,0.05899999999999994,0.015647054845400386,0.041999999999999815,0.008468226418060481,0.017000000000000126,1.8477369490297717,0.02499999999999969
475,3B00186A36,6-2024-12-24,2024-12-24 09:10:16.720,0.0955204384809406,0.009389479790697583,0.05700000000000005,0.006221879741559596,0.039000000000000035,0.00347188373803431,0.018000000000000016,1.792076063319523,0.02100000000000002
476,3B00190DF0,7-2024-12-24,2024-12-24 09:10:33.719,0.1761565842871426,0.022907513013039938,0.04700000000000004,0.014835864185515375,0.03200000000000003,0.008925291251091164,0.015000000000000013,1.6622274576979896,0.017000000000000015
477,3B004CD4DE,8-2024-12-24,2024-12-24 09:10:36.718,0.1039052092457154,0.013607555977165727,0.07900000000000001,0.005955373718071303,0.05499999999999999,0.008107728221791287,0.02400000000000002,0.7345305065930723,0.030999999999999972
478,3B004CD4DE,9-2024-12-24,2024-12-24 09:12:04.719,0.1039052092457154,0.012914300328196833,0.07699999999999996,0.006546133023672902,0.05499999999999994,0.00680020467888127,0.02200000000000002,0.9626376458935989,0.03299999999999992
479,3B00186A36,10-2024-12-24,2024-12-24 09:12:30.718,0.0955204384809406,0.00199237179429955,0.055999999999999966,0.0010365067936973244,0.03,0.001034147260150574,0.025999999999999968,1.0022816223933202,0.004000000000000031
480,01103F97C4,12-2024-12-24,2024-12-24 09:12:54.719,0.1541254380679661,0.023105201511163714,0.07400000000000007,0.013962710408227651,0.05499999999999994,0.009962802572168127,0.019000000000000128,1.4014842015672961,0.03599999999999981
481,3B00186A36,14-2024-12-24,2024-12-24 09:14:36.716,0.0955204384809406,0.0005351954182445826,0.029000000000000026,0.00039789965292907236,0.02100000000000002,0.00016271671023338705,0.008000000000000007,2.4453521236900553,0.013000000000000012
482,3B00192E1E,15-2024-12-24,2024-12-24 09:15:32.717,0.1013994993325588,0.012388984191388305,0.04899999999999993,0.0046953627544876544,0.019000000000000128,0.008090121755818242,0.029999999999999805,0.5803822113197308,-0.010999999999999677
483,3B00190DF0,17-2024-12-24,2024-12-24 09:17:01.718,0.1761565842871426,0.024500841509400458,0.059,0.0170466723660494,0.043999999999999984,0.008269520231713219,0.015000000000000013,2.061385895239269,0.02899999999999997
484,01103F97C4,18-2024-12-24,2024-12-24 09:20:57.716,0.1535585997455029,0.02448759700155747,0.050999999999999934,0.01414706271511043,0.030000000000000027,0.0111529825512272,0.020999999999999908,1.2684555588723467,0.009000000000000119
485,01103F97C4,20-2024-12-24,2024-12-24 09:23:52.716,0.1565733912960376,0.024571874904398473,0.05300000000000038,0.01301702819514266,0.03000000000000025,0.012438136209068487,0.02300000000000013,1.0465416985586724,0.007000000000000117
486,3B00192E1E,22-2024-12-24,2024-12-24 09:25:17.716,0.1013994993325588,0.013177047466300405,0.050000000000000044,0.00556354400152888,0.02200000000000002,0.00802215388529743,0.028000000000000025,0.6935224730262832,-0.006000000000000005
487,3B00192E1E,24-2024-12-24,2024-12-24 09:27:25.717,0.1013994993325588,0.002910593125223179,0.029000000000000137,0.0016769208279914043,0.016000000000000014,0.001389303966192581,0.013000000000000123,1.2070222707180804,0.0029999999999998916
488,3B0019B8CC,26-2024-12-24,2024-12-24 09:33:32.717,0.159959731469869,0.026184226105084918,0.055999999999999994,0.016504719519592044,0.034999999999999976,0.010366348691291527,0.02100000000000002,1.5921439661254293,0.013999999999999957
489,01103F9A64,27-2024-12-24,2024-12-24 09:34:44.716,0.1902323792443684,0.028846058492674145,0.050000000000000044,0.01682420493846949,0.03100000000000014,0.013008640064070074,0.018999999999999906,1.293310050520809,0.012000000000000233
490,01103F97C4,28-2024-12-24,2024-12-24 09:35:13.718,0.157600188287086,0.025944149100819165,0.0519999999999996,0.015990650580078435,0.03399999999999981,0.010853146023802022,0.017999999999999794,1.4733654688704416,0.016000000000000014
491,01103F9A64,29-2024-12-24,2024-12-24 09:35:22.717,0.1902323792443684,0.023979342126217506,0.04899999999999993,0.012117001538743477,0.02400000000000002,0.012743681604237597,0.02499999999999991,0.9508242527586587,-0.0009999999999998899
492,01103F9A64,30-2024-12-24,2024-12-24 09:36:50.718,0.1902323792443685,0.027841669238522368,0.04800000000000004,0.015793352631559586,0.027000000000000024,0.012985071515362467,0.02100000000000002,1.2162699768634064,0.006000000000000005
493,01103F97C4,32-2024-12-24,2024-12-24 09:49:14.720,0.1558899725395764,0.016549425233110895,0.07299999999999995,0.008514664579481945,0.05499999999999994,0.008732782569069876,0.018000000000000016,0.9750230825212035,0.03699999999999992
494,3B004CD4DE,33-2024-12-24,2024-12-24 09:53:07.721,0.1039052092457154,0.012959001757432713,0.04700000000000004,0.007714750863215934,0.029000000000000026,0.005718632475086044,0.018000000000000016,1.3490551975190286,0.01100000000000001
495,3B0018A99B,35-2024-12-24,2024-12-24 10:02:44.714,0.0953464577083411,0.004191578303207776,0.037000000000000144,0.0026359056361038224,0.02300000000000013,0.0017273211543119436,0.014000000000000012,1.5260078471937675,0.009000000000000119
496,3B00190DF0,38-2024-12-24,2024-12-24 10:08:28.713,0.1761565842871426,0.025894088481886506,0.07,0.017522265713841783,0.05499999999999999,0.009290346882259323,0.015000000000000013,1.8860722786683006,0.03999999999999998
497,01103F9A64,39-2024-12-24,2024-12-24 10:09:05.712,0.1902323792443685,0.027756053838986446,0.05699999999999994,0.017087515339240657,0.03699999999999992,0.011530228878326354,0.020000000000000018,1.4819753813699628,0.016999999999999904
498,3B00190DF0,41-2024-12-24,2024-12-24 10:10:53.713,0.1761565842871426,0.02520245492078671,0.05400000000000005,0.015943361561304464,0.038000000000000034,0.010225186948169469,0.016000000000000014,1.5592244564446494,0.02200000000000002
499,3B00192E1E,45-2024-12-24,2024-12-24 10:11:44.712,0.1013994993325588,0.012644131700351268,0.06699999999999995,0.005741956568828268,0.038999999999999924,0.007246083693672394,0.028000000000000025,0.7924220601871328,0.010999999999999899
500,01103F9A64,46-2024-12-24,2024-12-24 10:13:12.713,0.1902323792443684,0.032331310561419656,0.051000000000000156,0.014785826330654958,0.025000000000000133,0.018486760383408584,0.026000000000000023,0.7998062410072062,-0.0009999999999998899
501,3B00190DF0,48-2024-12-24,2024-12-24 10:13:23.711,0.1792264598687506,0.024457930802685476,0.062000000000000055,0.01669526206279335,0.04800000000000004,0.008664161482296841,0.014000000000000012,1.9269333907160153,0.03400000000000003
502,01103F97C4,50-2024-12-24,2024-12-24 10:14:17.711,0.1598146914690822,0.0005707729401374571,0.015000000000000124,0.00032631492077045404,0.008000000000000007,0.0003000138444223993,0.007000000000000117,1.0876662088667635,0.0009999999999998899
503,01103F9A64,51-2024-12-24,2024-12-24 10:15:08.711,0.1902323792443684,0.029539924479849853,0.05300000000000005,0.01608239040134934,0.030000000000000027,0.014442181131102893,0.02300000000000002,1.1135707449835308,0.007000000000000006
504,01103F97C4,53-2024-12-24,2024-12-24 10:15:45.711,0.1586141737419704,0.02261347447104283,0.05800000000000005,0.014547148124981849,0.04200000000000004,0.008892580357011832,0.016000000000000014,1.6358748013461997,0.026000000000000023
505,01103F9A64,54-2024-12-24,2024-12-24 10:16:17.713,0.1902323792443684,0.03400965763531774,0.052999999999999936,0.01563584634640036,0.026000000000000245,0.01933541999812611,0.02699999999999969,0.8086633932914676,-0.0009999999999994458
506,3B00199DE5,55-2024-12-24,2024-12-24 10:16:23.712,0.0992972915237892,0.014665260928750815,0.08300000000000007,0.005566291703818512,0.05500000000000005,0.009585704376571504,0.028000000000000025,0.5806867690832538,0.027000000000000024
507,3B00190DF0,56-2024-12-24,2024-12-24 10:16:35.711,0.1781980256104831,0.025604009150850305,0.07000000000000028,0.01706416872149755,0.05500000000000016,0.00946135717597505,0.015000000000000124,1.803564584246761,0.040000000000000036
508,3B00192E1E,59-2024-12-24,2024-12-24 10:17:48.710,0.1013994993325588,0.002263877217333897,0.027000000000000135,0.001315224259658948,0.015000000000000124,0.0010786872696142548,0.01200000000000001,1.219282267166535,0.0030000000000001137
509,3B00192E1E,61-2024-12-24,2024-12-24 10:19:01.712,0.1013994993325588,0.0007883174283515163,0.10999999999999993,0.0006931219799797346,0.05499999999999999,0.00013930384149001023,0.05499999999999994,4.975612822776605,5.551115123125783e-17
510,01103F9A64,62-2024-12-24,2024-12-24 10:19:36.709,0.1902323792443684,0.03294277378116233,0.052999999999999936,0.016079553131144734,0.027000000000000135,0.017811365401873756,0.0259999999999998,0.9027692581868634,0.001000000000000334
511,01103F9A64,64-2024-12-24,2024-12-24 10:20:02.711,0.1902323792443684,0.026550221764219676,0.052000000000000046,0.014852426296517273,0.030000000000000027,0.012602112736101468,0.02200000000000002,1.178566372761394,0.008000000000000007
512,3B00192E1E,68-2024-12-24,2024-12-24 10:22:18.714,0.1013994993325588,0.012678912710346164,0.05700000000000005,0.005466248292945357,0.030000000000000027,0.007601993782004193,0.027000000000000024,0.7190545598557742,0.0030000000000000027
513,3B0019B8CC,69-2024-12-24,2024-12-24 10:22:41.713,0.159959731469869,6.609704407357744e-05,0.02100000000000002,5.498851084380654e-05,0.018000000000000016,1.760088619154529e-05,0.0030000000000000027,3.124189898473445,0.015000000000000013
514,3B004CD4DE,71-2024-12-24,2024-12-24 10:32:44.711,0.1039052092457154,0.014712069316355412,0.045999999999999985,0.00607521778569701,0.019999999999999962,0.009107891263200744,0.026000000000000023,0.6670279222857152,-0.006000000000000061
515,3B004CD4DE,73-2024-12-24,2024-12-24 10:33:35.713,0.1003957029762879,0.014534861900443702,0.04600000000000004,0.006155502218672416,0.020000000000000018,0.008855227270349085,0.026000000000000023,0.6951263960534982,-0.006000000000000005
516,3B004873F2,74-2024-12-24,2024-12-24 10:41:59.712,0.1046564999395596,0.02693949473485913,0.10899999999999976,0.012199649277999467,0.05400000000000005,0.0158134482954561,0.054999999999999716,0.7714730557221325,-0.0009999999999996678
517,3B0019B8CC,75-2024-12-24,2024-12-24 10:42:50.713,0.1610898012336357,0.023103476028781992,0.07800000000000007,0.011391566629488724,0.05400000000000005,0.012405562279819314,0.02400000000000002,0.9182628221551794,0.030000000000000027
518,3B0019B8CC,79-2024-12-24,2024-12-24 10:45:00.714,0.1656221013219564,0.02447594902769348,0.07699999999999996,0.01241145395459473,0.05500000000000016,0.012859515517041259,0.021999999999999797,0.9651571972635545,0.03300000000000036
519,3B004873F2,80-2024-12-24,2024-12-24 10:45:09.712,0.1046564999395596,0.01379109750342649,0.044999999999999984,0.006059565895488031,0.02100000000000002,0.0082027047368628,0.023999999999999966,0.7387277842949115,-0.002999999999999947
520,3B00186A36,82-2024-12-24,2024-12-24 10:55:28.714,0.0955204384809406,0.0029228610401321182,0.04499999999999993,0.0019183793360960997,0.03399999999999992,0.001145919517929364,0.01100000000000001,1.674096047829383,0.02299999999999991
521,3B00190DF0,83-2024-12-24,2024-12-24 10:55:48.712,0.1816298325313804,0.027918578944949854,0.050000000000000044,0.018235231790010888,0.03400000000000003,0.010653206773183458,0.016000000000000014,1.7117129309752166,0.018000000000000016
522,3B004873F2,84-2024-12-24,2024-12-24 10:56:03.713,0.1046564999395596,0.014124357911537771,0.04799999999999999,0.006507555125241446,0.022999999999999965,0.00805930198541621,0.025000000000000022,0.8074589011576011,-0.0020000000000000573
523,01103F97C4,85-2024-12-24,2024-12-24 10:58:00.712,0.1601180999108803,0.025123035739130783,0.04800000000000004,0.01401695469297331,0.026999999999999913,0.012012694968999512,0.02100000000000013,1.1668451358455434,0.005999999999999783
524,3B0018A99B,88-2024-12-24,2024-12-24 11:09:51.712,0.0953464577083411,0.004886666462516345,0.03600000000000003,0.0027799911268644455,0.020000000000000018,0.0023071187526124423,0.016000000000000014,1.2049623036163835,0.0040000000000000036
525,3B00192E1E,90-2024-12-24,2024-12-24 12:03:34.721,0.0979528332819931,0.0035237034961123352,0.030000000000000027,0.001956649754561142,0.016000000000000014,0.0017472421152321803,0.014000000000000012,1.11985038450217,0.0020000000000000018
526,3B00192E1E,91-2024-12-24,2024-12-24 12:04:07.720,0.1013994993325588,0.0035766089173083237,0.03699999999999992,0.001998533954513876,0.020999999999999908,0.0017252725877951625,0.016000000000000014,1.15838735783076,0.004999999999999893
527,3B00186A36,93-2024-12-24,2024-12-24 12:09:38.719,0.093063423953397,0.010769815854552271,0.07100000000000017,0.007262778042577164,0.05500000000000016,0.0038629880998863313,0.016000000000000014,1.8800932994825617,0.039000000000000146
528,01103FA4B2,95-2024-12-24,2024-12-24 12:10:26.718,0.1022732142130403,0.01252162589882087,0.050999999999999934,0.007929401772554957,0.03400000000000003,0.005019359983865678,0.016999999999999904,1.5797635152775193,0.017000000000000126
529,3B00182A81,96-2024-12-24,2024-12-24 12:10:31.719,0.0989691687162381,0.003303157217681787,0.06,0.0021324553083886307,0.03999999999999998,0.0012668076213781941,0.020000000000000018,1.683330027702766,0.019999999999999962
530,3B00186A36,97-2024-12-24,2024-12-24 12:11:55.719,0.0955204384809406,-0.0004150573688369795,0.035999999999999976,-0.0004501388727913707,0.03199999999999997,4.988627376718717e-05,0.0040000000000000036,-9.023301176834954,0.02799999999999997
531,3B00182A81,98-2024-12-24,2024-12-24 12:14:59.721,0.0989691687162381,0.0032426086748637787,0.064,0.002275023793383473,0.043999999999999984,0.0010655460846912444,0.020000000000000018,2.1350778028926736,0.023999999999999966
532,3B00192E1E,99-2024-12-24,2024-12-24 12:15:04.719,0.1013994993325588,0.010974329884046721,0.06900000000000006,0.007596517283122528,0.05400000000000005,0.003740371055737011,0.015000000000000013,2.030952857329737,0.039000000000000035
533,01103F97C4,100-2024-12-24,2024-12-24 12:19:03.718,0.1570343779398801,0.025418656931034348,0.050000000000000044,0.0153043152896797,0.030999999999999917,0.011004805479605776,0.019000000000000128,1.3906938489773237,0.011999999999999789
534,01103F97C4,102-2024-12-24,2024-12-24 12:20:25.718,0.1559805227055397,0.029858562039451364,0.053999999999999826,0.011534402486497846,0.022999999999999687,0.019111607593211833,0.03100000000000014,0.6035286372557533,-0.008000000000000451
535,01103F97C4,103-2024-12-24,2024-12-24 12:21:08.718,0.1598146914690822,0.026940854579718083,0.05300000000000005,0.015067652609432084,0.03200000000000003,0.012814187366780142,0.02100000000000002,1.1758570542283382,0.01100000000000001
536,3B00182A81,104-2024-12-24,2024-12-24 12:21:55.718,0.0998143281652848,0.0032189563066376613,0.05699999999999994,0.001531110236396883,0.030000000000000027,0.0017964082974551957,0.026999999999999913,0.8523175040807061,0.0030000000000001137
537,01103F97C4,105-2024-12-24,2024-12-24 12:26:40.720,0.1598146914690822,0.02797627480949637,0.04800000000000004,0.016843949513920813,0.029000000000000137,0.012113355171426424,0.018999999999999906,1.3905271723273784,0.010000000000000231
538,01103F97C4,106-2024-12-24,2024-12-24 12:27:33.719,0.1598146914690822,0.025443920607262197,0.050000000000000044,0.014216509952791499,0.028000000000000025,0.012092366548530138,0.02200000000000002,1.1756598591133145,0.006000000000000005
539,3B0018A99B,107-2024-12-24,2024-12-24 12:28:35.722,0.0902825402538272,0.014693232819100429,0.04800000000000004,0.006310536820658152,0.02100000000000002,0.008838415337827041,0.027000000000000024,0.7139896213804342,-0.006000000000000005
540,01103F97C4,108-2024-12-24,2024-12-24 12:28:47.720,0.1598146914690822,0.02163701862657506,0.06300000000000006,0.010454356124612462,0.03700000000000003,0.012071193571519104,0.026000000000000023,0.8660581957097081,0.01100000000000001
541,01103F97C4,109-2024-12-24,2024-12-24 12:29:58.719,0.1600264100453471,0.027536948471202333,0.06400000000000006,0.01702932638611257,0.04400000000000004,0.011351484645727779,0.020000000000000018,1.5001849465146122,0.02400000000000002
542,3B0018A99B,110-2024-12-24,2024-12-24 12:30:44.720,0.0941531912557333,0.00462028372546178,0.03699999999999992,0.0027585784031896364,0.021999999999999797,0.002051739506761561,0.015000000000000124,1.3445071336291325,0.006999999999999673
543,3B004873F2,113-2024-12-24,2024-12-24 12:32:32.721,0.1046564999395596,0.01368959268969996,0.04800000000000004,0.005820626882553838,0.02100000000000002,0.008291458562295743,0.027000000000000024,0.7020027705405574,-0.006000000000000005
544,3B00186A36,114-2024-12-24,2024-12-24 12:36:20.720,0.0963673712053707,0.011024636185135231,0.05800000000000005,0.0066305329076307715,0.037000000000000144,0.004748305044282425,0.020999999999999908,1.396399946042808,0.016000000000000236
545,3B004873F2,115-2024-12-24,2024-12-24 12:36:26.720,0.0992308738376422,0.013762047788449803,0.050000000000000044,0.006156092583808318,0.02400000000000002,0.008026456569267487,0.026000000000000023,0.766975131638959,-0.0020000000000000018
546,3B004873F2,116-2024-12-24,2024-12-24 12:38:47.720,0.1046564999395596,0.014436586667241859,0.04700000000000015,0.006708667713189064,0.02200000000000002,0.00819113981474019,0.025000000000000133,0.8190151633252096,-0.0030000000000001137
547,3B004873F2,117-2024-12-24,2024-12-24 12:39:31.721,0.0977111194765592,0.0042048553801017985,0.07399999999999984,0.0025369945875239413,0.05500000000000016,0.0018029703293764166,0.018999999999999684,1.407119432964489,0.036000000000000476
548,3B00186A36,118-2024-12-24,2024-12-24 12:41:03.721,0.0998129573233166,0.01259209530902745,0.04800000000000004,0.005901570657801292,0.02299999999999991,0.007085824356159769,0.025000000000000133,0.8328700178224153,-0.002000000000000224
549,3B0018A99B,120-2024-12-24,2024-12-24 13:01:25.722,0.0947894834716217,0.00046232191096486953,0.02100000000000002,0.0002727557347502102,0.01200000000000001,0.00022188712539210646,0.009000000000000008,1.229254443078712,0.0030000000000000027
550,01103F97C4,121-2024-12-24,2024-12-24 13:01:42.719,0.1635295883903047,0.025832530345802022,0.04699999999999993,0.01430875764663696,0.026999999999999913,0.012454287771009417,0.020000000000000018,1.1489021218816142,0.006999999999999895
551,3B004873F2,122-2024-12-24,2024-12-24 13:02:20.720,0.1046564999395596,0.004134527037455731,0.04999999999999999,0.0026688928812720557,0.032999999999999974,0.0016091393798768668,0.017000000000000015,1.6585840323392511,0.01599999999999996
552,01103F97C4,124-2024-12-24,2024-12-24 13:02:41.719,0.1665297302249412,0.024569516372653383,0.04899999999999993,0.013603920970110178,0.028000000000000025,0.011863637119307486,0.020999999999999908,1.146690583444302,0.007000000000000117
553,01103F97C4,128-2024-12-24,2024-12-24 13:04:35.719,0.1640903560471573,0.026634438800799336,0.06499999999999995,0.01650980543098092,0.04599999999999982,0.011008123135285904,0.019000000000000128,1.4997838621608157,0.02699999999999969
554,3B00186A36,129-2024-12-24,2024-12-24 13:06:39.721,0.0955204384809406,0.001563980335402568,0.050999999999999934,0.0007984822997954825,0.018999999999999906,0.0008356805765148107,0.03200000000000003,0.9554874460832117,-0.013000000000000123
555,3B00182A81,130-2024-12-24,2024-12-24 13:15:47.721,0.0989691687162381,0.0038946842973972802,0.06700000000000006,0.002434660400312292,0.04700000000000004,0.0015796390211534083,0.020000000000000018,1.5412764357609823,0.027000000000000024
556,3B00192E1E,131-2024-12-24,2024-12-24 13:15:52.718,0.1016206874215193,0.0024675567667651116,0.09999999999999998,0.0011949021087208954,0.05499999999999999,0.0013245773489425454,0.044999999999999984,0.9021006660538367,0.010000000000000009
557,3B0018C6F9,133-2024-12-24,2024-12-24 13:17:12.719,0.0998984242976652,0.01341693939778139,0.04600000000000004,0.008050993618975716,0.028000000000000025,0.005865903110962169,0.018000000000000016,1.3725070916923365,0.010000000000000009
558,3B00186A36,134-2024-12-24,2024-12-24 13:17:44.720,0.0955204384809406,0.0035429682596996312,0.07100000000000001,0.0022251551411003987,0.05499999999999999,0.0014543882191922401,0.016000000000000014,1.529959547070753,0.03899999999999998
559,3B0018C6F9,135-2024-12-24,2024-12-24 13:18:06.718,0.1026676202612962,0.012184845863732587,0.04299999999999993,0.006378993243916136,0.02299999999999991,0.006319478924352572,0.020000000000000018,1.0094175991843601,0.0029999999999998916
560,3B00182A81,137-2024-12-24,2024-12-24 13:18:17.718,0.0989691687162381,0.004742796450616081,0.07099999999999998,0.0030681090721201283,0.05400000000000002,0.0018308183300902304,0.01699999999999996,1.6758129529809322,0.03700000000000006
561,3B00199DE5,140-2024-12-24,2024-12-24 13:20:57.719,0.1002564882618714,0.0012877510919966331,0.030000000000000027,0.0007641681160776184,0.018000000000000016,0.0005924223094458652,0.01200000000000001,1.289904353521729,0.006000000000000005
562,01103F97C4,142-2024-12-24,2024-12-24 13:38:11.721,0.164112486641123,0.02934935964749186,0.05400000000000005,0.012398927679450323,0.02499999999999991,0.017775318214128085,0.029000000000000137,0.6975361864180565,-0.004000000000000226
563,3B004873F2,143-2024-12-24,2024-12-24 13:38:55.721,0.1046564999395596,0.0043677954851547365,0.04600000000000001,0.002564393978900923,0.028999999999999998,0.0019715338011815184,0.017000000000000015,1.3007101259760852,0.011999999999999983
564,01103F97C4,144-2024-12-24,2024-12-24 13:39:00.720,0.1598146914690822,0.03155696586641891,0.05600000000000005,0.012540857604102739,0.02400000000000002,0.01983989345709956,0.03200000000000003,0.6321030720865634,-0.008000000000000007
565,01103F97C4,146-2024-12-24,2024-12-24 13:41:03.721,0.1599576905808694,0.026240758831379784,0.052999999999999936,0.01561841375095073,0.03399999999999981,0.011510306293681136,0.019000000000000128,1.3569068756688811,0.01499999999999968
566,3B004873F2,147-2024-12-24,2024-12-24 13:41:41.719,0.1008011096588529,0.004271167241864225,0.06999999999999995,0.0027753597255450665,0.05500000000000005,0.0016535004046661522,0.014999999999999902,1.6784753833219785,0.04000000000000015
567,01103F97C4,148-2024-12-24,2024-12-24 13:41:49.721,0.1609230533796871,0.02621555532330305,0.050000000000000266,0.01569915500070998,0.03000000000000025,0.01141118456139735,0.020000000000000018,1.375769090074865,0.010000000000000231
568,01103F97C4,150-2024-12-24,2024-12-24 13:43:44.721,0.1682128441974665,0.026352980924131585,0.04699999999999971,0.0159617801853967,0.028999999999999915,0.011329196120153555,0.017999999999999794,1.408906688180834,0.01100000000000012
569,01103F97C4,155-2024-12-24,2024-12-24 13:52:56.723,0.1598146914690822,0.02651847312523138,0.052000000000000046,0.016642397501727944,0.03400000000000003,0.010753719575758347,0.018000000000000016,1.5475945215499383,0.016000000000000014
570,3B00192E1E,159-2024-12-24,2024-12-24 13:56:57.722,0.1013994993325588,0.003139869879155576,0.031000000000000028,0.001812139667363787,0.018000000000000016,0.0014842479759711593,0.013000000000000012,1.2209143597976508,0.0050000000000000044
571,3B0019F652,161-2024-12-24,2024-12-24 14:11:44.720,0.0881893569011782,0.0035508045657549896,0.03499999999999992,0.0020795349021428574,0.02100000000000013,0.001633686068912644,0.01399999999999979,1.272909735667247,0.007000000000000339
572,3B0019F652,163-2024-12-24,2024-12-24 14:21:12.974,0.0888831624512221,0.0022941514224571777,0.03499999999999992,0.0013718500871947605,0.02200000000000002,0.0010371939162797828,0.0129999999999999,1.3226553546662958,0.009000000000000119
573,3B0018C6F9,164-2024-12-24,2024-12-24 14:30:42.974,0.0986842036561584,0.011975486001678665,0.04400000000000004,0.0063811327476260594,0.02400000000000002,0.006074116459677414,0.020000000000000018,1.0505450117703128,0.0040000000000000036
574,3B0018A99B,166-2024-12-24,2024-12-24 14:34:54.971,0.0959887222945378,0.00395938999217686,0.031999999999999806,0.002203808094857955,0.016999999999999904,0.0019397958237946723,0.014999999999999902,1.13610312375393,0.0020000000000000018
575,01103FA4B2,167-2024-12-24,2024-12-24 14:35:49.972,0.1022732142130403,0.016824084645176186,0.04799999999999982,0.005978955022558399,0.017999999999999794,0.011368808712024298,0.030000000000000027,0.5259086658951977,-0.012000000000000233
576,3B0018C6F9,168-2024-12-24,2024-12-24 14:36:09.971,0.0986799324575277,0.013447195474314147,0.04899999999999993,0.007224037644187883,0.028000000000000025,0.006731487922692307,0.020999999999999908,1.0731710027786214,0.007000000000000117
577,3B004C5268,170-2024-12-24,2024-12-24 14:37:47.972,0.0922080082044902,0.012081599889289567,0.08000000000000007,0.005623415665722845,0.05500000000000016,0.006840835351444641,0.02499999999999991,0.8220364000626469,0.03000000000000025
578,01103FA4B2,172-2024-12-24,2024-12-24 14:39:57.972,0.1022732142130403,0.016143437930738046,0.052000000000000046,0.006344839192152863,0.02200000000000002,0.010267992000871716,0.030000000000000027,0.6179240489877873,-0.008000000000000007
579,3B004873F2,174-2024-12-24,2024-12-24 14:42:18.971,0.1046564999395596,0.0032801674320978532,0.05499999999999999,0.0020273355065747473,0.035999999999999976,0.0013616191980548276,0.019000000000000017,1.4889151897027775,0.01699999999999996
580,3B004CD4DE,175-2024-12-24,2024-12-24 14:42:24.971,0.1039052092457154,0.015572087477785723,0.04500000000000015,0.006302873143914079,0.019000000000000128,0.009781581828267166,0.026000000000000023,0.6443613369056332,-0.006999999999999895
581,3B00192E1E,180-2024-12-24,2024-12-24 14:54:26.972,0.1013994993325588,0.0029177531133824223,0.08400000000000002,0.0013858231241332742,0.05499999999999999,0.001598992314043707,0.029000000000000026,0.8666852942079832,0.025999999999999968
582,3B00186A36,181-2024-12-24,2024-12-24 14:54:38.972,0.0955204384809406,0.012341115488371707,0.08000000000000007,0.004804669604407162,0.05500000000000016,0.007968505483371718,0.02499999999999991,0.602957432160059,0.03000000000000025
583,3B004873F2,184-2024-12-24,2024-12-24 15:00:27.973,0.0997400654435224,0.003969202804053158,0.049000000000000044,0.002217188836976178,0.029000000000000026,0.0018928418856871234,0.020000000000000018,1.1713544875256778,0.009000000000000008
584,3B00186A36,185-2024-12-24,2024-12-24 15:04:02.971,0.0972769268976941,0.013196976239274705,0.050999999999999934,0.005484886660480983,0.02299999999999991,0.008105737972126567,0.028000000000000025,0.6766671559507622,-0.0050000000000001155
585,3B00192E1E,186-2024-12-24,2024-12-24 15:04:27.971,0.1013994993325588,0.0023417635401398007,0.07799999999999985,0.0012493631153194104,0.04799999999999982,0.0011562255650990514,0.030000000000000027,1.0805530971046986,0.017999999999999794
586,3B004873F2,188-2024-12-24,2024-12-24 15:04:54.972,0.1011875229713105,0.004822815039392271,0.05399999999999994,0.0028412425043701033,0.03600000000000003,0.002143221335372002,0.017999999999999905,1.3256878594281745,0.018000000000000127
587,3B0019F652,189-2024-12-24,2024-12-24 15:05:42.972,0.0881893569011782,0.012552472864692583,0.05799999999999994,0.00943301311814056,0.04299999999999993,0.003462707645576202,0.015000000000000013,2.7241725504004792,0.027999999999999914
588,3B0019B8CC,191-2024-12-24,2024-12-24 15:08:59.970,0.159959731469869,0.02700310698395261,0.052000000000000046,0.011045142933976076,0.02400000000000002,0.01672745008219711,0.028000000000000025,0.6603004570153422,-0.0040000000000000036
589,01103F97C4,192-2024-12-24,2024-12-24 15:09:28.970,0.1679695080026766,0.024005397417501653,0.06700000000000017,0.015108819560377776,0.04800000000000004,0.009687344479946857,0.019000000000000128,1.5596451217001277,0.028999999999999915
590,3B0019B8CC,193-2024-12-24,2024-12-24 15:10:25.970,0.159959731469869,0.029064750733074827,0.08100000000000007,0.013498735805745165,0.05300000000000005,0.016320750300746124,0.028000000000000025,0.8270903945591308,0.025000000000000022
591,01103F97C4,195-2024-12-24,2024-12-24 15:11:14.970,0.1687324561681341,0.024781211573039374,0.053999999999999826,0.014949204505698975,0.03599999999999981,0.010713807383550763,0.018000000000000016,1.3953213802080247,0.017999999999999794
592,3B0019B8CC,196-2024-12-24,2024-12-24 15:11:22.969,0.159959731469869,0.025103448948022505,0.06000000000000005,0.014020440868621625,0.037000000000000144,0.011805482632354668,0.02299999999999991,1.187621150718272,0.014000000000000234
593,3B0019F652,197-2024-12-24,2024-12-24 15:12:11.969,0.0908864259931982,0.013081098603909016,0.08700000000000019,0.003611306522805903,0.05500000000000016,0.009883780904191201,0.03200000000000003,0.3653770310989527,0.02300000000000013
594,3B0019B8CC,198-2024-12-24,2024-12-24 15:12:34.968,0.1641858179246841,0.028524469278941755,0.052999999999999936,0.013909666620290318,0.027000000000000135,0.01541005153322,0.0259999999999998,0.9026359574661221,0.001000000000000334
595,3B0019B8CC,199-2024-12-24,2024-12-24 15:13:59.969,0.1680611057475831,0.025615745018093303,0.05300000000000038,0.0137658469404413,0.03000000000000025,0.012615403201504791,0.02300000000000013,1.091193576658674,0.007000000000000117
596,3B0019B8CC,201-2024-12-24,2024-12-24 15:15:56.969,0.159959731469869,0.024794260928999383,0.05500000000000016,0.014973772312763922,0.03400000000000003,0.010588860912604402,0.02100000000000013,1.4141060531770666,0.0129999999999999
597,3B0019B8CC,203-2024-12-24,2024-12-24 15:17:25.968,0.16481164260148,0.025181613272130674,0.07999999999999963,0.0121043870563815,0.054999999999999716,0.013805191096849528,0.02499999999999991,0.8767996742286192,0.029999999999999805
598,3B0019B8CC,208-2024-12-24,2024-12-24 15:19:19.968,0.159959731469869,0.029467989592411065,0.05499999999999994,0.012605531184496057,0.026000000000000023,0.017656155205653806,0.028999999999999915,0.7139454223000684,-0.0029999999999998916
599,3B0018C6F9,213-2024-12-24,2024-12-24 15:24:37.968,0.0986842036561584,0.01203713950230444,0.04300000000000004,0.007171481357797409,0.026000000000000023,0.00534798659347763,0.017000000000000015,1.340968462139322,0.009000000000000008
600,3B004873F2,216-2024-12-24,2024-12-24 15:25:50.969,0.1046564999395596,0.005067800975354171,0.05300000000000005,0.0031284148980572093,0.03600000000000003,0.002142663676554473,0.017000000000000015,1.4600587727738406,0.019000000000000017
601,3B00190DF0,219-2024-12-24,2024-12-24 15:26:39.967,0.1761565842871426,0.023954846756709967,0.07100000000000001,0.015028188839563073,0.05499999999999999,0.009845284089626568,0.016000000000000014,1.526435266138988,0.03899999999999998
602,01103F97C4,220-2024-12-24,2024-12-24 15:27:30.968,0.1743920937668931,0.00801397326386678,0.036999999999999034,0.0046846116737749854,0.021999999999998465,0.003673179712344019,0.015000000000000568,1.2753559696608274,0.006999999999997897
603,3B00186A36,221-2024-12-24,2024-12-24 15:27:56.969,0.1642228187041886,0.0013154588686135414,0.06099999999999994,0.0011773967083553436,0.05499999999999994,0.00017071310014853548,0.006000000000000005,6.896932381468701,0.04899999999999993
604,3B004873F2,223-2024-12-24,2024-12-24 15:28:40.969,0.1046564999395596,0.004096213873112815,0.043999999999999984,0.0024815659975310823,0.02899999999999997,0.0017894054267487702,0.015000000000000013,1.3868103675308068,0.013999999999999957
605,3B00190DF0,226-2024-12-24,2024-12-24 15:29:14.967,0.1870370556115993,0.023546608799160075,0.05099999999999971,0.014377400030697358,0.0349999999999997,0.01011945205715994,0.016000000000000014,1.4207686295153443,0.018999999999999684
606,3B00192E1E,227-2024-12-24,2024-12-24 15:29:32.968,0.1048830723329223,0.004024314636690911,0.06800000000000006,0.0029475439120504585,0.05300000000000016,0.001193439413790697,0.014999999999999902,2.4697893148075574,0.038000000000000256
607,3B0019B8CC,228-2024-12-24,2024-12-24 15:29:50.969,0.1732642953451508,0.026094172118276304,0.07899999999999974,0.01309376134818368,0.0519999999999996,0.013669350115158487,0.027000000000000135,0.9578920166558238,0.024999999999999467
608,01103F97C4,229-2024-12-24,2024-12-24 15:29:55.968,0.1671883240687228,0.027123030945732287,0.05300000000000016,0.017045329865144117,0.03500000000000014,0.010994470353436,0.018000000000000016,1.5503547981114978,0.017000000000000126
609,3B004873F2,230-2024-12-24,2024-12-24 15:30:15.968,0.1012129692371453,0.013420003372775728,0.07599999999999985,0.007470379594297525,0.05499999999999994,0.006374370684225756,0.020999999999999908,1.1719399395432073,0.03400000000000003
610,3B00190DF0,232-2024-12-24,2024-12-24 15:30:55.970,0.1872775724625532,0.025423223156999374,0.050000000000000044,0.01586878109245605,0.03300000000000014,0.010447468346855329,0.016999999999999904,1.518911621994292,0.016000000000000236
611,01103F97C4,234-2024-12-24,2024-12-24 15:31:40.967,0.1598146914690822,0.02532999859194601,0.05500000000000016,0.01490802337627713,0.03600000000000003,0.011326667594577115,0.019000000000000128,1.3161879477609695,0.016999999999999904
612,3B00182A81,235-2024-12-24,2024-12-24 15:31:45.968,0.104133725975949,0.004197989513735909,0.05799999999999997,0.0026631736249931653,0.04100000000000001,0.0016755646139660972,0.01699999999999996,1.58941863703446,0.02400000000000005
613,3B0018C6F9,237-2024-12-24,2024-12-24 15:33:45.968,0.1014441761259851,0.0037663807087928497,0.066,0.002083284073899006,0.041000000000000036,0.0017821738150842928,0.024999999999999967,1.1689567292853933,0.01600000000000007
614,3B0019B8CC,241-2024-12-24,2024-12-24 15:36:46.967,0.159959731469869,0.02433873019025647,0.05400000000000027,0.015089652307541845,0.03500000000000014,0.010031201690762116,0.019000000000000128,1.5042716488731487,0.016000000000000014
615,3B004CD4DE,242-2024-12-24,2024-12-24 15:37:01.970,0.1039052092457154,2.9070865400957866e-05,0.0040000000000000036,1.7174339705357074e-05,0.0020000000000000018,2.006962419257148e-05,0.0020000000000000018,0.8557379819654989,0.0
616,3B004CD4DE,243-2024-12-24,2024-12-24 15:38:22.969,0.0977901995683585,0.015775782698513034,0.04700000000000015,0.006593183500331608,0.02100000000000013,0.009707743279224313,0.026000000000000023,0.6791674759716585,-0.004999999999999893
617,3B00186A36,4-2025-01-01,2025-01-01 08:33:11.663,0.0955204384809406,0.010491685682701802,0.07700000000000001,0.0048562402670289904,0.05499999999999999,0.006032952195533545,0.02200000000000002,0.8049525521890053,0.032999999999999974
618,3B0019B8CC,6-2025-01-01,2025-01-01 08:33:26.662,0.159959731469869,0.0272372780639023,0.052000000000000046,0.011851840763443993,0.02400000000000002,0.016140153087072128,0.028000000000000025,0.7343078284020137,-0.0040000000000000036
619,3B00190DF0,7-2025-01-01,2025-01-01 08:35:10.662,0.1761565842871426,0.022563886890055885,0.06999999999999995,0.015372751717192294,0.05499999999999994,0.007945703696488678,0.015000000000000013,1.9347250167390129,0.039999999999999925
620,3B0019B8CC,10-2025-01-01,2025-01-01 08:50:00.667,0.159959731469869,0.026561274017242408,0.050000000000000044,0.011428878746674268,0.02300000000000013,0.015901295429480426,0.026999999999999913,0.7187388472442025,-0.0039999999999997815
621,3B00190DF0,11-2025-01-01,2025-01-01 08:51:08.669,0.1761565842871426,0.023016248131284864,0.06000000000000005,0.015257785919906461,0.04500000000000004,0.008625217196871936,0.015000000000000013,1.7689741106391992,0.030000000000000027
622,3B0019B8CC,12-2025-01-01,2025-01-01 08:51:12.669,0.159959731469869,0.02335172801725311,0.07499999999999996,0.013681938682781464,0.05499999999999994,0.010373313020677332,0.020000000000000018,1.3189555405788858,0.03499999999999992
623,3B00192E1E,13-2025-01-01,2025-01-01 08:51:51.669,0.1013994993325588,0.012086347284278431,0.04999999999999993,0.005030041800881435,0.02199999999999991,0.007432861492067696,0.028000000000000025,0.6767301941855723,-0.006000000000000116
624,3B0019B8CC,14-2025-01-01,2025-01-01 08:52:22.667,0.1537417692911293,0.023616335653811805,0.07499999999999996,0.013323735054966382,0.05400000000000005,0.011030651961441016,0.020999999999999908,1.2078828251984666,0.03300000000000014
625,3B0019B8CC,15-2025-01-01,2025-01-01 08:54:04.667,0.159959731469869,0.024960001882893323,0.05299999999999999,0.015887969147396715,0.03400000000000003,0.009794915679734246,0.01899999999999996,1.6220628810791136,0.015000000000000069
626,3B00190DF0,16-2025-01-01,2025-01-01 09:03:52.664,0.1761565842871426,0.02508353982193469,0.051999999999999935,0.016729101224147967,0.03700000000000003,0.009275384795022327,0.014999999999999902,1.8036018552163688,0.02200000000000013
627,3B00182A81,17-2025-01-01,2025-01-01 09:04:03.662,0.0989691687162381,0.012673157654337845,0.05099999999999999,0.00800742473654026,0.033999999999999975,0.005097426091240747,0.017000000000000015,1.5708760839710774,0.01699999999999996
628,3B00192E1E,18-2025-01-01,2025-01-01 09:04:47.663,0.1013994993325588,0.011202563299774156,0.04699999999999993,0.004890408003645777,0.02100000000000002,0.0066589368387938675,0.025999999999999912,0.7344127331490917,-0.004999999999999893
629,3B00190DF0,19-2025-01-01,2025-01-01 09:05:14.663,0.1761565842871426,0.022049120883450506,0.05800000000000005,0.015844446207533405,0.04500000000000004,0.007011680276483432,0.013000000000000012,2.2597217190113907,0.03200000000000003
630,3B00190DF0,20-2025-01-01,2025-01-01 09:06:46.661,0.1761565842871426,0.02477589213268218,0.05599999999999994,0.015824074636846448,0.039999999999999925,0.009861639432283636,0.016000000000000014,1.6046089238513261,0.02399999999999991
631,3B0019B8CC,21-2025-01-01,2025-01-01 09:07:17.662,0.1541533963042826,0.026315551651133105,0.05400000000000027,0.012125793881955038,0.027000000000000135,0.014938163394456383,0.027000000000000135,0.8117325779456243,0.0
632,3B00190DF0,22-2025-01-01,2025-01-01 09:08:32.663,0.1761565842871426,0.02427111896027208,0.04699999999999993,0.015533958770076852,0.03200000000000003,0.009669960078941511,0.014999999999999902,1.606413950343549,0.017000000000000126
633,3B001857EE,24-2025-01-01,2025-01-01 09:09:12.660,0.10256506244428,0.012638805616382661,0.04899999999999999,0.006644149191396501,0.02699999999999997,0.006439906466067652,0.02200000000000002,1.0317151695300264,0.004999999999999949
634,3B001857EE,27-2025-01-01,2025-01-01 09:11:37.661,0.10256506244428,0.005922989519987067,0.04100000000000015,0.00300506823544068,0.02100000000000013,0.003133769049158247,0.020000000000000018,0.9589309832030739,0.001000000000000112
635,3B001857EE,28-2025-01-01,2025-01-01 09:13:25.661,0.10256506244428,0.012251768206519005,0.052000000000000046,0.007819077143920593,0.03500000000000014,0.0048527447443231665,0.016999999999999904,1.611268994328931,0.018000000000000238
636,3B001857EE,29-2025-01-01,2025-01-01 09:15:02.662,0.10256506244428,0.011286561756961378,0.04999999999999993,0.007505766569062997,0.03499999999999992,0.004182943788189027,0.015000000000000013,1.7943742371715115,0.019999999999999907
637,3B004873F2,32-2025-01-01,2025-01-01 09:28:47.661,0.1046564999395596,0.013067493909791778,0.043999999999999984,0.007323741853855107,0.024999999999999967,0.006241680372399024,0.019000000000000017,1.1733606043399796,0.00599999999999995
638,3B004873F2,37-2025-01-01,2025-01-01 09:31:27.662,0.1046564999395596,0.003113809790340636,0.04200000000000004,0.002043165700465981,0.029000000000000026,0.0012037229874096056,0.013000000000000012,1.6973720048853131,0.016000000000000014
639,3B0019B8CC,39-2025-01-01,2025-01-01 09:33:21.661,0.159959731469869,0.027278140222161042,0.052000000000000046,0.011067808067090602,0.02299999999999991,0.016961623966094363,0.029000000000000137,0.6525205422083833,-0.006000000000000227
640,3B004C0894,41-2025-01-01,2025-01-01 09:33:56.661,0.0898937694602053,0.012231927921528926,0.051000000000000156,0.00713824810663626,0.03000000000000025,0.005507169271858356,0.020999999999999908,1.296173724514465,0.009000000000000341
641,3B004873F2,43-2025-01-01,2025-01-01 09:34:10.663,0.1046564999395596,0.012520693595507709,0.04600000000000004,0.007051691341390561,0.027000000000000024,0.005935538588064299,0.019000000000000017,1.1880457412189551,0.008000000000000007
642,3B0019B8CC,44-2025-01-01,2025-01-01 09:34:46.662,0.159959731469869,0.023669463353658115,0.052999999999999936,0.015719431803778938,0.03500000000000014,0.0086643489982423,0.017999999999999794,1.8142657696461526,0.017000000000000348
643,3B0018A99B,46-2025-01-01,2025-01-01 09:35:15.663,0.0953464577083411,0.004316754009768342,0.03299999999999992,0.002403944851026582,0.018000000000000016,0.0021231992211474537,0.014999999999999902,1.132227643587493,0.0030000000000001137
644,3B004CD4DE,48-2025-01-01,2025-01-01 09:35:37.662,0.1039052092457154,0.011447514798050727,0.07900000000000001,0.0042018357497156395,0.05499999999999999,0.0076917254971848965,0.02400000000000002,0.5462799928642116,0.030999999999999972
645,3B001857EE,51-2025-01-01,2025-01-01 09:39:25.663,0.10256506244428,0.005814816250822956,0.04099999999999998,0.003450302967255147,0.02400000000000002,0.002569673419490203,0.01699999999999996,1.3427009600074595,0.007000000000000062
646,3B0019B8CC,52-2025-01-01,2025-01-01 09:39:30.662,0.1573476952844205,0.02619416379054389,0.052000000000000046,0.012915838231268165,0.027000000000000024,0.014007397146324905,0.025000000000000022,0.9220726803378221,0.0020000000000000018
647,3B001857EE,56-2025-01-01,2025-01-01 10:05:19.660,0.10256506244428,0.0051797562778307885,0.04400000000000004,0.003202799408942074,0.028000000000000025,0.0021663836768096123,0.016000000000000014,1.4784082077551328,0.01200000000000001
648,3B004873F2,59-2025-01-01,2025-01-01 10:12:31.659,0.1046564999395596,0.0031208322071771396,0.043999999999999984,0.001798788464596577,0.024999999999999967,0.0014416598407377835,0.019000000000000017,1.247720449559051,0.00599999999999995
649,3B00190DF0,60-2025-01-01,2025-01-01 10:12:37.660,0.1761565842871426,0.023178533739285224,0.07000000000000006,0.015264168642618947,0.05499999999999994,0.008803162296339382,0.015000000000000124,1.7339415233735094,0.039999999999999813
650,3B004873F2,61-2025-01-01,2025-01-01 10:13:25.658,0.1046564999395596,0.004008716649444744,0.03200000000000003,0.002386110448387631,0.019000000000000017,0.0018173608560095385,0.013000000000000012,1.3129535834874984,0.006000000000000005
651,3B004873F2,66-2025-01-01,2025-01-01 10:27:38.658,0.1046564999395596,0.0026047419644364086,0.04099999999999998,0.0014787856577454202,0.02400000000000002,0.0012356395088476183,0.01699999999999996,1.1967775772438394,0.007000000000000062
652,3B00192E1E,69-2025-01-01,2025-01-01 10:29:02.660,0.1013994993325588,0.011363117082655956,0.052999999999999936,0.005219219912819121,0.027000000000000135,0.006489268484595368,0.0259999999999998,0.804284785751866,0.001000000000000334
653,3B00192E1E,70-2025-01-01,2025-01-01 10:30:22.658,0.095464292361893,0.002216525188534079,0.10899999999999999,0.000784820361045175,0.05400000000000005,0.0014762424055713166,0.05499999999999994,0.5316338008468493,-0.0009999999999998899
654,3B004873F2,71-2025-01-01,2025-01-01 10:30:32.660,0.1046564999395596,0.013738934797652525,0.04800000000000004,0.006550499359189835,0.02400000000000002,0.00763824738037315,0.02400000000000002,0.8575919360796906,0.0
655,3B00190DF0,73-2025-01-01,2025-01-01 10:31:22.660,0.1761565842871426,0.025399597138763153,0.052999999999999936,0.01597165096590449,0.03699999999999992,0.010365236075430986,0.016000000000000014,1.5408863676305982,0.020999999999999908
656,3B004873F2,74-2025-01-01,2025-01-01 10:31:54.660,0.1046564999395596,0.01394616364587672,0.04800000000000004,0.00610419358768094,0.02200000000000002,0.008285419369544786,0.026000000000000023,0.7367392422064346,-0.0040000000000000036
657,3B00182A81,75-2025-01-01,2025-01-01 10:32:52.660,0.0989691687162381,0.004898175491745155,0.04500000000000004,0.003268494934774637,0.03200000000000003,0.0018235120079706693,0.013000000000000012,1.7924175549641952,0.019000000000000017
658,3B004CD4DE,77-2025-01-01,2025-01-01 10:33:24.661,0.1039052092457154,0.013168470105753229,0.04300000000000001,0.008206196410076888,0.026999999999999996,0.005475598155069303,0.016000000000000014,1.4986849249482634,0.010999999999999982
659,3B004CD4DE,78-2025-01-01,2025-01-01 10:35:09.660,0.1039052092457154,0.013655097595552444,0.07200000000000001,0.007359838230281371,0.05099999999999999,0.006733201858845684,0.02100000000000002,1.093066624849877,0.02999999999999997
660,3B0018A99B,79-2025-01-01,2025-01-01 10:36:33.660,0.0953464577083411,0.00022769758067292417,0.025999999999999968,0.00018439682266604068,0.019999999999999962,5.520813565426827e-05,0.006000000000000005,3.3400298793061043,0.013999999999999957
661,3B00190DF0,80-2025-01-01,2025-01-01 10:36:38.662,0.1761565842871426,0.027188662470067234,0.06499999999999995,0.017587312011499715,0.04800000000000004,0.010532344862066109,0.016999999999999904,1.6698382213863103,0.03100000000000014
662,3B00190DF0,82-2025-01-01,2025-01-01 10:39:16.663,0.1761565842871426,0.028038867511522486,0.06700000000000006,0.01844552578956414,0.050000000000000044,0.010511053994691634,0.017000000000000015,1.7548692832212287,0.03300000000000003
663,3B004873F2,84-2025-01-01,2025-01-01 10:40:01.660,0.1046564999395596,0.0134651114635211,0.04600000000000004,0.006271384418506569,0.02200000000000002,0.0076385744281666605,0.02400000000000002,0.8210150306818138,-0.0020000000000000018
664,3B00192E1E,85-2025-01-01,2025-01-01 10:49:05.664,0.0963096249637781,0.00189899949933966,0.06700000000000006,0.001442971941634095,0.05400000000000005,0.0005180425385083726,0.013000000000000012,2.785431377486723,0.041000000000000036
665,3B004873F2,87-2025-01-01,2025-01-01 10:49:50.664,0.1046564999395596,0.013924436733116843,0.044999999999999984,0.006189895731694537,0.020000000000000018,0.008194708540621778,0.024999999999999967,0.7553527622136608,-0.004999999999999949
666,3B0018A99B,88-2025-01-01,2025-01-01 10:50:11.664,0.0953464577083411,0.002787667578876703,0.03200000000000003,0.001798006411667191,0.02100000000000013,0.0011263106311369124,0.010999999999999899,1.5963681438860788,0.010000000000000231
667,3B00192E1E,90-2025-01-01,2025-01-01 10:50:42.664,0.1013994993325588,0.003226007704828108,0.07,0.002087871422316153,0.05400000000000005,0.0012450094771247378,0.01599999999999996,1.676992392971936,0.03800000000000009
668,3B0018C2F6,93-2025-01-01,2025-01-01 10:52:59.665,0.1527499213865018,0.02503072527437755,0.05799999999999983,0.015773109035148027,0.038999999999999924,0.010110651009791834,0.018999999999999906,1.5600488059445716,0.020000000000000018
669,3B0018C2F6,95-2025-01-01,2025-01-01 10:54:29.663,0.1571190912084223,0.023464433580425124,0.052999999999999936,0.012544933534559743,0.030999999999999917,0.011768638599976474,0.02200000000000002,1.06596301925567,0.008999999999999897
670,3B0018C2F6,96-2025-01-01,2025-01-01 10:57:31.661,0.1571190912084223,0.025951556747044247,0.052000000000000046,0.0162743465031569,0.03400000000000003,0.010605022357859088,0.018000000000000016,1.534588608490432,0.016000000000000014
671,3B0018C2F6,97-2025-01-01,2025-01-01 11:02:19.662,0.1571190912084223,0.024371529559405306,0.051000000000000156,0.01460051577509089,0.03200000000000003,0.010652415570566518,0.019000000000000128,1.370629570201269,0.0129999999999999
672,3B0018C2F6,101-2025-01-01,2025-01-01 11:05:29.661,0.1571190912084223,0.025244529937686777,0.05399999999999999,0.014722554093196758,0.03300000000000003,0.011392118906940132,0.020999999999999963,1.292345542867158,0.012000000000000066
673,3B004873F2,102-2025-01-01,2025-01-01 11:05:42.664,0.1046564999395596,0.013306551686075686,0.07100000000000006,0.007187618770082102,0.050000000000000044,0.0065629299790462,0.02100000000000002,1.0951844363767977,0.029000000000000026
674,3B0018C2F6,109-2025-01-01,2025-01-01 11:20:15.664,0.1571190912084223,0.026833252259664413,0.050999999999999934,0.015704871313248214,0.030999999999999917,0.012082405254457971,0.020000000000000018,1.2998133221407786,0.010999999999999899
675,3B0018C2F6,111-2025-01-01,2025-01-01 11:21:59.664,0.1571190912084223,0.021474653211875257,0.05600000000000005,0.013263053118924414,0.038000000000000034,0.008998863123657086,0.018000000000000016,1.473858746007283,0.020000000000000018
676,3B00182A81,112-2025-01-01,2025-01-01 11:22:05.664,0.0989691687162381,0.004512816836106783,0.07299999999999995,0.0026244631113781776,0.04799999999999999,0.0020075380021722967,0.024999999999999967,1.307304324270985,0.02300000000000002
677,3B001857EE,113-2025-01-01,2025-01-01 11:22:15.663,0.0981864243688147,0.0058329015202601584,0.04600000000000004,0.0036271753020292704,0.028999999999999915,0.0024065333842245877,0.017000000000000126,1.5072200227124575,0.011999999999999789
678,3B0019B8CC,114-2025-01-01,2025-01-01 11:22:46.664,0.159959731469869,0.020631215199373828,0.06700000000000017,0.01168814604528873,0.040000000000000036,0.009501902730721814,0.027000000000000135,1.2300847921225602,0.0129999999999999
679,3B0018C2F6,116-2025-01-01,2025-01-01 11:24:03.664,0.1546806498740925,0.024523415849529554,0.07,0.015389962746917743,0.05099999999999999,0.009954275474035724,0.019000000000000017,1.5460655862960813,0.03199999999999997
680,3B0019B8CC,117-2025-01-01,2025-01-01 11:24:19.664,0.159959731469869,0.022846158106430557,0.051000000000000156,0.01265050633350443,0.029000000000000137,0.010972290178268906,0.02200000000000002,1.1529503985010625,0.007000000000000117
681,3B0018A99B,119-2025-01-01,2025-01-01 11:24:39.665,0.0908020493693927,0.002548358793530329,0.08000000000000007,0.0012662484625206832,0.05400000000000005,0.0013720495059299804,0.026000000000000023,0.9228883192974988,0.028000000000000025
682,3B0018C2F6,120-2025-01-01,2025-01-01 11:24:45.665,0.1571190912084223,0.025772489110081034,0.05499999999999994,0.01787776598710107,0.038000000000000034,0.008661042721929073,0.016999999999999904,2.0641586193583814,0.02100000000000013
683,3B004873F2,121-2025-01-01,2025-01-01 11:24:51.664,0.1046564999395596,0.003614403558365949,0.04300000000000004,0.0022075745579813477,0.029000000000000026,0.0015720027191082763,0.014000000000000012,1.4043070862075873,0.015000000000000013
684,3B0019B8CC,125-2025-01-01,2025-01-01 11:32:38.665,0.159959731469869,0.024560199229531694,0.07999999999999985,0.010835963388057902,0.05499999999999994,0.014499022667767914,0.02499999999999991,0.7473581934696064,0.030000000000000027
685,3B0018C2F6,127-2025-01-01,2025-01-01 11:32:49.666,0.1571190912084223,0.024669571333931432,0.05799999999999983,0.015911430997042883,0.039999999999999813,0.009584448329888995,0.018000000000000016,1.6601300825445804,0.021999999999999797
686,3B0019B8CC,128-2025-01-01,2025-01-01 11:33:46.669,0.159959731469869,0.027705212274284463,0.04999999999999982,0.011586786282657215,0.02200000000000002,0.016930632339202337,0.027999999999999803,0.6843681943189082,-0.005999999999999783
687,3B0018C2F6,129-2025-01-01,2025-01-01 11:34:17.666,0.1571190912084223,0.02358978311538388,0.053999999999999826,0.014342919002948654,0.03599999999999981,0.010130502468039045,0.018000000000000016,1.415815162989147,0.017999999999999794
688,3B00190DF0,130-2025-01-01,2025-01-01 11:34:25.665,0.1761565842871426,0.022123987562652596,0.07000000000000006,0.013495240242865528,0.052999999999999936,0.009484356240509017,0.017000000000000126,1.4228947016166962,0.03599999999999981
689,3B0019B8CC,131-2025-01-01,2025-01-01 11:34:49.666,0.159959731469869,0.006603071990609678,0.05800000000000005,0.00369508702691358,0.03400000000000003,0.0030814272669876337,0.02400000000000002,1.1991478969827682,0.010000000000000009
690,3B004C0894,133-2025-01-01,2025-01-01 11:35:54.666,0.114762175982298,0.010735074317970137,0.052999999999999936,0.007251979776219235,0.038000000000000256,0.0038545299227739564,0.01499999999999968,1.881417428717291,0.023000000000000576
691,3B0019B8CC,134-2025-01-01,2025-01-01 11:36:18.666,0.159959731469869,0.02529327638162439,0.06199999999999983,0.0136039620153669,0.040000000000000036,0.012472060834327604,0.021999999999999797,1.0907549438761472,0.018000000000000238
692,3B0018C2F6,136-2025-01-01,2025-01-01 11:36:53.666,0.1599148351289141,0.024113902354882616,0.05899999999999994,0.01531274551402249,0.040999999999999925,0.009643788878812542,0.018000000000000016,1.5878349999619628,0.02299999999999991
693,3B0018C2F6,137-2025-01-01,2025-01-01 11:38:59.666,0.1571190912084223,0.02483054504896828,0.062000000000000055,0.014619555943260665,0.041000000000000036,0.011072238714564182,0.02100000000000002,1.3203794029504097,0.020000000000000018
694,3B00192E1E,140-2025-01-01,2025-01-01 11:41:59.668,0.1013994993325588,0.003963618299808432,0.04500000000000004,0.0023809905363476112,0.029000000000000026,0.0017297231489645818,0.016000000000000014,1.3765153907854446,0.013000000000000012
695,3B0018C2F6,141-2025-01-01,2025-01-01 11:45:31.668,0.1571190912084223,0.026263711614010157,0.05800000000000005,0.017730945186414517,0.04200000000000004,0.009384762447855993,0.016000000000000014,1.8893334045408108,0.026000000000000023
696,3B0018C2F6,143-2025-01-01,2025-01-01 11:48:06.669,0.1599577002912535,0.021704690717646368,0.05699999999999994,0.01382412920772858,0.040999999999999925,0.008712494040344548,0.016000000000000014,1.586701711784687,0.02499999999999991
697,3B004CD4DE,145-2025-01-01,2025-01-01 11:49:57.669,0.1039052092457154,0.0142406254126067,0.07899999999999996,0.006808275258559264,0.053999999999999826,0.007848325168466076,0.025000000000000133,0.8674812921761134,0.028999999999999693
698,3B0018C2F6,146-2025-01-01,2025-01-01 11:50:07.669,0.1571190912084223,0.026073485212450606,0.052999999999999936,0.01629219107139072,0.03499999999999992,0.010709766397091387,0.018000000000000016,1.5212461660989578,0.016999999999999904
699,3B00182A81,149-2025-01-01,2025-01-01 11:51:41.669,0.0989691687162381,0.0048589671353040315,0.056999999999999995,0.0033216688250891414,0.04099999999999998,0.0016866173543871631,0.016000000000000014,1.96942644782407,0.024999999999999967
700,3B00190DF0,150-2025-01-01,2025-01-01 11:51:53.670,0.1761565842871426,0.027428347788470083,0.06799999999999998,0.01725785021593281,0.04799999999999996,0.011028819189486111,0.020000000000000018,1.5647958244147206,0.02799999999999994
701,3B004873F2,151-2025-01-01,2025-01-01 11:52:02.671,0.1046564999395596,0.003604718536519982,0.045999999999999985,0.0020733059218639082,0.02699999999999997,0.0016671728019747847,0.019000000000000017,1.2436058934071228,0.007999999999999952
702,3B00190DF0,153-2025-01-01,2025-01-01 11:53:05.670,0.1761565842871426,0.02091864234542801,0.07000000000000006,0.01393260146336447,0.05500000000000005,0.007766363671553142,0.015000000000000013,1.7939671708134397,0.040000000000000036
703,3B00190DF0,154-2025-01-01,2025-01-01 11:55:11.598,0.1761565842871426,0.024927046014571817,0.05199999999999999,0.016285298663986345,0.03700000000000003,0.009595398255383521,0.014999999999999958,1.6971988270366412,0.022000000000000075
704,3B0018C2F6,155-2025-01-01,2025-01-01 12:01:40.599,0.1571190912084223,0.021789526622487874,0.05600000000000005,0.012387248038396083,0.03500000000000003,0.010178687663023567,0.02100000000000002,1.2169788924161238,0.014000000000000012
705,3B00192E1E,158-2025-01-01,2025-01-01 12:10:23.598,0.1013994993325588,0.004104683876801935,0.07400000000000001,0.002305483864281525,0.05499999999999999,0.0019416169104075386,0.019000000000000017,1.1874040918801083,0.035999999999999976
706,3B004873F2,162-2025-01-01,2025-01-01 12:11:35.598,0.1046564999395596,0.003700902203465253,0.04099999999999998,0.0019739666464006628,0.022999999999999965,0.0018857685253552007,0.018000000000000016,1.0467703855799848,0.004999999999999949
707,3B0018C2F6,164-2025-01-01,2025-01-01 12:12:04.596,0.160726219686895,0.022922926581758735,0.05500000000000016,0.013778328728185261,0.037000000000000144,0.009984362928464828,0.018000000000000016,1.3799907742640305,0.019000000000000128
708,3B00190DF0,166-2025-01-01,2025-01-01 12:13:09.597,0.1761565842871426,0.024551013210415664,0.04600000000000004,0.015625089436175417,0.030999999999999917,0.00991557248968345,0.015000000000000124,1.5758131416448595,0.015999999999999792
709,3B0019B8CC,167-2025-01-01,2025-01-01 12:13:14.598,0.159959731469869,0.022166098135076463,0.05700000000000016,0.012360810474013847,0.03300000000000014,0.010528235723637603,0.02400000000000002,1.1740628533099629,0.009000000000000119
710,3B001857EE,168-2025-01-01,2025-01-01 12:13:17.598,0.10256506244428,0.005408830186514564,0.04199999999999998,0.0034480208850182397,0.02699999999999997,0.00216963174477811,0.015000000000000013,1.5892194116890892,0.011999999999999955
711,3B00190DF0,170-2025-01-01,2025-01-01 12:14:27.599,0.1761565842871426,0.02250977436922932,0.04600000000000004,0.014211598021007105,0.030000000000000027,0.009167050833131185,0.016000000000000014,1.5502911764865666,0.014000000000000012
712,3B0019B8CC,172-2025-01-01,2025-01-01 12:15:03.596,0.159959731469869,0.027232753200884474,0.04699999999999993,0.014013527782113842,0.02400000000000002,0.014071388744183781,0.02299999999999991,0.9958880418186261,0.001000000000000112
713,3B00190DF0,173-2025-01-01,2025-01-01 12:17:26.598,0.1761565842871426,0.02612245603969053,0.05400000000000005,0.016225786103076532,0.037000000000000144,0.010860327291989432,0.016999999999999904,1.494042091626894,0.02000000000000024
714,3B004CD4DE,175-2025-01-01,2025-01-01 12:18:54.599,0.1039052092457154,0.0020403132867150074,0.07099999999999995,0.0006428592074853791,0.016000000000000014,0.001458535396813525,0.05499999999999994,0.4407566719942754,-0.038999999999999924
715,3B0018C2F6,176-2025-01-01,2025-01-01 12:19:08.598,0.1571190912084223,0.022240911509738035,0.08299999999999996,0.011504326282039299,0.05499999999999994,0.011341407204746577,0.028000000000000025,1.0143649790851825,0.026999999999999913
716,3B00190DF0,177-2025-01-01,2025-01-01 12:19:13.599,0.1761565842871426,0.024138619566991315,0.06899999999999995,0.016020183489712955,0.05499999999999994,0.009090021831619327,0.014000000000000012,1.7623921907412037,0.040999999999999925
717,3B0018C2F6,179-2025-01-01,2025-01-01 12:21:04.597,0.1549446049607633,0.023519069403842317,0.06399999999999983,0.014642859397001433,0.04400000000000004,0.009650580653704376,0.019999999999999796,1.5173034579407167,0.024000000000000243
718,3B004873F2,180-2025-01-01,2025-01-01 12:21:14.596,0.1046564999395596,0.003099033650754097,0.04999999999999999,0.0018345611704282756,0.032999999999999974,0.0013846439010700398,0.017000000000000015,1.3249335580148398,0.01599999999999996
719,3B004873F2,181-2025-01-01,2025-01-01 12:22:04.597,0.0941165406379006,0.004579771835262879,0.05199999999999999,0.0028560327636067413,0.038000000000000034,0.0019120217767867943,0.013999999999999957,1.4937239723317293,0.024000000000000077
720,3B004CD4DE,182-2025-01-01,2025-01-01 12:30:14.597,0.1039052092457154,0.0026650049618013078,0.04899999999999999,0.001335626920354639,0.024999999999999967,0.0014239448729746749,0.02400000000000002,0.9379765647559541,0.0009999999999999454
721,3B00192E1E,183-2025-01-01,2025-01-01 12:31:36.597,0.1013994993325588,0.0038277707537024224,0.07200000000000006,0.002320712602946139,0.05500000000000005,0.0016438991675714755,0.017000000000000015,1.4117122562781736,0.038000000000000034
722,3B0019B8CC,184-2025-01-01,2025-01-01 12:31:59.597,0.1578193923143941,0.02004682586103027,0.04800000000000004,0.01303049022245502,0.03299999999999992,0.007805579858059836,0.015000000000000124,1.66938145011739,0.017999999999999794
723,3B0019B8CC,185-2025-01-01,2025-01-01 12:33:19.598,0.1623284197490127,0.019987255184209927,0.05600000000000005,0.010050410284078623,0.028999999999999915,0.01061288051466018,0.027000000000000135,0.9470011718491897,0.0019999999999997797
724,3B00182A81,186-2025-01-01,2025-01-01 12:33:29.598,0.0989691687162381,0.0041595283099341435,0.03999999999999998,0.0025831395426782586,0.025000000000000022,0.0017486976912591875,0.014999999999999958,1.477179020473352,0.010000000000000064
725,3B00192E1E,188-2025-01-01,2025-01-01 12:34:06.597,0.0990352584955225,0.004428083825623485,0.07099999999999995,0.0028724981934116246,0.05400000000000005,0.0016939697556568449,0.016999999999999904,1.6957198815499512,0.037000000000000144
726,3B001857EE,190-2025-01-01,2025-01-01 12:41:31.599,0.10256506244428,0.0053904976106447094,0.04200000000000004,0.003387792442985491,0.026999999999999913,0.0022099244442379405,0.015000000000000124,1.5329901670704948,0.011999999999999789
727,3B001857EE,193-2025-01-01,2025-01-01 12:42:45.598,0.10256506244428,0.005601003205016615,0.040999999999999925,0.003256106450706233,0.02400000000000002,0.0025582731725191997,0.016999999999999904,1.272775122564358,0.007000000000000117
728,3B004CD4DE,194-2025-01-01,2025-01-01 12:43:11.599,0.1039052092457154,0.013749220007846558,0.06599999999999995,0.007957994415311215,0.04599999999999993,0.006257687794199199,0.020000000000000018,1.271714837337871,0.025999999999999912
729,3B0018C2F6,195-2025-01-01,2025-01-01 12:43:48.599,0.084208082455557,0.026439817408615528,0.06899999999999995,0.018377727790750475,0.05400000000000027,0.008983211242793604,0.01499999999999968,2.04578599946575,0.03900000000000059
730,3B00192E1E,197-2025-01-01,2025-01-01 12:44:33.600,0.0990094558726645,0.003940035784305706,0.05899999999999994,0.0022519731201570106,0.03799999999999992,0.0018026419992006415,0.02100000000000002,1.2492625386269816,0.016999999999999904
731,3B0019B8CC,198-2025-01-01,2025-01-01 12:46:18.600,0.159959731469869,0.02012774125371193,0.06299999999999994,0.012599691270121758,0.04400000000000004,0.00814710278641999,0.018999999999999906,1.5465241571670818,0.025000000000000133
732,3B00190DF0,199-2025-01-01,2025-01-01 12:46:27.598,0.1804065681636367,0.02505873281034869,0.05900000000000016,0.01567076157331451,0.04200000000000004,0.010307303214357211,0.017000000000000126,1.5203551547301382,0.02499999999999991
733,3B0019B8CC,201-2025-01-01,2025-01-01 12:47:31.600,0.159959731469869,0.026890497179807748,0.04800000000000004,0.013968597019013769,0.025000000000000133,0.013751432129073192,0.02299999999999991,1.0157921653470148,0.002000000000000224
734,3B00182A81,202-2025-01-01,2025-01-01 12:47:43.601,0.1023450745211842,0.004204867951871586,0.05799999999999983,0.0025102900763950384,0.03600000000000003,0.0018594366962132898,0.021999999999999797,1.350027178396124,0.014000000000000234
735,3B0018C2F6,203-2025-01-01,2025-01-01 12:48:03.598,0.1571190912084223,0.02443919231149567,0.052000000000000046,0.014783961645513446,0.03300000000000014,0.010547817233692441,0.018999999999999906,1.4016133687157253,0.014000000000000234
736,3B00190DF0,204-2025-01-01,2025-01-01 12:48:12.599,0.1761565842871426,0.023286069025310583,0.05700000000000005,0.01612151235024278,0.04300000000000004,0.007993604909082578,0.014000000000000012,2.0168012471976224,0.029000000000000026
737,3B004873F2,205-2025-01-01,2025-01-01 12:48:56.598,0.1046564999395596,0.014791787380209604,0.049000000000000044,0.0065161376471019146,0.02300000000000002,0.008725080094197564,0.026000000000000023,0.746828404639556,-0.0030000000000000027
738,3B004873F2,208-2025-01-01,2025-01-01 12:50:00.600,0.1046564999395596,0.014297630963888783,0.04799999999999999,0.00631919833453608,0.02200000000000002,0.008440141394130787,0.025999999999999968,0.7487076388234923,-0.003999999999999948
739,3B0019B8CC,210-2025-01-01,2025-01-01 12:51:08.599,0.159959731469869,0.028937798191752715,0.052000000000000046,0.012890852448497359,0.025000000000000022,0.01686907033889534,0.027000000000000024,0.7641708872820735,-0.0020000000000000018
740,3B00192E1E,212-2025-01-01,2025-01-01 12:52:02.600,0.1013994993325588,0.0041019289778947265,0.07100000000000001,0.0027015577701711324,0.05499999999999999,0.0015449615556330165,0.016000000000000014,1.74862459219202,0.03899999999999998
741,3B00182A81,213-2025-01-01,2025-01-01 12:52:26.600,0.0989691687162381,0.005035532252709226,0.06600000000000003,0.0031329353638688885,0.048000000000000015,0.0020614509289670316,0.018000000000000016,1.5197719818820838,0.03
742,3B00190DF0,214-2025-01-01,2025-01-01 12:52:57.599,0.1761565842871426,0.0253222381681097,0.062000000000000055,0.016963909483942954,0.04700000000000015,0.009280556775307465,0.014999999999999902,1.8278978184884753,0.03200000000000025
743,3B0018C2F6,215-2025-01-01,2025-01-01 12:54:05.599,0.1571190912084223,0.013173952580753155,0.052999999999999936,0.009953537980000692,0.039000000000000035,0.003551576606442204,0.013999999999999901,2.80256885405371,0.025000000000000133
744,3B0018C2F6,217-2025-01-01,2025-01-01 13:03:18.599,0.1571190912084223,0.022345380156927018,0.064,0.012957240974110752,0.04299999999999998,0.010147741614889693,0.02100000000000002,1.2768595679553671,0.021999999999999964
745,3B0018C2F6,220-2025-01-01,2025-01-01 13:10:42.596,0.1643668513214655,0.02450167732693363,0.050000000000000044,0.013915743470623654,0.028999999999999915,0.011456371766679496,0.02100000000000013,1.2146728260946598,0.007999999999999785
746,3B0018A99B,222-2025-01-01,2025-01-01 13:17:36.595,0.097517425410286,0.010975955713599857,0.08400000000000007,0.004299052349995041,0.052000000000000046,0.007183458688821137,0.03200000000000003,0.598465521446543,0.020000000000000018
747,3B001857EE,223-2025-01-01,2025-01-01 13:17:51.594,0.10256506244428,0.0037115605832399954,0.063,0.001451141252725745,0.02699999999999997,0.002370884362110341,0.03600000000000003,0.6120674951156513,-0.009000000000000064
748,3B004873F2,225-2025-01-01,2025-01-01 13:18:01.595,0.1720352973323102,0.01022354999046129,0.07799999999999996,0.004844873952963887,0.05499999999999994,0.00590166095047268,0.02300000000000002,0.8209339698811142,0.03199999999999992
749,3B004873F2,226-2025-01-01,2025-01-01 13:19:51.596,0.0974667834479013,0.004476591875308435,0.04700000000000004,0.002698178207103905,0.031000000000000028,0.00196242597851284,0.016000000000000014,1.3749197353923284,0.015000000000000013
750,3B0018C2F6,229-2025-01-01,2025-01-01 13:20:20.594,0.1609335855403465,0.021135206536933716,0.05699999999999994,0.012297072039822622,0.03699999999999992,0.009584858421456942,0.020000000000000018,1.2829685634473265,0.016999999999999904
751,3B0019B8CC,230-2025-01-01,2025-01-01 13:24:49.594,0.159959731469869,0.0241037746889873,0.04800000000000004,0.012605057451841761,0.025000000000000133,0.01233422181226125,0.02299999999999991,1.0219580646191457,0.002000000000000224
752,3B0018A99B,231-2025-01-01,2025-01-01 13:25:45.594,0.0953464577083411,0.004419322968521563,0.03400000000000003,0.0026013724288449077,0.020000000000000018,0.002011566861244951,0.014000000000000012,1.2932070412190666,0.006000000000000005
753,3B00190DF0,232-2025-01-01,2025-01-01 13:26:04.594,0.1761565842871426,0.031219424017281464,0.07699999999999996,0.015082552620462654,0.054999999999999716,0.017215849338713694,0.02200000000000024,0.8760853051000019,0.032999999999999474
754,3B004C0894,234-2025-01-01,2025-01-01 13:38:53.593,0.114762175982298,0.006214425767933873,0.040999999999999925,0.003627963617921504,0.02400000000000002,0.002826235787856039,0.016999999999999904,1.283673369897297,0.007000000000000117
755,3B00192E1E,237-2025-01-01,2025-01-01 13:39:43.594,0.1021955748358337,0.004412118619607686,0.04799999999999993,0.0023378673095731644,0.028000000000000025,0.00222405508374529,0.019999999999999907,1.0511732945194034,0.008000000000000118
756,3B00192E1E,240-2025-01-01,2025-01-01 13:41:51.594,0.1013994993325588,0.004501570994699798,0.06499999999999995,0.002518207527532465,0.04599999999999993,0.0021343161868227554,0.019000000000000017,1.1798661993381536,0.026999999999999913
757,3B0019B8CC,241-2025-01-01,2025-01-01 13:41:56.593,0.159959731469869,0.02595427975386969,0.052999999999999936,0.013966232775204026,0.028999999999999915,0.012810834248294118,0.02400000000000002,1.09018917148692,0.004999999999999893
758,3B00182A81,242-2025-01-01,2025-01-01 13:42:24.594,0.0989691687162381,0.004497898104242083,0.064,0.002839478016376669,0.04500000000000004,0.0017967386484729763,0.01899999999999996,1.5803511650344377,0.02600000000000008
759,3B0018C2F6,243-2025-01-01,2025-01-01 13:47:37.595,0.1571190912084223,0.02996435173980779,0.050000000000000044,0.01424092406172535,0.025000000000000133,0.016619780194908704,0.02499999999999991,0.8568659690269496,2.220446049250313e-16
760,3B004873F2,245-2025-01-01,2025-01-01 13:48:26.595,0.1000853263568463,0.014758227058021883,0.04800000000000004,0.006876731295768307,0.02299999999999991,0.008334598833605036,0.025000000000000133,0.8250824584431564,-0.002000000000000224
761,3B0018C2F6,246-2025-01-01,2025-01-01 13:49:49.594,0.1594016462994898,0.027951940019006305,0.04799999999999993,0.01568002145410808,0.027000000000000024,0.013174784217099165,0.020999999999999908,1.1901539483096384,0.006000000000000116
762,3B0019B8CC,248-2025-01-01,2025-01-01 13:50:01.594,0.159959731469869,0.02706783454836288,0.07299999999999995,0.01666242351734271,0.052999999999999936,0.01120734888595987,0.020000000000000018,1.4867408596708134,0.03299999999999992
763,3B00190DF0,249-2025-01-01,2025-01-01 13:50:25.594,0.1761565842871426,0.024768889585056294,0.05400000000000027,0.015235847472111184,0.03699999999999992,0.010479705439151872,0.017000000000000348,1.4538431028023464,0.019999999999999574
764,3B0018C2F6,250-2025-01-01,2025-01-01 13:51:02.594,0.1571190912084223,0.022398818682000443,0.050000000000000044,0.012362591939354083,0.029000000000000137,0.010853949801247584,0.020999999999999908,1.1389947591182974,0.00800000000000023
765,3B004C0894,253-2025-01-01,2025-01-01 13:51:31.595,0.1052695200649027,0.0031049638554643466,0.061,0.0017731899350982342,0.03600000000000003,0.0013999840355799916,0.024999999999999967,1.2665786823516378,0.011000000000000065
766,3B0019B8CC,255-2025-01-01,2025-01-01 13:52:25.594,0.159959731469869,0.00217634253794903,0.029000000000000026,0.0012274082169378604,0.017000000000000015,0.001075727346544525,0.01200000000000001,1.1410030811994956,0.0050000000000000044
767,3B001857EE,256-2025-01-01,2025-01-01 13:53:33.595,0.10256506244428,0.0061131945299967225,0.04299999999999998,0.0036239492117297696,0.025000000000000022,0.002695732422354276,0.01799999999999996,1.3443282358732214,0.007000000000000062
768,3B0018C2F6,259-2025-01-01,2025-01-01 13:54:06.595,0.1637343543825744,0.029178428407301893,0.05400000000000027,0.015363444125659112,0.03000000000000025,0.014677181546141843,0.02400000000000002,1.04675710914659,0.006000000000000227
769,3B00192E1E,261-2025-01-01,2025-01-01 13:55:17.594,0.1013994993325588,0.0036822080634882847,0.068,0.0021582619924642105,0.04700000000000004,0.0016382966170497295,0.020999999999999963,1.3173817060984006,0.02600000000000008
770,3B00182A81,263-2025-01-01,2025-01-01 13:55:28.596,0.0989691687162381,0.004185620705215587,0.07200000000000001,0.002934130300312102,0.05499999999999999,0.001376750963719317,0.017000000000000015,2.1311990168399793,0.03799999999999998
771,3B0018C2F6,264-2025-01-01,2025-01-01 13:55:34.595,0.1646896387201079,0.022307101239384525,0.06200000000000028,0.014465466228839843,0.04499999999999993,0.008620776846626384,0.017000000000000348,1.677977111134792,0.02799999999999958
772,3B0018C2F6,265-2025-01-01,2025-01-01 13:57:17.596,0.1641810785001007,0.029659051203286664,0.052000000000000046,0.013703969907855933,0.02499999999999991,0.01679854310747894,0.027000000000000135,0.8157832390687939,-0.002000000000000224
773,3B00190DF0,266-2025-01-01,2025-01-01 13:57:25.595,0.1833135275876349,0.020302772467064936,0.06899999999999995,0.01389045043429191,0.05500000000000016,0.0071981109891489335,0.01399999999999979,1.9297355174477857,0.04100000000000037
774,3B0018C2F6,268-2025-01-01,2025-01-01 14:02:17.595,0.163546118489205,0.02934681603426712,0.052000000000000046,0.01616906756578518,0.028999999999999915,0.014043118478476918,0.02300000000000013,1.1513872499592297,0.005999999999999783
775,3B001857EE,269-2025-01-01,2025-01-01 14:07:43.598,0.1007058526637179,0.0031249895606514583,0.09099999999999997,0.0011742416636090027,0.05400000000000005,0.0020416877984312533,0.03699999999999992,0.575132821242915,0.017000000000000126
776,3B0018A99B,272-2025-01-01,2025-01-01 14:09:59.598,0.0958739966589119,0.0035277012182504553,0.06299999999999994,0.0017550330549255208,0.03600000000000003,0.0018783005924103639,0.026999999999999913,0.9343728378817909,0.009000000000000119
777,3B0018C2F6,273-2025-01-01,2025-01-01 14:10:54.597,0.1643665921341219,0.029256017825680852,0.05400000000000027,0.01574929328166506,0.03000000000000025,0.014330168071597947,0.02400000000000002,1.0990306047337843,0.006000000000000227
778,3B0018C2F6,276-2025-01-01,2025-01-01 14:12:25.599,0.1660723081362042,0.02876321487562759,0.04800000000000004,0.016286206125955528,0.027000000000000135,0.013405631622828137,0.020999999999999908,1.2148779396729152,0.006000000000000227
779,3B0018C2F6,279-2025-01-01,2025-01-01 14:15:09.601,0.1571190912084223,0.030059409226997385,0.049000000000000044,0.01556139896096421,0.025000000000000022,0.015399346376178015,0.02400000000000002,1.0105233417592894,0.0010000000000000009
780,3B0018C2F6,280-2025-01-01,2025-01-01 14:20:32.600,0.1693843512850032,0.02379473299302501,0.05500000000000016,0.014641484048760273,0.037000000000000366,0.009998061731433241,0.017999999999999794,1.4644322511760877,0.019000000000000572
781,3B004873F2,281-2025-01-01,2025-01-01 14:27:35.603,0.1046564999395596,0.012281355970932722,0.07899999999999996,0.005087758469731536,0.05499999999999994,0.007622375042176016,0.02400000000000002,0.6674767958254513,0.030999999999999917
782,3B0018C2F6,283-2025-01-01,2025-01-01 14:29:19.602,0.1655714593930803,0.020144632845597112,0.06000000000000005,0.01203853550399751,0.040999999999999925,0.008830116755753981,0.019000000000000128,1.363349527190886,0.021999999999999797
783,3B004873F2,284-2025-01-01,2025-01-01 14:29:45.603,0.1046564999395596,0.013565738828501548,0.04400000000000004,0.00569873960113653,0.019000000000000128,0.00832801816565272,0.02499999999999991,0.6842852030078255,-0.005999999999999783
784,3B00190DF0,285-2025-01-01,2025-01-01 14:29:57.602,0.1761565842871426,0.02789039754074853,0.052000000000000046,0.017790618508288735,0.03500000000000014,0.011086399107386421,0.016999999999999904,1.6047247024000393,0.018000000000000238
785,3B004CD4DE,286-2025-01-01,2025-01-01 14:30:18.604,0.1039052092457154,0.0034784876280408604,0.04400000000000004,0.0023968591830647373,0.03200000000000003,0.001221009892098932,0.01200000000000001,1.9630137303347355,0.020000000000000018
786,3B0019B8CC,287-2025-01-01,2025-01-01 14:30:44.604,0.159959731469869,0.02673792748305874,0.07700000000000001,0.015242391350835395,0.05499999999999999,0.012258274814298833,0.02200000000000002,1.2434369094952658,0.032999999999999974
787,3B004CD4DE,288-2025-01-01,2025-01-01 14:30:55.604,0.1039052092457154,0.0032833311934707815,0.06700000000000006,0.002432978803947145,0.050000000000000044,0.0009444058606799938,0.017000000000000015,2.576200450720779,0.03300000000000003
788,3B00182A81,291-2025-01-01,2025-01-01 14:40:11.606,0.0989691687162381,0.005100060416934913,0.06099999999999997,0.003712697352045376,0.048000000000000015,0.0015477925513655642,0.012999999999999956,2.3987047545679108,0.03500000000000006
789,3B0019B8CC,295-2025-01-01,2025-01-01 14:44:40.607,0.159959731469869,0.02304078144314618,0.07600000000000007,0.013038962076431926,0.05499999999999994,0.010778090779153399,0.02100000000000013,1.2097654717894402,0.03399999999999981
790,3B00190DF0,298-2025-01-01,2025-01-01 14:48:42.608,0.1798078274743395,0.027632337774596057,0.06500000000000039,0.018772571143115386,0.04900000000000038,0.009752409542930073,0.016000000000000014,1.9249162025526712,0.03300000000000036
791,3B0019B8CC,299-2025-01-01,2025-01-01 14:49:44.608,0.1613201657985411,0.026660933175461782,0.08400000000000007,0.011804010908094135,0.05500000000000016,0.015549499617093687,0.028999999999999915,0.7591248077923931,0.026000000000000245
792,3B00190DF0,300-2025-01-01,2025-01-01 14:49:53.609,0.1839712285683405,0.024977007673045996,0.052000000000000046,0.015358991700354652,0.03500000000000014,0.010563875254946944,0.016999999999999904,1.45391642079096,0.018000000000000238
793,3B0019B8CC,307-2025-01-01,2025-01-01 14:53:31.609,0.1655355894851367,0.005579109298103004,0.09800000000000009,0.0018131134899237503,0.052000000000000046,0.003941829010326691,0.04600000000000004,0.4599675645934432,0.006000000000000005
794,3B0019B8CC,308-2025-01-01,2025-01-01 14:54:56.608,0.159959731469869,0.026679238227234343,0.04899999999999993,0.013841404487199055,0.026000000000000245,0.013633188186678085,0.022999999999999687,1.015272751880916,0.0030000000000005578
795,3B0018C2F6,309-2025-01-01,2025-01-01 14:55:11.609,0.1571190912084223,0.03140165814798957,0.050000000000000044,0.014508738933003763,0.02400000000000002,0.017817469586604,0.026000000000000023,0.8142985098126451,-0.0020000000000000018
796,3B00190DF0,311-2025-01-01,2025-01-01 14:56:55.607,0.1761565842871426,0.023659370498163558,0.05300000000000005,0.014684732556129409,0.03600000000000003,0.00987796499467384,0.017000000000000015,1.4866151645655112,0.019000000000000017
797,3B0019B8CC,312-2025-01-01,2025-01-01 14:57:08.607,0.1646401686280851,0.007448202871546085,0.09000000000000008,0.0029244184260683328,0.05499999999999994,0.00473876321439316,0.03500000000000014,0.6171269366626984,0.019999999999999796
798,3B0018C2F6,314-2025-01-01,2025-01-01 14:57:46.605,0.1630231954955807,0.01830405646195178,0.07299999999999951,0.011366951105792156,0.054999999999999716,0.0076153586256126685,0.017999999999999794,1.4926350372472006,0.03699999999999992
799,01103FA4B2,315-2025-01-01,2025-01-01 14:57:55.607,0.100866132101319,0.015471501270885655,0.04400000000000004,0.0070984779382787105,0.020000000000000018,0.008901493369191082,0.02400000000000002,0.7974479835987094,-0.0040000000000000036
800,3B00199DE5,316-2025-01-01,2025-01-01 14:58:15.606,0.1002564882618714,0.016988998222675897,0.050000000000000044,0.0067155379862996745,0.02100000000000002,0.01077549468424086,0.029000000000000026,0.6232231728647349,-0.008000000000000007
801,3B00190DF0,323-2025-01-01,2025-01-01 16:01:45.590,0.1761565842871426,0.0220775831657447,0.05599999999999983,0.0146101025355274,0.040999999999999925,0.008303646849900644,0.014999999999999902,1.7594802379754644,0.026000000000000023
802,3B004CD4DE,324-2025-01-01,2025-01-01 16:01:47.591,0.0984797943978346,0.0038691170428159683,0.07500000000000001,0.002291725157846771,0.05499999999999999,0.0017148751400739347,0.020000000000000018,1.3363801855264903,0.034999999999999976
803,3B00190DF0,326-2025-01-01,2025-01-01 16:03:12.589,0.1761565842871426,0.027102437217269796,0.04700000000000015,0.016605127259612742,0.03000000000000025,0.011461571870946775,0.016999999999999904,1.4487652694220803,0.013000000000000345
804,3B00190DF0,327-2025-01-01,2025-01-01 16:04:31.590,0.1761565842871426,0.021914171478033526,0.06400000000000006,0.014155214734101891,0.04800000000000004,0.00858453426903246,0.016000000000000014,1.648920522708483,0.03200000000000003
805,3B00199DE5,329-2025-01-01,2025-01-01 16:04:42.589,0.1002564882618714,0.003992336274142768,0.03600000000000003,0.0024114004091030494,0.02200000000000002,0.0017771779197752117,0.014000000000000012,1.3568705655582634,0.008000000000000007
806,3B00190DF0,330-2025-01-01,2025-01-01 16:05:52.590,0.1761565842871426,0.024828347439443902,0.04899999999999993,0.01593766419232999,0.03400000000000003,0.009860624356566977,0.014999999999999902,1.616293615496652,0.019000000000000128
807,3B00190DF0,331-2025-01-01,2025-01-01 16:07:20.588,0.1761565842871426,0.02169099430853452,0.06300000000000006,0.013865103278958762,0.04800000000000004,0.008706514996010245,0.015000000000000013,1.5924974901338178,0.03300000000000003
808,3B004CD4DE,332-2025-01-01,2025-01-01 16:07:25.588,0.1039052092457154,0.004705088682705041,0.061,0.003492760031686945,0.04799999999999999,0.0013546808311923027,0.013000000000000012,2.5782899936753685,0.034999999999999976
809,3B00190DF0,1-2025-01-04,2025-01-04 08:13:36.933,0.1761565842871426,0.023959570727067215,0.05800000000000005,0.01499811183399466,0.04200000000000004,0.00984953003113816,0.016000000000000014,1.5227236006773772,0.026000000000000023
810,3B0019B8CC,2-2025-01-04,2025-01-04 08:13:41.932,0.159959731469869,0.02510442899706971,0.052999999999999936,0.011587080081609299,0.026999999999999913,0.014240343780077599,0.026000000000000023,0.8136798001899191,0.0009999999999998899
811,3B00199DE5,3-2025-01-04,2025-01-04 08:14:51.933,0.0950654953023283,0.015015280971331516,0.052000000000000046,0.006180716408844407,0.02300000000000013,0.009291111858214044,0.028999999999999915,0.6652289309572984,-0.005999999999999783
812,3B00190DF0,4-2025-01-04,2025-01-04 08:15:21.932,0.1761565842871426,0.02351198232225269,0.05399999999999994,0.015598847126542678,0.038999999999999924,0.00879792884372003,0.015000000000000013,1.7730135584896383,0.02399999999999991
813,3B00182A81,5-2025-01-04,2025-01-04 08:15:27.931,0.0911785410516422,0.01195929880101858,0.05399999999999994,0.007006508175106347,0.03499999999999992,0.00537894085843791,0.019000000000000017,1.3025813741966101,0.015999999999999903
814,3B0018C6F9,6-2025-01-04,2025-01-04 08:15:35.931,0.0986842036561584,0.010125683242050643,0.04899999999999993,0.005669074967533688,0.029999999999999805,0.004889548536565255,0.019000000000000128,1.159427076986544,0.010999999999999677
815,3B00190DF0,7-2025-01-04,2025-01-04 08:16:25.932,0.1717009209281592,0.024454207659915586,0.050000000000000044,0.014933245855202754,0.03300000000000014,0.010435101053653313,0.016999999999999904,1.4310590552426559,0.016000000000000236
816,3B004CD4DE,8-2025-01-04,2025-01-04 08:25:11.930,0.0962151299130684,0.013726450838157364,0.051999999999999935,0.006205121009732359,0.027000000000000024,0.007953306281041213,0.02499999999999991,0.7801938955279377,0.002000000000000113
817,3B0019B8CC,9-2025-01-04,2025-01-04 08:33:20.931,0.159959731469869,0.025463504277124075,0.05399999999999994,0.012874197586737662,0.029000000000000026,0.013291475008247195,0.02499999999999991,0.968605634720705,0.004000000000000115
818,3B004873F2,12-2025-01-04,2025-01-04 08:48:30.922,0.1046564999395596,0.013377505091510644,0.04600000000000004,0.005266618226929478,0.019000000000000017,0.008547466184891156,0.027000000000000024,0.6161613410344885,-0.008000000000000007
819,3B004873F2,14-2025-01-04,2025-01-04 08:50:17.923,0.1046564999395596,0.012264800847468662,0.06000000000000005,0.006476138950012319,0.040000000000000036,0.006256578413850013,0.020000000000000018,1.0350927490457518,0.020000000000000018
820,3B004873F2,15-2025-01-04,2025-01-04 08:51:20.919,0.1046564999395596,0.013782816624054514,0.04700000000000004,0.005708155398621923,0.020000000000000018,0.008527992060969871,0.027000000000000024,0.6693434231425335,-0.007000000000000006
821,3B004C0894,17-2025-01-04,2025-01-04 08:52:28.919,0.1045776054725568,0.012986364572146001,0.07600000000000007,0.007221125993652544,0.05500000000000016,0.006163841152520902,0.020999999999999908,1.1715301895311223,0.03400000000000025
822,3B0018C2F6,19-2025-01-04,2025-01-04 09:01:26.915,0.1523525110790427,0.029346843005922846,0.04800000000000004,0.01261743372682205,0.02200000000000002,0.017623962703336774,0.026000000000000023,0.7159248994797958,-0.0040000000000000036
823,3B0018C2F6,20-2025-01-04,2025-01-04 09:02:39.915,0.1571190912084223,0.02999558598346028,0.04899999999999993,0.011981913992589048,0.020999999999999908,0.018910588523181608,0.028000000000000025,0.6336087307859816,-0.007000000000000117
824,3B004873F2,23-2025-01-04,2025-01-04 09:36:20.915,0.1046564999395596,0.012165272543615404,0.07600000000000001,0.006346736230608074,0.05499999999999999,0.006218883059424282,0.02100000000000002,1.020558864021416,0.033999999999999975
825,3B00182A81,24-2025-01-04,2025-01-04 09:36:26.915,0.0989691687162381,0.004152144870268447,0.062,0.002807655883470459,0.04199999999999998,0.0014572711308494777,0.020000000000000018,1.9266530599791751,0.021999999999999964
826,3B004873F2,25-2025-01-04,2025-01-04 09:38:17.914,0.1046564999395596,0.013427213512878422,0.04700000000000004,0.005899292614234838,0.02100000000000002,0.007965380350369044,0.026000000000000023,0.7406165625175096,-0.0050000000000000044
827,3B004CD4DE,26-2025-01-04,2025-01-04 09:53:31.904,0.1039052092457154,0.01152269727753091,0.05500000000000005,0.006478988150511873,0.03400000000000003,0.005460950159446846,0.02100000000000002,1.1864214031149747,0.013000000000000012
828,01103F97C4,27-2025-01-04,2025-01-04 09:54:07.904,0.1598146914690822,0.027667019421337823,0.05499999999999994,0.016127941490571535,0.03299999999999992,0.0123902208864917,0.02200000000000002,1.301666987079693,0.010999999999999899
829,3B004873F2,28-2025-01-04,2025-01-04 09:54:12.902,0.1046564999395596,0.013101936748462774,0.04799999999999993,0.0059479667625315195,0.02300000000000002,0.0075775737964694535,0.02499999999999991,0.7849434294262893,-0.0019999999999998908
830,01103F97C4,30-2025-01-04,2025-01-04 09:55:37.902,0.1598146914690822,0.026507703107389376,0.050000000000000044,0.016087593085253888,0.031000000000000028,0.011325159325142631,0.019000000000000017,1.420518036292728,0.01200000000000001
831,01103F97C4,32-2025-01-04,2025-01-04 09:59:10.900,0.1623878582983141,0.02828252864984058,0.06099999999999994,0.0171074595473836,0.040000000000000036,0.01203724930935613,0.020999999999999908,1.421210037918428,0.019000000000000128
832,3B001857EE,33-2025-01-04,2025-01-04 10:06:11.898,0.0996024752624285,0.013348221135987734,0.049000000000000155,0.007836018980801825,0.030000000000000027,0.005971148130556372,0.019000000000000128,1.312313613641953,0.010999999999999899
833,01103F97C4,34-2025-01-04,2025-01-04 10:06:20.898,0.1569578218871006,0.026256916173586414,0.0860000000000003,0.012380592574987265,0.05500000000000016,0.014530902112365861,0.03100000000000014,0.8520181664737337,0.02400000000000002
834,01103F97C4,37-2025-01-04,2025-01-04 10:08:12.897,0.1598146914690822,0.028929789580784893,0.05700000000000005,0.016196232351105014,0.03400000000000003,0.013592058882331828,0.02300000000000002,1.1915952168334352,0.01100000000000001
835,3B001857EE,39-2025-01-04,2025-01-04 10:09:21.897,0.10256506244428,0.0012262708377320923,0.02400000000000002,0.0007393461671416008,0.014000000000000012,0.0005679517627887233,0.010000000000000009,1.3017763401442877,0.0040000000000000036
836,01103F97C4,40-2025-01-04,2025-01-04 10:09:33.896,0.1598146914690822,0.02624575672222487,0.04700000000000015,0.015503182857878575,0.028000000000000025,0.01164167197297606,0.019000000000000128,1.3316972762904058,0.008999999999999897
837,01103F97C4,41-2025-01-04,2025-01-04 10:10:10.898,0.1643013822896085,0.027502488150684106,0.050999999999999934,0.012831432982213847,0.02499999999999991,0.015509554817546786,0.026000000000000023,0.8273243902331073,-0.001000000000000112
838,3B001857EE,43-2025-01-04,2025-01-04 10:15:12.895,0.0977987339898284,0.005651644439177271,0.04300000000000015,0.0034835896735584755,0.027000000000000135,0.002376689816130172,0.016000000000000014,1.4657317290274778,0.01100000000000012
839,3B004873F2,44-2025-01-04,2025-01-04 10:21:41.896,0.1046564999395596,0.013711406526319149,0.04800000000000004,0.006860002711956057,0.02499999999999991,0.007298841626554966,0.02300000000000013,0.9398755395647569,0.0019999999999997797
840,3B0018A99B,45-2025-01-04,2025-01-04 10:22:00.895,0.0953464577083411,0.005123055841602156,0.03699999999999998,0.00296176683372575,0.02100000000000002,0.002375723577666916,0.01599999999999996,1.2466799006281526,0.00500000000000006
841,3B0019B8CC,50-2025-01-04,2025-01-04 11:47:22.038,0.159959731469869,0.025796171209198707,0.07200000000000001,0.014664213176910551,0.05199999999999999,0.01198663143386172,0.020000000000000018,1.2233806685241675,0.03199999999999997
842,3B0019B8CC,51-2025-01-04,2025-01-04 11:48:32.036,0.159959731469869,0.026358313054352576,0.07399999999999984,0.0172187483366161,0.05499999999999994,0.00991058027681581,0.018999999999999906,1.7374107121554283,0.03600000000000003
843,3B0019B8CC,52-2025-01-04,2025-01-04 11:50:16.037,0.1621327612663477,0.028095065057246953,0.051999999999999824,0.013962336756898567,0.026999999999999913,0.014918450547695087,0.02499999999999991,0.9359106505236738,0.0020000000000000018
844,3B001857EE,53-2025-01-04,2025-01-04 12:05:31.032,0.10256506244428,0.012616326376672475,0.05299999999999999,0.008838567283796226,0.03799999999999998,0.004186392503937434,0.015000000000000013,2.111261014222454,0.022999999999999965
845,3B001857EE,54-2025-01-04,2025-01-04 12:06:53.032,0.10256506244428,0.011652840512095402,0.05699999999999994,0.006614410888665344,0.03499999999999992,0.005408400848483641,0.02200000000000002,1.2229882869203073,0.0129999999999999
846,3B001857EE,55-2025-01-04,2025-01-04 12:07:37.032,0.1020841569904272,0.012387739731449994,0.05500000000000016,0.00688653144072592,0.03200000000000003,0.005893571273469723,0.02300000000000013,1.1684819137975082,0.008999999999999897
847,3B0019B8CC,56-2025-01-04,2025-01-04 13:17:02.022,0.1635899148428783,0.025289605246226924,0.052999999999999936,0.015375302626914365,0.031999999999999584,0.010708387962499056,0.02100000000000035,1.4358186013393348,0.010999999999999233
848,3B0019B8CC,58-2025-01-04,2025-01-04 14:30:54.596,0.1612858966867335,0.02694254031820463,0.05700000000000016,0.016854281466585914,0.037000000000000144,0.010888527475410557,0.020000000000000018,1.547893551689864,0.017000000000000126
849,3B00199DE5,1-2025-01-22,2025-01-22 07:51:40.659,0.1002564882618714,0.013322187282432611,0.08099999999999996,0.004657184122009398,0.05499999999999994,0.009165504037242598,0.026000000000000023,0.5081208958160572,0.028999999999999915
850,3B00484043,2-2025-01-22,2025-01-22 07:54:48.657,0.0933107542597867,1.878259473888466e-05,0.014999999999999902,1.5436946800703176e-05,0.0129999999999999,5.8398741097440835e-06,0.0020000000000000018,2.64336979027441,0.010999999999999899
851,3B0019B8CC,3-2025-01-22,2025-01-22 08:02:54.660,0.159959731469869,0.021967288459616853,0.04899999999999993,0.012431090493385984,0.028000000000000025,0.010277744703830709,0.020999999999999908,1.2095153996919852,0.007000000000000117
852,3B0018C6F9,4-2025-01-22,2025-01-22 08:04:33.660,0.0986842036561584,0.01153895307527598,0.04799999999999999,0.006727065391205947,0.030999999999999972,0.005272878879046989,0.017000000000000015,1.2757860640299374,0.013999999999999957
853,3B0018C6F9,7-2025-01-22,2025-01-22 08:05:57.659,0.0986842036561584,0.0004752158211410755,0.026000000000000245,0.00031413907008055107,0.017000000000000348,0.00018811548616631718,0.008999999999999897,1.6699266843071792,0.008000000000000451
854,3B00199DE5,8-2025-01-22,2025-01-22 08:06:02.659,0.0953434447750841,0.0034859769186373047,0.030000000000000027,0.001975365192735499,0.017000000000000126,0.0017005233358597536,0.0129999999999999,1.1616219260741814,0.004000000000000226
855,3B0019B8CC,9-2025-01-22,2025-01-22 08:06:59.657,0.159959731469869,0.02256553751943551,0.07899999999999996,0.010760890059573727,0.05499999999999994,0.012501662540006264,0.02400000000000002,0.8607567213671035,0.030999999999999917
856,3B0018C6F9,10-2025-01-22,2025-01-22 08:08:08.657,0.0936138662993089,0.011159329317447226,0.04600000000000004,0.006417448594129011,0.028999999999999915,0.005212748914394436,0.017000000000000126,1.2311064084456338,0.011999999999999789
857,3B00484043,12-2025-01-22,2025-01-22 08:10:05.656,0.0907620089821942,0.004727779033637439,0.062,0.0026497031538827947,0.03799999999999998,0.002217416381771874,0.02400000000000002,1.1949506532307175,0.013999999999999957
858,3B004873F2,15-2025-01-22,2025-01-22 08:16:02.653,0.1046564999395596,0.013603486987861547,0.04700000000000004,0.0060990902076651496,0.02200000000000002,0.007959664060640751,0.025000000000000022,0.7662497011430623,-0.0030000000000000027
859,3B004873F2,17-2025-01-22,2025-01-22 08:17:03.649,0.1046564999395596,0.0028992868410811007,0.043999999999999984,0.0017272820744608818,0.02699999999999997,0.001279810168243681,0.017000000000000015,1.3496392803561474,0.009999999999999953
860,3B004873F2,18-2025-01-22,2025-01-22 08:17:48.652,0.1046564999395596,0.013231072944519367,0.052000000000000046,0.007101219087278133,0.029000000000000026,0.006540169046264587,0.02300000000000002,1.0857852506632057,0.006000000000000005
861,3B0018A99B,21-2025-01-22,2025-01-22 08:24:04.649,0.0901037407505228,0.0001055310056070351,0.05899999999999994,8.552269042325389e-05,0.05499999999999994,2.7124533204249013e-05,0.0040000000000000036,3.1529645055737547,0.050999999999999934
862,3B004CDB63,22-2025-01-22,2025-01-22 08:24:35.645,0.0858497054187163,0.01032051368463005,0.04900000000000038,0.00679305613269792,0.03400000000000025,0.0039323077386546395,0.015000000000000124,1.7274986049342183,0.019000000000000128
863,3B004CDB63,23-2025-01-22,2025-01-22 08:25:29.645,0.0886535104106316,0.01032319617403045,0.07100000000000017,0.006595421050649857,0.05500000000000016,0.004117284351733563,0.016000000000000014,1.601886216062023,0.039000000000000146
864,3B004873F2,31-2025-01-22,2025-01-22 09:15:08.642,0.0930754787592854,0.0047455637008539265,0.04800000000000004,0.002843222508150579,0.031000000000000028,0.002093582491148541,0.017000000000000015,1.3580656698130795,0.014000000000000012
865,3B004873F2,33-2025-01-22,2025-01-22 09:16:18.640,0.1046564999395596,0.014659301343315192,0.045999999999999985,0.006683800184396421,0.020999999999999963,0.008459246344755235,0.025000000000000022,0.7901176903945353,-0.004000000000000059
866,3B004AB6A7,34-2025-01-22,2025-01-22 09:16:39.639,0.1025863851846929,0.01535153270749807,0.049000000000000155,0.0060777299145461355,0.02200000000000002,0.009770475118301787,0.027000000000000135,0.6220506005037051,-0.0050000000000001155
867,3B004AB6A7,36-2025-01-22,2025-01-22 09:32:21.635,0.0976826378319838,0.015547107576147006,0.04899999999999993,0.006680558492076697,0.02200000000000002,0.00935546171200329,0.026999999999999913,0.7140811108772295,-0.004999999999999893
868,3B004873F2,39-2025-01-22,2025-01-22 09:34:27.634,0.1046564999395596,0.004071503094844413,0.03899999999999998,0.002172797561110355,0.02200000000000002,0.002086296904286567,0.01699999999999996,1.0414613359421956,0.00500000000000006
869,01103FA4B2,42-2025-01-22,2025-01-22 09:48:15.634,0.0938642397490583,0.012284995231493217,0.06899999999999995,0.007833880247299158,0.05500000000000005,0.004964650199024248,0.013999999999999901,1.5779319656476158,0.04100000000000015
870,3B004CEFFE,44-2025-01-22,2025-01-22 09:52:52.633,0.0987295768044446,0.012531484874636874,0.052999999999999936,0.007984302218673004,0.03600000000000003,0.004979427067715103,0.016999999999999904,1.603458010348315,0.019000000000000128
871,3B004CEFFE,45-2025-01-22,2025-01-22 09:54:25.633,0.0987295768044446,0.0027545492978229445,0.09999999999999998,0.0009304397832241945,0.044999999999999984,0.0018922277620517045,0.05499999999999999,0.4917165902984836,-0.010000000000000009
872,3B0018A99B,46-2025-01-22,2025-01-22 09:58:29.634,0.0911540988482058,0.00251999271427614,0.03400000000000003,0.0016718729578032612,0.02400000000000002,0.000985007683432967,0.010000000000000009,1.697319712244699,0.014000000000000012
873,3B0018A99B,47-2025-01-22,2025-01-22 10:00:41.635,0.0953464577083411,0.003385519486505012,0.028999999999999915,0.0018667240091705458,0.016000000000000014,0.0017051448902639878,0.0129999999999999,1.0947597590264266,0.0030000000000001137
874,3B0018A99B,48-2025-01-22,2025-01-22 10:02:31.634,0.0953464577083411,0.0007801284932945159,0.06,0.00046794984637323794,0.025999999999999968,0.0003368583630718363,0.03400000000000003,1.3891590581452948,-0.008000000000000063
875,01103F88A1,51-2025-01-22,2025-01-22 10:06:24.634,0.1629215913617952,0.008956204161487393,0.04500000000000004,0.003754906102410688,0.020000000000000018,0.0054967424869401356,0.025000000000000022,0.6831147923214658,-0.0050000000000000044
876,3B004AB6A7,53-2025-01-22,2025-01-22 10:21:43.624,0.1025863851846929,0.015983014753843998,0.050000000000000266,0.006808473376345445,0.02300000000000013,0.009675141110581842,0.027000000000000135,0.7037079148022884,-0.0040000000000000036
877,3B0019F652,54-2025-01-22,2025-01-22 10:22:59.624,0.0837932582665685,0.002413582775400999,0.057999999999999996,0.0007800572974703976,0.018000000000000016,0.0017002945910719377,0.03999999999999998,0.45877773273313566,-0.021999999999999964
878,3B0018F763,55-2025-01-22,2025-01-22 10:23:10.622,0.1047494367619683,0.005839197260742249,0.038000000000000034,0.003266953249157159,0.020999999999999908,0.002810611739911687,0.017000000000000126,1.1623637668502056,0.0039999999999997815
879,3B004CEFFE,56-2025-01-22,2025-01-22 10:23:17.622,0.0987295768044446,0.005288754191594201,0.04400000000000004,0.003290725923131776,0.028000000000000025,0.0021888315911376384,0.016000000000000014,1.5034166796822552,0.01200000000000001
880,3B0019F652,57-2025-01-22,2025-01-22 10:24:18.623,0.0833387875334513,0.003124754577970711,0.07500000000000018,0.0016236603708057974,0.041999999999999815,0.0015700598607061318,0.03300000000000036,1.0341391506407653,0.008999999999999453
881,3B0018F763,58-2025-01-22,2025-01-22 10:24:31.624,0.0981324499255642,0.003469408134011587,0.08799999999999997,0.0015468370194328036,0.05499999999999994,0.0019922915522064583,0.03300000000000003,0.7764109714362264,0.02199999999999991
882,3B004CEFFE,59-2025-01-22,2025-01-22 10:24:41.622,0.0987295768044446,0.005268718876842063,0.041999999999999815,0.0031959826346506072,0.02699999999999969,0.0022866018372934647,0.015000000000000124,1.3976996705440992,0.011999999999999567
883,3B0019F652,61-2025-01-22,2025-01-22 10:26:33.620,0.0836962562513757,0.012778139417942104,0.045999999999999375,0.005849962648410474,0.021999999999999353,0.007340453964565697,0.02400000000000002,0.7969483463352244,-0.002000000000000668
884,3B0019F652,62-2025-01-22,2025-01-22 10:26:56.620,0.0822201675465122,0.0012740618131184354,0.03400000000000003,0.0009123230613519945,0.02400000000000002,0.00041549625804132,0.010000000000000009,2.1957431473697326,0.014000000000000012
885,3B004CEFFE,64-2025-01-22,2025-01-22 10:29:40.619,0.0987295768044446,0.004518812121688528,0.03700000000000003,0.0026255765415583747,0.02200000000000002,0.002086515285628151,0.015000000000000013,1.2583548079629514,0.007000000000000006
886,3B004AB6A7,65-2025-01-22,2025-01-22 10:30:01.620,0.0992855044964707,0.01348235882663786,0.04800000000000004,0.008355597900799202,0.03100000000000014,0.005614542753869954,0.016999999999999904,1.4882063005112771,0.014000000000000234
887,3B0018F763,67-2025-01-22,2025-01-22 10:30:34.619,0.1047494367619683,0.006046527367244836,0.04299999999999993,0.003706551232207534,0.026999999999999913,0.0025706819160267844,0.016000000000000014,1.441855256031184,0.010999999999999899
888,3B00192E1E,68-2025-01-22,2025-01-22 10:31:10.621,0.0959614073622714,0.012314647819254825,0.05300000000000005,0.005940417176975422,0.028000000000000025,0.0067397321841680385,0.025000000000000022,0.8814025564591058,0.0030000000000000027
889,3B0018F763,70-2025-01-22,2025-01-22 10:32:39.619,0.1010169301718785,0.0035665672643236885,0.08600000000000008,0.0016026612345287617,0.05499999999999994,0.0020739240940771063,0.03100000000000014,0.7727675468479206,0.0239999999999998
890,3B0018F763,72-2025-01-22,2025-01-22 10:34:53.619,0.1047494367619683,0.003679554697872265,0.068,0.0015405530230144235,0.029000000000000026,0.0022267004666095065,0.03899999999999998,0.6918546280093757,-0.009999999999999953
891,3B004873F2,74-2025-01-22,2025-01-22 10:51:56.619,0.1046564999395596,0.0032811160661523416,0.041000000000000036,0.0018887987735341728,0.025000000000000022,0.0015429137048786601,0.016000000000000014,1.2241765482812366,0.009000000000000008
892,3B0018C6F9,75-2025-01-22,2025-01-22 10:52:05.618,0.0943962072324843,0.005587631738333268,0.038000000000000034,0.003064677980538172,0.020999999999999908,0.0027412537427720807,0.017000000000000126,1.1179840569735182,0.0039999999999997815
893,3B004873F2,79-2025-01-22,2025-01-22 10:56:53.617,0.1046564999395596,0.004701205018756515,0.043999999999999984,0.0027473398000070056,0.027000000000000024,0.0021354951278557527,0.01699999999999996,1.286511855808168,0.010000000000000064
894,3B004CD4DE,86-2025-01-22,2025-01-22 11:07:06.617,0.0931328226785593,0.014879875232419406,0.04499999999999993,0.006723185860285949,0.020999999999999908,0.008660840325358759,0.02400000000000002,0.7762740805416539,-0.0030000000000001137
895,3B0018A99B,89-2025-01-22,2025-01-22 11:08:33.618,0.0953464577083411,0.0029051675167175396,0.06000000000000005,0.0014012151318874811,0.03300000000000003,0.001595094589493351,0.027000000000000024,0.8784526893370933,0.006000000000000005
896,3B001857EE,91-2025-01-22,2025-01-22 11:24:10.681,0.0902754748457395,0.01315093182466655,0.05300000000000005,0.007033607466534855,0.029000000000000026,0.006527235011257657,0.02400000000000002,1.0775784010233806,0.0050000000000000044
897,3B0018C6F9,93-2025-01-22,2025-01-22 11:26:10.677,0.0986842036561584,0.012764291200421432,0.04500000000000004,0.007095249734240852,0.026000000000000023,0.0061702867718281505,0.019000000000000017,1.1499059924792847,0.007000000000000006
898,3B001857EE,95-2025-01-22,2025-01-22 11:28:19.678,0.10256506244428,0.01176350738672447,0.046999999999999986,0.007161224259163029,0.02899999999999997,0.005006314594376645,0.018000000000000016,1.4304383242728875,0.010999999999999954
899,3B0019F652,96-2025-01-22,2025-01-22 11:28:27.678,0.0881893569011782,0.011583760616726025,0.049000000000000155,0.007356422033250567,0.03300000000000014,0.004670715683974131,0.016000000000000014,1.5750095983130519,0.017000000000000126
900,3B0019F652,97-2025-01-22,2025-01-22 11:29:19.677,0.0881893569011782,0.011709451112160051,0.04899999999999993,0.007306785464396887,0.030999999999999917,0.004798165443752055,0.018000000000000016,1.5228289958011845,0.0129999999999999
901,3B0019F652,100-2025-01-22,2025-01-22 11:30:06.676,0.0881893569011782,0.010352589860793711,0.052000000000000046,0.006243278777014181,0.03299999999999992,0.004452833330415256,0.019000000000000128,1.4020912784606638,0.01399999999999979
902,3B0018C6F9,101-2025-01-22,2025-01-22 11:30:13.678,0.0996990607099389,0.014699882756963743,0.053999999999999826,0.0073974225442802275,0.029999999999999805,0.007767980696080769,0.02400000000000002,0.9522967208212165,0.005999999999999783
903,3B00484043,103-2025-01-22,2025-01-22 11:30:49.678,0.0933107542597867,0.013127223299719824,0.04800000000000004,0.007696473983756955,0.029000000000000026,0.005863080447057984,0.019000000000000017,1.3127014123810876,0.010000000000000009
904,3B0019F652,105-2025-01-22,2025-01-22 11:31:40.677,0.0857817411779222,0.011516409485406531,0.04800000000000004,0.006727205675590618,0.030000000000000027,0.005226247098340355,0.018000000000000016,1.2871962517284932,0.01200000000000001
905,3B001857EE,107-2025-01-22,2025-01-22 11:32:50.680,0.10256506244428,0.01011102870637887,0.05499999999999994,0.0062121781817145024,0.03400000000000003,0.004204799716304415,0.020999999999999908,1.4774016839913522,0.013000000000000123
906,3B0019F652,109-2025-01-22,2025-01-22 11:33:48.677,0.0850075660956939,0.013589076231761303,0.04800000000000004,0.005672304815207587,0.02100000000000013,0.008351848924186991,0.026999999999999913,0.6791675551961395,-0.005999999999999783
907,3B00484043,110-2025-01-22,2025-01-22 11:34:22.676,0.0938022742995821,0.011684911568171683,0.07899999999999974,0.004982725490720698,0.054999999999999716,0.007120537176132794,0.02400000000000002,0.6997682011158105,0.030999999999999694
908,3B004AB6A7,111-2025-01-22,2025-01-22 11:34:30.677,0.1025863851846928,0.014804531563169332,0.03600000000000003,0.007853744498037094,0.019000000000000017,0.007631279184714215,0.017000000000000015,1.029151772322586,0.0020000000000000018
909,3B001877B5,114-2025-01-22,2025-01-22 11:38:15.677,0.1717600361561726,0.024671931887385503,0.07299999999999995,0.016716042583220816,0.05499999999999994,0.008687270105720598,0.018000000000000016,1.9241997059828084,0.03699999999999992
910,3B0018C6F9,117-2025-01-22,2025-01-22 11:45:33.677,0.0973788630364516,0.014511030405762456,0.04400000000000004,0.007388118272928365,0.02299999999999991,0.007665503885484562,0.02100000000000013,0.9638137796679672,0.0019999999999997797
911,3B001816CC,119-2025-01-22,2025-01-22 11:47:01.679,0.0978809003905252,0.010177076253599876,0.04899999999999971,0.0076266915425923535,0.03599999999999981,0.0028828395833305426,0.0129999999999999,2.6455483637356063,0.02299999999999991
912,3B0018A99B,120-2025-01-22,2025-01-22 11:47:51.676,0.0953464577083411,0.009975525254752003,0.04999999999999982,0.006303679385198785,0.03499999999999992,0.004062400751577645,0.014999999999999902,1.5517128345229685,0.020000000000000018
913,3B0018A99B,121-2025-01-22,2025-01-22 11:48:54.677,0.0921612568073439,0.004346459145035092,0.038000000000000256,0.0027395120177304308,0.02400000000000002,0.0017913599802457459,0.014000000000000234,1.5292917380875137,0.009999999999999787
914,3B001877B5,122-2025-01-22,2025-01-22 11:49:37.679,0.1723847210114062,0.02735185025078742,0.06500000000000006,0.019298048988357675,0.049000000000000044,0.008864074002152972,0.016000000000000014,2.1771082894468643,0.03300000000000003
915,3B0018A99B,123-2025-01-22,2025-01-22 11:50:10.677,0.08981386046938,0.010648436176884497,0.05799999999999994,0.007068096210497324,0.041999999999999926,0.003932999950263649,0.016000000000000014,1.797125934370661,0.025999999999999912
916,3B001877B5,124-2025-01-22,2025-01-22 11:50:19.676,0.1717600361561726,0.02475050332683828,0.07200000000000001,0.017114883309220532,0.05499999999999999,0.008356236834541925,0.017000000000000015,2.04815680169251,0.03799999999999998
917,3B0018F763,126-2025-01-22,2025-01-22 12:04:54.680,0.1047494367619683,0.013198548358592615,0.06999999999999995,0.00935218798617567,0.05499999999999994,0.004264986771712114,0.015000000000000013,2.1927824133488176,0.039999999999999925
918,3B0018F763,127-2025-01-22,2025-01-22 12:07:09.680,0.1047494367619683,0.01405869240814297,0.06299999999999994,0.008051478264423116,0.039999999999999925,0.0063868825095429755,0.02300000000000002,1.2606272704082127,0.016999999999999904
919,3B0018F763,128-2025-01-22,2025-01-22 12:10:55.678,0.0993538168370863,0.011802911811723361,0.05499999999999994,0.007754495485643342,0.03799999999999981,0.004447010449097674,0.017000000000000126,1.7437547256532253,0.020999999999999686
920,3B001857EE,129-2025-01-22,2025-01-22 12:20:22.676,0.10256506244428,0.0048291068980916224,0.040000000000000036,0.0027393685332433525,0.02200000000000002,0.0022614584581171723,0.018000000000000016,1.211328257395484,0.0040000000000000036
921,3B004CD4DE,130-2025-01-22,2025-01-22 12:20:56.677,0.1039052092457154,0.010320972463970715,0.04899999999999999,0.006869906283223616,0.03300000000000003,0.003812919872000907,0.01599999999999996,1.8017442049256842,0.01700000000000007
922,3B004CD4DE,132-2025-01-22,2025-01-22 12:21:52.675,0.1039052092457154,0.013452473622323914,0.043999999999999984,0.005745900761220643,0.019000000000000017,0.008151411950184484,0.024999999999999967,0.7048963782391836,-0.00599999999999995
923,3B0018F763,134-2025-01-22,2025-01-22 12:23:21.678,0.1047494367619683,0.013406747522599065,0.052000000000000046,0.008494842700705718,0.03400000000000003,0.0053501388760638785,0.018000000000000016,1.5877798497364264,0.016000000000000014
924,3B004B0F76,137-2025-01-22,2025-01-22 12:28:26.678,0.1573153892686805,0.023025660074095337,0.05900000000000005,0.015870460196863376,0.04300000000000004,0.00789551897087457,0.016000000000000014,2.0100591557574887,0.027000000000000024
925,3B0018C2F6,140-2025-01-22,2025-01-22 12:30:14.674,0.1571190912084223,0.024080046306086286,0.055999999999999994,0.0132705248365986,0.03199999999999997,0.01159920540971636,0.02400000000000002,1.1440891309229009,0.007999999999999952
926,3B001816CC,141-2025-01-22,2025-01-22 12:30:19.675,0.1055382315543659,0.008340603029347743,0.08499999999999996,0.002951292387479654,0.054999999999999716,0.00575782366749725,0.03000000000000025,0.5125708180574573,0.024999999999999467
927,3B004B0F76,142-2025-01-22,2025-01-22 12:30:42.673,0.1627701034716067,0.02332830021606753,0.07299999999999995,0.014484640905097426,0.051999999999999824,0.00952786888077705,0.02100000000000013,1.5202393196574011,0.030999999999999694
928,3B004AB6A7,145-2025-01-22,2025-01-22 12:31:41.677,0.1025863851846928,0.013037740412007852,0.07299999999999995,0.006825080861208329,0.05499999999999994,0.006777344662543238,0.018000000000000016,1.007043495799899,0.03699999999999992
929,3B004CD4DE,146-2025-01-22,2025-01-22 12:32:03.673,0.1039052092457154,0.01310310947093697,0.04600000000000004,0.005719518809548823,0.02100000000000002,0.007819978037745609,0.025000000000000022,0.7313983213177515,-0.0040000000000000036
930,3B0018C2F6,147-2025-01-22,2025-01-22 12:32:58.676,0.1571190912084223,0.028548322091623897,0.07100000000000001,0.017368628872300375,0.04999999999999999,0.01200625208674177,0.02100000000000002,1.4466320336119007,0.02899999999999997
931,3B0018A99B,149-2025-01-22,2025-01-22 12:33:21.673,0.0923728546797895,0.0012850436821525214,0.020999999999999908,0.0007855751338310899,0.0129999999999999,0.0005963238698455084,0.008000000000000007,1.3173632208192698,0.004999999999999893
932,3B001857EE,150-2025-01-22,2025-01-22 12:33:40.676,0.10256506244428,0.0006498042870239526,0.026000000000000023,0.00043127786048869515,0.018000000000000016,0.0002590162314818718,0.008000000000000007,1.6650611354403855,0.010000000000000009
933,3B004CD4DE,151-2025-01-22,2025-01-22 12:33:57.674,0.0970392569148919,0.013415124526118233,0.04800000000000004,0.005396357471910179,0.020999999999999908,0.008443505262926417,0.027000000000000135,0.6391134136677102,-0.006000000000000227
934,3B0018A99B,157-2025-01-22,2025-01-22 12:36:20.676,0.091571797209547,0.01036947425672023,0.04899999999999993,0.005817903036363721,0.029999999999999805,0.004938511392265878,0.019000000000000128,1.1780681614858768,0.010999999999999677
935,3B0019F652,161-2025-01-22,2025-01-22 12:39:50.674,0.0867485125393381,0.011072526739413106,0.05099999999999971,0.006679604911297464,0.03200000000000003,0.004781365273101578,0.018999999999999684,1.397007869044177,0.013000000000000345
936,3B00182A81,162-2025-01-22,2025-01-22 12:40:19.673,0.0981808064512192,0.012371847183969694,0.050000000000000044,0.00765541758276536,0.03200000000000003,0.005159546684516378,0.018000000000000016,1.483738407821564,0.014000000000000012
937,3B001857EE,164-2025-01-22,2025-01-22 12:40:46.672,0.10256506244428,0.002495461992709141,0.03899999999999998,0.001646379788639205,0.02799999999999997,0.0009664141322268492,0.01100000000000001,1.7035965573532668,0.01699999999999996
938,3B0019F652,166-2025-01-22,2025-01-22 12:49:56.672,0.0881893569011782,0.011851649465165941,0.05800000000000005,0.00771645850503004,0.040999999999999925,0.004531423322446924,0.017000000000000126,1.7028774307634602,0.0239999999999998
939,3B0019F652,168-2025-01-22,2025-01-22 12:51:03.675,0.0881893569011782,0.00557062424069667,0.039000000000000146,0.0032236489078576146,0.02300000000000013,0.0025660842520273132,0.016000000000000014,1.2562521691603843,0.007000000000000117
940,3B0019B8CC,171-2025-01-22,2025-01-22 12:51:52.673,0.159959731469869,0.02552312524382617,0.07600000000000007,0.015022445086285146,0.05500000000000005,0.011242005502045158,0.02100000000000002,1.3362780407421297,0.03400000000000003
941,3B004873F2,172-2025-01-22,2025-01-22 12:52:48.675,0.0938259079167929,0.013851977941404598,0.06800000000000006,0.007383009991998998,0.04600000000000004,0.006922412607550785,0.02200000000000002,1.0665371179905985,0.02400000000000002
942,3B004CD4DE,177-2025-01-22,2025-01-22 12:55:12.674,0.1039052092457154,0.008236476615229341,0.04799999999999993,0.0056399303745451644,0.03400000000000003,0.0028991334502434887,0.013999999999999901,1.9453848783923642,0.02000000000000013
943,3B00199DE5,178-2025-01-22,2025-01-22 12:55:15.672,0.0998801814753428,0.014860096494941506,0.08199999999999985,0.006210955182130171,0.05499999999999994,0.009122755171846299,0.026999999999999913,0.6808201102774057,0.028000000000000025
944,3B00192E1E,180-2025-01-22,2025-01-22 12:55:36.673,0.1013994993325588,0.012282025090790375,0.06099999999999994,0.005722322749073493,0.03400000000000003,0.00691341967279858,0.026999999999999913,0.8277123362824975,0.007000000000000117
945,3B00192E1E,182-2025-01-22,2025-01-22 12:57:41.674,0.0990033879210637,0.013042025603375536,0.07800000000000007,0.0070952784039478595,0.05400000000000005,0.006319398474251117,0.02400000000000002,1.1227774973928493,0.030000000000000027
946,3B001857EE,185-2025-01-22,2025-01-22 12:58:55.672,0.10256506244428,0.002473486451916818,0.04299999999999998,0.0017246477416282846,0.033999999999999975,0.0008877832773650034,0.009000000000000008,1.9426449963634678,0.024999999999999967
947,3B001816CC,190-2025-01-22,2025-01-22 13:01:55.673,0.0980675475768424,0.0029890872217685667,0.039000000000000035,0.0019020837222220538,0.025000000000000022,0.0012096452800747703,0.014000000000000012,1.5724309874581437,0.01100000000000001
948,01103F97C4,191-2025-01-22,2025-01-22 13:02:21.674,0.1598146914690822,0.025881550396510345,0.06899999999999973,0.016514298930798685,0.050000000000000044,0.010193786071472746,0.018999999999999684,1.6200358546873825,0.03100000000000036
949,3B0019F652,192-2025-01-22,2025-01-22 13:02:39.673,0.0881893569011782,0.010811606809287501,0.045999999999999985,0.007238529096627929,0.030999999999999972,0.00396639575008607,0.015000000000000013,1.8249639099857484,0.01599999999999996
950,3B0018A99B,193-2025-01-22,2025-01-22 13:03:01.673,0.0953464577083411,0.003668242008412725,0.03600000000000003,0.002320738487520913,0.02299999999999991,0.0015081241490834953,0.013000000000000123,1.538824564894908,0.009999999999999787
951,01103F97C4,195-2025-01-22,2025-01-22 13:03:42.674,0.1760206192029391,0.022335861064178675,0.07200000000000006,0.014771509338346082,0.054999999999999716,0.008316823535037538,0.017000000000000348,1.7760998867074569,0.03799999999999937
952,3B0018A99B,196-2025-01-22,2025-01-22 13:04:01.672,0.0953464577083411,0.0036225515417275716,0.028999999999999915,0.0021041438660505344,0.016000000000000014,0.0017172854378937126,0.0129999999999999,1.2252732246022606,0.0030000000000001137
953,3B001857EE,199-2025-01-22,2025-01-22 13:06:03.671,0.0986971853877371,0.005355201790926813,0.04500000000000015,0.0033145944157645752,0.029000000000000137,0.0022383437415876032,0.016000000000000014,1.4808245731791014,0.013000000000000123
954,01103F97C4,201-2025-01-22,2025-01-22 13:06:47.672,0.1694605420305756,0.026957475705689786,0.05400000000000027,0.015836413081028254,0.03399999999999981,0.012031235128535205,0.020000000000000462,1.3162749220541854,0.013999999999999346
955,3B0018A99B,202-2025-01-22,2025-01-22 13:07:42.671,0.0953464577083411,0.003397166740149603,0.031000000000000028,0.002129984647567159,0.020000000000000018,0.0014446677863536072,0.01100000000000001,1.474376785920669,0.009000000000000008
956,01103F97C4,203-2025-01-22,2025-01-22 13:08:16.673,0.1690385257301266,0.025286388755385004,0.06900000000000017,0.01641856401416628,0.050000000000000044,0.009646479730927478,0.019000000000000128,1.7020264876032334,0.030999999999999917
957,3B004CD4DE,204-2025-01-22,2025-01-22 13:09:16.670,0.0978289978552062,0.014338169514801758,0.052000000000000046,0.006526649177410155,0.026000000000000023,0.00825522511893253,0.026000000000000023,0.7906082612383205,0.0
958,3B001857EE,205-2025-01-22,2025-01-22 13:09:25.671,0.0791618194345361,0.005094400839800983,0.04599999999999982,0.0032002789675637283,0.029999999999999805,0.0020725891334443477,0.016000000000000014,1.5440971468596483,0.01399999999999979
959,01103FA4B2,206-2025-01-22,2025-01-22 13:09:35.674,0.1022132831843153,0.012254621508867487,0.05899999999999994,0.00789081205547287,0.04299999999999993,0.004801140854040266,0.016000000000000014,1.6435285477685115,0.026999999999999913
960,3B004CD4DE,208-2025-01-22,2025-01-22 13:10:03.671,0.1039052092457154,0.012998095483526014,0.044999999999999984,0.006734554825154805,0.023999999999999966,0.0067120269454650884,0.02100000000000002,1.0033563452400824,0.002999999999999947
961,01103FA4B2,209-2025-01-22,2025-01-22 13:10:39.673,0.1022732142130403,0.009298815825406674,0.05699999999999994,0.006047753611029182,0.029999999999999916,0.003677694516374611,0.027000000000000024,1.6444415337114302,0.0029999999999998916
962,3B0018A99B,210-2025-01-22,2025-01-22 13:11:02.672,0.0951808259846373,0.004488680378972976,0.0389999999999997,0.0028632569966434507,0.02499999999999991,0.0018116264998405524,0.01399999999999979,1.5804896853161818,0.01100000000000012
963,3B0018C6F9,213-2025-01-22,2025-01-22 13:13:27.670,0.0989694945273194,0.01313534538036758,0.05899999999999972,0.007311427644782516,0.03600000000000003,0.006281083814610369,0.022999999999999687,1.1640391786805127,0.013000000000000345
964,3B0019F652,215-2025-01-22,2025-01-22 13:14:22.670,0.0881893569011782,0.01059933988514732,0.07100000000000006,0.007552360969496721,0.05500000000000005,0.0033697070384974864,0.016000000000000014,2.241251504422839,0.039000000000000035
965,3B0018A99B,216-2025-01-22,2025-01-22 13:14:44.671,0.0953464577083411,3.284858483252477e-05,0.008999999999999952,2.117248469334898e-05,0.004999999999999949,1.683960718775669e-05,0.0040000000000000036,1.2573027658710785,0.0009999999999999454
966,3B001816CC,217-2025-01-22,2025-01-22 13:14:59.670,0.0980675475768424,0.01098133111900451,0.052000000000000046,0.007465169594760919,0.03700000000000003,0.003892950118826507,0.015000000000000013,1.9176124447777985,0.02200000000000002
967,3B00192E1E,218-2025-01-22,2025-01-22 13:16:04.672,0.1013994993325588,0.001081053554315305,0.025000000000000022,0.000662127769815416,0.015000000000000013,0.0004844264786501846,0.010000000000000009,1.3668281958087465,0.0050000000000000044
968,3B0018F763,219-2025-01-22,2025-01-22 13:16:53.673,0.1047494367619683,0.0061483455970792935,0.038000000000000034,0.003400405827499357,0.020999999999999908,0.00299782324358435,0.017000000000000126,1.1342916346974676,0.0039999999999997815
969,3B00192E1E,220-2025-01-22,2025-01-22 13:17:27.670,0.1013994993325588,0.004335767272804649,0.040000000000000036,0.0029103734524265593,0.027000000000000135,0.00159999146719305,0.0129999999999999,1.8189931084647484,0.014000000000000234
970,3B0018F763,221-2025-01-22,2025-01-22 13:17:33.669,0.1032674242487134,0.01450540612657844,0.052000000000000046,0.0090891991054126,0.03400000000000003,0.005874742175000612,0.018000000000000016,1.547165617597789,0.016000000000000014
971,3B00192E1E,222-2025-01-22,2025-01-22 13:18:19.668,0.0973593505803088,0.004008522031867156,0.03400000000000003,0.0021366843581626183,0.018000000000000016,0.0020594827890270647,0.016000000000000014,1.0374859015801852,0.0020000000000000018
972,3B00192E1E,223-2025-01-22,2025-01-22 13:19:32.670,0.1013994993325588,0.003762903797230095,0.066,0.0029691202018069015,0.05300000000000005,0.0008856928874227721,0.012999999999999956,3.352313475663757,0.04000000000000009
973,3B0018F763,224-2025-01-22,2025-01-22 13:19:56.671,0.1047494367619683,0.012202788828004121,0.07500000000000007,0.0067139513610537166,0.05500000000000005,0.0059274117876899355,0.020000000000000018,1.132695281100137,0.03500000000000003
974,3B004C0894,226-2025-01-22,2025-01-22 13:21:18.668,0.1109092146313283,0.010538734252116572,0.06699999999999995,0.006341821994677437,0.04699999999999993,0.004541447253723894,0.020000000000000018,1.396431939064639,0.026999999999999913
975,3B00484043,227-2025-01-22,2025-01-22 13:21:31.669,0.0934036338521468,0.012154324747563608,0.052999999999999936,0.00747480637681486,0.03500000000000014,0.005113252662986403,0.017999999999999794,1.4618496032717436,0.017000000000000348
976,3B0018F763,228-2025-01-22,2025-01-22 13:21:45.670,0.1047494367619683,0.01341470882350728,0.05400000000000005,0.007268401874953972,0.03200000000000003,0.0065910255714618435,0.02200000000000002,1.1027725194126188,0.010000000000000009
977,3B0018F763,229-2025-01-22,2025-01-22 13:22:58.671,0.1047494367619683,0.006564476981306157,0.04599999999999993,0.004205110656095001,0.030999999999999917,0.002602573073179501,0.015000000000000013,1.6157512345878988,0.015999999999999903
978,3B001857EE,231-2025-01-22,2025-01-22 13:24:46.669,0.0980447655823412,0.004931669488288265,0.04300000000000015,0.0026556644223225366,0.02400000000000002,0.002451102385021992,0.019000000000000128,1.0834571572981067,0.004999999999999893
979,3B001857EE,234-2025-01-22,2025-01-22 13:26:28.668,0.10256506244428,0.005251085912812704,0.04500000000000004,0.003274156830408667,0.029000000000000026,0.002159391599462746,0.016000000000000014,1.5162404221741315,0.013000000000000012
980,3B0018F763,237-2025-01-22,2025-01-22 13:32:18.668,0.1047494367619683,0.007328292520408871,0.04299999999999993,0.004470645595350295,0.026000000000000023,0.0031211163732118097,0.016999999999999904,1.4323867042322875,0.009000000000000119
981,3B004CD4DE,238-2025-01-22,2025-01-22 13:34:10.671,0.1039052092457154,0.013358291113353045,0.04600000000000004,0.006366076147816285,0.02200000000000002,0.007422640818309828,0.02400000000000002,0.8576565003809348,-0.0020000000000000018
982,01103F97C4,240-2025-01-22,2025-01-22 13:36:02.668,0.1682345858044281,0.02512130886895985,0.05800000000000072,0.01588839533499384,0.03900000000000059,0.010027891648424757,0.019000000000000128,1.5844203240358792,0.020000000000000462
983,3B0018C6F9,242-2025-01-22,2025-01-22 13:37:00.668,0.0998787217155569,0.011827921149649579,0.04699999999999971,0.007422222841427769,0.030999999999999694,0.0048778088443581545,0.016000000000000014,1.5216305267912607,0.01499999999999968
984,3B004CD4DE,244-2025-01-22,2025-01-22 13:37:53.669,0.1039052092457154,0.002426332874641415,0.069,0.0008472920681315004,0.02300000000000002,0.0016377002530518947,0.045999999999999985,0.5173670008003911,-0.022999999999999965
985,01103F97C4,245-2025-01-22,2025-01-22 13:38:01.668,0.1731737726765862,0.003745446045550381,0.041999999999999815,0.00254073143190366,0.03100000000000014,0.00136780415510378,0.010999999999999677,1.857525744766352,0.020000000000000462
986,3B001857EE,249-2025-01-22,2025-01-22 13:41:01.669,0.10256506244428,0.004704138590412924,0.04799999999999999,0.0031499631123744873,0.032999999999999974,0.0017157893364020235,0.015000000000000013,1.8358682185191206,0.01799999999999996
987,3B0018A99B,252-2025-01-22,2025-01-22 13:44:38.668,0.0944027974961614,0.0038434617294173497,0.03100000000000014,0.0022013112100570074,0.016999999999999904,0.001832787402146929,0.014000000000000234,1.201072861739659,0.0029999999999996696
988,3B00192E1E,253-2025-01-22,2025-01-22 13:44:48.669,0.099569408289816,0.003898458150208596,0.05599999999999994,0.0024495171716157724,0.03799999999999992,0.001574434357096625,0.018000000000000016,1.555807748080946,0.019999999999999907
989,3B001857EE,255-2025-01-22,2025-01-22 13:45:24.668,0.10256506244428,6.63118392619563e-05,0.01100000000000012,3.838933580731299e-05,0.006000000000000005,3.625859861190041e-05,0.0050000000000001155,1.0587650178711885,0.0009999999999998899
990,3B00484043,257-2025-01-22,2025-01-22 13:45:48.669,0.0982825482110622,0.013622246213514502,0.06699999999999973,0.0062866562330031565,0.040999999999999925,0.007751498603442233,0.0259999999999998,0.811024623059523,0.015000000000000124
991,3B00192E1E,259-2025-01-22,2025-01-22 13:47:56.668,0.1013994993325588,0.0031077665251220176,0.09199999999999997,0.0016516821018880206,0.05499999999999999,0.0015171204447926715,0.03699999999999998,1.088695434536668,0.018000000000000016
992,3B00484043,263-2025-01-22,2025-01-22 13:50:09.669,0.0933107542597867,0.004485480652811824,0.07500000000000001,0.002639227444777498,0.05099999999999999,0.00197018522212231,0.02400000000000002,1.3395834133475464,0.02699999999999997
993,3B001857EE,264-2025-01-22,2025-01-22 13:50:15.669,0.10256506244428,0.005086486502452958,0.04200000000000004,0.0029861313364597953,0.025000000000000133,0.0022841453151828035,0.016999999999999904,1.3073298430755973,0.00800000000000023
994,3B0019B8CC,266-2025-01-22,2025-01-22 13:54:05.668,0.1585500022594343,0.026815125971807543,0.05600000000000005,0.016796579563543523,0.03699999999999992,0.010859160385041899,0.019000000000000128,1.5467659531652378,0.017999999999999794
995,01103F97C4,267-2025-01-22,2025-01-22 13:54:39.670,0.1534239087761402,0.008842219467721629,0.04999999999999982,0.006165720146237164,0.03699999999999992,0.002997079717809747,0.0129999999999999,2.057242625078737,0.02400000000000002
996,3B0019B8CC,268-2025-01-22,2025-01-22 13:55:13.669,0.1595841836365417,0.01703754600888345,0.07399999999999984,0.00655622643300968,0.038000000000000034,0.010872419144949269,0.03599999999999981,0.6030145035436152,0.002000000000000224
997,01103F97C4,269-2025-01-22,2025-01-22 13:55:50.669,0.1736648485043246,0.0033284838069369735,0.03399999999999981,0.002070167933373885,0.021999999999999797,0.0014179544971475249,0.01200000000000001,1.459967818105875,0.009999999999999787
998,01103F97C4,270-2025-01-22,2025-01-22 13:56:39.668,0.1716695023328115,0.02771167562557879,0.050000000000000044,0.013522070927484241,0.02499999999999991,0.0150340748556951,0.025000000000000133,0.8994282027511595,-2.220446049250313e-16
999,3B004AB6A7,271-2025-01-22,2025-01-22 13:57:16.671,0.1025863851846928,0.017043570244235532,0.04699999999999993,0.009633684744120687,0.026999999999999913,0.008046708533322379,0.020000000000000018,1.197220541072968,0.006999999999999895
1000,3B0019B8CC,272-2025-01-22,2025-01-22 13:57:55.671,0.159959731469869,0.02628200434233877,0.05199999999999999,0.015543129372931173,0.031000000000000028,0.01147995561803259,0.020999999999999963,1.353936364398151,0.010000000000000064
1001,3B0019B8CC,274-2025-01-22,2025-01-22 13:59:07.670,0.1620915276069238,0.006232050249210186,0.09099999999999997,0.002752088563629442,0.05499999999999994,0.003637292124204497,0.03600000000000003,0.7566311612189643,0.018999999999999906
1002,3B0019B8CC,275-2025-01-22,2025-01-22 13:59:35.671,0.159959731469869,0.006296550130976073,0.09000000000000002,0.0030685380509681585,0.05499999999999999,0.003407828842980838,0.03500000000000003,0.9004378424956634,0.019999999999999962
1003,3B00484043,278-2025-01-22,2025-01-22 14:02:45.670,0.0975989149936076,0.012518694246464892,0.08000000000000007,0.005457097431376116,0.054999999999999716,0.007460939119906257,0.025000000000000355,0.7314223241436504,0.02999999999999936
1004,3B004CD4DE,279-2025-01-22,2025-01-22 14:07:58.671,0.1039052092457154,0.012370887427684284,0.050000000000000044,0.006851061542403485,0.028000000000000025,0.005893929382858253,0.02200000000000002,1.1623928787353526,0.006000000000000005
1005,3B004CD4DE,281-2025-01-22,2025-01-22 14:08:47.672,0.1039052092457154,0.013290670713423698,0.04999999999999993,0.005577461471549138,0.02300000000000002,0.008110803876005674,0.026999999999999913,0.6876582835456094,-0.0039999999999998925
1006,3B0019F652,282-2025-01-22,2025-01-22 14:09:37.667,0.0879404268830736,0.012462531196918853,0.051999999999999824,0.007713633885896556,0.03200000000000003,0.005151189318288801,0.019999999999999796,1.4974471737060882,0.012000000000000233
1007,3B004CD4DE,284-2025-01-22,2025-01-22 14:09:47.668,0.1039052092457154,0.00011054061833680725,0.006000000000000005,6.461640112332597e-05,0.0030000000000001137,6.776375178034568e-05,0.0029999999999998916,0.9535540672656119,2.220446049250313e-16
1008,3B00484043,286-2025-01-22,2025-01-22 14:10:30.667,0.0950422926757028,0.0041068812408398565,0.07000000000000028,0.0020564719634181467,0.03699999999999992,0.0021666759996790412,0.03300000000000036,0.9491368177442223,0.0039999999999995595
1009,3B0019F652,287-2025-01-22,2025-01-22 14:10:54.667,0.0881893569011782,0.005034465439668439,0.04800000000000004,0.0035103812269384935,0.03299999999999992,0.0016749452728459606,0.015000000000000124,2.09581846275722,0.017999999999999794
1010,3B0018F763,288-2025-01-22,2025-01-22 14:13:29.668,0.1055223982299363,0.01248688302802208,0.07599999999999962,0.006042840787516234,0.04999999999999982,0.006816528846956607,0.0259999999999998,0.8864982343930367,0.02400000000000002
1011,3B00186448,290-2025-01-22,2025-01-22 14:18:36.665,0.1674190821650436,0.026106275095127286,0.061000000000000054,0.016963180718585102,0.041000000000000036,0.009838358080061109,0.020000000000000018,1.7241881806440347,0.02100000000000002
1012,3B0018A99B,292-2025-01-22,2025-01-22 14:18:59.667,0.0953464577083411,0.0032017940489039334,0.029000000000000026,0.0019242618579467733,0.018000000000000016,0.0014669457185213842,0.01100000000000001,1.3117471448680074,0.007000000000000006
1013,3B00186448,293-2025-01-22,2025-01-22 14:19:44.667,0.1674190821650436,0.026629210910781857,0.05499999999999994,0.015510309505866477,0.03400000000000003,0.011907721298755105,0.020999999999999908,1.3025422007053529,0.013000000000000123
1014,3B001877B5,296-2025-01-22,2025-01-22 14:20:45.665,0.1717600361561726,0.020568775193922723,0.06800000000000006,0.015624655703004172,0.05499999999999994,0.005599371726283814,0.013000000000000123,2.79043015302253,0.041999999999999815
1015,3B001877B5,298-2025-01-22,2025-01-22 14:23:02.668,0.1721059568152901,0.024089179605214853,0.06400000000000006,0.01705072185430909,0.04800000000000004,0.007781538356857752,0.016000000000000014,2.1911762266496506,0.03200000000000003
1016,3B004CD4DE,299-2025-01-22,2025-01-22 14:23:09.664,0.1039052092457154,0.013097899852303816,0.04400000000000004,0.005911216054143574,0.020000000000000018,0.007624405965011158,0.02400000000000002,0.7753018505665212,-0.0040000000000000036
1017,3B0019F652,303-2025-01-22,2025-01-22 14:24:30.663,0.0881893569011782,0.004661856136582486,0.03500000000000014,0.0027348918062421773,0.020000000000000018,0.0021388300760742302,0.015000000000000124,1.278685874504815,0.004999999999999893
1018,3B00186448,304-2025-01-22,2025-01-22 14:24:35.666,0.1737730156912868,0.031120417073343294,0.06200000000000028,0.014457945035282702,0.03299999999999992,0.01743992691804357,0.02900000000000036,0.8290140837874916,0.0039999999999995595
1019,3B0018F763,307-2025-01-22,2025-01-22 14:25:13.666,0.1047494367619683,0.005743511514421172,0.050000000000000044,0.00357072257166406,0.03499999999999992,0.0024094183569474104,0.015000000000000124,1.481985293823341,0.019999999999999796
1020,3B0019F652,310-2025-01-22,2025-01-22 14:26:54.663,0.0779830066657075,0.011655505617491591,0.06000000000000005,0.006614384045401595,0.039000000000000035,0.005429501792916482,0.02100000000000002,1.2182303823954808,0.018000000000000016
1021,3B0018A99B,311-2025-01-22,2025-01-22 14:27:09.664,0.095376552249246,0.0009000330329186934,0.031999999999999806,0.0005624458408231714,0.020999999999999908,0.00038455056239251255,0.010999999999999899,1.4626056904555513,0.010000000000000009
1022,3B0018C6F9,312-2025-01-22,2025-01-22 14:27:15.664,0.1021053532782321,0.004472106694471778,0.03600000000000003,0.0025873728223149276,0.02200000000000002,0.00209319862531804,0.014000000000000012,1.236085668612458,0.008000000000000007
1023,3B0019F652,313-2025-01-22,2025-01-22 14:27:20.664,0.0881893569011782,0.0024675342180321192,0.10299999999999998,0.0011047440963221815,0.05499999999999999,0.0014347333913716119,0.04799999999999999,0.7699995713252628,0.007000000000000006
1024,011016B2E1,314-2025-01-22,2025-01-22 14:28:22.664,0.1065010022786279,0.0031315749514626632,0.09799999999999998,0.0007234988975426484,0.05400000000000005,0.00250219145419197,0.04399999999999993,0.2891460988448972,0.01000000000000012
1025,3B004873F2,317-2025-01-22,2025-01-22 14:29:27.663,0.1046564999395596,0.0042338206782745035,0.04899999999999999,0.002717810025079456,0.032999999999999974,0.0016519026408221798,0.016000000000000014,1.645260415424214,0.01699999999999996
1026,3B0018A99B,318-2025-01-22,2025-01-22 14:29:54.661,0.0953464577083411,0.00280405133843802,0.031000000000000028,0.0017087459258812077,0.019000000000000017,0.001246130958761888,0.01200000000000001,1.3712410512446922,0.007000000000000006
1027,3B00186448,321-2025-01-22,2025-01-22 14:30:11.662,0.1762324512983168,0.026295917355526492,0.05400000000000027,0.016305658743389833,0.034000000000000696,0.01070213219264137,0.019999999999999574,1.5235897342588767,0.014000000000001123
1028,3B0018F763,322-2025-01-22,2025-01-22 14:34:11.664,0.1088202114700193,0.013581531995649026,0.06000000000000005,0.008769084404921045,0.04299999999999993,0.005267461702068861,0.017000000000000126,1.6647647198795728,0.0259999999999998
1029,3B001877B5,323-2025-01-22,2025-01-22 14:34:35.662,0.1515942145334509,0.023724879593313836,0.06999999999999984,0.016755930256479295,0.054999999999999716,0.007737980737006756,0.015000000000000124,2.165413797987937,0.03999999999999959
1030,3B0018C2F6,328-2025-01-22,2025-01-22 14:38:33.661,0.1571190912084223,0.021660318960721233,0.05799999999999983,0.011620322220656655,0.03399999999999981,0.01076798559567275,0.02400000000000002,1.079154695872404,0.009999999999999787
1031,3B00186448,329-2025-01-22,2025-01-22 14:39:39.662,0.175379207236866,0.023992962443720893,0.07299999999999995,0.016834487650185685,0.05500000000000016,0.007783791050232607,0.017999999999999794,2.1627620193739157,0.037000000000000366
1032,011016B2E1,330-2025-01-22,2025-01-22 14:43:17.661,0.0984485607442597,0.005197504132118228,0.03400000000000003,0.002794617641886301,0.018000000000000016,0.0026437670360992703,0.016000000000000014,1.0570589631110623,0.0020000000000000018
1033,3B0018C2F6,331-2025-01-22,2025-01-22 14:43:21.661,0.1571190912084223,0.02183503980723243,0.051000000000000045,0.012595013579003486,0.030000000000000027,0.010040454719056837,0.02100000000000002,1.2544266102906756,0.009000000000000008
1034,3B00186448,332-2025-01-22,2025-01-22 14:43:30.660,0.1674190821650436,0.02640020081349539,0.06699999999999995,0.01670263681418983,0.04800000000000004,0.010475974458801194,0.018999999999999906,1.5943754807608779,0.029000000000000137
1035,3B004873F2,334-2025-01-22,2025-01-22 14:44:19.663,0.1046564999395596,0.0042825604721170914,0.04200000000000001,0.002616236924179983,0.026999999999999996,0.0018344701607356944,0.015000000000000013,1.4261539817746447,0.011999999999999983
1036,3B001877B5,335-2025-01-22,2025-01-22 14:44:36.660,0.1738037379755808,0.026377666926811292,0.06599999999999984,0.018655508507269818,0.04899999999999993,0.008450970041080587,0.016999999999999904,2.2074990701167394,0.03200000000000003
1037,3B004B0F76,336-2025-01-22,2025-01-22 14:45:01.660,0.1616092100059758,0.023572197872088963,0.06000000000000005,0.016714323675452277,0.04499999999999993,0.007651474783870156,0.015000000000000124,2.1844577872343303,0.029999999999999805
1038,3B004CD4DE,338-2025-01-22,2025-01-22 14:48:38.660,0.0972852262537845,0.015497179878525754,0.06800000000000006,0.008231585104872555,0.04500000000000015,0.007730466420907332,0.02299999999999991,1.0648238614179772,0.02200000000000024
1039,3B00484043,342-2025-01-22,2025-01-22 14:49:32.661,0.0933107542597867,0.004534716672563119,0.09199999999999997,0.0019251816546778178,0.05300000000000005,0.0027009350974841182,0.038999999999999924,0.7127833824926398,0.014000000000000123
1040,01103F97C4,344-2025-01-22,2025-01-22 14:50:13.660,0.1598146914690822,0.02545487797832922,0.07100000000000017,0.017952674274450225,0.05500000000000016,0.00826008879561194,0.016000000000000014,2.173423884255014,0.039000000000000146
1041,3B0018A99B,345-2025-01-22,2025-01-22 14:50:23.661,0.0964350906506284,0.00045306206539958804,0.0129999999999999,0.00028330122315335795,0.007000000000000561,0.00021997840669611674,0.005999999999999339,1.2878592376783455,0.0010000000000012221
1042,3B00186448,346-2025-01-22,2025-01-22 14:50:27.661,0.1674190821650436,0.02943495585935109,0.05899999999999994,0.01491164667944598,0.03299999999999992,0.015302438564225852,0.026000000000000023,0.974462117058031,0.006999999999999895
1043,3B0018C2F6,348-2025-01-22,2025-01-22 14:50:45.660,0.1571190912084223,0.02155795204536831,0.05600000000000005,0.013596685556467779,0.040000000000000036,0.008788061309381706,0.016000000000000014,1.5471769116986724,0.02400000000000002
1044,3B004CD4DE,350-2025-01-22,2025-01-22 14:51:17.660,0.1028488977350911,0.01340503876168137,0.050999999999999934,0.005383545858714092,0.02300000000000013,0.008419871192699206,0.027999999999999803,0.639385773903776,-0.004999999999999671
1045,3B004873F2,354-2025-01-22,2025-01-22 14:51:56.661,0.1046564999395596,0.004688943939159668,0.04799999999999999,0.003045657246897668,0.032999999999999974,0.0018190196883877995,0.015000000000000013,1.6743399020584762,0.01799999999999996
1046,3B00186448,357-2025-01-22,2025-01-22 14:52:59.660,0.1724153178836874,0.028128830819362734,0.058000000000000274,0.015619234119615539,0.03400000000000025,0.013270758713644084,0.02400000000000002,1.1769661747792095,0.010000000000000231
1047,01103F97C4,359-2025-01-22,2025-01-22 14:53:15.660,0.1598146914690822,0.0001243519823242699,0.010000000000000009,6.599983924253208e-05,0.0050000000000000044,7.57138635306058e-05,0.0050000000000000044,0.8717008506091223,0.0
1048,3B001857EE,360-2025-01-22,2025-01-22 14:53:34.659,0.10256506244428,0.007667674109631116,0.04999999999999999,0.0029996926807892895,0.019999999999999962,0.004885243809218171,0.030000000000000027,0.6140313151063298,-0.010000000000000064
1049,3B0019F652,361-2025-01-22,2025-01-22 14:53:38.659,0.0902366398593005,0.007707937442898374,0.07699999999999996,0.004902792496060066,0.05499999999999994,0.003013987949425463,0.02200000000000002,1.6266795283619677,0.03299999999999992
1050,3B00186448,364-2025-01-22,2025-01-22 14:55:13.660,0.1740191708942717,0.02733899618900832,0.06000000000000005,0.014071350151054497,0.03399999999999981,0.014004569727236528,0.026000000000000245,1.0047684737995264,0.007999999999999563
1051,3B0018C2F6,366-2025-01-22,2025-01-22 14:55:27.661,0.1555785680496015,0.019410680655728867,0.05600000000000005,0.01190554462666594,0.03600000000000003,0.008123365582003913,0.020000000000000018,1.4655926175526155,0.016000000000000014
1052,3B00182A81,370-2025-01-22,2025-01-22 14:57:05.659,0.101082258414931,0.004480699534772527,0.07299999999999995,0.002690988911136394,0.04899999999999993,0.0019152050457476057,0.02400000000000002,1.4050656962873438,0.02499999999999991
1053,011016B2E1,371-2025-01-22,2025-01-22 14:57:17.660,0.0984485607442597,0.0023724779457141012,0.03999999999999998,0.0016595888817360273,0.029000000000000026,0.0008171395935420993,0.010999999999999954,2.0309735262516377,0.01800000000000007
1054,01103FA4B2,372-2025-01-22,2025-01-22 14:58:07.659,0.099028312896911,0.011893641104109957,0.07099999999999973,0.007310923645423561,0.054999999999999716,0.0050494843714792,0.016000000000000014,1.447855485347684,0.0389999999999997
1055,3B0019F652,373-2025-01-22,2025-01-22 14:58:44.660,0.091374095113199,0.0019031890359110658,0.09699999999999953,0.001127472671878516,0.051000000000000156,0.0008314616931098903,0.045999999999999375,1.3560127679021088,0.005000000000000782
1056,011016B2E1,374-2025-01-22,2025-01-22 14:58:58.661,0.1080584735618896,0.0049136173579522385,0.052000000000000046,0.0022291308250266284,0.02400000000000002,0.0028617605814294142,0.028000000000000025,0.7789368682663191,-0.0040000000000000036
1057,3B0019F652,377-2025-01-22,2025-01-22 15:00:00.659,0.0881893569011782,0.003025852872436876,0.08699999999999997,0.0017760070917194166,0.051000000000000045,0.0013089590968962518,0.03599999999999992,1.3568087008452816,0.015000000000000124
1058,3B004CD4DE,378-2025-01-22,2025-01-22 15:00:25.661,0.1039052092457154,0.010809126562861524,0.07099999999999998,0.007084786995657183,0.05400000000000002,0.004076099511029529,0.01699999999999996,1.738129056095524,0.03700000000000006
1059,3B0019B8CC,380-2025-01-22,2025-01-22 15:03:46.060,0.159515242982618,0.0047802413779505105,0.08100000000000018,0.0016559506574108222,0.03200000000000003,0.003267714935614229,0.049000000000000155,0.5067610516948459,-0.017000000000000126
1060,3B0018C2F6,381-2025-01-22,2025-01-22 15:03:54.060,0.1582944477493596,0.02183958819595969,0.06400000000000006,0.013561876618051437,0.04300000000000015,0.008981007194394345,0.020999999999999908,1.5100618810901658,0.02200000000000024
1061,3B0019F652,384-2025-01-22,2025-01-22 15:04:38.059,0.0913134742004074,0.0017188922226541014,0.04700000000000015,0.001264564356581049,0.03500000000000014,0.0005139236231583799,0.01200000000000001,2.4606075681236743,0.02300000000000013
1062,3B0019B8CC,385-2025-01-22,2025-01-22 15:04:41.059,0.159959731469869,0.002632218502322465,0.04600000000000004,0.0017887428013506283,0.03400000000000003,0.0009497117882746622,0.01200000000000001,1.8834585644137687,0.02200000000000002
1063,3B00190DF0,386-2025-01-22,2025-01-22 15:05:19.062,0.1761565842871426,0.023353512003098747,0.06999999999999995,0.015200120032134947,0.05500000000000005,0.00901977391194712,0.014999999999999902,1.6851996713578001,0.04000000000000015
1064,3B001877B5,387-2025-01-22,2025-01-22 15:05:27.059,0.1750230250357038,0.02287007833847282,0.06400000000000006,0.015302233039127347,0.04600000000000004,0.008256259541497904,0.018000000000000016,1.8534098840055502,0.028000000000000025
1065,0700ED9568,389-2025-01-22,2025-01-22 15:05:45.058,0.1520214290141345,0.02590990098988454,0.07400000000000029,0.018295623667219027,0.05500000000000016,0.008286208586673857,0.019000000000000128,2.2079607912167005,0.03600000000000003
1066,3B0018C2F6,393-2025-01-22,2025-01-22 15:06:31.059,0.1571190912084223,0.02789075970371835,0.051999999999999824,0.01577201274515591,0.029999999999999805,0.012908038663341611,0.02200000000000002,1.2218752326755797,0.007999999999999785
1067,3B0018C6F9,395-2025-01-22,2025-01-22 15:06:55.059,0.0986842036561584,0.004566516850802037,0.03599999999999981,0.0026753194161480355,0.021999999999999797,0.0021015498511945223,0.014000000000000012,1.273022105389212,0.007999999999999785
1068,3B00484043,396-2025-01-22,2025-01-22 15:07:02.059,0.0961619034304674,0.0049651490909597895,0.07200000000000006,0.0031382018238938466,0.04700000000000015,0.0019447455871119017,0.02499999999999991,1.613682450131855,0.02200000000000024
1069,011016B2E1,399-2025-01-22,2025-01-22 15:07:35.059,0.1080924678818555,0.004277452794164743,0.08599999999999997,0.001555517161972467,0.05300000000000005,0.002838479222614527,0.03299999999999992,0.5480107620938223,0.02000000000000013
1070,3B00182A81,400-2025-01-22,2025-01-22 15:07:47.058,0.0989691687162381,0.005116043358794151,0.07699999999999996,0.003649491497280769,0.05499999999999994,0.0015797729975853473,0.02200000000000002,2.310136648024081,0.03299999999999992
1071,3B00484043,402-2025-01-22,2025-01-22 15:07:58.057,0.0963769563157062,0.0053016841330556464,0.07500000000000018,0.0038039608177707304,0.05500000000000016,0.0016198031735892243,0.020000000000000018,2.3484092881123098,0.03500000000000014
1072,3B0018A99B,405-2025-01-22,2025-01-22 15:08:50.058,0.0948727448646594,0.003527025686986153,0.07500000000000007,0.0022988444553599806,0.05500000000000005,0.0013348213437380974,0.020000000000000018,1.7222113402248924,0.03500000000000003
1073,3B004873F2,407-2025-01-22,2025-01-22 15:09:00.058,0.1046564999395596,0.004523750463356702,0.05499999999999999,0.0023638025590553033,0.03300000000000003,0.0023095846044623803,0.021999999999999964,1.0234751974394736,0.011000000000000065
1074,3B001857EE,408-2025-01-22,2025-01-22 15:09:11.057,0.1021788737120014,0.011777863128287365,0.050000000000000044,0.007145702685579706,0.03200000000000003,0.005034472844073502,0.018000000000000016,1.4193546984748382,0.014000000000000012
1075,3B001877B5,409-2025-01-22,2025-01-22 15:09:16.059,0.1776155756928932,0.024888825573945603,0.06400000000000006,0.017914509717446885,0.04899999999999993,0.007730275413347491,0.015000000000000124,2.317447795781606,0.03399999999999981
1076,3B0018C2F6,411-2025-01-22,2025-01-22 15:09:25.056,0.1571190912084223,0.02321932070760473,0.06300000000000017,0.013756320479727396,0.04300000000000015,0.01027290762061438,0.020000000000000018,1.3390873341567815,0.02300000000000013
1077,3B00190DF0,412-2025-01-22,2025-01-22 15:09:34.059,0.1761565842871426,0.01857473483948699,0.06800000000000006,0.013098937220673432,0.05500000000000005,0.006178794907172698,0.013000000000000012,2.119982523690411,0.04200000000000004
1078,3B0018A99B,416-2025-01-22,2025-01-22 15:16:26.056,0.0973243701566505,0.002552405295790166,0.07099999999999995,0.001189822245853873,0.03200000000000003,0.0014362412853756981,0.038999999999999924,0.8284278261383039,-0.006999999999999895
1079,3B00484043,417-2025-01-22,2025-01-22 15:17:18.057,0.0966350136310051,0.005644956485918118,0.07299999999999995,0.0033859760121991555,0.04799999999999993,0.0024113030865754227,0.025000000000000022,1.404210043544539,0.02299999999999991
1080,3B0018C2F6,418-2025-01-22,2025-01-22 15:18:39.056,0.1597159846095941,0.024651918288410946,0.05099999999999971,0.013787019210393266,0.028999999999999915,0.01171284716083198,0.021999999999999797,1.1770852143018962,0.007000000000000117
1081,3B00186448,419-2025-01-22,2025-01-22 15:19:04.054,0.1750651563908784,0.028735516743961735,0.05699999999999994,0.015253727790672033,0.03200000000000003,0.014227738437313087,0.02499999999999991,1.0721119071649665,0.007000000000000117
1082,3B00484043,420-2025-01-22,2025-01-22 15:19:07.056,0.0933107542597867,0.004981124374471944,0.07099999999999995,0.002433160147373308,0.039000000000000035,0.002673268605479694,0.03199999999999992,0.9101816938207372,0.007000000000000117
1083,3B00186448,421-2025-01-22,2025-01-22 15:20:17.057,0.1761143187071327,0.006383957540371846,0.07899999999999974,0.0036815191357808803,0.054999999999999716,0.002908927566986877,0.02400000000000002,1.2655932645288477,0.030999999999999694
1084,3B0018C2F6,423-2025-01-22,2025-01-22 15:20:50.056,0.1579115707083943,0.02732247170506302,0.04999999999999982,0.0151381688566524,0.02799999999999958,0.013013634173090831,0.02200000000000024,1.1632545263916065,0.005999999999999339
1085,3B004AB6A7,424-2025-01-22,2025-01-22 15:20:52.055,0.1068443838846382,0.0031522841149462725,0.06899999999999995,0.001715741422650256,0.05400000000000005,0.0015719407344363492,0.014999999999999902,1.0914797136200363,0.039000000000000146
1086,3B001857EE,425-2025-01-22,2025-01-22 15:20:55.055,0.10256506244428,0.0010071903230569937,0.026000000000000023,0.0006314212743868035,0.016000000000000014,0.00043560574951947604,0.010000000000000009,1.4495246563741062,0.006000000000000005
1087,3B00186448,426-2025-01-22,2025-01-22 15:22:46.056,0.1674190821650436,0.027117093053325384,0.05900000000000005,0.01488109703007422,0.03500000000000003,0.012968046801813094,0.02400000000000002,1.1475203056788519,0.01100000000000001
1088,3B001857EE,427-2025-01-22,2025-01-22 15:22:56.055,0.1012850123522969,0.0015195070065480113,0.052000000000000046,0.0010834740705364223,0.039000000000000035,0.00048773198232070626,0.013000000000000012,2.2214538103100816,0.026000000000000023
1089,3B0018C2F6,428-2025-01-22,2025-01-22 15:23:07.055,0.1581700377189364,0.025939708211991565,0.06999999999999984,0.01455705417160334,0.04800000000000004,0.01229265691261945,0.021999999999999797,1.1842073097036734,0.026000000000000245
1090,01103F97C4,430-2025-01-22,2025-01-22 15:24:57.053,0.1598146914690822,0.009344358017522666,0.045999999999999985,0.0063640588774335725,0.030999999999999972,0.0032889398369479643,0.015000000000000013,1.934987927094229,0.01599999999999996
1091,3B001877B5,431-2025-01-22,2025-01-22 15:25:08.053,0.1744972253454988,0.02226120276736439,0.062000000000000055,0.015580477217650695,0.04700000000000015,0.007408449962628528,0.014999999999999902,2.10306842811188,0.03200000000000025
1092,3B00190DF0,432-2025-01-22,2025-01-22 15:27:44.053,0.1761565842871426,0.012469481122103903,0.08899999999999997,0.005506289079242633,0.05400000000000005,0.007475696085716602,0.03499999999999992,0.7365587118720883,0.019000000000000128
1093,3B001877B5,434-2025-01-22,2025-01-22 15:28:15.056,0.1730952171022359,0.02347715888712823,0.07000000000000006,0.016090053056036443,0.05400000000000005,0.008134496784473927,0.016000000000000014,1.9780022639811048,0.038000000000000034
1094,3B004CD4DE,435-2025-01-22,2025-01-22 15:28:18.053,0.1039052092457154,0.0046926052332747934,0.04400000000000004,0.002940471521730761,0.029000000000000026,0.0019418236260715783,0.015000000000000013,1.5142835231022012,0.014000000000000012
1095,011016B2E1,436-2025-01-22,2025-01-22 15:30:04.052,0.0984485607442597,0.015446094213232939,0.04699999999999993,0.00616302504682798,0.020000000000000018,0.009784429052283224,0.026999999999999913,0.6298809070918472,-0.006999999999999895
1096,3B00199DE5,437-2025-01-22,2025-01-22 15:32:04.054,0.1046505702476932,0.01600209536482386,0.053999999999999826,0.006844706845608316,0.02499999999999991,0.009627413258950727,0.028999999999999915,0.710960115817684,-0.0040000000000000036
1097,3B0018C2F6,443-2025-01-22,2025-01-22 15:33:41.052,0.1585461617466465,0.02548226592035615,0.062000000000000055,0.01705276874737238,0.04600000000000004,0.0093151455428383,0.016000000000000014,1.8306497379939428,0.030000000000000027
1098,011016B2E1,444-2025-01-22,2025-01-22 15:33:48.052,0.0984485607442597,0.006179821337500153,0.04800000000000004,0.003910215005459362,0.03200000000000003,0.0024910140337503074,0.016000000000000014,1.569728212077713,0.016000000000000014
1099,3B0019F652,447-2025-01-22,2025-01-22 15:35:44.052,0.0881893569011782,0.003046247392633306,0.06800000000000006,0.0014555476497241772,0.040000000000000036,0.001674084761375587,0.028000000000000025,0.8694587534075401,0.01200000000000001
1100,3B0049A710,450-2025-01-22,2025-01-22 15:36:39.052,0.1098409808915892,0.01288424893851813,0.04899999999999993,0.006075392892022915,0.02499999999999991,0.007215017350307624,0.02400000000000002,0.8420482719648459,0.0009999999999998899
1101,3B0019F652,451-2025-01-22,2025-01-22 15:36:57.052,0.090145756782835,0.0032514018112232103,0.07899999999999996,0.0017882959393782226,0.05400000000000005,0.001548849791419652,0.02499999999999991,1.1545961069207995,0.029000000000000137
1102,3B00182A81,452-2025-01-22,2025-01-22 15:37:04.052,0.0989691687162381,0.004412111522899463,0.06000000000000005,0.0026379551888275543,0.040000000000000036,0.0019106315068033852,0.020000000000000018,1.3806718770387234,0.020000000000000018
1103,3B0018F763,453-2025-01-22,2025-01-22 15:37:09.053,0.1047494367619683,0.006970030871829467,0.04899999999999993,0.004211947976263468,0.030999999999999917,0.0029906534635642025,0.018000000000000016,1.408370454008988,0.0129999999999999
1104,3B004B0F76,455-2025-01-22,2025-01-22 15:37:56.051,0.1587023767089768,0.02483867184025793,0.07800000000000029,0.012256539898067005,0.04899999999999993,0.01324572740087144,0.02900000000000036,0.9253202581581622,0.019999999999999574
1105,3B0019F652,457-2025-01-22,2025-01-22 15:38:09.052,0.0915638740358423,0.004366293303365971,0.0909999999999993,0.0014444446062930644,0.054999999999999716,0.003043077051258384,0.03599999999999959,0.474665801083069,0.019000000000000128
1106,3B00484043,460-2025-01-22,2025-01-22 15:39:14.053,0.0958555167929467,0.004476200460318626,0.07599999999999996,0.0030761937052103706,0.051999999999999935,0.001499260098801507,0.02400000000000002,2.0518078935532587,0.027999999999999914
1107,3B0049A710,463-2025-01-22,2025-01-22 15:40:12.052,0.1000199301384948,0.004279244563735961,0.06899999999999995,0.002345259700927521,0.04499999999999993,0.002053369122015609,0.02400000000000002,1.1421520250705772,0.020999999999999908
1108,3B0049A710,468-2025-01-22,2025-01-22 15:41:19.052,0.0947647968445497,0.0030552787778260165,0.06600000000000028,0.0025174590287741936,0.05500000000000016,0.0006104143597663297,0.01100000000000012,4.124180548009867,0.04400000000000004
1109,3B00484043,470-2025-01-22,2025-01-22 15:41:45.051,0.0975988898989179,0.003868202336321842,0.09099999999999997,0.0020739989871437227,0.05400000000000005,0.0018696590354689274,0.03699999999999992,1.109292629189763,0.017000000000000126
1110,3B0018C2F6,471-2025-01-22,2025-01-22 15:43:19.053,0.1539639327065351,0.023901130774751842,0.05300000000000038,0.014083716478375566,0.03500000000000014,0.010708824659708151,0.018000000000000238,1.3151505348075603,0.016999999999999904
1111,3B00484043,473-2025-01-22,2025-01-22 15:43:36.052,0.0962273756530645,0.004124150689819653,0.07399999999999995,0.0020914422253457783,0.039000000000000035,0.0021159779249086304,0.03499999999999992,0.9884045578765139,0.004000000000000115
1112,3B00186448,477-2025-01-22,2025-01-22 15:45:05.050,0.1769838917351533,0.006798312138307191,0.10000000000000009,0.0030109313359104038,0.052999999999999936,0.003946291680157022,0.04700000000000015,0.7629773924340533,0.005999999999999783
1113,3B0019F652,479-2025-01-22,2025-01-22 15:45:16.051,0.0932198718218599,0.00866478640410909,0.07900000000000018,0.0047451993295710955,0.05500000000000016,0.004207288859724061,0.02400000000000002,1.1278520414883788,0.03100000000000014
1114,3B0018F763,480-2025-01-22,2025-01-22 15:45:23.051,0.1047494367619683,-0.00030184958749217365,0.04799999999999993,7.997012478219584e-05,0.0050000000000000044,-0.00036061448420970633,0.04299999999999993,-0.22176071201757724,-0.03799999999999992
1115,3B00182A81,482-2025-01-22,2025-01-22 15:45:48.051,0.0989691687162381,0.005073010672585207,0.07100000000000001,0.0033262954867555464,0.045999999999999985,0.0018594992315292386,0.025000000000000022,1.7888125094948413,0.020999999999999963
1116,3B00186448,483-2025-01-22,2025-01-22 15:46:21.051,0.1803085478720266,0.0067128749211568745,0.08899999999999997,0.0037718860973481936,0.05499999999999994,0.003140153277190845,0.03400000000000003,1.2011789757990703,0.020999999999999908
1117,3B004B0F76,487-2025-01-22,2025-01-22 15:47:15.051,0.1616092100059758,0.024658473750673024,0.05499999999999999,0.014675081888683356,0.03199999999999997,0.010700708960537415,0.02300000000000002,1.3714121132350037,0.008999999999999952
1118,3B00186448,489-2025-01-22,2025-01-22 15:47:43.051,0.17856035258164,0.0061467854100204465,0.06700000000000017,0.0028804988693905214,0.03100000000000014,0.0034416409252566033,0.03600000000000003,0.8369550839112467,-0.004999999999999893
1119,3B00190DF0,490-2025-01-22,2025-01-22 15:47:49.051,0.1761565842871426,0.01311512467129474,0.05700000000000016,0.009229416224056456,0.04200000000000004,0.004302996707107578,0.015000000000000124,2.1448810799254265,0.026999999999999913
1120,3B0018A99B,493-2025-01-22,2025-01-22 15:48:45.051,0.0953464577083411,0.0010373534230528776,0.030000000000000027,0.0006965266887483749,0.02100000000000013,0.0003994475278962197,0.008999999999999897,1.743725120585398,0.012000000000000233
1121,3B00186448,494-2025-01-22,2025-01-22 15:49:09.052,0.178695959766058,0.005872341848913559,0.09599999999999986,0.0031488100918688005,0.05400000000000005,0.0028758050583025142,0.041999999999999815,1.0949316897465335,0.012000000000000233
1122,3B0019B8CC,495-2025-01-22,2025-01-22 15:49:20.051,0.159959731469869,0.02936360116676039,0.052999999999999936,0.011420130746112643,0.02299999999999991,0.018748026285821857,0.030000000000000027,0.609137760530509,-0.007000000000000117
1123,3B0019B8CC,499-2025-01-22,2025-01-22 15:54:42.052,0.159959731469869,0.007346133547699831,0.08400000000000007,0.0041574520172618324,0.05499999999999994,0.0034177506297580203,0.029000000000000137,1.21642930325674,0.0259999999999998
1124,3B0018A99B,502-2025-01-22,2025-01-22 16:02:27.054,0.0953464577083411,0.0010759821602684865,0.08300000000000002,0.0007184594752900955,0.05499999999999999,0.00039374185834092977,0.028000000000000025,1.8246967145362587,0.02699999999999997
1125,3B001857EE,503-2025-01-22,2025-01-22 16:02:32.052,0.10256506244428,0.005905301370018167,0.045999999999999985,0.0036682189450326823,0.02899999999999997,0.0024264568386991848,0.017000000000000015,1.5117594043004705,0.011999999999999955
1126,3B0019B8CC,504-2025-01-22,2025-01-22 16:02:56.053,0.1578352826135725,0.007258960058619699,0.08299999999999996,0.003882237084395469,0.05400000000000005,0.0036144547529113557,0.028999999999999915,1.0740865081430113,0.025000000000000133
1127,3B00190DF0,505-2025-01-22,2025-01-22 16:03:14.052,0.1842909015457113,0.031765328056418796,0.052000000000000046,0.01669869683616264,0.028999999999999915,0.016028883548240985,0.02300000000000013,1.0417878940791958,0.005999999999999783
1128,3B0018A99B,506-2025-01-22,2025-01-22 16:03:25.053,0.0975570875794171,0.004774861462411831,0.04100000000000015,0.0030728149620041904,0.027000000000000135,0.0019017169050564685,0.014000000000000012,1.6158109305511736,0.013000000000000123
1129,3B0019B8CC,508-2025-01-22,2025-01-22 16:04:19.053,0.1630091466239373,0.0065330294546734145,0.09099999999999997,0.0033153104522039125,0.05499999999999994,0.0034093468242788025,0.03600000000000003,0.9724180680577189,0.018999999999999906
1130,3B004CD4DE,509-2025-01-22,2025-01-22 16:04:27.053,0.0970302817584014,0.004079996098670227,0.06299999999999972,0.0024027262647342115,0.0389999999999997,0.0017983027498638636,0.02400000000000002,1.3361077632318052,0.01499999999999968
1131,3B00190DF0,510-2025-01-22,2025-01-22 16:04:39.052,0.1761565842871426,0.023779572151774973,0.05500000000000005,0.01656695901989738,0.041000000000000036,0.00806846170739169,0.014000000000000012,2.0532983387304222,0.027000000000000024
1132,3B00484043,511-2025-01-22,2025-01-22 16:04:51.054,0.0983439653396534,0.00540415585956205,0.07100000000000017,0.003680437538258828,0.050000000000000044,0.001842009547080042,0.02100000000000013,1.9980556257664714,0.028999999999999915
1133,3B004CD4DE,515-2025-01-22,2025-01-22 16:05:41.051,0.1018058477548685,0.015302080886995476,0.08199999999999985,0.006548630024181444,0.053999999999999826,0.009187207643937871,0.028000000000000025,0.7127987390708995,0.0259999999999998
1134,3B0018A99B,516-2025-01-22,2025-01-22 16:05:47.053,0.0953464577083411,0.004489181370515863,0.03699999999999992,0.002633068466332176,0.02200000000000002,0.002048095578983633,0.014999999999999902,1.2856179630243798,0.007000000000000117
1135,3B0018C2F6,521-2025-01-22,2025-01-22 16:06:56.053,0.1645016421455975,0.028720316940102,0.04899999999999993,0.014330516848034684,0.02499999999999991,0.015281460114030376,0.02400000000000002,0.9377714394501739,0.0009999999999998899
1136,3B00484043,523-2025-01-22,2025-01-22 16:07:17.052,0.0965694904431376,0.005282873470033067,0.08400000000000052,0.0032515531219473428,0.05400000000000027,0.0021421857271765807,0.03000000000000025,1.5178670461187873,0.02400000000000002
1137,3B004CD4DE,524-2025-01-22,2025-01-22 16:07:58.051,0.1006878997480584,0.0045394201318794195,0.05499999999999994,0.0025660594046879198,0.03299999999999992,0.002146413044507694,0.02200000000000002,1.1955105338434413,0.010999999999999899
1138,3B0018C2F6,525-2025-01-22,2025-01-22 16:08:20.051,0.1579196339021334,0.005807386483339974,0.06800000000000006,0.0048276560662624795,0.054999999999999716,0.0010968958896713727,0.013000000000000345,4.401198064210846,0.04199999999999937
1139,3B00182A81,528-2025-01-22,2025-01-22 16:11:13.051,0.10292266433138,0.004586569812233724,0.08200000000000002,0.002517547067277341,0.05499999999999999,0.0022084879360976272,0.027000000000000024,1.1399415075482902,0.02799999999999997
1140,3B0018F763,530-2025-01-22,2025-01-22 16:11:58.050,0.1047494367619683,0.011976744247969347,0.07000000000000028,0.007787790543987069,0.050000000000000266,0.004569064559763181,0.020000000000000018,1.7044606050370006,0.03000000000000025
1141,3B004CD4DE,531-2025-01-22,2025-01-22 16:13:30.048,0.0984226134790606,0.005264537584284561,0.06800000000000006,0.002754694209511069,0.041999999999999815,0.0026815659344463345,0.026000000000000245,1.0272707354032797,0.01599999999999957
1142,3B00182A81,532-2025-01-22,2025-01-22 16:13:55.051,0.1043192694942287,0.005101195105682306,0.05499999999999994,0.003216532212709667,0.03699999999999992,0.0020508562243310717,0.018000000000000016,1.568385035747108,0.018999999999999906
1143,3B0019B8CC,2-2025-01-25,2025-01-25 08:00:35.802,0.159959731469869,0.023212549607076322,0.04700000000000015,0.011053861800454636,0.02300000000000013,0.012902706359311527,0.02400000000000002,0.8567087781919001,-0.0009999999999998899
1144,3B0019B8CC,3-2025-01-25,2025-01-25 08:01:27.802,0.1489058223085412,0.020609710755562127,0.05600000000000005,0.013233248354901786,0.03699999999999992,0.00800432487664609,0.019000000000000128,1.653262274937381,0.017999999999999794
1145,3B004B0F76,4-2025-01-25,2025-01-25 08:02:51.806,0.1493407847265887,0.020286879809286548,0.06999999999999984,0.0147668755261803,0.05400000000000005,0.00606510043561674,0.015999999999999792,2.4347289353137818,0.038000000000000256
1146,3B0019B8CC,5-2025-01-25,2025-01-25 08:02:54.803,0.159959731469869,0.022253089769647055,0.049000000000000044,0.010967562054372288,0.025000000000000022,0.011958090319398528,0.02400000000000002,0.917166684765761,0.0010000000000000009
1147,3B0019B8CC,6-2025-01-25,2025-01-25 08:03:40.803,0.1498896220544136,0.024301607912176542,0.052999999999999936,0.010519967867739307,0.02499999999999991,0.014478450235796584,0.028000000000000025,0.7265948838729778,-0.0030000000000001137
1148,3B0019B8CC,7-2025-01-25,2025-01-25 08:07:08.804,0.159959731469869,0.02123670559222968,0.07800000000000007,0.010464783578902327,0.05499999999999994,0.011431661412898933,0.02300000000000013,0.9154210574409046,0.031999999999999806
1149,3B0018D520,11-2025-01-25,2025-01-25 08:10:23.797,0.0945332514008433,0.012100556562668589,0.051999999999999824,0.00758456938606758,0.03499999999999992,0.004956295255080577,0.016999999999999904,1.530290064598719,0.018000000000000016
1150,3B001816CC,12-2025-01-25,2025-01-25 08:12:28.796,0.0980675475768424,0.010130396665472175,0.059,0.006370740957545497,0.04299999999999998,0.004127384249510993,0.016000000000000014,1.5435298902204935,0.02699999999999997
1151,3B0018D520,13-2025-01-25,2025-01-25 08:12:31.796,0.0970669001005595,0.011440562198425918,0.05699999999999994,0.00705664169640197,0.040000000000000036,0.004780772958475782,0.016999999999999904,1.4760461870274186,0.02300000000000013
1152,3B004873F2,15-2025-01-25,2025-01-25 08:26:13.788,0.1046564999395596,0.013886321700873401,0.05699999999999994,0.007293814111762393,0.03499999999999992,0.007037007694796264,0.02200000000000002,1.0364936956308903,0.0129999999999999
1153,3B004873F2,17-2025-01-25,2025-01-25 08:28:14.788,0.1046564999395596,0.014143543047230398,0.04600000000000004,0.006554108101866675,0.02200000000000002,0.008051979282673665,0.02400000000000002,0.813974784556373,-0.0020000000000000018
1154,3B004873F2,19-2025-01-25,2025-01-25 08:30:06.787,0.1046564999395596,0.01215135568196079,0.04299999999999998,0.006114868908077485,0.02100000000000002,0.006473674729036906,0.021999999999999964,0.9445746294063803,-0.0009999999999999454
1155,3B004873F2,20-2025-01-25,2025-01-25 08:31:11.788,0.1046564999395596,0.0136170517072715,0.04600000000000004,0.005788519572692353,0.020000000000000018,0.008279188014814315,0.026000000000000023,0.6991651309687256,-0.006000000000000005
1156,3B0019B8CC,23-2025-01-25,2025-01-25 08:52:47.786,0.159959731469869,0.021221925778655514,0.056999999999999995,0.013127274249235576,0.03799999999999998,0.008774245116739717,0.019000000000000017,1.4961143750350723,0.01899999999999996
1157,3B0019B8CC,24-2025-01-25,2025-01-25 08:54:31.787,0.159959731469869,0.023866339710496367,0.07800000000000007,0.01280568819197213,0.05499999999999994,0.011731862802218097,0.02300000000000013,1.091530680835358,0.031999999999999806
1158,3B0019B8CC,26-2025-01-25,2025-01-25 08:56:20.788,0.159959731469869,0.024317284098541527,0.07899999999999996,0.012369112618553706,0.05399999999999994,0.012618890500945352,0.025000000000000022,0.9802060345659602,0.028999999999999915
1159,3B0019B8CC,27-2025-01-25,2025-01-25 08:57:05.787,0.159959731469869,0.02372337961973195,0.07799999999999996,0.012857567420648837,0.05499999999999999,0.011552206562200783,0.022999999999999965,1.1129966687679598,0.03200000000000003
1160,3B0019B8CC,29-2025-01-25,2025-01-25 08:59:11.787,0.1575559379235871,0.022347084808857644,0.050000000000000044,0.01181303374572112,0.027000000000000135,0.011202623932830986,0.02299999999999991,1.0544881106917492,0.004000000000000226
1161,3B004B0F76,31-2025-01-25,2025-01-25 09:37:46.772,0.1563381092699496,0.020628074026653884,0.06899999999999995,0.014902652531324685,0.05499999999999994,0.006439898325461866,0.014000000000000012,2.3141130151702938,0.040999999999999925
1162,3B004B0F76,34-2025-01-25,2025-01-25 09:54:41.772,0.1589675596192346,0.025424339848579558,0.06400000000000006,0.017140305491072635,0.04699999999999971,0.009086330145479347,0.017000000000000348,1.8863837453232228,0.02999999999999936
1163,3B0018F763,35-2025-01-25,2025-01-25 09:56:04.772,0.1047494367619683,0.013138707541986849,0.04899999999999993,0.008073041595385548,0.030999999999999917,0.005497785402605445,0.018000000000000016,1.4684170087031165,0.0129999999999999
1164,3B0018F763,37-2025-01-25,2025-01-25 10:00:51.773,0.1047494367619683,0.013534983322814264,0.04999999999999999,0.007525416864630582,0.02899999999999997,0.006469496654250427,0.02100000000000002,1.1632152031002938,0.007999999999999952
1165,3B004873F2,39-2025-01-25,2025-01-25 10:16:15.760,0.1046564999395596,0.0028528233248724614,0.07600000000000001,0.0016581902658259241,0.03999999999999998,0.0012648818298278215,0.03600000000000003,1.3109448066398746,0.003999999999999948
1166,3B004873F2,40-2025-01-25,2025-01-25 10:16:58.761,0.1046564999395596,0.013581064500789044,0.04699999999999993,0.006614832263973908,0.02299999999999991,0.0074066489488764315,0.02400000000000002,0.8930938012091636,-0.001000000000000112
1167,3B0019B8CC,44-2025-01-25,2025-01-25 10:20:09.758,0.1577539592937322,0.025880217358736177,0.07899999999999996,0.014122621847490538,0.05400000000000005,0.012420355378215437,0.02499999999999991,1.1370545702952086,0.029000000000000137
1168,3B0019B8CC,45-2025-01-25,2025-01-25 10:21:28.757,0.157278411516494,0.007139677656524824,0.040000000000000036,0.004569657417971556,0.0259999999999998,0.0028603977685895364,0.014000000000000234,1.597560125431386,0.011999999999999567
1169,3B004873F2,46-2025-01-25,2025-01-25 10:21:36.757,0.1046564999395596,0.013667474157166808,0.04399999999999982,0.006137561643118389,0.019999999999999796,0.00799588286575685,0.02400000000000002,0.7675902393972149,-0.004000000000000226
1170,3B0019B8CC,47-2025-01-25,2025-01-25 10:22:49.756,0.159959731469869,0.02612030914556414,0.052000000000000046,0.011631951484955202,0.02499999999999991,0.015215386836672184,0.027000000000000135,0.7644860830563853,-0.002000000000000224
1171,011016B2E1,50-2025-01-25,2025-01-25 10:26:32.755,0.0945537545705658,0.014545247204786171,0.0470000000000006,0.006756352044682386,0.023000000000000576,0.008282179121021296,0.02400000000000002,0.8157698530733108,-0.0009999999999994458
1172,011016B2E1,53-2025-01-25,2025-01-25 10:31:25.753,0.098463835832182,0.013125989531585681,0.0519999999999996,0.007003091548472118,0.030999999999999694,0.006568763396573221,0.020999999999999908,1.0661202308071374,0.009999999999999787
1173,3B004B0F76,55-2025-01-25,2025-01-25 10:34:26.753,0.1617672591770911,0.024170375953486225,0.05599999999999983,0.01623848181549585,0.039999999999999813,0.008729125072286964,0.016000000000000014,1.860264537513551,0.0239999999999998
1174,3B004B0F76,56-2025-01-25,2025-01-25 10:40:13.754,0.1605807146624263,0.025284073696108085,0.05800000000000005,0.01701723066970055,0.041000000000000036,0.009085084771506427,0.017000000000000015,1.8730954193263811,0.02400000000000002
1175,3B004CD4DE,60-2025-01-25,2025-01-25 11:36:07.024,0.0926685378711133,0.012095005384311634,0.05699999999999994,0.007755029634557015,0.040000000000000036,0.004751838083910599,0.016999999999999904,1.6320062884328945,0.02300000000000013
1176,3B004CD4DE,61-2025-01-25,2025-01-25 11:40:13.026,0.1039052092457154,0.003267334898654958,0.05800000000000005,0.0017266410338131683,0.03500000000000003,0.0016505469959071078,0.02300000000000002,1.046102315229286,0.01200000000000001
1177,3B004873F2,62-2025-01-25,2025-01-25 11:41:16.026,0.090178526008241,0.005273456510422722,0.03600000000000003,0.00297595337255992,0.020000000000000018,0.0025228472680406296,0.016000000000000014,1.1796010841636067,0.0040000000000000036
1178,3B004CD4DE,63-2025-01-25,2025-01-25 11:41:23.025,0.1039052092457154,0.012342032421485,0.07800000000000007,0.005524055159341475,0.05400000000000005,0.0072508753900689055,0.02400000000000002,0.7618466546684068,0.030000000000000027
1179,3B004CD4DE,66-2025-01-25,2025-01-25 11:42:50.024,0.0949379016487742,0.015227649093470193,0.04700000000000015,0.006383954495574414,0.020000000000000018,0.009337856396570468,0.027000000000000135,0.6836638115273502,-0.007000000000000117
1180,3B001877B5,68-2025-01-25,2025-01-25 11:43:26.025,0.1700714557723443,0.025334796770715363,0.07000000000000006,0.01776971445706227,0.05400000000000005,0.008323655235584166,0.016000000000000014,2.134845083575253,0.038000000000000034
1181,3B001877B5,69-2025-01-25,2025-01-25 11:44:25.026,0.1717600361561726,0.02406584276711123,0.06899999999999995,0.01680906735757072,0.052999999999999936,0.007993925089393138,0.016000000000000014,2.10273015691304,0.03699999999999992
1182,3B00199DE5,71-2025-01-25,2025-01-25 11:46:23.025,0.1002564882618713,0.012473204523750404,0.062000000000000055,0.006437708935484172,0.03500000000000003,0.006376917944688836,0.027000000000000024,1.0095329736594725,0.008000000000000007
1183,3B004873F2,72-2025-01-25,2025-01-25 11:46:37.026,0.1046564999395596,0.013976108947170019,0.045999999999999985,0.006086604543038477,0.020999999999999963,0.008342860155751695,0.025000000000000022,0.7295585002515329,-0.004000000000000059
1184,3B0018F763,73-2025-01-25,2025-01-25 11:48:16.025,0.1021186273706065,0.0010379121717894865,0.026000000000000023,0.00042696349729576255,0.010000000000000009,0.0006683509555051101,0.016000000000000014,0.6388312813484084,-0.006000000000000005
1185,3B001877B5,76-2025-01-25,2025-01-25 11:54:12.026,0.1738340056040572,0.024233267159103927,0.06800000000000006,0.016920150873003494,0.051000000000000156,0.008038935424337644,0.016999999999999904,2.1047750703131944,0.03400000000000025
1186,3B0019B8CC,77-2025-01-25,2025-01-25 11:54:29.028,0.159959731469869,0.025376473352855027,0.06400000000000006,0.015212146850310242,0.04299999999999993,0.010890920680933008,0.02100000000000013,1.3967732660970074,0.021999999999999797
1187,3B0019B8CC,78-2025-01-25,2025-01-25 11:55:16.028,0.159959731469869,0.023518937859491083,0.04699999999999993,0.01281272760544932,0.0259999999999998,0.011449068248363139,0.02100000000000013,1.1191065794617079,0.004999999999999671
1188,3B0018F763,79-2025-01-25,2025-01-25 11:55:58.029,0.1047494367619683,0.006299851440380795,0.04499999999999993,0.004085699511074635,0.029999999999999916,0.0024491255264858626,0.015000000000000013,1.6682278906859531,0.014999999999999902
1189,3B0019B8CC,80-2025-01-25,2025-01-25 11:56:06.027,0.159959731469869,0.023414693404323332,0.07599999999999996,0.01338759458668033,0.05499999999999994,0.010741541145155927,0.02100000000000002,1.2463383424935894,0.03399999999999992
1190,3B001816CC,82-2025-01-25,2025-01-25 11:58:09.028,0.0980675475768424,0.011164864312764936,0.05300000000000016,0.007462539987189799,0.038000000000000034,0.004086647151220838,0.015000000000000124,1.8260788639313903,0.02299999999999991
1191,3B001877B5,85-2025-01-25,2025-01-25 12:00:29.028,0.1726631836586291,0.02461750193773596,0.06600000000000006,0.01686145301033689,0.050000000000000044,0.008520847935317209,0.016000000000000014,1.9788468399312165,0.03400000000000003
1192,3B001857EE,86-2025-01-25,2025-01-25 12:00:41.028,0.10256506244428,0.0056590658499262,0.04400000000000004,0.0032209791094091013,0.025000000000000022,0.00262517876109586,0.019000000000000017,1.226956105672792,0.006000000000000005
1193,3B0019F652,87-2025-01-25,2025-01-25 12:01:21.027,0.0878809888418596,0.0023573687124723744,0.07900000000000018,0.000868194627683846,0.027000000000000135,0.0015535567624806585,0.052000000000000046,0.5588431968829687,-0.02499999999999991
1194,3B004873F2,88-2025-01-25,2025-01-25 12:01:50.028,0.0968381606317577,0.014562517550854854,0.04800000000000004,0.006926460516734216,0.02400000000000002,0.00810956521283449,0.02400000000000002,0.8541099719837199,0.0
1195,3B001877B5,89-2025-01-25,2025-01-25 12:02:37.028,0.1717600361561726,0.0216933863963298,0.06299999999999994,0.015077807223075328,0.04700000000000015,0.00729503284349065,0.015999999999999792,2.0668594023574878,0.03100000000000036
1196,3B004873F2,93-2025-01-25,2025-01-25 12:06:09.028,0.1046564999395596,0.004111340272719794,0.04600000000000004,0.0022294751035720106,0.027000000000000024,0.0020441676468055977,0.019000000000000017,1.0906517902560444,0.008000000000000007
1197,3B001816CC,96-2025-01-25,2025-01-25 12:07:40.030,0.0989118533460021,0.011806669102953606,0.06100000000000083,0.007076994168856586,0.0420000000000007,0.005150976569625675,0.019000000000000128,1.3739130965161577,0.023000000000000576
1198,3B001816CC,99-2025-01-25,2025-01-25 12:08:52.027,0.0980675475768424,0.012279783563883807,0.05499999999999994,0.0066761917114791436,0.03200000000000003,0.005998226586816624,0.02299999999999991,1.1130275948815613,0.009000000000000119
1199,3B001857EE,102-2025-01-25,2025-01-25 12:10:06.028,0.0778740193653077,0.0057127347891779545,0.04499999999999993,0.0033302702756178608,0.026999999999999913,0.0025823245016052534,0.018000000000000016,1.289640505501017,0.008999999999999897
1200,3B0018F763,103-2025-01-25,2025-01-25 12:10:42.026,0.1047494367619683,0.005679707620487535,0.04300000000000004,0.003478860369110334,0.027000000000000024,0.002410653603155384,0.016000000000000014,1.443119146009505,0.01100000000000001
1201,01103F97C4,106-2025-01-25,2025-01-25 12:12:58.027,0.1593043084918757,0.018960869412663808,0.07000000000000006,0.01302345250956411,0.05499999999999994,0.0065969914989860105,0.015000000000000124,1.9741502640356405,0.039999999999999813
1202,3B0049A710,112-2025-01-25,2025-01-25 12:17:49.026,0.0961601367448992,0.015793225713756257,0.07699999999999996,0.008560460022662973,0.05400000000000005,0.007674642744371339,0.02299999999999991,1.115421304651777,0.03100000000000014
1203,3B00191394,113-2025-01-25,2025-01-25 12:18:24.028,0.0976954599171286,0.004539324257560596,0.04400000000000004,0.002917383526181371,0.030000000000000027,0.0018022567672239989,0.014000000000000012,1.6187391160000983,0.016000000000000014
1204,3B001877B5,114-2025-01-25,2025-01-25 12:19:08.026,0.1717600361561726,0.024051325733448467,0.07000000000000006,0.017294383581723,0.05499999999999994,0.007466122946161301,0.015000000000000124,2.316380765014711,0.039999999999999813
1205,3B004CD4DE,115-2025-01-25,2025-01-25 12:19:16.025,0.1039052092457154,0.013087591706696286,0.04899999999999993,0.006922814958481901,0.026999999999999913,0.006590499006388744,0.02200000000000002,1.0504234886874293,0.004999999999999893
1206,3B001877B5,117-2025-01-25,2025-01-25 12:20:50.026,0.2086007814647302,0.021631905906472158,0.056999999999999496,0.014066974774493481,0.0389999999999997,0.008231334371526297,0.017999999999999794,1.7089543614160225,0.020999999999999908
1207,3B0018C6F9,120-2025-01-25,2025-01-25 12:32:27.023,0.0983170661518298,0.014624847993458083,0.04800000000000004,0.006712113234099622,0.022999999999999687,0.008395542364223121,0.025000000000000355,0.7994853629353016,-0.002000000000000668
1208,3B00191394,121-2025-01-25,2025-01-25 12:34:04.025,0.0976954599171286,0.012299980417607255,0.05300000000000016,0.00753830965239173,0.03600000000000003,0.005203049229595338,0.017000000000000126,1.4488253560072533,0.018999999999999906
1209,01103F97C4,123-2025-01-25,2025-01-25 12:43:47.026,0.1598146914690822,0.02537351216962922,0.05499999999999994,0.016304459798906903,0.03699999999999992,0.009944614304909028,0.018000000000000016,1.6395266119932295,0.018999999999999906
1210,01103F97C4,124-2025-01-25,2025-01-25 12:45:23.026,0.1598146914690822,0.024884721902942983,0.05600000000000005,0.016442686951847786,0.040000000000000036,0.009270931862457902,0.016000000000000014,1.773574349999431,0.02400000000000002
1211,3B0019F652,125-2025-01-25,2025-01-25 12:45:26.026,0.0881893569011782,0.012045771443813759,0.05600000000000005,0.007689146754412341,0.038000000000000034,0.004731496265774278,0.018000000000000016,1.6250983457458277,0.020000000000000018
1212,3B004873F2,126-2025-01-25,2025-01-25 12:45:29.025,0.1046564999395596,0.014414390352868359,0.046999999999999986,0.006842450624591224,0.02300000000000002,0.008046613346680461,0.023999999999999966,0.8503516112668691,-0.0009999999999999454
1213,3B0019B8CC,127-2025-01-25,2025-01-25 12:46:09.027,0.159959731469869,0.026633067168739886,0.06900000000000006,0.013190375381660228,0.04300000000000004,0.014171488064389325,0.026000000000000023,0.9307685489151647,0.017000000000000015
1214,01103F97C4,129-2025-01-25,2025-01-25 12:46:54.028,0.1598146914690822,0.025085171670049172,0.07399999999999995,0.01503999185855099,0.05499999999999994,0.010931865875229069,0.019000000000000017,1.3757936687304846,0.03599999999999992
1215,01103FD532,130-2025-01-25,2025-01-25 12:48:13.025,0.1643931249202574,0.027802068792629104,0.052999999999999936,0.01287349620190784,0.027000000000000135,0.01572562794531928,0.0259999999999998,0.8186316150090289,0.001000000000000334
1216,3B004873F2,131-2025-01-25,2025-01-25 12:48:36.026,0.0973225353855346,0.015309991207747212,0.04800000000000004,0.007550750806448773,0.02400000000000002,0.008255104749925659,0.02400000000000002,0.9146765589518135,0.0
1217,3B0019B8CC,133-2025-01-25,2025-01-25 12:49:31.026,0.1628141114433104,0.02577710140215095,0.05699999999999994,0.011708075935778635,0.028999999999999915,0.014774186206176996,0.028000000000000025,0.7924684156805578,0.0009999999999998899
1218,3B0019B8CC,134-2025-01-25,2025-01-25 12:50:48.026,0.159959731469869,0.02474837840624029,0.07499999999999996,0.015415535642395586,0.05499999999999994,0.010022227275554817,0.020000000000000018,1.5381347098359635,0.03499999999999992
1219,3B0019B8CC,136-2025-01-25,2025-01-25 12:54:03.028,0.159959731469869,0.02652573286712037,0.07699999999999996,0.01615363901092412,0.05499999999999994,0.01105276442542881,0.02200000000000002,1.4615021535933455,0.03299999999999992
1220,3B0019B8CC,137-2025-01-25,2025-01-25 12:55:07.026,0.1593623514993629,0.026841070321267983,0.05500000000000016,0.011916839124332638,0.027000000000000135,0.015652411631799337,0.028000000000000025,0.7613420477725277,-0.0009999999999998899
1221,3B0019F652,138-2025-01-25,2025-01-25 12:55:15.026,0.0873121234770585,0.010944507911044062,0.053999999999999826,0.0072219068015740625,0.03699999999999992,0.0040793009752239165,0.016999999999999904,1.7703785147105124,0.020000000000000018
1222,3B001877B5,139-2025-01-25,2025-01-25 12:58:07.030,0.1703332148653499,0.025037135097388332,0.07199999999999995,0.017644756825793802,0.05500000000000005,0.008073161027805987,0.016999999999999904,2.185606946897361,0.038000000000000145
1223,3B001877B5,140-2025-01-25,2025-01-25 13:07:37.027,0.1698675487206644,0.024452329137335076,0.06999999999999984,0.017932422700616454,0.05499999999999994,0.007245564542881119,0.014999999999999902,2.4749517576563913,0.040000000000000036
1224,3B00182A81,141-2025-01-25,2025-01-25 13:08:57.030,0.0989691687162381,0.004457551271407653,0.051000000000000045,0.002824781286339801,0.03300000000000003,0.0017875015925943743,0.018000000000000016,1.5802958151438187,0.015000000000000013
1225,3B00182A81,142-2025-01-25,2025-01-25 13:09:52.028,0.0989691687162381,0.011730670732868095,0.05499999999999999,0.00704929649823703,0.035999999999999976,0.005111680229871052,0.019000000000000017,1.3790566274163938,0.01699999999999996
1226,3B001877B5,143-2025-01-25,2025-01-25 13:10:06.026,0.1717600361561726,0.024279952502363356,0.07099999999999998,0.01701090237972748,0.05400000000000002,0.007954998428797258,0.01699999999999996,2.1383916705938826,0.03700000000000006
1227,3B00182A81,144-2025-01-25,2025-01-25 13:11:10.027,0.0951327311050174,0.01081025843590755,0.06800000000000006,0.0069853458790264155,0.050000000000000044,0.004179642645431395,0.018000000000000016,1.6712782578821244,0.03200000000000003
1228,3B004873F2,146-2025-01-25,2025-01-25 13:12:38.027,0.0978105971245246,0.014620583919477835,0.053999999999999826,0.007573621923088586,0.029999999999999805,0.007484238862499554,0.02400000000000002,1.0119428391091168,0.005999999999999783
1229,3B001857EE,147-2025-01-25,2025-01-25 13:13:13.028,0.10256506244428,0.014630640614016949,0.05600000000000005,0.006446109492166639,0.029000000000000026,0.008578479231056127,0.027000000000000024,0.7514280000620851,0.0020000000000000018
1230,3B00182A81,148-2025-01-25,2025-01-25 13:13:30.027,0.0989691687162381,0.009707887125606727,0.059,0.005710628946890994,0.03899999999999998,0.004340748642301614,0.020000000000000018,1.315586185120137,0.01899999999999996
1231,3B001857EE,150-2025-01-25,2025-01-25 13:14:42.028,0.0955941109533121,0.011462845524109989,0.05700000000000016,0.006681684884188518,0.03600000000000003,0.005148374135733698,0.02100000000000013,1.2978242660750812,0.014999999999999902
1232,01103F97C4,151-2025-01-25,2025-01-25 13:15:16.027,0.1639315265283346,0.028290351211545797,0.06099999999999994,0.016222464295981984,0.038000000000000256,0.012944669862428466,0.022999999999999687,1.2532157612661272,0.015000000000000568
1233,3B001877B5,152-2025-01-25,2025-01-25 13:15:43.026,0.1760319405800761,0.023616452171812366,0.06099999999999994,0.01648834875711254,0.04499999999999993,0.007856643492342255,0.016000000000000014,2.098650495365288,0.028999999999999915
1234,3B001857EE,153-2025-01-25,2025-01-25 13:15:48.025,0.0968790494106761,0.013164436033756633,0.06299999999999994,0.007383599813434401,0.038999999999999924,0.006142425088114543,0.02400000000000002,1.2020659116741208,0.014999999999999902
1235,01103F97C4,154-2025-01-25,2025-01-25 13:16:27.027,0.1614165936257314,0.025709934193925553,0.05600000000000005,0.017371360726425995,0.040000000000000036,0.00919551162206513,0.016000000000000014,1.889113019523837,0.02400000000000002
1236,3B00182A81,155-2025-01-25,2025-01-25 13:16:37.028,0.0979252058138162,0.011946086922705384,0.052999999999999936,0.007602698419644812,0.03599999999999981,0.0047605739464299714,0.017000000000000126,1.5970129873407792,0.018999999999999684
1237,01103F97C4,159-2025-01-25,2025-01-25 13:22:03.025,0.1621809162378599,0.024162592714002736,0.05699999999999994,0.016377550162766704,0.040999999999999925,0.008609294133698951,0.016000000000000014,1.9023104459471116,0.02499999999999991
1238,01103F97C4,161-2025-01-25,2025-01-25 13:23:29.025,0.1598383938392212,0.02589931545492006,0.054999999999999716,0.016930504263606132,0.03799999999999981,0.00983379237798758,0.016999999999999904,1.721665824621655,0.020999999999999908
1239,3B0018C6F9,162-2025-01-25,2025-01-25 13:23:46.024,0.0986842036561584,0.010876779300445826,0.07299999999999995,0.00758385420607072,0.05499999999999999,0.003607363026214973,0.01799999999999996,2.102326311756896,0.03700000000000003
1240,3B0018F763,165-2025-01-25,2025-01-25 13:28:31.025,0.1047494367619683,0.006580815567810045,0.041000000000000036,0.004149743310722314,0.026000000000000023,0.0026861256314888917,0.015000000000000013,1.5448805752328696,0.01100000000000001
1241,3B001877B5,166-2025-01-25,2025-01-25 13:30:34.025,0.1717600361561726,0.021329732880037006,0.07099999999999995,0.015103698823130327,0.05499999999999994,0.006844550415801369,0.016000000000000014,2.206675078068216,0.038999999999999924
1242,3B00191394,167-2025-01-25,2025-01-25 13:31:13.023,0.0976954599171286,0.010342943661063341,0.07400000000000001,0.006875683134288876,0.05499999999999999,0.003796064475796952,0.019000000000000017,1.8112661621337145,0.035999999999999976
1243,3B00191394,168-2025-01-25,2025-01-25 13:32:00.024,0.0972770586775211,0.012020275242437995,0.05499999999999999,0.007552372020305001,0.03899999999999998,0.0049153004045978735,0.016000000000000014,1.536502634353814,0.022999999999999965
1244,3B00191394,169-2025-01-25,2025-01-25 13:32:27.024,0.1002936277758814,0.011466142229698497,0.049000000000000155,0.007049128077341161,0.03300000000000014,0.004853616390502195,0.016000000000000014,1.45234553170194,0.017000000000000126
1245,3B00191394,170-2025-01-25,2025-01-25 13:33:39.023,0.0963375307121763,0.011780279106440692,0.06800000000000006,0.007716890576923744,0.052000000000000046,0.004479665430367004,0.016000000000000014,1.7226488667238538,0.03600000000000003
1246,3B004CD4DE,171-2025-01-25,2025-01-25 13:36:49.024,0.1039052092457154,0.011638027960209381,0.05199999999999999,0.0076863738371674055,0.03600000000000003,0.004357622279770721,0.01599999999999996,1.763891715179093,0.020000000000000073
1247,3B004873F2,172-2025-01-25,2025-01-25 13:40:29.024,0.1046564999395596,0.014145423382845834,0.04899999999999993,0.006563643484605887,0.02400000000000002,0.00803470682996253,0.02499999999999991,0.8169113850089906,-0.0009999999999998899
1248,3B0018D520,173-2025-01-25,2025-01-25 13:43:48.025,0.1003004781962965,0.013276885046286177,0.052999999999999936,0.008533730358002211,0.03599999999999992,0.005187804573664702,0.017000000000000015,1.6449598740327882,0.018999999999999906
1249,3B0018D520,174-2025-01-25,2025-01-25 13:45:01.024,0.1003004781962965,0.013039203705117876,0.06699999999999998,0.008160689510883367,0.049000000000000016,0.00531691741161212,0.01799999999999996,1.5348535399591618,0.031000000000000055
1250,3B001877B5,175-2025-01-25,2025-01-25 13:45:07.024,0.1741152529607654,0.02360652905216956,0.06700000000000017,0.016843593448917133,0.052000000000000046,0.007494821552061543,0.015000000000000124,2.2473641743056705,0.03699999999999992
1251,3B001877B5,176-2025-01-25,2025-01-25 13:48:26.023,0.1717600361561726,0.024969857849164265,0.06300000000000006,0.017986717202597546,0.04700000000000004,0.007700419547335251,0.016000000000000014,2.335810028535639,0.031000000000000028
1252,3B004CDB63,177-2025-01-25,2025-01-25 13:48:57.025,0.0936794238683758,0.010008076648005827,0.07199999999999984,0.006463191325800571,0.05499999999999994,0.003883994174832495,0.016999999999999904,1.6640579349167817,0.038000000000000034
1253,3B0018D520,179-2025-01-25,2025-01-25 13:50:10.024,0.1003004781962965,0.013074170331963302,0.05699999999999994,0.007691979267865001,0.038999999999999924,0.005839515162611967,0.018000000000000016,1.3172290941401446,0.020999999999999908
1254,3B004873F2,180-2025-01-25,2025-01-25 13:54:04.026,0.1046564999395596,0.014007242005939488,0.051000000000000156,0.007013787758049709,0.027000000000000135,0.007432215139543781,0.02400000000000002,0.9437008518136415,0.0030000000000001137
1255,3B004CDB63,181-2025-01-25,2025-01-25 13:54:29.025,0.0936794238683758,0.0005941365437901792,0.06600000000000006,0.00040863026813085866,0.014000000000000012,0.00022915605443360058,0.052000000000000046,1.7831964734288173,-0.038000000000000034
1256,3B004CDB63,184-2025-01-25,2025-01-25 13:56:28.026,0.0973212886364961,0.01154693497546937,0.06600000000000006,0.007511404014608227,0.050000000000000044,0.004452708859882749,0.016000000000000014,1.6869290696913029,0.03400000000000003
1257,3B0019B8CC,189-2025-01-25,2025-01-25 14:07:37.025,0.1586106430644208,0.02628567090518793,0.06499999999999995,0.012878955625484842,0.038000000000000034,0.014104806398471868,0.026999999999999913,0.9130898547377555,0.01100000000000012
1258,3B0019B8CC,190-2025-01-25,2025-01-25 14:08:30.025,0.1599824512307615,0.02672299048939308,0.05900000000000016,0.01347436537980966,0.03200000000000003,0.013922036040349677,0.027000000000000135,0.9678444547017009,0.004999999999999893
1259,3B001877B5,191-2025-01-25,2025-01-25 14:08:59.028,0.1730227489266901,0.02495680103181861,0.06499999999999995,0.017786050237221327,0.050000000000000044,0.007922390370364995,0.014999999999999902,2.245035829558838,0.03500000000000014
1260,3B0019B8CC,193-2025-01-25,2025-01-25 14:11:12.025,0.159959731469869,0.027752476569857246,0.07700000000000001,0.014094793151949898,0.04999999999999999,0.014370384410481012,0.027000000000000024,0.9808222765196098,0.022999999999999965
1261,3B0019B8CC,194-2025-01-25,2025-01-25 14:12:40.025,0.159959731469869,0.024027985062243663,0.057999999999999996,0.014261572008768009,0.03700000000000003,0.010447452042510321,0.020999999999999963,1.3650765708938568,0.01600000000000007
1262,3B004CDB63,198-2025-01-25,2025-01-25 14:16:17.023,0.0936794238683758,0.012415554291377374,0.07100000000000001,0.00805668183605172,0.05499999999999999,0.004792286706928117,0.016000000000000014,1.6811769263312917,0.03899999999999998
1263,3B0019F652,199-2025-01-25,2025-01-25 14:17:55.023,0.0914251934765695,0.013066757423075769,0.07999999999999985,0.005504266533598744,0.05499999999999994,0.007997958351501893,0.02499999999999991,0.6882089517964454,0.030000000000000027
1264,3B0019F652,200-2025-01-25,2025-01-25 14:18:27.023,0.0881893569011782,0.011161952372486916,0.052999999999999936,0.007418330965886495,0.03600000000000003,0.004120995763811322,0.016999999999999904,1.8001306943896533,0.019000000000000128
1265,3B0019F652,201-2025-01-25,2025-01-25 14:19:23.024,0.0916168843058665,0.009973862564001047,0.06199999999999983,0.007220279089509646,0.04799999999999982,0.0030672207376936495,0.014000000000000012,2.354013521354458,0.03399999999999981
1266,3B004873F2,202-2025-01-25,2025-01-25 14:20:13.024,0.0982760873874729,0.015237677550952148,0.04599999999999993,0.006758832394874104,0.02100000000000002,0.008974588074087166,0.02499999999999991,0.7531078127573635,-0.0039999999999998925
1267,3B0019F652,204-2025-01-25,2025-01-25 14:20:51.023,0.0881893569011782,0.005673108682323409,0.04400000000000004,0.003574562491731691,0.029000000000000026,0.0023237901892719463,0.015000000000000013,1.5382466576518325,0.014000000000000012
1268,3B004873F2,205-2025-01-25,2025-01-25 14:21:21.022,0.0981424666630783,0.014763344871110891,0.04800000000000004,0.007483749773932718,0.02499999999999991,0.007765738031937093,0.02300000000000013,0.9636881572820664,0.0019999999999997797
1269,3B001877B5,207-2025-01-25,2025-01-25 14:26:42.025,0.1717600361561726,0.027726634483896548,0.06799999999999995,0.01887159344651432,0.04999999999999993,0.009641769757669305,0.018000000000000016,1.9572748489978598,0.03199999999999992
1270,3B0018C6F9,208-2025-01-25,2025-01-25 14:27:05.022,0.0986842036561584,0.01200774022650738,0.04800000000000004,0.007120293012732624,0.030000000000000027,0.005371794294654074,0.018000000000000016,1.3254962163794375,0.01200000000000001
1271,3B001877B5,209-2025-01-25,2025-01-25 14:28:04.023,0.1717600361561726,0.027076814557425142,0.07100000000000006,0.019417883905905965,0.05500000000000005,0.008442354977731844,0.016000000000000014,2.3000553704652265,0.039000000000000035
1272,3B004CDB63,210-2025-01-25,2025-01-25 14:28:49.024,0.0962842536229965,0.00959419922745257,0.08999999999999986,0.0038939064159510556,0.05499999999999994,0.005936424163954185,0.03499999999999992,0.6559346684818708,0.020000000000000018
1273,3B004CDB63,211-2025-01-25,2025-01-25 14:29:23.022,0.0960775113517693,0.0120933717813796,0.050000000000000044,0.008138018399795872,0.03400000000000003,0.004359254491166764,0.016000000000000014,1.866837188855591,0.018000000000000016
1274,3B001877B5,212-2025-01-25,2025-01-25 14:29:31.024,0.1717600361561726,0.02820602339980814,0.06300000000000006,0.017903314107687286,0.04400000000000004,0.011147870523530234,0.019000000000000017,1.6059851134706025,0.025000000000000022
1275,3B001857EE,216-2025-01-25,2025-01-25 14:37:27.022,0.10256506244428,0.014142390129026782,0.05699999999999994,0.008915489695858354,0.03799999999999981,0.005645287004120776,0.019000000000000128,1.579280148086447,0.018999999999999684
1276,3B004873F2,217-2025-01-25,2025-01-25 14:38:48.023,0.1046564999395596,0.014853331665371278,0.04800000000000004,0.00680159188101115,0.02300000000000002,0.00852270572543208,0.025000000000000022,0.7980554650285461,-0.0020000000000000018
1277,3B004873F2,218-2025-01-25,2025-01-25 14:39:31.022,0.0989729866326348,0.004083195004529793,0.061000000000000054,0.0019969758910737853,0.03200000000000003,0.002209563962394005,0.029000000000000026,0.9037873196076722,0.0030000000000000027
1278,3B004CDB63,219-2025-01-25,2025-01-25 14:39:42.023,0.096909188005776,0.011603770034218872,0.05400000000000005,0.007472772302196166,0.038999999999999924,0.004580101970470683,0.015000000000000124,1.631573347138429,0.0239999999999998
1279,3B0018D520,220-2025-01-25,2025-01-25 14:41:30.023,0.1003004781962965,0.012103155114296197,0.07400000000000001,0.007612697248188213,0.05499999999999999,0.004883553935747218,0.019000000000000017,1.5588436921857025,0.035999999999999976
1280,3B001877B5,221-2025-01-25,2025-01-25 14:41:43.023,0.1717600361561726,0.02552020472213641,0.06499999999999995,0.017284202067315662,0.04700000000000004,0.008975599152951558,0.017999999999999905,1.9256878312833168,0.029000000000000137
1281,3B0019F652,222-2025-01-25,2025-01-25 14:42:13.022,0.0914071558333477,0.013736700385261686,0.05600000000000005,0.0059940248953326315,0.028999999999999915,0.00815936936745988,0.027000000000000135,0.7346186482545098,0.0019999999999997797
1282,3B0018C6F9,223-2025-01-25,2025-01-25 14:42:28.022,0.0986842036561584,0.005990668159706058,0.04400000000000004,0.0034351308635807735,0.026000000000000023,0.0027707456559448317,0.018000000000000016,1.2397857075803607,0.008000000000000007
1283,3B0018D520,224-2025-01-25,2025-01-25 14:42:33.021,0.1003004781962965,0.012768249637130401,0.05800000000000005,0.007611319824128773,0.040000000000000036,0.005589813491240583,0.018000000000000016,1.3616411059252613,0.02200000000000002
1284,3B0019F652,225-2025-01-25,2025-01-25 14:42:51.023,0.0906705998147645,0.007641185023568099,0.06900000000000006,0.005710709182797192,0.05500000000000005,0.002146465573268279,0.014000000000000012,2.660517482282224,0.041000000000000036
1285,3B0019F652,226-2025-01-25,2025-01-25 14:42:59.022,0.0922819725680582,0.004157126536903688,0.03699999999999992,0.002534740298405747,0.022999999999999687,0.0018001806615289982,0.014000000000000234,1.4080477324163923,0.008999999999999453
1286,3B004CDB63,227-2025-01-25,2025-01-25 14:43:24.022,0.095640090763569,0.011274900777835831,0.062000000000000055,0.007232079306624007,0.04700000000000015,0.0044824446418401075,0.014999999999999902,1.6134230056336258,0.03200000000000025
1287,3B0018D520,228-2025-01-25,2025-01-25 14:45:19.023,0.1021265883018052,0.01450068423396794,0.050000000000000044,0.005920897039522823,0.02200000000000002,0.009043518188516671,0.028000000000000025,0.6547116858836081,-0.006000000000000005
1288,3B0018D520,231-2025-01-25,2025-01-25 14:50:19.022,0.1010873990312488,0.013508422222549865,0.05300000000000005,0.008371078777747277,0.03500000000000003,0.005591665793131099,0.018000000000000016,1.4970635026203565,0.017000000000000015
1289,3B0019F652,232-2025-01-25,2025-01-25 14:51:00.023,0.0881893569011782,0.004073497973221293,0.04499999999999993,0.0027602562169740156,0.03200000000000003,0.0014695877463713062,0.0129999999999999,1.878252063403235,0.019000000000000128
1290,3B0019F652,234-2025-01-25,2025-01-25 14:54:38.022,0.0881893569011782,0.001227501831255769,0.028999999999999915,0.0007733537600363058,0.018000000000000016,0.000517113340417022,0.010999999999999899,1.4955208067396613,0.007000000000000117
1291,3B004CDB63,235-2025-01-25,2025-01-25 14:54:57.024,0.0936794238683757,0.012152693925082513,0.05599999999999994,0.007982936715207658,0.039999999999999925,0.004605318054299953,0.016000000000000014,1.7334170237719078,0.02399999999999991
1292,3B004CDB63,236-2025-01-25,2025-01-25 14:55:48.026,0.0936794238683757,0.012372980632975407,0.05499999999999994,0.00776060257428855,0.03799999999999992,0.0050596268440326,0.017000000000000015,1.5338290378946664,0.020999999999999908
1293,3B0018F763,237-2025-01-25,2025-01-25 14:59:53.024,0.1072912231000846,0.006380732293836022,0.050999999999999934,0.003993408999976621,0.03400000000000003,0.0025941289447135914,0.016999999999999904,1.5394026608101083,0.017000000000000126
1294,3B00191394,238-2025-01-25,2025-01-25 15:04:17.026,0.0976954599171286,0.0034216990912300897,0.067,0.0023232020856686973,0.05499999999999999,0.0012383444892877969,0.01200000000000001,1.8760547697069572,0.04299999999999998
1295,3B001877B5,239-2025-01-25,2025-01-25 15:06:15.025,0.1752970743683048,0.02471683477995652,0.07000000000000006,0.016780690688784478,0.05300000000000016,0.008680228674213161,0.016999999999999904,1.933208365654676,0.036000000000000254
1296,011016B2E1,241-2025-01-25,2025-01-25 15:11:14.025,0.0984485607442597,0.007096172334860021,0.09299999999999997,0.002359670317047595,0.05499999999999994,0.0050013761786533665,0.038000000000000034,0.4718042060341365,0.016999999999999904
1297,3B0018D520,244-2025-01-25,2025-01-25 15:13:15.023,0.1003004781962965,0.013679048872871448,0.059,0.007956418517013062,0.03899999999999998,0.006170086447388214,0.020000000000000018,1.2895149176363645,0.01899999999999996
1298,3B004CD4DE,245-2025-01-25,2025-01-25 15:13:40.023,0.1039052092457154,0.012684365380690468,0.04800000000000004,0.007524978450982232,0.030000000000000027,0.005623042265778885,0.018000000000000016,1.3382397099837373,0.01200000000000001
1299,3B0019F652,247-2025-01-25,2025-01-25 15:13:59.022,0.0881893569011782,0.010593284664916089,0.06700000000000006,0.0035367407847674203,0.01200000000000001,0.0075132292330145475,0.05500000000000005,0.47073510937564816,-0.04300000000000004
1300,3B0018F763,248-2025-01-25,2025-01-25 15:14:47.023,0.1047494367619683,0.0069534498327153485,0.04099999999999998,0.00418405555668172,0.024999999999999967,0.003029535936549538,0.016000000000000014,1.381087943603373,0.008999999999999952
1301,3B0018D520,249-2025-01-25,2025-01-25 15:15:43.022,0.1029373375235371,0.0132354251025005,0.058000000000000274,0.008307246324278197,0.04100000000000037,0.005395116171104664,0.016999999999999904,1.5397715379643564,0.024000000000000465
1302,3B0019F652,253-2025-01-25,2025-01-25 15:17:33.021,0.0919165515773483,0.002184707032286407,0.028000000000000025,0.001269334494721041,0.017000000000000126,0.0010462166227221223,0.010999999999999899,1.213261639275425,0.006000000000000227
1303,3B00182A81,255-2025-01-25,2025-01-25 15:18:50.020,0.0989691687162381,0.005363140536502869,0.069,0.0036076963086609758,0.04999999999999999,0.0018999317093062542,0.019000000000000017,1.898855780441866,0.030999999999999972
1304,3B004B0F76,256-2025-01-25,2025-01-25 15:20:30.020,0.1645371800756373,0.019653541699121774,0.07100000000000017,0.012855346994538785,0.05500000000000016,0.007512730317022724,0.016000000000000014,1.7111418155674363,0.039000000000000146
1305,3B004873F2,257-2025-01-25,2025-01-25 15:27:03.021,0.0975236959609388,0.004805506432625177,0.051000000000000045,0.0030219060645661085,0.03500000000000003,0.0019654648663213915,0.016000000000000014,1.537501949969717,0.019000000000000017
1306,3B0019B8CC,259-2025-01-25,2025-01-25 15:30:09.020,0.1589841992425817,0.02477454203909403,0.07699999999999996,0.014154936333223848,0.05499999999999994,0.011338679528575979,0.02200000000000002,1.2483760827308223,0.03299999999999992
1307,3B0019B8CC,260-2025-01-25,2025-01-25 15:31:25.021,0.159959731469869,0.006343067950524278,0.07299999999999995,0.002928153519220065,0.038000000000000034,0.003563877989256159,0.03499999999999992,0.8216200240433089,0.0030000000000001137
1308,3B0018F763,262-2025-01-25,2025-01-25 15:35:21.021,0.1047494367619683,0.014418571846655457,0.05800000000000005,0.007994340210466898,0.03600000000000003,0.006883365519190726,0.02200000000000002,1.1613999268495607,0.014000000000000012
1309,3B004CD4DE,263-2025-01-25,2025-01-25 15:35:28.020,0.0963209539658969,0.014613905531132187,0.07800000000000007,0.007617283471162391,0.05499999999999994,0.007443775918656454,0.02300000000000013,1.0233090778661234,0.031999999999999806
1310,3B0018D520,265-2025-01-25,2025-01-25 15:36:17.019,0.1003004781962965,0.01339475375957049,0.06899999999999995,0.00940632889326995,0.052999999999999936,0.00439939003093911,0.016000000000000014,2.138098424354078,0.03699999999999992
1311,3B0019B8CC,268-2025-01-25,2025-01-25 15:37:53.021,0.159959731469869,0.02348339543429941,0.07599999999999996,0.014032879782471759,0.05499999999999999,0.01013928818169293,0.020999999999999963,1.384010349741211,0.03400000000000003
1312,3B0018F763,269-2025-01-25,2025-01-25 15:38:00.019,0.1047494367619683,0.005812153236980056,0.04500000000000004,0.003770063419885972,0.030000000000000027,0.0022538766601911627,0.015000000000000013,1.6727017438328742,0.015000000000000013
1313,3B0018F763,271-2025-01-25,2025-01-25 15:39:08.018,0.0776512432344731,0.008856269392686055,0.05400000000000005,0.005274865150158872,0.03400000000000003,0.003850145837182044,0.020000000000000018,1.3700429472613416,0.014000000000000012
1314,3B0018D520,272-2025-01-25,2025-01-25 15:39:34.022,0.1033330993124101,0.006327532828361778,0.04400000000000004,0.00398559725959235,0.028000000000000025,0.002570815139044098,0.016000000000000014,1.550324330622352,0.01200000000000001
1315,3B0019B8CC,273-2025-01-25,2025-01-25 15:39:41.020,0.159959731469869,0.02552031472388623,0.0770000000000004,0.01494394832291007,0.05500000000000016,0.011303903795859672,0.02200000000000024,1.3220165876131795,0.03299999999999992
1316,3B0019B8CC,276-2025-01-25,2025-01-25 15:42:07.020,0.159959731469869,0.02633344083406481,0.05299999999999999,0.013163793845782527,0.028000000000000025,0.013915157393600582,0.024999999999999967,0.9460039490344825,0.003000000000000058
1317,3B001877B5,280-2025-01-25,2025-01-25 15:49:01.019,0.1717600361561726,0.02472422182390678,0.06799999999999995,0.017594202046601993,0.051999999999999935,0.00784843928227832,0.016000000000000014,2.241745322070528,0.03599999999999992
1318,3B0018D520,283-2025-01-25,2025-01-25 15:50:00.019,0.1003004781962964,0.004780625404294223,0.04299999999999993,0.0030382469052121167,0.030000000000000027,0.001945739333268593,0.0129999999999999,1.561487118682157,0.017000000000000126
1319,3B001877B5,287-2025-01-25,2025-01-25 15:52:38.020,0.1733874176607404,0.02634727686379069,0.07099999999999995,0.01802127035013796,0.05400000000000005,0.009099221823012697,0.016999999999999904,1.9805287419810615,0.037000000000000144
1320,3B001877B5,288-2025-01-25,2025-01-25 15:54:34.019,0.177339085895275,0.023800189798491727,0.06599999999999984,0.015781396801306417,0.0479999999999996,0.00873449351215921,0.018000000000000238,1.8067901452256248,0.02999999999999936
1321,3B001877B5,290-2025-01-25,2025-01-25 15:55:53.022,0.1764503848186228,0.024098176507747242,0.07000000000000006,0.017125703780724595,0.05400000000000005,0.007703461233218458,0.016000000000000014,2.2231180585262167,0.038000000000000034
1322,3B0018F763,291-2025-01-25,2025-01-25 16:04:37.024,0.1047494367619683,0.014218731760456583,0.05900000000000005,0.008286437152524934,0.038000000000000034,0.006380031495749335,0.02100000000000002,1.2988081889636018,0.017000000000000015
1323,3B0018F763,292-2025-01-25,2025-01-25 16:06:03.020,0.1047494367619683,0.006943329917430705,0.04200000000000004,0.004288853626000539,0.026000000000000023,0.002912354748113582,0.016000000000000014,1.4726412119878445,0.010000000000000009
1324,3B0018F763,293-2025-01-25,2025-01-25 16:08:27.021,0.1093327348395046,0.0061644418255585726,0.04700000000000015,0.004097759065170064,0.03100000000000014,0.0022640729309308153,0.016000000000000014,1.8099059483412383,0.015000000000000124
1325,3B0018F763,294-2025-01-25,2025-01-25 16:11:15.021,0.1103040477489226,0.012820265029261467,0.06199999999999983,0.008041516965265965,0.041999999999999815,0.005178261064978604,0.020000000000000018,1.5529377264603386,0.021999999999999797
1326,3B001877B5,295-2025-01-25,2025-01-25 16:11:21.020,0.1717600361561726,0.024824590798151924,0.06799999999999984,0.017822151912802064,0.052000000000000046,0.007755180227860652,0.015999999999999792,2.2980964193166784,0.036000000000000254
1327,3B0019B8CC,297-2025-01-25,2025-01-25 16:12:19.022,0.159959731469869,0.02363866678845264,0.05499999999999994,0.013809457877654661,0.03400000000000003,0.0105480336005739,0.020999999999999908,1.3091973727599155,0.013000000000000123
1328,3B001877B5,298-2025-01-25,2025-01-25 16:12:33.019,0.1768423149794162,0.023094756489167173,0.07800000000000029,0.014810580857441892,0.054999999999999716,0.008884356046951473,0.023000000000000576,1.6670404449317302,0.03199999999999914
1329,3B0018F763,299-2025-01-25,2025-01-25 16:12:41.018,0.1092697079827957,0.0036940965241372427,0.068,0.0016182289319502145,0.03300000000000003,0.0021654262522932,0.034999999999999976,0.7473027216865501,-0.0019999999999999463
1330,3B001877B5,301-2025-01-25,2025-01-25 16:16:17.019,0.1760843214143159,0.02450904371932793,0.06699999999999973,0.016134277939994585,0.04800000000000004,0.009077531320058278,0.018999999999999684,1.777386094426717,0.02900000000000036
1331,3B0019B8CC,302-2025-01-25,2025-01-25 16:16:53.017,0.159959731469869,0.025645552809401076,0.05500000000000016,0.012107646581575125,0.028000000000000025,0.014245765839206767,0.027000000000000135,0.8499119470469482,0.0009999999999998899
1332,3B0019B8CC,303-2025-01-25,2025-01-25 16:16:58.018,0.159959731469869,0.023046681881685308,0.05599999999999994,0.014292557689133923,0.03599999999999992,0.00946610121659565,0.020000000000000018,1.509867406031608,0.015999999999999903
1333,01103F9A64,304-2025-01-25,2025-01-25 16:17:45.018,0.1902323792443684,0.03381566363555719,0.050000000000000266,0.016343161904457778,0.025000000000000355,0.018458334819870314,0.02499999999999991,0.8854082485742125,4.440892098500626e-16
1334,01103F9A64,306-2025-01-25,2025-01-25 16:19:09.018,0.1902323792443684,0.029013225454180527,0.04700000000000015,0.01777309632398717,0.028999999999999915,0.012247439695417925,0.018000000000000238,1.4511683066818064,0.010999999999999677
1335,3B0019B8CC,308-2025-01-25,2025-01-25 16:19:35.017,0.1645398479404226,0.00505823997223551,0.08899999999999997,0.002493281571815403,0.050000000000000044,0.0027095450998160376,0.038999999999999924,0.920184562340255,0.01100000000000012
1336,3B001877B5,310-2025-01-25,2025-01-25 16:21:16.018,0.1798514919244369,0.02359134461972929,0.06599999999999984,0.016138104231848503,0.04899999999999949,0.008167624320847878,0.017000000000000348,1.9758626986131032,0.03199999999999914
1337,3B0018C6F9,1-2025-01-31,2025-01-31 07:41:55.058,0.0986842036561584,0.010301082402124129,0.06799999999999995,0.005794541583209931,0.04699999999999993,0.004865481400519355,0.02100000000000002,1.1909492825502128,0.025999999999999912
1338,3B00484043,2-2025-01-31,2025-01-31 07:42:07.056,0.0933107542597867,0.011146421837845278,0.050999999999999934,0.005687421676964773,0.028999999999999915,0.005831220760933215,0.02200000000000002,0.9753397976403437,0.006999999999999895
1339,3B0018C6F9,3-2025-01-31,2025-01-31 07:43:44.057,0.0897038700090837,0.011919765541322059,0.07699999999999996,0.006279725945736446,0.05400000000000005,0.00606047093401906,0.02299999999999991,1.0361778835513669,0.03100000000000014
1340,3B00186A36,5-2025-01-31,2025-01-31 07:46:18.057,0.0955204384809406,0.012091229975439786,0.04999999999999999,0.005613562837726429,0.025000000000000022,0.006856951741452213,0.024999999999999967,0.8186673976120983,5.551115123125783e-17
1341,3B00484043,7-2025-01-31,2025-01-31 07:47:31.058,0.0933107542597867,0.011706202636175087,0.04899999999999993,0.005206628889676821,0.02299999999999991,0.006882493029282597,0.026000000000000023,0.7565033291751171,-0.0030000000000001137
1342,3B00185CB8,8-2025-01-31,2025-01-31 07:49:47.058,0.0900280944630061,0.00563340092906041,0.042999999999999705,0.0034056850920326145,0.02699999999999969,0.0024457960893620816,0.016000000000000014,1.3924648529963484,0.010999999999999677
1343,3B00186A36,9-2025-01-31,2025-01-31 07:50:47.058,0.0955204384809406,-0.0005532928718373908,0.028000000000000025,-0.0005931867973707622,0.02400000000000002,5.623761843554627e-05,0.0040000000000000036,-10.547864825581323,0.020000000000000018
1344,3B0019B8CC,10-2025-01-31,2025-01-31 07:57:04.057,0.159959731469869,0.023386960526717102,0.05800000000000005,0.013477736646914184,0.03699999999999992,0.010597765639252526,0.02100000000000013,1.2717526604848366,0.015999999999999792
1345,3B0019B8CC,11-2025-01-31,2025-01-31 07:59:22.058,0.159959731469869,0.024519229918917015,0.05099999999999999,0.010892802619281597,0.023999999999999966,0.014328508570336806,0.027000000000000024,0.7602188717555795,-0.003000000000000058
1346,3B00186A36,13-2025-01-31,2025-01-31 08:01:19.060,0.0955204384809406,0.01263484306048303,0.049000000000000044,0.005511165124621872,0.02300000000000002,0.007516542399485468,0.026000000000000023,0.7332048210090758,-0.0030000000000000027
1347,3B0019B8CC,14-2025-01-31,2025-01-31 08:01:30.058,0.149602569881114,0.024650995766777595,0.051000000000000156,0.011576294676903104,0.024999999999999467,0.01380665271027841,0.02600000000000069,0.8384577290254496,-0.0010000000000012221
1348,3B0019B8CC,15-2025-01-31,2025-01-31 08:03:41.059,0.1527449860684982,0.024543975520747878,0.053999999999999826,0.01058534427502624,0.0259999999999998,0.014633185687633821,0.028000000000000025,0.723379344797878,-0.002000000000000224
1349,3B0018C6F9,16-2025-01-31,2025-01-31 08:20:25.051,0.0926164302323238,0.010834762735044213,0.07299999999999995,0.006281111448354734,0.05499999999999994,0.004964504426875353,0.018000000000000016,1.2652041187337706,0.03699999999999992
1350,3B00192E1E,17-2025-01-31,2025-01-31 08:28:21.047,0.1013994993325588,0.012711388128768552,0.046999999999999986,0.005773260493998874,0.021999999999999964,0.007351559822226303,0.025000000000000022,0.7853109589810198,-0.003000000000000058
1351,3B00186A36,18-2025-01-31,2025-01-31 08:28:36.048,0.0921432276037565,0.012037302726938003,0.051000000000000156,0.005211523158810779,0.02499999999999991,0.007208754744769127,0.026000000000000245,0.7229436072287526,-0.001000000000000334
1352,3B00192E1E,19-2025-01-31,2025-01-31 08:29:19.047,0.1013994993325588,0.011972906187932108,0.04400000000000004,0.0051793756436485485,0.019000000000000128,0.007215837976534937,0.02499999999999991,0.71777881661025,-0.005999999999999783
1353,01101763D0,20-2025-01-31,2025-01-31 08:29:33.049,0.1474870226993786,0.024104133984881423,0.06399999999999995,0.015400867556564075,0.04299999999999993,0.009405692981785802,0.02100000000000002,1.6373984975256979,0.02199999999999991
1354,011016B2E1,21-2025-01-31,2025-01-31 08:48:06.044,0.092276685372018,0.014895435101345658,0.04800000000000004,0.006537961704816437,0.02200000000000002,0.0088464172000407,0.026000000000000023,0.7390519299481328,-0.0040000000000000036
1355,011016B2E1,24-2025-01-31,2025-01-31 08:49:46.044,0.0913166229526652,0.014252158231771464,0.052000000000000046,0.007388536752020234,0.029000000000000137,0.007355489942419163,0.02299999999999991,1.0044928087537024,0.006000000000000227
1356,011016B2E1,29-2025-01-31,2025-01-31 08:52:33.044,0.0984485607442597,0.01030443939380956,0.066,0.006903635774905351,0.04999999999999999,0.0037506957998730116,0.016000000000000014,1.8406280176438434,0.033999999999999975
1357,3B0018A99B,30-2025-01-31,2025-01-31 08:52:47.043,0.0919844762147395,0.0144369688852539,0.04999999999999982,0.006632243660136313,0.02400000000000002,0.008248455239132405,0.0259999999999998,0.8040588774333836,-0.0019999999999997797
1358,3B004873F2,32-2025-01-31,2025-01-31 08:54:14.045,0.1046564999395596,0.013362681873126564,0.04299999999999998,0.006002187959280785,0.01899999999999996,0.007820770094018195,0.02400000000000002,0.767467639008034,-0.00500000000000006
1359,3B004873F2,35-2025-01-31,2025-01-31 08:55:31.044,0.1046564999395596,0.013409169916863271,0.04499999999999993,0.006523592061399584,0.02200000000000002,0.0073409066972365275,0.02299999999999991,0.8886629854395752,-0.0009999999999998899
1360,01101763D0,39-2025-01-31,2025-01-31 09:06:50.045,0.1537812134531804,0.024363195022148846,0.06099999999999994,0.01667185861028914,0.043999999999999595,0.008458983467231744,0.017000000000000348,1.9709056856385028,0.026999999999999247
1361,3B00185CB8,41-2025-01-31,2025-01-31 09:17:28.042,0.0847507388177156,0.006224406700283666,0.04400000000000004,0.0037593535466287215,0.027000000000000135,0.002692709867921267,0.016999999999999904,1.3961227651796322,0.010000000000000231
1362,3B0019F652,42-2025-01-31,2025-01-31 09:19:53.039,0.0881893569011782,0.013250078823071625,0.050999999999999934,0.005928475780059466,0.02400000000000002,0.0077153107919434895,0.026999999999999913,0.7684040137761036,-0.0029999999999998916
1363,3B0019F652,45-2025-01-31,2025-01-31 09:23:43.036,0.0840475774705758,0.009838411390953079,0.050999999999999934,0.005586833187111412,0.030000000000000027,0.004574527099121812,0.020999999999999908,1.2212919644052245,0.009000000000000119
1364,3B0019F652,46-2025-01-31,2025-01-31 09:24:45.036,0.0835098764483629,0.013294498785865784,0.04399999999999982,0.005656348709520209,0.018999999999999906,0.008095894840047874,0.02499999999999991,0.6986687477139663,-0.006000000000000005
1365,3B0019B8CC,47-2025-01-31,2025-01-31 09:24:57.035,0.1508463840564676,0.02292019719053362,0.052000000000000046,0.013633667122629518,0.03100000000000014,0.009942926732755606,0.020999999999999908,1.3711925561832086,0.010000000000000231
1366,3B0019B8CC,48-2025-01-31,2025-01-31 09:25:45.035,0.159959731469869,0.024966905484902394,0.052999999999999936,0.010971638587134451,0.02499999999999991,0.014712066654199706,0.028000000000000025,0.7457578085402765,-0.0030000000000001137
1367,3B0019B8CC,49-2025-01-31,2025-01-31 09:26:42.035,0.1513641382921402,0.023545178086972693,0.05699999999999994,0.012987648537813723,0.03299999999999992,0.01120526786024507,0.02400000000000002,1.1590663159327341,0.008999999999999897
1368,3B0019B8CC,50-2025-01-31,2025-01-31 09:27:05.034,0.154055988105018,0.02459098909765504,0.05500000000000016,0.010923609031436639,0.027000000000000135,0.014345702363816895,0.028000000000000025,0.7614551560046617,-0.0009999999999998899
1369,3B0019B8CC,52-2025-01-31,2025-01-31 09:29:51.037,0.159959731469869,0.02569927594551055,0.05599999999999994,0.011336987186642965,0.027000000000000024,0.015057562225026707,0.028999999999999915,0.7529098679599086,-0.0019999999999998908
1370,3B0019B8CC,53-2025-01-31,2025-01-31 09:31:48.033,0.159959731469869,0.02440837124164926,0.05300000000000038,0.011123331998922629,0.026000000000000245,0.013970329213011487,0.027000000000000135,0.7962111578990377,-0.0009999999999998899
1371,3B004C4B80,54-2025-01-31,2025-01-31 09:32:01.034,0.1029765513061548,0.010783948710769627,0.06700000000000017,0.004961052480050359,0.03200000000000003,0.006143266235000114,0.03500000000000014,0.8075594138807932,-0.0030000000000001137
1372,3B004CDB63,56-2025-01-31,2025-01-31 09:39:09.031,0.0906934258203435,0.010810170376673383,0.04400000000000004,0.0063121082062181305,0.02699999999999969,0.004923465563464848,0.017000000000000348,1.2820457713887283,0.009999999999999343
1373,3B00484043,57-2025-01-31,2025-01-31 09:42:00.030,0.0914079722115431,0.01135995990468953,0.05300000000000016,0.007412332402882685,0.03600000000000003,0.004327381470639828,0.017000000000000126,1.7128909140951536,0.018999999999999906
1374,3B004873F2,58-2025-01-31,2025-01-31 09:45:41.029,0.1046564999395596,0.013379905997262105,0.046999999999999986,0.0062669203908020405,0.02300000000000002,0.007541905111124235,0.023999999999999966,0.8309465975060327,-0.0009999999999999454
1375,3B004873F2,60-2025-01-31,2025-01-31 09:46:23.029,0.1046564999395596,0.014135834755285404,0.044999999999999984,0.006117044622564943,0.019999999999999962,0.008495947342088825,0.025000000000000022,0.7199955903988687,-0.00500000000000006
1376,3B0018A99B,61-2025-01-31,2025-01-31 09:46:51.029,0.0939700005948078,0.010599666705052305,0.05499999999999994,0.00661125458695867,0.038000000000000034,0.004359762526627077,0.016999999999999904,1.5164253893602448,0.02100000000000013
1377,3B00484043,63-2025-01-31,2025-01-31 09:48:03.029,0.0933107542597867,0.01093678690890081,0.05099999999999999,0.00724654632959136,0.033999999999999975,0.004035158928183383,0.017000000000000015,1.795851528666737,0.01699999999999996
1378,3B004873F2,64-2025-01-31,2025-01-31 09:49:05.028,0.1046564999395596,0.014242820779369655,0.04800000000000004,0.006259223118505263,0.02200000000000002,0.008441718630221367,0.026000000000000023,0.7414631300428841,-0.0040000000000000036
1379,3B004CDB63,65-2025-01-31,2025-01-31 09:49:08.029,0.0936794238683758,0.011196271279438738,0.04799999999999999,0.006699706224944211,0.030999999999999972,0.004922025929237652,0.017000000000000015,1.3611684134264395,0.013999999999999957
1380,3B00484043,66-2025-01-31,2025-01-31 09:52:32.030,0.0926838144699588,0.010445674722798849,0.05599999999999994,0.006578780596066899,0.039000000000000035,0.004229665682925426,0.016999999999999904,1.5553902103006685,0.02200000000000013
1381,3B00192E1E,67-2025-01-31,2025-01-31 09:53:51.029,0.0955905063359831,0.012393613278491923,0.052999999999999936,0.006162864016505624,0.028000000000000025,0.006600842169650085,0.02499999999999991,0.9336481403602961,0.0030000000000001137
1382,3B004AE3AB,69-2025-01-31,2025-01-31 10:00:04.028,0.0943049168554313,0.012403368396508647,0.052000000000000046,0.00810043152938576,0.03600000000000003,0.004742510560669978,0.016000000000000014,1.7080471252005827,0.020000000000000018
1383,3B004AE3AB,70-2025-01-31,2025-01-31 10:01:01.029,0.0970450777450959,0.005452701350508013,0.09099999999999997,0.001997398302158188,0.05400000000000005,0.003667085326487218,0.03699999999999992,0.5446827996422815,0.017000000000000126
1384,3B004AE3AB,71-2025-01-31,2025-01-31 10:01:08.028,0.0954261942181964,0.010620668721522218,0.05399999999999999,0.005806213305971022,0.03199999999999997,0.005135445549892035,0.02200000000000002,1.1306152990158933,0.009999999999999953
1385,3B004AE3AB,72-2025-01-31,2025-01-31 10:02:08.029,0.0933097045271625,0.011759155605080451,0.06400000000000006,0.007905831547470212,0.04800000000000004,0.004245008522188154,0.016000000000000014,1.8623829625187729,0.03200000000000003
1386,3B004AE3AB,73-2025-01-31,2025-01-31 10:04:37.030,0.0954261942181964,8.198018605496982e-05,0.009000000000000008,5.015102850976891e-05,0.0050000000000000044,4.501053873280431e-05,0.0040000000000000036,1.1142063597034473,0.0010000000000000009
1387,3B0019F652,75-2025-01-31,2025-01-31 10:14:30.028,0.0881893569011782,0.01277532083907475,0.04699999999999971,0.006114682501826239,0.02400000000000002,0.007085117694715803,0.022999999999999687,0.8630318881486851,0.001000000000000334
1388,3B004CDB63,77-2025-01-31,2025-01-31 10:16:18.027,0.0936794238683757,0.011148288161409824,0.04200000000000004,0.0061446404928691516,0.02400000000000002,0.005458919155973205,0.018000000000000016,1.1256148547548324,0.006000000000000005
1389,3B0019F652,78-2025-01-31,2025-01-31 10:17:13.026,0.0834389826678262,0.012853826864124876,0.07000000000000028,0.006423715330554606,0.04700000000000015,0.006846781735341358,0.02300000000000013,0.9382094506382481,0.02400000000000002
1390,3B0019F652,79-2025-01-31,2025-01-31 10:17:53.025,0.0829042103000394,0.012687123381022278,0.04400000000000004,0.005763638431898286,0.020000000000000018,0.007354280132792318,0.02400000000000002,0.7837121142827493,-0.0040000000000000036
1391,3B00484043,82-2025-01-31,2025-01-31 10:20:12.024,0.0920580265011359,0.010608280602235995,0.06400000000000006,0.007759723757686381,0.050000000000000044,0.0031636590891240255,0.014000000000000012,2.4527686261653887,0.03600000000000003
1392,01101763D0,83-2025-01-31,2025-01-31 10:20:42.024,0.1562351973024515,0.025922231856739468,0.06099999999999994,0.01858556739561937,0.04499999999999993,0.008120025633074847,0.016000000000000014,2.288855754336023,0.028999999999999915
1393,3B00484043,84-2025-01-31,2025-01-31 10:21:41.023,0.0933107542597867,0.010805462715361118,0.05899999999999994,0.007366767169961488,0.04299999999999993,0.003795409777400306,0.016000000000000014,1.9409675376363207,0.026999999999999913
1394,3B00192E1E,85-2025-01-31,2025-01-31 10:25:35.020,0.1013994993325588,0.010098473488215591,0.05300000000000005,0.0066345381934028915,0.03700000000000003,0.0037999251510713234,0.016000000000000014,1.7459654939604266,0.02100000000000002
1395,3B0018A99B,86-2025-01-31,2025-01-31 10:28:26.020,0.128633579767945,0.009321563311207976,0.042999999999999705,0.005771790004155942,0.02699999999999969,0.0038977397052458143,0.016000000000000014,1.4808043739780563,0.010999999999999677
1396,3B0018A99B,88-2025-01-31,2025-01-31 10:31:08.019,0.0938837854528282,0.00480373348211925,0.03600000000000003,0.0028177657102881116,0.020999999999999908,0.0021868981887319867,0.015000000000000124,1.2884759449738794,0.005999999999999783
1397,3B004873F2,89-2025-01-31,2025-01-31 10:31:43.021,0.1046564999395596,0.013665295951460417,0.05999999999999994,0.006868662603897203,0.03700000000000003,0.007224750809500147,0.02299999999999991,0.950712735291201,0.014000000000000123
1398,3B004873F2,90-2025-01-31,2025-01-31 10:32:34.019,0.1046564999395596,0.013944686326336227,0.04799999999999999,0.006700162752484062,0.023999999999999966,0.007699378142591044,0.02400000000000002,0.8702212864985068,-5.551115123125783e-17
1399,3B004873F2,91-2025-01-31,2025-01-31 10:33:43.021,0.1046564999395596,0.012993795515009265,0.06499999999999995,0.006007791348881711,0.041000000000000036,0.007413945720880125,0.02399999999999991,0.8103365704393792,0.017000000000000126
1400,3B0019B8CC,93-2025-01-31,2025-01-31 10:44:31.018,0.159959731469869,0.02363502333015811,0.05399999999999994,0.01093147998613759,0.026999999999999913,0.013363741717721702,0.027000000000000024,0.8179954549436793,-1.1102230246251565e-16
1401,3B0019B8CC,94-2025-01-31,2025-01-31 10:46:52.020,0.159959731469869,0.025757337661238822,0.05499999999999994,0.011139459894063182,0.026000000000000023,0.015319218021236794,0.028999999999999915,0.7271559082598551,-0.0029999999999998916
1402,3B00484043,97-2025-01-31,2025-01-31 10:48:13.018,0.0933107542597867,0.01104361755295868,0.05400000000000005,0.006388628949156775,0.03700000000000003,0.005106722030448902,0.017000000000000015,1.2510234375524034,0.020000000000000018
1403,3B0019B8CC,98-2025-01-31,2025-01-31 10:48:30.018,0.1584774331043985,0.021617797898505948,0.052999999999999936,0.012107730120123658,0.030999999999999917,0.010262720037951275,0.02200000000000002,1.179777882992967,0.008999999999999897
1404,011016B2E1,100-2025-01-31,2025-01-31 10:49:54.018,0.0962248743923566,0.015319891860693331,0.04899999999999993,0.007098338732467437,0.02400000000000002,0.008721954827309242,0.02499999999999991,0.8138472249640512,-0.0009999999999998899
1405,3B00192E1E,103-2025-01-31,2025-01-31 10:51:18.017,0.0971452800634647,0.012573044057609015,0.04700000000000015,0.005507829483490341,0.02100000000000035,0.007483182571580605,0.0259999999999998,0.7360276768346937,-0.004999999999999449
1406,3B0019B8CC,104-2025-01-31,2025-01-31 10:51:21.017,0.1590549758286484,0.0239961466330712,0.05500000000000005,0.011931676380653863,0.029000000000000026,0.01271953810860212,0.026000000000000023,0.9380589356923714,0.0030000000000000027
1407,011016B2E1,106-2025-01-31,2025-01-31 10:52:24.019,0.0987858216402707,0.014495959463819968,0.0479999999999996,0.006737867467858259,0.02400000000000002,0.008251944959889571,0.023999999999999577,0.8165187117230149,4.440892098500626e-16
1408,3B0018A99B,108-2025-01-31,2025-01-31 10:53:07.018,0.0953464577083411,0.004755882786677894,0.03799999999999981,0.0030796040352816453,0.0239999999999998,0.0018710389652083278,0.014000000000000012,1.6459326035140867,0.009999999999999787
1409,011016B2E1,109-2025-01-31,2025-01-31 10:53:14.018,0.0968670988050611,0.01028528782590687,0.07600000000000007,0.006041995906698077,0.05500000000000016,0.0046276186392650385,0.020999999999999908,1.3056382510503655,0.03400000000000025
1410,3B004CDB63,110-2025-01-31,2025-01-31 10:53:50.019,0.0914162274721567,0.011633071988520812,0.052999999999999936,0.007136858947727866,0.03400000000000003,0.004904931060931945,0.018999999999999906,1.4550375650686211,0.015000000000000124
1411,3B0018A99B,111-2025-01-31,2025-01-31 10:54:07.019,0.0940511732937998,0.011488825840128121,0.06400000000000006,0.007273750868288797,0.04700000000000015,0.004611276947254703,0.016999999999999904,1.5773832175964149,0.03000000000000025
1412,3B0018A99B,113-2025-01-31,2025-01-31 10:54:54.017,0.0953464577083411,0.004065847439396592,0.03399999999999992,0.0024745281424081622,0.020999999999999908,0.0017913169301313839,0.013000000000000012,1.3814016385289611,0.007999999999999896
1413,3B00484043,115-2025-01-31,2025-01-31 10:58:54.017,0.0933107542597867,0.01086047485277333,0.05299999999999999,0.006682170683509354,0.03600000000000003,0.004561175659201162,0.01699999999999996,1.4650105987541948,0.019000000000000072
1414,3B001877B5,117-2025-01-31,2025-01-31 11:10:44.019,0.1717600361561726,0.023259134465868084,0.07099999999999995,0.015476374548085417,0.05499999999999994,0.008547167789854516,0.016000000000000014,1.810702086187645,0.038999999999999924
1415,3B001877B5,118-2025-01-31,2025-01-31 11:12:06.018,0.1660313177398907,0.026432603771818927,0.07399999999999984,0.01701552988963335,0.05499999999999994,0.010204801692620754,0.018999999999999906,1.667404267339907,0.03600000000000003
1416,3B0019F652,119-2025-01-31,2025-01-31 11:12:20.020,0.0834862615473093,0.004834247259357432,0.037000000000000144,0.00277838383077367,0.02200000000000002,0.002267655994871495,0.015000000000000124,1.2252228014554374,0.006999999999999895
1417,3B001877B5,120-2025-01-31,2025-01-31 11:13:27.018,0.1717600361561726,0.024522090030344272,0.06499999999999995,0.016900439277787577,0.04699999999999993,0.008309660740426524,0.018000000000000016,2.0338302375651622,0.028999999999999915
1418,3B001877B5,121-2025-01-31,2025-01-31 11:14:58.018,0.1717600361561726,0.023880967046667045,0.05399999999999999,0.01497882823240416,0.033999999999999975,0.009590968420095748,0.020000000000000018,1.5617638987340783,0.013999999999999957
1419,01103F97C4,123-2025-01-31,2025-01-31 11:15:07.017,0.1598146914690822,0.02514280350387621,0.08300000000000018,0.009734081965666214,0.05500000000000016,0.016171324607235683,0.028000000000000025,0.6019347333681501,0.027000000000000135
1420,3B00192E1E,126-2025-01-31,2025-01-31 11:16:27.016,0.0953015820513959,0.01286562225076263,0.04899999999999993,0.00549610927747453,0.021999999999999797,0.0077756856962918584,0.027000000000000135,0.7068327466085166,-0.0050000000000003375
1421,3B00192E1E,129-2025-01-31,2025-01-31 11:16:49.016,0.1013994993325588,1.9876578380445277e-05,0.009000000000000008,1.2726907104791476e-05,0.0050000000000000044,1.0151580838154595e-05,0.0040000000000000036,1.253687214601843,0.0010000000000000009
1422,3B00190DF0,131-2025-01-31,2025-01-31 11:17:46.016,0.1707571719714972,0.02797863973603063,0.07099999999999973,0.0156395940510936,0.04999999999999982,0.013240787028931219,0.020999999999999908,1.181168008889575,0.028999999999999915
1423,3B001877B5,133-2025-01-31,2025-01-31 11:18:24.017,0.1715005841828687,0.02908179235717228,0.06099999999999994,0.013367622271949828,0.03200000000000003,0.016448651268307458,0.028999999999999915,0.8126880468130526,0.0030000000000001137
1424,01103F97C4,134-2025-01-31,2025-01-31 11:18:54.019,0.1598146914690822,0.01257612430023401,0.052000000000000046,0.0067862435912614295,0.030000000000000027,0.00616103762836302,0.02200000000000002,1.1014773810210483,0.008000000000000007
1425,3B0019F652,136-2025-01-31,2025-01-31 11:19:02.017,0.0917431094430685,0.011702018444706506,0.05500000000000005,0.006355717736091403,0.030000000000000027,0.005762430058095718,0.025000000000000022,1.1029578965843008,0.0050000000000000044
1426,3B001877B5,137-2025-01-31,2025-01-31 11:19:45.015,0.1717705555854094,0.02173420091561955,0.07399999999999984,0.014642353196793948,0.054999999999999716,0.0077036590251253955,0.019000000000000128,1.9007011017800868,0.03599999999999959
1427,3B00190DF0,139-2025-01-31,2025-01-31 11:20:12.017,0.1761565842871426,0.021950434391660424,0.04999999999999993,0.014005083676939294,0.03300000000000003,0.008725615587800592,0.016999999999999904,1.6050539398641401,0.016000000000000125
1428,3B001877B5,141-2025-01-31,2025-01-31 11:20:59.015,0.168700064248612,0.026599608501416787,0.052000000000000046,0.017583832958305606,0.03400000000000025,0.009801800578393546,0.017999999999999794,1.7939390643252084,0.01600000000000046
1429,3B00484043,143-2025-01-31,2025-01-31 11:22:16.845,0.0949292890613491,0.010831314052139999,0.07099999999999995,0.007113166796599163,0.05499999999999994,0.004079188181901748,0.016000000000000014,1.743770201178351,0.038999999999999924
1430,3B0019F652,144-2025-01-31,2025-01-31 11:22:59.846,0.0881893569011782,0.010072487138017545,0.050999999999999934,0.006224561832836796,0.03300000000000014,0.0041889200037033844,0.017999999999999794,1.4859586307052224,0.015000000000000346
1431,3B00192E1E,146-2025-01-31,2025-01-31 11:34:49.848,0.096932851501603,0.01305821643042775,0.05300000000000005,0.005717407696002594,0.025000000000000022,0.0077306263948105315,0.028000000000000025,0.739578839282754,-0.0030000000000000027
1432,3B004873F2,147-2025-01-31,2025-01-31 11:35:44.845,0.0884916429264356,0.014554849874910616,0.04699999999999993,0.006867192296346833,0.02299999999999991,0.008164675086571947,0.02400000000000002,0.8410858023782205,-0.001000000000000112
1433,3B0019B8CC,148-2025-01-31,2025-01-31 11:37:11.847,0.159959731469869,0.025260569307227754,0.06,0.013297435971376972,0.03300000000000003,0.01260699035470434,0.02699999999999997,1.054766887040172,0.006000000000000061
1434,3B004873F2,150-2025-01-31,2025-01-31 11:38:12.849,0.1046564999395596,0.014107240289708608,0.06499999999999995,0.006959474413536108,0.040999999999999925,0.0075583181512815355,0.02400000000000002,0.9207702393893156,0.016999999999999904
1435,3B001877B5,153-2025-01-31,2025-01-31 11:38:57.847,0.1717600361561726,0.00025082624179115145,0.019000000000000017,0.0001917947130481052,0.014000000000000012,7.543093829966883e-05,0.0050000000000000044,2.5426531522934437,0.009000000000000008
1436,3B00186448,155-2025-01-31,2025-01-31 11:39:42.848,0.1674190821650436,0.022160200899681893,0.06400000000000006,0.016601933641953386,0.050000000000000044,0.006230817433848222,0.014000000000000012,2.664487255197886,0.03600000000000003
1437,3B00186448,156-2025-01-31,2025-01-31 11:39:52.846,0.1607382158151241,0.024521510889560998,0.05599999999999983,0.016768735383258623,0.039999999999999813,0.008528142609936833,0.016000000000000014,1.9662822434183975,0.0239999999999998
1438,3B001877B5,157-2025-01-31,2025-01-31 11:40:20.847,0.1717600361561726,0.02553428579973867,0.061,0.01715472660528477,0.04299999999999998,0.00915554061847803,0.018000000000000016,1.873698923978613,0.024999999999999967
1439,3B00484043,158-2025-01-31,2025-01-31 11:41:10.847,0.0933107542597867,0.011479252029199912,0.04799999999999993,0.006884173132071071,0.029999999999999916,0.004991115113147873,0.018000000000000016,1.3792855856873345,0.0119999999999999
1440,3B004CD4DE,159-2025-01-31,2025-01-31 11:41:18.846,0.1039052092457154,0.014061229494663883,0.04600000000000004,0.006174375797444938,0.020999999999999908,0.008353336113236656,0.025000000000000133,0.7391508869924499,-0.004000000000000226
1441,3B004873F2,168-2025-01-31,2025-01-31 11:45:36.848,0.1046564999395596,0.01398704685572882,0.04599999999999993,0.006167542110355436,0.020999999999999908,0.00828901744607232,0.025000000000000022,0.7440619048615795,-0.004000000000000115
1442,3B004CD4DE,170-2025-01-31,2025-01-31 11:47:22.847,0.1039052092457154,0.011762791424641383,0.04299999999999993,0.00686923599128068,0.026000000000000023,0.005383377615567146,0.016999999999999904,1.2760085733939357,0.009000000000000119
1443,3B00186448,171-2025-01-31,2025-01-31 11:47:33.846,0.1674190821650436,8.175427088927575e-05,0.015000000000000013,6.32310894468911e-05,0.01200000000000001,2.8310968469427682e-05,0.0030000000000000027,2.2334484782875865,0.009000000000000008
1444,3B0018A99B,174-2025-01-31,2025-01-31 11:49:18.847,0.0953464577083411,0.00959607300721133,0.050000000000000044,0.006204133319307976,0.03400000000000003,0.0037338712139230834,0.016000000000000014,1.6615820321208805,0.018000000000000016
1445,3B00186448,175-2025-01-31,2025-01-31 11:49:23.846,0.1674190821650436,0.02921074342649993,0.05499999999999994,0.015407822690609812,0.031000000000000028,0.014608745869599413,0.02399999999999991,1.0546985229357209,0.007000000000000117
1446,3B00186448,176-2025-01-31,2025-01-31 11:50:46.847,0.1637449968281153,0.02345736094118788,0.06899999999999995,0.01669639128858557,0.05400000000000005,0.007475262100654289,0.014999999999999902,2.2335526251479774,0.039000000000000146
1447,3B00484043,179-2025-01-31,2025-01-31 11:52:36.846,0.0933107542597867,0.012175074882138247,0.049000000000000044,0.007714295584037145,0.03200000000000003,0.0048790173399190576,0.017000000000000015,1.5811166566104322,0.015000000000000013
1448,01103F97C4,181-2025-01-31,2025-01-31 11:53:01.847,0.1598146914690822,0.025621251814199827,0.052000000000000046,0.012892052677229683,0.028000000000000025,0.013476651136173412,0.02400000000000002,0.9566213851618837,0.0040000000000000036
1449,3B0019F652,182-2025-01-31,2025-01-31 11:53:11.847,0.0856662129841651,0.004929149189951062,0.040999999999999925,0.002685159201054287,0.02300000000000013,0.0024354407363087775,0.017999999999999794,1.1025352253588356,0.0050000000000003375
1450,01103F97C4,184-2025-01-31,2025-01-31 11:54:33.848,0.160258922433233,0.02209898242807296,0.06600000000000006,0.013931094928683536,0.04899999999999971,0.008971334579742536,0.017000000000000348,1.5528453213795241,0.03199999999999936
1451,01103F97C4,187-2025-01-31,2025-01-31 11:55:45.846,0.1628653718030762,0.024729011009058992,0.05600000000000005,0.015380985640513475,0.03699999999999992,0.010165469230751666,0.019000000000000128,1.5130620428208368,0.017999999999999794
1452,3B00484043,188-2025-01-31,2025-01-31 11:55:52.846,0.0933107542597867,0.011104656907415052,0.06400000000000006,0.006421875961339473,0.04200000000000004,0.00503540063284992,0.02200000000000002,1.2753455841119121,0.020000000000000018
1453,011016B2E1,189-2025-01-31,2025-01-31 11:56:21.847,0.0995107654569049,0.014794950373186637,0.07399999999999984,0.00904577193247101,0.05400000000000027,0.006211180259019798,0.019999999999999574,1.456369249521434,0.034000000000000696
1454,011016B2E1,190-2025-01-31,2025-01-31 11:56:27.847,0.0982663332751256,0.013048369646960021,0.058000000000000274,0.007477861310068823,0.039000000000000146,0.006019968162907094,0.019000000000000128,1.2421762221509325,0.020000000000000018
1455,3B004CDB63,191-2025-01-31,2025-01-31 11:56:30.846,0.0936794238683758,0.011250344939071297,0.051000000000000045,0.00648838932222556,0.03300000000000003,0.005194717059557246,0.018000000000000016,1.2490361357195028,0.015000000000000013
1456,01103F97C4,192-2025-01-31,2025-01-31 11:56:54.848,0.1598146914690822,0.02573757787147781,0.06400000000000006,0.014030968864090589,0.041999999999999815,0.012507841846516205,0.02200000000000024,1.1217737669107655,0.019999999999999574
1457,011016B2E1,193-2025-01-31,2025-01-31 12:05:10.848,0.0998483420963702,0.004208858801643734,0.040000000000000036,0.0025250970339607028,0.02499999999999991,0.0018660499387710954,0.015000000000000124,1.3531776301890555,0.009999999999999787
1458,3B0019F652,194-2025-01-31,2025-01-31 12:05:31.849,0.0881893569011782,0.005091844489280889,0.04099999999999998,0.0023882820603831493,0.020000000000000018,0.0028871954409838705,0.020999999999999963,0.8271979189497798,-0.0009999999999999454
1459,011016B2E1,197-2025-01-31,2025-01-31 12:08:20.848,0.0986599035491666,0.011811480426290221,0.06199999999999983,0.007691563831505589,0.04599999999999982,0.0045269505959122346,0.016000000000000014,1.699060696277744,0.029999999999999805
1460,011016B2E1,198-2025-01-31,2025-01-31 12:08:35.848,0.0991877765414238,0.014883626388055023,0.0470000000000006,0.0064545421725334525,0.02200000000000024,0.008927690761368163,0.025000000000000355,0.7229800342618832,-0.0030000000000001137
1461,3B0018A99B,201-2025-01-31,2025-01-31 12:09:47.849,0.0953464577083411,0.002171362075506055,0.02400000000000002,0.0012468773669782785,0.014000000000000012,0.0010691171334114861,0.010000000000000009,1.1662682488302947,0.0040000000000000036
1462,3B00484043,202-2025-01-31,2025-01-31 12:20:21.850,0.0933107542597867,0.010965432970999205,0.04600000000000004,0.005823596231808461,0.026000000000000023,0.005531559167556098,0.020000000000000018,1.052794710389293,0.006000000000000005
1463,3B00484043,204-2025-01-31,2025-01-31 12:23:24.849,0.0933107542597867,0.011600750010891243,0.056999999999999995,0.007738878992653802,0.03899999999999998,0.004219279845223642,0.018000000000000016,1.8341705875267926,0.020999999999999963
1464,0700ED9568,205-2025-01-31,2025-01-31 12:23:53.852,0.1525782937120855,0.02104346735271302,0.06299999999999994,0.01487510963581663,0.04800000000000004,0.0068722015724471475,0.014999999999999902,2.1645333710023436,0.03300000000000014
1465,011016B2E1,206-2025-01-31,2025-01-31 12:25:01.848,0.0978015277958259,0.0037430611716182485,0.06699999999999973,0.0018600018634752234,0.03399999999999981,0.0019776894429917513,0.03299999999999992,0.940492386237095,0.0009999999999998899
1466,3B001816CC,208-2025-01-31,2025-01-31 12:28:14.849,0.0980675475768424,0.01054582284988275,0.06099999999999994,0.006551606895579745,0.040999999999999925,0.004329690307008212,0.020000000000000018,1.5131814127617969,0.020999999999999908
1467,3B001816CC,211-2025-01-31,2025-01-31 12:31:01.847,0.0980675475768424,0.011895328157542451,0.057999999999999996,0.007987423053276793,0.04299999999999998,0.0043342974354729944,0.015000000000000013,1.8428414690477142,0.02799999999999997
1468,3B001857EE,212-2025-01-31,2025-01-31 12:31:18.849,0.0797282174116714,0.0077216603204403106,0.05499999999999999,0.004894418876778316,0.03600000000000003,0.0030530729389145524,0.01899999999999996,1.6031123313150881,0.01700000000000007
1469,3B0018A99B,213-2025-01-31,2025-01-31 12:31:51.848,0.0953464577083411,0.012029209794483848,0.07200000000000006,0.007906257628388001,0.05499999999999994,0.004494810776974512,0.017000000000000126,1.7589745198817375,0.03799999999999981
1470,3B001857EE,215-2025-01-31,2025-01-31 12:32:21.851,0.10256506244428,0.0147717826697839,0.05499999999999994,0.005872849911509945,0.025000000000000022,0.009302393180078989,0.029999999999999916,0.6313267777249636,-0.004999999999999893
1471,011016B2E1,217-2025-01-31,2025-01-31 12:32:47.847,0.0984485607442597,0.006658403504026456,0.041999999999999815,0.0036731432496320783,0.0239999999999998,0.003242982478440327,0.018000000000000016,1.132643569322839,0.005999999999999783
1472,3B00182A81,219-2025-01-31,2025-01-31 12:33:37.847,0.0989691687162381,0.01023953976749706,0.057999999999999996,0.006070483330524004,0.03799999999999998,0.004527173820531468,0.020000000000000018,1.340899106412344,0.01799999999999996
1473,3B004C4B80,220-2025-01-31,2025-01-31 12:33:42.847,0.1035182591826658,0.010979657525425388,0.05400000000000005,0.005450624851019759,0.028000000000000025,0.00589291245849627,0.026000000000000023,0.9249458378023535,0.0020000000000000018
1474,011016B2E1,221-2025-01-31,2025-01-31 12:33:59.847,0.0992197417577275,0.013854367414832576,0.06700000000000017,0.006550173128215304,0.04400000000000048,0.007773674336087468,0.022999999999999687,0.8426096650084317,0.021000000000000796
1475,3B0019F652,222-2025-01-31,2025-01-31 12:34:15.848,0.0881893569011782,0.009808206729304363,0.052999999999999936,0.0058982183660696375,0.03300000000000003,0.004241899928308557,0.019999999999999907,1.3904661745336202,0.013000000000000123
1476,011016B2E1,224-2025-01-31,2025-01-31 12:35:37.847,0.0984485607442596,0.015481183324718949,0.04800000000000004,0.006560582774068186,0.02200000000000002,0.009450907262173182,0.026000000000000023,0.6941749180342308,-0.0040000000000000036
1477,3B00484043,227-2025-01-31,2025-01-31 12:37:59.847,0.0933107542597867,0.01093945630374688,0.05399999999999999,0.006428725254664692,0.03600000000000003,0.0049056443671129345,0.01799999999999996,1.310475194199232,0.01800000000000007
1478,3B004CD4DE,229-2025-01-31,2025-01-31 12:39:02.848,0.0954289879907062,0.013242966473927047,0.07499999999999996,0.006793027380914567,0.05400000000000005,0.0069048825755540204,0.020999999999999908,0.9838005652644313,0.03300000000000014
1479,3B00484043,234-2025-01-31,2025-01-31 12:40:54.847,0.0933107542597867,0.01157689050106946,0.06000000000000005,0.007169054315949192,0.041000000000000036,0.004775303245906463,0.019000000000000017,1.5012772900013684,0.02200000000000002
1480,3B004CD4DE,235-2025-01-31,2025-01-31 12:41:09.849,0.0985570848393109,0.014329778539227142,0.04599999999999982,0.006200416287559991,0.020999999999999908,0.008611056079122765,0.02499999999999991,0.7200529447941589,-0.0040000000000000036
1481,3B00192E1E,237-2025-01-31,2025-01-31 12:42:25.847,0.1013994993325588,0.003947835200070665,0.045999999999999985,0.0021602551262811047,0.02699999999999997,0.001928257488734237,0.019000000000000017,1.1203146565758486,0.007999999999999952
1482,3B00484043,240-2025-01-31,2025-01-31 12:42:54.847,0.0941438776675631,0.010519073941194322,0.050999999999999934,0.006555108155536874,0.03400000000000003,0.004317437740579624,0.016999999999999904,1.5182866666322417,0.017000000000000126
1483,3B004CDB63,241-2025-01-31,2025-01-31 12:43:21.846,0.0921245202131532,0.01143833067297894,0.04899999999999993,0.006848500923671109,0.03200000000000003,0.0050163143015229195,0.016999999999999904,1.3652455791280762,0.015000000000000124
1484,3B00192E1E,242-2025-01-31,2025-01-31 12:43:30.846,0.0968557213842655,0.00377974838359242,0.03600000000000003,0.0021981502165751925,0.020999999999999908,0.0017461905588112361,0.015000000000000124,1.2588260802828068,0.005999999999999783
1485,3B004CD4DE,244-2025-01-31,2025-01-31 12:44:52.848,0.1039052092457154,0.014075475040357815,0.07599999999999996,0.007623012745665889,0.05499999999999999,0.006918808407280096,0.020999999999999963,1.1017811589702087,0.03400000000000003
1486,01103F97C4,245-2025-01-31,2025-01-31 12:45:17.846,0.1632719601477198,0.026807427439778424,0.05999999999999961,0.013969065204747383,0.03500000000000014,0.013608332043074494,0.024999999999999467,1.0265082568922523,0.010000000000000675
1487,011016B2E1,249-2025-01-31,2025-01-31 12:58:23.848,0.0984485607442597,0.003494475198756788,0.05199999999999999,0.0014441241695422658,0.023999999999999966,0.0021604577474026495,0.028000000000000025,0.6684343497476052,-0.004000000000000059
1488,3B004C4B80,254-2025-01-31,2025-01-31 13:04:19.850,0.1035182591826658,0.0029335207929798344,0.05800000000000005,0.0015947891952882403,0.038999999999999924,0.0014400889058361138,0.019000000000000128,1.1074241241809357,0.019999999999999796
1489,3B004C0894,255-2025-01-31,2025-01-31 13:04:47.850,0.101959464349765,0.013852886521771763,0.050000000000000044,0.008082342424304187,0.030999999999999917,0.006261692116570336,0.019000000000000128,1.2907601130556798,0.011999999999999789
1490,3B00484043,256-2025-01-31,2025-01-31 13:04:56.849,0.0933107542597867,0.010758694801519275,0.051000000000000045,0.006869951256439837,0.03400000000000003,0.004255127344196526,0.017000000000000015,1.614511317930264,0.017000000000000015
1491,3B0018F763,261-2025-01-31,2025-01-31 13:06:56.850,0.1047494367619683,0.006479032364157985,0.04099999999999998,0.0033409128486615865,0.020999999999999963,0.003368142339996143,0.020000000000000018,0.9919155758320511,0.0009999999999999454
1492,011016B2E1,262-2025-01-31,2025-01-31 13:07:54.849,0.0895009914453074,0.01603401720928386,0.05099999999999927,0.007347144765157355,0.024999999999999467,0.009197775964078758,0.0259999999999998,0.7987957951847373,-0.001000000000000334
1493,3B00192E1E,264-2025-01-31,2025-01-31 13:11:11.851,0.0992011012056234,0.002707827773836478,0.03499999999999992,0.0016026172886468332,0.02200000000000002,0.001234970957582729,0.0129999999999999,1.2976963375589956,0.009000000000000119
1494,3B001870F2,265-2025-01-31,2025-01-31 13:11:40.852,0.0994682506570993,0.00066864172805049,0.03400000000000003,0.0004920382918028309,0.026000000000000023,0.0002096182082853759,0.008000000000000007,2.347307019879523,0.018000000000000016
1495,3B0019F652,272-2025-01-31,2025-01-31 13:17:14.849,0.0881893569011782,0.005691113947285533,0.041999999999999815,0.002645118556322959,0.019999999999999796,0.003243926693144499,0.02200000000000002,0.8154063906292884,-0.002000000000000224
1496,01103F97C4,275-2025-01-31,2025-01-31 13:18:49.848,0.1674838015262583,0.0095554904613219,0.04499999999999993,0.005707165995816218,0.028000000000000025,0.004201677902765607,0.016999999999999904,1.3583064023207672,0.01100000000000012
1497,3B004B0F76,276-2025-01-31,2025-01-31 13:20:08.848,0.1616092100059758,3.492331745662166e-05,0.008999999999999897,2.438707713838867e-05,0.005999999999999783,1.58944571923772e-05,0.0030000000000001137,1.5343133045200459,0.0029999999999996696
1498,3B00186448,279-2025-01-31,2025-01-31 13:21:22.849,0.1674190821650436,0.02285767133228225,0.06899999999999995,0.01509917783229461,0.05499999999999994,0.008663476634532288,0.014000000000000012,1.7428543377274042,0.040999999999999925
1499,3B0019F652,280-2025-01-31,2025-01-31 13:22:08.848,0.0881893569011782,0.005239876780265021,0.038000000000000034,0.0028568622716655043,0.02100000000000013,0.0025901311441896267,0.016999999999999904,1.102979776940727,0.004000000000000226
1500,3B00186448,281-2025-01-31,2025-01-31 13:22:16.846,0.1675503252838408,0.029279065556848033,0.05499999999999994,0.015191345969291708,0.030999999999999917,0.014921354125918539,0.02400000000000002,1.018094325829597,0.006999999999999895
1501,3B004B0F76,282-2025-01-31,2025-01-31 13:22:25.847,0.1603351990469511,0.027977966479622116,0.05799999999999983,0.016961020821636703,0.03799999999999981,0.01187853286084223,0.020000000000000018,1.4278716926017838,0.017999999999999794
1502,3B00186448,283-2025-01-31,2025-01-31 13:23:04.847,0.1597138615369223,0.02206475625526881,0.06800000000000006,0.016228053616388887,0.05400000000000005,0.006520825280872297,0.014000000000000012,2.488650273147335,0.040000000000000036
1503,3B004C4B80,287-2025-01-31,2025-01-31 13:25:36.846,0.1033426553706047,0.004997949616090274,0.050000000000000044,0.002651725717222579,0.027999999999999803,0.0024924809162802683,0.02200000000000024,1.0638900783160115,0.005999999999999561
1504,3B00484043,288-2025-01-31,2025-01-31 13:25:46.848,0.0955314012182419,0.0039863787918807915,0.08100000000000007,0.001998217594115851,0.052000000000000046,0.002097587511606436,0.029000000000000026,0.9526265688841355,0.02300000000000002
1505,3B0018F763,290-2025-01-31,2025-01-31 13:26:13.847,0.1030888359118721,0.006643720180048212,0.040000000000000036,0.0037750100287201245,0.02300000000000013,0.003121098335691882,0.016999999999999904,1.2095133259821766,0.006000000000000227
1506,3B0019F652,291-2025-01-31,2025-01-31 13:26:41.848,0.0881893569011782,0.0027058059120862693,0.08200000000000002,0.0013053158227411504,0.05199999999999999,0.0014805618253256694,0.030000000000000027,0.8816354713549559,0.021999999999999964
1507,01103F97C4,292-2025-01-31,2025-01-31 13:26:45.846,0.1598146914690822,0.028908516808853178,0.05599999999999983,0.012722001651658056,0.028000000000000025,0.017028196691873044,0.027999999999999803,0.7471138536783415,2.220446049250313e-16
1508,3B0018F763,295-2025-01-31,2025-01-31 13:27:23.846,0.1047494367619683,0.006073602984184613,0.03899999999999998,0.0033522824033745085,0.020999999999999963,0.0029555427105975906,0.018000000000000016,1.1342358177922254,0.002999999999999947
1509,3B0049A710,296-2025-01-31,2025-01-31 13:27:37.846,0.1098409808915892,2.5647739506355932e-05,0.006999999999999895,1.5114293923763817e-05,0.0040000000000000036,1.5214248977661327e-05,0.0029999999999998916,0.9934301683872617,0.001000000000000112
1510,01103F97C4,300-2025-01-31,2025-01-31 13:28:43.845,0.1683872414536958,0.009168713861019128,0.041999999999999815,0.005414551112763854,0.0259999999999998,0.004121890012398666,0.016000000000000014,1.3136088290752197,0.009999999999999787
1511,3B00186448,301-2025-01-31,2025-01-31 13:30:13.845,0.1728233479343746,0.01793515198129991,0.07000000000000028,0.01115513298785247,0.05500000000000016,0.0075057972664699536,0.015000000000000124,1.4862022769632883,0.040000000000000036
1512,011016B2E1,304-2025-01-31,2025-01-31 13:30:46.847,0.0984485607442597,6.38967221578402e-05,0.006000000000000005,3.6501308243069004e-05,0.0030000000000000027,4.09381262405468e-05,0.0030000000000000027,0.8916213709585128,0.0
1513,3B00182A81,305-2025-01-31,2025-01-31 13:32:42.847,0.0989424179299414,0.0043167055922411195,0.07100000000000006,0.002480615057889891,0.04599999999999993,0.0019545964375201554,0.025000000000000133,1.2691187859920119,0.020999999999999797
1514,01103F97C4,306-2025-01-31,2025-01-31 13:33:30.844,0.1670663560986445,0.025880906751530514,0.05099999999999971,0.015748274520061188,0.03200000000000003,0.011032210536585943,0.018999999999999684,1.4274813255091023,0.013000000000000345
1515,3B001870F2,307-2025-01-31,2025-01-31 13:33:51.846,0.098478992186775,0.01231543674044474,0.05800000000000005,0.008139916582352977,0.040000000000000036,0.004594210220547817,0.018000000000000016,1.7717771263375859,0.02200000000000002
1516,3B00182DFC,308-2025-01-31,2025-01-31 13:35:24.846,0.1417275432048721,0.011868866941450097,0.05499999999999999,0.008609814615480552,0.04199999999999998,0.0036527520244265233,0.013000000000000012,2.3570761327090852,0.02899999999999997
1517,3B004C4B80,309-2025-01-31,2025-01-31 13:35:32.845,0.1036936762703353,0.013384656774907326,0.04800000000000004,0.007307032090381368,0.02699999999999969,0.006540594741035459,0.02100000000000035,1.1171815988746876,0.005999999999999339
1518,3B004873F2,310-2025-01-31,2025-01-31 13:38:12.845,0.0952502887753752,0.004203843161915073,0.07299999999999995,0.002530329335415106,0.04499999999999993,0.0017897395208195624,0.028000000000000025,1.4137975420336086,0.016999999999999904
1519,01103F88A1,313-2025-01-31,2025-01-31 13:39:29.844,0.0895142861676464,0.005176649894014775,0.04899999999999993,0.0035088796197091723,0.03500000000000014,0.0018549675721469974,0.01399999999999979,1.8916123777020455,0.02100000000000035
1520,011016B2E1,316-2025-01-31,2025-01-31 13:40:12.844,0.1004414825403114,0.0036875433135251066,0.05500000000000005,0.001605515643563308,0.026000000000000023,0.0022115398538962447,0.029000000000000026,0.7259718339394807,-0.0030000000000000027
1521,3B004C4B80,317-2025-01-31,2025-01-31 13:41:18.846,0.1035182591826658,0.0032682309075594256,0.037000000000000366,0.001876622102490106,0.02100000000000035,0.0015164436369162941,0.016000000000000014,1.237515234200355,0.0050000000000003375
1522,3B0019B8CC,318-2025-01-31,2025-01-31 13:41:49.844,0.1612650304495671,0.023135713684037832,0.07700000000000007,0.013514478330425746,0.05500000000000005,0.010252123025102644,0.02200000000000002,1.318212656767298,0.03300000000000003
1523,011016B2E1,324-2025-01-31,2025-01-31 13:44:43.844,0.0984485607442597,0.0055600245958430956,0.038000000000000006,0.0034563190650013184,0.023999999999999994,0.0023400162894801255,0.014000000000000012,1.4770491472814484,0.009999999999999981
1524,3B0018A99B,325-2025-01-31,2025-01-31 13:46:03.844,0.0953464577083411,0.0016736016633483813,0.10299999999999998,0.0008450409576661662,0.04800000000000004,0.0008670608036632243,0.05499999999999994,0.9746040347989127,-0.006999999999999895
1525,3B004CDB63,334-2025-01-31,2025-01-31 13:58:24.846,0.0936794238683757,0.0032316905856044505,0.07300000000000001,0.0019460975784324056,0.05499999999999999,0.0014011526873036716,0.018000000000000016,1.3889261292267916,0.03699999999999998
1526,3B0019B8CC,336-2025-01-31,2025-01-31 14:02:50.846,0.159959731469869,0.02406088750167245,0.053999999999999826,0.01284289250902575,0.029999999999999805,0.011892886622068475,0.02400000000000002,1.079880176877701,0.005999999999999783
1527,3B004C0894,338-2025-01-31,2025-01-31 14:05:07.847,0.1033072666870228,0.005474824496734939,0.04100000000000037,0.0026150349373757803,0.020000000000000018,0.0030601625309369398,0.02100000000000035,0.8545411921552829,-0.001000000000000334
1528,3B004C4B80,339-2025-01-31,2025-01-31 14:05:13.847,0.1074032703697779,0.004457673277100154,0.04899999999999993,0.0027999440844563026,0.03200000000000003,0.0017927901039498815,0.016999999999999904,1.561780198522658,0.015000000000000124
1529,3B004CDB63,340-2025-01-31,2025-01-31 14:05:48.846,0.0943874121738194,0.002939237113253829,0.07899999999999996,0.0013030442106402806,0.05400000000000005,0.001741543984633317,0.02499999999999991,0.7482120590337183,0.029000000000000137
1530,3B00199DE5,345-2025-01-31,2025-01-31 14:07:25.847,0.1032811857620407,0.015586578948175578,0.04700000000000015,0.006631950419029953,0.02100000000000013,0.009462121743485047,0.026000000000000023,0.7008946406334551,-0.004999999999999893
1531,3B00186448,346-2025-01-31,2025-01-31 14:08:40.847,0.1791399554347681,0.027541105198645548,0.058000000000000274,0.020711107006185957,0.04300000000000015,0.007588640031831534,0.015000000000000124,2.7292251206158857,0.028000000000000025
1532,01103F97C4,347-2025-01-31,2025-01-31 14:09:21.846,0.1581506971001867,0.02822930161112747,0.05099999999999971,0.0162198249065947,0.029999999999999805,0.012942143255148916,0.020999999999999908,1.2532564805401754,0.008999999999999897
1533,3B004873F2,348-2025-01-31,2025-01-31 14:09:43.848,0.0962964114208804,0.0040989469141131185,0.050000000000000044,0.0027348382511292748,0.03600000000000003,0.0015155492888136357,0.014000000000000012,1.8045195041265152,0.02200000000000002
1534,3B0019B8CC,350-2025-01-31,2025-01-31 14:10:03.847,0.1603939533991483,0.0242165500053832,0.052999999999999936,0.01231950784443507,0.028999999999999915,0.012589000592398938,0.02400000000000002,0.9785929990243559,0.004999999999999893
1535,3B00186448,351-2025-01-31,2025-01-31 14:10:20.847,0.1674190821650436,0.03190336667559401,0.05600000000000005,0.013592010580666796,0.026999999999999913,0.019146423823507366,0.029000000000000137,0.709898135858612,-0.002000000000000224
1536,3B004B0F76,352-2025-01-31,2025-01-31 14:10:30.847,0.1641616729153988,0.02899712779235979,0.057000000000000384,0.016499611946071822,0.03600000000000003,0.013375511445094754,0.02100000000000035,1.2335686761438032,0.01499999999999968
1537,3B001870F2,356-2025-01-31,2025-01-31 14:11:40.847,0.0983799221722565,0.0027550342679865465,0.09000000000000008,0.0015000243471218575,0.05499999999999994,0.0013085182785364878,0.03500000000000014,1.1463533767365939,0.019999999999999796
1538,01103F97C4,358-2025-01-31,2025-01-31 14:11:49.846,0.1598146914690822,0.007070669430294108,0.03200000000000003,0.004124679632061598,0.019000000000000128,0.003309481284011664,0.0129999999999999,1.2463220904098218,0.006000000000000227
1539,3B00182DFC,359-2025-01-31,2025-01-31 14:12:08.846,0.141727543204872,0.01115523453606655,0.04500000000000004,0.006531706976559864,0.027000000000000024,0.005021805688645963,0.018000000000000016,1.3006689986686877,0.009000000000000008
1540,3B001877B5,360-2025-01-31,2025-01-31 14:12:37.846,0.1744769513863206,0.025924778802682395,0.06000000000000005,0.017310769639279522,0.04100000000000037,0.00934456372637831,0.018999999999999684,1.852496290481042,0.022000000000000686
1541,3B0019F652,362-2025-01-31,2025-01-31 14:13:13.848,0.0881893569011782,0.003033086104035286,0.07000000000000006,0.001481379163368031,0.040999999999999925,0.0016208937863785436,0.029000000000000137,0.91392735034032,0.011999999999999789
1542,3B00192E1E,365-2025-01-31,2025-01-31 14:13:46.846,0.1013994993325588,0.003821633332744053,0.07600000000000001,0.002357769107667727,0.05400000000000005,0.0015675975869970285,0.021999999999999964,1.5040652825859424,0.032000000000000084
1543,3B00484043,367-2025-01-31,2025-01-31 14:14:06.845,0.0933107542597867,0.030747107901790117,0.08499999999999996,0.013600705975963807,0.05400000000000005,0.017932246860265413,0.030999999999999917,0.7584496288694581,0.02300000000000013
1544,3B00484043,368-2025-01-31,2025-01-31 14:14:19.846,0.0962661586340272,0.004181889010399847,0.08699999999999997,0.0017367429853922132,0.05499999999999994,0.002543494813984562,0.03200000000000003,0.6828175846254172,0.02299999999999991
1545,3B001877B5,369-2025-01-31,2025-01-31 14:14:30.846,0.1717600361561726,0.026710169613972892,0.07699999999999996,0.017191084838058767,0.052999999999999936,0.010193935804165935,0.02400000000000002,1.6864030898677351,0.028999999999999915
1546,3B0018F763,370-2025-01-31,2025-01-31 14:14:43.845,0.104192425378343,0.0046728599999389326,0.08899999999999997,0.0021119813869779837,0.05400000000000005,0.002669876744500529,0.03499999999999992,0.7910407816871282,0.019000000000000128
1547,3B0019F652,372-2025-01-31,2025-01-31 14:15:38.845,0.0881893569011782,0.003515426169242519,0.05299999999999999,0.002186495063748862,0.032999999999999974,0.0014491138374682498,0.020000000000000018,1.5088497585316643,0.012999999999999956
1548,3B0019B8CC,374-2025-01-31,2025-01-31 14:15:51.845,0.1634725734878382,0.005902005524524372,0.09099999999999997,0.0024961781490673665,0.04799999999999993,0.003562395311880148,0.04300000000000004,0.7007021766346146,0.004999999999999893
1549,3B004873F2,375-2025-01-31,2025-01-31 14:16:22.845,0.1046564999395596,0.0022971488926176874,0.05500000000000005,0.0016939042598028279,0.04400000000000004,0.0006902722885335844,0.01100000000000001,2.4539653234542573,0.03300000000000003
1550,3B004C4B80,376-2025-01-31,2025-01-31 14:16:33.846,0.1055189984001106,0.005343843707964978,0.04500000000000037,0.003271913314927806,0.028000000000000025,0.0022425166507060086,0.017000000000000348,1.4590363527056596,0.010999999999999677
1551,3B001877B5,377-2025-01-31,2025-01-31 14:16:42.847,0.1717600361561726,0.02136228373946136,0.06399999999999995,0.014305844827256109,0.04700000000000004,0.007759347561839082,0.016999999999999904,1.8436917167640585,0.030000000000000138
1552,3B0018F763,379-2025-01-31,2025-01-31 14:17:00.844,0.1047494367619683,0.003097852451637681,0.07299999999999995,0.0023750585985920333,0.05500000000000005,0.0007914482965452303,0.017999999999999905,3.000901775844939,0.037000000000000144
1553,3B0018F763,380-2025-01-31,2025-01-31 14:17:35.844,0.1063877876149576,0.0034767688890806896,0.08599999999999997,0.0017248567267262214,0.05500000000000005,0.0018634572431599074,0.030999999999999917,0.9256218424423531,0.024000000000000132
1554,3B0019B8CC,382-2025-01-31,2025-01-31 14:18:06.844,0.159959731469869,0.005859164148414594,0.10399999999999998,0.0020290688817001046,0.05499999999999994,0.00395287562120112,0.049000000000000044,0.5133146286762122,0.005999999999999894
1555,3B001877B5,383-2025-01-31,2025-01-31 14:18:25.844,0.1673938979907175,0.024855353629406742,0.06999999999999851,0.0168509444958545,0.05299999999999905,0.008781442682729505,0.01699999999999946,1.9189266621298242,0.03599999999999959
1556,3B0019F652,384-2025-01-31,2025-01-31 14:18:40.844,0.1078218276186487,-1.9064826317419348e-05,0.05899999999999994,-3.417999520800016e-05,0.05499999999999994,2.0838019258171317e-05,0.0040000000000000036,-1.6402708330637994,0.050999999999999934
1557,011016B2E1,387-2025-01-31,2025-01-31 14:22:42.846,0.0984485607442597,0.015784287728463384,0.049000000000000155,0.006738446662254283,0.02200000000000002,0.009555489904172673,0.027000000000000135,0.705191123619078,-0.0050000000000001155
1558,3B004C0894,388-2025-01-31,2025-01-31 14:23:21.844,0.1031531694533794,0.0028734201366724965,0.08499999999999996,0.0014156553460928005,0.05400000000000027,0.00151269685405469,0.030999999999999694,0.9358486747018904,0.023000000000000576
1559,3B00182DFC,389-2025-01-31,2025-01-31 14:23:40.843,0.1071668845375215,0.0022325691093538296,0.10499999999999998,0.001053882975286188,0.05500000000000016,0.0012515277336453902,0.04999999999999982,0.8420772044871017,0.0050000000000003375
1560,3B00186448,392-2025-01-31,2025-01-31 14:25:46.844,0.1696583883933151,0.006568531577058756,0.07500000000000001,0.003948218811905859,0.046999999999999986,0.002782450969882617,0.028000000000000025,1.4189715666660687,0.01899999999999996
1561,01103F97C4,396-2025-01-31,2025-01-31 14:26:53.843,0.1707935769394798,0.009584971589919323,0.03799999999999981,0.0056524814126882785,0.022999999999999687,0.004339217812194766,0.015000000000000124,1.3026498455096605,0.007999999999999563
1562,3B00182DFC,397-2025-01-31,2025-01-31 14:26:55.844,0.141727543204872,0.0001355619376617573,0.010000000000000009,7.415125648942924e-05,0.0050000000000001155,8.048612505294126e-05,0.004999999999999893,0.9212924145702736,2.220446049250313e-16
1563,3B00182DFC,399-2025-01-31,2025-01-31 14:27:14.843,0.141727543204872,0.009803050073994332,0.04700000000000015,0.0062713563485495396,0.03200000000000003,0.0038867924225345868,0.015000000000000124,1.6135043158440585,0.016999999999999904
1564,3B00484043,400-2025-01-31,2025-01-31 14:27:37.843,0.0972533536326816,0.0038832578679354264,0.07499999999999996,0.001923528057884589,0.043999999999999984,0.0020539562746852377,0.030999999999999972,0.9364990295031298,0.013000000000000012
1565,3B00186448,403-2025-01-31,2025-01-31 14:28:51.842,0.1674190821650436,0.008083945098895613,0.08600000000000002,0.00430393198555161,0.05499999999999999,0.003980263461350566,0.031000000000000028,1.0813183668226873,0.023999999999999966
1566,3B004CD4DE,404-2025-01-31,2025-01-31 14:30:10.843,0.1002952137157004,0.013445021298545452,0.07799999999999985,0.006211808673445038,0.05499999999999994,0.007705505285701102,0.02299999999999991,0.8061520228883786,0.03200000000000003
1567,3B00186448,405-2025-01-31,2025-01-31 14:30:43.843,0.1767409679074382,0.006246868540588826,0.07999999999999963,0.0033006121101512714,0.04400000000000004,0.0031056918785617505,0.03599999999999959,1.0627622569177044,0.008000000000000451
1568,3B00185CB8,407-2025-01-31,2025-01-31 14:32:38.842,0.0794733831724251,0.0015335653271748937,0.040000000000000036,0.001023203724906672,0.028000000000000025,0.000574774558130122,0.01200000000000001,1.780182700214492,0.016000000000000014
1569,3B00182A81,410-2025-01-31,2025-01-31 14:37:06.845,0.1012891417776091,0.004235506146609896,0.06899999999999995,0.0022234347244677135,0.03699999999999992,0.0021197227441981923,0.03200000000000003,1.048927144152879,0.004999999999999893
1570,01103FA4B2,411-2025-01-31,2025-01-31 14:37:19.842,0.1022732142130403,0.012776925318694747,0.05700000000000005,0.00838256028134965,0.040000000000000036,0.004815036403025616,0.017000000000000015,1.7409131686070565,0.02300000000000002
1571,3B004CD4DE,414-2025-01-31,2025-01-31 14:38:56.841,0.1004452328148089,0.004599775876658137,0.050999999999999934,0.0029696609806588474,0.03499999999999992,0.0017866348850398514,0.016000000000000014,1.6621532499588512,0.018999999999999906
1572,3B004873F2,416-2025-01-31,2025-01-31 14:39:59.843,0.0982294363910287,0.003667806295806026,0.07300000000000001,0.0019739127946106455,0.05499999999999999,0.001849114683805451,0.018000000000000016,1.0674907359171264,0.03699999999999998
1573,0700ED9568,418-2025-01-31,2025-01-31 14:40:23.841,0.1578993376626477,0.01983218354865695,0.07699999999999996,0.01210006702897071,0.05499999999999994,0.008340038841870245,0.02200000000000002,1.4508406085860965,0.03299999999999992
1574,3B001877B5,421-2025-01-31,2025-01-31 14:48:56.842,0.1725442238429586,0.018112975547275798,0.07500000000000018,0.004040035739745652,0.020000000000000462,0.014407987304092875,0.054999999999999716,0.28040250553233065,-0.034999999999999254
1575,3B004C0894,425-2025-01-31,2025-01-31 14:49:43.842,0.114762175982298,0.0028435093105907074,0.053999999999999826,0.0017187507745502952,0.030999999999999917,0.00122729193093117,0.02299999999999991,1.4004416807712945,0.008000000000000007
1576,01103F88A1,428-2025-01-31,2025-01-31 14:53:15.843,0.1629215913617952,0.0025427083775348496,0.03300000000000003,0.0013526621333251954,0.018000000000000016,0.0013243305592111913,0.015000000000000013,1.0213931287146913,0.0030000000000000027
1577,3B0018F763,430-2025-01-31,2025-01-31 14:54:02.841,0.1038868009053053,0.006306189664492653,0.040000000000000036,0.0032904692004739346,0.020999999999999908,0.0032649770736898963,0.019000000000000128,1.0078077506238745,0.0019999999999997797
1578,3B004873F2,431-2025-01-31,2025-01-31 14:54:12.843,0.1046564999395596,0.0041052263935761465,0.043999999999999984,0.0025448533673863667,0.02899999999999997,0.001728555093676826,0.015000000000000013,1.472243133409873,0.013999999999999957
1579,3B00484043,1-2025-02-07,2025-02-07 07:33:46.305,0.086809338727506,0.012278724618862721,0.052000000000000046,0.005379077062697334,0.02499999999999991,0.007281179074020062,0.027000000000000135,0.7387645610709385,-0.002000000000000224
1580,3B004CD4DE,5-2025-02-07,2025-02-07 07:44:07.303,0.1039052092457154,0.011055217680414188,0.045999999999999985,0.0068261663829771385,0.030000000000000027,0.004673034334147443,0.01599999999999996,1.4607567363877538,0.014000000000000068
1581,3B004CA42C,7-2025-02-07,2025-02-07 07:44:42.302,0.1050965973476148,0.009131029091930611,0.06999999999999984,0.006728843541527256,0.05499999999999994,0.002656464808635147,0.014999999999999902,2.5330068441540687,0.040000000000000036
1582,3B004C0894,9-2025-02-07,2025-02-07 07:46:53.302,0.094179900726513,0.011718292303032547,0.052999999999999936,0.006952785634901384,0.03499999999999992,0.005189048036298665,0.018000000000000016,1.3398961786950017,0.016999999999999904
1583,3B004CD4DE,10-2025-02-07,2025-02-07 07:46:59.303,0.1039052092457154,0.012131885746602379,0.042999999999999705,0.007841570919418613,0.027000000000000135,0.004734478903615424,0.01599999999999957,1.656269059184211,0.011000000000000565
1584,3B0018C6F9,13-2025-02-07,2025-02-07 08:02:55.304,0.0986842036561584,0.012423518054694653,0.061,0.006074651440841209,0.03600000000000003,0.006834369153625074,0.024999999999999967,0.8888386483511946,0.011000000000000065
1585,01103F9A64,21-2025-02-07,2025-02-07 08:15:26.301,0.1709550895537207,0.0262354583416827,0.05900000000000016,0.0168302903059732,0.0389999999999997,0.01012751790484568,0.020000000000000462,1.6618376253791134,0.01899999999999924
1586,3B0018A99B,22-2025-02-07,2025-02-07 08:15:46.301,0.089614690723937,0.004287015262002135,0.0349999999999997,0.0026976078028430085,0.022999999999999687,0.0017995699216399167,0.01200000000000001,1.4990291682496701,0.010999999999999677
1587,01103F9A64,23-2025-02-07,2025-02-07 08:17:38.299,0.1902323792443684,0.024236058881616417,0.05699999999999994,0.015459555620127949,0.03699999999999992,0.009441808638551851,0.020000000000000018,1.63735108515174,0.016999999999999904
1588,3B0019B8CC,26-2025-02-07,2025-02-07 08:22:17.297,0.159959731469869,0.02496615644740917,0.051999999999999935,0.011060285530769359,0.025000000000000022,0.014608787020643103,0.026999999999999913,0.7570981434078342,-0.0019999999999998908
1589,3B004C0894,27-2025-02-07,2025-02-07 08:27:54.291,0.0947758996226739,0.01108585308414495,0.05300000000000005,0.006362803277789984,0.03300000000000003,0.005125203518212637,0.020000000000000018,1.2414732908028885,0.013000000000000012
1590,3B0018C2F6,28-2025-02-07,2025-02-07 08:28:11.291,0.1158804185581609,0.027098349938166802,0.052000000000000046,0.016473733785112667,0.03200000000000003,0.011514633356674898,0.020000000000000018,1.4306781010585141,0.01200000000000001
1591,3B0018C2F6,33-2025-02-07,2025-02-07 08:36:36.288,0.1190105033961822,0.027237031830593665,0.05800000000000005,0.016414132202623125,0.03700000000000003,0.011650176794389741,0.02100000000000002,1.408917005493643,0.016000000000000014
1592,3B004CDB63,34-2025-02-07,2025-02-07 08:36:55.289,0.0936794238683757,0.010105649291962114,0.04500000000000004,0.006531109426545679,0.030000000000000027,0.003972876994603722,0.015000000000000013,1.6439243992242278,0.015000000000000013
1593,3B0018C2F6,35-2025-02-07,2025-02-07 08:41:59.287,0.1571190912084223,0.023358219280142065,0.052999999999999936,0.01380453008234707,0.03200000000000003,0.01034493964568442,0.020999999999999908,1.3344234529300403,0.01100000000000012
1594,3B0019B8CC,36-2025-02-07,2025-02-07 08:42:14.288,0.159959731469869,0.023980261291505496,0.05899999999999972,0.011477085788337888,0.03200000000000003,0.013142881184629631,0.02699999999999969,0.8732549299585952,0.0050000000000003375
1595,3B0018A99B,37-2025-02-07,2025-02-07 08:42:29.286,0.0893561030208952,0.0041218369729858215,0.03599999999999959,0.0025722602972395353,0.022999999999999687,0.0017272694420314527,0.0129999999999999,1.489206162423787,0.009999999999999787
1596,3B0019B8CC,39-2025-02-07,2025-02-07 08:43:27.287,0.159959731469869,0.025107975477597144,0.049000000000000044,0.01119650919593208,0.02300000000000002,0.014661868423834809,0.026000000000000023,0.7636481840016155,-0.0030000000000000027
1597,3B0049A710,41-2025-02-07,2025-02-07 08:44:59.286,0.0929123925126394,0.013834405841300013,0.04899999999999949,0.006262530870633437,0.02400000000000002,0.008022378821939378,0.024999999999999467,0.7806326539338734,-0.0009999999999994458
1598,3B004CEFFE,42-2025-02-07,2025-02-07 08:45:17.287,0.0987295768044446,0.009713512775965357,0.06899999999999995,0.006607635303979664,0.05499999999999994,0.0034761826061228767,0.014000000000000012,1.9008308977615591,0.040999999999999925
1599,3B0018C2F6,46-2025-02-07,2025-02-07 08:47:36.287,0.1571190912084223,0.020889264435297865,0.06099999999999994,0.012871357577440207,0.041999999999999815,0.008720819184011715,0.019000000000000128,1.475934462789673,0.022999999999999687
1600,3B004CDB63,48-2025-02-07,2025-02-07 08:50:35.286,0.0936794238683758,0.011450820654394992,0.04800000000000004,0.006785178715060848,0.029000000000000026,0.005073869869604902,0.019000000000000017,1.337278820591669,0.010000000000000009
1601,01101763D0,49-2025-02-07,2025-02-07 08:53:15.286,0.1399267874935327,0.02316383649433573,0.06099999999999994,0.01580435895059033,0.04400000000000004,0.00807929531467378,0.016999999999999904,1.9561556218753549,0.027000000000000135
1602,3B00484043,50-2025-02-07,2025-02-07 08:59:46.287,0.0933107542597867,0.01061521854708407,0.07199999999999995,0.006591216082780954,0.05500000000000005,0.004420063504610918,0.016999999999999904,1.4912039331347016,0.038000000000000145
1603,3B00182DFC,51-2025-02-07,2025-02-07 09:00:33.287,0.141727543204872,0.011998900520989005,0.04400000000000004,0.004564077276424292,0.018000000000000016,0.00782725834485054,0.026000000000000023,0.5831003750408907,-0.008000000000000007
1604,3B004CDB63,55-2025-02-07,2025-02-07 09:03:14.287,0.0936794238683758,0.010030691707422079,0.04200000000000004,0.00589146283674676,0.025000000000000022,0.0045299667913716165,0.017000000000000015,1.3005532066964445,0.008000000000000007
1605,3B004CDB63,58-2025-02-07,2025-02-07 09:11:47.288,0.0936794238683758,0.009746274819022823,0.052999999999999936,0.006221370590268666,0.03600000000000003,0.0038595857665255345,0.016999999999999904,1.61192702186516,0.019000000000000128
1606,3B004ACEEA,59-2025-02-07,2025-02-07 09:14:32.284,0.0855632580118667,0.01416717631902873,0.07399999999999984,0.008559699482482119,0.054999999999999716,0.006058421263578793,0.019000000000000128,1.41285973854941,0.03599999999999959
1607,3B004CDB63,66-2025-02-07,2025-02-07 09:24:10.278,0.0936794238683757,0.009794870496285375,0.045999999999999985,0.005709397833451481,0.028000000000000025,0.004464342104525402,0.01799999999999996,1.278888960517608,0.010000000000000064
1608,3B0018C2F6,67-2025-02-07,2025-02-07 09:24:24.278,0.1571190912084223,0.02108575813987728,0.05700000000000005,0.012948631367447205,0.038000000000000034,0.008875939553031677,0.019000000000000017,1.4588462765076464,0.019000000000000017
1609,3B00182DFC,68-2025-02-07,2025-02-07 09:26:07.276,0.141727543204872,0.0032991604509973794,0.030999999999999917,0.0019887850987213066,0.018999999999999906,0.0014806343415784604,0.01200000000000001,1.3431980083624981,0.006999999999999895
1610,3B004C4B80,70-2025-02-07,2025-02-07 09:31:35.273,0.1035182591826658,0.00864469119586848,0.06099999999999994,0.005186193301735061,0.03599999999999981,0.0038206858848863256,0.025000000000000133,1.35739850330286,0.010999999999999677
1611,3B0018C2F6,72-2025-02-07,2025-02-07 09:39:00.272,0.1571190912084223,0.020308636611936253,0.07000000000000006,0.010581969929616035,0.049000000000000044,0.01056941191728627,0.02100000000000002,1.0011881467415633,0.028000000000000025
1612,3B0018C2F6,74-2025-02-07,2025-02-07 09:40:51.271,0.1468460367287481,0.024817987797668927,0.052000000000000046,0.014615297128315262,0.03299999999999992,0.011074134916149524,0.019000000000000128,1.3197687439225276,0.01399999999999979
1613,3B004AB6A7,75-2025-02-07,2025-02-07 09:41:01.271,0.1012961699609969,0.012100454498653252,0.07099999999999995,0.008289994838850753,0.05499999999999994,0.004179320544914755,0.016000000000000014,1.983574782015157,0.038999999999999924
1614,3B004CDB63,76-2025-02-07,2025-02-07 09:41:36.272,0.0936794238683758,0.010707923891259906,0.052000000000000046,0.006597141008735763,0.03400000000000003,0.004495026989124889,0.018000000000000016,1.4676532587449764,0.016000000000000014
1615,3B0018C2F6,77-2025-02-07,2025-02-07 09:43:15.271,0.1231545665867409,0.026457070318089592,0.052999999999999936,0.016542068720012137,0.03400000000000003,0.010810150310434167,0.018999999999999906,1.5302348482652837,0.015000000000000124
1616,3B004C4B80,81-2025-02-07,2025-02-07 09:45:23.271,0.1035182591826658,0.005544831125338606,0.05800000000000005,0.004341981467057291,0.04500000000000015,0.001348808603527625,0.0129999999999999,3.2191234958773474,0.03200000000000025
1617,3B0018C2F6,82-2025-02-07,2025-02-07 09:49:15.270,0.1571190912084223,0.021836566319817816,0.052000000000000046,0.014400112562354846,0.03500000000000003,0.008181812704651308,0.017000000000000015,1.7600149358305983,0.018000000000000016
1618,3B004C4B80,83-2025-02-07,2025-02-07 09:50:27.271,0.1000879353150862,0.004607076161095495,0.052999999999999936,0.0024242617081156282,0.028999999999999915,0.002356830975530879,0.02400000000000002,1.028610763047851,0.004999999999999893
1619,01103FD532,84-2025-02-07,2025-02-07 09:51:48.271,0.1643931249202574,0.02617640663495415,0.04499999999999993,0.01145127574291212,0.020000000000000018,0.015600470455635925,0.02499999999999991,0.7340340007999668,-0.004999999999999893
1620,3B00182DFC,85-2025-02-07,2025-02-07 09:52:16.272,0.141727543204872,0.01032012528020019,0.049000000000000044,0.0038576442141669068,0.019000000000000017,0.006769495641293415,0.030000000000000027,0.569856961076327,-0.01100000000000001
1621,3B004C4B80,86-2025-02-07,2025-02-07 09:53:02.271,0.0789140624562764,0.007520894159333213,0.05600000000000005,0.0037572661164468725,0.03100000000000014,0.003960904996970122,0.02499999999999991,0.9485877897402178,0.006000000000000227
1622,3B0018C2F6,89-2025-02-07,2025-02-07 09:55:34.271,0.1571190912084223,0.024787999700667866,0.059,0.014715961243343153,0.03899999999999998,0.010932936763929884,0.020000000000000018,1.3460208872600712,0.01899999999999996
1623,3B0018C2F6,90-2025-02-07,2025-02-07 09:56:38.272,0.1571190912084223,0.02398247213024995,0.06300000000000006,0.01316353843085199,0.040000000000000036,0.011635144884672481,0.02300000000000002,1.131360078566184,0.017000000000000015
1624,3B00182DFC,92-2025-02-07,2025-02-07 10:08:44.272,0.141727543204872,0.0030707463819695047,0.03299999999999992,0.0018652814272867386,0.020999999999999908,0.0013529624213882358,0.01200000000000001,1.3786646234954751,0.008999999999999897
1625,3B0019248A,95-2025-02-07,2025-02-07 10:11:13.273,0.1054396401184419,0.00030911153706187847,0.015000000000000013,0.00016325959535263743,0.008000000000000007,0.00017590344497562795,0.007000000000000006,0.9281205116548891,0.0010000000000000009
1626,3B004C4B80,96-2025-02-07,2025-02-07 10:11:24.272,0.1022693612926606,0.005419788382167958,0.05600000000000005,0.003862296066204912,0.040000000000000036,0.0016996700825773043,0.016000000000000014,2.2723798611247528,0.02400000000000002
1627,3B00484043,99-2025-02-07,2025-02-07 10:12:33.272,0.0933107542597867,0.004087009278239579,0.055999999999999994,0.0022926035037031897,0.032999999999999974,0.0019182838238597064,0.02300000000000002,1.1951325842337182,0.009999999999999953
1628,3B0018C2F6,101-2025-02-07,2025-02-07 10:15:52.269,0.1502153322969774,0.023966145795428363,0.05400000000000005,0.014657011277824776,0.03500000000000014,0.010143079618279106,0.018999999999999906,1.4450257544474951,0.016000000000000236
1629,3B004C4B80,102-2025-02-07,2025-02-07 10:15:54.270,0.1035182591826658,0.00023314399487534915,0.014999999999999958,0.00012725578710753177,0.007000000000000006,0.000128590396100772,0.007999999999999952,0.9896212389594451,-0.0009999999999999454
1630,3B0018C2F6,104-2025-02-07,2025-02-07 10:21:09.267,0.1571190912084223,0.025182459818379153,0.049000000000000044,0.015870219117543827,0.03200000000000003,0.010200749999086909,0.017000000000000015,1.5557894389103157,0.015000000000000013
1631,01103FD532,106-2025-02-07,2025-02-07 10:25:53.264,0.1643931249202574,0.020796351664561365,0.05900000000000016,0.013672389616817689,0.04100000000000015,0.007768074266700973,0.018000000000000016,1.7600745239301403,0.02300000000000013
1632,3B00484043,107-2025-02-07,2025-02-07 10:26:47.264,0.0897670413010332,0.0038301403591703533,0.07899999999999974,0.0023411374403781286,0.04899999999999993,0.001588535730561326,0.029999999999999805,1.4737707155953381,0.019000000000000128
1633,3B004C4B80,110-2025-02-07,2025-02-07 10:33:37.261,0.1035182591826658,0.0006004165384571158,0.020000000000000018,0.0003087204990493159,0.009000000000000008,0.00033786704102696123,0.01100000000000001,0.9137336927299768,-0.0020000000000000018
1634,3B0018A99B,111-2025-02-07,2025-02-07 10:33:52.260,0.0953464577083411,0.0039976836038599995,0.03400000000000003,0.0022500826167594764,0.019000000000000017,0.0019330357596009501,0.015000000000000013,1.1640149984726493,0.0040000000000000036
1635,01103FD532,114-2025-02-07,2025-02-07 10:38:54.259,0.1643931249202574,0.027192453536160066,0.050000000000000044,0.012399562350747122,0.02400000000000002,0.015607236100717027,0.026000000000000023,0.7944752210276015,-0.0020000000000000018
1636,3B0019248A,116-2025-02-07,2025-02-07 10:39:40.260,0.1054396401184419,0.005496538574031852,0.040999999999999925,0.0033495184953835078,0.02499999999999991,0.002342552967555986,0.016000000000000014,1.4298581683205656,0.008999999999999897
1637,3B004CDB63,117-2025-02-07,2025-02-07 10:41:29.259,0.0920437540265748,0.01005320116346319,0.05699999999999994,0.005664583616837206,0.03699999999999992,0.004755340796526851,0.020000000000000018,1.1912045548816264,0.016999999999999904
1638,011016B2E1,119-2025-02-07,2025-02-07 10:42:46.260,0.0984485607442597,0.0004338800509700119,0.0129999999999999,0.00024266747262866918,0.006000000000000005,0.00023994746196861515,0.006999999999999895,1.0113358592657662,-0.0009999999999998899
1639,3B0018C2F6,120-2025-02-07,2025-02-07 10:42:54.259,0.1571190912084223,0.025099365569973213,0.051999999999999935,0.014364830488252319,0.031000000000000028,0.011611839182534998,0.020999999999999908,1.237084863339996,0.01000000000000012
1640,3B001857EE,121-2025-02-07,2025-02-07 10:43:05.259,0.10256506244428,0.005037775332716732,0.04400000000000004,0.002631458672549007,0.02400000000000002,0.0025806756267445735,0.020000000000000018,1.019678197940938,0.0040000000000000036
1641,01103FD532,122-2025-02-07,2025-02-07 10:43:09.260,0.1643931249202574,0.027396145268044736,0.05599999999999983,0.0122900292996462,0.027999999999999803,0.01585423428335649,0.028000000000000025,0.77518908072073,-2.220446049250313e-16
1642,011016B2E1,129-2025-02-07,2025-02-07 10:50:01.259,0.0947466639725472,0.014966258004212748,0.04700000000000015,0.006656094228391897,0.02200000000000002,0.008815502166417681,0.025000000000000133,0.75504425076861,-0.0030000000000001137
1643,3B004AB6A7,131-2025-02-07,2025-02-07 10:51:57.259,0.1025863851846929,5.755680224637183e-06,0.0030000000000001137,3.2850041951048847e-06,0.0009999999999998899,4.39740912488179e-06,0.002000000000000224,0.7470317411489865,-0.001000000000000334
1644,3B001816CC,134-2025-02-07,2025-02-07 10:52:57.259,0.0980675475768424,0.00020990829384930624,0.02300000000000002,0.0001145291390920496,0.01200000000000001,0.00010923633623141104,0.01100000000000001,1.0484527680370574,0.0010000000000000009
1645,3B00484043,135-2025-02-07,2025-02-07 10:53:12.260,0.0905691395710147,0.003831702056601664,0.07599999999999996,0.002569162923357706,0.04999999999999993,0.0013445732803514592,0.026000000000000023,1.9107645235119877,0.02399999999999991
1646,3B0018C2F6,136-2025-02-07,2025-02-07 10:54:29.259,0.1571190912084223,0.019994843226277717,0.05799999999999983,0.012980522623484715,0.04299999999999993,0.007819583156853712,0.014999999999999902,1.6600018649469237,0.028000000000000025
1647,01103FD532,138-2025-02-07,2025-02-07 10:56:12.260,0.1642306495346784,0.002673690019005357,0.041999999999999926,0.0018632701602546862,0.03300000000000003,0.0009449647890979531,0.008999999999999897,1.9717879245356131,0.024000000000000132
1648,3B0049A710,141-2025-02-07,2025-02-07 11:00:16.260,0.096856516990455,0.004338714787639365,0.06400000000000006,0.002431040206645615,0.03499999999999992,0.002056662978988865,0.029000000000000137,1.1820313933208484,0.005999999999999783
1649,3B00182DFC,144-2025-02-07,2025-02-07 11:00:40.259,0.141727543204872,0.0032421945135072934,0.03400000000000003,0.002080025555335051,0.02200000000000002,0.0013065872594085893,0.01200000000000001,1.5919530367046049,0.010000000000000009
1650,01103FB89E,151-2025-02-07,2025-02-07 11:05:05.260,0.1004212577730306,0.004033812715272382,0.05700000000000016,0.0021010191332098385,0.03200000000000003,0.0020561796259405416,0.025000000000000133,1.021807193643788,0.006999999999999895
1651,3B001857EE,154-2025-02-07,2025-02-07 11:05:58.260,0.10256506244428,0.004241663866446556,0.041999999999999815,0.002439416909386292,0.02499999999999991,0.001957239334008674,0.016999999999999904,1.2463559601523322,0.008000000000000007
1652,3B0018C2F6,156-2025-02-07,2025-02-07 11:21:45.257,0.1571190912084223,0.024583781943902313,0.055999999999999994,0.015508832157561998,0.03799999999999998,0.009890913632765157,0.018000000000000016,1.5679878253295663,0.019999999999999962
1653,3B0018C6F9,157-2025-02-07,2025-02-07 11:22:05.257,0.0932932097646788,0.013140780449421505,0.04400000000000004,0.0076135201910723874,0.025000000000000355,0.006000630856723937,0.018999999999999684,1.2687866280828033,0.0060000000000006715
1654,3B0018C2F6,159-2025-02-07,2025-02-07 11:25:57.256,0.1571190912084223,0.025852342417284204,0.062,0.016694620729994968,0.043999999999999984,0.010004644951951963,0.018000000000000016,1.6686869759168967,0.025999999999999968
1655,01103F88A1,160-2025-02-07,2025-02-07 11:27:19.256,0.1018113453683149,0.01359623550984206,0.05599999999999983,0.005584661197591483,0.02499999999999991,0.008408760584563347,0.030999999999999917,0.6641479610971093,-0.006000000000000005
1656,01103F97C4,162-2025-02-07,2025-02-07 11:29:02.257,0.1598146914690822,0.026641731504454688,0.05299999999999999,0.015531069209307866,0.03199999999999997,0.011982125713310888,0.02100000000000002,1.2961864681535158,0.010999999999999954
1657,3B001877B5,163-2025-02-07,2025-02-07 11:29:08.255,0.1717600361561726,0.030070185249173553,0.05500000000000016,0.012697556697458541,0.026000000000000023,0.018209214987632814,0.029000000000000137,0.6973148873294298,-0.0030000000000001137
1658,3B0019B8CC,164-2025-02-07,2025-02-07 11:29:44.256,0.159959731469869,0.026411530139408605,0.05499999999999999,0.010340946237526925,0.024999999999999967,0.0167663154232791,0.030000000000000027,0.6167691574720761,-0.00500000000000006
1659,01103F97C4,166-2025-02-07,2025-02-07 11:30:29.255,0.1622605220093338,0.026141630194601213,0.05500000000000005,0.0156081998798993,0.03400000000000003,0.011385372767402202,0.02100000000000002,1.3708993283546762,0.013000000000000012
1660,3B001877B5,167-2025-02-07,2025-02-07 11:31:30.256,0.1717600361561726,0.02718121868041602,0.07500000000000018,0.016382845281418083,0.053999999999999826,0.011624711254141036,0.02100000000000035,1.4093120184453676,0.032999999999999474
1661,3B0018C2F6,168-2025-02-07,2025-02-07 11:31:36.255,0.1571190912084223,0.026128682024994566,0.052999999999999936,0.015205760739936156,0.03200000000000003,0.011833499476776147,0.020999999999999908,1.2849758239122961,0.01100000000000012
1662,3B0018C2F6,169-2025-02-07,2025-02-07 11:32:12.255,0.1571190912084223,0.024788573556511657,0.04899999999999993,0.015815943427765357,0.03200000000000003,0.009847616231628574,0.016999999999999904,1.606068215470025,0.015000000000000124
1663,3B0019248A,174-2025-02-07,2025-02-07 11:34:50.256,0.1054396401184419,1.227237196906303e-06,0.0020000000000000018,7.679239036147978e-07,0.0010000000000000009,1.0198238533656035e-06,0.0010000000000000009,0.7529966092482635,0.0
1664,3B00186448,177-2025-02-07,2025-02-07 11:35:32.256,0.1674190821650436,0.029013552476114417,0.08399999999999996,0.011474748755480263,0.05499999999999999,0.018311226093886957,0.02899999999999997,0.6266510334505131,0.026000000000000023
1665,3B0019B8CC,178-2025-02-07,2025-02-07 11:35:43.255,0.159959731469869,0.024867043616839102,0.05800000000000005,0.0151193337193147,0.03700000000000003,0.010420229407660771,0.02100000000000002,1.450959775242494,0.016000000000000014
1666,01103F97C4,181-2025-02-07,2025-02-07 11:36:15.254,0.1606507348752453,0.0286045564546242,0.07599999999999985,0.012164079358927452,0.04699999999999993,0.017251557239281436,0.028999999999999915,0.7051003680543166,0.018000000000000016
1667,3B001877B5,182-2025-02-07,2025-02-07 11:36:19.255,0.1717600361561726,0.02897277394268716,0.05899999999999994,0.013705679016845435,0.030999999999999917,0.015999596735663788,0.028000000000000025,0.8566265289858768,0.0029999999999998916
1668,3B00186448,183-2025-02-07,2025-02-07 11:36:35.255,0.1673790727222409,0.030118957532161494,0.05699999999999994,0.015176411472651304,0.030000000000000027,0.015734308299117792,0.026999999999999913,0.9645426531716194,0.0030000000000001137
1669,3B0019B8CC,184-2025-02-07,2025-02-07 11:37:26.256,0.159959731469869,0.024883819780681965,0.055999999999999994,0.013103378698006417,0.03199999999999997,0.012491916712277135,0.02400000000000002,1.0489486121155718,0.007999999999999952
1670,3B00186448,185-2025-02-07,2025-02-07 11:37:51.254,0.1674190821650436,0.029659404972142978,0.052000000000000046,0.013690964138472777,0.026000000000000023,0.016814731288371798,0.026000000000000023,0.8142243788302904,0.0
1671,3B0018C2F6,186-2025-02-07,2025-02-07 11:38:00.254,0.1571190912084223,0.024809259407088665,0.07299999999999995,0.016101467400690763,0.05499999999999994,0.009524150731882751,0.018000000000000016,1.6905935084363997,0.03699999999999992
1672,3B0018A99B,189-2025-02-07,2025-02-07 11:41:30.254,0.0953464577083411,0.004114366040767434,0.03300000000000003,0.0025080775240190283,0.020000000000000018,0.00180169736119177,0.013000000000000012,1.3920637161615248,0.007000000000000006
1673,3B0049A710,190-2025-02-07,2025-02-07 11:43:19.256,0.1098409808915892,0.013527298571318768,0.051000000000000045,0.005895780531342911,0.025000000000000022,0.008057853413470942,0.026000000000000023,0.7316812839367958,-0.0010000000000000009
1674,3B0049A710,191-2025-02-07,2025-02-07 11:44:28.255,0.109926700127394,0.013233405282954335,0.08899999999999997,0.005188255460135876,0.054999999999999716,0.008597971928197503,0.03400000000000025,0.6034278203585102,0.020999999999999464
1675,3B00182DFC,192-2025-02-07,2025-02-07 11:44:41.255,0.141727543204872,0.012060910850305293,0.04300000000000004,0.005395090976766143,0.020000000000000018,0.007078274641441326,0.02300000000000002,0.7622042446868885,-0.0030000000000000027
1676,3B001857EE,194-2025-02-07,2025-02-07 11:46:57.255,0.10256506244428,0.004122192197285308,0.04700000000000004,0.0026689234403321125,0.03200000000000003,0.0015968100907452747,0.015000000000000013,1.6714094279592466,0.017000000000000015
1677,3B0019B8CC,195-2025-02-07,2025-02-07 11:47:33.254,0.159959731469869,0.0246935603738607,0.052000000000000046,0.011184480145625073,0.025000000000000022,0.014189530480191146,0.027000000000000024,0.7882205941372633,-0.0020000000000000018
1678,3B004CD4DE,198-2025-02-07,2025-02-07 11:51:06.255,0.1039052092457154,0.010784376505490694,0.07299999999999995,0.005754146469818031,0.04499999999999993,0.0053406011634317555,0.028000000000000025,1.077434223925559,0.016999999999999904
1679,3B00186448,199-2025-02-07,2025-02-07 11:51:12.255,0.1674190821650436,0.02927566435499824,0.05399999999999994,0.014481345529427876,0.029000000000000026,0.015607661156140833,0.02499999999999991,0.9278357201988712,0.004000000000000115
1680,3B004C0894,202-2025-02-07,2025-02-07 11:52:39.255,0.114762175982298,0.012135261765446114,0.04399999999999982,0.0069530270640139,0.026000000000000023,0.005658388441616059,0.017999999999999794,1.2287998845883559,0.00800000000000023
1681,3B004C4B80,204-2025-02-07,2025-02-07 11:53:53.256,0.1035211193976095,0.012208948943345245,0.050000000000000044,0.007624393423285644,0.03200000000000003,0.004991709157072258,0.018000000000000016,1.5274113902416362,0.014000000000000012
1682,3B00186448,206-2025-02-07,2025-02-07 11:54:01.255,0.1636579320530396,0.030359548849878328,0.05400000000000005,0.012819201010168006,0.02499999999999991,0.018392116236211037,0.029000000000000137,0.6969943450514475,-0.004000000000000226
1683,3B0019B8CC,207-2025-02-07,2025-02-07 11:54:30.256,0.159959731469869,0.022111029256376313,0.07899999999999996,0.010772308443610025,0.05499999999999994,0.01200915281044735,0.02400000000000002,0.8970081914719801,0.030999999999999917
1684,01103F97C4,209-2025-02-07,2025-02-07 11:55:38.255,0.1598146914690822,0.027072591026649603,0.05300000000000016,0.01617312399991128,0.03200000000000003,0.01174499361696041,0.02100000000000013,1.3770228002981975,0.010999999999999899
1685,01103F88A1,215-2025-02-07,2025-02-07 12:00:18.256,0.1042908714438695,0.014076266965067929,0.04899999999999993,0.00564084485287596,0.020999999999999908,0.008872295202782425,0.028000000000000025,0.6357819170745067,-0.007000000000000117
1686,3B001857EE,218-2025-02-07,2025-02-07 12:06:01.257,0.10256506244428,0.006363938364628927,0.038999999999999924,0.0037997115266752463,0.02299999999999991,0.0028071204897479577,0.016000000000000014,1.353597588900222,0.006999999999999895
1687,3B00192E1E,219-2025-02-07,2025-02-07 12:06:56.256,0.1013994993325588,-0.0008649788158605331,0.05699999999999994,-0.0008993878907851027,0.052999999999999936,4.888954340413758e-05,0.0040000000000000036,-18.39632420680342,0.04899999999999993
1688,3B0019B8CC,224-2025-02-07,2025-02-07 12:09:10.257,0.159959731469869,0.005104376017489193,0.09400000000000008,0.0016111759234365382,0.04400000000000004,0.0036172441250064513,0.050000000000000044,0.44541531280631075,-0.006000000000000005
1689,3B004CD4DE,225-2025-02-07,2025-02-07 12:11:03.258,0.1039052092457154,0.006493627904773942,0.04100000000000015,0.004126782788088372,0.026000000000000023,0.002609240104435172,0.015000000000000124,1.581603310892581,0.010999999999999899
1690,3B00186448,228-2025-02-07,2025-02-07 12:12:38.256,0.1533872419650833,0.026710179657839787,0.05500000000000016,0.020030312557115623,0.040000000000000036,0.0074466644395970935,0.015000000000000124,2.689836868518729,0.02499999999999991
1691,3B00182DFC,234-2025-02-07,2025-02-07 12:17:57.256,0.141727543204872,0.003292570140673862,0.037000000000000144,0.0021339441803246133,0.025000000000000133,0.0012995882447517043,0.01200000000000001,1.6420156068219274,0.013000000000000123
1692,3B004C0894,235-2025-02-07,2025-02-07 12:19:45.256,0.1006893104307619,0.006764215625825309,0.04400000000000004,0.004212820440456427,0.026999999999999913,0.002784339929330563,0.017000000000000126,1.5130409890251126,0.009999999999999787
1693,3B00182DFC,236-2025-02-07,2025-02-07 12:20:09.256,0.141727543204872,0.013084351633163493,0.04600000000000004,0.00595237818052019,0.02200000000000002,0.0075515046272437445,0.02400000000000002,0.788237374449279,-0.0020000000000000018
1694,3B00182DFC,238-2025-02-07,2025-02-07 12:21:09.254,0.141727543204872,0.011948582164417708,0.04899999999999993,0.006427616939381063,0.028000000000000025,0.005906989591444195,0.020999999999999908,1.0881375089421108,0.007000000000000117
1695,01103F97C4,242-2025-02-07,2025-02-07 12:22:26.255,0.1598146914690822,0.02963212902081101,0.052000000000000046,0.01228940029751053,0.02400000000000002,0.01819687264519011,0.028000000000000025,0.6753578231344565,-0.0040000000000000036
1696,3B0018C2F6,243-2025-02-07,2025-02-07 12:22:31.254,0.1571190912084223,0.02642093604643232,0.049000000000000155,0.017766061856016684,0.03200000000000003,0.009505163157786087,0.017000000000000126,1.8690959388176036,0.014999999999999902
1697,3B001857EE,245-2025-02-07,2025-02-07 12:23:56.253,0.10256506244428,0.005664574074474402,0.040000000000000036,0.003510251969918993,0.025000000000000022,0.0023816594661566102,0.015000000000000013,1.4738681242216558,0.010000000000000009
1698,3B0019B8CC,247-2025-02-07,2025-02-07 12:24:38.254,0.159959731469869,0.02560998368110281,0.06000000000000005,0.014539294148101064,0.03699999999999992,0.01177053510850499,0.02300000000000013,1.235227966619416,0.01399999999999979
1699,3B001877B5,249-2025-02-07,2025-02-07 12:24:51.254,0.1717600361561726,0.029993110615454517,0.05799999999999983,0.01230428979108375,0.026999999999999913,0.018456515083022224,0.030999999999999917,0.6666637626732805,-0.0040000000000000036
1700,01103F97C4,250-2025-02-07,2025-02-07 12:24:56.254,0.1598146914690822,0.01104902991836024,0.051000000000000156,0.007394573600427031,0.03500000000000014,0.004000096997781969,0.016000000000000014,1.848598572616434,0.019000000000000128
1701,3B004C0894,252-2025-02-07,2025-02-07 12:25:24.254,0.114762175982298,0.004866404752713144,0.03500000000000014,0.0025995688853309986,0.019000000000000128,0.0024723157050639327,0.016000000000000014,1.0514712502155041,0.0030000000000001137
1702,3B00186448,253-2025-02-07,2025-02-07 12:25:53.255,0.1467076515614108,0.025271069724165734,0.06999999999999995,0.018034517222402496,0.05500000000000005,0.008033266205952709,0.014999999999999902,2.2449794093763242,0.04000000000000015
1703,3B001877B5,254-2025-02-07,2025-02-07 12:26:20.255,0.1717600361561726,0.028309561927066806,0.061000000000000165,0.018760394517936183,0.04100000000000015,0.010253448428769572,0.020000000000000018,1.8296668333843131,0.02100000000000013
1704,3B0018C2F6,255-2025-02-07,2025-02-07 12:26:29.254,0.1571190912084223,0.024876950802620704,0.051000000000000045,0.01588782869868868,0.03500000000000003,0.00989197147795358,0.016000000000000014,1.6061336947946299,0.019000000000000017
1705,01103FB89E,256-2025-02-07,2025-02-07 12:26:38.253,0.1780951229652416,0.009801776112093617,0.03999999999999998,0.00605291439518006,0.026000000000000023,0.004190763063324635,0.013999999999999957,1.444346603164469,0.012000000000000066
1706,01103FB89E,257-2025-02-07,2025-02-07 12:28:05.254,0.1780951229652416,0.004086746693458445,0.037000000000000144,0.002608547106606503,0.02400000000000002,0.0016426187553112176,0.013000000000000123,1.5880417158102376,0.010999999999999899
1707,3B004CD4DE,258-2025-02-07,2025-02-07 12:28:07.254,0.1039052092457154,0.012256015028731089,0.07800000000000001,0.006938798298384673,0.04999999999999999,0.005631201366778132,0.028000000000000025,1.2322056780495985,0.021999999999999964
1708,3B004C0894,259-2025-02-07,2025-02-07 12:36:11.253,0.099450663123039,0.006146932485587311,0.03600000000000003,0.0031455055815677513,0.018000000000000238,0.003259388348462262,0.017999999999999794,0.9650600803834133,4.440892098500626e-16
1709,3B00192E1E,260-2025-02-07,2025-02-07 12:36:41.252,0.1013994993325588,0.0027007210288727056,0.03300000000000014,0.0013955866650313049,0.017000000000000126,0.0014336505931621321,0.016000000000000014,0.973449647834434,0.001000000000000112
1710,01103FB89E,262-2025-02-07,2025-02-07 12:36:53.252,0.1780951229652416,0.002495912289518543,0.02699999999999997,0.0016106672267145992,0.017000000000000015,0.0010343227154612882,0.009999999999999953,1.557219234034005,0.007000000000000062
1711,3B0019B8CC,263-2025-02-07,2025-02-07 12:37:59.254,0.159959731469869,0.021813847896710956,0.05300000000000005,0.01271562935035221,0.031000000000000028,0.009801659752673917,0.02200000000000002,1.2972934861244654,0.009000000000000008
1712,3B004AB6A7,264-2025-02-07,2025-02-07 12:46:56.252,0.1074966110993834,0.004325986477111389,0.07500000000000018,0.002693258173130714,0.05500000000000016,0.001759895233813684,0.020000000000000018,1.5303514217118694,0.03500000000000014
1713,3B0049A710,265-2025-02-07,2025-02-07 13:02:14.255,0.0992186869007843,0.015241497770661793,0.08299999999999996,0.005828843494363367,0.05499999999999994,0.009905825694892973,0.028000000000000025,0.5884258085995269,0.026999999999999913
1714,3B0019B8CC,266-2025-02-07,2025-02-07 13:03:33.255,0.159959731469869,0.026537921400049316,0.05500000000000005,0.010482687747023302,0.025000000000000022,0.01678486435207204,0.030000000000000027,0.6245321694082827,-0.0050000000000000044
1715,3B0049A710,267-2025-02-07,2025-02-07 13:03:48.255,0.0984716100318173,0.012151714888558526,0.056999999999999496,0.007553003515116204,0.0389999999999997,0.0050375207438684575,0.017999999999999794,1.4993493623444685,0.020999999999999908
1716,3B0018A99B,268-2025-02-07,2025-02-07 13:04:21.256,0.0953464577083411,0.004410443708031392,0.039000000000000146,0.0027605259881323045,0.025000000000000133,0.001837754156966997,0.014000000000000012,1.5021193001615825,0.01100000000000012
1717,01103F88A1,269-2025-02-07,2025-02-07 13:04:37.255,0.1045478541947553,0.013794261272503697,0.04800000000000004,0.004960869725234695,0.018000000000000016,0.009270427379957029,0.030000000000000027,0.5351284813427545,-0.01200000000000001
1718,3B0018C2F6,270-2025-02-07,2025-02-07 13:04:46.255,0.1571190912084223,0.02384944769460434,0.052999999999999936,0.014615680578604908,0.03299999999999992,0.01003945284206385,0.020000000000000018,1.4558244167816923,0.0129999999999999
1719,3B0049A710,272-2025-02-07,2025-02-07 13:05:02.255,0.0990639464739461,0.004748089130841697,0.05900000000000005,0.003095154860517814,0.041000000000000036,0.0018017385323897208,0.018000000000000016,1.7178712698188128,0.02300000000000002
1720,3B00192E1E,273-2025-02-07,2025-02-07 13:08:17.256,0.1013994993325588,0.0122517297075872,0.05600000000000005,0.004613902090141389,0.025000000000000022,0.007975121825069424,0.031000000000000028,0.5785368789775477,-0.006000000000000005
1721,3B0019B8CC,275-2025-02-07,2025-02-07 13:09:19.256,0.159959731469869,0.025123590707785706,0.06099999999999994,0.010944985124982575,0.030000000000000027,0.014799362911066316,0.030999999999999917,0.7395578573722518,-0.0009999999999998899
1722,011016B2E1,276-2025-02-07,2025-02-07 13:09:32.254,0.0984485607442597,7.875363715535517e-05,0.049000000000000155,-0.0001763878435237114,0.04100000000000015,0.0003119189285089933,0.008000000000000007,-0.565492592472232,0.03300000000000014
1723,011016B2E1,281-2025-02-07,2025-02-07 13:15:32.253,0.0984485607442597,0.00010953395056280742,0.008999999999999897,5.5772098172393616e-05,0.0040000000000000036,7.170092900329631e-05,0.004999999999999893,0.777843452625692,-0.0009999999999998899
1724,3B0019B8CC,284-2025-02-07,2025-02-07 13:19:31.253,0.1607812089799629,0.021966654147478254,0.04400000000000004,0.01256447376094513,0.025000000000000355,0.010152979632171247,0.018999999999999684,1.2375159033248426,0.0060000000000006715
1725,3B004ACEEA,285-2025-02-07,2025-02-07 13:23:15.252,0.0928794846423731,0.012205470302709019,0.04599999999999982,0.00795205486460182,0.030999999999999917,0.004730031800076693,0.014999999999999902,1.6811842289248216,0.016000000000000014
1726,3B004C4B80,286-2025-02-07,2025-02-07 13:24:57.251,0.1035182591826658,0.006833079043847277,0.061000000000000165,0.005076642058446078,0.04600000000000004,0.001938265287748249,0.015000000000000124,2.619167814919593,0.030999999999999917
1727,3B004ACEEA,293-2025-02-07,2025-02-07 13:28:04.250,0.0928794846423731,0.013623230209736447,0.04700000000000004,0.007967326918450153,0.029000000000000026,0.006158128717172493,0.018000000000000016,1.2937902542102684,0.01100000000000001
1728,3B0019B8CC,294-2025-02-07,2025-02-07 13:28:12.250,0.159959731469869,0.024148819220603947,0.05600000000000005,0.014751298399707525,0.03499999999999992,0.010049444717612996,0.02100000000000013,1.4678719883750295,0.01399999999999979
1729,3B0018C2F6,295-2025-02-07,2025-02-07 13:28:32.250,0.1355425787968767,0.028421534079861126,0.051000000000000156,0.017129835474817907,0.03300000000000036,0.012311197501829121,0.017999999999999794,1.3914028649343708,0.015000000000000568
1730,3B00192E1E,296-2025-02-07,2025-02-07 13:31:36.251,0.0801343395857239,0.0009278613144696819,0.06499999999999995,0.0006891316744908424,0.052999999999999936,0.0002686059861762473,0.01200000000000001,2.565585690404773,0.040999999999999925
1731,3B004ACEEA,303-2025-02-07,2025-02-07 13:40:11.247,0.0928794846423731,0.013219158229143288,0.051999999999999824,0.007645535716396668,0.03200000000000003,0.006017373110156726,0.019999999999999796,1.2705769737781036,0.012000000000000233
1732,3B0018C2F6,304-2025-02-07,2025-02-07 13:40:36.248,0.1571190912084223,0.022462403242561855,0.05300000000000016,0.014753129886936864,0.03600000000000003,0.008490694523162269,0.017000000000000126,1.7375645592584832,0.018999999999999906
1733,3B0018A99B,305-2025-02-07,2025-02-07 13:41:24.247,0.0921742621255533,0.004201604864891521,0.030999999999999694,0.002400917573621575,0.017000000000000348,0.0020109215141569997,0.013999999999999346,1.1939389760957757,0.003000000000001002
1734,3B0018A99B,307-2025-02-07,2025-02-07 13:43:07.246,0.0930447314300568,0.0037775908764677633,0.03200000000000003,0.0022816496991910525,0.019000000000000128,0.001683661348093436,0.0129999999999999,1.3551713958242098,0.006000000000000227
1735,3B0019B8CC,309-2025-02-07,2025-02-07 13:49:12.248,0.159959731469869,0.026331691125601225,0.06999999999999995,0.012084178258012156,0.04299999999999993,0.014965942376477272,0.027000000000000024,0.8074451948315309,0.015999999999999903
1736,3B0018C2F6,313-2025-02-07,2025-02-07 13:54:37.246,0.1571190912084223,0.022473087183617096,0.07299999999999995,0.01421692619373196,0.05499999999999994,0.009033016927842653,0.018000000000000016,1.5738845955121414,0.03699999999999992
1737,01103F88A1,315-2025-02-07,2025-02-07 14:03:30.247,0.1629215913617951,5.41815944792785e-05,0.006000000000000227,3.2452252771165897e-05,0.0030000000000001137,3.3750006576807906e-05,0.0030000000000001137,0.9615480428814556,0.0
1738,3B004C4B80,318-2025-02-07,2025-02-07 14:05:23.248,0.0866017828274829,0.003414416545596398,0.04599999999999993,0.0022312381531555863,0.03199999999999992,0.001317211258956791,0.014000000000000012,1.6939106297365611,0.017999999999999905
1739,3B004ACEEA,319-2025-02-07,2025-02-07 14:06:04.248,0.0928794846423731,0.00029033235339550825,0.016999999999999904,0.0001929969803477412,0.010999999999999677,0.00012057182685349912,0.006000000000000227,1.6006805684568612,0.004999999999999449
1740,3B0019B8CC,320-2025-02-07,2025-02-07 14:06:19.247,0.159959731469869,0.025639203136972318,0.052999999999999936,0.011535196377563617,0.026000000000000023,0.014818012067450806,0.026999999999999913,0.7784577529736117,-0.0009999999999998899
1741,3B0018C2F6,321-2025-02-07,2025-02-07 14:07:19.247,0.1619695620466411,0.027819778840663688,0.06699999999999995,0.01625571204061832,0.04499999999999993,0.012369695598310733,0.02200000000000002,1.3141561901360193,0.02299999999999991
1742,3B0018A99B,322-2025-02-07,2025-02-07 14:07:33.247,0.0953464577083411,0.007442589896212334,0.08599999999999985,0.003145615052044767,0.054999999999999716,0.004649554650332463,0.03100000000000014,0.6765411504131567,0.023999999999999577
1743,3B0018A99B,323-2025-02-07,2025-02-07 14:09:57.247,0.0953464577083411,0.0029121367342311356,0.029000000000000137,0.0017648151543688457,0.018000000000000016,0.0013095683018575894,0.01100000000000012,1.3476312399021115,0.006999999999999895
1744,3B004C4B80,324-2025-02-07,2025-02-07 14:10:02.246,0.1035182591826659,0.0024775148378585006,0.025999999999999968,0.001531646571155412,0.01599999999999996,0.0010995025703872676,0.010000000000000009,1.3930359167927495,0.00599999999999995
1745,3B00199DE5,325-2025-02-07,2025-02-07 14:10:04.247,0.1037487832376309,0.01425489716689725,0.065,0.009643725635016266,0.049000000000000044,0.005074189588860237,0.01599999999999996,1.90054499662131,0.033000000000000085
1746,3B0018C2F6,326-2025-02-07,2025-02-07 14:10:17.248,0.1571190912084223,0.0261326009977422,0.06899999999999995,0.015280395737621057,0.04300000000000015,0.011563113180440983,0.0259999999999998,1.3214776591020367,0.017000000000000348
1747,3B004ACEEA,329-2025-02-07,2025-02-07 14:13:45.247,0.0966990762945911,0.010419394173460328,0.052000000000000046,0.006291513014840863,0.03200000000000003,0.0044692590579534786,0.020000000000000018,1.4077306625679948,0.01200000000000001
1748,3B0018C2F6,332-2025-02-07,2025-02-07 14:23:19.243,0.1571190912084223,0.026038997058130887,0.05800000000000005,0.015263399628252622,0.03600000000000003,0.011647057266987955,0.02200000000000002,1.310494082613873,0.014000000000000012
1749,3B00199DE5,335-2025-02-07,2025-02-07 14:23:38.244,0.1002564882618714,0.003300923211984374,0.066,0.0019303479782062328,0.039000000000000035,0.0014786462632633197,0.02699999999999997,1.3054832830308065,0.012000000000000066
1750,3B001857EE,337-2025-02-07,2025-02-07 14:24:44.243,0.1054705749404586,0.006411085945583917,0.04200000000000004,0.003920103535606004,0.026000000000000023,0.0027161823499740083,0.016000000000000014,1.443240191750571,0.010000000000000009
1751,3B0018C2F6,338-2025-02-07,2025-02-07 14:24:59.242,0.1415783484068366,0.025971077527451546,0.05699999999999994,0.015282296692785592,0.03600000000000003,0.01155853964143567,0.020999999999999908,1.3221650110538876,0.015000000000000124
1752,3B0018A99B,339-2025-02-07,2025-02-07 14:25:05.242,0.0953464577083411,0.01215997289219417,0.04700000000000015,0.005352138029056071,0.020000000000000018,0.007486323742786059,0.027000000000000135,0.7149220649472282,-0.007000000000000117
1753,3B001816CC,340-2025-02-07,2025-02-07 14:25:11.242,0.0980675475768424,0.00626100836617894,0.05199999999999999,0.004128469621176072,0.03500000000000003,0.002327927212337315,0.01699999999999996,1.7734530526970185,0.01800000000000007
1754,3B00182A81,341-2025-02-07,2025-02-07 14:25:15.243,0.0989691687162381,0.004357216763402153,0.062,0.0023836079232165434,0.03600000000000003,0.0021113654314800535,0.025999999999999968,1.128941436511845,0.010000000000000064
1755,3B0019B8CC,344-2025-02-07,2025-02-07 14:31:14.240,0.1634215844552825,0.01017447347377009,0.054999999999999716,0.006948440610901473,0.0389999999999997,0.003533938100348418,0.016000000000000014,1.9662032592524505,0.022999999999999687
1756,3B004CD4DE,346-2025-02-07,2025-02-07 14:34:21.240,0.0998193183804443,0.004084251390654907,0.09199999999999986,0.0017493383788909553,0.04899999999999993,0.002420894674205071,0.04299999999999993,0.7225999534512467,0.006000000000000005
1757,3B00199DE5,347-2025-02-07,2025-02-07 14:34:27.241,0.1002564882618714,0.0036732586252794684,0.038000000000000034,0.002311910435414283,0.02400000000000002,0.0015098144601432364,0.014000000000000012,1.5312546650235102,0.010000000000000009
1758,3B0018C2F6,350-2025-02-07,2025-02-07 14:36:54.240,0.1571190912084223,0.02650772781686352,0.04899999999999993,0.01624607907115729,0.030999999999999917,0.0112314039767476,0.018000000000000016,1.4464869311790032,0.0129999999999999
1759,3B0019B8CC,351-2025-02-07,2025-02-07 14:37:29.241,0.1649156861643424,0.008055106251553404,0.03799999999999981,0.0049163747264604025,0.022999999999999687,0.0034543680609156616,0.015000000000000124,1.4232341892245268,0.007999999999999563
1760,3B004C4B80,352-2025-02-07,2025-02-07 14:41:07.240,0.1083048517491728,0.005985148100651503,0.049000000000000155,0.0045031897090123925,0.03600000000000003,0.0016557012228682385,0.013000000000000123,2.7198081675698313,0.02299999999999991
1761,3B0018C2F6,353-2025-02-07,2025-02-07 14:43:50.238,0.161162307614342,0.025198856885230995,0.05799999999999994,0.014658502559229887,0.03700000000000003,0.011413361916680131,0.020999999999999908,1.2843281993719242,0.016000000000000125
1762,3B004ACEEA,355-2025-02-07,2025-02-07 14:44:49.238,0.0948680345993005,0.014988670840638528,0.07899999999999974,0.007431252410373916,0.054999999999999716,0.008038113510295401,0.02400000000000002,0.9245020490013977,0.030999999999999694
1763,3B0019B8CC,356-2025-02-07,2025-02-07 14:48:41.240,0.159959731469869,0.026864268833769304,0.05499999999999994,0.010363045167254146,0.02400000000000002,0.017215099941323784,0.030999999999999917,0.6019741507499643,-0.006999999999999895
1764,3B0019B8CC,362-2025-02-07,2025-02-07 14:52:26.240,0.1639077174436967,0.020569852477182734,0.07099999999999973,0.01334315064374743,0.054999999999999716,0.007934880771575394,0.016000000000000014,1.6815817436785854,0.0389999999999997
1765,3B001857EE,366-2025-02-07,2025-02-07 14:58:38.240,0.10256506244428,0.007033223834756003,0.04399999999999993,0.004303102177397283,0.027999999999999914,0.0029864309414067464,0.016000000000000014,1.440884541388499,0.0119999999999999
1766,3B001857EE,367-2025-02-07,2025-02-07 14:59:12.239,0.10256506244428,0.005214120670643209,0.04200000000000004,0.0035884974010871582,0.027000000000000024,0.001791131582346705,0.015000000000000013,2.0034806132922856,0.01200000000000001
1767,3B00199DE5,368-2025-02-07,2025-02-07 15:00:12.239,0.1002564882618714,0.0036517251997892305,0.03100000000000014,0.0021055071460821524,0.017999999999999794,0.0017478441251052084,0.013000000000000345,1.20463095984341,0.004999999999999449
1768,011016B2E1,369-2025-02-07,2025-02-07 15:00:43.239,0.0984485607442597,0.004755078789136489,0.07500000000000001,0.0026191976837785153,0.05499999999999999,0.002341399280808712,0.020000000000000018,1.1186463177155554,0.034999999999999976
1769,3B004C4B80,375-2025-02-07,2025-02-07 15:14:42.238,0.1097282328031724,0.005519188817448624,0.06699999999999995,0.0039864829459669866,0.050999999999999934,0.0016706948591672895,0.016000000000000014,2.3861227106151124,0.03499999999999992
1770,3B001857EE,378-2025-02-07,2025-02-07 15:16:58.237,0.10256506244428,0.005869441136837637,0.04600000000000004,0.003761359971576905,0.030000000000000027,0.0023156383446028867,0.016000000000000014,1.6243296283046946,0.014000000000000012
1771,3B004CD4DE,379-2025-02-07,2025-02-07 15:17:01.237,0.1039052092457154,0.004084219319481862,0.09099999999999997,0.001706604517940729,0.05400000000000005,0.0024670688306747675,0.03699999999999992,0.6917539132760864,0.017000000000000126
1772,011016B2E1,381-2025-02-07,2025-02-07 15:17:21.237,0.1019494527802198,0.0019049640935476192,0.08899999999999997,0.0007065188007294047,0.05499999999999994,0.0012638550637199234,0.03400000000000003,0.5590188471848168,0.020999999999999908
1773,3B004C4B80,386-2025-02-07,2025-02-07 15:19:16.237,0.1101773353744288,0.00398214620990996,0.07299999999999995,0.002874437639667985,0.054999999999999716,0.001197127917590447,0.018000000000000238,2.4011115248682784,0.03699999999999948
1774,3B0018C2F6,387-2025-02-07,2025-02-07 15:19:20.236,0.1571190912084223,0.025410764426070945,0.07499999999999996,0.015619069642902057,0.05499999999999994,0.010632381085497057,0.020000000000000018,1.4690095771874674,0.03499999999999992
1775,3B004ACEEA,388-2025-02-07,2025-02-07 15:19:43.237,0.0928794846423731,0.013171971517252608,0.05499999999999994,0.008274732542883148,0.03699999999999992,0.005336995159168724,0.018000000000000016,1.550447826183151,0.018999999999999906
1776,3B0018A99B,389-2025-02-07,2025-02-07 15:20:02.237,0.0953464577083411,-0.0004153180584498307,0.050000000000000044,5.596458253506297e-05,0.0050000000000001155,-0.0004572230954427803,0.04499999999999993,-0.12240104030804962,-0.039999999999999813
1777,011016B2E1,390-2025-02-07,2025-02-07 15:20:14.236,0.1015981778852478,0.004571199839362239,0.043999999999999984,0.002212176770823714,0.02300000000000002,0.002524093756727537,0.020999999999999963,0.8764241680514198,0.0020000000000000573
1778,3B001816CC,391-2025-02-07,2025-02-07 15:20:21.236,0.0957777644332044,0.003967476910858631,0.05899999999999994,0.002464794650403853,0.03699999999999992,0.0016162035141204607,0.02200000000000002,1.5250521539332231,0.014999999999999902
1779,3B0018A99B,394-2025-02-07,2025-02-07 15:23:21.234,0.0953464577083411,-0.0015930498546987929,0.05499999999999999,1.4813289267159192e-05,0.0030000000000000027,-0.0016031425939892277,0.05199999999999999,-0.009240157003313163,-0.04899999999999999
1780,3B004AB6A7,395-2025-02-07,2025-02-07 15:24:27.235,0.1025863851846928,0.00309563212189677,0.03999999999999998,0.0013772899023789407,0.02400000000000002,0.0019219246047370308,0.01599999999999996,0.7166201519998698,0.008000000000000063
1781,3B004C4B80,397-2025-02-07,2025-02-07 15:26:01.234,0.1035182591826659,0.0048296513767052095,0.08699999999999997,0.003031291941066127,0.05400000000000005,0.001897343741710398,0.03299999999999992,1.5976503753260383,0.02100000000000013
1782,3B0049A710,400-2025-02-07,2025-02-07 15:27:14.233,0.1098409808915892,0.0037842648020060287,0.052999999999999936,0.0025161356093955293,0.03699999999999992,0.0013878660375559048,0.016000000000000014,1.812952793215229,0.020999999999999908
1783,3B001857EE,401-2025-02-07,2025-02-07 15:28:54.234,0.0995485236920055,0.0046752662571104674,0.07599999999999996,0.0019347223103602,0.05499999999999994,0.0029783659631172736,0.02100000000000002,0.6495918682656595,0.03399999999999992
1784,3B0049A710,402-2025-02-07,2025-02-07 15:29:01.233,0.101462635460335,0.004543312519799089,0.07199999999999995,0.002934756999839321,0.05499999999999994,0.0017623135032637362,0.017000000000000015,1.6652865647367876,0.03799999999999992
1785,011016B2E1,403-2025-02-07,2025-02-07 15:29:22.236,0.0992696843202265,0.0032994782612711547,0.08900000000000008,0.0013868741133654001,0.05300000000000005,0.0020321434861221986,0.03600000000000003,0.6824685967484894,0.017000000000000015
1786,011016B2E1,404-2025-02-07,2025-02-07 15:29:25.234,0.0984485607442596,0.014854741418015514,0.06,0.006528851451332127,0.03600000000000003,0.008841788478018944,0.023999999999999966,0.7384084642561993,0.012000000000000066
1787,3B0019B8CC,406-2025-02-07,2025-02-07 15:30:10.235,0.1591989564167166,0.005981630890938878,0.10200000000000004,0.0034998543504281714,0.05499999999999999,0.00261289848953304,0.04700000000000004,1.339452858367124,0.007999999999999952
1788,3B0018C2F6,407-2025-02-07,2025-02-07 15:30:49.232,0.1614984154089513,0.02280080065765167,0.05400000000000005,0.013503035789310718,0.03299999999999992,0.010087779187934085,0.02100000000000013,1.338553861831313,0.011999999999999789
1789,3B0049A710,408-2025-02-07,2025-02-07 15:31:32.233,0.1007081233291617,0.004531438205274678,0.06299999999999994,0.003130160070346487,0.04399999999999982,0.001526472326640378,0.019000000000000128,2.0505842233220664,0.02499999999999969
1790,3B0018C2F6,409-2025-02-07,2025-02-07 15:31:43.233,0.1571190912084223,0.028141971706661224,0.05099999999999999,0.01643184615664142,0.031000000000000028,0.012700810200350784,0.019999999999999962,1.2937636180239578,0.011000000000000065
1791,3B004C4B80,411-2025-02-07,2025-02-07 15:32:31.233,0.1035182591826659,0.005794722324940476,0.05799999999999983,0.0044395252269872065,0.04499999999999993,0.0015165048448284796,0.0129999999999999,2.9274718390295202,0.03200000000000003
1792,3B0018C2F6,412-2025-02-07,2025-02-07 15:32:38.232,0.1620425589485088,0.00735312467060063,0.07600000000000051,0.004820240999844291,0.05400000000000027,0.0027467232902189955,0.02200000000000024,1.7549059335569162,0.03200000000000003
1793,3B00484043,414-2025-02-07,2025-02-07 15:33:13.232,0.0950568594075755,0.0041094667526114575,0.08400000000000007,0.0026288536841255457,0.05500000000000016,0.0015700118320086083,0.028999999999999915,1.6744164792454455,0.026000000000000245
1794,3B004C4B80,415-2025-02-07,2025-02-07 15:34:40.232,0.1117537613116015,0.004955371073986677,0.06799999999999984,0.0038838321012450968,0.05499999999999994,0.0011924265808217964,0.0129999999999999,3.257082795461032,0.04200000000000004
1795,3B004CD4DE,416-2025-02-07,2025-02-07 15:38:37.230,0.0983468996891526,0.0037949112856022604,0.052999999999999936,0.001864223505652022,0.027000000000000024,0.002056114923796182,0.025999999999999912,0.9066728148687949,0.001000000000000112
1796,01103F97C4,417-2025-02-07,2025-02-07 15:38:48.231,0.1598146914690822,0.02831648063966303,0.07499999999999998,0.016001984293295773,0.05300000000000002,0.013175435415310738,0.021999999999999964,1.2145317242950768,0.031000000000000055
1797,3B0049A710,419-2025-02-07,2025-02-07 15:39:16.231,0.0997488237027234,0.004287552715597599,0.05899999999999994,0.002287156637273672,0.03399999999999981,0.0021294257832555016,0.025000000000000133,1.0740720128677266,0.008999999999999675
1798,3B0049A710,425-2025-02-07,2025-02-07 15:45:12.230,0.0964970514819403,0.004613691517863099,0.08800000000000008,0.00214902334799914,0.052000000000000046,0.002558669774393539,0.03600000000000003,0.8398986729377791,0.016000000000000014
1799,3B001870F2,427-2025-02-07,2025-02-07 15:46:59.229,0.0995992533275442,0.0038930617105733677,0.07000000000000006,0.0030265046677318886,0.05500000000000005,0.0009508938441957862,0.015000000000000013,3.18279972702057,0.040000000000000036
1800,01103F97C4,430-2025-02-07,2025-02-07 15:47:42.229,0.1598146914690822,0.008898885630683839,0.03499999999999992,0.005169904306432164,0.020999999999999908,0.004147786799326886,0.014000000000000012,1.2464247938855368,0.006999999999999895
1801,3B00182DFC,432-2025-02-07,2025-02-07 15:48:16.230,0.141727543204872,0.0024364043533235025,0.040000000000000036,0.0013574240164417445,0.02100000000000002,0.0011793757691452669,0.019000000000000017,1.1509682087376742,0.0020000000000000018
1802,01103F88A1,434-2025-02-07,2025-02-07 15:48:37.230,0.1089248068395948,0.014391341279845583,0.04899999999999993,0.005959480739329598,0.020999999999999908,0.008888108294118664,0.028000000000000025,0.6705004644546283,-0.007000000000000117
1803,011016B2E1,437-2025-02-07,2025-02-07 15:50:45.231,0.0984485607442597,0.004940682088219161,0.08899999999999997,0.004075127696744498,0.054999999999999716,0.0010565891698747245,0.03400000000000025,3.856870591648852,0.020999999999999464
1804,3B001870F2,438-2025-02-07,2025-02-07 15:50:55.230,0.0994723681059039,0.0015920435556258297,0.08700000000000002,0.0012478750538999434,0.05499999999999999,0.000373553503379176,0.03200000000000003,3.3405524044390664,0.022999999999999965
1805,3B0018C6F9,439-2025-02-07,2025-02-07 15:51:01.229,0.0986842036561584,0.004411325045436188,0.10200000000000004,0.0015613897003033468,0.05499999999999999,0.002944151396105558,0.04700000000000004,0.5303360765919545,0.007999999999999952
1806,011016B2E1,441-2025-02-07,2025-02-07 15:51:54.231,0.0984485607442597,5.363473732648912e-05,0.04600000000000004,-6.59250500039279e-05,0.040000000000000036,0.00015379250984755372,0.006000000000000005,-0.4286622935621238,0.03400000000000003
1807,3B0018C2F6,443-2025-02-07,2025-02-07 15:52:35.230,0.1571190912084223,0.007248410510003029,0.08800000000000008,0.003825393227985443,0.05499999999999994,0.0035858159546876163,0.03300000000000014,1.0668124846130587,0.021999999999999797
1808,3B0049A710,445-2025-02-07,2025-02-07 15:59:30.229,0.1019278404491192,0.014291188765106785,0.05400000000000005,0.0068420953972554086,0.028000000000000025,0.007862932674859826,0.026000000000000023,0.870170924791415,0.0020000000000000018
1809,3B0019B8CC,446-2025-02-07,2025-02-07 15:59:37.229,0.159959731469869,0.023454212720400283,0.05899999999999994,0.014293334039653811,0.038999999999999924,0.009858952644646741,0.020000000000000018,1.4497821984584611,0.018999999999999906
1810,3B00182A81,448-2025-02-07,2025-02-07 16:00:19.231,0.0989691687162381,0.011857105183519543,0.05799999999999994,0.007244061749230963,0.038000000000000034,0.005003131288437277,0.019999999999999907,1.4479055878410976,0.018000000000000127
1811,3B00182A81,450-2025-02-07,2025-02-07 16:01:43.231,0.0989691687162381,0.003233418099240821,0.068,0.0023771019524015053,0.045999999999999985,0.0009265421839239865,0.02200000000000002,2.565562576259909,0.023999999999999966
1812,3B004C5268,451-2025-02-07,2025-02-07 16:01:59.230,0.0926401262269936,0.012916199510293956,0.061,0.007459839192848369,0.040000000000000036,0.00586430635193816,0.020999999999999963,1.2720752882193618,0.019000000000000072
1813,3B00182DFC,452-2025-02-07,2025-02-07 16:02:02.230,0.1073292215400291,0.01478201038719915,0.04899999999999993,0.006966951346078399,0.025000000000000022,0.008282938658568155,0.02399999999999991,0.8411207221571715,0.001000000000000112
1814,3B004CD4DE,453-2025-02-07,2025-02-07 16:03:17.230,0.1039052092457154,0.013440724524774798,0.08499999999999996,0.0037623935750204646,0.05499999999999999,0.010158603926990884,0.02999999999999997,0.3703652196759025,0.025000000000000022
1815,3B00182A81,454-2025-02-07,2025-02-07 16:03:25.231,0.0989691687162381,0.014801595074618288,0.049000000000000044,0.005921157439084073,0.019000000000000017,0.009397112048659622,0.030000000000000027,0.630103951982636,-0.01100000000000001
1816,3B0018C2F6,456-2025-02-07,2025-02-07 16:03:50.230,0.1500981187343072,0.026058775632817357,0.053999999999999826,0.015409101888433025,0.03299999999999992,0.01151292840457139,0.020999999999999908,1.3384172425075271,0.01200000000000001
1817,3B00192E1E,457-2025-02-07,2025-02-07 16:04:27.229,0.099139180027751,0.013469896091144015,0.052000000000000046,0.005806132558448318,0.02400000000000002,0.00805666562364231,0.028000000000000025,0.7206619747765384,-0.0040000000000000036
1818,3B004ACEEA,458-2025-02-07,2025-02-07 16:04:55.230,0.0928794846423731,0.01496165171398592,0.04700000000000015,0.006671322422298461,0.02200000000000002,0.008775351788634343,0.025000000000000133,0.7602341858179432,-0.0030000000000001137
1819,3B001816CC,460-2025-02-07,2025-02-07 16:05:18.229,0.0980675475768424,0.011095261074113835,0.05600000000000005,0.007286525942281927,0.040000000000000036,0.004195048465421921,0.016000000000000014,1.7369348655544263,0.02400000000000002
1820,3B001816CC,461-2025-02-07,2025-02-07 16:06:53.229,0.0980675475768424,0.0121345216454715,0.05099999999999999,0.008265531552430875,0.035999999999999976,0.004310825221871255,0.015000000000000013,1.917389624263855,0.020999999999999963
1821,3B0018C2F6,462-2025-02-07,2025-02-07 16:07:27.229,0.1571190912084223,0.028040821455715154,0.05600000000000005,0.017765535260911923,0.037000000000000144,0.011133202697184978,0.018999999999999906,1.5957254838631407,0.018000000000000238
1822,01103F88A1,463-2025-02-07,2025-02-07 16:07:53.229,0.1629215913617951,0.011109977963923694,0.04700000000000004,0.005566765912787092,0.02300000000000002,0.005913579816059484,0.02400000000000002,0.9413529682425946,-0.0010000000000000009
1823,3B001816CC,465-2025-02-07,2025-02-07 16:08:24.229,0.0947815923790624,0.012237556572914582,0.052000000000000046,0.007573620235919253,0.03400000000000003,0.005074745112087125,0.018000000000000016,1.492413918066596,0.016000000000000014
1824,3B0018A99B,466-2025-02-07,2025-02-07 16:08:28.228,0.0964764741878396,0.011458592591599774,0.062000000000000055,0.007464735815052623,0.04600000000000004,0.004406328660753488,0.016000000000000014,1.6940941971805035,0.030000000000000027
1825,3B0018A99B,467-2025-02-07,2025-02-07 16:12:14.229,0.0953204303717614,0.01149608124867223,0.05500000000000016,0.007294566632161533,0.038000000000000034,0.004607907781545108,0.017000000000000126,1.5830539537654427,0.020999999999999908
1826,3B004CD4DE,469-2025-02-07,2025-02-07 16:12:40.228,0.1039052092457154,0.013817568117430979,0.04899999999999999,0.008264891790621818,0.030999999999999972,0.006051226260405865,0.018000000000000016,1.3658209815587823,0.012999999999999956
1827,3B0019B8CC,471-2025-02-07,2025-02-07 16:13:21.228,0.1646003089967578,0.025031904358778743,0.052999999999999936,0.012168578979211076,0.02799999999999958,0.013600096567725742,0.025000000000000355,0.8947421011765617,0.0029999999999992255
1828,3B0018C2F6,473-2025-02-07,2025-02-07 16:14:03.229,0.1650791477836219,0.02545512859613102,0.07899999999999996,0.014661601118316782,0.05499999999999994,0.011581444593970274,0.02400000000000002,1.2659561593853457,0.030999999999999917
1829,3B0049A710,475-2025-02-07,2025-02-07 16:14:21.227,0.1005675052295426,0.014469343466613537,0.050000000000000044,0.006125501741423533,0.02299999999999991,0.00880266051821977,0.027000000000000135,0.6958693600355204,-0.004000000000000226
1830,3B0018C6F9,1-2025-02-13,2025-02-13 07:40:43.402,0.0986842036561584,0.011494194666968443,0.052999999999999936,0.0067781109110317764,0.03299999999999992,0.005130447191842916,0.020000000000000018,1.3211540159322837,0.0129999999999999
1831,3B00199DE5,2-2025-02-13,2025-02-13 07:40:50.402,0.1002564882618714,1.5804902358599673e-05,0.0040000000000000036,1.0190784090836374e-05,0.0020000000000000018,9.826723186442094e-06,0.0020000000000000018,1.0370480471960963,0.0
1832,3B00484043,3-2025-02-13,2025-02-13 07:42:03.402,0.0874534042580501,0.0047169115989453385,0.08499999999999996,0.0027022476648784883,0.05499999999999994,0.0021191432481500855,0.030000000000000027,1.2751604532810257,0.02499999999999991
1833,3B00484043,4-2025-02-13,2025-02-13 07:42:23.402,0.0875573350698874,0.01202860525664558,0.051000000000000156,0.004756924297609774,0.02200000000000024,0.0076395509314259105,0.028999999999999915,0.6226706700837324,-0.006999999999999673
1834,3B00484043,6-2025-02-13,2025-02-13 08:15:38.402,0.0933107542597867,2.0464662220660506e-05,0.02400000000000002,0.00016133670129548727,0.0040000000000000036,-9.420588238688898e-05,0.020000000000000018,-1.7125968910614564,-0.016000000000000014
1835,3B00192E1E,8-2025-02-13,2025-02-13 08:23:04.395,0.1013994993325588,0.012521021424343953,0.04699999999999993,0.004585162023058912,0.018000000000000016,0.008323058384175049,0.028999999999999915,0.5508986975000508,-0.010999999999999899
1836,3B004CC5C5,13-2025-02-13,2025-02-13 08:28:24.393,0.0865696286282877,0.01249846557830278,0.07200000000000006,0.0070153645836023345,0.052000000000000046,0.005887784595293688,0.020000000000000018,1.1915117596540405,0.03200000000000003
1837,01101763D0,14-2025-02-13,2025-02-13 08:29:21.393,0.1474870226993786,0.022383375943690356,0.05900000000000016,0.014956193668776815,0.04200000000000004,0.008129007946225729,0.017000000000000126,1.8398547236899832,0.02499999999999991
1838,3B004CDB63,19-2025-02-13,2025-02-13 08:36:32.390,0.0936794238683758,0.011015993294226192,0.05199999999999999,0.0062891236081066655,0.033999999999999975,0.005175881962581771,0.018000000000000016,1.215082502571137,0.01599999999999996
1839,3B004CDB63,22-2025-02-13,2025-02-13 08:43:19.388,0.0936794238683758,0.01252959982047722,0.04799999999999999,0.007114082498605012,0.029000000000000026,0.005874477559904416,0.01899999999999996,1.2110153500562126,0.010000000000000064
1840,01101763D0,24-2025-02-13,2025-02-13 08:47:44.388,0.1523120264676498,0.02286264664447439,0.05600000000000005,0.015495329463441367,0.039000000000000146,0.008084237682096014,0.016999999999999904,1.9167335341659408,0.02200000000000024
1841,3B004CC5C5,25-2025-02-13,2025-02-13 08:49:15.387,0.0860591878110669,0.011647454039161419,0.04999999999999982,0.006818740159016503,0.029999999999999805,0.005218100372217915,0.020000000000000018,1.306747604036265,0.009999999999999787
1842,3B00192E1E,27-2025-02-13,2025-02-13 09:03:10.388,0.1013994993325588,0.012724912544434351,0.04600000000000004,0.005197184573184412,0.019000000000000017,0.007943201589430765,0.027000000000000024,0.6542934249710838,-0.008000000000000007
1843,3B00192E1E,28-2025-02-13,2025-02-13 09:05:01.389,0.0936545126417016,0.003469786405784436,0.07899999999999996,0.001828725916152419,0.05400000000000005,0.0017722870910544212,0.02499999999999991,1.0318451933565795,0.029000000000000137
1844,0700ED9568,31-2025-02-13,2025-02-13 09:08:02.389,0.1578993376626478,0.02323648938139014,0.05700000000000005,0.012182780138689769,0.03300000000000003,0.011691840344530732,0.02400000000000002,1.0419899502295795,0.009000000000000008
1845,0700ED9568,32-2025-02-13,2025-02-13 09:11:57.390,0.1541246342093249,0.02084203834621678,0.06000000000000005,0.01338289868645354,0.040000000000000036,0.008045759474013271,0.020000000000000018,1.6633480940709844,0.020000000000000018
1846,3B00182A81,35-2025-02-13,2025-02-13 09:16:08.387,0.0887646049778323,0.004570428831111913,0.07199999999999995,0.003129775747448904,0.05499999999999994,0.0015688169620521884,0.017000000000000015,1.994991017533879,0.03799999999999992
1847,3B00182A81,36-2025-02-13,2025-02-13 09:17:08.385,0.0925059406750294,0.004696793436481007,0.07999999999999996,0.002196876416060998,0.05400000000000005,0.002659071058718412,0.025999999999999912,0.826181913739388,0.028000000000000136
1848,3B0019B8CC,37-2025-02-13,2025-02-13 09:23:41.381,0.159959731469869,0.02601026718091061,0.07899999999999996,0.012521470428299058,0.052000000000000046,0.014185929133339761,0.026999999999999913,0.8826683335722513,0.025000000000000133
1849,3B00199DE5,38-2025-02-13,2025-02-13 09:35:59.376,0.0952494764645114,0.0006640770300758668,0.06700000000000006,0.0003779386100730937,0.03500000000000003,0.00030831138276157365,0.03200000000000003,1.2258341118899423,0.0030000000000000027
1850,3B00199DE5,41-2025-02-13,2025-02-13 09:38:06.376,0.094622455375078,0.010628193010455296,0.07900000000000018,0.004879078722566716,0.051000000000000156,0.006048108675335123,0.028000000000000025,0.8067114836186982,0.02300000000000013
1851,3B00199DE5,42-2025-02-13,2025-02-13 09:41:22.376,0.0958076069903739,0.008360980402851425,0.04899999999999993,0.0036068766569519388,0.02200000000000002,0.005020324534380681,0.026999999999999913,0.7184548792116866,-0.004999999999999893
1852,3B004CDB63,45-2025-02-13,2025-02-13 09:47:52.375,0.0936794238683758,0.011422606656082112,0.061999999999999944,0.006901603739358491,0.04299999999999993,0.00491335647206807,0.019000000000000017,1.4046617172178335,0.02399999999999991
1853,3B00182A81,49-2025-02-13,2025-02-13 10:00:07.375,0.0989691687162381,0.0029079626767658127,0.087,0.00170592680487735,0.05200000000000002,0.0012647386357193934,0.034999999999999976,1.3488374251388353,0.017000000000000043
1854,01101763D0,50-2025-02-13,2025-02-13 10:01:41.378,0.1474870226993786,0.023970301825608588,0.05900000000000005,0.016163641746511557,0.04200000000000004,0.008574810506914698,0.017000000000000015,1.8850144540777025,0.025000000000000022
1855,3B00182A81,51-2025-02-13,2025-02-13 10:02:19.377,0.0933211645868356,0.004104783362220544,0.06300000000000017,0.002342625463314766,0.040000000000000036,0.0018992355765273816,0.02300000000000013,1.2334570246404564,0.016999999999999904
1856,3B004CC5C5,52-2025-02-13,2025-02-13 10:07:18.376,0.0889210259775478,0.011856261976880413,0.052000000000000046,0.0069746903083433695,0.03300000000000014,0.005274012614265693,0.018999999999999906,1.322463713772225,0.014000000000000234
1857,3B004CC5C5,54-2025-02-13,2025-02-13 10:07:56.378,0.0886148709487575,0.01170141293527593,0.05300000000000005,0.007006841716734642,0.03399999999999992,0.005077887766541137,0.019000000000000128,1.3798732935579305,0.014999999999999791
1858,3B001857EE,55-2025-02-13,2025-02-13 10:14:32.376,0.0947275228243022,0.005357258465014495,0.040000000000000036,0.0032857038135396125,0.02499999999999991,0.002280940599654969,0.015000000000000124,1.4405038930152898,0.009999999999999787
1859,3B0018C2F6,56-2025-02-13,2025-02-13 10:15:21.375,0.1571190912084223,0.02452837911685026,0.052000000000000046,0.014992429338210489,0.03400000000000003,0.010436345472705805,0.018000000000000016,1.436559318338035,0.016000000000000014
1860,3B001857EE,57-2025-02-13,2025-02-13 10:15:50.373,0.10256506244428,0.012236113688338678,0.05100000000000002,0.007247700521672621,0.032,0.0054124062922020644,0.019000000000000017,1.3390902549416441,0.012999999999999984
1861,3B001857EE,58-2025-02-13,2025-02-13 10:16:38.374,0.10256506244428,0.005489303045473995,0.04300000000000004,0.003258069896076764,0.025000000000000022,0.0024171387281808018,0.018000000000000016,1.347903559730255,0.007000000000000006
1862,3B004ACEEA,59-2025-02-13,2025-02-13 10:17:50.372,0.0928794846423731,0.014838995225659884,0.052000000000000046,0.006665775904466042,0.02499999999999991,0.008619055689044934,0.027000000000000135,0.7733765907718212,-0.002000000000000224
1863,3B004ACEEA,60-2025-02-13,2025-02-13 10:22:21.371,0.0928794846423731,0.012473368222217306,0.04800000000000004,0.008075498715563699,0.03200000000000003,0.004856871529477758,0.016000000000000014,1.6626955575314606,0.016000000000000014
1864,3B001857EE,61-2025-02-13,2025-02-13 10:25:33.368,0.10256506244428,0.004585765519255113,0.040000000000000036,0.002812828251695445,0.025000000000000133,0.001950921079195299,0.014999999999999902,1.4417949970870472,0.010000000000000231
1865,3B001857EE,63-2025-02-13,2025-02-13 10:26:08.368,0.10256506244428,0.0059809196163044896,0.04200000000000004,0.0032213552432438252,0.02300000000000002,0.0029741742342635964,0.019000000000000017,1.0831091218976385,0.0040000000000000036
1866,3B001857EE,64-2025-02-13,2025-02-13 10:28:01.368,0.10256506244428,0.005700331543251286,0.04300000000000004,0.003156399858410707,0.02400000000000002,0.0027457985415504276,0.019000000000000017,1.1495380344358517,0.0050000000000000044
1867,3B004CDB63,65-2025-02-13,2025-02-13 10:28:12.368,0.0936794238683758,0.013694517216104363,0.04899999999999999,0.007956203139600847,0.02899999999999997,0.006223689720767928,0.020000000000000018,1.2783740026517818,0.008999999999999952
1868,0700ED9568,66-2025-02-13,2025-02-13 10:29:11.367,0.1578993376626478,0.021843504554813226,0.06099999999999994,0.015581779679129597,0.04500000000000004,0.0068872292390816,0.015999999999999903,2.2624162980826523,0.029000000000000137
1869,3B004ACEEA,67-2025-02-13,2025-02-13 10:29:25.366,0.0928794846423731,0.013465555902763566,0.04799999999999999,0.009169973074175723,0.03300000000000003,0.00476752847191776,0.014999999999999958,1.9234228234167334,0.01800000000000007
1870,3B00484043,68-2025-02-13,2025-02-13 10:30:54.366,0.0933107542597867,0.00325958246034938,0.057999999999999996,0.0019391292631138787,0.03400000000000003,0.001410041393352115,0.023999999999999966,1.375228608363017,0.010000000000000064
1871,0700ED9568,70-2025-02-13,2025-02-13 10:32:26.364,0.1516629676345342,0.02584595886602645,0.05400000000000027,0.01407833429365338,0.03100000000000014,0.012505586554825704,0.02300000000000013,1.1257636122810073,0.008000000000000007
1872,3B004ACEEA,72-2025-02-13,2025-02-13 10:35:25.364,0.0928794846423731,0.030434946337319337,0.08200000000000002,0.014693366443874197,0.05499999999999999,0.01655289845816444,0.027000000000000024,0.8876612444044166,0.02799999999999997
1873,3B001857EE,74-2025-02-13,2025-02-13 10:36:35.364,0.10256506244428,0.005883532550569919,0.04299999999999998,0.0036507959925941645,0.026000000000000023,0.0024350226819371875,0.01699999999999996,1.4992862365001733,0.009000000000000064
1874,3B001857EE,79-2025-02-13,2025-02-13 10:38:01.364,0.10256506244428,0.012249442219162453,0.057999999999999996,0.00752677207872524,0.03899999999999998,0.005137725894712721,0.019000000000000017,1.4650007090629549,0.019999999999999962
1875,3B0019248A,80-2025-02-13,2025-02-13 10:42:38.362,0.1054396401184419,0.006634609912339071,0.03799999999999998,0.0039142657093160695,0.021999999999999964,0.0029916396655719794,0.016000000000000014,1.3084014610321364,0.00599999999999995
1876,3B0019248A,82-2025-02-13,2025-02-13 10:52:02.361,0.1054396401184419,0.0056094369267012025,0.04300000000000015,0.0035633742014483053,0.029000000000000137,0.0022720303823737815,0.014000000000000012,1.5683655593220316,0.015000000000000124
1877,3B0018F763,84-2025-02-13,2025-02-13 10:53:53.364,0.1047494367619683,0.006952803968417339,0.04099999999999998,0.004392564505625667,0.026000000000000023,0.0028168268606276977,0.014999999999999958,1.5594016682469558,0.011000000000000065
1878,3B004CD4DE,85-2025-02-13,2025-02-13 10:53:58.361,0.0958080043516458,0.015023629682855234,0.05499999999999994,0.005569964142814466,0.02400000000000002,0.009888763469861455,0.030999999999999917,0.563261944710313,-0.006999999999999895
1879,3B0018F763,86-2025-02-13,2025-02-13 11:02:12.363,0.1047494367619683,0.01336925155908548,0.05199999999999999,0.008127416363101178,0.032999999999999974,0.005683324604441701,0.019000000000000017,1.4300461312291297,0.013999999999999957
1880,3B004ACEEA,87-2025-02-13,2025-02-13 11:11:11.364,0.0923733141197575,0.011264105434305177,0.07400000000000029,0.006845816553961096,0.05500000000000016,0.004825447090931679,0.019000000000000128,1.4186906259580045,0.03600000000000003
1881,3B004CD4DE,88-2025-02-13,2025-02-13 11:19:19.363,0.1039052092457154,0.014480461720961142,0.04700000000000004,0.005551587682255558,0.019000000000000017,0.00938418623715925,0.028000000000000025,0.5915896745817479,-0.009000000000000008
1882,3B004CDB63,93-2025-02-13,2025-02-13 11:56:07.365,0.0936794238683758,0.012555836211485115,0.04700000000000004,0.0067401603131110295,0.025000000000000022,0.006275079125141207,0.02200000000000002,1.0741155894124852,0.0030000000000000027
1883,3B004CDB63,94-2025-02-13,2025-02-13 11:58:43.366,0.0936794238683758,0.01366403791433865,0.04299999999999998,0.007636038806672012,0.023999999999999966,0.006559909728063583,0.019000000000000017,1.1640463242969183,0.004999999999999949
1884,3B004CC5C5,95-2025-02-13,2025-02-13 11:59:09.366,0.0897776523171274,0.013992624964627887,0.052999999999999936,0.008928282598571702,0.03399999999999981,0.005465395029442945,0.019000000000000128,1.6336024295542473,0.01499999999999968
1885,3B004CDB63,97-2025-02-13,2025-02-13 12:01:02.366,0.0936794238683758,0.013841122206580729,0.05199999999999999,0.007500837968175271,0.02899999999999997,0.006794976494553534,0.02300000000000002,1.103879899244319,0.00599999999999995
1886,3B004CC5C5,98-2025-02-13,2025-02-13 12:02:35.366,0.0900304896716074,0.011040093543759675,0.04999999999999982,0.007360041503348168,0.03399999999999981,0.004064596096196101,0.016000000000000014,1.8107682360459254,0.017999999999999794
1887,3B001857EE,99-2025-02-13,2025-02-13 12:17:24.367,0.10256506244428,0.004753772603997748,0.04899999999999993,0.0032232776481523956,0.03299999999999992,0.0016695503316122582,0.016000000000000014,1.9306262213968282,0.016999999999999904
1888,3B001857EE,101-2025-02-13,2025-02-13 12:44:06.364,0.10256506244428,0.005111733289071568,0.044999999999999984,0.003006240491117299,0.028000000000000025,0.002296824168611348,0.01699999999999996,1.3088683636304916,0.011000000000000065
1889,3B001857EE,103-2025-02-13,2025-02-13 12:51:50.363,0.0828725627524795,0.007694620365724062,0.04599999999999982,0.0038688807436106,0.02400000000000002,0.004073080501761082,0.021999999999999797,0.9498660146633017,0.002000000000000224
1890,3B00484043,2-2025-02-17,2025-02-17 07:04:02.223,0.0933107542597867,0.0031425300543661315,0.07299999999999995,0.0016362421082497358,0.041999999999999815,0.0015771961551148078,0.03100000000000014,1.0374372920853525,0.010999999999999677
1891,3B00199DE5,3-2025-02-17,2025-02-17 07:05:17.225,0.1002564882618714,0.013417231959726002,0.04799999999999999,0.005230205550186043,0.019000000000000017,0.00861111475020033,0.02899999999999997,0.6073784523733546,-0.009999999999999953
1892,3B00199DE5,4-2025-02-17,2025-02-17 07:13:56.221,0.1002564882618714,0.012707651539814506,0.049000000000000044,0.004876396164069294,0.020000000000000018,0.008218490599697544,0.029000000000000026,0.5933444961595205,-0.009000000000000008
1893,3B0019B8CC,5-2025-02-17,2025-02-17 07:18:41.217,0.159959731469869,9.009792206935899e-05,0.009000000000000008,5.57265058170906e-05,0.0050000000000000044,4.82014464766854e-05,0.0040000000000000036,1.1561168780286502,0.0010000000000000009
1894,3B00484043,6-2025-02-17,2025-02-17 07:44:04.205,0.0933107542597868,0.00266882208637431,0.05399999999999999,0.001405260558492006,0.025999999999999968,0.0013511613134199135,0.028000000000000025,1.0400390719707349,-0.0020000000000000573
1895,0700ED9568,8-2025-02-17,2025-02-17 07:46:11.204,0.1578993376626477,0.024626468005771385,0.06700000000000006,0.0169599384161785,0.049000000000000044,0.008299182004158273,0.018000000000000016,2.0435674754067072,0.031000000000000028
1896,01101763D0,9-2025-02-17,2025-02-17 07:47:24.204,0.1474870226993786,0.0060235546090218585,0.04800000000000004,0.004399010354904566,0.03600000000000003,0.0018304027512046545,0.01200000000000001,2.4033018700444027,0.02400000000000002
1897,3B00484043,12-2025-02-17,2025-02-17 07:48:11.204,0.0894240509775682,0.009676691404478556,0.05400000000000005,0.004827326164989985,0.030000000000000027,0.005136545427822307,0.02400000000000002,0.9398001502804932,0.006000000000000005
1898,0700ED9568,13-2025-02-17,2025-02-17 07:49:23.202,0.1587796972912849,0.02292891919205073,0.05999999999999983,0.01590758580746584,0.04299999999999993,0.007670156205605228,0.016999999999999904,2.0739585193637686,0.026000000000000023
1899,3B00192E1E,14-2025-02-17,2025-02-17 07:49:37.203,0.1013994993325588,0.0035449642799576606,0.06,0.0021598834053872507,0.03699999999999998,0.0014853405346568391,0.02300000000000002,1.4541334831922919,0.013999999999999957
1900,3B00484043,16-2025-02-17,2025-02-17 07:50:09.204,0.0933107542597867,0.0004876722422984673,0.02900000000000036,0.0002611342351332962,0.006000000000000227,0.0002847719610372081,0.02300000000000013,0.9169941948715118,-0.016999999999999904
1901,3B00192E1E,17-2025-02-17,2025-02-17 07:50:42.204,0.1013994993325588,0.003757607112313859,0.03299999999999992,0.0022313660077463073,0.018999999999999906,0.0016999137838785085,0.014000000000000012,1.312634810605066,0.004999999999999893
1902,3B00192E1E,18-2025-02-17,2025-02-17 07:51:20.204,0.1013994993325588,0.00394904584114115,0.05099999999999999,0.002427442399017084,0.03300000000000003,0.0016451607344737426,0.01799999999999996,1.4755047018512626,0.015000000000000069
1903,3B0019B8CC,19-2025-02-17,2025-02-17 08:16:44.198,0.159959731469869,0.009777176180063182,0.04200000000000004,0.005835578387495621,0.02499999999999991,0.0042900153117206375,0.017000000000000126,1.3602698273715694,0.007999999999999785
1904,3B0019B8CC,20-2025-02-17,2025-02-17 08:17:32.197,0.159959731469869,0.009617233965046,0.04200000000000004,0.0055646373958209575,0.02400000000000002,0.004379628570250344,0.018000000000000016,1.2705729051134755,0.006000000000000005
1905,3B00192E1E,22-2025-02-17,2025-02-17 08:18:43.195,0.0931482238701852,0.003940836348139156,0.07200000000000001,0.0021645623035547986,0.05400000000000005,0.0019207920999247312,0.01799999999999996,1.1269112902117933,0.03600000000000009
1906,01103F9664,30-2025-02-17,2025-02-17 08:23:23.192,0.1595822489996171,0.02180182610472356,0.06700000000000006,0.009963676481754868,0.03600000000000003,0.012378063562484819,0.031000000000000028,0.8049463012900155,0.0050000000000000044
1907,3B00484043,32-2025-02-17,2025-02-17 08:28:55.189,0.0900074823235066,0.00383590551427741,0.07299999999999995,0.002599673769194732,0.052999999999999936,0.0013387770582307518,0.020000000000000018,1.94182724689823,0.03299999999999992
1908,3B00484043,33-2025-02-17,2025-02-17 08:35:18.184,0.0933107542597867,2.1188640235826768e-05,0.006999999999999673,1.391817352898178e-05,0.0040000000000000036,1.1443371136168182e-05,0.0029999999999996696,1.2162651515331597,0.001000000000000334
1909,3B0018A99B,35-2025-02-17,2025-02-17 08:36:48.183,0.0953464577083411,0.004149878725896356,0.03399999999999981,0.0025846251335243753,0.020999999999999908,0.0017521889873650743,0.0129999999999999,1.47508353959644,0.008000000000000007
1910,3B00484043,36-2025-02-17,2025-02-17 08:37:05.183,0.0925881750095077,0.004275551982914657,0.06399999999999983,0.0026991422780038494,0.03799999999999981,0.0016881374808579,0.026000000000000023,1.5988877141879247,0.011999999999999789
1911,3B0018A99B,37-2025-02-17,2025-02-17 08:37:49.184,0.0953464577083411,0.0002343544780200999,0.013000000000000012,0.00013327099119247847,0.007000000000000006,0.0001267475258918183,0.006000000000000005,1.0514681864972109,0.0010000000000000009
1912,3B00192E1E,40-2025-02-17,2025-02-17 08:58:48.179,0.0938157098859178,0.0048778270252856784,0.059,0.0028366425889643906,0.03799999999999998,0.002194525663972071,0.02100000000000002,1.2925994147774484,0.01699999999999996
1913,3B00192E1E,41-2025-02-17,2025-02-17 08:59:38.180,0.0936197375685268,0.004295408157526382,0.06999999999999984,0.0033738493814787704,0.05499999999999994,0.0010101149071030523,0.014999999999999902,3.340064934943653,0.040000000000000036
1914,3B0018A99B,43-2025-02-17,2025-02-17 09:02:58.180,0.0953464577083411,0.0037950512466164463,0.030000000000000027,0.0022255187487630304,0.017000000000000126,0.0017688352422921255,0.0129999999999999,1.2581831792762772,0.004000000000000226
1915,3B0018F763,46-2025-02-17,2025-02-17 09:10:52.181,0.1047494367619683,0.006354870732416863,0.03699999999999992,0.003189297133278606,0.017999999999999905,0.003424721905059084,0.019000000000000017,0.931257258747724,-0.001000000000000112
1916,3B0018F763,49-2025-02-17,2025-02-17 09:16:25.175,0.1047494367619683,0.005874403091949085,0.039000000000000146,0.003247261182557856,0.02100000000000013,0.0028630708992551756,0.018000000000000016,1.1341881835348984,0.0030000000000001137
1917,3B0018F763,50-2025-02-17,2025-02-17 09:17:33.175,0.1047494367619683,0.00565576566199611,0.041999999999999926,0.0034049379030765023,0.025999999999999912,0.0024682719132827673,0.016000000000000014,1.3794824973509432,0.009999999999999898
1918,3B0018F763,51-2025-02-17,2025-02-17 09:18:46.172,0.1000684828103129,0.005781683024545839,0.039000000000000146,0.002903722445124162,0.019000000000000128,0.0031024054315547844,0.020000000000000018,0.9359584068510828,-0.0009999999999998899
1919,3B00199DE5,52-2025-02-17,2025-02-17 09:26:13.166,0.0936558224285204,0.001962140967540459,0.10699999999999998,0.0006294365144083242,0.05400000000000005,0.0013802449319530615,0.052999999999999936,0.4560324764371094,0.001000000000000112
1920,3B004CDB63,53-2025-02-17,2025-02-17 09:26:22.166,0.0930489196361385,0.011574799031827222,0.04999999999999982,0.006865625656488495,0.031999999999999806,0.005148375353687694,0.018000000000000016,1.3335518847845396,0.01399999999999979
1921,3B004CDB63,54-2025-02-17,2025-02-17 09:26:52.166,0.0936794238683758,0.012270850427852543,0.05199999999999996,0.0073882171676607124,0.034,0.005320823515132996,0.01799999999999996,1.3885476837650839,0.016000000000000042
1922,3B004CDB63,55-2025-02-17,2025-02-17 09:27:38.167,0.0936794238683758,0.01221642042980103,0.051000000000000045,0.007195219393674299,0.03200000000000003,0.005449657163247462,0.019000000000000017,1.3203067969484255,0.013000000000000012
1923,3B004CDB63,56-2025-02-17,2025-02-17 09:28:48.166,0.0936794238683758,0.012732059394815302,0.05999999999999994,0.007354451486368854,0.039999999999999925,0.005827879267971975,0.020000000000000018,1.2619430067445625,0.019999999999999907
1924,3B004CDB63,57-2025-02-17,2025-02-17 09:31:12.162,0.0936794238683758,0.011967576665604948,0.06099999999999994,0.0068240068464585505,0.041999999999999815,0.005594362346705245,0.019000000000000128,1.2198006535056662,0.022999999999999687
1925,3B00484043,58-2025-02-17,2025-02-17 09:32:09.162,0.0919456735931805,0.004363025956793605,0.06300000000000017,0.0024895246804096747,0.03500000000000014,0.001997734839723847,0.028000000000000025,1.2461737318220918,0.007000000000000117
1926,3B00484043,60-2025-02-17,2025-02-17 09:35:31.162,0.0933107542597867,-0.0006177050604783946,0.03400000000000003,-0.0006484572595085448,0.030000000000000027,4.319055542196247e-05,0.0040000000000000036,-15.013867109909942,0.026000000000000023
1927,3B004CDB63,62-2025-02-17,2025-02-17 09:38:09.161,0.0940556021562451,0.011852570354908236,0.05899999999999994,0.006932389096394647,0.038000000000000034,0.00532830412173546,0.020999999999999908,1.3010498158533652,0.017000000000000126
1928,3B00192E1E,64-2025-02-17,2025-02-17 09:47:57.159,0.0968752016499153,0.002590888539281446,0.10399999999999998,0.0009773316192962815,0.05300000000000005,0.0016572704769115926,0.050999999999999934,0.5897236648525763,0.002000000000000113
1929,3B004CDB63,65-2025-02-17,2025-02-17 09:48:16.159,0.095335435139267,0.011409290597633574,0.04800000000000004,0.007056869536192957,0.030999999999999917,0.004755090891221473,0.017000000000000126,1.484066171946549,0.01399999999999979
1930,3B00192E1E,67-2025-02-17,2025-02-17 09:49:22.159,0.0969990055914429,0.004168268238296523,0.05899999999999994,0.002714695614400894,0.039999999999999925,0.001566994550298215,0.019000000000000017,1.7324218606148054,0.020999999999999908
1931,3B004CDB63,68-2025-02-17,2025-02-17 09:50:26.158,0.0967816209902157,0.011787684190636864,0.04700000000000015,0.0072801915055862605,0.03100000000000014,0.0049681456607663065,0.016000000000000014,1.465374005250751,0.015000000000000124
1932,3B004CDB63,70-2025-02-17,2025-02-17 09:52:17.159,0.097471153383447,0.004069312171781697,0.07100000000000006,0.002613190956384845,0.05500000000000005,0.0016126192422791519,0.016000000000000014,1.6204637076583324,0.039000000000000035
1933,01103F9664,71-2025-02-17,2025-02-17 10:02:22.157,0.1623377681873282,0.02447293280448658,0.05899999999999994,0.009970236908085156,0.026000000000000023,0.015136743725960801,0.03299999999999992,0.6586777901897984,-0.006999999999999895
1934,01103F9664,72-2025-02-17,2025-02-17 10:06:05.159,0.1651374457843238,0.021037409774830235,0.08000000000000007,0.011141276484083676,0.05499999999999994,0.010481583936716696,0.025000000000000133,1.0629382497292317,0.029999999999999805
1935,3B00484043,73-2025-02-17,2025-02-17 10:13:04.157,0.0922971752261462,0.00479185645319049,0.07599999999999996,0.00278971721088629,0.04399999999999993,0.0021044542740724873,0.03200000000000003,1.3256250065665238,0.0119999999999999
1936,3B00484043,74-2025-02-17,2025-02-17 10:13:13.156,0.0929993427370724,0.011496916079226037,0.052999999999999936,0.004870821811216254,0.02499999999999991,0.006962503559031209,0.028000000000000025,0.6995790766811472,-0.0030000000000001137
1937,01103F9664,75-2025-02-17,2025-02-17 10:25:32.145,0.1538376330088987,0.024113200028316815,0.06200000000000028,0.011006870592988544,0.030999999999999694,0.013707947262821112,0.031000000000000583,0.8029554230079025,-8.881784197001252e-16
1938,3B0018A99B,76-2025-02-17,2025-02-17 10:26:17.145,0.0902196042769123,0.010226146133027426,0.06099999999999994,0.006586368036638372,0.04300000000000015,0.003972279620136616,0.017999999999999794,1.6580826795903785,0.025000000000000355
1939,3B004CD4DE,81-2025-02-17,2025-02-17 11:03:06.138,0.1039052092457154,0.00865353702634182,0.07399999999999995,0.004823170403958458,0.050000000000000044,0.004081828446865452,0.02399999999999991,1.1816200672672323,0.026000000000000134
1940,01103F9664,84-2025-02-17,2025-02-17 11:16:28.136,0.1874441745791443,0.00019811653597986176,0.010000000000000009,0.00011740794342505753,0.0050000000000001155,0.00010623015667526912,0.004999999999999893,1.1052223502216734,2.220446049250313e-16
1941,01103F9664,86-2025-02-17,2025-02-17 11:53:12.138,0.1602047268770621,0.025043711671458472,0.06099999999999994,0.010924080614879633,0.028999999999999915,0.014740832767858363,0.03200000000000003,0.7410762191603608,-0.0030000000000001137
1942,01103F9664,89-2025-02-17,2025-02-17 14:12:31.134,0.1611307223273666,0.02400685586681023,0.06099999999999994,0.01041061308022553,0.02999999999999936,0.014202200405416188,0.031000000000000583,0.7330281775389756,-0.0010000000000012221
1943,3B0019B8CC,90-2025-02-17,2025-02-17 14:28:42.128,0.159959731469869,0.028224652026954553,0.050999999999999934,0.014307235528893455,0.027000000000000024,0.014713186147131841,0.02399999999999991,0.9724090612203992,0.0030000000000001137
1944,01103F9664,92-2025-02-17,2025-02-17 15:10:28.129,0.1874441745791443,1.3789339513480575e-05,0.004999999999999893,9.216053016068675e-06,0.0030000000000001137,8.022386495661393e-06,0.0019999999999997797,1.1487919487614853,0.001000000000000334
1945,01103F9664,93-2025-02-17,2025-02-17 15:11:49.128,0.1874441745791443,0.001125743019997738,0.02300000000000013,0.0006033885315665593,0.01100000000000012,0.00059529969438049,0.01200000000000001,1.013587840313755,-0.0009999999999998899
1946,3B00182A81,98-2025-02-17,2025-02-17 15:37:55.124,0.0989691687162381,0.00631468145598658,0.04399999999999982,0.0033269095978593418,0.0239999999999998,0.0032076985291543173,0.020000000000000018,1.0371640500569277,0.0039999999999997815
1947,3B0019F652,103-2025-02-17,2025-02-17 15:42:29.123,0.0900970895924531,0.009383794794159208,0.07199999999999984,0.005455582393726365,0.04699999999999993,0.004144408893866923,0.02499999999999991,1.3163716547852637,0.02200000000000002
1948,01103F9664,108-2025-02-17,2025-02-17 16:03:00.122,0.1654303145778039,0.02425958953963877,0.05400000000000027,0.009541486212578226,0.02300000000000013,0.015393966559405255,0.03100000000000014,0.619819860966806,-0.008000000000000007
1949,3B00182A81,111-2025-02-17,2025-02-17 16:51:24.117,0.0989691687162381,0.011383545867224166,0.07700000000000001,0.005759245257184524,0.05499999999999999,0.006026789194859539,0.02200000000000002,0.9556075500528187,0.032999999999999974
1950,3B00182A81,112-2025-02-17,2025-02-17 16:51:44.117,0.0989691687162381,0.01252804733678521,0.06799999999999995,0.006979019350065337,0.041999999999999926,0.005933781682272167,0.026000000000000023,1.1761503411754994,0.015999999999999903
1951,3B00182A81,113-2025-02-17,2025-02-17 16:54:04.116,0.0989691687162381,0.013745875177767436,0.07499999999999996,0.008531032833667502,0.05499999999999999,0.005652534645146933,0.019999999999999962,1.5092402557836502,0.03500000000000003
1952,3B00199DE5,1-2025-02-20,2025-02-20 07:11:53.943,0.09402881746467,0.014446579474455715,0.06700000000000017,0.006555032080245412,0.038000000000000256,0.008287917154337746,0.028999999999999915,0.7909142862045413,0.009000000000000341
1953,3B0018C6F9,6-2025-02-20,2025-02-20 07:20:50.941,0.0986842036561584,0.012285402865842192,0.057999999999999996,0.00727905915396386,0.03999999999999998,0.005487286524291116,0.018000000000000016,1.3265316330286248,0.021999999999999964
1954,3B0018C6F9,7-2025-02-20,2025-02-20 07:21:12.941,0.091672750383348,0.005774092865518064,0.040000000000000036,0.0035077386328548473,0.02499999999999991,0.0025087424929477672,0.015000000000000124,1.3982059309456116,0.009999999999999787
1955,3B00484043,8-2025-02-20,2025-02-20 07:55:16.938,0.0981843153500809,5.077891889257587e-05,0.05799999999999994,3.7403574894355984e-05,0.05499999999999994,2.0436843004431675e-05,0.0030000000000000027,1.830203172096841,0.051999999999999935
1956,3B00484043,9-2025-02-20,2025-02-20 07:56:24.938,0.0933107542597867,8.180484975185699e-06,0.0030000000000001137,4.810322161417607e-06,0.001000000000000112,6.2089493574153945e-06,0.0020000000000000018,0.7747401185794186,-0.0009999999999998899
1957,3B00484043,10-2025-02-20,2025-02-20 07:58:09.938,0.0905311469799685,0.011586372635024326,0.04999999999999982,0.0043237944798864576,0.020000000000000018,0.007628910733535292,0.029999999999999805,0.566764329916701,-0.009999999999999787
1958,3B00199DE5,11-2025-02-20,2025-02-20 08:12:03.940,0.1002564882618714,0.014850216197902963,0.04700000000000004,0.005685988598783624,0.018000000000000016,0.009635648288022842,0.029000000000000026,0.5900992262089242,-0.01100000000000001
1959,3B004CDB63,12-2025-02-20,2025-02-20 08:24:27.936,0.0936794238683758,0.011781348229814755,0.04500000000000015,0.00684682003366864,0.027000000000000135,0.00539007526631445,0.018000000000000016,1.2702642719032498,0.009000000000000119
1960,3B0018A99B,14-2025-02-20,2025-02-20 08:43:29.936,0.0869600340155533,0.004940329494356407,0.037000000000000144,0.002990466733897707,0.02200000000000002,0.0021587646750687553,0.015000000000000124,1.3852675877246614,0.006999999999999895
1961,3B0018A99B,16-2025-02-20,2025-02-20 08:45:18.934,0.0953464577083411,0.004803499453551594,0.03799999999999981,0.0027276366639566872,0.020999999999999908,0.002264426929594263,0.016999999999999904,1.204559364803801,0.0040000000000000036
1962,3B00484043,17-2025-02-20,2025-02-20 08:47:04.935,0.0897915679644925,0.010447735257903192,0.052000000000000046,0.005915989740850917,0.03200000000000003,0.004869799099450353,0.020000000000000018,1.2148324027409358,0.01200000000000001
1963,3B00484043,19-2025-02-20,2025-02-20 08:51:18.934,0.0933107542597867,-0.000356011986058115,0.030999999999999917,-0.0004767957843301607,0.02499999999999991,0.0001539449259238918,0.006000000000000005,-3.097184148608326,0.018999999999999906
1964,3B004CDB63,22-2025-02-20,2025-02-20 08:56:48.935,0.0909072435071149,0.011446739677775637,0.04500000000000004,0.007011265254129089,0.029000000000000026,0.004895200487997362,0.016000000000000014,1.4322733606764724,0.013000000000000012
1965,3B00484043,23-2025-02-20,2025-02-20 08:57:08.934,0.0933107542597867,4.2112226867828396e-05,0.008999999999999897,2.189174853403851e-05,0.0040000000000000036,2.614379340769199e-05,0.004999999999999893,0.8373592994962066,-0.0009999999999998899
1966,3B00484043,24-2025-02-20,2025-02-20 08:59:39.935,0.0933107542597867,0.0016366126340970075,0.064,0.0014048166466852925,0.05499999999999999,0.0002742880936926525,0.009000000000000008,5.121682927511352,0.045999999999999985
1967,3B004CDB63,25-2025-02-20,2025-02-20 09:07:18.934,0.0936794238683758,0.011211661840145366,0.04499999999999993,0.0067763639609677,0.028000000000000025,0.004877206007892355,0.016999999999999904,1.389394655465056,0.01100000000000012
1968,3B004AB6A7,26-2025-02-20,2025-02-20 09:07:56.934,0.0978316981879342,0.012339982459253216,0.052000000000000046,0.007806745592230864,0.03399999999999981,0.0049455612052543025,0.018000000000000238,1.5785358361224524,0.01599999999999957
1969,3B00484043,28-2025-02-20,2025-02-20 09:26:53.931,0.0933107542597867,0.0001213149657450074,0.01100000000000001,6.44200906026876e-05,0.0050000000000000044,7.23836291347605e-05,0.006000000000000005,0.8899814968209627,-0.0010000000000000009
1970,3B004CDB63,29-2025-02-20,2025-02-20 09:27:08.932,0.0936794238683758,0.011624278823839661,0.04799999999999999,0.007303079423784004,0.031000000000000028,0.004747036492793538,0.01699999999999996,1.538450238347817,0.014000000000000068
1971,3B00484043,30-2025-02-20,2025-02-20 09:28:17.931,0.0921852408365736,0.012540807319870104,0.05400000000000005,0.004980784609270345,0.02299999999999991,0.007932692678087253,0.03100000000000014,0.6278806971848205,-0.00800000000000023
1972,3B00484043,32-2025-02-20,2025-02-20 09:29:51.931,0.0933107542597867,0.0030687948288799912,0.07300000000000001,0.0012912570871489166,0.02799999999999997,0.0018511424865575198,0.04500000000000004,0.6975460271295513,-0.01700000000000007
1973,3B0018A99B,34-2025-02-20,2025-02-20 09:31:29.932,0.0953464577083411,0.002393959821130169,0.02400000000000002,0.0013472611888307056,0.013000000000000123,0.0012069802805929866,0.010999999999999899,1.116224689411495,0.002000000000000224
1974,3B0018F763,37-2025-02-20,2025-02-20 09:49:58.931,0.1047494367619683,0.010148837657846726,0.04600000000000004,0.00570554133163535,0.027000000000000024,0.004814757296508679,0.019000000000000017,1.1850112020750463,0.008000000000000007
1975,3B0018F763,38-2025-02-20,2025-02-20 09:50:31.930,0.1047494367619683,0.012153838127797977,0.07200000000000006,0.007764306521837604,0.05500000000000005,0.004801981392060304,0.017000000000000015,1.6168964200226328,0.038000000000000034
1976,3B0018F763,39-2025-02-20,2025-02-20 09:51:46.930,0.1047494367619683,0.00645948695389129,0.04100000000000015,0.003575805841785221,0.02300000000000013,0.003132962203846911,0.018000000000000016,1.1413498181990671,0.0050000000000001155
1977,3B004AB6A7,41-2025-02-20,2025-02-20 09:53:24.931,0.1025863851846928,0.012162744097809578,0.04200000000000004,0.007463756298987046,0.026000000000000023,0.0051749242226291885,0.016000000000000014,1.4422928680480245,0.010000000000000009
1978,3B004AB6A7,42-2025-02-20,2025-02-20 09:55:22.930,0.0990578084115781,0.014907083807879222,0.051000000000000156,0.008157889404561825,0.03000000000000025,0.007231218058423408,0.020999999999999908,1.1281487210939474,0.009000000000000341
1979,3B004CA42C,43-2025-02-20,2025-02-20 09:55:27.930,0.1050965973476148,0.013749560585584235,0.052999999999999936,0.005960995381075077,0.02400000000000002,0.00818684789823395,0.028999999999999915,0.7281184962970878,-0.004999999999999893
1980,3B0018F763,44-2025-02-20,2025-02-20 09:55:41.931,0.1047494367619683,0.007412977257256908,0.04300000000000004,0.004589635300025328,0.026000000000000023,0.003077615138840805,0.017000000000000015,1.4912960500168424,0.009000000000000008
1981,3B0018A99B,48-2025-02-20,2025-02-20 10:26:57.930,0.0953464577083411,0.004679098642678635,0.03700000000000003,0.002808456729515935,0.02200000000000002,0.0020633513726518882,0.015000000000000013,1.3611141401992102,0.007000000000000006
1982,3B0018A99B,50-2025-02-20,2025-02-20 10:33:30.929,0.0953464577083411,0.004435706498036359,0.03799999999999981,0.0026986074885130967,0.02299999999999991,0.001926560512341585,0.014999999999999902,1.4007385032682667,0.008000000000000007
1983,3B00484043,51-2025-02-20,2025-02-20 10:34:22.929,0.0938117925268735,0.012079851495044463,0.04999999999999982,0.0045363095936559305,0.019999999999999574,0.007924138355725566,0.03000000000000025,0.5724672374477449,-0.010000000000000675
1984,3B0018A99B,52-2025-02-20,2025-02-20 10:35:25.930,0.0913835813341986,0.010483189086377952,0.04800000000000004,0.006572519392220498,0.031000000000000028,0.004281266106674034,0.017000000000000015,1.535181235750482,0.014000000000000012
1985,3B00484043,53-2025-02-20,2025-02-20 10:36:29.929,0.095805456596881,0.012800530682609309,0.052999999999999936,0.005171068576201099,0.02299999999999991,0.008009699828341826,0.030000000000000027,0.6456007949141357,-0.007000000000000117
1986,3B004CA42C,54-2025-02-20,2025-02-20 10:45:23.930,0.0994871287948247,0.014080984576060425,0.05600000000000005,0.005847684466925877,0.025000000000000022,0.00863840673646435,0.031000000000000028,0.6769401633106361,-0.006000000000000005
1987,01103F97C4,55-2025-02-20,2025-02-20 10:46:35.929,0.1503381300530085,0.02527673414910811,0.07399999999999984,0.014376547158729764,0.05500000000000016,0.011795960513907295,0.018999999999999684,1.2187686743932373,0.036000000000000476
1988,3B00484043,56-2025-02-20,2025-02-20 10:48:26.931,0.0933107542597867,-0.00039815513108294243,0.04400000000000004,-0.0004677731249459105,0.039000000000000035,9.307842340966248e-05,0.0050000000000000044,-5.025580664243942,0.03400000000000003
1989,3B004CA42C,57-2025-02-20,2025-02-20 10:48:55.928,0.1050965973476148,0.013851661375898175,0.05300000000000016,0.005814496013981817,0.02300000000000013,0.008426422004270614,0.030000000000000027,0.6900314286461038,-0.006999999999999895
1990,3B004CA42C,58-2025-02-20,2025-02-20 10:51:48.930,0.1033304071452736,0.014467693244641942,0.05700000000000016,0.0061589156938054715,0.026000000000000023,0.008715763256728168,0.03100000000000014,0.7066410034773573,-0.0050000000000001155
1991,3B0018A99B,63-2025-02-20,2025-02-20 11:09:34.931,0.0953464577083411,0.005124738570102641,0.04200000000000004,0.0032125506333042573,0.028000000000000025,0.002118422788429704,0.014000000000000012,1.5164822861849894,0.014000000000000012
1992,3B004CA42C,64-2025-02-20,2025-02-20 11:11:58.931,0.1050965973476147,0.0146880442720378,0.04999999999999993,0.005780936360840778,0.019999999999999907,0.009355102946202969,0.030000000000000027,0.6179447082607609,-0.01000000000000012
1993,3B00484043,65-2025-02-20,2025-02-20 11:20:01.930,0.0938248143184643,0.012818481742140661,0.05300000000000038,0.005154687736060331,0.02300000000000013,0.008046084520358647,0.03000000000000025,0.6406454870089491,-0.007000000000000117
1994,3B0018A99B,66-2025-02-20,2025-02-20 11:21:13.930,0.0953464577083411,0.01027171592427588,0.052000000000000046,0.006345033483646954,0.03500000000000003,0.00430814127017347,0.017000000000000015,1.4728007012155075,0.018000000000000016
1995,3B00484043,67-2025-02-20,2025-02-20 11:21:32.929,0.0950524318760224,0.012033644518888708,0.052999999999999936,0.005266990879750354,0.0259999999999998,0.007137483928747761,0.027000000000000135,0.7379338338733638,-0.001000000000000334
1996,3B004CA42C,68-2025-02-20,2025-02-20 11:22:40.929,0.1052829995759653,0.01318162794555726,0.051999999999999824,0.005344946351450776,0.021999999999999797,0.00823765604216857,0.030000000000000027,0.6488431082931831,-0.00800000000000023
1997,3B004CA42C,72-2025-02-20,2025-02-20 11:25:01.930,0.1050965973476147,0.014653897228658603,0.052999999999999936,0.006117190082649878,0.02299999999999991,0.00895384530818797,0.030000000000000027,0.6831913967796526,-0.007000000000000117
1998,3B0018A99B,73-2025-02-20,2025-02-20 11:26:17.928,0.0923253954854259,0.004748171037103665,0.03599999999999959,0.002841069683267983,0.020999999999999908,0.0021120355010936166,0.01499999999999968,1.345180837063047,0.006000000000000227
1999,3B004AB6A7,77-2025-02-20,2025-02-20 11:47:59.928,0.1025863851846928,0.013022207263289188,0.04299999999999993,0.0076732895750351165,0.0259999999999998,0.0058395135920033155,0.017000000000000126,1.3140288919856256,0.008999999999999675
2000,3B004CA42C,78-2025-02-20,2025-02-20 11:48:36.929,0.1050965973476147,0.013981280679997347,0.05699999999999994,0.005911891415100988,0.026999999999999913,0.00845980973968213,0.030000000000000027,0.6988208478696971,-0.0030000000000001137
2001,3B00484043,79-2025-02-20,2025-02-20 11:54:51.930,0.0933107542597867,0.0012337044743938605,0.02400000000000002,0.0005367261519287084,0.009000000000000008,0.0007815179143288271,0.015000000000000013,0.6867739588409211,-0.006000000000000005
2002,3B00484043,80-2025-02-20,2025-02-20 11:57:37.930,0.0933107542597867,-0.0003257433217053434,0.04300000000000015,-0.00043902767114618836,0.03600000000000003,0.0001393489325045546,0.007000000000000117,-3.1505635763075457,0.028999999999999915
2003,3B004CA42C,81-2025-02-20,2025-02-20 12:10:24.930,0.1050965973476148,0.014154552293420313,0.053999999999999826,0.005346562476790264,0.021999999999999797,0.009198768006523075,0.03200000000000003,0.5812259286242336,-0.010000000000000231
2004,3B004CA42C,82-2025-02-20,2025-02-20 12:21:07.929,0.1050965973476148,0.015342019794053433,0.05499999999999999,0.006235175050915087,0.022999999999999965,0.009547109487239013,0.03200000000000003,0.6530955845064134,-0.009000000000000064
2005,3B0018A99B,83-2025-02-20,2025-02-20 12:22:29.930,0.0930532966916632,0.010490933522106796,0.06999999999999984,0.007135896044416751,0.05499999999999994,0.003728368490231723,0.014999999999999902,1.913946023069529,0.040000000000000036
2006,3B004CA42C,85-2025-02-20,2025-02-20 12:25:54.929,0.1050965973476148,0.015073502248274626,0.04999999999999982,0.005916174312723399,0.020000000000000018,0.009615984482946332,0.029999999999999805,0.6152437457876062,-0.009999999999999787
2007,3B004CA42C,87-2025-02-20,2025-02-20 12:44:18.929,0.1050965973476148,0.014556158786241424,0.05600000000000005,0.005558736612524671,0.02300000000000013,0.009399343055202172,0.03299999999999992,0.5913962901320136,-0.009999999999999787
2008,3B00484043,88-2025-02-20,2025-02-20 12:45:16.929,0.095393295905724,0.013619470815401944,0.050000000000000044,0.00489789843610919,0.018999999999999906,0.009125846975577764,0.03100000000000014,0.5367061763381256,-0.012000000000000233
2009,3B00484043,89-2025-02-20,2025-02-20 12:47:09.929,0.0949824606942119,0.01283882838088056,0.05900000000000016,0.005130825504972622,0.028000000000000025,0.008069866544386354,0.03100000000000014,0.6358005397922946,-0.0030000000000001137
2010,3B00484043,92-2025-02-20,2025-02-20 12:54:00.929,0.0950110636337323,0.012552185423146813,0.05400000000000005,0.0048496593020008645,0.02300000000000013,0.008070917966152967,0.030999999999999917,0.6008807575964588,-0.007999999999999785
2011,3B0018A99B,94-2025-02-20,2025-02-20 12:55:40.929,0.0953464577083411,0.003866599373973892,0.038000000000000034,0.0024117840277899896,0.02400000000000002,0.0016222277329114893,0.014000000000000012,1.4867111311563181,0.010000000000000009
2012,3B0018A99B,95-2025-02-20,2025-02-20 12:57:16.929,0.0953464577083411,0.0045371543158623006,0.03699999999999992,0.0029039543235593276,0.02400000000000002,0.0018213026223200814,0.0129999999999999,1.5944381169671304,0.01100000000000012
2013,3B004CA42C,97-2025-02-20,2025-02-20 13:43:13.933,0.1050965973476148,0.015126685180307535,0.05099999999999999,0.005982494871518256,0.02100000000000002,0.009595046716568679,0.02999999999999997,0.6234982536549524,-0.008999999999999952
2014,3B00484043,98-2025-02-20,2025-02-20 13:48:53.933,0.0849299272322225,0.012733999955593869,0.052999999999999936,0.005035596055226949,0.02300000000000013,0.00807836114175855,0.029999999999999805,0.623343765754296,-0.006999999999999673
2015,3B004CA42C,100-2025-02-20,2025-02-20 14:06:23.938,0.1042199049109614,0.015150621496487174,0.05500000000000005,0.006395374426232912,0.02400000000000002,0.009163216661911687,0.031000000000000028,0.6979398896913859,-0.007000000000000006
2016,3B004CA42C,102-2025-02-20,2025-02-20 14:07:58.938,0.1050965973476148,0.01397674042565011,0.06099999999999994,0.006288416816334461,0.03300000000000003,0.008094303228013768,0.027999999999999914,0.7768941487848797,0.0050000000000001155
2017,3B0018C2F6,104-2025-02-20,2025-02-20 14:25:37.937,0.1440568605587275,0.026133604297709726,0.062000000000000055,0.017291790705393807,0.04400000000000004,0.009652501143753184,0.018000000000000016,1.7914310962381546,0.026000000000000023
2018,3B00484043,105-2025-02-20,2025-02-20 14:25:57.936,0.0956784993913067,0.012383447656037768,0.051000000000000156,0.00529877798134037,0.02300000000000013,0.0074591024650524276,0.028000000000000025,0.7103774222389807,-0.004999999999999893
2019,3B00192E1E,107-2025-02-20,2025-02-20 14:31:47.937,0.1013994993325588,0.004788535981656598,0.04300000000000004,0.0024323863464655645,0.02200000000000002,0.0025234733486446215,0.02100000000000002,0.9639041156396676,0.0010000000000000009
2020,3B004AB6A7,108-2025-02-20,2025-02-20 14:32:21.936,0.1025863851846929,0.01401909574512905,0.04700000000000004,0.00511590086829525,0.018000000000000016,0.009360830174466676,0.029000000000000026,0.5465221324332725,-0.01100000000000001
2021,3B0018C2F6,110-2025-02-20,2025-02-20 14:34:02.936,0.1571190912084223,0.02378033373682818,0.07800000000000007,0.015647285437737548,0.05500000000000005,0.008826181602017556,0.02300000000000002,1.772826137427398,0.03200000000000003
2022,3B004AB6A7,111-2025-02-20,2025-02-20 14:40:22.936,0.1073037683181925,0.01656630792052882,0.04800000000000004,0.006573801032962576,0.020000000000000018,0.01051819595065923,0.028000000000000025,0.6249932083220566,-0.008000000000000007
2023,3B0018C2F6,113-2025-02-20,2025-02-20 14:54:51.935,0.1571190912084223,0.02365701159470573,0.05399999999999999,0.014213414171076744,0.033999999999999975,0.010280269641448854,0.020000000000000018,1.382591572673338,0.013999999999999957
2024,3B004CA42C,115-2025-02-20,2025-02-20 14:56:36.937,0.1050965973476148,0.012418559825801246,0.05499999999999994,0.006679322246265056,0.029999999999999805,0.0061193668368111935,0.025000000000000133,1.09150544891106,0.004999999999999671
2025,3B0018C2F6,116-2025-02-20,2025-02-20 14:56:39.936,0.1571190912084223,0.025917389267890997,0.05299999999999999,0.015355379731108836,0.032999999999999974,0.011438998958265043,0.020000000000000018,1.3423709353530522,0.012999999999999956
2026,3B00484043,117-2025-02-20,2025-02-20 15:05:42.934,0.0966376200410041,0.0036660411226894962,0.07299999999999995,0.0011885508481042071,0.029999999999999805,0.002547128399893293,0.04300000000000015,0.466623845171684,-0.013000000000000345
2027,3B0018C2F6,120-2025-02-20,2025-02-20 15:16:39.935,0.1454858540494198,0.025027209010634235,0.07699999999999996,0.014616793996903183,0.05499999999999994,0.011218748694455782,0.02200000000000002,1.302889867220815,0.03299999999999992
2028,3B00192E1E,121-2025-02-20,2025-02-20 15:17:24.935,0.0967938598391221,0.004786817536459586,0.04599999999999982,0.0030210643495082344,0.029999999999999805,0.0019351600929509143,0.016000000000000014,1.561144403769422,0.01399999999999979
2029,3B0018C2F6,123-2025-02-20,2025-02-20 15:24:33.936,0.1533584580531357,0.025872572438047223,0.04800000000000004,0.015535053224539293,0.030000000000000027,0.011262579924452131,0.018000000000000016,1.3793512080488075,0.01200000000000001
2030,3B004CA42C,126-2025-02-20,2025-02-20 15:36:12.934,0.1078118255418918,0.013399030794814765,0.07299999999999995,0.0057319895778534715,0.04400000000000004,0.008044165975055292,0.028999999999999915,0.7125648072936576,0.015000000000000124
2031,3B0018C2F6,127-2025-02-20,2025-02-20 15:36:15.933,0.1571190912084223,0.023116048391335305,0.07599999999999998,0.013300053184294136,0.05400000000000002,0.010605602057515975,0.021999999999999964,1.2540592332397253,0.032000000000000056
2032,3B004AB6A7,129-2025-02-20,2025-02-20 15:56:53.934,0.1025863851846929,0.015372850169452605,0.07900000000000007,0.007159515303855309,0.05400000000000005,0.008690092574167143,0.025000000000000022,0.8238710051419074,0.029000000000000026
2033,3B0018C2F6,130-2025-02-20,2025-02-20 15:57:17.934,0.1495466800217485,0.02581844199489494,0.05499999999999994,0.015249638166160342,0.03499999999999992,0.011456656126610355,0.020000000000000018,1.3310723476058632,0.014999999999999902
2034,3B00192E1E,131-2025-02-20,2025-02-20 15:58:01.935,0.1013994993325588,0.013433003048585471,0.05400000000000005,0.005535653096598884,0.02400000000000002,0.008287584269819136,0.030000000000000027,0.6679453163158836,-0.006000000000000005
2035,3B004CA42C,134-2025-02-20,2025-02-20 16:45:22.941,0.1006368556754845,0.014409215515352748,0.08800000000000002,0.004495621067837598,0.05499999999999999,0.01035057528781584,0.03300000000000003,0.43433538164101954,0.021999999999999964
2036,3B0018C2F6,138-2025-02-20,2025-02-20 16:50:15.943,0.1571190912084223,0.02403677483250804,0.04800000000000004,0.014404750975145793,0.029000000000000026,0.010494152863788166,0.019000000000000017,1.3726454304712676,0.010000000000000009
