,id,visit,visit_datetime,group,scare_control,scare_outcome,day,datetime,t12,t23,t34,t45,v1,v2,v3,v4,avg.v,acc1,acc2,acc3,avg.acc,species,sex,age,exp_order,prev_scares
0,3B0019B8CC,first visit,2024-12-12 08:10:47.773249,treatment,SCARE,1.0,2024-12-12,2024-12-12 08:10:48.366,0.1330001354217529,0.0739998817443847,0.0740001201629638,0.0739998817443847,1.0150365604659377,1.82432723968838,1.824321361947812,1.82432723968838,1.5211266788360878,7.819232967240845,-7.94289255684788e-05,7.94289255684788e-05,-2.2116032498835563,greti,F,5,1,0.0
1,01103FA4B2,first visit,2024-12-12 08:11:27.384591,treatment,SCARE,0.0,2024-12-12,2024-12-12 08:11:28.788,0.1429998874664306,0.0740001201629638,0.0739998817443847,0.0729999542236328,0.9440566869795012,1.824321361947812,1.82432723968838,1.8493162281503928,1.4835171209503213,8.113038193728356,7.94289255684788e-05,0.3399866169571803,-1.8384063181280816,bluti,M,6,1,0.0
2,3B0019B8CC,not first visit,2024-12-12 08:12:36.364722,treatment,SCARE,1.0,2024-12-12,2024-12-12 08:12:40.302,2.816999912261963,0.0740001201629638,0.0739998817443847,0.0740001201629638,0.0479233241763217,1.824321361947812,1.82432723968838,1.824321361947812,0.1776900276076002,1.2289159583865346,7.94289255684788e-05,-7.94289255684788e-05,1.7942471080216231,greti,F,5,1,1.0
3,3B00182A81,first visit,2024-12-12 08:13:18.069107,treatment,SCARE,0.0,2024-12-12,2024-12-12 08:13:18.692,0.1480000019073486,0.0740001201629638,0.0739998817443847,0.0740001201629638,0.9121621504066808,1.824321361947812,1.82432723968838,1.824321361947812,1.4594589704315957,8.217646035818213,7.94289255684788e-05,-7.94289255684788e-05,-1.6975393667469552,bluti,F,6,1,0.0
4,01103F9A64,first visit,2024-12-12 08:13:56.411985,treatment,SCARE,1.0,2024-12-12,2024-12-12 08:13:59.051,4.460999965667725,0.0739998817443847,0.0740001201629638,0.0739998817443847,0.0302622732658535,1.82432723968838,1.824321361947812,1.82432723968838,0.1153107019805849,0.7912083910857491,-7.94289255684788e-05,7.94289255684788e-05,1.8117988711527573,greti,M ,5,1,0.0
5,3B00190DF0,not first visit,2024-12-12 08:14:15.959957,treatment,SCARE,1.0,2024-12-12,2024-12-12 08:14:17.056,0.0989999771118164,0.1530001163482666,0.0729999542236328,0.0739998817443847,1.3636366789006735,0.8823522701950512,1.8493162281503928,1.82432723968838,1.3533836980222012,-3.819716112778808,8.557200495631822,-0.3399866169571803,-2.539310132793775,greti,M,6,1,0.0
6,3B00190DF0,not first visit,2024-12-12 08:16:06.831231,treatment,nah,0.0,2024-12-12,2024-12-12 08:16:08.987,1.319000005722046,0.0740001201629638,0.0679998397827148,0.0740001201629638,0.1023502649085269,1.824321361947812,1.9852987952821064,1.824321361947812,0.3517915112739364,2.4723200881913368,2.267288432980896,-2.267288432980896,1.702257841238552,greti,M,6,1,1.0
7,01103F9A64,not first visit,2024-12-12 08:18:11.569657,treatment,nah,0.0,2024-12-12,2024-12-12 08:18:13.309,0.1410000324249267,0.0739998817443847,0.0690000057220459,0.0690000057220459,0.9574465883323724,1.82432723968838,1.95652157687962,1.95652157687962,1.5297453648514208,8.064009278378993,1.8488733037957423,0.0,-1.904151605181705,greti,M ,5,1,1.0
8,3B00190DF0,not first visit,2024-12-12 08:18:46.196700,treatment,nah,0.0,2024-12-12,2024-12-12 08:18:48.325,1.003000020980835,0.0739998817443847,0.0740001201629638,0.0739998817443847,0.1345962085504079,1.82432723968838,1.824321361947812,1.82432723968838,0.4408163608485911,3.137848066396866,-7.94289255684788e-05,7.94289255684788e-05,1.628265742656523,greti,M,6,1,1.0
9,01103F9A64,not first visit,2024-12-12 08:19:57.217595,treatment,SCARE,1.0,2024-12-12,2024-12-12 08:19:58.341,0.1480000019073486,0.0739998817443847,0.0740001201629638,0.0690000057220459,0.9121621504066808,1.82432723968838,1.824321361947812,1.95652157687962,1.4794520161393043,8.217707813871431,-7.94289255684788e-05,1.848952427330212,-1.5996660646720842,greti,M ,5,1,1.0
10,3B00182A81,not first visit,2024-12-12 08:20:09.072778,treatment,SCARE,1.0,2024-12-12,2024-12-12 08:20:10.557,0.1480000019073486,0.0740001201629638,0.0739998817443847,0.064000129699707,0.9121621504066808,1.824321361947812,1.82432723968838,2.109370725238046,1.4999994436901884,8.217646035818213,7.94289255684788e-05,4.131064665384407,-1.481817885959405,bluti,F,6,1,0.0
11,3B00190DF0,not first visit,2024-12-12 08:20:40.142182,treatment,nah,0.0,2024-12-12,2024-12-12 08:20:43.499,0.1469998359680175,0.1470000743865966,0.0740001201629638,12.810999870300291,0.9183683717128204,0.918366882216416,1.824321361947812,0.0105378191684296,0.0409742775676391,-1.0132631691983671e-05,8.198675857076957,-0.2815341162781283,-0.1265320860818417,greti,M,6,1,1.0
12,01103FA4B2,not first visit,2024-12-12 09:02:41.875948,treatment,nah,0.0,2024-12-12,2024-12-12 09:02:42.899,0.1430001258850097,0.062000036239624,0.0669999122619628,0.0659999847412109,0.9440551129903,2.177418082115925,2.014928011728786,2.04545501835101,1.597632856613822,12.032799938721794,-2.519226903181909,0.459053086657584,-1.9976074979969152,bluti,M,6,1,0.0
13,01103FA4B2,not first visit,2024-12-12 09:05:15.326476,treatment,nah,0.0,2024-12-12,2024-12-12 09:05:16.843,0.1449999809265136,0.0680000782012939,0.0729999542236328,0.0670001506805419,0.9310346052281092,1.985291834523672,1.8493162281503928,2.0149208416512763,1.5297443316515715,9.899126165622055,-1.928731561755867,2.365778420155234,-1.754448530691966,bluti,M,6,1,0.0
14,01103FA4B2,not first visit,2024-12-12 09:05:15.326476,treatment,nah,0.0,2024-12-12,2024-12-12 09:05:18.263,0.1400001049041748,0.0629999637603759,0.0720000267028808,0.0729999542236328,0.9642849917319906,2.142858375498125,1.874999304612736,1.8493162281503928,1.55172391680563,11.611556503595851,-3.968282811964984,-0.3542493771134822,-2.143581957214315,bluti,M,6,1,0.0
15,3B00190DF0,not first visit,2024-12-12 09:05:23.100801,treatment,nah,0.0,2024-12-12,2024-12-12 09:05:23.872,0.1459999084472656,0.0740001201629638,0.0739998817443847,0.0780000686645507,0.9246581140751968,1.824321361947812,1.82432723968838,1.7307677071488832,1.4516129850969153,8.17875573522342,7.94289255684788e-05,-1.2310468824205203,-1.8256097851259456,greti,M,6,1,1.0
16,3B00190DF0,not first visit,2024-12-12 09:07:27.749488,treatment,nah,0.0,2024-12-12,2024-12-12 09:07:29.177,0.1419999599456787,0.0739998817443847,0.0789999961853027,0.0680000782012939,0.950704493519882,1.82432723968838,1.7088608420099594,1.985291834523672,1.4876036497098255,8.089105430197979,-1.5093658797752028,3.760963981374928,-1.6996107742094886,greti,M,6,1,1.0
17,3B00190DF0,not first visit,2024-12-12 09:09:06.025216,treatment,nah,0.0,2024-12-12,2024-12-12 09:09:07.303,0.1440000534057617,0.0720000267028808,0.0669999122619628,0.0690000057220459,0.9374996523063678,1.874999304612736,2.014928011728786,1.95652157687962,1.5340909174035404,8.680549116785782,2.013363576388933,-0.8589186775249998,-1.862214767262064,greti,M,6,1,1.0
18,3B00190DF0,not first visit,2024-12-12 09:11:42.673631,treatment,nah,0.0,2024-12-12,2024-12-12 09:11:44.027,0.124000072479248,0.0690000057220459,0.0739998817443847,0.0740001201629638,1.0887090410579627,1.95652157687962,1.82432723968838,1.824321361947812,1.5835773405916975,8.992872375072837,-1.8488733037957423,-7.94289255684788e-05,-2.674476629765248,greti,M,6,1,1.0
19,3B00190DF0,not first visit,2024-12-12 09:11:42.673631,treatment,nah,0.0,2024-12-12,2024-12-12 09:11:45.683,1.4619998931884766,0.0740001201629638,0.0729999542236328,0.0789999961853027,0.0923392680320779,1.824321361947812,1.8493162281503928,1.7088608420099594,0.3199052201381783,2.255184998516602,0.3400660347537917,-1.8480977890131889,1.608218590116249,greti,M,6,1,1.0
20,3B00190DF0,not first visit,2024-12-12 09:14:03.784920,treatment,nah,0.0,2024-12-12,2024-12-12 09:14:04.321,0.2369999885559082,0.1449999809265136,0.0779998302459716,0.0720000267028808,0.5696202806699865,0.9310346052281092,1.7307729975088262,1.874999304612736,1.0150379251481938,1.8922217457127493,7.1725477082322495,1.9230192619862048,0.3660706845199784,greti,M,6,1,1.0
21,3B00190DF0,not first visit,2024-12-12 09:15:39.023402,treatment,nah,0.0,2024-12-12,2024-12-12 09:15:40.604,0.117999792098999,0.1490001678466797,0.0720000267028808,0.062000036239624,1.1440698123157558,0.9060392478142322,1.874999304612736,2.177418082115925,1.3466333395960322,-1.7830007506364498,8.768861572935933,4.513710976881378,-1.5012617004366118,greti,M,6,1,1.0
22,3B0019B8CC,not first visit,2024-12-12 09:15:43.553534,treatment,SCARE,0.0,2024-12-12,2024-12-12 09:15:44.159,0.7269999980926514,0.0740001201629638,0.0729999542236328,0.0740001201629638,0.1856946359754943,1.824321361947812,1.8493162281503928,1.824321361947812,0.5696201374125704,4.091451895265262,0.3400660347537917,-0.3400660347537917,1.4851531597712757,greti,F,5,1,2.0
23,3B00190DF0,not first visit,2024-12-12 09:17:36.002814,treatment,nah,0.0,2024-12-12,2024-12-12 09:17:36.636,0.1180000305175781,0.059999942779541,0.0490000247955322,0.0559999942779541,1.1440675007273786,2.2500021457692583,2.755100646649248,2.410714532039629,1.908127259921752,12.42623383089888,9.267865158438784,-6.559734324783187,-3.426365149733387,greti,M,6,1,1.0
24,3B00190DF0,not first visit,2024-12-12 09:19:17.303419,treatment,nah,0.0,2024-12-12,2024-12-12 09:19:18.417,0.1380000114440918,0.0750000476837158,0.0739998817443847,0.0680000782012939,0.9782607884398098,1.799998855591548,1.82432723968838,1.985291834523672,1.5211266788360878,7.715848253907443,0.3265556459014513,2.267107609000283,-1.8966958178489928,greti,M,6,1,1.0
25,3B0019B8CC,not first visit,2024-12-12 09:21:55.722633,treatment,SCARE,1.0,2024-12-12,2024-12-12 09:21:57.675,0.1480000019073486,0.0789999961853027,0.0740001201629638,0.0739998817443847,0.9121621504066808,1.7088608420099594,1.824321361947812,1.82432723968838,1.4400000000000002,7.019371791167163,1.5092866945935626,7.94289255684788e-05,-1.6308316595760388,greti,F,5,1,2.0
26,01103FA4B2,not first visit,2024-12-12 09:24:25.928379,treatment,nah,0.0,2024-12-12,2024-12-12 09:24:26.884,0.1480000019073486,0.0739998817443847,0.0690000057220459,0.0740001201629638,0.9121621504066808,1.82432723968838,1.95652157687962,1.824321361947812,1.4794520161393043,8.217707813871431,1.8488733037957423,-1.848952427330212,-1.7668689346950317,bluti,M,6,1,0.0
27,01103FA4B2,not first visit,2024-12-12 09:29:15.722220,treatment,nah,0.0,2024-12-12,2024-12-12 09:29:17.480,0.1529998779296875,0.0690000057220459,0.0740001201629638,0.0729999542236328,0.8823536451580732,1.95652157687962,1.824321361947812,1.8493162281503928,1.4634148005618668,9.677193645800894,-1.848952427330212,0.3400660347537917,-1.597377133291263,bluti,M,6,1,0.0
28,3B0019B8CC,not first visit,2024-12-12 09:29:54.849050,treatment,nah,0.0,2024-12-12,2024-12-12 09:29:57.296,0.1480000019073486,0.0739998817443847,0.0690000057220459,0.0740001201629638,0.9121621504066808,1.82432723968838,1.95652157687962,1.824321361947812,1.4794520161393043,8.217707813871431,1.8488733037957423,-1.848952427330212,-1.7668689346950317,greti,F,5,1,3.0
29,01103FA4B2,not first visit,2024-12-12 09:29:58.706680,treatment,SCARE,1.0,2024-12-12,2024-12-12 09:29:59.843,0.1480000019073486,0.0740001201629638,0.0759999752044677,0.0739998817443847,0.9121621504066808,1.824321361947812,1.776316369009339,1.82432723968838,1.4516129850969153,8.217646035818213,-0.6400661655698638,0.6401455528775826,-1.6705464017706348,bluti,M,6,1,0.0
30,3B001874E8,not first visit,2024-12-12 09:37:00.572325,treatment,SCARE,1.0,2024-12-12,2024-12-12 09:37:03.039,0.1529998779296875,0.1480000019073486,0.0740001201629638,0.0739998817443847,0.8823536451580732,0.9121621504066808,1.824321361947812,1.82432723968838,1.2026729225452704,0.1980632368673784,8.217646035818213,7.94289255684788e-05,-0.8056389008237241,bluti,F,6,1,0.0
31,3B0019B8CC,not first visit,2024-12-12 09:43:19.293153,treatment,nah,0.0,2024-12-12,2024-12-12 09:43:21.056,0.1489999294281005,0.0740001201629638,0.0789999961853027,0.0739998817443847,0.9060406975906912,1.824321361947812,1.7088608420099594,1.82432723968838,1.4361704896078649,8.235699194157634,-1.5092866945935626,1.5093658797752028,-1.601157155224179,greti,F,5,1,3.0
32,3B0019B8CC,not first visit,2024-12-12 09:44:37.903277,treatment,nah,0.0,2024-12-12,2024-12-12 09:44:40.460,0.1480000019073486,0.0690000057220459,0.0739998817443847,0.0729999542236328,0.9121621504066808,1.95652157687962,1.82432723968838,1.8493162281503928,1.4835171209503213,9.625432163638978,-1.8488733037957423,0.3399866169571803,-1.7489584632096264,greti,F,5,1,3.0
33,3B0019B8CC,not first visit,2024-12-12 09:45:57.166565,treatment,nah,0.0,2024-12-12,2024-12-12 09:45:58.919,0.1430001258850097,0.0690000057220459,0.0739998817443847,5.424000024795532,0.9440551129903,1.95652157687962,1.82432723968838,0.0248893804171929,0.0945709275643442,9.551564484553587,-1.8488733037957423,-0.6545790796142942,-0.2976990784888138,greti,F,5,1,3.0
34,01103FA4B2,not first visit,2024-12-12 09:57:16.421346,treatment,SCARE,0.0,2024-12-12,2024-12-12 09:57:17.580,0.1500000953674316,0.0739998817443847,0.0690000057220459,0.0740001201629638,0.899999427795774,1.82432723968838,1.95652157687962,1.824321361947812,1.47138923283809,8.252927735177398,1.8488733037957423,-1.848952427330212,-1.705088224818111,bluti,M,6,1,1.0
35,01103FA4B2,not first visit,2024-12-12 09:58:44.379754,treatment,SCARE,1.0,2024-12-12,2024-12-12 09:58:46.061,0.1480000019073486,0.0739998817443847,0.0740001201629638,0.0739998817443847,0.9121621504066808,1.82432723968838,1.824321361947812,1.82432723968838,1.4594599108700863,8.217707813871431,-7.94289255684788e-05,7.94289255684788e-05,-1.6975351100048686,bluti,M,6,1,1.0
36,3B00185E23,not first visit,2024-12-12 10:05:43.739371,treatment,nah,0.0,2024-12-12,2024-12-12 10:05:43.762,0.1480000019073486,0.0679998397827148,0.0789999961853027,0.0789999961853027,0.9121621504066808,1.9852987952821064,1.7088608420099594,1.7088608420099594,1.4438509079990745,9.936457698105732,-3.7610647855728327,0.0,-1.792723526964619,bluti,M,6,1,0.0
37,3B00190DF0,not first visit,2024-12-12 10:30:14.228335,treatment,SCARE,1.0,2024-12-12,2024-12-12 10:30:15.815,0.1480000019073486,0.0690000057220459,0.0729999542236328,0.0739998817443847,0.9121621504066808,1.95652157687962,1.8493162281503928,1.82432723968838,1.4835171209503213,9.625432163638978,-1.5099349150554262,-0.3399866169571803,-1.7810581538219612,greti,M,6,1,1.0
38,3B00190DF0,not first visit,2024-12-12 10:34:22.920058,treatment,SCARE,1.0,2024-12-12,2024-12-12 10:34:24.509,0.1480000019073486,0.0690000057220459,0.0679998397827148,0.064000129699707,0.9121621504066808,1.95652157687962,1.9852987952821064,2.109370725238046,1.54727803843663,9.625432163638978,0.4201058518928999,1.879878161221272,-1.644384350209044,greti,M,6,1,2.0
39,01103F88A1,first visit,2024-12-12 11:15:18.017129,treatment,SCARE,0.0,2024-12-12,2024-12-12 11:15:18.267,0.1470000743865966,0.0680000782012939,0.0690000057220459,0.0739998817443847,0.918366882216416,1.985291834523672,1.95652157687962,1.82432723968838,1.508379719505235,9.92487623348178,-0.4200035039416624,-1.8488733037957423,-1.8862450924424328,bluti,M,6,1,0.0
40,3B00190DF0,not first visit,2024-12-12 11:18:46.662211,treatment,SCARE,0.0,2024-12-12,2024-12-12 11:18:46.741,2.2710001468658447,0.0729999542236328,0.0780000686645507,0.0719997882843017,0.0594451744912083,1.8493162281503928,1.7307677071488832,1.875005513445854,0.2165196507961211,1.5271936659279697,-1.5701788481091308,1.923172584706579,1.83005642087884,greti,M,6,1,3.0
41,01103F9A64,not first visit,2024-12-12 11:48:21.921419,treatment,SCARE,1.0,2024-12-12,2024-12-12 11:48:25.653,0.1419999599456787,0.1369998455047607,0.0690000057220459,0.0740001201629638,0.950704493519882,0.9854025710949342,1.95652157687962,1.824321361947812,1.279621061290534,0.2487319123325763,9.4283466711389,-1.848952427330212,-1.2034010033083735,greti,M ,5,1,2.0
42,01103FD2E8,first visit,2024-12-12 11:48:38.852234,treatment,SCARE,0.0,2024-12-12,2024-12-12 11:48:39.372,0.1319999694824218,0.1470000743865966,0.0690000057220459,0.0789999961853027,1.022727509175505,0.918366882216416,1.95652157687962,1.7088608420099594,1.2646368667670222,-0.7481047351238627,9.612539904068909,-3.346766644296417,-1.4722505388559397,greti,F ,5,1,0.0
43,01103FD2E8,first visit,2024-12-12 11:48:38.852234,treatment,SCARE,0.0,2024-12-12,2024-12-12 11:48:41.330,0.0930001735687255,0.1480000019073486,0.0739998817443847,0.0680000782012939,1.4516101940415975,0.9121621504066808,1.82432723968838,1.985291834523672,1.4099211724960925,-4.476743990491174,8.217707813871431,2.267107609000283,-2.813419399451605,greti,F ,5,1,0.0
44,3B0019B8CC,not first visit,2024-12-12 11:48:53.959075,treatment,nah,0.0,2024-12-12,2024-12-12 11:48:54.493,0.1429998874664306,0.0740001201629638,0.0739998817443847,0.0680000782012939,0.9440566869795012,1.824321361947812,1.82432723968838,1.985291834523672,1.5041784088380914,8.113038193728356,7.94289255684788e-05,2.267107609000283,-1.7387978846266263,greti,F,5,1,3.0
45,3B00190DF0,not first visit,2024-12-12 11:49:10.727856,treatment,nah,0.0,2024-12-12,2024-12-12 11:49:11.006,0.0639998912811279,0.0740001201629638,0.0739998817443847,0.0729999542236328,2.109378583269693,1.824321361947812,1.82432723968838,1.8493162281503928,1.8947378565405364,-4.131263734530435,7.94289255684788e-05,0.3399866169571803,-7.893775306800413,greti,M,6,1,3.0
46,01103FA4B2,not first visit,2024-12-12 11:50:13.106971,treatment,SCARE,0.0,2024-12-12,2024-12-12 11:50:13.454,0.4279999732971191,0.064000129699707,0.0629999637603759,0.0789999961853027,0.3154205804267247,2.109370725238046,2.142858375498125,1.7088608420099594,0.8517349312139905,7.292478736830239,0.527364182934315,-6.112643040944363,0.8798975947018749,bluti,M,6,1,2.0
47,01103FA4B2,not first visit,2024-12-12 11:50:13.106971,treatment,SCARE,0.0,2024-12-12,2024-12-12 11:50:14.384,1.7760000228881836,0.1480000019073486,0.0739998817443847,0.0740001201629638,0.07601351253389,0.9121621504066808,1.82432723968838,1.824321361947812,0.2606177572590517,0.869177367044629,8.217707813871431,-7.94289255684788e-05,1.758049770400854,bluti,M,6,1,2.0
48,3B0019B8CC,not first visit,2024-12-12 11:50:30.085000,treatment,SCARE,1.0,2024-12-12,2024-12-12 11:50:32.420,0.1480000019073486,0.0679998397827148,0.0740001201629638,0.0789999961853027,0.9121621504066808,1.9852987952821064,1.824321361947812,1.7088608420099594,1.4634148005618668,9.936457698105732,-2.267288432980896,-1.5092866945935626,-1.8612459948182456,greti,F,5,1,3.0
49,01103FD2E8,not first visit,2024-12-12 11:51:13.544238,treatment,nah,0.0,2024-12-12,2024-12-12 11:51:14.160,0.1389999389648437,0.0709998607635498,0.062000036239624,0.4650001525878906,0.9712234480487404,1.9014121795194685,2.177418082115925,0.2903224853769986,0.7327001470625343,8.858948748273109,4.1504679148717045,-7.161650552488006,-1.9423753900361915,greti,F ,5,1,0.0
50,01103FD2E8,not first visit,2024-12-12 11:52:32.413338,treatment,SCARE,0.0,2024-12-12,2024-12-12 11:52:33.121,0.1559998989105224,0.0729999542236328,0.0740001201629638,0.0739998817443847,0.865385176162406,1.8493162281503928,1.824321361947812,1.82432723968838,1.4323612934560717,8.593289808020705,-0.3400660347537917,7.94289255684788e-05,-1.4786700607383474,greti,F ,5,1,0.0
51,01103FD2E8,not first visit,2024-12-12 11:54:46.140495,treatment,nah,0.0,2024-12-12,2024-12-12 11:54:46.693,0.1480000019073486,0.0739998817443847,0.0729999542236328,0.0750000476837158,0.9121621504066808,1.82432723968838,1.8493162281503928,1.799998855591548,1.4594599108700863,8.217707813871431,0.3399866169571803,-0.6664509719360568,-1.7286767410310626,greti,F ,5,1,0.0
52,01103FD2E8,not first visit,2024-12-12 11:55:45.339891,treatment,nah,0.0,2024-12-12,2024-12-12 11:55:46.021,0.1530001163482666,0.0729999542236328,0.0740001201629638,0.0789999961853027,0.8823522701950512,1.8493162281503928,1.824321361947812,1.7088608420099594,1.4248014081157896,8.557200495631822,-0.3400660347537917,-1.5092866945935626,-1.64608908901475,greti,F ,5,1,0.0
53,3B00190DF0,not first visit,2024-12-12 11:56:06.884640,treatment,nah,0.0,2024-12-12,2024-12-12 11:56:08.019,0.1469998359680175,0.0740001201629638,0.0739998817443847,0.0730001926422119,0.9183683717128204,1.824321361947812,1.82432723968838,1.8493101882848608,1.4673911826597146,8.198671222342279,7.94289255684788e-05,0.3399038905351528,-1.7102569202557172,greti,M,6,1,3.0
54,01103FD2E8,not first visit,2024-12-12 11:59:11.517375,treatment,SCARE,0.0,2024-12-12,2024-12-12 11:59:12.549,0.1470000743865966,0.0789999961853027,0.0729999542236328,0.0739998817443847,0.918366882216416,1.7088608420099594,1.8493162281503928,1.82432723968838,1.447721542370444,6.995519583628241,1.8480977890131889,-0.3399866169571803,-1.6742142172700991,greti,F ,5,1,0.0
55,01103FA4B2,not first visit,2024-12-12 11:59:58.103850,treatment,SCARE,1.0,2024-12-12,2024-12-12 11:59:59.421,0.1470000743865966,0.0739998817443847,0.0740001201629638,0.0739998817443847,0.918366882216416,1.82432723968838,1.824321361947812,1.82432723968838,1.4634148005618668,8.198737894183317,-7.94289255684788e-05,7.94289255684788e-05,-1.7283495625028964,bluti,M,6,1,2.0
56,3B001874E8,not first visit,2024-12-12 12:01:28.171645,treatment,nah,0.0,2024-12-12,2024-12-12 12:01:29.205,1.6010000705718994,0.1480000019073486,0.0789999961853027,0.0729999542236328,0.0843222948464806,0.9121621504066808,1.7088608420099594,1.8493162281503928,0.284061017095402,0.9466435920573956,7.019371791167163,1.8480977890131889,1.7700659518204007,bluti,F,6,1,1.0
57,01103FD2E8,not first visit,2024-12-12 12:01:40.657464,treatment,SCARE,0.0,2024-12-12,2024-12-12 12:01:42.426,0.1459999084472656,0.0739998817443847,0.0730001926422119,0.0739998817443847,0.9246581140751968,1.82432723968838,1.8493101882848608,1.82432723968838,1.4713901887145466,8.178818032775817,0.3399038905351528,-0.3399038905351528,-1.7735646820008983,greti,F ,5,1,0.0
58,3B00190DF0,not first visit,2024-12-12 12:02:57.172130,treatment,nah,0.0,2024-12-12,2024-12-12 12:02:58.425,0.1470000743865966,0.0739998817443847,0.0730001926422119,0.0739998817443847,0.918366882216416,1.82432723968838,1.8493101882848608,1.82432723968838,1.4673911826597146,8.198737894183317,0.3399038905351528,-0.3399038905351528,-1.742145362826118,greti,M,6,1,3.0
59,3B00190DF0,not first visit,2024-12-12 12:02:57.172130,treatment,nah,0.0,2024-12-12,2024-12-12 12:02:59.181,1.4159998893737793,0.0740001201629638,0.0780000686645507,0.0789999961853027,0.0953389904992882,1.824321361947812,1.7307677071488832,1.7088608420099594,0.3278688376508519,2.3207816917881536,-1.2309676128769946,-0.2790682304478584,1.6028697619097767,greti,M,6,1,3.0
60,3B0019B8CC,not first visit,2024-12-12 12:13:05.434947,treatment,SCARE,1.0,2024-12-12,2024-12-12 12:13:07.231,0.1480000019073486,0.1419999599456787,0.0740001201629638,0.0680000782012939,0.9121621504066808,0.950704493519882,1.824321361947812,1.985291834523672,1.2499995364084904,0.2658092978145589,8.089042078026296,2.267186587485454,-0.8300224003842855,greti,F,5,1,4.0
61,01103FA4B2,not first visit,2024-12-12 12:26:33.947177,treatment,nah,0.0,2024-12-12,2024-12-12 12:26:34.760,0.1459999084472656,0.0720000267028808,0.0730001926422119,0.0719997882843017,0.9246581140751968,1.874999304612736,1.8493101882848608,1.875005513445854,1.4876036497098255,8.718729112309099,-0.3543321029982201,0.3544183247033106,-1.765379791993189,bluti,M,6,1,3.0
62,3B00191394,not first visit,2024-12-12 12:26:46.815988,treatment,SCARE,0.0,2024-12-12,2024-12-12 12:26:48.516,0.0639998912811279,0.1470000743865966,0.0740001201629638,0.0739998817443847,2.109378583269693,0.918366882216416,1.824321361947812,1.82432723968838,1.5041784088380914,-11.289212273416585,8.198675857076957,7.94289255684788e-05,-5.44938997977825,bluti,F,5,1,0.0
63,3B00182A81,not first visit,2024-12-12 12:26:51.329358,treatment,SCARE,0.0,2024-12-12,2024-12-12 12:26:52.158,0.1430001258850097,0.0729999542236328,0.0739998817443847,0.0789999961853027,0.9440551129903,1.8493162281503928,1.82432723968838,1.7088608420099594,1.4634148005618668,8.382044253916666,-0.3399866169571803,-1.5093658797752028,-1.950268963684058,bluti,F,6,1,1.0
64,01103FA4B2,not first visit,2024-12-12 12:28:01.542258,treatment,SCARE,0.0,2024-12-12,2024-12-12 12:28:03.297,0.1460001468658447,0.0739998817443847,0.0690000057220459,0.0690000057220459,0.9246566041063478,1.82432723968838,1.95652157687962,1.95652157687962,1.508379719505235,8.178822896209384,1.8488733037957423,0.0,-1.7347228856978627,bluti,M,6,1,3.0
65,01103FA4B2,not first visit,2024-12-12 12:29:03.176907,treatment,SCARE,1.0,2024-12-12,2024-12-12 12:29:04.629,0.1440000534057617,0.0739998817443847,0.0680000782012939,0.0740001201629638,0.9374996523063678,1.82432723968838,1.985291834523672,1.824321361947812,1.4999994436901884,8.136035332040018,2.267107609000283,-2.267186587485454,-1.9107363183986712,bluti,M,6,1,3.0
66,3B00190DF0,not first visit,2024-12-12 12:30:24.715753,treatment,nah,0.0,2024-12-12,2024-12-12 12:30:26.227,0.1480000019073486,0.0729999542236328,0.0740001201629638,0.0690000057220459,0.9121621504066808,1.8493162281503928,1.824321361947812,1.95652157687962,1.483516149252617,8.481034061276315,-0.3400660347537917,1.848952427330212,-1.6135835942352026,greti,M,6,1,3.0
67,3B00190DF0,not first visit,2024-12-12 12:30:24.715753,treatment,nah,0.0,2024-12-12,2024-12-12 12:30:28.094,1.0049998760223389,0.0740001201629638,0.0739998817443847,0.0789999961853027,0.1343283747798186,1.824321361947812,1.82432723968838,1.7088608420099594,0.4383117330981143,3.1325171327948023,7.94289255684788e-05,-1.5093658797752028,1.5141820204915084,greti,M,6,1,3.0
68,3B0019B8CC,not first visit,2024-12-12 12:31:00.846026,treatment,SCARE,1.0,2024-12-12,2024-12-12 12:31:02.719,0.1459999084472656,0.0739998817443847,0.0740001201629638,0.0680000782012939,0.9246581140751968,1.82432723968838,1.824321361947812,1.985291834523672,1.4917127543406017,8.178818032775817,-7.94289255684788e-05,2.267186587485454,-1.6408184845580462,greti,F,5,1,5.0
69,3B00190DF0,not first visit,2024-12-12 12:32:20.741692,treatment,SCARE,1.0,2024-12-12,2024-12-12 12:32:22.251,0.1510000228881836,0.0690000057220459,0.0690000057220459,0.0729999542236328,0.8940395995831624,1.95652157687962,1.95652157687962,1.8493162281503928,1.4917127543406017,9.658925810221955,0.0,-1.5099349150554262,-1.726842170182256,greti,M,6,1,3.0
70,3B00182A81,not first visit,2024-12-12 12:37:56.982476,treatment,nah,0.0,2024-12-12,2024-12-12 12:37:57.927,0.1529998779296875,0.0700001716613769,0.0739998817443847,0.0780000686645507,0.8823536451580732,1.928566699136927,1.82432723968838,1.7307677071488832,1.4400000000000002,9.383074630677347,-1.4477697331795036,-1.2310468824205203,-1.669438668044826,bluti,F,6,1,1.0
71,3B00190DF0,not first visit,2024-12-12 12:38:13.109465,treatment,nah,0.0,2024-12-12,2024-12-12 12:38:14.784,0.0780000686645507,0.1380000114440918,0.0629999637603759,0.0740001201629638,1.7307677071488832,0.9782607884398098,2.142858375498125,1.824321361947812,1.5297443316515715,-6.967654070596469,11.588037121632729,-4.650172531697925,-4.423935938255436,greti,M,6,1,4.0
72,3B001874E8,not first visit,2024-12-12 12:40:09.554679,treatment,nah,0.0,2024-12-12,2024-12-12 12:40:09.578,2.059999942779541,0.1280000209808349,0.062000036239624,0.0690000057220459,0.0655339824028565,1.0546873271232755,2.177418082115925,1.95652157687962,0.2328589903698017,0.9041621216669712,11.81821491442957,-3.372464648537125,1.9042824531181004,bluti,F,6,1,1.0
73,01103FD2E8,not first visit,2024-12-12 12:40:22.256733,treatment,SCARE,1.0,2024-12-12,2024-12-12 12:40:23.407,0.1480000019073486,0.1529998779296875,0.0729999542236328,0.0750000476837158,0.9121621504066808,0.8823536451580732,1.8493162281503928,1.799998855591548,1.2026729225452704,-0.1980632368673784,8.55719735522922,-0.6664509719360568,-0.902704957835304,greti,F ,5,1,0.0
74,01103FD2E8,not first visit,2024-12-12 12:41:35.067562,treatment,SCARE,1.0,2024-12-12,2024-12-12 12:41:36.235,0.1520001888275146,0.2009999752044677,0.0739998817443847,0.0729999542236328,0.8881567913918452,0.6716418738990932,1.82432723968838,1.8493162281503928,1.08,-1.2267128435279444,8.383170657457294,0.3399866169571803,-0.4427017210876556,greti,F ,5,1,1.0
75,3B00182A81,not first visit,2024-12-12 12:42:30.045755,treatment,SCARE,0.0,2024-12-12,2024-12-12 12:42:30.319,0.1349999904632568,0.1510000228881836,0.0720000267028808,0.062000036239624,1.000000070642547,0.8940395995831624,1.874999304612736,2.177418082115925,1.2857140521614343,-0.7409822805090501,8.797842931680496,4.513710976881378,-0.9330014353489308,bluti,F,6,1,1.0
76,01103FD2E8,not first visit,2024-12-12 12:43:05.466527,treatment,nah,0.0,2024-12-12,2024-12-12 12:43:07.194,0.1480000019073486,0.1470000743865966,0.0789999961853027,0.0739998817443847,0.9121621504066808,0.918366882216416,1.7088608420099594,1.82432723968838,1.2053572660198144,0.0420659674918353,6.995519583628241,1.5093658797752028,-0.8823852732181252,greti,F ,5,1,2.0
77,3B00190DF0,not first visit,2024-12-12 12:43:47.202525,treatment,nah,0.0,2024-12-12,2024-12-12 12:43:48.519,0.2409999370574951,0.1530001163482666,0.0729999542236328,0.0789999961853027,0.5601661214035637,0.8823522701950512,1.8493162281503928,1.7088608420099594,0.9890109821011402,1.635462462537707,8.557200495631822,-1.8480977890131889,0.2576534134390451,greti,M,6,1,4.0
78,3B00190DF0,not first visit,2024-12-12 12:44:46.835439,treatment,nah,0.0,2024-12-12,2024-12-12 12:44:48.831,0.2259998321533203,0.0690000057220459,0.0740001201629638,0.0729999542236328,0.5973455763826179,1.95652157687962,1.824321361947812,1.8493162281503928,1.2217196995278017,9.214757609943073,-1.848952427330212,0.3400660347537917,-0.192890737424346,greti,M,6,1,4.0
79,3B00190DF0,not first visit,2024-12-12 12:46:03.659236,treatment,nah,0.0,2024-12-12,2024-12-12 12:46:07.371,1.25,0.0739998817443847,0.0780000686645507,0.0690000057220459,0.108,1.82432723968838,1.7307677071488832,1.95652157687962,0.3670972237282087,2.5926395664433133,-1.2310468824205203,3.071479666561589,1.8234346930605736,greti,M,6,1,4.0
80,3B0019B8CC,not first visit,2024-12-12 12:47:15.144926,treatment,SCARE,1.0,2024-12-12,2024-12-12 12:47:16.281,0.1530001163482666,0.0789999961853027,0.0690000057220459,0.0690000057220459,0.8823522701950512,1.7088608420099594,1.95652157687962,1.95652157687962,1.4594589704315957,7.125070438880207,3.346766644296417,0.0,-1.450243117192766,greti,F,5,1,6.0
81,01103FA4B2,not first visit,2024-12-12 12:50:10.820821,treatment,SCARE,1.0,2024-12-12,2024-12-12 12:50:12.330,0.1470000743865966,0.0729999542236328,0.0740001201629638,0.0690000057220459,0.918366882216416,1.8493162281503928,1.824321361947812,1.95652157687962,1.4876026726514302,8.46317477152083,-0.3400660347537917,1.848952427330212,-1.644915560628788,bluti,M,6,1,4.0
82,01103FA4B2,not first visit,2024-12-12 12:54:07.865528,treatment,SCARE,0.0,2024-12-12,2024-12-12 12:54:09.528,0.1469998359680175,0.064000129699707,0.0679998397827148,0.064000129699707,0.9183683717128204,2.109370725238046,1.9852987952821064,2.109370725238046,1.5743443209795878,11.289123671240535,-1.879878161221272,1.879878161221272,-1.757444247801646,bluti,M,6,1,5.0
83,3B001874E8,not first visit,2024-12-12 12:54:52.756163,treatment,nah,0.0,2024-12-12,2024-12-12 12:54:55.247,0.1480000019073486,0.0740001201629638,0.0779998302459716,0.0740001201629638,0.9121621504066808,1.824321361947812,1.7307729975088262,1.824321361947812,1.4438499875690871,8.217646035818213,-1.2308999336816453,1.2308999336816453,-1.6439756369691902,bluti,F,6,1,1.0
84,3B00191394,not first visit,2024-12-12 12:57:27.211476,treatment,SCARE,0.0,2024-12-12,2024-12-12 12:57:28.403,0.1459999084472656,0.0739998817443847,0.0740001201629638,0.0680000782012939,0.9246581140751968,1.82432723968838,1.824321361947812,1.985291834523672,1.4917127543406017,8.178818032775817,-7.94289255684788e-05,2.267186587485454,-1.6408184845580462,bluti,F,5,1,0.0
85,3B00190DF0,not first visit,2024-12-12 13:01:04.929089,treatment,SCARE,1.0,2024-12-12,2024-12-12 13:01:05.612,0.0729999542236328,0.0740001201629638,0.0739998817443847,0.0740001201629638,1.8493162281503928,1.824321361947812,1.82432723968838,1.824321361947812,1.8305080011638053,-0.3400660347537917,7.94289255684788e-05,-7.94289255684788e-05,-6.524734627654456,greti,M,6,1,4.0
86,01103FA4B2,not first visit,2024-12-12 13:01:58.128009,treatment,SCARE,0.0,2024-12-12,2024-12-12 13:01:58.282,0.3839998245239258,0.0730001926422119,0.0739998817443847,0.0680000782012939,0.3515626606532175,1.8493101882848608,1.82432723968838,1.985291834523672,0.9015025386206272,6.554693528981431,-0.3399038905351528,2.267107609000283,1.04276465923174,bluti,M,6,1,5.0
87,01103FA4B2,not first visit,2024-12-12 13:01:58.128009,treatment,SCARE,0.0,2024-12-12,2024-12-12 13:01:58.956,1.6399998664855957,0.0690000057220459,0.0789999961853027,0.0690000057220459,0.0823170798722657,1.95652157687962,1.7088608420099594,1.95652157687962,0.2907916190664005,2.193334859160996,-3.346766644296417,3.346766644296417,1.8744097714309609,bluti,M,6,1,5.0
88,3B001874E8,not first visit,2024-12-12 13:02:14.082143,treatment,SCARE,0.0,2024-12-12,2024-12-12 13:02:15.466,0.1439998149871826,0.1370000839233398,0.0629999637603759,0.0740001201629638,0.9375012045120774,0.9854008562180224,2.142858375498125,1.824321361947812,1.2918660817616054,0.3409229105893556,11.57457243320791,-4.650172531697925,-1.2096629688520275,bluti,F,6,1,1.0
89,3B00190DF0,not first visit,2024-12-12 13:02:39.135267,treatment,SCARE,0.0,2024-12-12,2024-12-12 13:02:39.332,0.1480000019073486,0.0690000057220459,0.0690000057220459,0.0789999961853027,0.9121621504066808,1.95652157687962,1.95652157687962,1.7088608420099594,1.4794520161393043,9.625432163638978,0.0,-3.346766644296417,-1.9180262846664653,greti,M,6,1,5.0
90,3B0019B8CC,not first visit,2024-12-12 13:02:42.337787,treatment,nah,0.0,2024-12-12,2024-12-12 13:02:44.785,0.1469998359680175,0.0740001201629638,0.0679998397827148,0.0740001201629638,0.9183683717128204,1.824321361947812,1.9852987952821064,1.824321361947812,1.4876036497098255,8.198671222342279,2.267288432980896,-2.267288432980896,-1.812781993191214,greti,F,5,1,7.0
91,01103F9A64,not first visit,2024-12-12 13:03:13.099952,treatment,SCARE,1.0,2024-12-12,2024-12-12 13:03:16.984,0.1419999599456787,0.0789999961853027,0.0680000782012939,0.0739998817443847,0.950704493519882,1.7088608420099594,1.985291834523672,1.82432723968838,1.4876036497098255,6.8611447872029085,3.760963981374928,-2.267107609000283,-1.903925745792316,greti,M ,5,1,3.0
92,01103F9A64,not first visit,2024-12-12 13:06:11.139193,treatment,nah,0.0,2024-12-12,2024-12-12 13:06:11.232,0.1499998569488525,0.0729999542236328,0.0720000267028808,0.0770001411437988,0.9000008583077034,1.8493162281503928,1.874999304612736,1.7532435394876178,1.4516129850969153,8.514046400769514,0.3542493771134822,-1.6343037311260449,-1.7283848088096108,greti,M ,5,1,4.0
93,01103F9A64,not first visit,2024-12-12 13:07:24.053030,treatment,SCARE,0.0,2024-12-12,2024-12-12 13:07:25.779,2.6489999294281006,0.1449999809265136,0.0720000267028808,0.062000036239624,0.0509626287642618,0.9310346052281092,1.874999304612736,2.177418082115925,0.1844262311901338,0.6299728022197028,8.700135172315619,4.513710976881378,2.1450094149786696,greti,M ,5,1,4.0
94,01103F9A64,not first visit,2024-12-12 13:14:17.911324,treatment,SCARE,0.0,2024-12-12,2024-12-12 13:14:19.819,0.1470000743865966,0.0690000057220459,0.0729999542236328,0.0750000476837158,0.918366882216416,1.95652157687962,1.8493162281503928,1.799998855591548,1.483516149252617,9.612539904068909,-1.5099349150554262,-0.6664509719360568,-1.829909468748011,greti,M ,5,1,4.0
95,01103FD2E8,not first visit,2024-12-12 13:21:42.590545,treatment,nah,0.0,2024-12-12,2024-12-12 13:21:44.087,0.2170000076293945,0.0730001926422119,0.0789999961853027,0.0639998912811279,0.6221197937954039,1.8493101882848608,1.7088608420099594,2.109378583269693,1.2471129112719657,8.46337618622403,-1.8480154183792368,5.601651139113735,-0.0175256891445876,greti,F ,5,1,2.0
96,3B00190DF0,not first visit,2024-12-12 13:22:20.938914,treatment,SCARE,0.0,2024-12-12,2024-12-12 13:22:22.506,0.1480000019073486,0.0789999961853027,0.0739998817443847,0.0730001926422119,0.9121621504066808,1.7088608420099594,1.82432723968838,1.8493101882848608,1.4438499875690871,7.019371791167163,1.5093658797752028,0.3399038905351528,-1.6124060782873526,greti,M,6,1,5.0
97,3B00190DF0,not first visit,2024-12-12 13:22:36.267596,treatment,SCARE,0.0,2024-12-12,2024-12-12 13:22:36.875,0.1480000019073486,0.0729999542236328,0.0740001201629638,0.0739998817443847,0.9121621504066808,1.8493162281503928,1.824321361947812,1.82432723968838,1.4634148005618668,8.481034061276315,-0.3400660347537917,7.94289255684788e-05,-1.7111847490221712,greti,M,6,1,5.0
98,01103FD2E8,not first visit,2024-12-12 13:23:12.465177,treatment,nah,0.0,2024-12-12,2024-12-12 13:23:14.285,0.4729998111724853,0.1530001163482666,0.0739998817443847,0.0730001926422119,0.2854123760966377,0.8823522701950512,1.82432723968838,1.8493101882848608,0.6985769711094052,1.907156431990561,8.29933900800172,0.3399038905351528,1.2784854360915852,greti,F ,5,1,2.0
99,01103FA4B2,not first visit,2024-12-12 13:24:10.852062,treatment,nah,0.0,2024-12-12,2024-12-12 13:24:11.673,0.1480000019073486,0.0789999961853027,0.0690000057220459,0.0729999542236328,0.9121621504066808,1.7088608420099594,1.95652157687962,1.8493162281503928,1.4634148005618668,7.019371791167163,3.346766644296417,-1.5099349150554262,-1.67935774119584,bluti,M,6,1,5.0
100,01103FD2E8,not first visit,2024-12-12 13:24:37.551631,treatment,SCARE,1.0,2024-12-12,2024-12-12 13:24:38.774,0.1480000019073486,0.0729999542236328,0.0789999961853027,0.0740001201629638,0.9121621504066808,1.8493162281503928,1.7088608420099594,1.824321361947812,1.4438499875690871,8.481034061276315,-1.8480977890131889,1.5092866945935626,-1.6439756369691902,greti,F ,5,1,2.0
101,01103FD2E8,not first visit,2024-12-12 13:25:45.128622,treatment,nah,0.0,2024-12-12,2024-12-12 13:25:46.559,0.1449999809265136,0.0680000782012939,0.1449999809265136,0.0679998397827148,0.9310346052281092,1.985291834523672,0.9310346052281092,1.9852987952821064,1.2676059913598428,9.899126165622055,-9.899126165622055,9.899202605369323,-0.9287378061496584,greti,F ,5,1,3.0
102,01103FD2E8,not first visit,2024-12-12 13:25:45.128622,treatment,nah,0.0,2024-12-12,2024-12-12 13:25:47.412,1.753999948501587,0.062000036239624,0.0670001506805419,0.0679998397827148,0.0769669349849914,2.177418082115925,2.0149208416512763,1.9852987952821064,0.2767811413956615,2.313272207907269,-2.519333410969604,-0.4388451623962503,1.9112921327957213,greti,F ,5,1,3.0
103,3B00182A81,not first visit,2024-12-12 13:25:59.878774,treatment,SCARE,0.0,2024-12-12,2024-12-12 13:26:01.093,0.1430001258850097,0.0729999542236328,0.0739998817443847,0.0789999961853027,0.9440551129903,1.8493162281503928,1.82432723968838,1.7088608420099594,1.4634148005618668,8.382044253916666,-0.3399866169571803,-1.5093658797752028,-1.950268963684058,bluti,F,6,1,1.0
104,3B00190DF0,not first visit,2024-12-12 13:27:24.607187,treatment,nah,0.0,2024-12-12,2024-12-12 13:27:27.938,0.2109999656677246,0.0680000782012939,0.0789999961853027,0.0690000057220459,0.639810530645267,1.985291834523672,1.7088608420099594,1.95652157687962,1.2646368667670222,9.64502575139425,-3.760963981374928,3.346766644296417,-0.2727829412574811,greti,M,6,1,5.0
105,3B00191394,not first visit,2024-12-12 13:27:44.129439,treatment,SCARE,0.0,2024-12-12,2024-12-12 13:27:44.883,0.1490001678466797,0.0679998397827148,0.0740001201629638,0.0680000782012939,0.9060392478142322,1.9852987952821064,1.824321361947812,1.985291834523672,1.5041774098857985,9.9470922536657,-2.267288432980896,2.267186587485454,-1.6316301124600725,bluti,F,5,1,0.0
106,01103FD2E8,not first visit,2024-12-12 13:28:13.400616,treatment,SCARE,0.0,2024-12-12,2024-12-12 13:28:15.578,2.4830000400543213,0.0679998397827148,0.0670001506805419,0.0719997882843017,0.0543697131785171,1.9852987952821064,2.0149208416512763,1.875005513445854,0.2007435079458536,1.5138605825625842,0.4388451623962503,-2.0131710739932047,1.8365136785082368,greti,F ,5,1,3.0
107,3B00190DF0,not first visit,2024-12-12 13:30:02.632852,treatment,SCARE,0.0,2024-12-12,2024-12-12 13:30:04.148,0.0360000133514404,0.0529999732971191,0.0420000553131103,0.0399999618530273,3.749998609225471,2.547171094656722,3.2142814811450893,3.375003218653888,3.1578946663952507,-27.02983584297462,14.044424959605402,3.9200415576295615,-24.82047160922106,greti,M,6,1,5.0
108,3B00190DF0,not first visit,2024-12-12 13:32:22.546967,treatment,nah,0.0,2024-12-12,2024-12-12 13:32:24.149,0.311000108718872,0.0669999122619628,0.062000036239624,0.0680000782012939,0.4340834495399903,2.014928011728786,2.177418082115925,1.985291834523672,1.0629918426137428,8.364256478541023,2.519226903181909,-2.955785822474341,0.6223926434704086,greti,M,6,1,5.0
109,3B00190DF0,not first visit,2024-12-12 13:33:38.709720,treatment,SCARE,1.0,2024-12-12,2024-12-12 13:33:39.950,0.1529998779296875,0.0730001926422119,0.0739998817443847,0.0739998817443847,0.8823536451580732,1.8493101882848608,1.82432723968838,1.82432723968838,1.4438509079990745,8.557134877700499,-0.3399038905351528,0.0,-1.5628274636118529,greti,M,6,1,5.0
110,3B00190DF0,not first visit,2024-12-12 13:34:26.012265,treatment,nah,0.0,2024-12-12,2024-12-12 13:34:26.427,0.1410000324249267,0.0779998302459716,0.0730001926422119,0.0789999961853027,0.9574465883323724,1.7307729975088262,1.8493101882848608,1.7088608420099594,1.4555254044279016,7.062346064924875,1.5700287789202774,-1.8480154183792368,-1.959516368309291,greti,M,6,1,6.0
111,3B00182A81,not first visit,2024-12-12 13:34:56.599055,treatment,SCARE,0.0,2024-12-12,2024-12-12 13:34:57.020,0.1480000019073486,0.0740001201629638,0.0769999027252197,0.0739998817443847,0.9121621504066808,1.824321361947812,1.7532489681416643,1.82432723968838,1.447721542370444,8.217646035818213,-0.9413560666646716,0.9414354039826256,-1.6572081544183517,bluti,F,6,1,1.0
112,3B001874E8,not first visit,2024-12-12 13:35:04.394738,treatment,SCARE,1.0,2024-12-12,2024-12-12 13:35:07.643,2.7240002155303955,0.0739998817443847,0.1480000019073486,0.0629999637603759,0.0495594674443569,1.82432723968838,0.9121621504066808,2.142858375498125,0.1794616114005439,1.2685973627896772,-8.217707813871431,11.665368960576057,2.11218089591686,bluti,F,6,1,1.0
113,01103FD2E8,not first visit,2024-12-12 13:35:21.400559,treatment,nah,0.0,2024-12-12,2024-12-12 13:35:22.594,1.1399998664855957,0.0740001201629638,0.0629999637603759,0.4219999313354492,0.1184210665008054,1.824321361947812,2.142858375498125,0.3199052653226335,0.3178340421339966,2.810379430326711,4.650172531697925,-7.5173340390736225,0.1909062797940717,greti,F ,5,1,3.0
114,3B001874E8,not first visit,2024-12-12 13:38:47.939438,treatment,SCARE,1.0,2024-12-12,2024-12-12 13:38:49.188,3.532000064849853,0.0739998817443847,0.0740001201629638,0.0739998817443847,0.0382219698531457,1.82432723968838,1.824321361947812,1.82432723968838,0.1438465656387506,0.9906296707087632,-7.94289255684788e-05,7.94289255684788e-05,1.804736275906261,bluti,F,6,1,2.0
115,3B00190DF0,not first visit,2024-12-12 13:43:43.368021,treatment,SCARE,0.0,2024-12-12,2024-12-12 13:43:43.944,0.1459999084472656,0.0720000267028808,0.0729999542236328,0.0720000267028808,0.9246581140751968,1.874999304612736,1.8493162281503928,1.874999304612736,1.4876036497098255,8.718729112309099,-0.3542493771134822,0.3542493771134822,-1.765387709361087,greti,M,6,1,6.0
116,3B00190DF0,not first visit,2024-12-12 13:44:56.803881,treatment,nah,0.0,2024-12-12,2024-12-12 13:44:57.765,0.2179999351501464,0.0729999542236328,0.0740001201629638,0.0689997673034668,0.6192662392629583,1.8493162281503928,1.824321361947812,1.9565283373530613,1.2442402711161238,8.453955027505035,-0.3400660347537917,1.8490500621727377,-0.1751976448665571,greti,M,6,1,6.0
117,01103F88A1,not first visit,2024-12-12 13:54:46.372937,treatment,SCARE,0.0,2024-12-12,2024-12-12 13:54:46.815,3.651000022888184,0.0769999027252197,0.0659999847412109,0.0670001506805419,0.0369761706802746,1.7532489681416643,2.04545501835101,2.0149208416512763,0.1398601376492138,0.9207472273106307,4.086801121125936,-0.4591600843549179,1.996451225689312,bluti,M,6,1,0.0
118,01103FA4B2,not first visit,2024-12-12 13:56:39.560540,treatment,SCARE,0.0,2024-12-12,2024-12-12 13:56:43.294,0.1480000019073486,0.0740001201629638,0.0820000171661377,0.0739998817443847,0.9121621504066808,1.824321361947812,1.6463411187644106,1.82432723968838,1.428571349278784,8.217646035818213,-2.281795980832124,2.281874823855594,-1.5920093894751537,bluti,M,6,1,5.0
119,3B00191394,not first visit,2024-12-12 13:58:51.836527,treatment,nah,0.0,2024-12-12,2024-12-12 13:58:53.042,0.1480000019073486,0.0739998817443847,0.0729999542236328,0.0740001201629638,0.9121621504066808,1.82432723968838,1.8493162281503928,1.824321361947812,1.4634148005618668,8.217707813871431,0.3399866169571803,-0.3400660347537917,-1.7111922603520435,bluti,F,5,1,0.0
120,01103FA4B2,not first visit,2024-12-12 13:59:27.800916,treatment,SCARE,1.0,2024-12-12,2024-12-12 13:59:29.351,0.1469998359680175,0.0690000057220459,0.0730001926422119,0.0739998817443847,0.9183683717128204,1.95652157687962,1.8493101882848608,1.82432723968838,1.4876036497098255,9.612536722655909,-1.5100174482818842,-0.3399038905351528,-1.8127743983163545,bluti,M,6,1,5.0
121,3B0019B8CC,not first visit,2024-12-12 14:00:31.204173,treatment,nah,0.0,2024-12-12,2024-12-12 14:00:32.201,0.1480000019073486,0.0740001201629638,0.0729999542236328,0.0739998817443847,0.9121621504066808,1.824321361947812,1.8493162281503928,1.82432723968838,1.4634148005618668,8.217646035818213,0.3400660347537917,-0.3399866169571803,-1.7111847490221712,greti,F,5,1,7.0
122,01103FD2E8,not first visit,2024-12-12 14:00:51.642706,treatment,nah,0.0,2024-12-12,2024-12-12 14:00:52.638,0.1480000019073486,0.1480000019073486,0.0739998817443847,0.0680000782012939,0.9121621504066808,0.9121621504066808,1.82432723968838,1.985291834523672,1.2328768143355988,0.0,8.217707813871431,2.267107609000283,-0.7788365330306901,greti,F ,5,1,3.0
123,3B00182A81,not first visit,2024-12-12 14:00:56.891294,treatment,SCARE,1.0,2024-12-12,2024-12-12 14:00:58.358,0.1480000019073486,0.0629999637603759,0.0739998817443847,0.0789999961853027,0.9121621504066808,2.142858375498125,1.82432723968838,1.7088608420099594,1.4835171209503213,11.665368960576057,-4.650094817788331,-1.5093658797752028,-1.932507287544534,bluti,F,6,1,1.0
124,3B00185E23,not first visit,2024-12-12 14:01:25.243121,treatment,SCARE,0.0,2024-12-12,2024-12-12 14:01:25.351,0.1480000019073486,0.0729999542236328,0.0690000057220459,0.0739998817443847,0.9121621504066808,1.8493162281503928,1.95652157687962,1.82432723968838,1.4835171209503213,8.481034061276315,1.5099349150554262,-1.8488733037957423,-1.7810581538219612,bluti,M,6,1,0.0
125,01103FA4B2,not first visit,2024-12-12 14:22:32.082553,treatment,nah,0.0,2024-12-12,2024-12-12 14:22:32.858,0.1380000114440918,0.0739998817443847,0.0740001201629638,0.0739998817443847,0.9782607884398098,1.82432723968838,1.824321361947812,1.82432723968838,1.5000004371008555,7.981762995478329,-7.94289255684788e-05,7.94289255684788e-05,-2.027093968114337,bluti,M,6,1,6.0
126,3B00182A81,not first visit,2024-12-12 14:22:48.183564,treatment,nah,0.0,2024-12-12,2024-12-12 14:22:48.788,0.1449999809265136,0.0739998817443847,0.0780000686645507,0.0739998817443847,0.9310346052281092,1.82432723968838,1.7307677071488832,1.82432723968838,1.4555263398038412,8.157928717998006,-1.2310468824205203,1.2310468824205203,-1.7360361494552992,bluti,F,6,1,2.0
127,3B00191394,not first visit,2024-12-12 14:24:30.421453,treatment,nah,0.0,2024-12-12,2024-12-12 14:24:31.256,0.0829999446868896,0.1470000743865966,0.0690000057220459,0.0729999542236328,1.6265071080381586,0.918366882216416,1.95652157687962,1.8493162281503928,1.4516129850969153,-6.157740583451759,9.612539904068909,-1.5099349150554262,-3.683020317702304,bluti,F,5,1,0.0
128,3B00182A81,not first visit,2024-12-12 14:24:34.813162,treatment,nah,0.0,2024-12-12,2024-12-12 14:24:35.224,0.1530001163482666,0.0789999961853027,0.0779998302459716,0.0690000057220459,0.8823522701950512,1.7088608420099594,1.7307729975088262,1.95652157687962,1.4248023044196771,7.125070438880207,0.279136047433259,3.07141267041834,-1.3358390227328472,bluti,F,6,1,2.0
129,01103FA4B2,not first visit,2024-12-12 14:25:40.417076,treatment,SCARE,1.0,2024-12-12,2024-12-12 14:25:42.758,0.1470000743865966,0.0740001201629638,0.0729999542236328,0.0690000057220459,0.918366882216416,1.824321361947812,1.8493162281503928,1.95652157687962,1.4876026726514302,8.198675857076957,0.3400660347537917,1.5099349150554262,-1.644915560628788,bluti,M,6,1,6.0
130,3B0019B8CC,not first visit,2024-12-12 14:26:13.775433,treatment,nah,0.0,2024-12-12,2024-12-12 14:26:16.092,0.2090001106262207,0.1479997634887695,0.0730001926422119,0.0690000057220459,0.645932672454113,0.91216361984419,1.8493101882848608,1.95652157687962,1.0821641714740573,1.491490427272944,8.480966103769234,1.5100174482818842,0.1622642246933536,greti,F,5,1,7.0
131,01103F9A64,not first visit,2024-12-12 14:26:18.044859,treatment,SCARE,0.0,2024-12-12,2024-12-12 14:26:19.638,0.6679999828338623,0.1480000019073486,0.0740001201629638,0.3789999485015869,0.2020958135766535,0.9121621504066808,1.824321361947812,0.3562005761049193,0.4255318969851418,1.740358701244879,8.217646035818213,-6.481768491430604,0.0851129975778079,greti,M ,5,1,4.0
132,01103F9A64,not first visit,2024-12-12 14:26:18.044859,treatment,SCARE,0.0,2024-12-12,2024-12-12 14:26:21.271,2.748000144958496,0.0739998817443847,0.0690000057220459,0.0690000057220459,0.0491266349631284,1.82432723968838,1.95652157687962,1.95652157687962,0.1824324300813362,1.2581152288643522,1.8488733037957423,0.0,1.9248576154611112,greti,M ,5,1,4.0
133,01103FA4B2,not first visit,2024-12-12 14:26:37.655099,treatment,nah,0.0,2024-12-12,2024-12-12 14:26:38.122,0.1419999599456787,0.0680000782012939,0.0739998817443847,0.0740001201629638,0.950704493519882,1.985291834523672,1.82432723968838,1.824321361947812,1.508379719505235,9.853210981606711,-2.267107609000283,-7.94289255684788e-05,-1.978496612131716,bluti,M,6,1,7.0
134,3B00191394,not first visit,2024-12-12 14:26:41.322759,treatment,nah,0.0,2024-12-12,2024-12-12 14:26:41.892,0.1530001163482666,0.1489999294281005,0.0739998817443847,0.0730001926422119,0.8823522701950512,0.9060406975906912,1.82432723968838,1.8493101882848608,1.2026722839272468,0.1568769788411313,8.23576071450047,0.3399038905351528,-0.7767385032427527,bluti,F,5,1,0.0
135,3B00191394,not first visit,2024-12-12 14:30:18.246195,treatment,nah,0.0,2024-12-12,2024-12-12 14:30:20.407,2.7809998989105225,0.1530001163482666,0.0749998092651367,0.0740001201629638,0.0485436910849537,0.8823522701950512,1.8000045776483604,1.824321361947812,0.1751540738528435,0.5683766699207414,8.049584270560512,0.3263999438494475,1.794998684215088,bluti,F,5,1,0.0
136,3B0019B8CC,not first visit,2024-12-12 14:30:36.854963,treatment,nah,0.0,2024-12-12,2024-12-12 14:30:38.822,0.1429998874664306,0.0740001201629638,0.1570000648498535,0.0739998817443847,0.9440566869795012,1.824321361947812,0.8598722562892366,1.82432723968838,1.2053572660198144,8.113038193728356,-8.350202019146105,8.350261527057855,-0.9563988085893492,greti,F,5,1,7.0
137,3B00191394,not first visit,2024-12-12 14:38:19.644144,treatment,nah,0.0,2024-12-12,2024-12-12 14:38:20.320,0.1530001163482666,0.0739998817443847,0.0680000782012939,0.0690000057220459,0.8823522701950512,1.82432723968838,1.985291834523672,1.95652157687962,1.483516149252617,8.29933900800172,2.267107609000283,-0.4200035039416624,-1.5310365141210545,bluti,F,5,1,0.0
138,3B00191394,not first visit,2024-12-12 14:38:19.644144,treatment,nah,0.0,2024-12-12,2024-12-12 14:38:21.459,0.7869999408721924,0.0739998817443847,0.0789999961853027,0.0680000782012939,0.1715374970046202,1.82432723968838,1.7088608420099594,1.985291834523672,0.5357143404532508,3.839233642722328,-1.5093658797752028,3.760963981374928,1.689792213062436,bluti,F,5,1,0.0
139,01103FD2E8,not first visit,2024-12-12 14:38:31.466578,treatment,nah,0.0,2024-12-12,2024-12-12 14:38:31.906,0.1480000019073486,0.0730001926422119,0.0739998817443847,0.0740001201629638,0.9121621504066808,1.8493101882848608,1.82432723968838,1.824321361947812,1.4634138550196132,8.480970252431328,-0.3399038905351528,-7.94289255684788e-05,-1.7111889931749442,greti,F ,5,1,3.0
140,01103FD2E8,not first visit,2024-12-12 14:58:20.372909,treatment,nah,0.0,2024-12-12,2024-12-12 14:58:21.539,2.922999858856201,0.1490001678466797,0.0779998302459716,0.0789999961853027,0.0461854281624313,0.9060392478142322,1.7307729975088262,1.7088608420099594,0.1672344455128609,0.5598006589698279,7.266376710346703,-0.279136047433259,1.6821331625246512,greti,F ,5,1,3.0
141,01103FD2E8,not first visit,2024-12-12 15:00:41.209644,treatment,nah,0.0,2024-12-12,2024-12-12 15:00:41.783,0.1449999809265136,0.0729999542236328,0.0740001201629638,0.0739998817443847,0.9310346052281092,1.8493162281503928,1.824321361947812,1.82432723968838,1.4754100897978328,8.42460455127954,-0.3400660347537917,7.94289255684788e-05,-1.8054372221378587,greti,F ,5,1,3.0
142,3B00190DF0,not first visit,2024-12-12 15:06:17.275164,treatment,SCARE,0.0,2024-12-12,2024-12-12 15:06:17.493,0.1480000019073486,0.0680000782012939,0.0639998912811279,2.986999988555908,0.9121621504066808,1.985291834523672,2.109378583269693,0.0451958488507617,0.165289258224839,9.936382278906876,1.880102688395628,-1.3531188565823122,-0.4915279930706806,greti,M,6,1,6.0
143,01103FD2E8,not first visit,2024-12-12 15:10:57.729638,treatment,nah,0.0,2024-12-12,2024-12-12 15:10:58.445,0.1400001049041748,0.0720000267028808,0.0729999542236328,0.0720000267028808,0.9642849917319906,1.874999304612736,1.8493162281503928,1.874999304612736,1.5126045652134714,8.591639127552646,-0.3542493771134822,0.3542493771134822,-1.9667728555698063,greti,F ,5,1,3.0
144,01103FD2E8,not first visit,2024-12-12 15:10:57.729638,treatment,nah,0.0,2024-12-12,2024-12-12 15:10:59.796,0.2339999675750732,0.0669999122619628,0.0730001926422119,0.0669999122619628,0.5769231568662013,2.014928011728786,1.8493101882848608,2.014928011728786,1.2244898382862408,9.5548533483876,-2.365967133485868,2.365967133485868,0.0289622015743429,greti,F ,5,1,3.0
145,01103FD2E8,not first visit,2024-12-12 15:12:12.684633,treatment,nah,0.0,2024-12-12,2024-12-12 15:12:13.800,0.1480000019073486,0.0740001201629638,0.0739998817443847,0.0780000686645507,0.9121621504066808,1.824321361947812,1.82432723968838,1.7307677071488832,1.4438499875690871,8.217646035818213,7.94289255684788e-05,-1.2310468824205203,-1.7641059343101315,greti,F ,5,1,3.0
146,3B00190DF0,not first visit,2024-12-12 15:12:52.290997,treatment,SCARE,0.0,2024-12-12,2024-12-12 15:12:52.650,0.1459999084472656,0.0739998817443847,0.0740001201629638,0.0769999027252197,0.9246581140751968,1.82432723968838,1.824321361947812,1.7532489681416643,1.4555263398038412,8.178818032775817,-7.94289255684788e-05,-0.9413560666646716,-1.809982028763536,greti,M,6,1,6.0
147,3B0019B8CC,not first visit,2024-12-12 15:13:01.901222,treatment,nah,0.0,2024-12-12,2024-12-12 15:13:02.725,0.1460001468658447,0.0690000057220459,0.0789999961853027,0.0729999542236328,0.9246566041063478,1.95652157687962,1.7088608420099594,1.8493162281503928,1.47138923283809,9.598737120444158,-3.346766644296417,1.8480977890131889,-1.7415824738154908,greti,F,5,1,7.0
148,3B00185E23,not first visit,2024-12-12 15:31:26.264205,treatment,nah,0.0,2024-12-12,2024-12-12 15:31:26.435,0.1480000019073486,0.0740001201629638,0.0690000057220459,0.0739998817443847,0.9121621504066808,1.824321361947812,1.95652157687962,1.82432723968838,1.4794520161393043,8.217646035818213,1.848952427330212,-1.8488733037957423,-1.7668613715090706,bluti,M,6,1,0.0
149,01103FD2E8,not first visit,2024-12-12 15:31:56.960041,treatment,nah,0.0,2024-12-12,2024-12-12 15:31:58.176,0.1509997844696045,0.1540000438690185,0.0740001201629638,0.0739998817443847,0.894041011212005,0.8766231269052194,1.824321361947812,1.82432723968838,1.1920534268341527,-0.1142156990819519,8.313136431863757,7.94289255684788e-05,-0.8013438872546752,greti,F ,5,1,3.0
150,01103FD2E8,not first visit,2024-12-12 15:36:03.549832,treatment,SCARE,1.0,2024-12-12,2024-12-12 15:36:04.918,0.1480000019073486,0.0740001201629638,0.0739998817443847,0.0729999542236328,0.9121621504066808,1.824321361947812,1.82432723968838,1.8493162281503928,1.4634148005618668,8.217646035818213,7.94289255684788e-05,0.3399866169571803,-1.67935774119584,greti,F ,5,1,3.0
151,01103FD2E8,not first visit,2024-12-12 15:38:51.869528,treatment,SCARE,0.0,2024-12-12,2024-12-12 15:38:53.097,0.1460001468658447,0.0789999961853027,0.0690000057220459,0.0789999961853027,0.9246566041063478,1.7088608420099594,1.95652157687962,1.7088608420099594,1.4477206169989183,6.970699905069347,3.346766644296417,-3.346766644296417,-1.8406836626077825,greti,F ,5,1,4.0
152,01103FD2E8,not first visit,2024-12-12 15:41:03.330080,treatment,nah,0.0,2024-12-12,2024-12-12 15:41:04.043,0.565000057220459,0.1480000019073486,0.0739998817443847,0.0740001201629638,0.2389380288988607,0.9121621504066808,1.82432723968838,1.824321361947812,0.627177655888634,1.8884265516930128,8.217707813871431,-7.94289255684788e-05,1.3830692084808218,greti,F ,5,1,4.0
153,3B004CD4DE,first visit,2024-12-15 08:28:40.677458,treatment,SCARE,1.0,2024-12-15,2024-12-15 08:28:40.771,0.3560001850128174,0.054999828338623,0.0490000247955322,0.0460000038146972,0.3792132860693302,2.45455311549032,2.755100646649248,2.934782365319429,1.0671935873888834,10.09897694405375,5.779768376619421,3.782771885414646,1.691459902092581,bluti,M,5,2,0.0
154,3B0019B8CC,not first visit,2024-12-15 08:30:31.122559,treatment,SCARE,0.0,2024-12-15,2024-12-15 08:30:32.123,0.2440001964569091,0.1380000114440918,0.0719997882843017,0.0670001506805419,0.5532782430519118,0.9782607884398098,1.875005513445854,2.0149208416512763,1.0364680379620848,2.2250382936861457,8.540434097231167,2.0131710739932047,0.5011635681257172,greti,F,5,2,0.0
155,3B001874E8,not first visit,2024-12-15 08:53:01.214778,treatment,nah,0.0,2024-12-15,2024-12-15 08:53:01.852,0.1449999809265136,0.0680000782012939,0.0720000267028808,0.0679998397827148,0.9310346052281092,1.985291834523672,1.874999304612736,1.9852987952821064,1.5297453648514208,9.899126165622055,-1.5756063895298893,1.5757085122751755,-1.7917176249832578,bluti,F,6,2,0.0
156,3B0018C2F6,first visit,2024-12-15 08:54:49.793756,treatment,SCARE,0.0,2024-12-15,2024-12-15 08:54:51.305,0.1480000019073486,0.0729999542236328,0.0739998817443847,0.0789999961853027,0.9121621504066808,1.8493162281503928,1.82432723968838,1.7088608420099594,1.4438509079990745,8.481034061276315,-0.3399866169571803,-1.5093658797752028,-1.792723526964619,greti,F,6,2,0.0
157,3B001874E8,not first visit,2024-12-15 08:57:22.707281,treatment,SCARE,0.0,2024-12-15,2024-12-15 08:57:23.299,0.5460000038146973,0.1470000743865966,0.0639998912811279,0.0680000782012939,0.247252745525285,0.918366882216416,2.109378583269693,1.985291834523672,0.6545454167137483,1.936837116766368,11.289212273416585,-1.880102688395628,1.507969938116688,bluti,F,6,2,0.0
158,01103F97C4,not first visit,2024-12-15 08:58:37.907556,treatment,SCARE,0.0,2024-12-15,2024-12-15 08:58:39.914,0.1480000019073486,0.0739998817443847,0.0730001926422119,0.0639998912811279,0.9121621504066808,1.82432723968838,1.8493101882848608,2.109378583269693,1.5041784088380914,8.217707813871431,0.3399038905351528,3.7966165791600095,-1.4960051114446178,greti,M ,5,2,0.0
159,3B00190DF0,first visit,2024-12-15 09:21:29.138865,treatment,SCARE,1.0,2024-12-15,2024-12-15 09:21:30.519,0.1469998359680175,0.064000129699707,0.0739998817443847,0.0730001926422119,0.9183683717128204,2.109370725238046,1.82432723968838,1.8493101882848608,1.508379719505235,11.289123671240535,-4.131064665384407,0.3399038905351528,-1.8537877002675107,greti,M,6,2,0.0
160,3B00190DF0,first visit,2024-12-15 09:21:29.138865,treatment,SCARE,1.0,2024-12-15,2024-12-15 09:21:32.268,0.6710000038146973,0.0740001201629638,0.0680000782012939,0.0739998817443847,0.2011922492287816,1.824321361947812,1.985291834523672,1.82432723968838,0.6087936289830952,4.357392866065349,2.267186587485454,-2.267107609000283,1.4332831307761729,greti,M,6,2,1.0
161,3B00190DF0,not first visit,2024-12-15 09:22:59.133002,treatment,SCARE,1.0,2024-12-15,2024-12-15 09:23:02.203,0.8220000267028809,0.0739998817443847,0.0680000782012939,0.0739998817443847,0.1642335713071661,1.82432723968838,1.985291834523672,1.82432723968838,0.5202312798324731,3.7055666026977487,2.267107609000283,-2.267107609000283,1.5459652139270743,greti,M,6,2,2.0
162,3B0018C6F9,first visit,2024-12-15 09:23:04.454220,treatment,SCARE,1.0,2024-12-15,2024-12-15 09:23:05.052,0.0799999237060546,0.1480000019073486,0.0729999542236328,0.0690000057220459,1.687501609326944,0.9121621504066808,1.8493162281503928,1.95652157687962,1.4594599108700863,-6.801225542809418,8.481034061276315,1.5099349150554262,-3.754145297416824,bluti,M,6,2,0.0
163,3B00185E23,not first visit,2024-12-15 09:23:29.417756,treatment,nah,0.0,2024-12-15,2024-12-15 09:23:31.792,1.5369999408721924,0.0789999961853027,0.0740001201629638,0.0739998817443847,0.0878334451486005,1.7088608420099594,1.824321361947812,1.82432723968838,0.3061224595715602,2.0062221039600017,1.5092866945935626,7.94289255684788e-05,1.7326908884997991,bluti,M,6,2,0.0
164,3B0018C2F6,not first visit,2024-12-15 09:23:55.846588,treatment,nah,0.0,2024-12-15,2024-12-15 09:23:57.443,0.2059998512268066,0.0740001201629638,0.0729999542236328,0.0739998817443847,0.6553402791119712,1.824321361947812,1.8493162281503928,1.82432723968838,1.2646375728866026,8.349865730583058,0.3400660347537917,-0.3399866169571803,-0.4590888374034589,greti,F,6,2,0.0
165,3B001874E8,not first visit,2024-12-15 09:24:27.400149,treatment,SCARE,1.0,2024-12-15,2024-12-15 09:24:29.998,0.1470000743865966,0.0740001201629638,0.0739998817443847,0.0729999542236328,0.918366882216416,1.824321361947812,1.82432723968838,1.8493162281503928,1.4673911826597146,8.198675857076957,7.94289255684788e-05,0.3399866169571803,-1.7102451071486693,bluti,F,6,2,0.0
166,3B0018C2F6,not first visit,2024-12-15 10:09:38.639665,treatment,nah,0.0,2024-12-15,2024-12-15 10:09:39.511,0.0720000267028808,0.1389999389648437,0.0710000991821289,0.0720000267028808,1.874999304612736,0.9712234480487404,1.90140579457078,1.874999304612736,1.5254233343031716,-8.566597190705044,8.858877881450987,-0.3693212127558359,-4.773932870672576,greti,F,6,2,0.0
167,3B0018C6F9,not first visit,2024-12-15 10:11:35.616438,treatment,nah,0.0,2024-12-15,2024-12-15 10:11:35.658,0.5420000553131104,0.0720000267028808,0.0659999847412109,0.0720000267028808,0.2490774653556285,1.874999304612736,2.04545501835101,1.874999304612736,0.7180850171379185,5.296161635414117,2.4703724580099986,-2.4703724580099986,1.315274729338789,bluti,M,6,2,1.0
168,3B004CD4DE,not first visit,2024-12-15 10:11:42.547352,treatment,SCARE,0.0,2024-12-15,2024-12-15 10:11:43.499,0.1449999809265136,0.0720000267028808,0.0709998607635498,0.0720000267028808,0.9310346052281092,1.874999304612736,1.9014121795194685,1.874999304612736,1.5000004371008555,8.700135172315619,0.3694111285637642,-0.3694111285637642,-1.8269291554174665,bluti,M,5,2,1.0
169,3B0018C2F6,not first visit,2024-12-15 10:12:33.970432,treatment,SCARE,1.0,2024-12-15,2024-12-15 10:12:34.830,0.1480000019073486,0.0690000057220459,0.0680000782012939,0.0739998817443847,0.9121621504066808,1.95652157687962,1.985291834523672,1.82432723968838,1.5041784088380914,9.625432163638978,0.4200035039416624,-2.267107609000283,-1.853745565550429,greti,F,6,2,0.0
170,3B0019B8CC,not first visit,2024-12-15 10:16:24.330133,treatment,nah,0.0,2024-12-15,2024-12-15 10:16:25.421,0.1449999809265136,0.0729999542236328,0.0740001201629638,0.0720000267028808,0.9310346052281092,1.8493162281503928,1.824321361947812,1.874999304612736,1.483516149252617,8.42460455127954,-0.3400660347537917,0.6942176943354693,-1.7689706377158143,greti,F,5,2,0.0
171,3B0019B8CC,not first visit,2024-12-15 10:17:27.988952,treatment,SCARE,0.0,2024-12-15,2024-12-15 10:17:29.143,0.1510000228881836,0.0770001411437988,0.0729999542236328,0.0720000267028808,0.8940395995831624,1.7532435394876178,1.8493162281503928,1.874999304612736,1.4477206169989183,7.536871243513068,1.2809683677525867,0.3542493771134822,-1.5438886065132984,greti,F,5,2,0.0
172,3B0019B8CC,not first visit,2024-12-15 10:18:42.363385,treatment,nah,0.0,2024-12-15,2024-12-15 10:18:43.498,0.1430001258850097,0.0680000782012939,0.0739998817443847,0.0740001201629638,0.9440551129903,1.985291834523672,1.82432723968838,1.824321361947812,1.5041774098857985,9.869532838058138,-2.267107609000283,-7.94289255684788e-05,-1.94436047559322,greti,F,5,2,0.0
173,3B0018C2F6,not first visit,2024-12-15 10:18:53.395037,treatment,nah,0.0,2024-12-15,2024-12-15 10:18:53.504,0.0740001201629638,0.0739998817443847,0.0680000782012939,0.0739998817443847,1.824321361947812,1.82432723968838,1.985291834523672,1.82432723968838,1.8620692104562184,7.94289255684788e-05,2.267107609000283,-2.267107609000283,-6.621606520447207,greti,F,6,2,1.0
174,01103F97C4,not first visit,2024-12-15 10:23:02.268775,treatment,nah,0.0,2024-12-15,2024-12-15 10:23:04.907,0.2719998359680176,0.0770001411437988,0.0550000667572021,0.0649998188018798,0.4963238287241969,1.7532435394876178,2.454542475302033,2.076928866701635,1.1513862646457171,7.202978757564304,10.625724716136556,-6.293566145352355,0.4252690648919439,greti,M ,5,2,0.0
175,3B0019B8CC,not first visit,2024-12-15 10:27:30.499679,treatment,SCARE,0.0,2024-12-15,2024-12-15 10:27:30.516,1.3999998569488523,0.0750000476837158,0.0729999542236328,0.0740001201629638,0.0964285812815851,1.799998855591548,1.8493162281503928,1.824321361947812,0.3329223224321753,2.309925945024834,0.6664509719360568,-0.3400660347537917,1.715362511867928,greti,F,5,2,0.0
176,3B001874E8,not first visit,2024-12-15 10:31:12.188384,treatment,nah,0.0,2024-12-15,2024-12-15 10:31:12.255,2.007999897003174,0.0680000782012939,0.0739998817443847,0.0740001201629638,0.067231079145711,1.985291834523672,1.82432723968838,1.824321361947812,0.2428057578945066,1.8478427536484423,-2.267107609000283,-7.94289255684788e-05,1.7674903552409196,bluti,F,6,2,1.0
177,3B001874E8,not first visit,2024-12-15 10:32:05.092765,treatment,nah,0.0,2024-12-15,2024-12-15 10:32:07.639,0.1720001697540283,0.0690000057220459,0.0729999542236328,0.0739998817443847,0.7848829462962681,1.95652157687962,1.8493162281503928,1.82432723968838,1.3917525362697325,9.723135082942449,-1.5099349150554262,-0.3399866169571803,-1.1374953590492811,bluti,F,6,2,1.0
178,3B001874E8,not first visit,2024-12-15 11:11:36.065550,treatment,nah,0.0,2024-12-15,2024-12-15 11:11:37.385,1.4820001125335691,0.1480000019073486,0.0739998817443847,0.0740001201629638,0.0910931104918806,0.9121621504066808,1.82432723968838,1.824321361947812,0.3037120161212786,1.0074466040101144,8.217707813871431,-7.94289255684788e-05,1.7332282514559316,bluti,F,6,2,1.0
179,3B001874E8,not first visit,2024-12-15 11:18:50.811986,treatment,nah,0.0,2024-12-15,2024-12-15 11:18:52.982,0.5049998760223389,0.1480000019073486,0.0680000782012939,0.0739998817443847,0.2673267983020816,0.9121621504066808,1.985291834523672,1.82432723968838,0.6792454215376292,1.9749937906543764,9.936382278906876,-2.267107609000283,1.295490800541785,bluti,F,6,2,1.0
180,3B0018C6F9,not first visit,2024-12-15 11:19:50.129337,treatment,nah,0.0,2024-12-15,2024-12-15 11:19:51.212,0.5329999923706055,0.0740001201629638,0.0729999542236328,0.064000129699707,0.2532833056893026,1.824321361947812,1.8493162281503928,2.109370725238046,0.7258062599601418,5.1764012026328095,0.3400660347537917,3.796413690274368,1.5408337360191302,bluti,M,6,2,1.0
181,3B0018C6F9,not first visit,2024-12-15 11:20:43.611804,treatment,SCARE,0.0,2024-12-15,2024-12-15 11:20:43.777,0.0680000782012939,0.0690000057220459,0.0690000057220459,0.0729999542236328,1.985291834523672,1.95652157687962,1.95652157687962,1.8493162281503928,1.935483566638837,-0.4200035039416624,0.0,-1.5099349150554262,-7.672465887839915,bluti,M,6,2,1.0
182,3B001857EE,not first visit,2024-12-15 11:22:42.943543,treatment,nah,0.0,2024-12-15,2024-12-15 11:22:43.943,0.1459999084472656,0.0669999122619628,0.0730001926422119,0.0669999122619628,0.9246581140751968,2.014928011728786,1.8493101882848608,2.014928011728786,1.5297453648514208,10.237284651445266,-2.365967133485868,2.365967133485868,-1.7362202918704672,bluti,M,6,2,0.0
183,3B0019B8CC,not first visit,2024-12-15 11:24:52.217090,treatment,nah,0.0,2024-12-15,2024-12-15 11:24:53.179,0.1449999809265136,0.0730001926422119,0.0720000267028808,0.0729999542236328,0.9310346052281092,1.8493101882848608,1.874999304612736,1.8493162281503928,1.4876026726514302,8.42453992604057,0.3543321029982201,-0.3542493771134822,-1.8161716461586896,greti,F,5,2,0.0
184,3B0019B8CC,not first visit,2024-12-15 11:27:13.606558,treatment,SCARE,0.0,2024-12-15,2024-12-15 11:27:14.177,0.2230000495910644,0.0729999542236328,0.0679998397827148,0.062000036239624,0.605381031293768,1.8493162281503928,1.9852987952821064,2.177418082115925,1.2676059913598428,8.40496743800961,1.928833557382232,2.955684154664978,0.0420340273413688,greti,F,5,2,0.0
185,3B001857EE,not first visit,2024-12-15 11:33:13.930285,treatment,SCARE,1.0,2024-12-15,2024-12-15 11:33:15.458,0.1480000019073486,0.0740001201629638,0.0679998397827148,0.0740001201629638,0.9121621504066808,1.824321361947812,1.9852987952821064,1.824321361947812,1.483516149252617,8.217646035818213,2.267288432980896,-2.267288432980896,-1.7810623327664985,bluti,M,6,2,0.0
186,3B0019B8CC,not first visit,2024-12-15 11:36:24.700240,treatment,nah,0.0,2024-12-15,2024-12-15 11:36:28.414,2.799999952316284,0.0729999542236328,0.0740001201629638,0.0739998817443847,0.0482142865353701,1.8493162281503928,1.824321361947812,1.82432723968838,0.1787487641062357,1.2538127394401286,-0.3400660347537917,7.94289255684788e-05,1.7938889273167735,greti,F,5,2,0.0
187,3B001857EE,not first visit,2024-12-15 11:36:33.959100,treatment,nah,0.0,2024-12-15,2024-12-15 11:36:34.929,0.1480000019073486,0.0740001201629638,0.0739998817443847,0.0680000782012939,0.9121621504066808,1.824321361947812,1.82432723968838,1.985291834523672,1.483516149252617,8.217646035818213,7.94289255684788e-05,2.267107609000283,-1.5778409814594447,bluti,M,6,2,1.0
188,01103F8EAC,not first visit,2024-12-15 11:42:57.641566,treatment,SCARE,0.0,2024-12-15,2024-12-15 11:42:59.891,0.2279999256134033,0.0740001201629638,0.0739998817443847,0.0740001201629638,0.5921054563364464,1.824321361947812,1.82432723968838,1.824321361947812,1.199999872843438,8.16036899890955,7.94289255684788e-05,-7.94289255684788e-05,-0.1559642809759667,greti,M,5,2,0.0
189,3B00485E69,first visit,2024-12-15 11:46:22.241547,treatment,SCARE,0.0,2024-12-15,2024-12-15 11:46:23.336,0.1480000019073486,0.0740001201629638,0.0739998817443847,0.0729999542236328,0.9121621504066808,1.824321361947812,1.82432723968838,1.8493162281503928,1.4634148005618668,8.217646035818213,7.94289255684788e-05,0.3399866169571803,-1.67935774119584,bluti,F,6,2,0.0
190,01103F8EAC,not first visit,2024-12-15 11:47:19.486937,treatment,SCARE,0.0,2024-12-15,2024-12-15 11:47:21.216,0.1480000019073486,0.0690000057220459,0.0769999027252197,0.0740001201629638,0.9121621504066808,1.95652157687962,1.7532489681416643,1.824321361947812,1.4673911826597146,9.625432163638978,-2.784558030204193,0.9413560666646716,-1.7249481272420313,greti,M,5,2,0.0
191,3B001874E8,not first visit,2024-12-15 11:50:00.765596,treatment,SCARE,0.0,2024-12-15,2024-12-15 11:50:02.582,1.7149999141693115,0.1480000019073486,0.0680000782012939,0.0669999122619628,0.0787172051057445,0.9121621504066808,1.985291834523672,2.014928011728786,0.2702702829126542,0.894734281100892,9.936382278906876,0.4390545081287317,1.9438194249352487,bluti,F,6,2,1.0
192,3B0019B8CC,not first visit,2024-12-15 11:52:48.691518,treatment,nah,0.0,2024-12-15,2024-12-15 11:52:50.781,0.0730001926422119,0.0769999027252197,0.0780000686645507,0.0720000267028808,1.8493101882848608,1.7532489681416643,1.7307677071488832,1.874999304612736,1.799998855591548,-1.280815454255415,-0.2900808405473657,1.9230867435190748,-6.253833791399643,greti,F,5,2,0.0
193,3B0019B8CC,not first visit,2024-12-15 11:52:48.691518,treatment,nah,0.0,2024-12-15,2024-12-15 11:52:52.407,0.1310000419616699,0.0719997882843017,0.063000202178955,0.0669999122619628,1.0305340210463478,1.875005513445854,2.142850266044005,2.014928011728786,1.6216218909818338,8.319923138618131,3.968070689176098,-1.9680329492841588,-2.389064141456987,greti,F,5,2,0.0
194,01103F8EAC,not first visit,2024-12-15 12:03:11.037847,treatment,SCARE,0.0,2024-12-15,2024-12-15 12:03:13.287,0.1419999599456787,0.0740001201629638,0.0739998817443847,0.0740001201629638,0.950704493519882,1.824321361947812,1.82432723968838,1.824321361947812,1.483516149252617,8.089042078026296,7.94289255684788e-05,-7.94289255684788e-05,-1.889367457143193,greti,M,5,2,0.0
195,3B0018C6F9,not first visit,2024-12-15 12:03:50.528077,treatment,SCARE,0.0,2024-12-15,2024-12-15 12:03:50.613,0.1480000019073486,0.0740001201629638,0.0789999961853027,0.0739998817443847,0.9121621504066808,1.824321361947812,1.7088608420099594,1.82432723968838,1.4400000000000002,8.217646035818213,-1.5092866945935626,1.5093658797752028,-1.6308316595760388,bluti,M,6,2,1.0
196,01103F8EAC,not first visit,2024-12-15 12:19:46.269722,treatment,nah,1.0,2024-12-15,2024-12-15 12:19:48.921,0.0729999542236328,0.0680000782012939,0.0520000457763671,0.0499999523162841,1.8493162281503928,1.985291834523672,2.596151560723325,2.70000257492311,2.2222219431406103,1.928731561755867,10.180984918205066,2.036294434151897,-7.489063216092399,greti,M,5,2,0.0
197,3B0019B8CC,not first visit,2024-12-15 12:23:42.006544,treatment,SCARE,0.0,2024-12-15,2024-12-15 12:23:42.320,0.1349999904632568,0.0490000247955322,0.0410001277923584,0.0379998683929443,1.000000070642547,2.755100646649248,3.292672663941338,3.552643882973717,2.053231849819872,19.077178591949767,11.946024575172103,6.581550166726335,-2.113076264124827,greti,F,5,2,0.0
198,01103F8EAC,not first visit,2024-12-15 12:26:15.099943,treatment,nah,1.0,2024-12-15,2024-12-15 12:26:16.930,0.1419999599456787,0.0690000057220459,0.0729999542236328,0.0740001201629638,0.950704493519882,1.95652157687962,1.8493162281503928,1.824321361947812,1.508379719505235,9.533812767947682,-1.5099349150554262,-0.3400660347537917,-1.978496612131716,greti,M,5,2,1.0
199,01103F97C4,not first visit,2024-12-15 12:33:21.115650,treatment,nah,0.0,2024-12-15,2024-12-15 12:33:22.674,0.1410000324249267,0.0690000057220459,0.0739998817443847,0.0680000782012939,0.9574465883323724,1.95652157687962,1.82432723968838,1.985291834523672,1.5340909174035404,9.514998162505332,-1.8488733037957423,2.267107609000283,-1.88318012381214,greti,M ,5,2,0.0
200,01103F97C4,not first visit,2024-12-15 12:35:14.172368,treatment,SCARE,0.0,2024-12-15,2024-12-15 12:35:15.445,0.1449999809265136,0.0750000476837158,0.0690000057220459,0.0740001201629638,0.9310346052281092,1.799998855591548,1.95652157687962,1.824321361947812,1.4876026726514302,7.899673975979057,2.1739258783053863,-1.848952427330212,-1.8483974682184543,greti,M ,5,2,0.0
201,01103F8EAC,not first visit,2024-12-15 12:35:29.671819,treatment,nah,0.0,2024-12-15,2024-12-15 12:35:32.465,0.1500000953674316,0.0720000267028808,0.0629999637603759,0.0669999122619628,0.899999427795774,1.874999304612736,2.142858375498125,2.014928011728786,1.5340909174035404,8.783777844123499,3.968282811964984,-1.9681613195901129,-1.6811682878400296,greti,M,5,2,2.0
202,01103F97C4,not first visit,2024-12-15 12:36:40.569194,treatment,SCARE,0.0,2024-12-15,2024-12-15 12:36:42.255,0.1449999809265136,0.0729999542236328,0.0720000267028808,0.0729999542236328,0.9310346052281092,1.8493162281503928,1.874999304612736,1.8493162281503928,1.4876036497098255,8.42460455127954,0.3542493771134822,-0.3542493771134822,-1.8161750867909257,greti,M ,5,2,0.0
203,01103F8EAC,not first visit,2024-12-15 12:38:48.933597,treatment,nah,0.0,2024-12-15,2024-12-15 12:38:52.472,0.1480000019073486,0.0770001411437988,0.0729999542236328,0.0740001201629638,0.9121621504066808,1.7532435394876178,1.8493162281503928,1.824321361947812,1.4516120547439502,7.476274260765609,1.2809683677525867,-0.3400660347537917,-1.6705506832615695,greti,M,5,2,2.0
204,01103F97C4,not first visit,2024-12-15 12:39:03.338032,treatment,SCARE,0.0,2024-12-15,2024-12-15 12:39:04.896,0.1370000839233398,0.0729999542236328,0.0720000267028808,0.0720000267028808,0.9854008562180224,1.8493162281503928,1.874999304612736,1.874999304612736,1.5254233343031716,8.227763952383121,0.3542493771134822,0.0,-2.0745025514576456,greti,M ,5,2,0.0
205,01103F97C4,not first visit,2024-12-15 12:39:03.338032,treatment,SCARE,0.0,2024-12-15,2024-12-15 12:39:06.167,1.7369999885559082,0.0720000267028808,0.0729999542236328,0.0669999122619628,0.0777202077659396,1.874999304612736,1.8493162281503928,2.014928011728786,0.2770651784322797,1.9870415496814504,-0.3542493771134822,2.3658848788321127,1.940696671840533,greti,M ,5,2,0.0
206,3B0019B8CC,not first visit,2024-12-15 12:39:21.975097,treatment,nah,0.0,2024-12-15,2024-12-15 12:39:24.750,0.1449999809265136,0.0629999637603759,0.062000036239624,0.0669999122619628,0.9310346052281092,2.142858375498125,2.177418082115925,2.014928011728786,1.6023743951099416,11.652154735850733,0.552955305884808,-2.519226903181909,-2.015525756572351,greti,F,5,2,0.0
207,3B0018C2F6,not first visit,2024-12-15 12:40:45.840774,treatment,nah,0.0,2024-12-15,2024-12-15 12:40:46.733,0.1519999504089355,0.0729999542236328,0.0740001201629638,0.0639998912811279,0.8881581845046697,1.8493162281503928,1.824321361947812,2.109378583269693,1.4876036497098255,8.543630675891386,-0.3400660347537917,4.131263734530435,-1.3735947544274865,greti,F,6,2,1.0
208,3B0018C2F6,not first visit,2024-12-15 12:42:13.384243,treatment,SCARE,0.0,2024-12-15,2024-12-15 12:42:15.335,4.552999973297119,0.0690000057220459,0.0680000782012939,0.0639998912811279,0.0296507798795873,1.95652157687962,1.985291834523672,2.109378583269693,0.1135885582350926,0.8337822612491373,0.4200035039416624,1.880102688395628,2.0972539544890685,greti,F,6,2,1.0
209,3B0018C2F6,not first visit,2024-12-15 12:44:16.935751,treatment,SCARE,0.0,2024-12-15,2024-12-15 12:44:17.692,0.1420001983642578,0.0739998817443847,0.0690000057220459,0.0729999542236328,0.95070289728539,1.82432723968838,1.95652157687962,1.8493162281503928,1.508379719505235,8.089111281473405,1.8488733037957423,-1.5099349150554262,-1.9459054677489973,greti,F,6,2,1.0
210,3B0018C2F6,not first visit,2024-12-15 12:45:33.527356,treatment,SCARE,0.0,2024-12-15,2024-12-15 12:45:34.582,0.1429998874664306,0.0690000057220459,0.0690000057220459,0.0789999961853027,0.9440566869795012,1.95652157687962,1.95652157687962,1.7088608420099594,1.5000004371008555,9.551560377438454,0.0,-3.346766644296417,-2.0825321867107425,greti,F,6,2,1.0
211,01103F8EAC,not first visit,2024-12-15 12:46:39.391430,treatment,nah,0.0,2024-12-15,2024-12-15 12:46:40.668,0.1480000019073486,0.1389999389648437,0.0740001201629638,0.0679998397827148,0.9121621504066808,0.9712234480487404,1.824321361947812,1.9852987952821064,1.2587415497544678,0.4115770718458845,8.010306827071656,2.267288432980896,-0.8563280187876683,greti,M,5,2,2.0
212,3B0018C2F6,not first visit,2024-12-15 12:46:48.513871,treatment,SCARE,0.0,2024-12-15,2024-12-15 12:46:50.275,0.1480000019073486,0.0789999961853027,0.0739998817443847,0.0740001201629638,0.9121621504066808,1.7088608420099594,1.82432723968838,1.824321361947812,1.4400000000000002,7.019371791167163,1.5093658797752028,-7.94289255684788e-05,-1.63083909749514,greti,F,6,2,1.0
213,01103F97C4,not first visit,2024-12-15 12:47:42.054347,treatment,nah,0.0,2024-12-15,2024-12-15 12:47:45.167,0.1419999599456787,0.0739998817443847,0.0740001201629638,8.272000074386597,0.950704493519882,1.82432723968838,1.824321361947812,0.0163201159073987,0.0630693760469971,8.089105430197979,-7.94289255684788e-05,-0.4332617311035164,-0.2019817186175392,greti,M ,5,2,0.0
214,3B00485E69,not first visit,2024-12-15 12:48:04.602761,treatment,nah,0.0,2024-12-15,2024-12-15 12:48:04.839,1.7980000972747805,0.1469998359680175,0.0700001716613769,0.0629999637603759,0.0750834219667834,0.9183683717128204,1.928566699136927,2.142858375498125,0.2598652464660585,0.8671310834855112,9.310583335548843,3.222427942372596,2.077426201667411,bluti,F,6,2,0.0
215,3B0018C2F6,not first visit,2024-12-15 12:48:17.831861,treatment,nah,0.0,2024-12-15,2024-12-15 12:48:18.964,0.1480000019073486,0.0740001201629638,0.0729999542236328,0.0739998817443847,0.9121621504066808,1.824321361947812,1.8493162281503928,1.82432723968838,1.4634148005618668,8.217646035818213,0.3400660347537917,-0.3399866169571803,-1.7111847490221712,greti,F,6,2,1.0
216,01103F97C4,not first visit,2024-12-15 12:48:30.360867,treatment,nah,0.0,2024-12-15,2024-12-15 12:48:32.072,0.1429998874664306,0.063000202178955,0.0689997673034668,0.0690000057220459,0.9440566869795012,2.142850266044005,1.9565283373530613,1.95652157687962,1.5697680685315074,11.638767547413602,-2.823060178294298,-9.797803711568382e-05,-2.010104557036406,greti,M ,5,2,0.0
217,01103F8EAC,not first visit,2024-12-15 12:50:18.662598,treatment,nah,0.0,2024-12-15,2024-12-15 12:50:21.878,0.1399998664855957,0.0730001926422119,0.0769999027252197,0.0729999542236328,0.9642866339011108,1.8493101882848608,1.7532489681416643,1.8493162281503928,1.4876036497098255,8.31007801601317,-1.280815454255415,1.2808980216759334,-1.9100857694700355,greti,M,5,2,2.0
218,3B0018C6F9,not first visit,2024-12-15 12:51:20.583288,treatment,SCARE,0.0,2024-12-15,2024-12-15 12:51:20.592,0.1380000114440918,0.0729999542236328,0.0789999961853027,202.97399997711184,0.9782607884398098,1.8493162281503928,1.7088608420099594,0.0006651098170958,0.0026566435776239,8.256451008928517,-1.8480977890131889,-0.0168251218392981,-0.0089532170497368,bluti,M,6,2,1.0
219,01103F8EAC,not first visit,2024-12-15 12:54:47.208547,treatment,SCARE,0.0,2024-12-15,2024-12-15 12:54:49.395,0.1430001258850097,0.0639998912811279,0.0780000686645507,0.0789999961853027,0.9440551129903,2.109378583269693,1.7307677071488832,1.7088608420099594,1.483516149252617,11.259163030349969,-5.332549055163752,-0.2790682304478584,-2.0225819828972105,greti,M,5,2,2.0
220,3B0018C2F6,not first visit,2024-12-15 12:56:06.311771,treatment,SCARE,0.0,2024-12-15,2024-12-15 12:56:06.999,1.4830000400543213,0.1429998874664306,0.0629999637603759,0.0740001201629638,0.0910316900564986,0.9440566869795012,2.142858375498125,1.824321361947812,0.3062960842284285,1.049231285297355,11.638859750425146,-4.650172531697925,1.7318564595551666,greti,F,6,2,1.0
221,3B0018C2F6,not first visit,2024-12-15 12:56:06.311771,treatment,SCARE,0.0,2024-12-15,2024-12-15 12:56:09.617,1.6480000019073486,0.0690000057220459,0.0739998817443847,0.0680000782012939,0.0819174756333463,1.95652157687962,1.82432723968838,1.985291834523672,0.2904787570837829,2.183580772180051,-1.8488733037957423,2.267107609000283,1.9034561886048584,greti,F,6,2,1.0
222,3B00190DF0,not first visit,2024-12-15 13:02:04.795052,treatment,SCARE,0.0,2024-12-15,2024-12-15 13:02:05.925,0.1419999599456787,0.0690000057220459,0.0770001411437988,20.417999982833862,0.950704493519882,1.95652157687962,1.7532435394876178,0.0066118131116416,0.0260793971632426,9.533812767947682,-2.784627848063578,-0.1704446660951754,-0.0845741146398099,greti,M,6,2,3.0
223,3B0018C2F6,not first visit,2024-12-15 13:06:10.389692,treatment,nah,0.0,2024-12-15,2024-12-15 13:06:10.843,0.0740001201629638,0.1380000114440918,0.0679998397827148,0.064000129699707,1.824321361947812,0.9782607884398098,1.9852987952821064,2.109370725238046,1.5697669805612675,-7.981698568717722,9.777075088598425,1.879878161221272,-4.524525711533694,greti,F,6,2,1.0
224,0700ED9568,first visit,2024-12-15 13:08:57.216832,treatment,SCARE,0.0,2024-12-15,2024-12-15 13:08:57.506,0.1429998874664306,0.0740001201629638,0.0690000057220459,0.0739998817443847,0.9440566869795012,1.824321361947812,1.95652157687962,1.82432723968838,1.5000004371008555,8.113038193728356,1.848952427330212,-1.8488733037957423,-1.929377124532595,greti,M,6,2,0.0
225,0700ED9568,not first visit,2024-12-15 13:13:50.232150,treatment,SCARE,0.0,2024-12-15,2024-12-15 13:13:51.707,0.1470000743865966,0.0789999961853027,0.0739998817443847,0.0740001201629638,0.918366882216416,1.7088608420099594,1.82432723968838,1.824321361947812,1.4438499875690871,6.995519583628241,1.5093658797752028,-7.94289255684788e-05,-1.660942276137132,greti,M,6,2,0.0
226,3B00190DF0,not first visit,2024-12-15 13:15:25.156078,treatment,SCARE,1.0,2024-12-15,2024-12-15 13:15:26.101,0.1380000114440918,0.0739998817443847,0.0740001201629638,0.0739998817443847,0.9782607884398098,1.82432723968838,1.824321361947812,1.82432723968838,1.5000004371008555,7.981762995478329,-7.94289255684788e-05,7.94289255684788e-05,-2.027093968114337,greti,M,6,2,3.0
227,3B00190DF0,not first visit,2024-12-15 13:17:00.733323,treatment,SCARE,1.0,2024-12-15,2024-12-15 13:17:02.132,0.309999942779541,0.1340000629425048,0.0690000057220459,0.0680000782012939,0.4354839513502954,1.0074622133418265,1.95652157687962,1.985291834523672,0.9294318703626876,2.5764786244151634,9.350335394280822,0.4200035039416624,0.8743636115267146,greti,M,6,2,4.0
228,3B0018C6F9,not first visit,2024-12-15 13:19:10.133703,treatment,SCARE,1.0,2024-12-15,2024-12-15 13:19:10.184,1.329999923706055,0.064000129699707,0.0750000476837158,0.0739998817443847,0.1015037652211449,2.109370725238046,1.799998855591548,1.82432723968838,0.3499675994864498,2.880727235427812,-4.451388127270022,0.3265556459014513,1.703633118936296,bluti,M,6,2,1.0
229,3B0018C6F9,not first visit,2024-12-15 13:19:10.133703,treatment,SCARE,1.0,2024-12-15,2024-12-15 13:19:13.185,2.064000129699707,0.0690000057220459,0.0739998817443847,0.0690000057220459,0.0654069726340769,1.95652157687962,1.82432723968838,1.95652157687962,0.2372583455929646,1.7731968909337337,-1.8488733037957423,1.8488733037957423,1.9024438794360603,bluti,M,6,2,2.0
230,3B00190DF0,not first visit,2024-12-15 13:19:29.297046,treatment,nah,0.0,2024-12-15,2024-12-15 13:19:31.165,0.1430001258850097,0.1480000019073486,0.0739998817443847,0.0690000057220459,0.9440551129903,0.9121621504066808,1.82432723968838,1.95652157687962,1.244239587590808,-0.2191955228719083,8.217707813871431,1.8488733037957423,-0.9216956745503776,greti,M,6,2,5.0
231,01103F97C4,not first visit,2024-12-15 13:19:36.468666,treatment,nah,0.0,2024-12-15,2024-12-15 13:19:38.985,0.1460001468658447,0.0739998817443847,0.0690000057220459,0.0740001201629638,0.9246566041063478,1.82432723968838,1.95652157687962,1.824321361947812,1.4876026726514302,8.178822896209384,1.8488733037957423,-1.848952427330212,-1.830447521159876,greti,M ,5,2,0.0
232,3B001857EE,not first visit,2024-12-15 13:20:49.303697,treatment,nah,0.0,2024-12-15,2024-12-15 13:20:50.644,0.1389999389648437,0.0740001201629638,0.0789999961853027,0.0639998912811279,0.9712234480487404,1.824321361947812,1.7088608420099594,2.109378583269693,1.5168541601369434,8.010306827071656,-1.5092866945935626,5.601651139113735,-1.7068230982552342,bluti,M,6,2,1.0
233,3B001857EE,not first visit,2024-12-15 13:21:54.037930,treatment,nah,0.0,2024-12-15,2024-12-15 13:21:54.093,2.187999963760376,0.0740001201629638,0.0739998817443847,0.0740001201629638,0.0617001838372904,1.824321361947812,1.82432723968838,1.824321361947812,0.2240663820615054,1.5584625222942812,7.94289255684788e-05,-7.94289255684788e-05,1.776080406732013,bluti,M,6,2,1.0
234,3B0019B8CC,not first visit,2024-12-15 13:26:29.663785,treatment,nah,0.0,2024-12-15,2024-12-15 13:26:33.078,0.0779998302459716,0.0720000267028808,0.0629999637603759,0.062000036239624,1.7307729975088262,1.874999304612736,2.142858375498125,2.177418082115925,1.9636373850930224,1.9230192619862048,3.968282811964984,0.552955305884808,-6.265380169802192,greti,F,5,2,0.0
235,0700ED9568,not first visit,2024-12-15 13:26:49.431791,treatment,SCARE,0.0,2024-12-15,2024-12-15 13:26:49.638,0.1400001049041748,0.0729999542236328,0.0720000267028808,0.0669999122619628,0.9642849917319906,1.8493162281503928,1.874999304612736,2.014928011728786,1.5340909174035404,8.310150147773927,0.3542493771134822,2.013363576388933,-1.8654946540227,greti,M,6,2,0.0
236,3B0019B8CC,not first visit,2024-12-15 13:36:05.977921,treatment,SCARE,0.0,2024-12-15,2024-12-15 13:36:06.704,0.1480000019073486,0.0729999542236328,0.0690000057220459,0.0740001201629638,0.9121621504066808,1.8493162281503928,1.95652157687962,1.824321361947812,1.483516149252617,8.481034061276315,1.5099349150554262,-1.848952427330212,-1.7810623327664985,greti,F,5,2,0.0
237,01103F97C4,not first visit,2024-12-15 13:36:17.276905,treatment,SCARE,1.0,2024-12-15,2024-12-15 13:36:19.228,0.0740001201629638,0.0729999542236328,0.0699999332427978,0.0680000782012939,1.824321361947812,1.8493162281503928,1.9285732678022216,1.985291834523672,1.8947362714858995,0.3400660347537917,1.1084909373853016,0.8220081451866945,-6.539574874668208,greti,M ,5,2,0.0
238,3B0019B8CC,not first visit,2024-12-15 13:37:56.852864,treatment,nah,0.0,2024-12-15,2024-12-15 13:37:58.129,0.1480000019073486,0.0729999542236328,0.0740001201629638,0.0690000057220459,0.9121621504066808,1.8493162281503928,1.824321361947812,1.95652157687962,1.483516149252617,8.481034061276315,-0.3400660347537917,1.848952427330212,-1.6135835942352026,greti,F,5,2,0.0
239,3B0019B8CC,not first visit,2024-12-15 13:39:00.021451,treatment,nah,0.0,2024-12-15,2024-12-15 13:39:01.217,0.3789999485015869,0.0740001201629638,0.0739998817443847,0.0729999542236328,0.3562005761049193,1.824321361947812,1.82432723968838,1.8493162281503928,0.9000001430511703,6.481768491430604,7.94289255684788e-05,0.3399866169571803,0.8969081516504249,greti,F,5,2,0.0
240,3B00485E69,not first visit,2024-12-15 13:54:43.833624,treatment,SCARE,0.0,2024-12-15,2024-12-15 13:54:45.101,0.0950000286102294,0.059000015258789,0.0499999523162841,0.0460000038146972,1.4210522036144246,2.288135001454757,2.70000257492311,2.934782365319429,2.16,11.260812348570646,7.557205430995763,4.891247868405018,-4.981943718045788,bluti,F,6,2,0.0
241,01103F97C4,not first visit,2024-12-15 13:56:16.135317,treatment,nah,0.0,2024-12-15,2024-12-15 13:56:17.759,0.1469998359680175,0.0740001201629638,0.0739998817443847,0.0730001926422119,0.9183683717128204,1.824321361947812,1.82432723968838,1.8493101882848608,1.4673911826597146,8.198671222342279,7.94289255684788e-05,0.3399038905351528,-1.7102569202557172,greti,M ,5,2,1.0
242,3B004CD4DE,not first visit,2024-12-15 13:56:59.499657,treatment,nah,0.0,2024-12-15,2024-12-15 13:57:01.033,0.1480000019073486,0.0740001201629638,0.0729999542236328,0.0739998817443847,0.9121621504066808,1.824321361947812,1.8493162281503928,1.82432723968838,1.4634148005618668,8.217646035818213,0.3400660347537917,-0.3399866169571803,-1.7111847490221712,bluti,M,5,2,1.0
243,01103F97C4,not first visit,2024-12-15 13:57:54.654596,treatment,SCARE,1.0,2024-12-15,2024-12-15 13:57:55.923,0.1369998455047607,0.0740001201629638,0.0789999961853027,0.0629999637603759,0.9854025710949342,1.824321361947812,1.7088608420099594,2.142858375498125,1.5297453648514208,7.951838173983194,-1.5092866945935626,6.112643040944363,-1.7520131240168082,greti,M ,5,2,1.0
244,3B0019B8CC,not first visit,2024-12-15 13:58:31.722007,treatment,SCARE,0.0,2024-12-15,2024-12-15 13:58:32.322,0.1419999599456787,0.0740001201629638,0.0739998817443847,0.0740001201629638,0.950704493519882,1.824321361947812,1.82432723968838,1.824321361947812,1.483516149252617,8.089042078026296,7.94289255684788e-05,-7.94289255684788e-05,-1.889367457143193,greti,F,5,2,0.0
245,01103F8EAC,not first visit,2024-12-15 13:59:15.936480,treatment,SCARE,0.0,2024-12-15,2024-12-15 13:59:16.561,0.2209999561309814,0.0659999847412109,0.062000036239624,0.0769999027252197,0.6108598497639008,2.04545501835101,2.177418082115925,1.7532489681416643,1.2676059913598428,9.997180934793064,2.0619225333513627,-6.103155398960904,-0.4520216424201329,greti,M,5,2,2.0
246,01103F8EAC,not first visit,2024-12-15 14:16:55.435412,treatment,SCARE,0.0,2024-12-15,2024-12-15 14:16:56.227,0.1389999389648437,0.1380000114440918,0.0670001506805419,0.0619997978210449,0.9712234480487404,0.9782607884398098,2.0149208416512763,2.177426455319444,1.330049592251277,0.0508111310538515,10.113748618220203,2.519467884379321,-1.0017007166264764,greti,M,5,2,2.0
247,3B0019B8CC,not first visit,2024-12-15 14:17:31.940655,treatment,nah,0.0,2024-12-15,2024-12-15 14:17:33.191,0.1340000629425048,0.0720000267028808,0.0609998703002929,0.0670001506805419,1.0074622133418265,1.874999304612736,2.213119459687632,2.0149208416512763,1.6167659315667522,8.422686541198226,5.084517547661378,-3.096852899204315,-2.299692421230449,greti,F,5,2,0.0
248,3B0018C2F6,not first visit,2024-12-15 14:17:58.711632,treatment,nah,0.0,2024-12-15,2024-12-15 14:17:58.834,0.1379997730255127,0.062000036239624,0.0720000267028808,0.0670001506805419,0.9782624785552502,2.177418082115925,1.874999304612736,2.0149208416512763,1.592920416719121,11.991567471656666,-4.513710976881378,2.0132569565372043,-2.121495124482401,greti,F,6,2,1.0
249,01103F97C4,not first visit,2024-12-15 14:18:11.881134,treatment,SCARE,0.0,2024-12-15,2024-12-15 14:18:11.909,0.1330001354217529,0.0720000267028808,0.0720000267028808,0.0719997882843017,1.0150365604659377,1.874999304612736,1.874999304612736,1.875005513445854,1.54727803843663,8.389873795553068,0.0,8.623390410715187e-05,-2.242789608799057,greti,M ,5,2,2.0
250,3B004CD4DE,not first visit,2024-12-15 14:18:25.908849,treatment,nah,0.0,2024-12-15,2024-12-15 14:18:26.710,0.1740000247955322,0.1399998664855957,0.062000036239624,0.0729999542236328,0.775861958402815,0.9642866339011108,2.177418082115925,1.8493162281503928,1.2026729225452704,1.200157584319651,12.011208241669664,-4.860768550273817,-0.5342850476470808,bluti,M,5,2,1.0
251,3B0019B8CC,not first visit,2024-12-15 14:21:12.013789,treatment,SCARE,0.0,2024-12-15,2024-12-15 14:21:12.905,1.121000051498413,0.0739998817443847,0.0680000782012939,0.0740001201629638,0.1204281835844243,1.82432723968838,1.985291834523672,1.824321361947812,0.4038892646561878,2.8517140607367057,2.267107609000283,-2.267186587485454,1.6614705490611243,greti,F,5,2,0.0
252,01103F8EAC,not first visit,2024-12-15 14:29:09.506157,treatment,nah,0.0,2024-12-15,2024-12-15 14:29:10.460,0.1410000324249267,0.0720000267028808,0.0729999542236328,0.0669999122619628,0.9574465883323724,1.874999304612736,1.8493162281503928,2.014928011728786,1.5297453648514208,8.615516071099293,-0.3542493771134822,2.3658848788321127,-1.8302397313122605,greti,M,5,2,2.0
253,3B001857EE,not first visit,2024-12-15 14:30:06.521536,treatment,SCARE,1.0,2024-12-15,2024-12-15 14:30:08.266,0.1399998664855957,0.0680000782012939,0.0729999542236328,0.0770001411437988,0.9642866339011108,1.985291834523672,1.8493162281503928,1.7532435394876178,1.508379719505235,9.817360309008924,-1.928731561755867,-1.2809683677525867,-2.111632187323876,bluti,M,6,2,1.0
254,01103F8EAC,not first visit,2024-12-15 14:32:27.624598,treatment,SCARE,0.0,2024-12-15,2024-12-15 14:32:28.731,0.1510000228881836,0.0720000267028808,0.0680000782012939,0.0720000267028808,0.8940395995831624,1.874999304612736,1.985291834523672,1.874999304612736,1.4876026726514302,8.797842931680496,1.5756063895298893,-1.5756063895298893,-1.6798282839481613,greti,M,5,2,2.0
255,3B00190DF0,not first visit,2024-12-15 14:33:56.171436,treatment,nah,0.0,2024-12-15,2024-12-15 14:33:58.202,0.1510000228881836,0.0740001201629638,0.0739998817443847,0.0690000057220459,0.8940395995831624,1.824321361947812,1.82432723968838,1.95652157687962,1.4673911826597146,8.269165963624978,7.94289255684788e-05,1.8488733037957423,-1.5087479711924994,greti,M,6,2,5.0
256,3B00190DF0,not first visit,2024-12-15 14:35:07.118710,treatment,nah,0.0,2024-12-15,2024-12-15 14:35:09.478,0.2160000801086425,0.0739998817443847,0.0730001926422119,0.0739998817443847,0.6249997682042452,1.82432723968838,1.8493101882848608,1.82432723968838,1.2356978380292334,8.271225029277465,0.3399038905351528,-0.3399038905351528,-0.3160825199401267,greti,M,6,2,5.0
257,3B0019B8CC,not first visit,2024-12-15 14:35:27.250280,treatment,nah,0.0,2024-12-15,2024-12-15 14:35:29.854,0.1380000114440918,0.0679998397827148,0.0740001201629638,0.0690000057220459,0.9782607884398098,1.9852987952821064,1.824321361947812,1.95652157687962,1.54727803843663,9.777075088598425,-2.267288432980896,1.848952427330212,-2.0282479296193494,greti,F,5,2,0.0
258,3B004CD4DE,not first visit,2024-12-15 14:35:53.403070,treatment,SCARE,0.0,2024-12-15,2024-12-15 14:35:54.057,0.1370000839233398,0.0739998817443847,0.064000129699707,0.0789999961853027,0.9854008562180224,1.82432723968838,2.109370725238046,1.7088608420099594,1.5254233343031716,7.951910141933101,4.131064665384407,-5.601531897253674,-2.296832856897169,bluti,M,5,2,1.0
259,3B001857EE,not first visit,2024-12-15 14:35:59.689204,treatment,SCARE,0.0,2024-12-15,2024-12-15 14:35:59.700,1.0720000267028809,0.0739998817443847,0.0740001201629638,0.0739998817443847,0.1259328326839837,1.82432723968838,1.824321361947812,1.82432723968838,0.4173106935162118,2.964039341513699,-7.94289255684788e-05,7.94289255684788e-05,1.6496631060596312,bluti,M,6,2,2.0
260,01103F97C4,not first visit,2024-12-15 14:36:39.485616,treatment,nah,0.0,2024-12-15,2024-12-15 14:36:42.828,0.1529998779296875,0.0740001201629638,0.0729999542236328,0.0690000057220459,0.8823536451580732,1.824321361947812,1.8493162281503928,1.95652157687962,1.4634148005618668,8.299275107529027,0.3400660347537917,1.5099349150554262,-1.4634535770422843,greti,M ,5,2,2.0
261,0700ED9568,not first visit,2024-12-15 14:37:05.200798,treatment,nah,0.0,2024-12-15,2024-12-15 14:37:06.683,0.1480000019073486,0.0629999637603759,0.0739998817443847,0.0740001201629638,0.9121621504066808,2.142858375498125,1.82432723968838,1.824321361947812,1.5041784088380914,11.665368960576057,-4.650094817788331,-7.94289255684788e-05,-1.853753211277332,greti,M,6,2,0.0
262,3B00190DF0,not first visit,2024-12-15 14:38:15.553039,treatment,SCARE,1.0,2024-12-15,2024-12-15 14:38:16.538,0.1439998149871826,0.1480000019073486,0.0730001926422119,0.0689997673034668,0.9375012045120774,0.9121621504066808,1.8493101882848608,1.9565283373530613,1.2442402711161238,-0.1735552739373725,8.480970252431328,1.5101152015707104,-0.9060708854313286,greti,M,6,2,5.0
263,3B0019B8CC,not first visit,2024-12-15 14:38:34.364654,treatment,SCARE,1.0,2024-12-15,2024-12-15 14:38:34.913,0.0729999542236328,0.0739998817443847,0.1480000019073486,0.0789999961853027,1.8493162281503928,1.82432723968838,0.9121621504066808,1.7088608420099594,1.4438509079990745,-0.3399866169571803,-8.217707813871431,7.019371791167163,-4.496901252135108,greti,F,5,2,0.0
264,3B001857EE,not first visit,2024-12-15 14:39:54.906031,treatment,nah,0.0,2024-12-15,2024-12-15 14:39:55.510,0.1470000743865966,0.0759999752044677,0.0739998817443847,0.0740001201629638,0.918366882216416,1.776316369009339,1.82432723968838,1.824321361947812,1.4555254044279016,7.6946125201875395,0.6401455528775826,-7.94289255684788e-05,-1.7010799570405994,bluti,M,6,2,2.0
265,3B0019B8CC,not first visit,2024-12-15 14:39:58.882795,treatment,SCARE,1.0,2024-12-15,2024-12-15 14:40:00.372,0.1419999599456787,0.0789999961853027,0.0740001201629638,0.0750000476837158,0.950704493519882,1.7088608420099594,1.824321361947812,1.799998855591548,1.4594589704315957,6.8611447872029085,1.5092866945935626,-0.3264762276146148,-1.835580710977729,greti,F,5,2,1.0
266,3B00190DF0,not first visit,2024-12-15 14:41:24.471112,treatment,nah,0.0,2024-12-15,2024-12-15 14:41:25.999,0.2209999561309814,0.0739998817443847,0.0680000782012939,0.0740001201629638,0.6108598497639008,1.82432723968838,1.985291834523672,1.824321361947812,1.2356978380292334,8.226902080109985,2.267107609000283,-2.267186587485454,-0.2857299464753462,greti,M,6,2,6.0
267,3B0019B8CC,not first visit,2024-12-15 14:41:28.490251,treatment,SCARE,1.0,2024-12-15,2024-12-15 14:41:29.691,0.0740001201629638,0.1519999504089355,0.0679998397827148,0.0690000057220459,1.824321361947812,0.8881581845046697,1.9852987952821064,1.95652157687962,1.4876036497098255,-8.284627301877878,9.97401506448415,-0.4201058518928999,-4.301873898565836,greti,F,5,2,2.0
268,01103F8EAC,not first visit,2024-12-15 14:41:44.191523,treatment,nah,0.0,2024-12-15,2024-12-15 14:41:46.034,0.2210001945495605,0.0739998817443847,0.0740001201629638,0.0739998817443847,0.6108591907584293,1.82432723968838,1.824321361947812,1.82432723968838,1.218961410103026,8.22689989897373,-7.94289255684788e-05,7.94289255684788e-05,-0.2428778633841477,greti,M,5,2,2.0
269,01103F97C4,not first visit,2024-12-15 14:42:37.109270,treatment,nah,0.0,2024-12-15,2024-12-15 14:42:39.825,0.1449999809265136,0.062000036239624,0.0729999542236328,0.0669999122619628,0.9310346052281092,2.177418082115925,1.8493162281503928,2.014928011728786,1.556196487206812,12.042351435048165,-4.860768550273817,2.3658848788321127,-1.848287126812902,greti,M ,5,2,2.0
270,01103F8EAC,not first visit,2024-12-15 14:45:55.325448,treatment,nah,0.0,2024-12-15,2024-12-15 14:45:56.304,0.0810000896453857,0.1500000953674316,0.0609998703002929,0.062000036239624,1.666664822113446,0.899999427795774,2.213119459687632,2.177418082115925,1.5254233343031716,-6.637790305450468,12.446637398602364,-0.5805106455120866,-3.722279805748625,greti,M,5,2,2.0
271,3B0018C2F6,not first visit,2024-12-15 14:48:04.891618,treatment,SCARE,1.0,2024-12-15,2024-12-15 14:48:06.075,0.1459999084472656,0.0740001201629638,0.0739998817443847,0.0729999542236328,0.9246581140751968,1.824321361947812,1.82432723968838,1.8493162281503928,1.4713901887145466,8.17875573522342,7.94289255684788e-05,0.3399866169571803,-1.7415900001760132,greti,F,6,2,1.0
272,3B0018C2F6,not first visit,2024-12-15 14:49:47.271104,treatment,nah,0.0,2024-12-15,2024-12-15 14:49:50.007,1.065000057220459,0.0690000057220459,0.0739998817443847,0.0740001201629638,0.1267605565696739,1.95652157687962,1.82432723968838,1.824321361947812,0.421216827366732,3.22709156745914,-1.8488733037957423,-7.94289255684788e-05,1.6464118029143129,greti,F,6,2,2.0
273,01103F8EAC,not first visit,2024-12-15 14:49:53.368942,treatment,SCARE,1.0,2024-12-15,2024-12-15 14:49:54.736,0.1529998779296875,0.0740001201629638,0.0750000476837158,0.0739998817443847,0.8823536451580732,1.824321361947812,1.799998855591548,1.82432723968838,1.4361704896078649,8.299275107529027,-0.3264762276146148,0.3265556459014513,-1.537019369365246,greti,M,5,2,2.0
274,3B00485E69,not first visit,2024-12-15 14:50:46.379994,treatment,SCARE,1.0,2024-12-15,2024-12-15 14:50:47.368,0.1459999084472656,0.0729999542236328,0.0720000267028808,0.0730001926422119,0.9246581140751968,1.8493162281503928,1.874999304612736,1.8493101882848608,1.483516149252617,8.444371633828142,0.3542493771134822,-0.3543321029982201,-1.7839236024136813,bluti,F,6,2,0.0
275,3B0018C2F6,not first visit,2024-12-15 14:51:09.285109,treatment,SCARE,0.0,2024-12-15,2024-12-15 14:51:09.752,0.1459999084472656,0.0669999122619628,0.0780000686645507,0.0720000267028808,0.9246581140751968,2.014928011728786,1.7307677071488832,1.874999304612736,1.4876036497098255,10.237284651445266,-3.919452992534063,1.9230867435190748,-1.765387709361087,greti,F,6,2,2.0
276,3B0018C2F6,not first visit,2024-12-15 14:52:25.497393,treatment,SCARE,0.0,2024-12-15,2024-12-15 14:52:26.173,0.1469998359680175,0.0740001201629638,0.0739998817443847,0.0740001201629638,0.9183683717128204,1.824321361947812,1.82432723968838,1.824321361947812,1.4634148005618668,8.198671222342279,7.94289255684788e-05,-7.94289255684788e-05,-1.7283612023189765,greti,F,6,2,2.0
277,3B0018C2F6,not first visit,2024-12-15 14:53:29.552359,treatment,nah,0.0,2024-12-15,2024-12-15 14:53:31.209,0.1480000019073486,0.0739998817443847,0.0740001201629638,0.0689997673034668,0.9121621504066808,1.82432723968838,1.824321361947812,1.9565283373530613,1.4794529825203149,8.217707813871431,-7.94289255684788e-05,1.8490500621727377,-1.5996609569502598,greti,F,6,2,2.0
278,3B0018C2F6,not first visit,2024-12-15 14:59:54.352343,treatment,SCARE,0.0,2024-12-15,2024-12-15 14:59:55.551,0.1449999809265136,0.0669999122619628,0.0729999542236328,0.0770001411437988,0.9310346052281092,2.014928011728786,1.8493162281503928,1.7532435394876178,1.4917127543406017,10.225414647139011,-2.3658848788321127,-1.2809683677525867,-1.9560587476659663,greti,F,6,2,2.0
279,3B001874E8,not first visit,2024-12-15 15:12:48.839006,treatment,SCARE,1.0,2024-12-15,2024-12-15 15:12:51.432,0.0740001201629638,0.0690000057220459,0.0690000057220459,0.0739998817443847,1.824321361947812,1.95652157687962,1.95652157687962,1.82432723968838,1.8881117999684889,1.848952427330212,0.0,-1.8488733037957423,-6.7809617002241325,bluti,F,6,2,1.0
280,01103F97C4,not first visit,2024-12-15 15:17:09.455198,treatment,SCARE,1.0,2024-12-15,2024-12-15 15:17:10.792,0.1459999084472656,0.0740001201629638,0.0739998817443847,0.0729999542236328,0.9246581140751968,1.824321361947812,1.82432723968838,1.8493162281503928,1.4713901887145466,8.17875573522342,7.94289255684788e-05,0.3399866169571803,-1.7415900001760132,greti,M ,5,2,2.0
281,3B00190DF0,not first visit,2024-12-15 15:23:24.513162,treatment,nah,0.0,2024-12-15,2024-12-15 15:23:27.028,0.1459999084472656,0.0739998817443847,0.0690000057220459,0.0740001201629638,0.9246581140751968,1.82432723968838,1.95652157687962,1.824321361947812,1.4876036497098255,8.178818032775817,1.8488733037957423,-1.848952427330212,-1.830455211484012,greti,M,6,2,6.0
282,01103F8EAC,not first visit,2024-12-15 15:32:36.732510,treatment,nah,0.0,2024-12-15,2024-12-15 15:32:39.348,0.0750000476837158,0.1519999504089355,0.0739998817443847,0.0740001201629638,1.799998855591548,0.8881581845046697,1.82432723968838,1.824321361947812,1.4400000000000002,-8.033838579282325,8.284688057189395,-7.94289255684788e-05,-4.16569314152497,greti,M,5,2,3.0
283,3B0019B8CC,not first visit,2024-12-15 15:35:02.272918,treatment,SCARE,0.0,2024-12-15,2024-12-15 15:35:03.339,0.2950000762939453,0.0739998817443847,0.0690000057220459,0.0690000057220459,0.4576270002909514,1.82432723968838,1.95652157687962,1.95652157687962,1.065088821506768,7.407590215798679,1.8488733037957423,0.0,0.5484381891721624,greti,F,5,2,3.0
284,01103F8EAC,not first visit,2024-12-15 15:35:08.177307,treatment,nah,0.0,2024-12-15,2024-12-15 15:35:08.950,2.611999988555908,0.0729999542236328,0.0789999961853027,0.064000129699707,0.0516845331514098,1.8493162281503928,1.7088608420099594,2.109370725238046,0.1909476615589337,1.3390180508816367,-1.8480977890131889,5.601531897253674,2.074683119318178,greti,M,5,2,3.0
285,3B0019B8CC,not first visit,2024-12-15 15:36:36.722891,treatment,SCARE,1.0,2024-12-15,2024-12-15 15:36:38.577,0.1530001163482666,0.0739998817443847,0.0690000057220459,0.0740001201629638,0.8823522701950512,1.82432723968838,1.95652157687962,1.824321361947812,1.4594589704315957,8.29933900800172,1.8488733037957423,-1.848952427330212,-1.6156484256209451,greti,F,5,2,3.0
286,3B0018C2F6,not first visit,2024-12-15 15:36:49.579225,treatment,nah,0.0,2024-12-15,2024-12-15 15:36:51.133,1.2860000133514404,0.0740001201629638,0.0680000782012939,0.0739998817443847,0.1049766707608166,1.824321361947812,1.985291834523672,1.82432723968838,0.3595206167770794,2.528447827051313,2.267186587485454,-2.267107609000283,1.6966184171500038,greti,F,6,2,2.0
287,3B00190DF0,not first visit,2024-12-15 15:37:12.134825,treatment,SCARE,1.0,2024-12-15,2024-12-15 15:37:13.612,0.1480000019073486,0.0740001201629638,0.0789999961853027,0.0690000057220459,0.9121621504066808,1.824321361947812,1.7088608420099594,1.95652157687962,1.4594589704315957,8.217646035818213,-1.5092866945935626,3.346766644296417,-1.5316686000053163,greti,M,6,2,6.0
288,3B004CD4DE,not first visit,2024-12-15 15:37:28.440432,treatment,SCARE,1.0,2024-12-15,2024-12-15 15:37:29.798,0.1429998874664306,0.0740001201629638,0.0690000057220459,0.0739998817443847,0.9440566869795012,1.824321361947812,1.95652157687962,1.82432723968838,1.5000004371008555,8.113038193728356,1.848952427330212,-1.8488733037957423,-1.929377124532595,bluti,M,5,2,1.0
289,3B00190DF0,not first visit,2024-12-15 15:37:46.855966,treatment,nah,0.0,2024-12-15,2024-12-15 15:37:50.382,0.1380000114440918,0.1419999599456787,0.0740001201629638,0.0690000057220459,0.9782607884398098,0.950704493519882,1.824321361947812,1.95652157687962,1.27659545110983,-0.1968306981115254,8.089042078026296,1.848952427330212,-1.1053266762635667,greti,M,6,2,7.0
290,3B0019B8CC,not first visit,2024-12-15 15:38:01.197274,treatment,nah,0.0,2024-12-15,2024-12-15 15:38:03.690,0.1480000019073486,0.0739998817443847,0.0740001201629638,0.0639998912811279,0.9121621504066808,1.82432723968838,1.824321361947812,2.109378583269693,1.5000004371008555,8.217707813871431,-7.94289255684788e-05,4.131263734530435,-1.4818117133731508,greti,F,5,2,4.0
291,01103F8EAC,not first visit,2024-12-15 15:39:08.953619,treatment,nah,0.0,2024-12-15,2024-12-15 15:39:09.804,0.2220001220703125,0.0739998817443847,0.0690000057220459,0.0690000057220459,0.6081077737301533,1.82432723968838,1.95652157687962,1.95652157687962,1.244239587590808,8.217698988406823,1.8488733037957423,0.0,-0.1513046839499177,greti,M,5,2,3.0
292,3B0018C2F6,not first visit,2024-12-15 15:39:25.288289,treatment,nah,0.0,2024-12-15,2024-12-15 15:39:26.379,0.1380000114440918,0.0740001201629638,0.0739998817443847,0.0729999542236328,0.9782607884398098,1.824321361947812,1.82432723968838,1.8493162281503928,1.5041784088380914,7.981698568717722,7.94289255684788e-05,0.3399866169571803,-2.009700921055676,greti,F,6,2,2.0
293,01103F8EAC,not first visit,2024-12-15 15:43:11.457744,treatment,nah,0.0,2024-12-15,2024-12-15 15:43:14.082,0.4389998912811279,0.0730001926422119,0.0739998817443847,0.0740001201629638,0.3075171604394506,1.8493101882848608,1.82432723968838,1.824321361947812,0.8181817117801521,6.022628027835471,-0.3399038905351528,-7.94289255684788e-05,1.0621971998989437,greti,M,5,2,3.0
294,01103F8EAC,not first visit,2024-12-15 15:47:01.617118,treatment,nah,0.0,2024-12-15,2024-12-15 15:47:00.963,7.078999996185303,0.0739998817443847,0.0740001201629638,0.0690000057220459,0.0190704901925057,1.82432723968838,1.824321361947812,1.95652157687962,0.0740131578560392,0.5047551461774594,-7.94289255684788e-05,1.848952427330212,1.9513978557141585,greti,M,5,2,3.0
295,01103F8EAC,not first visit,2024-12-15 15:51:26.270954,treatment,nah,0.0,2024-12-15,2024-12-15 15:51:27.379,1.6089999675750732,0.1400001049041748,0.0720000267028808,0.0729999542236328,0.0839030470606278,0.9642849917319906,1.874999304612736,1.8493162281503928,0.2851108684125855,1.0067260242286908,8.591639127552646,-0.3542493771134822,1.7696362284450589,greti,M,5,2,3.0
296,3B004CD4DE,not first visit,2024-12-15 15:52:20.732111,treatment,nah,0.0,2024-12-15,2024-12-15 15:52:21.005,0.1539998054504394,0.0740001201629638,0.0690000057220459,0.0629999637603759,0.8766244840708322,1.824321361947812,1.95652157687962,2.142858375498125,1.5000004371008555,8.313133219910737,1.848952427330212,2.8232854802791363,-1.3427259088183674,bluti,M,5,2,2.0
297,3B00190DF0,not first visit,2024-12-15 15:52:50.787360,treatment,nah,0.0,2024-12-15,2024-12-15 15:52:52.600,0.1480000019073486,0.0740001201629638,0.0739998817443847,1.986999988555908,0.9121621504066808,1.824321361947812,1.82432723968838,0.0679416209247761,0.236530881210945,8.217646035818213,7.94289255684788e-05,-1.7044014840308497,-0.682500298082803,greti,M,6,2,7.0
298,3B00182A81,not first visit,2024-12-23 08:17:12.152087,treatment,nah,0.0,2024-12-23,2024-12-23 08:17:12.627,0.2459998130798339,0.0740001201629638,0.0739998817443847,180.83700013160703,0.5487809047895034,1.824321361947812,1.82432723968838,0.0007465286412722,0.0029796226923601,7.972129520355249,7.94289255684788e-05,-0.0201599760203915,-0.0053046780027749,bluti,F,6,3,0.0
299,3B00182A81,not first visit,2024-12-23 08:26:00.127747,treatment,nah,0.0,2024-12-23,2024-12-23 08:26:00.781,0.1420001983642578,0.0739998817443847,0.0789999961853027,0.0729999542236328,0.95070289728539,1.82432723968838,1.7088608420099594,1.8493162281503928,1.4673911826597146,8.089111281473405,-1.5093658797752028,1.8480977890131889,-1.8002156887313845,bluti,F,6,3,0.0
300,01103FA4B2,first visit,2024-12-23 08:26:37.384428,treatment,SCARE,1.0,2024-12-23,2024-12-23 08:26:38.464,0.1480000019073486,0.0729999542236328,0.0690000057220459,0.0740001201629638,0.9121621504066808,1.8493162281503928,1.95652157687962,1.824321361947812,1.483516149252617,8.481034061276315,1.5099349150554262,-1.848952427330212,-1.7810623327664985,bluti,M,6,3,0.0
301,3B00182A81,not first visit,2024-12-23 08:28:00.549547,treatment,SCARE,1.0,2024-12-23,2024-12-23 08:28:01.512,0.1480000019073486,0.0690000057220459,0.0679998397827148,0.0740001201629638,0.9121621504066808,1.95652157687962,1.9852987952821064,1.824321361947812,1.5041784088380914,9.625432163638978,0.4201058518928999,-2.267288432980896,-1.853753211277332,bluti,F,6,3,0.0
302,3B00182A81,not first visit,2024-12-23 08:32:26.707607,treatment,SCARE,0.0,2024-12-23,2024-12-23 08:32:27.424,0.1470000743865966,0.0789999961853027,0.0739998817443847,0.0680000782012939,0.918366882216416,1.7088608420099594,1.82432723968838,1.985291834523672,1.4673911826597146,6.995519583628241,1.5093658797752028,2.267107609000283,-1.5401094844647398,bluti,F,6,3,1.0
303,3B0018D520,first visit,2024-12-23 08:40:36.584892,treatment,SCARE,0.0,2024-12-23,2024-12-23 08:40:37.102,1.0829999446868896,0.1530001163482666,0.0789999961853027,0.0739998817443847,0.1246537459787501,0.8823522701950512,1.7088608420099594,1.82432723968838,0.3887689155713258,1.226049331391982,7.125070438880207,1.5093658797752028,1.6705286684131684,bluti,F,6,3,0.0
304,3B0018D520,not first visit,2024-12-23 09:05:42.008610,treatment,nah,0.0,2024-12-23,2024-12-23 09:05:43.651,0.1429998874664306,0.1470000743865966,0.0740001201629638,0.0739998817443847,0.9440566869795012,0.918366882216416,1.824321361947812,1.82432723968838,1.2328768143355988,-0.1771710906369345,8.198675857076957,7.94289255684788e-05,-1.0407910006489725,bluti,F,6,3,0.0
305,3B004873F2,not first visit,2024-12-23 09:17:31.168521,treatment,SCARE,0.0,2024-12-23,2024-12-23 09:17:31.283,1.3570001125335691,0.1459999084472656,0.0669999122619628,0.0730001926422119,0.0994841479769298,0.9246581140751968,2.014928011728786,1.8493101882848608,0.3286670472463454,1.098035867703809,10.237284651445266,-2.365967133485868,1.7421074395353433,bluti,F,5,3,0.0
306,3B004873F2,not first visit,2024-12-23 09:25:17.787851,treatment,SCARE,0.0,2024-12-23,2024-12-23 09:25:18.301,0.2579998970031738,0.1470000743865966,0.0739998817443847,0.0690000057220459,0.5232560228438358,0.918366882216416,1.82432723968838,1.95652157687962,0.9854017136557324,1.9511648754776176,8.198737894183317,1.8488733037957423,0.5956473278980194,bluti,F,5,3,0.0
307,3B004873F2,not first visit,2024-12-23 09:34:06.917630,treatment,nah,0.0,2024-12-23,2024-12-23 09:34:07.433,1.4639999866485596,0.1469998359680175,0.0740001201629638,0.0690000057220459,0.0922131155950669,0.9183683717128204,1.824321361947812,1.95652157687962,0.3078677399399658,1.0256428889928948,8.198671222342279,1.848952427330212,1.86314120214768,bluti,F,5,3,0.0
308,3B004873F2,not first visit,2024-12-23 09:35:26.214399,treatment,nah,0.0,2024-12-23,2024-12-23 09:35:27.648,0.1480000019073486,0.0729999542236328,0.0740001201629638,0.0739998817443847,0.9121621504066808,1.8493162281503928,1.824321361947812,1.82432723968838,1.4634148005618668,8.481034061276315,-0.3400660347537917,7.94289255684788e-05,-1.7111847490221712,bluti,F,5,3,0.0
309,3B004873F2,not first visit,2024-12-23 09:35:26.214399,treatment,nah,0.0,2024-12-23,2024-12-23 09:35:29.156,1.3940000534057615,0.0740001201629638,0.0729999542236328,0.0739998817443847,0.096843611784787,1.824321361947812,1.8493162281503928,1.82432723968838,0.3343653231029374,2.3535116429359904,0.3400660347537917,-0.3399866169571803,1.7144026004464217,bluti,F,5,3,0.0
310,3B0019F652,not first visit,2024-12-23 09:39:11.998147,treatment,SCARE,0.0,2024-12-23,2024-12-23 09:39:12.924,0.1480000019073486,0.0729999542236328,0.0690000057220459,0.0740001201629638,0.9121621504066808,1.8493162281503928,1.95652157687962,1.824321361947812,1.483516149252617,8.481034061276315,1.5099349150554262,-1.848952427330212,-1.7810623327664985,bluti,F,5,3,0.0
311,3B0019F652,not first visit,2024-12-23 09:40:18.402995,treatment,SCARE,0.0,2024-12-23,2024-12-23 09:40:19.194,0.1429998874664306,0.0740001201629638,0.0739998817443847,0.0690000057220459,0.9440566869795012,1.824321361947812,1.82432723968838,1.95652157687962,1.5000004371008555,8.113038193728356,7.94289255684788e-05,1.8488733037957423,-1.7602377868475858,bluti,F,5,3,0.0
312,3B0019F652,not first visit,2024-12-23 09:46:09.511956,treatment,SCARE,1.0,2024-12-23,2024-12-23 09:46:11.466,0.1449999809265136,0.0779998302459716,0.0720000267028808,0.0730001926422119,0.9310346052281092,1.7307729975088262,1.874999304612736,1.8493101882848608,1.4673911826597146,7.1725477082322495,1.9230192619862048,-0.3543321029982201,-1.7454187981705482,bluti,F,5,3,0.0
313,3B00182A81,not first visit,2024-12-23 10:05:21.046066,treatment,SCARE,0.0,2024-12-23,2024-12-23 10:05:22.513,0.1470000743865966,0.0739998817443847,0.0690000057220459,0.0789999961853027,0.918366882216416,1.82432723968838,1.95652157687962,1.7088608420099594,1.4634148005618668,8.198737894183317,1.8488733037957423,-3.346766644296417,-1.878510874132001,bluti,F,6,3,1.0
314,3B00182A81,not first visit,2024-12-23 10:06:53.071845,treatment,nah,0.0,2024-12-23,2024-12-23 10:06:53.837,0.1430001258850097,0.0739998817443847,0.0740001201629638,0.0739998817443847,0.9440551129903,1.82432723968838,1.824321361947812,1.82432723968838,1.4794520161393043,8.113106873262982,-7.94289255684788e-05,7.94289255684788e-05,-1.8561994345032669,bluti,F,6,3,1.0
315,3B00182A81,not first visit,2024-12-23 10:09:09.296961,treatment,nah,0.0,2024-12-23,2024-12-23 10:09:10.999,0.1449999809265136,0.0729999542236328,0.0720000267028808,0.0720000267028808,0.9310346052281092,1.8493162281503928,1.874999304612736,1.874999304612736,1.4917127543406017,8.42460455127954,0.3542493771134822,0.0,-1.797721252662915,bluti,F,6,3,1.0
316,3B00182A81,not first visit,2024-12-23 10:23:01.271084,treatment,SCARE,0.0,2024-12-23,2024-12-23 10:23:03.959,0.1469998359680175,0.0740001201629638,0.0739998817443847,0.0740001201629638,0.9183683717128204,1.824321361947812,1.82432723968838,1.824321361947812,1.4634148005618668,8.198671222342279,7.94289255684788e-05,-7.94289255684788e-05,-1.7283612023189765,bluti,F,6,3,1.0
317,3B00182A81,not first visit,2024-12-23 10:25:11.599850,treatment,nah,0.0,2024-12-23,2024-12-23 10:25:12.798,0.1419999599456787,0.0789999961853027,0.0739998817443847,0.0729999542236328,0.950704493519882,1.7088608420099594,1.82432723968838,1.8493162281503928,1.4673921333486233,6.8611447872029085,1.5093658797752028,0.3399866169571803,-1.8002234864046491,bluti,F,6,3,1.0
318,3B001877B5,not first visit,2024-12-23 10:25:30.380029,treatment,SCARE,1.0,2024-12-23,2024-12-23 10:25:32.087,0.0700001716613769,0.0750000476837158,0.0749998092651367,0.0690000057220459,1.928566699136927,1.799998855591548,1.8000045776483604,1.95652157687962,1.868511888753409,-1.773346883557388,7.629416359143659e-05,2.1738500045321683,-6.829661460700708,greti,M,5,3,0.0
319,3B001877B5,not first visit,2024-12-23 10:25:30.380029,treatment,SCARE,1.0,2024-12-23,2024-12-23 10:25:34.019,0.1469998359680175,0.0740001201629638,0.0789999961853027,0.0750000476837158,0.9183683717128204,1.824321361947812,1.7088608420099594,1.799998855591548,1.4400000000000002,8.198671222342279,-1.5092866945935626,1.1836102288270018,-1.6786684525310458,greti,M,5,3,1.0
320,3B00182A81,not first visit,2024-12-23 10:25:55.179687,treatment,SCARE,0.0,2024-12-23,2024-12-23 10:25:56.285,0.1480000019073486,0.0739998817443847,0.0740001201629638,0.0729999542236328,0.9121621504066808,1.82432723968838,1.824321361947812,1.8493162281503928,1.4634148005618668,8.217707813871431,-7.94289255684788e-05,0.3400660347537917,-1.67935774119584,bluti,F,6,3,1.0
321,01103FA4B2,not first visit,2024-12-23 10:26:04.674952,treatment,nah,0.0,2024-12-23,2024-12-23 10:26:05.931,0.0799999237060546,0.1500000953674316,0.0720000267028808,0.0669999122619628,1.687501609326944,0.899999427795774,1.874999304612736,2.014928011728786,1.4634148005618668,-6.8478444889133545,8.783777844123499,2.013363576388933,-3.6957365587962574,bluti,M,6,3,1.0
322,3B001877B5,not first visit,2024-12-23 10:26:27.345285,treatment,SCARE,1.0,2024-12-23,2024-12-23 10:26:28.536,0.2799999713897705,0.0669999122619628,0.0720000267028808,8.159000158309937,0.4821429064079257,2.014928011728786,1.874999304612736,0.0165461450399045,0.0629517364977206,8.834499246456469,-2.013363576388933,-0.4515740779490547,-0.0940751480622955,greti,M,5,3,2.0
323,3B00182A81,not first visit,2024-12-23 10:36:52.164814,treatment,nah,0.0,2024-12-23,2024-12-23 10:36:53.206,0.1389999389648437,0.0720000267028808,0.0720000267028808,0.0720000267028808,0.9712234480487404,1.874999304612736,1.874999304612736,1.874999304612736,1.5211266788360878,8.566597190705044,0.0,0.0,-2.017679280475569,bluti,F,6,3,1.0
324,3B00182A81,not first visit,2024-12-23 10:36:52.164814,treatment,nah,0.0,2024-12-23,2024-12-23 10:36:54.521,4.320000171661377,0.1439998149871826,0.0670001506805419,0.0659999847412109,0.0312499987582366,0.9375012045120774,2.0149208416512763,2.04545501835101,0.11746791073758,0.4060265270897671,10.212510070602397,0.4591600843549179,2.032455851051519,bluti,F,6,3,1.0
325,3B001877B5,not first visit,2024-12-23 10:37:35.618920,treatment,SCARE,1.0,2024-12-23,2024-12-23 10:37:36.810,0.3600001335144043,0.0690000057220459,0.0639998912811279,5.2230000495910645,0.3749998609225471,1.95652157687962,2.109378583269693,0.0258472139992742,0.0944716571784471,7.373059219849772,2.2986033799172896,-0.7881715122269134,-0.1023797863050474,greti,M,5,3,3.0
326,3B00182A81,not first visit,2024-12-23 10:38:01.292076,treatment,SCARE,1.0,2024-12-23,2024-12-23 10:38:02.139,0.1480000019073486,0.0680000782012939,0.0739998817443847,0.0740001201629638,0.9121621504066808,1.985291834523672,1.82432723968838,1.824321361947812,1.483516149252617,9.936382278906876,-2.267107609000283,-7.94289255684788e-05,-1.7810623327664985,bluti,F,6,3,1.0
327,3B004873F2,not first visit,2024-12-23 10:40:02.661920,treatment,nah,0.0,2024-12-23,2024-12-23 10:40:02.706,1.0869998931884766,0.1470000743865966,0.0739998817443847,0.0740001201629638,0.1241950444024488,0.918366882216416,1.82432723968838,1.824321361947812,0.390738069409826,1.2871505002947283,8.198737894183317,-7.94289255684788e-05,1.6693680866319391,bluti,F,5,3,0.0
328,3B001877B5,not first visit,2024-12-23 10:41:18.498471,treatment,nah,0.0,2024-12-23,2024-12-23 10:41:19.536,0.2219998836517334,0.0680000782012939,0.0690000057220459,0.0690000057220459,0.6081084268124386,1.985291834523672,1.95652157687962,1.95652157687962,1.2616823217068989,9.497817854260225,-0.4200035039416624,0.0,-0.1960744062218795,greti,M,5,3,4.0
329,3B001877B5,not first visit,2024-12-23 10:41:19.304025,treatment,nah,0.0,2024-12-23,2024-12-23 10:41:19.536,0.2219998836517334,0.0680000782012939,0.0690000057220459,0.0690000057220459,0.6081084268124386,1.985291834523672,1.95652157687962,1.95652157687962,1.2616823217068989,9.497817854260225,-0.4200035039416624,0.0,-0.1960744062218795,greti,M,5,3,4.0
330,3B001877B5,not first visit,2024-12-23 10:42:45.201373,treatment,nah,0.0,2024-12-23,2024-12-23 10:42:46.412,0.2209999561309814,0.0680000782012939,0.0699999332427978,0.0730001926422119,0.6108598497639008,1.985291834523672,1.9285732678022216,1.8493101882848608,1.2499995364084904,9.511638902987322,-0.8220081451866945,-1.108573562810687,-0.2940570601264176,greti,M,5,3,4.0
331,3B00182A81,not first visit,2024-12-23 10:43:45.652383,treatment,nah,0.0,2024-12-23,2024-12-23 10:43:47.533,0.1480000019073486,0.0740001201629638,0.0739998817443847,0.0680000782012939,0.9121621504066808,1.824321361947812,1.82432723968838,1.985291834523672,1.483516149252617,8.217646035818213,7.94289255684788e-05,2.267107609000283,-1.5778409814594447,bluti,F,6,3,2.0
332,3B001877B5,not first visit,2024-12-23 10:44:14.008967,treatment,SCARE,0.0,2024-12-23,2024-12-23 10:44:14.759,0.2530000209808349,0.1429998874664306,0.0680000782012939,0.0739998817443847,0.5335967936944417,0.9440566869795012,1.985291834523672,1.82432723968838,1.0037177176511776,2.0730302433376413,9.8695290707665,-2.267107609000283,0.3995023747706654,greti,M,5,3,4.0
333,3B0019F652,not first visit,2024-12-23 10:44:46.244138,treatment,SCARE,0.0,2024-12-23,2024-12-23 10:44:47.289,0.1480000019073486,0.0789999961853027,0.0729999542236328,0.0740001201629638,0.9121621504066808,1.7088608420099594,1.8493162281503928,1.824321361947812,1.4438499875690871,7.019371791167163,1.8480977890131889,-0.3400660347537917,-1.6439756369691902,bluti,F,5,3,1.0
334,3B0019F652,not first visit,2024-12-23 10:46:24.632294,treatment,nah,0.0,2024-12-23,2024-12-23 10:46:25.110,0.1480000019073486,0.0740001201629638,0.0729999542236328,3.321000099182129,0.9121621504066808,1.824321361947812,1.8493162281503928,0.040650405290035,0.1493362759388984,8.217646035818213,0.3400660347537917,-1.0658018823808943,-0.444155382559684,bluti,F,5,3,1.0
335,3B0019F652,not first visit,2024-12-23 10:48:55.688623,treatment,SCARE,1.0,2024-12-23,2024-12-23 10:48:57.912,0.1490001678466797,0.0679998397827148,0.0690000057220459,0.3830001354217529,0.9060392478142322,1.9852987952821064,1.95652157687962,0.352480293124023,0.8071747083916907,9.9470922536657,-0.4201058518928999,-7.097525587919179,-1.895756069770488,bluti,F,5,3,1.0
336,3B0019F652,not first visit,2024-12-23 10:48:55.688623,treatment,SCARE,1.0,2024-12-23,2024-12-23 10:48:59.019,1.621999979019165,0.1470000743865966,0.0739998817443847,0.0740001201629638,0.0832305806080438,0.918366882216416,1.82432723968838,1.824321361947812,0.2816901327171844,0.9441902503061304,8.198737894183317,-7.94289255684788e-05,1.7464630081942718,bluti,F,5,3,2.0
337,3B001877B5,not first visit,2024-12-23 10:53:13.070204,treatment,SCARE,0.0,2024-12-23,2024-12-23 10:53:13.501,0.1430001258850097,0.0739998817443847,0.0740001201629638,0.0739998817443847,0.9440551129903,1.82432723968838,1.824321361947812,1.82432723968838,1.4794520161393043,8.113106873262982,-7.94289255684788e-05,7.94289255684788e-05,-1.8561994345032669,greti,M,5,3,4.0
338,3B001877B5,not first visit,2024-12-23 10:57:00.513256,treatment,nah,0.0,2024-12-23,2024-12-23 10:57:01.739,0.3369998931884765,0.0680000782012939,0.0739998817443847,0.0740001201629638,0.4005935987774854,1.985291834523672,1.82432723968838,1.824321361947812,0.9764919097199768,7.825670852806449,-2.267107609000283,-7.94289255684788e-05,0.671533916607042,greti,M,5,3,4.0
339,01103FA4B2,not first visit,2024-12-23 10:58:15.071544,treatment,nah,0.0,2024-12-23,2024-12-23 10:58:15.560,0.1470000743865966,0.0739998817443847,0.0740001201629638,0.0729999542236328,0.918366882216416,1.82432723968838,1.824321361947812,1.8493162281503928,1.4673911826597146,8.198737894183317,-7.94289255684788e-05,0.3400660347537917,-1.7102451071486693,bluti,M,6,3,1.0
340,3B001877B5,not first visit,2024-12-23 10:58:17.482074,treatment,SCARE,0.0,2024-12-23,2024-12-23 10:58:18.754,0.1480000019073486,0.0740001201629638,0.0729999542236328,0.0690000057220459,0.9121621504066808,1.824321361947812,1.8493162281503928,1.95652157687962,1.483516149252617,8.217646035818213,0.3400660347537917,1.5099349150554262,-1.6135835942352026,greti,M,5,3,4.0
341,3B00182A81,not first visit,2024-12-23 11:17:14.319459,treatment,SCARE,0.0,2024-12-23,2024-12-23 11:17:14.796,0.1429998874664306,0.0720000267028808,0.0730001926422119,0.0719997882843017,0.9440566869795012,1.874999304612736,1.8493101882848608,1.875005513445854,1.5000004371008555,8.659934783975041,-0.3543321029982201,0.3544183247033106,-1.8638320035501947,bluti,F,6,3,2.0
342,3B00182A81,not first visit,2024-12-23 11:17:14.319459,treatment,SCARE,0.0,2024-12-23,2024-12-23 11:17:16.536,1.124000072479248,0.0679998397827148,0.0770001411437988,0.0729999542236328,0.1201067538209544,1.9852987952821064,1.7532435394876178,1.8493162281503928,0.4023844984575633,3.129517078439588,-3.2007625699219164,1.2809683677525867,1.6877738545857568,bluti,F,6,3,2.0
343,3B004873F2,not first visit,2024-12-23 11:18:27.578341,treatment,SCARE,0.0,2024-12-23,2024-12-23 11:18:27.628,0.6570000648498535,0.1399998664855957,0.0729999542236328,0.0720000267028808,0.2054794317727381,0.9642866339011108,1.8493162281503928,1.874999304612736,0.5732484610357694,1.9041587641216453,8.310144030191077,0.3542493771134822,1.5191906824857844,bluti,F,5,3,0.0
344,3B004873F2,not first visit,2024-12-23 11:19:16.644398,treatment,nah,0.0,2024-12-23,2024-12-23 11:19:16.726,0.812999963760376,0.1449999809265136,0.0669999122619628,0.0680000782012939,0.1660516679183887,0.9310346052281092,2.014928011728786,1.985291834523672,0.4940530942719769,1.597041714986206,10.225414647139011,-0.4390545081287317,1.7308064862308885,bluti,F,5,3,0.0
345,3B0019F652,not first visit,2024-12-23 11:34:02.795960,treatment,nah,0.0,2024-12-23,2024-12-23 11:34:04.351,0.9289999008178712,0.0740001201629638,0.0739998817443847,0.0729999542236328,0.1453175612625458,1.824321361947812,1.82432723968838,1.8493162281503928,0.46956527580161,3.34796364020684,7.94289255684788e-05,0.3399866169571803,1.625406248082137,bluti,F,5,3,3.0
346,01103FA4B2,not first visit,2024-12-23 11:36:07.234522,treatment,nah,0.0,2024-12-23,2024-12-23 11:36:09.159,0.1430001258850097,0.0739998817443847,0.0729999542236328,0.0740001201629638,0.9440551129903,1.82432723968838,1.8493162281503928,1.824321361947812,1.483516149252617,8.113106873262982,0.3399866169571803,-0.3400660347537917,-1.8706111801738217,bluti,M,6,3,1.0
347,3B00186448,not first visit,2024-12-23 11:41:06.771128,treatment,SCARE,1.0,2024-12-23,2024-12-23 11:41:10.597,0.1480000019073486,0.0730001926422119,0.0739998817443847,0.0740001201629638,0.9121621504066808,1.8493101882848608,1.82432723968838,1.824321361947812,1.4634138550196132,8.480970252431328,-0.3399038905351528,-7.94289255684788e-05,-1.7111889931749442,greti,M,5,3,0.0
348,3B00186448,not first visit,2024-12-23 11:41:34.595283,treatment,nah,0.0,2024-12-23,2024-12-23 11:41:36.614,0.307999849319458,0.1430001258850097,0.0729999542236328,0.0739998817443847,0.4383119027437502,0.9440551129903,1.8493162281503928,1.82432723968838,0.9030103185839368,2.242763805107809,8.382044253916666,-0.3399866169571803,0.7473936738769511,greti,M,5,3,1.0
349,3B0019F652,not first visit,2024-12-23 11:42:38.232681,treatment,SCARE,1.0,2024-12-23,2024-12-23 11:42:39.544,0.1380000114440918,0.0740001201629638,0.0690000057220459,0.0729999542236328,0.9782607884398098,1.824321361947812,1.95652157687962,1.8493162281503928,1.5254233343031716,7.981698568717722,1.848952427330212,-1.5099349150554262,-2.0873451821128723,bluti,F,5,3,3.0
350,3B00182A81,not first visit,2024-12-23 11:44:12.776489,treatment,nah,0.0,2024-12-23,2024-12-23 11:44:13.698,0.1480000019073486,0.0740001201629638,0.0690000057220459,0.0679998397827148,0.9121621504066808,1.824321361947812,1.95652157687962,1.9852987952821064,1.5041784088380914,8.217646035818213,1.848952427330212,0.4201058518928999,-1.6488126811501678,bluti,F,6,3,2.0
351,3B00186448,not first visit,2024-12-23 11:44:58.135303,treatment,SCARE,0.0,2024-12-23,2024-12-23 11:44:59.003,0.9700000286102296,0.0690000057220459,0.0729999542236328,0.0690000057220459,0.1391752536269732,1.95652157687962,1.8493162281503928,1.95652157687962,0.4572396296497427,3.498260371898031,-1.5099349150554262,1.5099349150554262,1.7461281400806823,greti,M,5,3,1.0
352,3B004873F2,not first visit,2024-12-23 11:45:02.437272,treatment,nah,0.0,2024-12-23,2024-12-23 11:45:03.112,0.7170000076293945,0.0740001201629638,0.0739998817443847,0.0740001201629638,0.1882845168249695,1.824321361947812,1.82432723968838,1.824321361947812,0.5750797927713731,4.13662852290287,7.94289255684788e-05,-7.94289255684788e-05,1.477891750119516,bluti,F,5,3,0.0
353,3B004C5268,first visit,2024-12-23 11:45:44.481069,treatment,SCARE,0.0,2024-12-23,2024-12-23 11:45:46.816,0.7220001220703125,0.1429998874664306,0.0740001201629638,0.0739998817443847,0.1869805778050172,0.9440566869795012,1.824321361947812,1.82432723968838,0.5330700828228007,1.75046497301183,8.113038193728356,7.94289255684788e-05,1.5202937845574398,bluti,F,6,3,0.0
354,3B00186448,not first visit,2024-12-23 11:46:09.229808,treatment,SCARE,1.0,2024-12-23,2024-12-23 11:46:11.567,0.1480000019073486,0.0690000057220459,0.0690000057220459,0.0730001926422119,0.9121621504066808,1.95652157687962,1.95652157687962,1.8493101882848608,1.5041774098857985,9.625432163638978,0.0,-1.5100174482818842,-1.8213608432461923,greti,M,5,3,1.0
355,3B00182A81,not first visit,2024-12-23 11:46:22.340328,treatment,SCARE,0.0,2024-12-23,2024-12-23 11:46:23.125,0.1429998874664306,0.0730001926422119,0.0739998817443847,0.0750000476837158,0.9440566869795012,1.8493101882848608,1.82432723968838,1.799998855591548,1.4794520161393043,8.381973755287868,-0.3399038905351528,-0.3265556459014513,-1.8877219734575803,bluti,F,6,3,2.0
356,3B00182A81,not first visit,2024-12-23 11:47:32.149595,treatment,SCARE,0.0,2024-12-23,2024-12-23 11:47:34.467,0.1349999904632568,0.0680000782012939,0.0729999542236328,0.0729999542236328,1.000000070642547,1.985291834523672,1.8493162281503928,1.8493162281503928,1.54727803843663,9.70730473504695,-1.928731561755867,0.0,-2.2323166338079936,bluti,F,6,3,2.0
357,3B00186448,not first visit,2024-12-23 11:49:51.340470,treatment,SCARE,1.0,2024-12-23,2024-12-23 11:49:52.824,0.1450002193450927,0.0729999542236328,0.0669999122619628,0.0680000782012939,0.9310330743618204,1.8493162281503928,2.014928011728786,1.985291834523672,1.5297443316515715,8.424609382240515,2.3658848788321127,-0.4390545081287317,-1.7917183753311683,greti,M,5,3,2.0
358,3B00186448,not first visit,2024-12-23 11:55:09.212866,treatment,SCARE,1.0,2024-12-23,2024-12-23 11:55:10.319,0.3480000495910644,0.0699999332427978,0.0690000057220459,0.0680000782012939,0.3879309792014075,1.9285732678022216,1.95652157687962,1.985291834523672,0.9729728559406384,7.371494506559133,0.4021341201375167,0.4200035039416624,0.8673351313452635,greti,M,5,3,3.0
359,3B001877B5,not first visit,2024-12-23 11:56:43.438786,treatment,nah,0.0,2024-12-23,2024-12-23 11:56:46.025,0.2209999561309814,0.0729999542236328,0.0739998817443847,0.0740001201629638,0.6108598497639008,1.8493162281503928,1.82432723968838,1.824321361947812,1.2217196995278017,8.424875891238893,-0.3399866169571803,-7.94289255684788e-05,-0.2499065187927576,greti,M,5,3,4.0
360,3B001877B5,not first visit,2024-12-23 11:58:08.487557,treatment,SCARE,1.0,2024-12-23,2024-12-23 11:58:10.021,0.1380000114440918,0.0740001201629638,0.0780000686645507,0.0789999961853027,0.9782607884398098,1.824321361947812,1.7307677071488832,1.7088608420099594,1.4634138550196132,7.981698568717722,-1.2309676128769946,-0.2790682304478584,-2.0464561061944417,greti,M,5,3,4.0
361,3B00186448,not first visit,2024-12-23 12:00:46.198449,treatment,SCARE,1.0,2024-12-23,2024-12-23 12:00:47.920,0.1439998149871826,0.0690000057220459,0.0520000457763671,0.0520000457763671,0.9375012045120774,1.95652157687962,2.596151560723325,2.596151560723325,1.7034705030257358,9.568274461213118,10.572391927487637,0.0,-1.6846762113308844,greti,M,5,3,4.0
362,3B004873F2,not first visit,2024-12-23 12:07:57.861796,treatment,nah,0.0,2024-12-23,2024-12-23 12:07:58.302,3.941999912261963,0.0729999542236328,0.0740001201629638,0.0739998817443847,0.0342465761046999,1.8493162281503928,1.824321361947812,1.82432723968838,0.1297141525513566,0.904144315020592,-0.3400660347537917,7.94289255684788e-05,1.8084355568302064,bluti,F,5,3,0.0
363,3B004873F2,not first visit,2024-12-23 12:08:01.107853,treatment,SCARE,0.0,2024-12-23,2024-12-23 12:07:58.302,3.941999912261963,0.0729999542236328,0.0740001201629638,0.0739998817443847,0.0342465761046999,1.8493162281503928,1.824321361947812,1.82432723968838,0.1297141525513566,0.904144315020592,-0.3400660347537917,7.94289255684788e-05,1.8084355568302064,bluti,F,5,3,0.0
364,3B001877B5,not first visit,2024-12-23 12:18:27.389425,treatment,nah,0.0,2024-12-23,2024-12-23 12:18:27.789,0.2839999198913574,0.0680000782012939,0.0669999122619628,0.0729999542236328,0.475352246759941,1.985291834523672,2.014928011728786,1.8493162281503928,1.0975612777107158,8.579202249690317,0.4390545081287317,-2.3658848788321127,0.3330407683148395,greti,M,5,3,5.0
365,3B00182A81,not first visit,2024-12-23 12:19:16.013373,treatment,SCARE,1.0,2024-12-23,2024-12-23 12:19:16.983,0.1419999599456787,0.0739998817443847,0.0740001201629638,0.0739998817443847,0.950704493519882,1.82432723968838,1.824321361947812,1.82432723968838,1.4835171209503213,8.089105430197979,-7.94289255684788e-05,7.94289255684788e-05,-1.889363308724264,bluti,F,6,3,2.0
366,3B001877B5,not first visit,2024-12-23 12:20:23.699534,treatment,nah,0.0,2024-12-23,2024-12-23 12:20:24.429,0.3050000667572021,0.0740001201629638,0.0729999542236328,0.0690000057220459,0.4426228539401202,1.824321361947812,1.8493162281503928,1.95652157687962,1.0364680379620848,7.291281406669797,0.3400660347537917,1.5099349150554262,0.6313038902440029,greti,M,5,3,5.0
367,3B001877B5,not first visit,2024-12-23 12:21:16.797610,treatment,nah,0.0,2024-12-23,2024-12-23 12:21:17.381,0.2969999313354492,0.064000129699707,0.0690000057220459,0.0739998817443847,0.4545455596335578,2.109370725238046,1.95652157687962,1.82432723968838,1.0714286809065017,9.168004907585496,-2.2984810936279225,-1.8488733037957423,0.3971828134774084,greti,M,5,3,5.0
368,3B004873F2,not first visit,2024-12-23 12:23:14.277618,treatment,SCARE,0.0,2024-12-23,2024-12-23 12:23:16.885,4.022000074386597,0.1459999084472656,0.0740001201629638,0.0679998397827148,0.0335653897322687,0.9246581140751968,1.824321361947812,1.9852987952821064,0.1252900248652326,0.4275876813881681,8.17875573522342,2.267288432980896,1.9704796385738244,bluti,F,5,3,0.0
369,3B0019F652,not first visit,2024-12-23 12:26:38.761378,treatment,SCARE,1.0,2024-12-23,2024-12-23 12:26:36.092,1.0920000076293943,0.0739998817443847,0.0730001926422119,0.0739998817443847,0.1236263727626425,1.82432723968838,1.8493101882848608,1.82432723968838,0.4112719077717741,2.917154422440175,0.3399038905351528,-0.3399038905351528,1.654976048547935,bluti,F,5,3,4.0
370,0700ED9568,first visit,2024-12-23 12:27:57.706841,treatment,SCARE,0.0,2024-12-23,2024-12-23 12:27:58.139,0.1470000743865966,0.0739998817443847,0.0740001201629638,0.0750000476837158,0.918366882216416,1.82432723968838,1.824321361947812,1.799998855591548,1.4594589704315957,8.198737894183317,-7.94289255684788e-05,-0.3264762276146148,-1.745818360755164,greti,M,6,3,0.0
371,3B0019F652,not first visit,2024-12-23 12:27:59.718344,treatment,nah,0.0,2024-12-23,2024-12-23 12:28:00.273,0.1530001163482666,0.0739998817443847,0.0739998817443847,3.89900016784668,0.8823522701950512,1.82432723968838,1.82432723968838,0.0346242611409163,0.128571427111723,8.29933900800172,0.0,-0.9009327743309116,-0.371241566142602,bluti,F,5,3,5.0
372,3B00182A81,not first visit,2024-12-23 12:29:20.452433,treatment,SCARE,1.0,2024-12-23,2024-12-23 12:29:22.570,0.1419999599456787,0.0680000782012939,0.0690000057220459,0.0740001201629638,0.950704493519882,1.985291834523672,1.95652157687962,1.824321361947812,1.5297443316515715,9.853210981606711,-0.4200035039416624,-1.848952427330212,-2.0561031785988133,bluti,F,6,3,3.0
373,3B001877B5,not first visit,2024-12-23 12:34:01.857559,treatment,SCARE,1.0,2024-12-23,2024-12-23 12:34:03.880,0.0729999542236328,0.1449999809265136,0.0720000267028808,0.0729999542236328,1.8493162281503928,0.9310346052281092,1.874999304612736,1.8493162281503928,1.4876036497098255,-8.42460455127954,8.700135172315619,-0.3542493771134822,-4.52763712154567,greti,M,5,3,5.0
374,3B001877B5,not first visit,2024-12-23 12:37:53.502359,treatment,SCARE,0.0,2024-12-23,2024-12-23 12:37:54.603,0.1300001144409179,0.1399998664855957,0.0720000267028808,0.062000036239624,1.03846062428933,0.9642866339011108,1.874999304612736,2.177418082115925,1.3366335182257412,-0.549437004652287,8.591633297682504,4.513710976881378,-1.194207665931526,greti,M,5,3,6.0
375,3B004873F2,not first visit,2024-12-23 12:38:07.277331,treatment,SCARE,1.0,2024-12-23,2024-12-23 12:38:08.941,0.1400001049041748,0.0720000267028808,0.0629999637603759,0.0669999122619628,0.9642849917319906,1.874999304612736,2.142858375498125,2.014928011728786,1.5789473331976254,8.591639127552646,3.968282811964984,-1.9681613195901129,-2.0281956594989445,bluti,F,5,3,0.0
376,3B00182A81,not first visit,2024-12-23 12:44:55.488382,treatment,nah,0.0,2024-12-23,2024-12-23 12:44:56.991,0.1400001049041748,0.0669999122619628,0.0729999542236328,0.0680000782012939,0.9642849917319906,2.014928011728786,1.8493162281503928,1.985291834523672,1.55172391680563,10.151139448008378,-2.3658848788321127,1.928731561755867,-1.9666965161485463,bluti,F,6,3,4.0
377,3B0019F652,not first visit,2024-12-23 12:46:38.290349,treatment,SCARE,0.0,2024-12-23,2024-12-23 12:46:39.497,0.1430001258850097,0.0729999542236328,0.0690000057220459,0.0789999961853027,0.9440551129903,1.8493162281503928,1.95652157687962,1.7088608420099594,1.483516149252617,8.382044253916666,1.5099349150554262,-3.346766644296417,-2.0225819828972105,bluti,F,5,3,5.0
378,3B004873F2,not first visit,2024-12-23 12:46:47.748916,treatment,SCARE,0.0,2024-12-23,2024-12-23 12:46:49.496,0.0739998817443847,0.0729999542236328,0.0740001201629638,0.0680000782012939,1.82432723968838,1.8493162281503928,1.824321361947812,1.985291834523672,1.868511888753409,0.3399866169571803,-0.3400660347537917,2.267186587485454,-6.383179655306556,bluti,F,5,3,1.0
379,3B004873F2,not first visit,2024-12-23 12:46:47.748916,treatment,SCARE,0.0,2024-12-23,2024-12-23 12:46:50.273,2.5969998836517334,0.0750000476837158,0.0740001201629638,0.0729999542236328,0.0519830597027874,1.799998855591548,1.824321361947812,1.8493162281503928,0.1915572894302591,1.308395090425854,0.3264762276146148,0.3400660347537917,1.8142872142266624,bluti,F,5,3,1.0
380,3B004873F2,not first visit,2024-12-23 12:47:23.763539,treatment,SCARE,0.0,2024-12-23,2024-12-23 12:47:25.574,0.1470000743865966,0.0690000057220459,0.0740001201629638,0.0690000057220459,0.918366882216416,1.95652157687962,1.824321361947812,1.95652157687962,1.5041774098857985,9.612539904068909,-1.848952427330212,1.848952427330212,-1.702308204286315,bluti,F,5,3,1.0
381,3B004873F2,not first visit,2024-12-23 12:48:19.060911,treatment,SCARE,0.0,2024-12-23,2024-12-23 12:48:20.347,0.0900001525878906,0.1470000743865966,0.0739998817443847,0.0729999542236328,1.4999974568728014,0.918366882216416,1.82432723968838,1.8493162281503928,1.4062497694977008,-4.908270190973252,8.198737894183317,0.3399866169571803,-3.109352894438854,bluti,F,5,3,1.0
382,3B00186448,not first visit,2024-12-23 12:48:36.448045,treatment,nah,0.0,2024-12-23,2024-12-23 12:48:40.139,0.1480000019073486,0.0740001201629638,0.0739998817443847,0.0789999961853027,0.9121621504066808,1.824321361947812,1.82432723968838,1.7088608420099594,1.4400000000000002,8.217646035818213,7.94289255684788e-05,-1.5093658797752028,-1.779330925026683,greti,M,5,3,5.0
383,3B001877B5,not first visit,2024-12-23 12:48:54.438655,treatment,nah,0.0,2024-12-23,2024-12-23 12:48:56.508,0.0540001392364501,0.0690000057220459,0.1310000419616699,0.0669999122619628,2.499993553884668,1.95652157687962,1.0305340210463478,2.014928011728786,1.6822424708772912,-8.836932300989268,-9.25987335060687,9.94337594210356,-7.581973520540476,greti,M,5,3,6.0
384,3B00182A81,not first visit,2024-12-23 12:49:43.976331,treatment,nah,0.0,2024-12-23,2024-12-23 12:49:45.209,0.1469998359680175,0.0740001201629638,0.0739998817443847,0.0740001201629638,0.9183683717128204,1.824321361947812,1.82432723968838,1.824321361947812,1.4634148005618668,8.198671222342279,7.94289255684788e-05,-7.94289255684788e-05,-1.7283612023189765,bluti,F,6,3,4.0
385,3B004873F2,not first visit,2024-12-23 12:50:27.090078,treatment,SCARE,0.0,2024-12-23,2024-12-23 12:50:28.178,0.1380000114440918,0.0729999542236328,0.0690000057220459,0.064000129699707,0.9782607884398098,1.8493162281503928,1.95652157687962,2.109370725238046,1.5697669805612675,8.256451008928517,1.5099349150554262,2.2984810936279225,-1.916393330660064,bluti,F,5,3,1.0
386,3B001877B5,not first visit,2024-12-23 12:51:05.829487,treatment,SCARE,0.0,2024-12-23,2024-12-23 12:51:06.219,0.3269999027252197,0.0720000267028808,0.0669999122619628,0.0729999542236328,0.4128441595086389,1.874999304612736,2.014928011728786,1.8493162281503928,1.0018556669109833,7.329099768011742,2.013363576388933,-2.3658848788321127,0.6314863728552504,greti,M,5,3,6.0
387,3B004873F2,not first visit,2024-12-23 12:51:25.355464,treatment,SCARE,0.0,2024-12-23,2024-12-23 12:51:26.516,0.1449999809265136,0.0720000267028808,0.0669999122619628,0.0729999542236328,0.9310346052281092,1.874999304612736,2.014928011728786,1.8493162281503928,1.5126055753903855,8.700135172315619,2.013363576388933,-2.3658848788321127,-1.9048569819038363,bluti,F,5,3,1.0
388,3B004873F2,not first visit,2024-12-23 12:51:25.355464,treatment,SCARE,0.0,2024-12-23,2024-12-23 12:51:27.625,1.2869999408721924,0.062000036239624,0.0729999542236328,0.0720000267028808,0.104895109714233,2.177418082115925,1.8493162281503928,1.874999304612736,0.3614457932843836,3.072680515293892,-4.860768550273817,0.3542493771134822,1.7462146354533297,bluti,F,5,3,1.0
389,3B001877B5,not first visit,2024-12-23 12:52:55.044181,treatment,nah,0.0,2024-12-23,2024-12-23 12:52:56.855,0.1429998874664306,0.1480000019073486,0.1480000019073486,0.1000001430511474,0.9440566869795012,0.9121621504066808,0.9121621504066808,1.349998068812272,1.0018552237551588,-0.2192065202598941,0.0,3.5309327619858024,-0.911215449391982,greti,M,5,3,6.0
390,3B00186448,not first visit,2024-12-23 12:54:47.798012,treatment,SCARE,0.0,2024-12-23,2024-12-23 12:54:51.691,0.434000015258789,0.0690000057220459,0.0680000782012939,0.0739998817443847,0.3110598968977019,1.95652157687962,1.985291834523672,1.82432723968838,0.8372093270829468,6.542590899989692,0.4200035039416624,-2.267107609000283,1.0287776972278524,greti,M,5,3,5.0
391,3B00182A81,not first visit,2024-12-23 12:57:10.334756,treatment,SCARE,0.0,2024-12-23,2024-12-23 12:57:13.069,0.1489999294281005,0.0680000782012939,0.0690000057220459,0.0739998817443847,0.9060406975906912,1.985291834523672,1.95652157687962,1.82432723968838,1.5000004371008555,9.947014737217795,-0.4200035039416624,-1.8488733037957423,-1.8217119387388403,bluti,F,6,3,4.0
392,3B004873F2,not first visit,2024-12-23 13:40:01.544694,treatment,nah,0.0,2024-12-23,2024-12-23 13:40:04.341,1.0269999504089355,0.0739998817443847,0.0740001201629638,0.0729999542236328,0.1314508340007661,1.82432723968838,1.824321361947812,1.8493162281503928,0.4326923400957228,3.0751619686929645,-7.94289255684788e-05,0.3400660347537917,1.6609912387211672,bluti,F,5,3,1.0
393,3B004873F2,not first visit,2024-12-23 13:53:19.771353,treatment,SCARE,0.0,2024-12-23,2024-12-23 13:53:21.641,3.114000082015991,0.0669999122619628,0.0680000782012939,0.0619997978210449,0.0433526000142561,2.014928011728786,1.985291834523672,2.177426455319444,0.1630927276209843,1.239594728237057,-0.4390545081287317,2.955920061996917,2.1522653399590674,bluti,F,5,3,1.0
394,3B004873F2,not first visit,2024-12-23 13:54:27.018468,treatment,SCARE,0.0,2024-12-23,2024-12-23 13:54:29.200,0.3940000534057617,0.0729999542236328,0.0729999542236328,0.0669999122619628,0.3426395474646547,1.8493162281503928,1.8493162281503928,2.014928011728786,0.8896212718121623,6.452576685529388,0.0,2.3658848788321127,1.104862549827205,bluti,F,5,3,1.0
395,3B00182A81,not first visit,2024-12-23 14:24:34.250588,treatment,nah,0.0,2024-12-23,2024-12-23 14:24:35.198,0.1519999504089355,0.0720000267028808,0.0729999542236328,0.0670001506805419,0.8881581845046697,1.874999304612736,1.8493162281503928,2.0149208416512763,1.483516149252617,8.811082329847329,-0.3542493771134822,2.365778420155234,-1.4748947759353697,bluti,F,6,3,4.0
396,3B004873F2,not first visit,2024-12-23 14:31:29.553999,treatment,nah,0.0,2024-12-23,2024-12-23 14:31:29.691,0.9219999313354492,0.1400001049041748,0.0729999542236328,0.0720000267028808,0.1464208351994803,0.9642849917319906,1.8493162281503928,1.874999304612736,0.4473902173322601,1.540233763886561,8.310150147773927,0.3542493771134822,1.6687727872429283,bluti,F,5,3,1.0
397,3B004DB16E,first visit,2024-12-23 14:32:53.714385,treatment,SCARE,0.0,2024-12-23,2024-12-23 14:32:54.031,0.1480000019073486,0.0690000057220459,0.0730001926422119,2.110999822616577,0.9121621504066808,1.95652157687962,1.8493101882848608,0.0639507396228333,0.2249062869022506,9.625432163638978,-1.5100174482818842,-1.634944538634057,-0.6534397999323982,bluti,M,6,3,0.0
398,0700ED9568,not first visit,2024-12-23 14:35:11.910992,treatment,SCARE,1.0,2024-12-23,2024-12-23 14:35:13.135,0.1370000839233398,0.0729999542236328,0.0739998817443847,0.0690000057220459,0.9854008562180224,1.8493162281503928,1.82432723968838,1.95652157687962,1.5297453648514208,8.227763952383121,-0.3399866169571803,1.8488733037957423,-1.9850837274963424,greti,M,6,3,0.0
399,3B0019F652,not first visit,2024-12-23 14:44:55.536070,treatment,SCARE,0.0,2024-12-23,2024-12-23 14:44:55.555,3.325000047683716,0.0719997882843017,0.0720000267028808,0.0729999542236328,0.0406015031771336,1.875005513445854,1.874999304612736,1.8493162281503928,0.1524562472940634,1.0800141883115424,-8.623390410715187e-05,-0.3542493771134822,1.8272861102817128,bluti,F,5,3,5.0
400,3B0019F652,not first visit,2024-12-23 15:04:09.913170,treatment,nah,0.0,2024-12-23,2024-12-23 15:04:11.245,0.1480000019073486,0.0740001201629638,0.0739998817443847,0.0730001926422119,0.9121621504066808,1.824321361947812,1.82432723968838,1.8493101882848608,1.4634138550196132,8.217646035818213,7.94289255684788e-05,0.3399038905351528,-1.679362153786497,bluti,F,5,3,5.0
401,3B0019F652,not first visit,2024-12-23 15:13:51.815080,treatment,SCARE,0.0,2024-12-23,2024-12-23 15:13:53.765,0.1459999084472656,0.0739998817443847,0.0730001926422119,0.0739998817443847,0.9246581140751968,1.82432723968838,1.8493101882848608,1.82432723968838,1.4713901887145466,8.178818032775817,0.3399038905351528,-0.3399038905351528,-1.7735646820008983,bluti,F,5,3,5.0
402,3B004873F2,not first visit,2024-12-23 15:16:23.840570,treatment,SCARE,0.0,2024-12-23,2024-12-23 15:16:24.977,0.4460000991821289,0.1480000019073486,0.0729999542236328,0.0690000057220459,0.302690515646884,0.9121621504066808,1.8493162281503928,1.95652157687962,0.7336955913298573,2.052092697095312,8.481034061276315,1.5099349150554262,1.323939528358431,bluti,F,5,3,1.0
403,3B004873F2,not first visit,2024-12-23 15:17:28.449362,treatment,nah,0.0,2024-12-23,2024-12-23 15:17:29.328,1.8659999370574951,0.0739998817443847,0.0740001201629638,0.0739998817443847,0.0723472693213924,1.82432723968838,1.824321361947812,1.82432723968838,0.2586207118622159,1.806165086601904,-7.94289255684788e-05,7.94289255684788e-05,1.7596159024247382,bluti,F,5,3,1.0
404,3B004873F2,not first visit,2024-12-23 15:17:33.492010,treatment,nah,0.0,2024-12-23,2024-12-23 15:17:35.813,0.374000072479248,0.1529998779296875,0.0740001201629638,0.0729999542236328,0.3609624968922718,0.8823536451580732,1.824321361947812,1.8493162281503928,0.8011869141456144,1.978714221362708,8.299275107529027,0.3400660347537917,1.0480676427503726,bluti,F,5,3,1.0
405,3B004873F2,not first visit,2024-12-23 15:21:59.941160,treatment,SCARE,0.0,2024-12-23,2024-12-23 15:22:01.490,0.1470000743865966,0.0729999542236328,0.0750000476837158,0.0789999961853027,0.918366882216416,1.8493162281503928,1.799998855591548,1.7088608420099594,1.4438499875690871,8.46317477152083,-0.6664509719360568,-1.1836102288270018,-1.809785714872588,bluti,F,5,3,1.0
406,3B004873F2,not first visit,2024-12-23 15:26:30.165675,treatment,nah,0.0,2024-12-23,2024-12-23 15:26:31.371,0.1449999809265136,0.0680000782012939,0.0619997978210449,0.0670001506805419,0.9310346052281092,1.985291834523672,2.177426455319444,2.0149208416512763,1.5789473331976254,9.899126165622055,2.955920061996917,-2.519467884379321,-1.930142017368731,bluti,F,5,3,1.0
407,0700ED9568,not first visit,2024-12-23 15:29:37.934775,treatment,nah,0.0,2024-12-23,2024-12-23 15:29:38.081,0.1409997940063476,0.0790002346038818,0.0679998397827148,0.0740001201629638,0.9574482072925756,1.7088556847572516,1.9852987952821064,1.824321361947812,1.4917127543406017,6.8309761795161625,3.761128852191389,-2.267288432980896,-1.937753643534952,greti,M,6,3,1.0
408,3B00182A81,not first visit,2024-12-23 15:29:56.416952,treatment,SCARE,1.0,2024-12-23,2024-12-23 15:29:58.120,0.1470000743865966,0.0690000057220459,0.0789999961853027,0.0729999542236328,0.918366882216416,1.95652157687962,1.7088608420099594,1.8493162281503928,1.4673911826597146,9.612539904068909,-3.346766644296417,1.8480977890131889,-1.7102451071486693,bluti,F,6,3,4.0
409,3B00182A81,not first visit,2024-12-23 15:39:09.337225,treatment,SCARE,0.0,2024-12-23,2024-12-23 15:39:10.531,0.1530001163482666,0.0729999542236328,0.0690000057220459,0.0789999961853027,0.8823522701950512,1.8493162281503928,1.95652157687962,1.7088608420099594,1.4438499875690871,8.557200495631822,1.5099349150554262,-3.346766644296417,-1.711108982598241,bluti,F,6,3,5.0
410,0700ED9568,not first visit,2024-12-23 15:39:40.370754,treatment,nah,0.0,2024-12-23,2024-12-23 15:39:40.682,0.2109999656677246,0.1520001888275146,0.0739998817443847,0.0780000686645507,0.639810530645267,0.8881567913918452,1.82432723968838,1.7307677071488832,1.0485434757347805,1.3682983749244395,8.284691645693115,-1.2310468824205203,0.0038840927578214,greti,M,6,3,1.0
411,0700ED9568,not first visit,2024-12-23 15:39:40.370754,treatment,nah,0.0,2024-12-23,2024-12-23 15:39:41.764,0.7569999694824219,0.0740001201629638,0.0729999542236328,0.0740001201629638,0.1783355421959958,1.824321361947812,1.8493162281503928,1.824321361947812,0.5521471466566554,3.961457622595952,0.3400660347537917,-0.3400660347537917,1.5072804652335443,greti,M,6,3,1.0
412,3B00182A81,not first visit,2024-12-23 15:40:31.531721,treatment,nah,0.0,2024-12-23,2024-12-23 15:40:32.574,0.1480000019073486,0.0730001926422119,0.0690000057220459,0.0629999637603759,0.9121621504066808,1.8493101882848608,1.95652157687962,2.142858375498125,1.5297443316515715,8.480970252431328,1.5100174482818842,2.8232854802791363,-1.5426425643032444,bluti,F,6,3,5.0
413,3B00182A81,not first visit,2024-12-23 15:42:44.038536,treatment,nah,0.0,2024-12-23,2024-12-23 15:42:45.144,0.1440000534057617,0.0679998397827148,0.0740001201629638,0.0739998817443847,0.9374996523063678,1.9852987952821064,1.824321361947812,1.82432723968838,1.5000004371008555,9.884902555532912,-2.267288432980896,7.94289255684788e-05,-1.910732214577232,bluti,F,6,3,5.0
414,3B004873F2,not first visit,2024-12-23 15:47:45.396205,treatment,SCARE,1.0,2024-12-23,2024-12-23 15:47:46.813,0.1470000743865966,0.0739998817443847,0.0740001201629638,0.0729999542236328,0.918366882216416,1.82432723968838,1.824321361947812,1.8493162281503928,1.4673911826597146,8.198737894183317,-7.94289255684788e-05,0.3400660347537917,-1.7102451071486693,bluti,F,5,3,1.0
415,3B00182A81,not first visit,2024-12-23 15:48:00.787431,treatment,nah,0.0,2024-12-23,2024-12-23 15:48:02.034,0.1470000743865966,0.0740001201629638,0.0739998817443847,0.0740001201629638,0.918366882216416,1.824321361947812,1.82432723968838,1.824321361947812,1.4634138550196132,8.198675857076957,7.94289255684788e-05,-7.94289255684788e-05,-1.7283538018994988,bluti,F,6,3,5.0
416,01103FA4B2,not first visit,2024-12-23 15:48:17.667322,treatment,nah,0.0,2024-12-23,2024-12-23 15:48:18.192,0.1590001583099365,0.0739998817443847,0.1430001258850097,0.0729999542236328,0.8490557584027472,1.82432723968838,0.9440551129903,1.8493162281503928,1.2026722839272468,8.371427584804358,-8.113106873262982,8.382044253916666,-0.70040027480938,bluti,M,6,3,1.0
417,01103FA4B2,not first visit,2024-12-23 15:48:17.667322,treatment,nah,0.0,2024-12-23,2024-12-23 15:48:21.622,0.1510000228881836,0.0690000057220459,0.0739998817443847,0.0730001926422119,0.8940395995831624,1.95652157687962,1.82432723968838,1.8493101882848608,1.47138923283809,9.658925810221955,-1.8488733037957423,0.3399038905351528,-1.6567275227004452,bluti,M,6,3,1.0
418,3B00182A81,not first visit,2024-12-23 15:53:40.938107,treatment,SCARE,1.0,2024-12-23,2024-12-23 15:53:42.729,0.1480000019073486,0.0729999542236328,0.0769999027252197,0.0729999542236328,0.9121621504066808,1.8493162281503928,1.7532489681416643,1.8493162281503928,1.4555263398038412,8.481034061276315,-1.2808980216759334,1.2808980216759334,-1.6522681408241848,bluti,F,6,3,5.0
419,3B0019B8CC,first visit,2024-12-31 08:26:13.970427,treatment,SCARE,0.0,2024-12-31,2024-12-31 08:26:14.774,0.2730000019073486,0.0510001182556152,0.0439999103546142,0.0490000247955322,0.4945054910505701,2.647052685708944,3.0681880692932504,2.755100646649248,1.2949638570060462,13.287323434174631,8.866005405370155,-6.733067547596234,0.8234388888569935,greti,F,5,4,0.0
420,3B0019B8CC,not first visit,2024-12-31 08:27:21.115247,treatment,SCARE,1.0,2024-12-31,2024-12-31 08:27:24.937,2.41599988937378,0.0720000267028808,0.0670001506805419,0.0729999542236328,0.0558774860022827,1.874999304612736,2.0149208416512763,1.8493162281503928,0.2054794504143339,1.462316623771463,2.0132569565372043,-2.365778420155234,1.8089277337546823,greti,F,5,4,0.0
421,3B0018D520,not first visit,2024-12-31 08:34:46.578183,treatment,SCARE,0.0,2024-12-31,2024-12-31 08:34:47.673,0.1449999809265136,0.0729999542236328,0.0669999122619628,0.0729999542236328,0.9310346052281092,1.8493162281503928,2.014928011728786,1.8493162281503928,1.5083807240469913,8.42460455127954,2.3658848788321127,-2.3658848788321127,-1.88978106378299,bluti,F,6,4,0.0
422,01103F9A64,first visit,2024-12-31 08:43:48.444358,treatment,SCARE,1.0,2024-12-31,2024-12-31 08:43:49.328,1.120999813079834,0.0790002346038818,0.0689997673034668,0.0730001926422119,0.1204282091975565,1.7088556847572516,1.9565283373530613,1.8493101882848608,0.4023844984575633,2.647379020735434,3.3469276946477127,-1.5101152015707104,1.687661586369752,greti,M ,5,4,0.0
423,01103F9A64,not first visit,2024-12-31 08:45:01.542121,treatment,SCARE,1.0,2024-12-31,2024-12-31 08:45:02.275,0.2039999961853027,0.0479998588562011,0.0429999828338623,0.0429999828338623,0.66176471825702,2.8125082701687814,3.139536137063015,3.139536137063015,1.5976339835533415,17.069403088010016,7.187438149794991,0.0,0.0543835075437795,greti,M ,5,4,1.0
424,3B004C0894,first visit,2024-12-31 09:21:43.058387,treatment,SCARE,0.0,2024-12-31,2024-12-31 09:21:44.823,2.1700000762939453,0.1440000534057617,0.0739998817443847,0.0740001201629638,0.0622119793795403,0.9374996523063678,1.82432723968838,1.824321361947812,0.2193338631738895,0.756514800230729,8.136035332040018,-7.94289255684788e-05,1.7778945128210384,bluti,F,5,4,0.0
425,3B0018D520,not first visit,2024-12-31 09:31:25.604811,treatment,SCARE,1.0,2024-12-31,2024-12-31 09:31:26.965,0.1480000019073486,0.0680000782012939,0.0740001201629638,0.0689997673034668,0.9121621504066808,1.985291834523672,1.824321361947812,1.9565283373530613,1.5041784088380914,9.936382278906876,-2.267186587485454,1.8490500621727377,-1.6848363264548138,bluti,F,6,4,0.0
426,3B0018D520,not first visit,2024-12-31 09:33:16.114551,treatment,nah,0.0,2024-12-31,2024-12-31 09:33:17.677,0.1469998359680175,0.0740001201629638,0.0739998817443847,0.0730001926422119,0.9183683717128204,1.824321361947812,1.82432723968838,1.8493101882848608,1.4673911826597146,8.198671222342279,7.94289255684788e-05,0.3399038905351528,-1.7102569202557172,bluti,F,6,4,1.0
427,3B0018C6F9,not first visit,2024-12-31 09:33:56.382368,treatment,SCARE,0.0,2024-12-31,2024-12-31 09:33:56.932,0.1720001697540283,0.0720000267028808,0.0719997882843017,16.57800006866455,0.7848829462962681,1.874999304612736,1.875005513445854,0.0081433224418411,0.0319640107903952,8.935372791873828,8.623390410715187e-05,-0.2242477125577728,-0.083989903565784,bluti,M,6,4,0.0
428,3B0018D520,not first visit,2024-12-31 09:46:20.780449,treatment,SCARE,1.0,2024-12-31,2024-12-31 09:46:22.225,0.1480000019073486,0.0680000782012939,0.0690000057220459,0.0680000782012939,0.9121621504066808,1.985291834523672,1.95652157687962,1.985291834523672,1.5297443316515715,9.936382278906876,-0.4200035039416624,0.4200035039416624,-1.737817099453239,bluti,F,6,4,1.0
429,3B0018D520,not first visit,2024-12-31 09:46:20.780449,treatment,SCARE,1.0,2024-12-31,2024-12-31 09:46:24.557,0.9920001029968262,0.0739998817443847,0.0690000057220459,0.063000202178955,0.1360886955476777,1.82432723968838,1.95652157687962,2.142850266044005,0.4507511796045874,3.167426957422612,1.8488733037957423,2.823157510541658,1.939884289283359,bluti,F,6,4,2.0
430,3B004C0894,not first visit,2024-12-31 10:16:41.600318,treatment,nah,0.0,2024-12-31,2024-12-31 10:16:44.013,1.375,0.0729999542236328,0.0740001201629638,0.0749998092651367,0.0981818181818181,1.8493162281503928,1.824321361947812,1.8000045776483604,0.3381340258868552,2.4186940128840995,-0.3400660347537917,-0.3263999438494475,1.687410746749128,bluti,F,5,4,0.0
431,3B0018D520,not first visit,2024-12-31 10:17:49.902988,treatment,nah,0.0,2024-12-31,2024-12-31 10:17:51.520,0.1480000019073486,0.0740001201629638,0.0739998817443847,0.0740001201629638,0.9121621504066808,1.824321361947812,1.82432723968838,1.824321361947812,1.4594589704315957,8.217646035818213,7.94289255684788e-05,-7.94289255684788e-05,-1.6975393667469552,bluti,F,6,4,3.0
432,3B0018D520,not first visit,2024-12-31 10:20:00.317906,treatment,nah,0.0,2024-12-31,2024-12-31 10:20:01.410,0.1480000019073486,0.0690000057220459,0.0739998817443847,0.0690000057220459,0.9121621504066808,1.95652157687962,1.82432723968838,1.95652157687962,1.5000004371008555,9.625432163638978,-1.8488733037957423,1.8488733037957423,-1.6703672689173796,bluti,F,6,4,3.0
433,3B0018D520,not first visit,2024-12-31 10:22:58.978368,treatment,SCARE,0.0,2024-12-31,2024-12-31 10:22:58.979,1.5499999523162842,0.0720000267028808,0.0609998703002929,0.0670001506805419,0.0870967768729664,1.874999304612736,2.213119459687632,2.0149208416512763,0.3085714285714286,2.204565414138817,5.084517547661378,-3.096852899204315,1.922412310969376,bluti,F,6,4,3.0
434,3B00185CB8,not first visit,2024-12-31 10:39:51.360461,treatment,nah,0.0,2024-12-31,2024-12-31 10:39:51.857,0.1429998874664306,0.0690000057220459,0.0639998912811279,3.937000036239624,0.9440566869795012,1.95652157687962,2.109378583269693,0.0342900682645011,0.1281747028199718,9.551560377438454,2.2986033799172896,-1.0372849550592396,-0.4001585043536411,bluti,F,6,4,0.0
435,3B0018D520,not first visit,2024-12-31 11:02:20.700904,treatment,nah,0.0,2024-12-31,2024-12-31 11:02:21.591,0.1399998664855957,0.0680000782012939,0.0720000267028808,0.0629999637603759,0.9642866339011108,1.985291834523672,1.874999304612736,2.142858375498125,1.5743443209795878,9.817360309008924,-1.5756063895298893,3.968282811964984,-1.8500466097381536,bluti,F,6,4,3.0
436,3B0018C6F9,not first visit,2024-12-31 11:03:09.926526,treatment,SCARE,0.0,2024-12-31,2024-12-31 11:03:09.934,0.1359999179840088,0.0720000267028808,0.0729999542236328,0.0680000782012939,0.9926476574483938,1.874999304612736,1.8493162281503928,1.985291834523672,1.54727803843663,8.48415270968057,-0.3542493771134822,1.928731561755867,-2.033524933761856,bluti,M,6,4,0.0
437,3B0018D520,not first visit,2024-12-31 11:04:23.373273,treatment,nah,0.0,2024-12-31,2024-12-31 11:04:24.013,0.1510000228881836,0.0720000267028808,0.0679998397827148,0.0670001506805419,0.8940395995831624,1.874999304612736,1.9852987952821064,2.0149208416512763,1.508379719505235,8.797842931680496,1.5757085122751755,0.4388451623962503,-1.5756003124385427,bluti,F,6,4,3.0
438,3B00185CB8,not first visit,2024-12-31 11:14:44.259193,treatment,nah,0.0,2024-12-31,2024-12-31 11:14:44.283,0.6610000133514404,0.062000036239624,0.0629999637603759,0.0720000267028808,0.2042360019261047,2.177418082115925,2.142858375498125,1.874999304612736,0.6293705999894963,5.458317966384293,-0.552955305884808,-3.968282811964984,1.4594632036888364,bluti,F,6,4,0.0
439,3B0018D520,not first visit,2024-12-31 11:22:22.186089,treatment,nah,0.0,2024-12-31,2024-12-31 11:22:25.113,0.1470000743865966,0.0740001201629638,0.0690000057220459,0.0629999637603759,0.918366882216416,1.824321361947812,1.95652157687962,2.142858375498125,1.5297443316515715,8.198675857076957,1.848952427330212,2.8232854802791363,-1.560231727010116,bluti,F,6,4,3.0
440,3B0018D520,not first visit,2024-12-31 11:25:31.280394,treatment,SCARE,1.0,2024-12-31,2024-12-31 11:25:32.775,0.1529998779296875,0.0740001201629638,0.0849997997283935,0.0740001201629638,0.8823536451580732,1.824321361947812,1.5882390362256849,1.824321361947812,1.398964027817154,8.299275107529027,-2.969590498956721,2.969590498956721,-1.4136746293825746,bluti,F,6,4,3.0
441,3B00186A36,not first visit,2024-12-31 11:30:56.194806,treatment,SCARE,1.0,2024-12-31,2024-12-31 11:30:58.406,0.1450002193450927,0.0619997978210449,0.0730001926422119,0.0669999122619628,0.9310330743618204,2.177426455319444,1.8493101882848608,2.014928011728786,1.5561954179675477,12.042447126535947,-4.860982077237804,2.365967133485868,-1.8482788637549927,bluti,F,6,4,0.0
442,3B0018D520,not first visit,2024-12-31 11:32:19.387463,treatment,SCARE,0.0,2024-12-31,2024-12-31 11:32:20.988,0.0720000267028808,0.0740001201629638,0.0729999542236328,0.0729999542236328,1.874999304612736,1.824321361947812,1.8493162281503928,1.8493162281503928,1.849314718180312,-0.6942176943354693,0.3400660347537917,0.0,-6.692819310147999,bluti,F,6,4,4.0
443,3B0018D520,not first visit,2024-12-31 11:39:20.453177,treatment,SCARE,1.0,2024-12-31,2024-12-31 11:39:22.259,0.1429998874664306,0.0690000057220459,0.0729999542236328,0.0740001201629638,0.9440566869795012,1.95652157687962,1.8493162281503928,1.824321361947812,1.5041784088380914,9.551560377438454,-1.5099349150554262,-0.3400660347537917,-1.9443685524450285,bluti,F,6,4,4.0
444,3B0018D520,not first visit,2024-12-31 11:41:16.276876,treatment,nah,0.0,2024-12-31,2024-12-31 11:41:16.834,0.1369998455047607,0.0740001201629638,0.0739998817443847,0.0740001201629638,0.9854025710949342,1.824321361947812,1.82432723968838,1.824321361947812,1.5041784088380914,7.951838173983194,7.94289255684788e-05,-7.94289255684788e-05,-2.0628685015975305,bluti,F,6,4,5.0
445,3B0018D520,not first visit,2024-12-31 11:46:39.332284,treatment,nah,0.0,2024-12-31,2024-12-31 11:46:41.176,0.1469998359680175,0.0740001201629638,0.0739998817443847,0.0729999542236328,0.9183683717128204,1.824321361947812,1.82432723968838,1.8493162281503928,1.4673921333486233,8.198671222342279,7.94289255684788e-05,0.3399866169571803,-1.7102525250941982,bluti,F,6,4,5.0
446,3B0018D520,not first visit,2024-12-31 11:49:40.159691,treatment,SCARE,0.0,2024-12-31,2024-12-31 11:49:42.209,1.131999969482422,0.0690000057220459,0.0739998817443847,0.0729999542236328,0.1192579537451094,1.95652157687962,1.82432723968838,1.8493162281503928,0.4005935279251337,3.0595564713841394,-1.8488733037957423,0.3399866169571803,1.6893457682583142,bluti,F,6,4,5.0
447,3B0018D520,not first visit,2024-12-31 11:50:30.065306,treatment,SCARE,0.0,2024-12-31,2024-12-31 11:50:30.966,0.1480000019073486,0.0729999542236328,0.0739998817443847,0.0690000057220459,0.9121621504066808,1.8493162281503928,1.82432723968838,1.95652157687962,1.4835171209503213,8.481034061276315,-0.3399866169571803,1.8488733037957423,-1.613586925663523,bluti,F,6,4,5.0
448,3B0018D520,not first visit,2024-12-31 11:52:07.471074,treatment,SCARE,0.0,2024-12-31,2024-12-31 11:52:08.763,0.1429998874664306,0.0750000476837158,0.0740001201629638,0.0739998817443847,0.9440566869795012,1.799998855591548,1.824321361947812,1.82432723968838,1.4754100897978328,7.852682781969826,0.3264762276146148,7.94289255684788e-05,-1.8419115745936483,bluti,F,6,4,5.0
449,3B0019B8CC,not first visit,2024-12-31 12:25:41.100169,treatment,nah,0.0,2024-12-31,2024-12-31 12:25:41.554,0.6420001983642578,0.0769999027252197,0.0720000267028808,0.0669999122619628,0.2102803088596614,1.7532489681416643,1.874999304612736,2.014928011728786,0.6293705999894963,4.291984540597401,1.6342334783429742,2.013363576388933,1.5972908414560971,greti,F,5,4,1.0
450,3B0019B8CC,not first visit,2024-12-31 12:28:23.258459,treatment,nah,0.0,2024-12-31,2024-12-31 12:28:24.660,0.1449999809265136,0.0720000267028808,0.0729999542236328,0.0669999122619628,0.9310346052281092,1.874999304612736,1.8493162281503928,2.014928011728786,1.5126055753903855,8.700135172315619,-0.3542493771134822,2.3658848788321127,-1.694374275424798,greti,F,5,4,1.0
451,3B0019B8CC,not first visit,2024-12-31 12:29:52.641049,treatment,nah,0.0,2024-12-31,2024-12-31 12:29:53.360,0.1400001049041748,0.0729999542236328,0.0729999542236328,0.0670001506805419,0.9642849917319906,1.8493162281503928,1.8493162281503928,2.0149208416512763,1.5297443316515715,8.310150147773927,0.0,2.365778420155234,-1.849948303321012,greti,F,5,4,1.0
452,3B0018C6F9,not first visit,2024-12-31 12:30:53.174522,treatment,nah,0.0,2024-12-31,2024-12-31 12:30:53.197,0.1480000019073486,0.0729999542236328,0.0690000057220459,5.605999946594238,0.9121621504066808,1.8493162281503928,1.95652157687962,0.024081341649319,0.0915875183828167,8.481034061276315,1.5099349150554262,-0.6810362119709142,-0.2780591586118905,bluti,M,6,4,0.0
453,3B0019B8CC,not first visit,2024-12-31 12:33:15.393008,treatment,SCARE,1.0,2024-12-31,2024-12-31 12:33:17.734,0.0829999446868896,0.1480000019073486,0.0680000782012939,0.0639998912811279,1.6265071080381586,0.9121621504066808,1.985291834523672,2.109378583269693,1.4876036497098255,-6.1848062578668594,9.936382278906876,1.880102688395628,-3.5089534331526786,greti,F,5,4,1.0
454,3B0019B8CC,not first visit,2024-12-31 12:40:38.020929,treatment,SCARE,1.0,2024-12-31,2024-12-31 12:40:39.329,0.2070000171661377,0.1400001049041748,0.0619997978210449,0.062000036239624,0.6521738589598731,0.9642849917319906,2.177426455319444,2.177418082115925,1.1464969220715389,1.798910795246778,12.011307403822746,-0.0001350518503758,0.2393081393641483,greti,F,5,4,2.0
455,3B0019B8CC,not first visit,2024-12-31 12:45:21.431450,treatment,SCARE,0.0,2024-12-31,2024-12-31 12:45:22.838,0.1449999809265136,0.0780000686645507,0.0729999542236328,0.0720000267028808,0.9310346052281092,1.7307677071488832,1.8493162281503928,1.874999304612736,1.4673911826597146,7.172492592600922,1.5701788481091308,0.3542493771134822,-1.7128022731270371,greti,F,5,4,3.0
456,3B0019B8CC,not first visit,2024-12-31 12:51:15.593630,treatment,nah,0.0,2024-12-31,2024-12-31 12:51:16.107,0.1379997730255127,0.0670001506805419,0.062000036239624,0.0609998703002929,0.9782624785552502,2.0149208416512763,2.177418082115925,2.213119459687632,1.6463423154671954,10.11374389175354,2.519333410969604,0.5805106455120866,-2.0681166094988286,greti,F,5,4,3.0
457,3B004C0894,not first visit,2024-12-31 12:53:25.056844,treatment,SCARE,1.0,2024-12-31,2024-12-31 12:53:27.137,0.1529998779296875,0.0729999542236328,0.0690000057220459,0.0740001201629638,0.8823536451580732,1.8493162281503928,1.95652157687962,1.824321361947812,1.4634148005618668,8.55719735522922,1.5099349150554262,-1.848952427330212,-1.6291181166302866,bluti,F,5,4,0.0
458,3B0019B8CC,not first visit,2024-12-31 13:17:57.430011,treatment,SCARE,0.0,2024-12-31,2024-12-31 13:17:58.495,0.1480000019073486,0.0730001926422119,0.0739998817443847,0.0740001201629638,0.9121621504066808,1.8493101882848608,1.82432723968838,1.824321361947812,1.4634138550196132,8.480970252431328,-0.3399038905351528,-7.94289255684788e-05,-1.7111889931749442,greti,F,5,4,3.0
459,3B0019B8CC,not first visit,2024-12-31 13:19:31.554530,treatment,SCARE,1.0,2024-12-31,2024-12-31 13:19:33.108,0.2149999141693115,0.0740001201629638,0.0690000057220459,0.0729999542236328,0.627907227412603,1.824321361947812,1.95652157687962,1.8493162281503928,1.2529002486523266,8.279681608339478,1.848952427330212,-1.5099349150554262,-0.3385133745135726,greti,F,5,4,3.0
460,3B0019B8CC,not first visit,2024-12-31 13:21:01.766259,treatment,nah,0.0,2024-12-31,2024-12-31 13:21:03.060,0.1500000953674316,0.0680000782012939,0.0739998817443847,0.0740001201629638,0.899999427795774,1.985291834523672,1.82432723968838,1.824321361947812,1.475409128691252,9.956803143422768,-2.267107609000283,-7.94289255684788e-05,-1.7189825273260542,greti,F,5,4,4.0
461,3B0019B8CC,not first visit,2024-12-31 13:21:01.766259,treatment,nah,0.0,2024-12-31,2024-12-31 13:21:03.896,0.9830000400543212,0.0740001201629638,0.0739998817443847,0.0740001201629638,0.1373346841293514,1.824321361947812,1.82432723968838,1.824321361947812,0.4481327197897485,3.192027288759674,7.94289255684788e-05,-7.94289255684788e-05,1.6213137233972157,greti,F,5,4,4.0
462,3B0019B8CC,not first visit,2024-12-31 13:23:54.135102,treatment,SCARE,1.0,2024-12-31,2024-12-31 13:23:55.187,0.1380000114440918,0.0729999542236328,0.0720000267028808,0.0629999637603759,0.9782607884398098,1.8493162281503928,1.874999304612736,2.142858375498125,1.5606938394974192,8.256451008928517,0.3542493771134822,3.968282811964984,-1.841911131000844,greti,F,5,4,4.0
463,3B0019B8CC,not first visit,2024-12-31 13:25:13.407611,treatment,nah,0.0,2024-12-31,2024-12-31 13:25:13.496,0.7000000476837158,0.0739998817443847,0.0750000476837158,0.0680000782012939,0.1928571297197935,1.82432723968838,1.799998855591548,1.985291834523672,0.588876736562046,4.215685423056978,-0.3265556459014513,2.591507913512228,1.6234585653297464,greti,F,5,4,5.0
464,3B0019B8CC,not first visit,2024-12-31 13:29:13.130165,treatment,nah,0.0,2024-12-31,2024-12-31 13:29:14.249,0.1429998874664306,0.0729999542236328,0.0740001201629638,0.0739998817443847,0.9440566869795012,1.8493162281503928,1.824321361947812,1.82432723968838,1.4835171209503213,8.382038931952945,-0.3400660347537917,7.94289255684788e-05,-1.870611462861644,greti,F,5,4,5.0
465,3B0019B8CC,not first visit,2024-12-31 14:26:15.087762,treatment,SCARE,1.0,2024-12-31,2024-12-31 14:26:15.881,0.1480000019073486,0.0739998817443847,0.0740001201629638,0.0690000057220459,0.9121621504066808,1.82432723968838,1.824321361947812,1.95652157687962,1.4794520161393043,8.217707813871431,-7.94289255684788e-05,1.848952427330212,-1.5996660646720842,greti,F,5,4,5.0
466,3B0019B8CC,not first visit,2024-12-31 14:28:29.326693,treatment,nah,0.0,2024-12-31,2024-12-31 14:28:30.209,0.1429998874664306,0.0740001201629638,0.0739998817443847,0.0729999542236328,0.9440566869795012,1.824321361947812,1.82432723968838,1.8493162281503928,1.4835171209503213,8.113038193728356,7.94289255684788e-05,0.3399866169571803,-1.8384063181280816,greti,F,5,4,6.0
467,3B0019B8CC,not first visit,2024-12-31 14:28:29.326693,treatment,nah,0.0,2024-12-31,2024-12-31 14:28:31.466,1.6519999504089355,0.1470000743865966,0.0690000057220459,0.0739998817443847,0.0817191307824084,0.918366882216416,1.95652157687962,1.82432723968838,0.2780638642619864,0.9301253361895844,9.612539904068909,-1.8488733037957423,1.7485912516704762,greti,F,5,4,6.0
468,3B0019B8CC,not first visit,2024-12-31 15:38:42.866149,treatment,nah,0.0,2024-12-31,2024-12-31 15:38:44.927,0.4249999523162842,0.1500000953674316,0.0639998912811279,0.0740001201629638,0.3176470944625736,0.899999427795774,2.109378583269693,1.824321361947812,0.7573631910501752,2.0255731653557314,11.302609634831574,-4.131263734530435,1.138998646140301,greti,F,5,4,6.0
469,3B00199DE5,first visit,2024-12-31 15:38:50.495121,treatment,SCARE,1.0,2024-12-31,2024-12-31 15:38:51.471,0.1480000019073486,0.0740001201629638,0.0739998817443847,0.0740001201629638,0.9121621504066808,1.824321361947812,1.82432723968838,1.824321361947812,1.4594589704315957,8.217646035818213,7.94289255684788e-05,-7.94289255684788e-05,-1.6975393667469552,bluti,M,5,4,0.0
470,3B0019B8CC,not first visit,2024-12-31 15:39:52.399192,treatment,SCARE,0.0,2024-12-31,2024-12-31 15:39:53.399,0.4260001182556152,0.1429998874664306,0.0740001201629638,0.0739998817443847,0.3169013204803741,0.9440566869795012,1.824321361947812,1.82432723968838,0.7531380672998781,2.204412513856774,8.113038193728356,7.94289255684788e-05,1.1457376994246822,greti,F,5,4,6.0
471,3B0019B8CC,not first visit,2024-12-31 15:41:55.587773,treatment,nah,0.0,2024-12-31,2024-12-31 15:41:58.433,0.2829999923706054,0.1529998779296875,0.0729999542236328,0.0690000057220459,0.4770318149804379,0.8823536451580732,1.8493162281503928,1.95652157687962,0.9342563297470164,1.8592750034465453,8.55719735522922,1.5099349150554262,0.7698747726835038,greti,F,5,4,6.0
472,3B0019B8CC,not first visit,2024-12-31 15:56:40.250770,treatment,nah,0.0,2024-12-31,2024-12-31 15:56:42.914,2.0910000801086426,0.1379997730255127,0.0740001201629638,4.5929999351501465,0.0645624078565247,0.9782624785552502,1.824321361947812,0.0293925543013505,0.0783062655407704,0.8198296374169687,7.981691600574357,-0.7692002512847793,0.0112264289050984,greti,F,5,4,6.0
473,3B0019B8CC,first visit,2025-01-03 08:04:52.649045,treatment,SCARE,1.0,2025-01-03,2025-01-03 08:04:54.605,1.7790000438690186,0.0679998397827148,0.0740001201629638,0.0739998817443847,0.0758853269651406,1.9852987952821064,1.824321361947812,1.82432723968838,0.2706767072563864,2.06758374509676,-2.267288432980896,7.94289255684788e-05,1.7533068068841686,greti,F,5,5,0.0
474,3B0019B8CC,not first visit,2025-01-03 08:06:43.048413,treatment,nah,0.0,2025-01-03,2025-01-03 08:06:44.771,0.064000129699707,0.1440000534057617,0.0720000267028808,0.0719997882843017,2.109370725238046,0.9374996523063678,1.874999304612736,1.875005513445854,1.5340909174035404,-11.267981166511454,8.680549116785782,8.623390410715187e-05,-5.552355172552167,greti,F,5,5,1.0
475,3B0019B8CC,not first visit,2025-01-03 08:06:43.048413,treatment,nah,0.0,2025-01-03,2025-01-03 08:06:46.502,1.6929998397827148,0.0729999542236328,0.0740001201629638,0.0739998817443847,0.0797401138663582,1.8493162281503928,1.824321361947812,1.82432723968838,0.2821316915251902,2.004050193312395,-0.3400660347537917,7.94289255684788e-05,1.7469472116588394,greti,F,5,5,1.0
476,3B004873F2,first visit,2025-01-03 08:22:53.795740,treatment,SCARE,0.0,2025-01-03,2025-01-03 08:22:53.965,0.2220001220703125,0.0729999542236328,0.0740001201629638,0.0739998817443847,0.6081077737301533,1.8493162281503928,1.824321361947812,1.82432723968838,1.218961410103026,8.414970396031148,-0.3400660347537917,7.94289255684788e-05,-0.2370545110207955,bluti,F,5,5,0.0
477,3B004873F2,not first visit,2025-01-03 08:23:35.813594,treatment,nah,0.0,2025-01-03,2025-01-03 08:23:36.634,0.1429998874664306,0.0740001201629638,0.0739998817443847,0.0740001201629638,0.9440566869795012,1.824321361947812,1.82432723968838,1.824321361947812,1.4794520161393043,8.113038193728356,7.94289255684788e-05,-7.94289255684788e-05,-1.8562114486538384,bluti,F,5,5,0.0
478,3B004873F2,not first visit,2025-01-03 08:23:35.813594,treatment,nah,0.0,2025-01-03,2025-01-03 08:23:38.655,1.118000030517578,0.0739998817443847,0.0730001926422119,0.0690000057220459,0.1207513383854755,1.82432723968838,1.8493101882848608,1.95652157687962,0.4047975676302661,2.8583490380803216,0.3399038905351528,1.5100174482818842,1.7934542935565856,bluti,F,5,5,0.0
479,3B0019B8CC,not first visit,2025-01-03 08:25:09.830853,treatment,SCARE,0.0,2025-01-03,2025-01-03 08:25:10.432,0.1470000743865966,0.0740001201629638,0.0739998817443847,0.0740001201629638,0.918366882216416,1.824321361947812,1.82432723968838,1.824321361947812,1.4634138550196132,8.198675857076957,7.94289255684788e-05,-7.94289255684788e-05,-1.7283538018994988,greti,F,5,5,1.0
480,3B004873F2,not first visit,2025-01-03 08:25:58.541268,treatment,SCARE,0.0,2025-01-03,2025-01-03 08:25:59.155,0.2390000820159912,0.0739998817443847,0.0740001201629638,0.0729999542236328,0.5648533626485004,1.82432723968838,1.824321361947812,1.8493162281503928,1.1739129461277718,8.047757334592522,-7.94289255684788e-05,0.3400660347537917,-0.0087539213122085,bluti,F,5,5,0.0
481,3B0019B8CC,not first visit,2025-01-03 08:27:20.404463,treatment,nah,0.0,2025-01-03,2025-01-03 08:27:20.854,0.2960000038146972,0.0729999542236328,0.0739998817443847,0.0740001201629638,0.4560810752033404,1.8493162281503928,1.82432723968838,1.824321361947812,1.044487508387308,7.551410901799235,-0.3399866169571803,-7.94289255684788e-05,0.4505827613937245,greti,F,5,5,1.0
482,3B004C0894,not first visit,2025-01-03 08:53:09.268620,treatment,nah,0.0,2025-01-03,2025-01-03 08:53:10.328,3.1419999599456787,0.0729999542236328,0.0669999122619628,0.0730001926422119,0.0429662640741516,1.8493162281503928,2.014928011728786,1.8493101882848608,0.1609537993830253,1.1237014073407616,2.3658848788321127,-2.365967133485868,1.8247229119008568,bluti,F,5,5,0.0
483,3B004AB6A7,first visit,2025-01-03 09:10:02.239832,treatment,SCARE,1.0,2025-01-03,2025-01-03 09:10:04.431,0.1480000019073486,0.0740001201629638,0.0689997673034668,0.0700001716613769,0.9121621504066808,1.824321361947812,1.9565283373530613,1.928566699136927,1.4958446224401378,8.217646035818213,1.8490500621727377,-0.4023259063905981,-1.691124743763325,bluti,M,5,5,0.0
484,3B004AB6A7,not first visit,2025-01-03 09:11:46.302079,treatment,nah,0.0,2025-01-03,2025-01-03 09:11:47.518,0.1480000019073486,0.0690000057220459,0.0740001201629638,0.0739998817443847,0.9121621504066808,1.95652157687962,1.824321361947812,1.82432723968838,1.4794520161393043,9.625432163638978,-1.848952427330212,7.94289255684788e-05,-1.7668613715090706,bluti,M,5,5,1.0
485,3B004C0894,not first visit,2025-01-03 09:12:23.306244,treatment,SCARE,1.0,2025-01-03,2025-01-03 09:12:24.336,0.1430001258850097,0.0739998817443847,0.0729999542236328,0.0740001201629638,0.9440551129903,1.82432723968838,1.8493162281503928,1.824321361947812,1.483516149252617,8.113106873262982,0.3399866169571803,-0.3400660347537917,-1.8706111801738217,bluti,F,5,5,0.0
486,3B004ACEEA,first visit,2025-01-03 09:15:09.097912,treatment,SCARE,0.0,2025-01-03,2025-01-03 09:15:10.301,0.9769999980926514,0.0739998817443847,0.0729999542236328,0.0740001201629638,0.1381780964826548,1.82432723968838,1.8493162281503928,1.824321361947812,0.4507512693103135,3.208657156967844,0.3399866169571803,-0.3400660347537917,1.6188520414463337,bluti,M,5,5,0.0
487,3B00185CB8,first visit,2025-01-03 09:16:10.718893,treatment,SCARE,0.0,2025-01-03,2025-01-03 09:16:11.353,0.1480000019073486,0.0740001201629638,0.0750000476837158,0.0629999637603759,0.9121621504066808,1.824321361947812,1.799998855591548,2.142858375498125,1.4999994436901884,8.217646035818213,-0.3264762276146148,4.96897813730226,-1.4412736887365267,bluti,F,6,5,0.0
488,3B004ACEEA,not first visit,2025-01-03 09:18:17.965209,treatment,nah,0.0,2025-01-03,2025-01-03 09:18:19.063,0.1140000820159912,0.0720000267028808,0.0709998607635498,0.0720000267028808,1.1842096743497348,1.874999304612736,1.9014121795194685,1.874999304612736,1.6413374050492564,7.427841145051023,0.3694111285637642,-0.3694111285637642,-3.1428395354642147,bluti,M,5,5,0.0
489,3B004873F2,not first visit,2025-01-03 09:37:41.954512,treatment,nah,0.0,2025-01-03,2025-01-03 09:37:42.524,0.1500000953674316,0.0720000267028808,0.0729999542236328,0.0729999542236328,0.899999427795774,1.874999304612736,1.8493162281503928,1.8493162281503928,1.4673911826597146,8.783777844123499,-0.3542493771134822,0.0,-1.6594533925842387,bluti,F,5,5,0.0
490,3B004C0894,not first visit,2025-01-03 09:48:48.457355,treatment,nah,0.0,2025-01-03,2025-01-03 09:48:49.314,0.1480000019073486,0.0730001926422119,0.0739998817443847,0.0750000476837158,0.9121621504066808,1.8493101882848608,1.82432723968838,1.799998855591548,1.4594589704315957,8.480970252431328,-0.3399038905351528,-0.3265556459014513,-1.7286734864798092,bluti,F,5,5,1.0
491,3B004AB6A7,not first visit,2025-01-03 10:13:14.111078,treatment,SCARE,1.0,2025-01-03,2025-01-03 10:13:15.895,0.1480000019073486,0.0729999542236328,0.0740001201629638,0.0729999542236328,0.9121621504066808,1.8493162281503928,1.824321361947812,1.8493162281503928,1.4673911826597146,8.481034061276315,-0.3400660347537917,0.3400660347537917,-1.6930603334093577,bluti,M,5,5,1.0
492,3B0019B8CC,not first visit,2025-01-03 10:41:52.278408,treatment,SCARE,1.0,2025-01-03,2025-01-03 10:41:53.602,0.1470000743865966,0.0739998817443847,0.0740001201629638,0.0690000057220459,0.918366882216416,1.82432723968838,1.824321361947812,1.95652157687962,1.483516149252617,8.198737894183317,-7.94289255684788e-05,1.848952427330212,-1.630848468762483,greti,F,5,5,1.0
493,3B004873F2,not first visit,2025-01-03 11:31:41.775234,treatment,nah,0.0,2025-01-03,2025-01-03 11:31:43.070,0.1480000019073486,0.0740001201629638,0.0679998397827148,0.0740001201629638,0.9121621504066808,1.824321361947812,1.9852987952821064,1.824321361947812,1.483516149252617,8.217646035818213,2.267288432980896,-2.267288432980896,-1.7810623327664985,bluti,F,5,5,0.0
494,3B004873F2,not first visit,2025-01-03 11:56:13.555680,treatment,nah,0.0,2025-01-03,2025-01-03 11:56:13.685,0.7590000629425049,0.1449999809265136,0.0729999542236328,0.0720000267028808,0.1778655978981472,0.9310346052281092,1.8493162281503928,1.874999304612736,0.5147759649531516,1.66630303270005,8.42460455127954,0.3542493771134822,1.5942327639322245,bluti,F,5,5,0.0
495,3B004C0894,not first visit,2025-01-03 12:12:20.522146,treatment,SCARE,1.0,2025-01-03,2025-01-03 12:12:21.970,0.1449999809265136,0.0729999542236328,0.0720000267028808,0.0680000782012939,0.9310346052281092,1.8493162281503928,1.874999304612736,1.985291834523672,1.508379719505235,8.42460455127954,0.3542493771134822,1.5756063895298893,-1.7166348708176895,bluti,F,5,5,1.0
496,3B004873F2,not first visit,2025-01-03 12:23:59.339793,treatment,nah,0.0,2025-01-03,2025-01-03 12:23:59.941,0.1459999084472656,0.0740001201629638,0.0750000476837158,0.0739998817443847,0.9246581140751968,1.824321361947812,1.799998855591548,1.82432723968838,1.4634148005618668,8.17875573522342,-0.3264762276146148,0.3265556459014513,-1.7457804412524562,bluti,F,5,5,0.0
497,3B004873F2,not first visit,2025-01-03 12:23:59.339793,treatment,nah,0.0,2025-01-03,2025-01-03 12:24:02.047,1.183000087738037,0.0739998817443847,0.0740001201629638,0.0729999542236328,0.1141166441146489,1.82432723968838,1.824321361947812,1.8493162281503928,0.3846153725977928,2.72109886570311,-7.94289255684788e-05,0.3400660347537917,1.7022587014122887,bluti,F,5,5,0.0
498,3B004AB6A7,not first visit,2025-01-03 12:31:01.698869,treatment,nah,0.0,2025-01-03,2025-01-03 12:31:02.829,0.0959999561309814,0.0529999732971191,0.0450000762939453,0.0429999828338623,1.4062506426128702,2.547171094656722,2.999994913745603,3.139536137063015,2.278481122679946,15.314375737263676,9.241297753999682,3.171389308153718,-5.255989131479874,bluti,M,5,5,2.0
499,3B004C0894,not first visit,2025-01-03 12:47:54.439542,treatment,nah,0.0,2025-01-03,2025-01-03 12:47:55.709,0.1379997730255127,0.1480000019073486,0.0730001926422119,0.0739998817443847,0.9782624785552502,0.9121621504066808,1.8493101882848608,1.82432723968838,1.247113597957859,-0.4622404207421936,8.480970252431328,-0.3399038905351528,-1.1673009344258531,bluti,F,5,5,2.0
500,3B004C0894,not first visit,2025-01-03 13:06:16.931917,treatment,nah,0.0,2025-01-03,2025-01-03 13:06:17.663,0.1480000019073486,0.0690000057220459,0.0739998817443847,0.0690000057220459,0.9121621504066808,1.95652157687962,1.82432723968838,1.95652157687962,1.5000004371008555,9.625432163638978,-1.8488733037957423,1.8488733037957423,-1.6703672689173796,bluti,F,5,5,2.0
501,3B004873F2,not first visit,2025-01-03 13:07:00.080737,treatment,SCARE,0.0,2025-01-03,2025-01-03 13:07:01.860,4.88100004196167,0.0729999542236328,0.0740001201629638,0.0750000476837158,0.0276582665108405,1.8493162281503928,1.824321361947812,1.799998855591548,0.1058201024186006,0.7354291332427422,-0.3400660347537917,-0.3264762276146148,1.7894623735897217,bluti,F,5,5,0.0
502,3B004C0894,not first visit,2025-01-03 13:07:35.384556,treatment,SCARE,0.0,2025-01-03,2025-01-03 13:07:36.825,0.1469998359680175,0.0740001201629638,0.0729999542236328,0.0690000057220459,0.9183683717128204,1.824321361947812,1.8493162281503928,1.95652157687962,1.4876036497098255,8.198671222342279,0.3400660347537917,1.5099349150554262,-1.644923085417819,bluti,F,5,5,2.0
503,3B004C0894,not first visit,2025-01-03 13:23:53.703283,treatment,nah,0.0,2025-01-03,2025-01-03 13:23:54.795,0.1389999389648437,0.1429998874664306,0.0670001506805419,0.0720000267028808,0.9712234480487404,0.9440566869795012,2.0149208416512763,1.874999304612736,1.282660320919333,-0.1926721829090208,10.198704382351682,-2.0132569565372043,-1.203363242018402,bluti,F,5,5,2.0
504,3B004AB6A7,not first visit,2025-01-03 13:24:37.814337,treatment,SCARE,0.0,2025-01-03,2025-01-03 13:24:39.356,1.9470000267028809,0.0720000267028808,0.0729999542236328,0.0720000267028808,0.0693374412678431,1.874999304612736,1.8493162281503928,1.874999304612736,0.249537888832161,1.7886694557526153,-0.3542493771134822,0.3542493771134822,1.814940889013226,bluti,M,5,5,2.0
505,3B004AB6A7,not first visit,2025-01-03 13:26:02.589099,treatment,nah,0.0,2025-01-03,2025-01-03 13:26:05.550,0.1460001468658447,0.0729999542236328,0.0769999027252197,0.0729999542236328,0.9246566041063478,1.8493162281503928,1.7532489681416643,1.8493162281503928,1.4634148005618668,8.444376230367626,-1.2808980216759334,1.2808980216759334,-1.7139089499903093,bluti,M,5,5,2.0
506,3B004C0894,not first visit,2025-01-03 13:26:50.974283,treatment,nah,0.0,2025-01-03,2025-01-03 13:26:52.345,0.1429998874664306,0.0690000057220459,0.064000129699707,0.0729999542236328,0.9440566869795012,1.95652157687962,2.109370725238046,1.8493162281503928,1.54727803843663,9.551560377438454,2.2984810936279225,-3.796413690274368,-2.067930521097,bluti,F,5,5,2.0
507,3B004AB6A7,not first visit,2025-01-03 13:27:32.166600,treatment,nah,0.0,2025-01-03,2025-01-03 13:27:33.485,0.1470000743865966,0.0740001201629638,0.0679998397827148,0.0650000572204589,0.918366882216416,1.824321361947812,1.9852987952821064,2.07692124857866,1.5254233343031716,8.198675857076957,2.267288432980896,1.377782319551229,-1.6261706339404456,bluti,M,5,5,2.0
508,3B004C0894,not first visit,2025-01-03 13:28:15.574533,treatment,SCARE,1.0,2025-01-03,2025-01-03 13:28:16.885,0.1430001258850097,0.0739998817443847,0.0740001201629638,0.0739998817443847,0.9440551129903,1.82432723968838,1.824321361947812,1.82432723968838,1.4794520161393043,8.113106873262982,-7.94289255684788e-05,7.94289255684788e-05,-1.8561994345032669,bluti,F,5,5,2.0
509,3B004873F2,not first visit,2025-01-03 13:43:11.782865,treatment,SCARE,1.0,2025-01-03,2025-01-03 13:43:12.942,0.1410000324249267,0.0720000267028808,0.0729999542236328,0.0720000267028808,0.9574465883323724,1.874999304612736,1.8493162281503928,1.874999304612736,1.508379719505235,8.615516071099293,-0.3542493771134822,0.3542493771134822,-1.931945221812453,bluti,F,5,5,0.0
510,3B004873F2,not first visit,2025-01-03 13:44:02.790350,treatment,nah,0.0,2025-01-03,2025-01-03 13:44:02.802,1.0859999656677246,0.1449999809265136,0.0729999542236328,0.0720000267028808,0.1243093961950501,0.9310346052281092,1.8493162281503928,1.874999304612736,0.3924418811365497,1.3106827685330054,8.42460455127954,0.3542493771134822,1.7190276522855417,bluti,F,5,5,1.0
511,3B004873F2,not first visit,2025-01-03 14:31:11.366656,treatment,nah,0.0,2025-01-03,2025-01-03 14:31:12.044,0.1440000534057617,0.0720000267028808,0.0720000267028808,0.0659999847412109,0.9374996523063678,1.874999304612736,1.874999304612736,2.04545501835101,1.5254233343031716,8.680549116785782,0.0,2.4703724580099986,-1.7196027303149068,bluti,F,5,5,1.0
512,3B004873F2,not first visit,2025-01-03 14:32:38.510220,treatment,nah,0.0,2025-01-03,2025-01-03 14:32:41.555,0.8179998397827148,0.0740001201629638,0.0680000782012939,0.0690000057220459,0.1650367071414831,1.824321361947812,1.985291834523672,1.95652157687962,0.5247813187350424,3.7203693482393807,2.267186587485454,-0.4200035039416624,1.6746485230760904,bluti,F,5,5,1.0
513,3B0019B8CC,first visit,2025-01-21 08:13:31.319320,treatment,SCARE,0.0,2025-01-21,2025-01-21 08:13:31.810,0.5420000553131104,0.0740001201629638,0.0679998397827148,0.0740001201629638,0.2490774653556285,1.824321361947812,1.9852987952821064,1.824321361947812,0.7124009281337963,5.1144267787740825,2.267288432980896,-2.267288432980896,1.2708159420312937,greti,F,5,6,0.0
514,3B00192E1E,first visit,2025-01-21 08:19:01.447597,treatment,SCARE,1.0,2025-01-21,2025-01-21 08:19:02.540,0.1400001049041748,0.0669999122619628,0.062000036239624,0.0629999637603759,0.9642849917319906,2.014928011728786,2.177418082115925,2.142858375498125,1.6265059399975157,10.151139448008378,2.519226903181909,-0.552955305884808,-2.040590924049195,bluti,M,6,6,0.0
515,3B00192E1E,not first visit,2025-01-21 08:20:15.523818,treatment,SCARE,0.0,2025-01-21,2025-01-21 08:20:16.609,0.3380000591278076,0.1349999904632568,0.0629999637603759,0.0720000267028808,0.3994082141534555,1.000000070642547,2.142858375498125,1.874999304612736,0.8881578362260538,2.5395001840204343,11.544025950276398,-3.968282811964984,0.8839119175433081,bluti,M,6,6,1.0
516,3B00192E1E,not first visit,2025-01-21 08:21:27.681338,treatment,SCARE,1.0,2025-01-21,2025-01-21 08:21:30.885,0.0750000476837158,0.1410000324249267,0.062000036239624,0.0729999542236328,1.799998855591548,0.9574465883323724,2.177418082115925,1.8493162281503928,1.5384612291392277,-7.801406988695496,12.01941951851756,-4.860768550273817,-4.648872953073978,bluti,M,6,6,1.0
517,3B0019B8CC,not first visit,2025-01-21 08:28:11.419169,treatment,SCARE,1.0,2025-01-21,2025-01-21 08:28:13.781,0.2200000286102295,0.0690000057220459,0.0690000057220459,0.0680000782012939,0.6136362838351141,1.95652157687962,1.95652157687962,1.985291834523672,1.267605281921497,9.293322723280609,0.0,0.4200035039416624,-0.1907228559759033,greti,F,5,6,0.0
518,3B0019B8CC,not first visit,2025-01-21 08:30:01.947708,treatment,nah,0.0,2025-01-21,2025-01-21 08:30:03.669,0.2170000076293945,0.0690000057220459,0.0740001201629638,0.0729999542236328,0.6221197937954039,1.95652157687962,1.824321361947812,1.8493162281503928,1.2471129112719657,9.331480564964073,-1.848952427330212,0.3400660347537917,-0.3108211436129415,greti,F,5,6,1.0
519,3B0019B8CC,not first visit,2025-01-21 08:31:29.880432,treatment,nah,0.0,2025-01-21,2025-01-21 08:31:30.970,0.2060000896453857,0.0789999961853027,0.0639998912811279,0.0680000782012939,0.65533952063998,1.7088608420099594,2.109378583269693,1.985291834523672,1.2949638570060462,7.393129853272048,5.601651139113735,-1.880102688395628,-0.355206692626971,greti,F,5,6,1.0
520,3B0018C6F9,not first visit,2025-01-21 08:36:27.895548,treatment,SCARE,1.0,2025-01-21,2025-01-21 08:36:28.559,2.4579999446868896,0.1470000743865966,0.1429998874664306,0.064000129699707,0.0549227026191804,0.918366882216416,0.9440566869795012,2.109370725238046,0.1920341369277223,0.6629129929176235,0.1771710906369345,11.25907189972131,2.073959569433435,bluti,M,6,6,0.0
521,3B0018C6F9,not first visit,2025-01-21 08:36:39.520027,treatment,nah,0.0,2025-01-21,2025-01-21 08:36:41.511,0.1430001258850097,0.0729999542236328,0.0690000057220459,1.187999963760376,0.9440551129903,1.8493162281503928,1.95652157687962,0.1136363671028108,0.3665987656618988,8.382044253916666,1.5099349150554262,-2.932196109019205,-1.0554721250526768,bluti,M,6,6,1.0
522,01103FA4B2,first visit,2025-01-21 08:38:41.776054,treatment,SCARE,0.0,2025-01-21,2025-01-21 08:38:42.341,0.1499998569488525,0.062000036239624,0.0720000267028808,0.0680000782012939,0.9000008583077034,2.177418082115925,1.874999304612736,1.985291834523672,1.5340909174035404,12.051111956670146,-4.513710976881378,1.5756063895298893,-1.7184149361740346,bluti,M,6,6,0.0
523,01103FA4B2,not first visit,2025-01-21 08:40:54.302971,treatment,SCARE,1.0,2025-01-21,2025-01-21 08:40:55.975,0.0860002040863037,0.0419998168945312,0.0420000553131103,0.0360000133514404,1.5697637166595977,3.2142997275204364,3.2142814811450893,3.749998609225471,2.62135808255992,25.695870957819142,-0.000434438169191,13.73632452515655,-7.07595948145288,bluti,M,6,6,0.0
524,3B00192E1E,not first visit,2025-01-21 09:15:01.047176,treatment,SCARE,1.0,2025-01-21,2025-01-21 09:15:01.852,2.3359999656677246,0.1430001258850097,0.0690000057220459,0.0690000057220459,0.0577910967397687,0.9440551129903,1.95652157687962,1.95652157687962,0.2063431328801346,0.7150173324079349,9.551564484553587,0.0,1.915665378967101,bluti,M,6,6,2.0
525,3B00192E1E,not first visit,2025-01-21 09:15:13.063367,treatment,SCARE,0.0,2025-01-21,2025-01-21 09:15:14.154,0.1429998874664306,0.0729999542236328,0.0650000572204589,0.0740001201629638,0.9440566869795012,1.8493162281503928,2.07692124857866,1.824321361947812,1.5211266788360878,8.382038931952945,3.29862321091874,-3.634526104726722,-2.005522972902956,bluti,M,6,6,3.0
526,01103FA4B2,not first visit,2025-01-21 09:19:56.390305,treatment,nah,0.0,2025-01-21,2025-01-21 09:19:57.642,0.0680000782012939,0.1519999504089355,0.0740001201629638,0.0739998817443847,1.985291834523672,0.8881581845046697,1.824321361947812,1.82432723968838,1.4673911826597146,-9.973940975823927,8.284627301877878,7.94289255684788e-05,-4.860155914042991,bluti,M,6,6,1.0
527,01103FA4B2,not first visit,2025-01-21 09:21:24.769000,treatment,SCARE,1.0,2025-01-21,2025-01-21 09:21:25.771,0.1480000019073486,0.0740001201629638,0.0739998817443847,0.0690000057220459,0.9121621504066808,1.824321361947812,1.82432723968838,1.95652157687962,1.4794520161393043,8.217646035818213,7.94289255684788e-05,1.8488733037957423,-1.5996660646720842,bluti,M,6,6,1.0
528,01103FA4B2,not first visit,2025-01-21 09:23:38.163223,treatment,nah,0.0,2025-01-21,2025-01-21 09:23:39.856,0.1530001163482666,0.0690000057220459,0.0679998397827148,0.0740001201629638,0.8823522701950512,1.95652157687962,1.9852987952821064,1.824321361947812,1.483516149252617,9.677195639958745,0.4201058518928999,-2.267288432980896,-1.6980434997057985,bluti,M,6,6,2.0
529,3B0019B8CC,not first visit,2025-01-21 09:45:41.963904,treatment,nah,0.0,2025-01-21,2025-01-21 09:45:44.354,0.1429998874664306,0.0680000782012939,0.0789999961853027,0.0789999961853027,0.9440566869795012,1.985291834523672,1.7088608420099594,1.7088608420099594,1.4634148005618668,9.8695290707665,-3.760963981374928,0.0,-1.9502733737106668,greti,F,5,6,1.0
530,3B0019B8CC,not first visit,2025-01-21 09:46:39.938256,treatment,nah,0.0,2025-01-21,2025-01-21 09:46:40.726,0.1429998874664306,0.0310001373291015,0.0079998970031738,0.0369999408721923,0.9440566869795012,4.354819417953609,16.875217261727364,3.64865447937676,2.465754970867191,39.20416373482821,642.0711190714111,-587.8493526569385,-3.6696173334828206,greti,F,5,6,1.0
531,3B0019B8CC,not first visit,2025-01-21 09:50:01.614259,treatment,SCARE,1.0,2025-01-21,2025-01-21 09:50:03.292,0.1480000019073486,0.0739998817443847,0.0740001201629638,0.0739998817443847,0.9121621504066808,1.82432723968838,1.824321361947812,1.82432723968838,1.4594599108700863,8.217707813871431,-7.94289255684788e-05,7.94289255684788e-05,-1.6975351100048686,greti,F,5,6,1.0
532,3B00192E1E,not first visit,2025-01-21 09:51:25.375566,treatment,nah,0.0,2025-01-21,2025-01-21 09:51:28.426,0.1419999599456787,0.0690000057220459,0.0690000057220459,0.0729999542236328,0.950704493519882,1.95652157687962,1.95652157687962,1.8493162281503928,1.5297453648514208,9.533812767947682,0.0,-1.5099349150554262,-2.023207663471028,bluti,M,6,6,3.0
533,0700ED9568,not first visit,2025-01-21 10:17:41.635411,treatment,nah,0.0,2025-01-21,2025-01-21 10:17:42.094,0.2119998931884765,0.0740001201629638,0.0689997673034668,0.0680000782012939,0.6367927736641805,1.824321361947812,1.9565283373530613,1.985291834523672,1.276596170646887,8.304395334586097,1.8490500621727377,0.4199055417126148,-0.2648603176689728,greti,M,6,6,0.0
534,01103FA4B2,not first visit,2025-01-21 10:21:11.807855,treatment,SCARE,1.0,2025-01-21,2025-01-21 10:21:13.310,0.1480000019073486,0.0740001201629638,0.0789999961853027,0.0690000057220459,0.9121621504066808,1.824321361947812,1.7088608420099594,1.95652157687962,1.4594589704315957,8.217646035818213,-1.5092866945935626,3.346766644296417,-1.5316686000053163,bluti,M,6,6,2.0
535,3B004CDB63,first visit,2025-01-21 10:36:44.410180,treatment,SCARE,0.0,2025-01-21,2025-01-21 10:36:45.392,0.1310000419616699,0.1370000839233398,0.0739998817443847,0.0740001201629638,1.0305340210463478,0.9854008562180224,1.82432723968838,1.824321361947812,1.298076524316682,-0.3368145046893791,7.951910141933101,-7.94289255684788e-05,-1.4628680078635183,bluti,M,5,6,0.0
536,3B00192E1E,not first visit,2025-01-21 10:39:01.325590,treatment,SCARE,0.0,2025-01-21,2025-01-21 10:39:02.017,0.1430001258850097,0.0739998817443847,0.0740001201629638,0.0739998817443847,0.9440551129903,1.82432723968838,1.824321361947812,1.82432723968838,1.4794520161393043,8.113106873262982,-7.94289255684788e-05,7.94289255684788e-05,-1.8561994345032669,bluti,M,6,6,3.0
537,3B00192E1E,not first visit,2025-01-21 10:39:01.325590,treatment,SCARE,0.0,2025-01-21,2025-01-21 10:39:03.095,0.937000036239624,0.0769999027252197,0.0740001201629638,0.0690000057220459,0.1440768354095087,1.7532489681416643,1.824321361947812,1.95652157687962,0.4667242607891098,3.1739097230615254,0.9413560666646716,1.848952427330212,1.736220620082797,bluti,M,6,6,3.0
538,3B0018C6F9,not first visit,2025-01-21 10:56:18.084206,treatment,SCARE,0.0,2025-01-21,2025-01-21 10:56:20.395,3.559999942779541,0.0670001506805419,0.0629999637603759,3.095999956130981,0.0379213489241227,2.0149208416512763,2.142858375498125,0.0436046517806502,0.0795755966604113,1.0901568468619127,1.968268018794604,-1.329062220292599,0.0326383856663008,bluti,M,6,6,1.0
539,01103FA4B2,not first visit,2025-01-21 11:00:30.865770,treatment,SCARE,1.0,2025-01-21,2025-01-21 11:00:31.577,0.1470000743865966,0.0740001201629638,0.0729999542236328,0.0750000476837158,0.918366882216416,1.824321361947812,1.8493162281503928,1.799998855591548,1.4634138550196132,8.198675857076957,0.3400660347537917,-0.6664509719360568,-1.759560835007688,bluti,M,6,6,3.0
540,3B00185CB8,not first visit,2025-01-21 11:00:48.157089,treatment,nah,0.0,2025-01-21,2025-01-21 11:00:48.159,0.1530001163482666,0.0750000476837158,0.0739998817443847,0.0740001201629638,0.8823522701950512,1.799998855591548,1.82432723968838,1.824321361947812,1.436169578944098,8.04952565970764,0.3265556459014513,-7.94289255684788e-05,-1.5370200091523956,bluti,F,6,6,0.0
541,3B00192E1E,not first visit,2025-01-21 11:08:30.522644,treatment,nah,0.0,2025-01-21,2025-01-21 11:08:31.645,0.1380000114440918,0.0729999542236328,0.0690000057220459,0.0740001201629638,0.9782607884398098,1.8493162281503928,1.95652157687962,1.824321361947812,1.5254233343031716,8.256451008928517,1.5099349150554262,-1.848952427330212,-2.1202781818808223,bluti,M,6,6,3.0
542,3B00192E1E,not first visit,2025-01-21 11:13:36.902047,treatment,nah,0.0,2025-01-21,2025-01-21 11:13:39.412,0.11899995803833,0.0690000057220459,0.0580000877380371,0.0520000457763671,1.134454181542789,1.95652157687962,2.3275826859045505,2.596151560723325,1.8120799454037635,8.745399508530056,5.843477731637386,4.883064524346343,-2.7424539565175814,bluti,M,6,6,3.0
543,3B0018F763,not first visit,2025-01-21 11:38:17.685193,treatment,nah,0.0,2025-01-21,2025-01-21 11:38:18.349,0.1619999408721923,0.0720000267028808,0.0729999542236328,0.0740001201629638,0.8333336374888334,1.874999304612736,1.8493162281503928,1.824321361947812,1.4173226785479622,8.903126593722359,-0.3542493771134822,-0.3400660347537917,-1.344247464012039,bluti,M,5,6,0.0
544,0700ED9568,not first visit,2025-01-21 11:40:41.331994,treatment,nah,0.0,2025-01-21,2025-01-21 11:40:41.656,0.1450002193450927,0.0729999542236328,0.0729999542236328,0.062000036239624,0.9310330743618204,1.8493162281503928,1.8493162281503928,2.177418082115925,1.5297443316515715,8.424609382240515,0.0,4.860768550273817,-1.5541768642977916,greti,M,6,6,0.0
545,3B0019B8CC,not first visit,2025-01-21 11:58:27.435729,treatment,SCARE,1.0,2025-01-21,2025-01-21 11:58:29.345,0.2269999980926513,0.0690000057220459,0.0739998817443847,0.0740001201629638,0.5947136613846974,1.95652157687962,1.82432723968838,1.824321361947812,1.2162162005422412,9.201404715842132,-1.8488733037957423,-7.94289255684788e-05,-0.2019606469102168,greti,F,5,6,2.0
546,3B0019B8CC,not first visit,2025-01-21 11:58:32.464243,treatment,SCARE,0.0,2025-01-21,2025-01-21 11:58:29.345,0.2269999980926513,0.0690000057220459,0.0739998817443847,0.0740001201629638,0.5947136613846974,1.95652157687962,1.82432723968838,1.824321361947812,1.2162162005422412,9.201404715842132,-1.8488733037957423,-7.94289255684788e-05,-0.2019606469102168,greti,F,5,6,3.0
547,3B0019B8CC,not first visit,2025-01-21 11:58:32.464243,treatment,SCARE,0.0,2025-01-21,2025-01-21 11:58:33.527,0.3680000305175781,0.0740001201629638,0.0739998817443847,0.0729999542236328,0.3668477956649286,1.824321361947812,1.82432723968838,1.8493162281503928,0.916808170187962,6.594900766612093,7.94289255684788e-05,0.3399866169571803,0.8537998065457277,greti,F,5,6,3.0
548,3B0019B8CC,not first visit,2025-01-21 12:00:46.687216,treatment,nah,0.0,2025-01-21,2025-01-21 12:00:47.724,0.1419999599456787,0.0720000267028808,0.0729999542236328,0.062000036239624,0.950704493519882,1.874999304612736,1.8493162281503928,2.177418082115925,1.54727803843663,8.638269801490896,-0.3542493771134822,4.860768550273817,-1.6715882914680802,greti,F,5,6,3.0
549,3B0019B8CC,not first visit,2025-01-21 12:01:39.433845,treatment,nah,0.0,2025-01-21,2025-01-21 12:01:40.963,0.1459999084472656,0.0729999542236328,0.0720000267028808,0.0680000782012939,0.9246581140751968,1.8493162281503928,1.874999304612736,1.985291834523672,1.5041784088380914,8.444371633828142,0.3542493771134822,1.5756063895298893,-1.683986770858111,greti,F,5,6,3.0
550,3B00192E1E,not first visit,2025-01-21 12:07:18.252735,treatment,nah,0.0,2025-01-21,2025-01-21 12:07:20.251,0.1480000019073486,0.0690000057220459,0.0780000686645507,0.0690000057220459,0.9121621504066808,1.95652157687962,1.7307677071488832,1.95652157687962,1.483516149252617,9.625432163638978,-3.071479666561589,3.071479666561589,-1.6135835942352026,bluti,M,6,6,3.0
551,3B00192E1E,not first visit,2025-01-21 12:10:42.462456,treatment,nah,0.0,2025-01-21,2025-01-21 12:10:43.714,0.1480000019073486,0.0690000057220459,0.0740001201629638,0.0689997673034668,0.9121621504066808,1.95652157687962,1.824321361947812,1.9565283373530613,1.5000004371008555,9.625432163638978,-1.848952427330212,1.8490500621727377,-1.6703587893233636,bluti,M,6,6,3.0
552,0700ED9568,not first visit,2025-01-21 12:10:55.602075,treatment,SCARE,1.0,2025-01-21,2025-01-21 12:10:57.149,0.1480000019073486,0.0740001201629638,0.0739998817443847,0.0740001201629638,0.9121621504066808,1.824321361947812,1.82432723968838,1.824321361947812,1.4594589704315957,8.217646035818213,7.94289255684788e-05,-7.94289255684788e-05,-1.6975393667469552,greti,M,6,6,0.0
553,3B0018C6F9,not first visit,2025-01-21 12:20:17.410976,treatment,SCARE,0.0,2025-01-21,2025-01-21 12:20:19.303,0.1530001163482666,0.0739998817443847,0.0690000057220459,2.0829999446868896,0.8823522701950512,1.82432723968838,1.95652157687962,0.0648103713801551,0.2269861335390608,8.29933900800172,1.8488733037957423,-1.7580959564055665,-0.6349139169494501,bluti,M,6,6,1.0
554,01103FA4B2,not first visit,2025-01-21 12:40:56.806571,treatment,nah,0.0,2025-01-21,2025-01-21 12:41:00.047,0.1390001773834228,0.0619997978210449,0.061000108718872,0.0720000267028808,0.9712217821680283,2.177426455319444,2.2131108097227705,1.874999304612736,1.6167659315667522,12.002038029351995,0.5802338458159131,-5.084378358531128,-2.375424090075893,bluti,M,6,6,4.0
555,3B001857EE,first visit,2025-01-21 12:49:43.460584,treatment,SCARE,1.0,2025-01-21,2025-01-21 12:49:44.955,0.1280000209808349,0.0740001201629638,0.0729999542236328,0.0739998817443847,1.0546873271232755,1.824321361947812,1.8493162281503928,1.82432723968838,1.54727803843663,7.620133634230023,0.3400660347537917,-0.3399866169571803,-2.428443799093054,bluti,M,6,6,0.0
556,3B001857EE,not first visit,2025-01-21 12:50:49.756017,treatment,nah,0.0,2025-01-21,2025-01-21 12:50:52.108,0.0789999961853027,0.1340000629425048,0.0759999752044677,0.0669999122619628,1.7088608420099594,1.0074622133418265,1.776316369009339,2.014928011728786,1.5168541601369434,-6.585900788386814,7.322419200032862,3.337228398525295,-4.023449684663882,bluti,M,6,6,1.0
557,3B001857EE,not first visit,2025-01-21 12:52:01.050255,treatment,nah,0.0,2025-01-21,2025-01-21 12:52:01.987,0.1459999084472656,0.0680000782012939,0.0720000267028808,0.0780000686645507,0.9246581140751968,1.985291834523672,1.874999304612736,1.7307677071488832,1.483516149252617,9.912465295526356,-1.5756063895298893,-1.9230867435190748,-1.93850916247126,bluti,M,6,6,1.0
558,3B004CD4DE,not first visit,2025-01-21 12:54:35.244373,treatment,SCARE,1.0,2025-01-21,2025-01-21 12:54:37.625,0.1429998874664306,0.0690000057220459,0.063000202178955,13.007999897003174,0.9440566869795012,1.95652157687962,2.142850266044005,0.0103782288644622,0.0406534668606611,9.551560377438454,2.823157510541658,-0.3262905701168153,-0.1303682001904381,bluti,M,5,6,0.0
559,3B001857EE,not first visit,2025-01-21 12:54:51.288734,treatment,SCARE,0.0,2025-01-21,2025-01-21 12:54:52.548,0.0809998512268066,0.0570001602172851,0.0489997863769531,0.0430002212524414,1.6666697278491074,2.368414395422376,2.755114052160374,3.1395187296236333,2.3478258922555435,10.170211730128267,7.296223614494109,8.356622730114639,-6.78113542602174,bluti,M,6,6,1.0
560,3B00192E1E,not first visit,2025-01-21 12:57:21.353643,treatment,SCARE,0.0,2025-01-21,2025-01-21 12:57:23.561,0.1389999389648437,0.0669999122619628,0.0710000991821289,0.0720000267028808,0.9712234480487404,2.014928011728786,1.90140579457078,1.874999304612736,1.54727803843663,10.133061334407692,-1.645249387591502,-0.3693212127558359,-2.1135981116980567,bluti,M,6,6,3.0
561,3B00192E1E,not first visit,2025-01-21 12:58:41.473413,treatment,SCARE,1.0,2025-01-21,2025-01-21 12:58:42.858,0.1480000019073486,0.0639998912811279,0.0740001201629638,0.0679998397827148,0.9121621504066808,2.109378583269693,1.824321361947812,1.9852987952821064,1.5254243616743997,11.294500340135906,-4.131263734530435,2.267288432980896,-1.7226784464946006,bluti,M,6,6,3.0
562,3B00192E1E,not first visit,2025-01-21 12:59:50.906597,treatment,nah,0.0,2025-01-21,2025-01-21 12:59:52.314,0.1480000019073486,0.0680000782012939,0.0750000476837158,0.0739998817443847,0.9121621504066808,1.985291834523672,1.799998855591548,1.82432723968838,1.4794520161393043,9.936382278906876,-2.591507913512228,0.3265556459014513,-1.7668613715090706,bluti,M,6,6,4.0
563,3B0018F763,not first visit,2025-01-21 13:16:31.714983,treatment,nah,0.0,2025-01-21,2025-01-21 13:16:33.795,0.0889999866485595,0.0529999732971191,0.0469999313354492,0.0429999828338623,1.5168541601369434,2.547171094656722,2.8723446218777267,3.139536137063015,2.32758746986367,14.511510213297534,6.503476746618832,5.937594888871484,-5.998145615973984,bluti,M,5,6,0.0
564,3B0018C6F9,not first visit,2025-01-21 13:23:03.977443,treatment,SCARE,1.0,2025-01-21,2025-01-21 13:23:05.121,0.1469998359680175,0.064000129699707,0.0639998912811279,6.578999996185303,0.9183683717128204,2.109370725238046,2.109378583269693,0.0205198358532112,0.078786111988764,11.289123671240535,0.0001227817243613,-0.6288901950330004,-0.2425475913226533,bluti,M,6,6,1.0
565,3B0018F763,not first visit,2025-01-21 13:24:13.633939,treatment,nah,0.0,2025-01-21,2025-01-21 13:24:15.497,0.1419999599456787,0.0740001201629638,0.0629999637603759,0.0690000057220459,0.950704493519882,1.824321361947812,2.142858375498125,1.95652157687962,1.55172391680563,8.089042078026296,4.650172531697925,-2.8232854802791363,-1.96390824498824,bluti,M,5,6,0.0
566,3B001857EE,not first visit,2025-01-21 13:30:47.037107,treatment,nah,0.0,2025-01-21,2025-01-21 13:30:49.305,0.1419999599456787,0.0739998817443847,0.0690000057220459,0.0740001201629638,0.950704493519882,1.82432723968838,1.95652157687962,1.824321361947812,1.5041784088380914,8.089105430197979,1.8488733037957423,-1.848952427330212,-1.963347036646767,bluti,M,6,6,1.0
567,3B001857EE,not first visit,2025-01-21 13:31:53.733478,treatment,SCARE,1.0,2025-01-21,2025-01-21 13:31:55.720,0.1329998970031738,0.0740001201629638,0.0739998817443847,0.0729999542236328,1.0150383800430949,1.824321361947812,1.82432723968838,1.8493162281503928,1.5254243616743997,7.8191585970274495,7.94289255684788e-05,0.3399866169571803,-2.194662549330226,bluti,M,6,6,1.0
568,3B001857EE,not first visit,2025-01-21 13:32:36.138221,treatment,nah,0.0,2025-01-21,2025-01-21 13:32:37.025,0.1380000114440918,0.0729999542236328,0.0789999961853027,0.0739998817443847,0.9782607884398098,1.8493162281503928,1.7088608420099594,1.82432723968838,1.4835171209503213,8.256451008928517,-1.8480977890131889,1.5093658797752028,-1.967382756334508,bluti,M,6,6,2.0
569,3B001857EE,not first visit,2025-01-21 13:58:26.204332,treatment,SCARE,0.0,2025-01-21,2025-01-21 13:58:26.980,0.1480000019073486,0.0739998817443847,0.0740001201629638,0.0739998817443847,0.9121621504066808,1.82432723968838,1.824321361947812,1.82432723968838,1.4594599108700863,8.217707813871431,-7.94289255684788e-05,7.94289255684788e-05,-1.6975351100048686,bluti,M,6,6,2.0
570,3B00192E1E,not first visit,2025-01-21 14:06:59.904341,treatment,nah,0.0,2025-01-21,2025-01-21 14:07:01.367,0.1480000019073486,0.0739998817443847,0.0690000057220459,0.0680000782012939,0.9121621504066808,1.82432723968838,1.95652157687962,1.985291834523672,1.5041784088380914,8.217707813871431,1.8488733037957423,0.4200035039416624,-1.6488213678845878,bluti,M,6,6,4.0
571,3B00192E1E,not first visit,2025-01-21 14:08:28.006892,treatment,nah,0.0,2025-01-21,2025-01-21 14:08:29.033,0.1489999294281005,0.0720000267028808,0.0720000267028808,0.0770001411437988,0.9060406975906912,1.874999304612736,1.874999304612736,1.7532435394876178,1.4594589704315957,8.76885791278407,0.0,-1.6343037311260449,-1.7722054290438554,bluti,M,6,6,4.0
572,3B001857EE,not first visit,2025-01-21 14:59:31.151430,treatment,SCARE,0.0,2025-01-21,2025-01-21 14:59:32.602,0.1400001049041748,0.0719997882843017,0.0730001926422119,0.0720000267028808,0.9642849917319906,1.875005513445854,1.8493101882848608,1.874999304612736,1.5126045652134714,8.591707363778678,-0.3544183247033106,0.3543321029982201,-1.9667728555698063,bluti,M,6,6,2.0
573,3B0018F763,not first visit,2025-01-21 15:00:42.760247,treatment,SCARE,1.0,2025-01-21,2025-01-21 15:00:43.540,0.1430001258850097,0.0739998817443847,0.0740001201629638,0.0729999542236328,0.9440551129903,1.82432723968838,1.824321361947812,1.8493162281503928,1.483516149252617,8.113106873262982,-7.94289255684788e-05,0.3400660347537917,-1.838398452504426,bluti,M,5,6,0.0
574,3B001857EE,not first visit,2025-01-21 15:00:53.870897,treatment,SCARE,0.0,2025-01-21,2025-01-21 15:00:54.957,0.1429998874664306,0.0789999961853027,0.0730001926422119,0.0639998912811279,0.9440566869795012,1.7088608420099594,1.8493101882848608,2.109378583269693,1.5041784088380914,6.890131133854642,1.8480154183792368,3.7966165791600095,-1.5855583953238424,bluti,M,6,6,2.0
575,3B001857EE,not first visit,2025-01-21 15:00:53.870897,treatment,SCARE,0.0,2025-01-21,2025-01-21 15:00:56.172,6.151999950408936,0.1410000324249267,0.0690000057220459,0.0680000782012939,0.021944083401858,0.9574465883323724,1.95652157687962,1.985291834523672,0.0839813366086533,0.2973152733139653,9.514998162505332,0.4200035039416624,1.9786821709528384,bluti,M,6,6,2.0
576,3B001857EE,not first visit,2025-01-21 15:01:34.471557,treatment,SCARE,1.0,2025-01-21,2025-01-21 15:01:35.321,0.2949998378753662,0.0800001621246337,0.0690000057220459,0.0679998397827148,0.4576273701446434,1.6874965801904365,1.95652157687962,1.9852987952821064,1.0546878182504822,6.559302453577563,3.6110697132369447,0.4201058518928999,0.6006471737961863,bluti,M,6,6,2.0
577,3B001857EE,not first visit,2025-01-21 15:09:10.027415,treatment,SCARE,0.0,2025-01-21,2025-01-21 15:09:10.517,0.1440000534057617,0.0609998703002929,0.062000036239624,0.061000108718872,0.9374996523063678,2.213119459687632,2.177418082115925,2.2131108097227705,1.6463411187644106,12.445075923153516,-0.5805106455120866,0.5803688706039954,-1.9443158148855253,bluti,M,6,6,3.0
578,3B0018C6F9,not first visit,2025-01-21 15:09:52.940154,treatment,nah,0.0,2025-01-21,2025-01-21 15:09:53.764,0.2829999923706054,0.0729999542236328,0.0770001411437988,0.0669999122619628,0.4770318149804379,1.8493162281503928,1.7532435394876178,2.014928011728786,1.08,7.709464151881227,-1.2809683677525867,3.634505210964011,0.5471380271418405,bluti,M,6,6,2.0
579,3B001857EE,not first visit,2025-01-21 15:10:43.583590,treatment,SCARE,1.0,2025-01-21,2025-01-21 15:10:44.803,0.1530001163482666,0.0729999542236328,0.0690000057220459,0.0739998817443847,0.8823522701950512,1.8493162281503928,1.95652157687962,1.82432723968838,1.4634148005618668,8.557200495631822,1.5099349150554262,-1.8488733037957423,-1.6291068574288865,bluti,M,6,6,3.0
580,3B0018C6F9,not first visit,2025-01-21 15:11:06.286338,treatment,SCARE,1.0,2025-01-21,2025-01-21 15:11:07.619,0.1370000839233398,0.0739998817443847,0.0740001201629638,13.776999950408936,0.9854008562180224,1.82432723968838,1.824321361947812,0.0097989402980285,0.0384013652829148,7.951910141933101,-7.94289255684788e-05,-0.2620059796988887,-0.128892242470824,bluti,M,6,6,2.0
581,3B001857EE,not first visit,2025-01-21 15:11:49.662769,treatment,nah,0.0,2025-01-21,2025-01-21 15:11:50.460,0.2209999561309814,0.0690000057220459,0.0690000057220459,0.0729999542236328,0.6108598497639008,1.95652157687962,1.95652157687962,1.8493162281503928,1.2500002262769332,9.28042692500562,0.0,-1.5099349150554262,-0.2940519167848034,bluti,M,6,6,4.0
582,3B0018F763,not first visit,2025-01-21 15:12:56.757978,treatment,SCARE,1.0,2025-01-21,2025-01-21 15:12:57.807,0.1430001258850097,0.0789999961853027,0.0780000686645507,0.0699999332427978,0.9440551129903,1.7088608420099594,1.7307677071488832,1.9285732678022216,1.4594589704315957,6.890137914225362,0.2790682304478584,2.6730480824881235,-1.6541773004306333,bluti,M,5,6,1.0
583,3B0018C6F9,not first visit,2025-01-21 15:13:44.819048,treatment,nah,0.0,2025-01-21,2025-01-21 15:13:45.865,0.1480000019073486,0.0789999961853027,0.0729999542236328,1.0420000553131104,0.9121621504066808,1.7088608420099594,1.8493162281503928,0.1295585343893613,0.4023844984575633,7.019371791167163,1.8480977890131889,-3.0847671373124954,-1.091542102861498,bluti,M,6,6,3.0
584,3B001857EE,not first visit,2025-01-21 15:21:00.446959,treatment,SCARE,0.0,2025-01-21,2025-01-21 15:21:01.403,0.1480000019073486,0.0739998817443847,0.0710000991821289,0.0739998817443847,0.9121621504066808,1.82432723968838,1.90140579457078,1.82432723968838,1.4713901887145466,8.217707813871431,1.0631526209850135,-1.0631526209850135,-1.7388072355082511,bluti,M,6,6,4.0
585,3B0018C6F9,not first visit,2025-01-21 16:09:20.296943,treatment,SCARE,0.0,2025-01-21,2025-01-21 16:09:23.663,0.2789998054504394,0.1370000839233398,0.0699999332427978,0.0789999961853027,0.4838713051503576,0.9854008562180224,1.9285732678022216,1.7088608420099594,0.9557525189036457,2.411200405955091,9.112776167812696,-2.949161474580211,0.4553079716427604,bluti,M,6,6,3.0
586,3B004CD4DE,not first visit,2025-01-24 08:01:19.063677,treatment,nah,0.0,2025-01-24,2025-01-24 08:01:19.672,0.2000000476837158,0.1440000534057617,0.0720000267028808,0.0669999122619628,0.6749998390674975,0.9374996523063678,1.874999304612736,2.014928011728786,1.118012329645497,1.526161256392141,8.680549116785782,2.013363576388933,0.0835983320997497,bluti,M,5,7,0.0
587,3B004CD4DE,not first visit,2025-01-24 08:09:05.231335,treatment,nah,0.0,2025-01-24,2025-01-24 08:09:06.269,0.247999906539917,0.1280000209808349,0.0669999122619628,0.0720000267028808,0.544355043852692,1.0546873271232755,2.014928011728786,1.874999304612736,1.0485439611567424,2.7145339449163464,9.848625777834478,-2.013363576388933,0.3416043823580197,bluti,M,5,7,0.0
588,3B004CD4DE,not first visit,2025-01-24 08:10:00.985685,treatment,SCARE,0.0,2025-01-24,2025-01-24 08:10:01.843,0.249000072479248,0.1480000019073486,0.0690000057220459,0.0739998817443847,0.5421685168836691,0.9121621504066808,1.95652157687962,1.82432723968838,1.000000070642547,1.8639474266834213,9.625432163638978,-1.8488733037957423,0.3919136630950757,bluti,M,5,7,0.0
589,3B00182A81,first visit,2025-01-24 08:10:16.970412,treatment,SCARE,1.0,2025-01-24,2025-01-24 08:10:18.469,0.1429998874664306,0.0799999237060546,0.0730001926422119,0.0749998092651367,0.9440566869795012,1.687501609326944,1.8493101882848608,1.8000045776483604,1.4555263398038412,6.667673110919407,2.1151432145267104,-0.6662920270415486,-1.8032657052688723,bluti,F,6,7,0.0
590,3B004CD4DE,not first visit,2025-01-24 08:11:39.481257,treatment,nah,0.0,2025-01-24,2025-01-24 08:11:40.703,0.7719998359680176,2.4680001735687256,0.1389999389648437,0.0739998817443847,0.1748705034771442,0.0547001582276188,0.9712234480487404,1.82432723968838,0.1563857592085469,-0.0741792252443279,0.7031248563548498,8.010370983403158,1.7666142016922324,bluti,M,5,7,0.0
591,3B00182A81,not first visit,2025-01-24 08:13:38.124682,treatment,SCARE,1.0,2025-01-24,2025-01-24 08:13:39.615,0.1480000019073486,0.0739998817443847,0.0740001201629638,105.93700003623962,0.9121621504066808,1.82432723968838,1.824321361947812,0.0012743422973448,0.0050831662458595,8.217707813871431,-7.94289255684788e-05,-0.0343935443861646,-0.01587462509433,bluti,F,6,7,1.0
592,3B00182A81,not first visit,2025-01-24 08:15:26.314124,treatment,SCARE,0.0,2025-01-24,2025-01-24 08:15:27.470,0.1480000019073486,0.0739998817443847,0.0740001201629638,0.0690000057220459,0.9121621504066808,1.82432723968838,1.824321361947812,1.95652157687962,1.4794520161393043,8.217707813871431,-7.94289255684788e-05,1.848952427330212,-1.5996660646720842,bluti,F,6,7,2.0
593,3B00182A81,not first visit,2025-01-24 08:17:38.422205,treatment,SCARE,1.0,2025-01-24,2025-01-24 08:17:39.096,0.1380000114440918,0.064000129699707,0.0789999961853027,0.0739998817443847,0.9782607884398098,2.109370725238046,1.7088608420099594,1.82432723968838,1.5211266788360878,11.1991004599648,-5.601531897253674,1.5093658797752028,-2.104429803229104,bluti,F,6,7,2.0
594,3B00484043,first visit,2025-01-24 08:18:36.190315,treatment,SCARE,0.0,2025-01-24,2025-01-24 08:18:37.184,0.1429998874664306,0.0710000991821289,0.1380000114440918,0.0690000057220459,0.9440566869795012,1.90140579457078,0.9782607884398098,1.95652157687962,1.282660320919333,8.947188479628094,-8.833918827745869,9.451794273569169,-1.0404832341981909,bluti,F,5,7,0.0
595,3B0019B8CC,first visit,2025-01-24 08:18:51.404109,treatment,SCARE,0.0,2025-01-24,2025-01-24 08:18:51.982,1.3289999961853027,0.0699999332427978,0.0739998817443847,0.064000129699707,0.1015801357317513,1.9285732678022216,1.82432723968838,2.109370725238046,0.3513337805944022,2.611855931711633,-1.4478633618122418,4.131064665384407,1.988513913239497,greti,F,5,7,0.0
596,3B0019B8CC,first visit,2025-01-24 08:18:51.404109,treatment,SCARE,0.0,2025-01-24,2025-01-24 08:18:53.940,1.2130000591278076,0.0739998817443847,0.0690000057220459,0.0759999752044677,0.1112943061990203,1.82432723968838,1.95652157687962,1.776316369009339,0.3770949926601371,2.662055962999419,1.8488733037957423,-2.485589401030455,1.634990248784667,greti,F,5,7,0.0
597,3B0019B8CC,not first visit,2025-01-24 08:20:27.008945,treatment,SCARE,0.0,2025-01-24,2025-01-24 08:20:28.263,0.377000093460083,0.0739998817443847,0.0740001201629638,0.0739998817443847,0.358090096904164,1.82432723968838,1.824321361947812,1.82432723968838,0.9015025386206272,6.5021606359045805,-7.94289255684788e-05,7.94289255684788e-05,0.8655853201120294,greti,F,5,7,0.0
598,3B0019B8CC,not first visit,2025-01-24 08:28:36.770914,treatment,SCARE,0.0,2025-01-24,2025-01-24 08:28:38.587,0.2120001316070556,0.0739998817443847,0.0759999752044677,0.0740001201629638,0.6367920575173219,1.82432723968838,1.776316369009339,1.824321361947812,1.2385318012573845,8.30444144568483,-0.6401455528775826,0.6400661655698638,-0.3490304975244716,greti,F,5,7,0.0
599,3B004CDB63,first visit,2025-01-24 08:32:02.452430,treatment,SCARE,0.0,2025-01-24,2025-01-24 08:32:03.195,0.2180001735687255,0.0719997882843017,0.0680000782012939,0.0720000267028808,0.6192655619947964,1.875005513445854,1.985291834523672,1.874999304612736,1.255813758524156,8.660276666432594,1.575520375073571,-1.5756063895298893,-0.2978625709026545,bluti,M,5,7,0.0
600,3B004CDB63,not first visit,2025-01-24 08:34:06.308436,treatment,nah,0.0,2025-01-24,2025-01-24 08:34:06.433,1.2809998989105225,0.0729999542236328,0.0670001506805419,0.0729999542236328,0.105386425178344,1.8493162281503928,2.0149208416512763,1.8493162281503928,0.3614457932843836,2.5759674920721864,2.365778420155234,-2.365778420155234,1.720324280636555,bluti,M,5,7,0.0
601,01103F9A64,first visit,2025-01-24 08:55:36.148886,treatment,SCARE,0.0,2025-01-24,2025-01-24 08:55:36.838,0.1349999904632568,0.0729999542236328,0.0669999122619628,0.0740001201629638,1.000000070642547,1.8493162281503928,2.014928011728786,1.824321361947812,1.54727803843663,8.166503686203907,2.3658848788321127,-2.703639800685287,-2.265659785227504,greti,M ,5,7,0.0
602,01101763D0,first visit,2025-01-24 08:56:49.238367,treatment,SCARE,0.0,2025-01-24,2025-01-24 08:56:49.899,0.1449999809265136,0.0680000782012939,0.0729999542236328,0.0720000267028808,0.9310346052281092,1.985291834523672,1.8493162281503928,1.874999304612736,1.508379719505235,9.899126165622055,-1.928731561755867,0.3542493771134822,-1.8566017775367187,greti,M,6,7,0.0
603,3B0018A99B,first visit,2025-01-24 08:57:01.027843,treatment,SCARE,0.0,2025-01-24,2025-01-24 08:57:01.889,0.1300001144409179,0.0729999542236328,0.0729999542236328,0.0680000782012939,1.03846062428933,1.8493162281503928,1.8493162281503928,1.985291834523672,1.5697669805612675,7.988722459015212,0.0,1.928731561755867,-2.2533228759989408,bluti,M,5,7,0.0
604,3B004CDB63,not first visit,2025-01-24 08:58:25.833365,treatment,nah,0.0,2025-01-24,2025-01-24 08:58:26.912,0.1500000953674316,0.0629999637603759,0.0720000267028808,0.0629999637603759,0.899999427795774,2.142858375498125,1.874999304612736,2.142858375498125,1.55172391680563,11.670033828080689,-3.968282811964984,3.968282811964984,-1.5838470206113835,bluti,M,5,7,0.0
605,3B0018A99B,not first visit,2025-01-24 08:58:41.920928,treatment,SCARE,0.0,2025-01-24,2025-01-24 08:58:44.540,0.1530001163482666,0.0739998817443847,0.0690000057220459,0.064000129699707,0.8823522701950512,1.82432723968838,1.95652157687962,2.109370725238046,1.4999994436901884,8.29933900800172,1.8488733037957423,2.2984810936279225,-1.398988055640296,bluti,M,5,7,0.0
606,3B004CDB63,not first visit,2025-01-24 09:00:06.714025,treatment,SCARE,0.0,2025-01-24,2025-01-24 09:00:07.690,0.1429998874664306,0.1370000839233398,0.0750000476837158,0.0679998397827148,0.9440566869795012,0.9854008562180224,1.799998855591548,1.9852987952821064,1.276596170646887,0.2953155247360273,7.68488201586017,2.5916095875817726,-0.9881081374983984,bluti,M,5,7,0.0
607,3B004CDB63,not first visit,2025-01-24 09:00:06.714025,treatment,SCARE,0.0,2025-01-24,2025-01-24 09:00:09.880,1.050999879837036,0.0639998912811279,0.0740001201629638,0.0680000782012939,0.128449110784801,2.109378583269693,1.824321361947812,1.985291834523672,0.4295942825061075,3.553237451337485,-4.131263734530435,2.267186587485454,1.8011354007730571,bluti,M,5,7,0.0
608,01103F9A64,not first visit,2025-01-24 09:09:51.509919,treatment,SCARE,1.0,2025-01-24,2025-01-24 09:09:52.728,0.7090001106262207,0.1449999809265136,0.0629999637603759,0.062000036239624,0.1904089970885363,0.9310346052281092,2.142858375498125,2.177418082115925,0.5515831966302862,1.734486015787129,11.652154735850733,0.552955305884808,1.85659417095288,greti,M ,5,7,0.0
609,3B00484043,not first visit,2025-01-24 09:10:03.491705,treatment,SCARE,0.0,2025-01-24,2025-01-24 09:10:04.789,0.1380000114440918,0.0729999542236328,0.0739998817443847,33.007000207901,0.9782607884398098,1.8493162281503928,1.82432723968838,0.0040900414805852,0.0162201129130966,8.256451008928517,-0.3399866169571803,-0.1100472895786209,-0.0544201287769218,bluti,F,5,7,0.0
610,01103F9A64,not first visit,2025-01-24 09:13:36.833120,treatment,nah,0.0,2025-01-24,2025-01-24 09:13:39.440,0.2179999351501464,0.0680000782012939,0.0679998397827148,0.0720000267028808,0.6192662392629583,1.985291834523672,1.9852987952821064,1.874999304612736,1.2676059913598428,9.552626094336045,0.0001023641563538,-1.5757085122751755,-0.328795933976117,greti,M ,5,7,1.0
611,01103F9A64,not first visit,2025-01-24 09:13:36.833120,treatment,nah,0.0,2025-01-24,2025-01-24 09:13:40.734,0.9590001106262208,0.0729999542236328,0.0729999542236328,0.0729999542236328,0.1407716208831779,1.8493162281503928,1.8493162281503928,1.8493162281503928,0.458404085093981,3.3111327517518965,0.0,0.0,1.636670256161771,greti,M ,5,7,1.0
612,3B00484043,not first visit,2025-01-24 09:20:39.973944,treatment,nah,0.0,2025-01-24,2025-01-24 09:20:40.758,0.1380000114440918,0.1480000019073486,0.0690000057220459,0.0730001926422119,0.9782607884398098,0.9121621504066808,1.95652157687962,1.8493101882848608,1.2616816188836335,-0.4622282164155428,9.625432163638978,-1.5100174482818842,-1.184055566018592,bluti,F,5,7,0.0
613,3B00484043,not first visit,2025-01-24 09:20:39.973944,treatment,nah,0.0,2025-01-24,2025-01-24 09:20:41.862,0.8359999656677246,0.0740001201629638,0.0729999542236328,0.0739998817443847,0.1614832602202006,1.824321361947812,1.8493162281503928,1.82432723968838,0.5108798864252301,3.6545888898674095,0.3400660347537917,-0.3399866169571803,1.5560826205325051,bluti,F,5,7,0.0
614,01103F88A1,first visit,2025-01-24 09:33:08.124391,treatment,SCARE,0.0,2025-01-24,2025-01-24 09:33:08.724,0.1070001125335693,0.1409997940063476,0.063000202178955,0.0690000057220459,1.261680916061151,0.9574482072925756,2.142850266044005,1.95652157687962,1.4210522036144246,-2.4534905114539427,11.621589028606389,-2.823157510541658,-2.3643026596372407,bluti,M,6,7,0.0
615,3B001816CC,not first visit,2025-01-24 09:34:49.412055,treatment,nah,0.0,2025-01-24,2025-01-24 09:34:50.134,0.1449999809265136,0.0729999542236328,0.0720000267028808,0.0680000782012939,0.9310346052281092,1.8493162281503928,1.874999304612736,1.985291834523672,1.508379719505235,8.42460455127954,0.3542493771134822,1.5756063895298893,-1.7166348708176895,bluti,F,6,7,0.0
616,3B0019B8CC,not first visit,2025-01-24 09:58:35.402117,treatment,nah,0.0,2025-01-24,2025-01-24 09:58:36.849,0.2170000076293945,0.0740001201629638,0.0639998912811279,0.0740001201629638,0.6221197937954039,1.824321361947812,2.109378583269693,1.824321361947812,1.2587408502037118,8.262550104515643,4.131263734530435,-4.131263734530435,-0.3701041352895504,greti,F,5,7,0.0
617,3B00186448,not first visit,2025-01-24 09:59:40.900533,treatment,nah,0.0,2025-01-24,2025-01-24 09:59:44.853,0.1430001258850097,0.0739998817443847,0.0629999637603759,0.0690000057220459,0.9440551129903,1.82432723968838,2.142858375498125,1.95652157687962,1.54727803843663,8.113106873262982,4.650094817788331,-2.8232854802791363,-1.9284803060741496,greti,M,5,7,0.0
618,3B00484043,not first visit,2025-01-24 09:59:48.089351,treatment,nah,0.0,2025-01-24,2025-01-24 09:59:49.428,0.2230000495910644,0.0739998817443847,0.0740001201629638,0.0690000057220459,0.605381031293768,1.82432723968838,1.824321361947812,1.95652157687962,1.2272725676702283,8.208393873450849,-7.94289255684788e-05,1.848952427330212,-0.1025973701209705,bluti,F,5,7,0.0
619,3B0019B8CC,not first visit,2025-01-24 10:07:17.523328,treatment,SCARE,0.0,2025-01-24,2025-01-24 10:07:17.558,1.4159998893737793,0.0629999637603759,0.0780000686645507,0.0669999122619628,0.0953389904992882,2.142858375498125,1.7307677071488832,2.014928011728786,0.3325123492468453,2.768789166083998,-5.845256362882795,3.919452992534063,1.906895153132458,greti,F,5,7,0.0
620,3B0019B8CC,not first visit,2025-01-24 10:08:49.827881,treatment,nah,0.0,2025-01-24,2025-01-24 10:08:51.082,0.2409999370574951,0.1510000228881836,0.0669999122619628,0.0730001926422119,0.5601661214035637,0.8940395995831624,2.014928011728786,1.8493101882848608,1.0150374702537006,1.7034362872173,10.283382987005174,-2.365967133485868,0.355533864542024,greti,F,5,7,0.0
621,3B00186448,not first visit,2025-01-24 10:09:33.311215,treatment,nah,0.0,2025-01-24,2025-01-24 10:09:34.428,0.0669999122619628,0.1350002288818359,0.0629999637603759,0.062000036239624,2.014928011728786,0.9999983045818676,2.142858375498125,2.177418082115925,1.6513754340018287,-10.048801960236412,11.54402988871244,0.552955305884808,-5.498493272828346,greti,M,5,7,0.0
622,3B00186448,not first visit,2025-01-24 10:12:38.839790,treatment,SCARE,0.0,2025-01-24,2025-01-24 10:12:38.949,0.4440000057220459,0.0670001506805419,0.0680000782012939,387.5059998035431,0.3040540501355603,2.0149208416512763,1.985291834523672,0.0003483817026534,0.0013914477497118,6.696149776391933,-0.4389475095414589,-0.0102429133710035,-0.0012180190491183,greti,M,5,7,0.0
623,3B00484043,not first visit,2025-01-24 10:21:59.005543,treatment,nah,0.0,2025-01-24,2025-01-24 10:22:00.701,0.7160000801086426,0.0769999027252197,0.0629999637603759,0.0670001506805419,0.1885474649381543,1.7532489681416643,2.142858375498125,2.0149208416512763,0.5850486924046772,3.9462838261657898,5.56585398453286,-1.968268018794604,1.6601748936435918,bluti,F,5,7,0.0
624,3B00186448,not first visit,2025-01-24 10:34:36.277544,treatment,SCARE,1.0,2025-01-24,2025-01-24 10:34:37.726,0.2129998207092285,0.0690000057220459,0.0680000782012939,0.0740001201629638,0.6338033503994914,1.95652157687962,1.985291834523672,1.824321361947812,1.2735848311810998,9.380986103567585,0.4200035039416624,-2.267186587485454,-0.4352266864362655,greti,M,5,7,0.0
625,3B00186448,not first visit,2025-01-24 10:35:04.919142,treatment,nah,0.0,2025-01-24,2025-01-24 10:35:06.025,0.0739998817443847,0.0629999637603759,0.0690000057220459,0.0740001201629638,1.82432723968838,2.142858375498125,1.95652157687962,1.824321361947812,1.928571625631703,4.650094817788331,-2.8232854802791363,-1.848952427330212,-7.031637383222539,greti,M,5,7,1.0
626,3B0018A99B,not first visit,2025-01-24 10:35:10.047627,treatment,SCARE,1.0,2025-01-24,2025-01-24 10:35:13.318,0.1429998874664306,0.0729999542236328,0.0690000057220459,0.0740001201629638,0.9440566869795012,1.8493162281503928,1.95652157687962,1.824321361947812,1.5041784088380914,8.382038931952945,1.5099349150554262,-1.848952427330212,-1.9443685524450285,bluti,M,5,7,0.0
627,3B00186448,not first visit,2025-01-24 10:35:17.283524,treatment,SCARE,1.0,2025-01-24,2025-01-24 10:35:20.001,0.1480000019073486,0.0690000057220459,0.0680000782012939,0.0739998817443847,0.9121621504066808,1.95652157687962,1.985291834523672,1.82432723968838,1.5041784088380914,9.625432163638978,0.4200035039416624,-2.267107609000283,-1.853745565550429,greti,M,5,7,1.0
628,3B0018F763,first visit,2025-01-24 10:39:03.000370,treatment,SCARE,1.0,2025-01-24,2025-01-24 10:39:04.594,0.1429998874664306,0.0729999542236328,0.0740001201629638,0.0739998817443847,0.9440566869795012,1.8493162281503928,1.824321361947812,1.82432723968838,1.4835171209503213,8.382038931952945,-0.3400660347537917,7.94289255684788e-05,-1.870611462861644,bluti,M,5,7,0.0
629,3B0018A99B,not first visit,2025-01-24 10:39:11.177238,treatment,nah,0.0,2025-01-24,2025-01-24 10:39:12.664,0.1470000743865966,0.0589997768402099,0.0690000057220459,0.0740001201629638,0.918366882216416,2.288144247826948,1.95652157687962,1.824321361947812,1.54727803843663,13.298818979266173,-5.181613035725828,-1.848952427330212,-2.026275472079627,bluti,M,5,7,1.0
630,3B0018F763,not first visit,2025-01-24 10:43:18.694815,treatment,SCARE,1.0,2025-01-24,2025-01-24 10:43:19.626,0.1449999809265136,0.0680000782012939,0.0780000686645507,0.062000036239624,0.9310346052281092,1.985291834523672,1.7307677071488832,2.177418082115925,1.5297443316515715,9.899126165622055,-3.486628374540794,6.380714861217553,-1.5541812171027205,bluti,M,5,7,1.0
631,3B0018F763,not first visit,2025-01-24 10:49:01.285099,treatment,nah,0.0,2025-01-24,2025-01-24 10:49:02.204,0.1389999389648437,0.0720000267028808,0.0670001506805419,0.0719997882843017,0.9712234480487404,1.874999304612736,2.0149208416512763,1.875005513445854,1.5428575632524664,8.566597190705044,2.0132569565372043,-2.0131710739932047,-2.097277861414519,bluti,M,5,7,2.0
632,3B00484043,not first visit,2025-01-24 10:49:54.250808,treatment,nah,1.0,2025-01-24,2025-01-24 10:49:56.043,0.0740001201629638,0.1299998760223388,0.1349999904632568,0.062000036239624,1.824321361947812,1.0384625288165807,1.000000070642547,2.177418082115925,1.3466333395960322,-7.704498508101923,-0.2902828494528655,11.953480729717691,-3.301025356255122,bluti,F,5,7,0.0
633,3B001816CC,not first visit,2025-01-24 10:50:55.545244,treatment,nah,0.0,2025-01-24,2025-01-24 10:50:55.850,0.1400001049041748,0.0629999637603759,0.0669999122619628,0.0730001926422119,0.9642849917319906,2.142858375498125,2.014928011728786,1.8493101882848608,1.574343226656713,11.611556503595851,-1.9681613195901129,-2.365967133485868,-2.2280043598453982,bluti,F,6,7,0.0
634,3B00484043,not first visit,2025-01-24 11:03:39.408134,treatment,SCARE,1.0,2025-01-24,2025-01-24 11:03:41.242,0.1480000019073486,0.0739998817443847,0.0680000782012939,2.440999984741211,0.9121621504066808,1.82432723968838,1.985291834523672,0.0553052031314586,0.1977297731819513,8.217707813871431,2.267107609000283,-1.5384508433441515,-0.5796841321137617,bluti,F,5,7,1.0
635,3B00186448,not first visit,2025-01-24 11:04:03.895351,treatment,SCARE,1.0,2025-01-24,2025-01-24 11:04:05.214,0.1470000743865966,0.0729999542236328,0.0739998817443847,0.0740001201629638,0.918366882216416,1.8493162281503928,1.82432723968838,1.824321361947812,1.4673911826597146,8.46317477152083,-0.3399866169571803,-7.94289255684788e-05,-1.742152891660959,greti,M,5,7,2.0
636,3B0018A99B,not first visit,2025-01-24 11:04:53.220330,treatment,SCARE,1.0,2025-01-24,2025-01-24 11:04:54.883,0.1420001983642578,0.0639998912811279,0.0629999637603759,0.0780000686645507,0.95070289728539,2.109378583269693,2.142858375498125,1.7307677071488832,1.5561954179675477,11.2492736093356,0.5272414242912437,-5.845256362882795,-2.2806371164472146,bluti,M,5,7,1.0
637,3B0018F763,not first visit,2025-01-24 11:10:52.289839,treatment,nah,0.0,2025-01-24,2025-01-24 11:10:53.211,0.1430001258850097,0.0690000057220459,0.0690000057220459,0.0690000057220459,0.9440551129903,1.95652157687962,1.95652157687962,1.95652157687962,1.5428565122645874,9.551564484553587,0.0,0.0,-1.9125555301421155,bluti,M,5,7,2.0
638,01103F88A1,not first visit,2025-01-24 11:12:32.092586,treatment,SCARE,1.0,2025-01-24,2025-01-24 11:12:32.856,0.1430001258850097,0.0690000057220459,0.0739998817443847,0.0740001201629638,0.9440551129903,1.95652157687962,1.82432723968838,1.824321361947812,1.4999994436901884,9.551564484553587,-1.8488733037957423,-7.94289255684788e-05,-1.9293767438670573,bluti,M,6,7,0.0
639,3B00186448,not first visit,2025-01-24 11:13:24.587901,treatment,nah,0.0,2025-01-24,2025-01-24 11:13:25.524,0.1460001468658447,0.0739998817443847,0.0740001201629638,0.0690000057220459,0.9246566041063478,1.82432723968838,1.824321361947812,1.95652157687962,1.4876026726514302,8.178822896209384,-7.94289255684788e-05,1.848952427330212,-1.6624855506949698,greti,M,5,7,3.0
640,3B001816CC,not first visit,2025-01-24 11:13:33.217640,treatment,SCARE,1.0,2025-01-24,2025-01-24 11:13:34.706,0.1489999294281005,0.0729999542236328,0.0740001201629638,0.0639998912811279,0.9060406975906912,1.8493162281503928,1.824321361947812,2.109378583269693,1.5000004371008555,8.497982206508576,-0.3400660347537917,4.131263734530435,-1.4647466716711928,bluti,F,6,7,0.0
641,3B0018A99B,not first visit,2025-01-24 11:15:09.669539,treatment,nah,0.0,2025-01-24,2025-01-24 11:15:12.662,0.1440000534057617,0.0740001201629638,0.0739998817443847,0.0680000782012939,0.9374996523063678,1.824321361947812,1.82432723968838,1.985291834523672,1.4999994436901884,8.135972509782151,7.94289255684788e-05,2.267107609000283,-1.70565069456851,bluti,M,5,7,2.0
642,3B0018A99B,not first visit,2025-01-24 11:15:12.082604,treatment,nah,0.0,2025-01-24,2025-01-24 11:15:12.662,0.1440000534057617,0.0740001201629638,0.0739998817443847,0.0680000782012939,0.9374996523063678,1.824321361947812,1.82432723968838,1.985291834523672,1.4999994436901884,8.135972509782151,7.94289255684788e-05,2.267107609000283,-1.70565069456851,bluti,M,5,7,2.0
643,3B004CDB63,not first visit,2025-01-24 11:20:31.178971,treatment,nah,0.0,2025-01-24,2025-01-24 11:20:32.137,0.1410000324249267,0.0739998817443847,0.0740001201629638,0.0739998817443847,0.9574465883323724,1.82432723968838,1.824321361947812,1.82432723968838,1.4876036497098255,8.064009278378993,-7.94289255684788e-05,7.94289255684788e-05,-1.923018130188312,bluti,M,5,7,0.0
644,3B00484043,not first visit,2025-01-24 11:20:35.945861,treatment,SCARE,1.0,2025-01-24,2025-01-24 11:20:38.340,0.1809999942779541,0.1430001258850097,0.0729999542236328,0.0740001201629638,0.7458563771703007,0.9440551129903,1.8493162281503928,1.824321361947812,1.1464963417189822,1.2234485327987552,8.382044253916666,-0.3400660347537917,-0.3470209349424757,bluti,F,5,7,2.0
645,3B004CD4DE,not first visit,2025-01-24 11:20:38.560720,treatment,SCARE,1.0,2025-01-24,2025-01-24 11:20:40.296,0.1470000743865966,0.0739998817443847,0.0789999961853027,0.0690000057220459,0.918366882216416,1.82432723968838,1.7088608420099594,1.95652157687962,1.4634148005618668,8.198737894183317,-1.5093658797752028,3.346766644296417,-1.5621265871120769,bluti,M,5,7,0.0
646,3B0018F763,not first visit,2025-01-24 11:22:41.006013,treatment,nah,0.0,2025-01-24,2025-01-24 11:22:42.059,0.1370000839233398,0.0799999237060546,0.0729999542236328,0.064000129699707,0.9854008562180224,1.687501609326944,1.8493162281503928,2.109370725238046,1.5254233343031716,6.4709744555217785,2.115225463092368,3.796413690274368,-1.7778123735064488,bluti,M,5,7,2.0
647,3B004CD4DE,not first visit,2025-01-24 11:24:36.380580,treatment,nah,0.0,2025-01-24,2025-01-24 11:24:37.244,0.1510000228881836,0.0720000267028808,0.0629999637603759,0.0720000267028808,0.8940395995831624,1.874999304612736,2.142858375498125,1.874999304612736,1.508379719505235,8.797842931680496,3.968282811964984,-3.968282811964984,-1.7519359661398897,bluti,M,5,7,1.0
648,3B0019B8CC,not first visit,2025-01-24 11:26:44.908341,treatment,nah,0.0,2025-01-24,2025-01-24 11:26:46.180,0.1380000114440918,0.0739998817443847,0.0740001201629638,0.0690000057220459,0.9782607884398098,1.82432723968838,1.824321361947812,1.95652157687962,1.5211266788360878,7.981762995478329,-7.94289255684788e-05,1.848952427330212,-1.9331831850892989,greti,F,5,7,0.0
649,3B00185CB8,not first visit,2025-01-24 11:31:13.463734,treatment,SCARE,0.0,2025-01-24,2025-01-24 11:31:14.843,0.1460001468658447,0.0739998817443847,0.064000129699707,0.0679998397827148,0.9246566041063478,1.82432723968838,2.109370725238046,1.9852987952821064,1.5340909174035404,8.178822896209384,4.131064665384407,-1.879878161221272,-1.7888097194525714,bluti,F,6,7,0.0
650,3B004CD4DE,not first visit,2025-01-24 11:53:56.987022,treatment,SCARE,1.0,2025-01-24,2025-01-24 11:53:57.792,0.1480000019073486,0.0629999637603759,0.0739998817443847,0.059000015258789,0.9121621504066808,2.142858375498125,1.82432723968838,2.288135001454757,1.5697680685315074,11.665368960576057,-4.650094817788331,6.974558209700104,-1.504641313800565,bluti,M,5,7,1.0
651,3B001816CC,not first visit,2025-01-24 11:56:42.938301,treatment,SCARE,1.0,2025-01-24,2025-01-24 11:56:43.664,0.1429998874664306,0.0740001201629638,0.0739998817443847,0.0690000057220459,0.9440566869795012,1.824321361947812,1.82432723968838,1.95652157687962,1.5000004371008555,8.113038193728356,7.94289255684788e-05,1.8488733037957423,-1.7602377868475858,bluti,F,6,7,1.0
652,3B0019B8CC,not first visit,2025-01-24 11:56:48.365328,treatment,SCARE,1.0,2025-01-24,2025-01-24 11:56:48.464,0.1480000019073486,0.0789999961853027,0.0690000057220459,0.0740001201629638,0.9121621504066808,1.7088608420099594,1.95652157687962,1.824321361947812,1.4594589704315957,7.019371791167163,3.346766644296417,-1.848952427330212,-1.6975393667469552,greti,F,5,7,0.0
653,3B0019B8CC,not first visit,2025-01-24 11:56:48.365328,treatment,SCARE,1.0,2025-01-24,2025-01-24 11:56:50.681,0.1480000019073486,0.0690000057220459,0.0729999542236328,0.0759999752044677,0.9121621504066808,1.95652157687962,1.8493162281503928,1.776316369009339,1.4754100897978328,9.625432163638978,-1.5099349150554262,-0.9798643451878942,-1.8148739276335044,greti,F,5,7,1.0
654,3B0018A99B,not first visit,2025-01-24 11:56:51.108158,treatment,SCARE,1.0,2025-01-24,2025-01-24 11:56:51.994,0.1480000019073486,0.0789999961853027,0.0690000057220459,0.064000129699707,0.9121621504066808,1.7088608420099594,1.95652157687962,2.109370725238046,1.4999994436901884,7.019371791167163,3.346766644296417,2.2984810936279225,-1.481817885959405,bluti,M,5,7,2.0
655,3B001816CC,not first visit,2025-01-24 12:04:19.223396,treatment,SCARE,0.0,2025-01-24,2025-01-24 12:04:19.623,0.1400001049041748,0.0729999542236328,0.0670001506805419,0.0729999542236328,0.9642849917319906,1.8493162281503928,2.0149208416512763,1.8493162281503928,1.5297443316515715,8.310150147773927,2.365778420155234,-2.365778420155234,-2.0625882980390804,bluti,F,6,7,2.0
656,01103F9A64,not first visit,2025-01-24 12:11:24.770403,treatment,SCARE,1.0,2025-01-24,2025-01-24 12:11:25.436,0.0789999961853027,0.0739998817443847,0.0740001201629638,0.0639998912811279,1.7088608420099594,1.82432723968838,1.824321361947812,2.109378583269693,1.8556708085424345,1.5093658797752028,-7.94289255684788e-05,4.131263734530435,-5.675866360746179,greti,M ,5,7,1.0
657,01103F9A64,not first visit,2025-01-24 12:13:15.064679,treatment,nah,0.0,2025-01-24,2025-01-24 12:13:15.984,0.1470000743865966,0.0739998817443847,0.0680000782012939,0.0739998817443847,0.918366882216416,1.82432723968838,1.985291834523672,1.82432723968838,1.4876036497098255,8.198737894183317,2.267107609000283,-2.267107609000283,-1.8127702164535364,greti,M ,5,7,2.0
658,3B00185CB8,not first visit,2025-01-24 12:13:51.296077,treatment,nah,0.0,2025-01-24,2025-01-24 12:13:52.406,0.1450002193450927,0.0719997882843017,0.0690000057220459,0.0720000267028808,0.9310330743618204,1.875005513445854,1.95652157687962,1.874999304612736,1.508379719505235,8.700206505948202,1.1562579081512094,-1.156344021556013,-1.8565974247305623,bluti,F,6,7,0.0
659,3B004CD4DE,not first visit,2025-01-24 12:14:59.212841,treatment,SCARE,0.0,2025-01-24,2025-01-24 12:14:59.559,0.1419999599456787,0.0750000476837158,0.0690000057220459,0.0729999542236328,0.950704493519882,1.799998855591548,1.95652157687962,1.8493162281503928,1.5041784088380914,7.827597531905541,2.1739258783053863,-1.5099349150554262,-1.9308207653472875,bluti,M,5,7,2.0
660,01103F9A64,not first visit,2025-01-24 12:15:04.049949,treatment,SCARE,0.0,2025-01-24,2025-01-24 12:15:05.409,0.1430001258850097,0.0739998817443847,0.0780000686645507,0.0750000476837158,0.9440551129903,1.82432723968838,1.7307677071488832,1.799998855591548,1.4594589704315957,8.113106873262982,-1.2310468824205203,0.9049816443940136,-1.8170700273953408,greti,M ,5,7,2.0
661,3B00182A81,not first visit,2025-01-24 12:20:16.754941,treatment,SCARE,1.0,2025-01-24,2025-01-24 12:20:17.503,0.1419999599456787,0.0740001201629638,0.0639998912811279,0.0789999961853027,0.950704493519882,1.824321361947812,2.109378583269693,1.7088608420099594,1.5041784088380914,8.089042078026296,4.131263734530435,-5.601651139113735,-2.116911929232839,bluti,F,6,7,3.0
662,3B0018A99B,not first visit,2025-01-24 12:20:49.915049,treatment,nah,0.0,2025-01-24,2025-01-24 12:20:51.813,1.2599999904632568,0.0740001201629638,0.0739998817443847,0.0789999961853027,0.1071428579538047,1.824321361947812,1.82432723968838,1.7088608420099594,0.3631472791902426,2.574480302236124,7.94289255684788e-05,-1.5093658797752028,1.577799241302002,bluti,M,5,7,3.0
663,3B0018A99B,not first visit,2025-01-24 12:20:50.277690,treatment,nah,0.0,2025-01-24,2025-01-24 12:20:51.813,1.2599999904632568,0.0740001201629638,0.0739998817443847,0.0789999961853027,0.1071428579538047,1.824321361947812,1.82432723968838,1.7088608420099594,0.3631472791902426,2.574480302236124,7.94289255684788e-05,-1.5093658797752028,1.577799241302002,bluti,M,5,7,3.0
664,3B00186448,not first visit,2025-01-24 12:20:58.837648,treatment,SCARE,1.0,2025-01-24,2025-01-24 12:21:00.769,0.1359999179840088,0.0669999122619628,0.0880000591278076,0.062000036239624,0.9926476574483938,2.014928011728786,1.5340898783253274,2.177418082115925,1.5297453648514208,10.07173605063326,-6.204364156872258,8.577703930317353,-1.7306443537400096,greti,M,5,7,3.0
665,3B00182A81,not first visit,2025-01-24 12:21:58.742261,treatment,SCARE,0.0,2025-01-24,2025-01-24 12:21:59.453,0.1410000324249267,0.0669999122619628,0.0680000782012939,0.0720000267028808,0.9574465883323724,2.014928011728786,1.985291834523672,1.874999304612736,1.55172391680563,10.168093313565842,-0.4390545081287317,-1.5756063895298893,-2.0895825129154444,bluti,F,6,7,4.0
666,01103F9A64,not first visit,2025-01-24 12:22:07.151083,treatment,nah,0.0,2025-01-24,2025-01-24 12:22:08.117,0.1480000019073486,0.0690000057220459,0.0779998302459716,0.0750000476837158,0.9121621504066808,1.95652157687962,1.7307729975088262,1.799998855591548,1.4594599108700863,9.625432163638978,-3.07141267041834,0.9049138995331124,-1.7286767410310626,greti,M ,5,7,2.0
667,3B0018A99B,not first visit,2025-01-24 12:22:24.811319,treatment,nah,0.0,2025-01-24,2025-01-24 12:22:26.255,0.1449999809265136,0.0719997882843017,0.063000202178955,0.0690000057220459,0.9310346052281092,1.875005513445854,2.142850266044005,1.95652157687962,1.54727803843663,8.70020195552076,3.968070689176098,-2.823157510541658,-1.8907291156886448,bluti,M,5,7,3.0
668,3B00182A81,not first visit,2025-01-24 12:23:17.537256,treatment,SCARE,1.0,2025-01-24,2025-01-24 12:23:20.984,0.1530001163482666,0.0739998817443847,0.0690000057220459,0.0729999542236328,0.8823522701950512,1.82432723968838,1.95652157687962,1.8493162281503928,1.4634148005618668,8.29933900800172,1.8488733037957423,-1.5099349150554262,-1.5973733673324897,bluti,F,6,7,4.0
669,01103F9A64,not first visit,2025-01-24 12:24:39.591436,treatment,SCARE,0.0,2025-01-24,2025-01-24 12:24:41.912,0.1430001258850097,0.0690000057220459,0.0789999961853027,0.0690000057220459,0.9440551129903,1.95652157687962,1.7088608420099594,1.95652157687962,1.4999994436901884,9.551564484553587,-3.346766644296417,3.346766644296417,-1.7602298456629142,greti,M ,5,7,2.0
670,3B0019F652,not first visit,2025-01-24 12:24:59.884340,treatment,SCARE,0.0,2025-01-24,2025-01-24 12:25:01.228,0.0959999561309814,0.1430001258850097,0.0629999637603759,0.0789999961853027,1.4062506426128702,0.9440551129903,2.142858375498125,1.7088608420099594,1.4173226785479622,-3.8677436904950127,11.638861561385514,-6.112643040944363,-3.0824520279306897,bluti,F,5,7,0.0
671,01103F9A64,not first visit,2025-01-24 12:27:32.562176,treatment,SCARE,0.0,2025-01-24,2025-01-24 12:27:34.387,0.1480000019073486,0.0690000057220459,0.0629999637603759,0.0739998817443847,0.9121621504066808,1.95652157687962,2.142858375498125,1.82432723968838,1.5254243616743997,9.625432163638978,2.8232854802791363,-4.650094817788331,-1.9294278357587096,greti,M ,5,7,2.0
672,3B00186448,not first visit,2025-01-24 12:31:54.358613,treatment,SCARE,0.0,2025-01-24,2025-01-24 12:31:55.388,0.053999900817871,0.063000202178955,0.051999807357788,0.0550000667572021,2.500004591773661,2.142850266044005,2.5961634640513886,2.454542475302033,2.410714532039629,-6.105196774730088,7.883707137651102,-2.647124399364416,-12.294747732578768,greti,M,5,7,4.0
673,3B00186448,not first visit,2025-01-24 12:34:21.522406,treatment,nah,0.0,2025-01-24,2025-01-24 12:34:22.328,0.1429998874664306,0.0740001201629638,0.0679998397827148,0.0690000057220459,0.9440566869795012,1.824321361947812,1.9852987952821064,1.95652157687962,1.5254243616743997,8.113038193728356,2.267288432980896,-0.4201058518928999,-1.850160047121516,greti,M,5,7,4.0
674,3B0018F763,not first visit,2025-01-24 12:36:50.430624,treatment,nah,0.0,2025-01-24,2025-01-24 12:36:51.253,0.1529998779296875,0.0789999961853027,0.0740001201629638,0.0639998912811279,0.8823536451580732,1.7088608420099594,1.824321361947812,2.109378583269693,1.4594599108700863,7.125065907942947,1.5092866945935626,4.131263734530435,-1.2648227243409536,bluti,M,5,7,2.0
675,3B00182A81,not first visit,2025-01-24 12:41:25.353843,treatment,SCARE,0.0,2025-01-24,2025-01-24 12:41:26.020,0.1489999294281005,0.0690000057220459,0.063000202178955,0.0789999961853027,0.9060406975906912,1.95652157687962,2.142850266044005,1.7088608420099594,1.4999994436901884,9.637442126442968,2.823157510541658,-6.112518560302001,-1.9742288687986096,bluti,F,6,7,5.0
676,3B0019B8CC,not first visit,2025-01-24 12:41:31.827755,treatment,nah,0.0,2025-01-24,2025-01-24 12:41:32.889,0.1470000743865966,0.0739998817443847,0.0750000476837158,0.0729999542236328,0.918366882216416,1.82432723968838,1.799998855591548,1.8493162281503928,1.4634148005618668,8.198737894183317,-0.3265556459014513,0.6664509719360568,-1.6965026202211957,greti,F,5,7,2.0
677,3B0018F763,not first visit,2025-01-24 12:41:57.264687,treatment,nah,0.0,2025-01-24,2025-01-24 12:41:58.142,0.1480000019073486,0.0740001201629638,0.0789999961853027,0.0739998817443847,0.9121621504066808,1.824321361947812,1.7088608420099594,1.82432723968838,1.4400000000000002,8.217646035818213,-1.5092866945935626,1.5093658797752028,-1.6308316595760388,bluti,M,5,7,2.0
678,3B0018C6F9,not first visit,2025-01-24 12:42:12.839090,treatment,SCARE,0.0,2025-01-24,2025-01-24 12:42:12.939,0.1370000839233398,0.0690000057220459,0.0690000057220459,1.5090000629425049,0.9854008562180224,1.95652157687962,1.95652157687962,0.0894632169443081,0.3026905560992586,9.428352408324786,0.0,-2.3663603025257007,-0.9359278019796192,bluti,M,6,7,0.0
679,3B00182A81,not first visit,2025-01-24 12:43:05.018706,treatment,SCARE,0.0,2025-01-24,2025-01-24 12:43:05.785,0.1399998664855957,0.0729999542236328,0.062000036239624,0.0720000267028808,0.9642866339011108,1.8493162281503928,2.177418082115925,1.874999304612736,1.556196487206812,8.310144030191077,4.860768550273817,-4.513710976881378,-2.126191092673808,bluti,F,6,7,5.0
680,3B00484043,not first visit,2025-01-24 12:43:10.565911,treatment,SCARE,0.0,2025-01-24,2025-01-24 12:43:11.633,0.1450002193450927,0.0719997882843017,0.0730001926422119,0.0669999122619628,0.9310330743618204,1.875005513445854,1.8493101882848608,2.014928011728786,1.5126045652134714,8.700206505948202,-0.3544183247033106,2.365967133485868,-1.6943664146709656,bluti,F,5,7,3.0
681,3B0019F652,not first visit,2025-01-24 12:45:05.448633,treatment,nah,0.0,2025-01-24,2025-01-24 12:45:07.437,0.1429998874664306,0.0789999961853027,0.0690000057220459,0.0740001201629638,0.9440566869795012,1.7088608420099594,1.95652157687962,1.824321361947812,1.4794520161393043,6.890131133854642,3.346766644296417,-1.848952427330212,-1.8562114486538384,bluti,F,5,7,0.0
682,3B00186448,not first visit,2025-01-24 12:46:04.369715,treatment,SCARE,0.0,2025-01-24,2025-01-24 12:46:07.529,0.1529998779296875,0.0690000057220459,0.0740001201629638,0.0739998817443847,0.8823536451580732,1.95652157687962,1.824321361947812,1.82432723968838,1.4594599108700863,9.677193645800894,-1.848952427330212,7.94289255684788e-05,-1.6156479083598754,greti,M,5,7,4.0
683,01103F9A64,not first visit,2025-01-24 12:47:14.374905,treatment,nah,0.0,2025-01-24,2025-01-24 12:47:15.598,0.1480000019073486,0.0750000476837158,0.0739998817443847,0.0680000782012939,0.9121621504066808,1.799998855591548,1.82432723968838,1.985291834523672,1.4794520161393043,7.962659262300384,0.3265556459014513,2.267107609000283,-1.5639776546661717,greti,M ,5,7,2.0
684,01103F9A64,not first visit,2025-01-24 12:48:38.896746,treatment,SCARE,0.0,2025-01-24,2025-01-24 12:48:40.973,0.1419999599456787,0.0739998817443847,0.0690000057220459,0.0740001201629638,0.950704493519882,1.82432723968838,1.95652157687962,1.824321361947812,1.5041784088380914,8.089105430197979,1.8488733037957423,-1.848952427330212,-1.963347036646767,greti,M ,5,7,2.0
685,3B0019B8CC,not first visit,2025-01-24 12:51:18.598428,treatment,nah,0.0,2025-01-24,2025-01-24 12:51:19.918,0.0740001201629638,0.0679998397827148,0.0740001201629638,0.0739998817443847,1.824321361947812,1.9852987952821064,1.824321361947812,1.82432723968838,1.8620692104562184,2.267288432980896,-2.267288432980896,7.94289255684788e-05,-6.621606520447207,greti,F,5,7,2.0
686,3B00185CB8,not first visit,2025-01-24 12:54:46.281184,treatment,SCARE,0.0,2025-01-24,2025-01-24 12:54:47.082,0.1489999294281005,0.064000129699707,0.0739998817443847,0.0690000057220459,0.9060406975906912,2.109370725238046,1.82432723968838,1.95652157687962,1.5168541601369434,11.298870362522424,-4.131064665384407,1.8488733037957423,-1.7116596966110569,bluti,F,6,7,0.0
687,3B0018A99B,not first visit,2025-01-24 12:54:53.855140,treatment,nah,0.0,2025-01-24,2025-01-24 12:54:54.593,0.1440000534057617,0.0740001201629638,0.0690000057220459,0.0689997673034668,0.9374996523063678,1.824321361947812,1.95652157687962,1.9565283373530613,1.5168541601369434,8.135972509782151,1.848952427330212,9.797803711568382e-05,-1.80098475337041,bluti,M,5,7,3.0
688,3B00186448,not first visit,2025-01-24 12:55:34.041037,treatment,SCARE,0.0,2025-01-24,2025-01-24 12:55:36.145,0.1430001258850097,0.0690000057220459,0.1419999599456787,0.0739998817443847,0.9440551129903,1.95652157687962,0.950704493519882,1.82432723968838,1.2616823217068989,9.551564484553587,-9.533812767947682,8.089105430197979,-1.1304621285849077,greti,M,5,7,4.0
689,3B00185CB8,not first visit,2025-01-24 12:55:45.277011,treatment,SCARE,0.0,2025-01-24,2025-01-24 12:55:46.391,0.1410000324249267,0.0690000057220459,0.0639998912811279,0.0680000782012939,0.9574465883323724,1.95652157687962,2.109378583269693,1.985291834523672,1.5789473331976254,9.514998162505332,2.2986033799172896,-1.880102688395628,-2.0460630310020216,bluti,F,6,7,0.0
690,3B00182A81,not first visit,2025-01-24 12:56:26.874880,treatment,nah,0.0,2025-01-24,2025-01-24 12:56:28.124,0.1429998874664306,0.0740001201629638,0.0729999542236328,0.0739998817443847,0.9440566869795012,1.824321361947812,1.8493162281503928,1.82432723968838,1.4835171209503213,8.113038193728356,0.3400660347537917,-0.3399866169571803,-1.870611462861644,bluti,F,6,7,5.0
691,3B0019B8CC,not first visit,2025-01-24 12:57:16.668979,treatment,nah,0.0,2025-01-24,2025-01-24 12:57:17.194,0.1429998874664306,0.0740001201629638,0.0639998912811279,0.0740001201629638,0.9440566869795012,1.824321361947812,2.109378583269693,1.824321361947812,1.5211266788360878,8.113038193728356,4.131263734530435,-4.131263734530435,-2.005522972902956,greti,F,5,7,2.0
692,3B0019B8CC,not first visit,2025-01-24 12:57:16.668979,treatment,nah,0.0,2025-01-24,2025-01-24 12:57:18.810,1.3610000610351562,0.0639998912811279,0.0690000057220459,0.0730001926422119,0.0991917663084607,2.109378583269693,1.95652157687962,1.8493101882848608,0.3446074971757215,2.821314925230346,-2.2986033799172896,-1.5100174482818842,1.732613995901088,greti,F,5,7,2.0
693,3B001816CC,not first visit,2025-01-24 12:57:25.489921,treatment,nah,0.0,2025-01-24,2025-01-24 12:57:26.563,0.1480000019073486,0.0740001201629638,0.0799999237060546,0.0739998817443847,0.9121621504066808,1.824321361947812,1.687501609326944,1.82432723968838,1.4361704896078649,8.217646035818213,-1.7768793979985802,1.7769584833075605,-1.617794268412088,bluti,F,6,7,2.0
694,3B00182A81,not first visit,2025-01-24 12:57:53.491363,treatment,nah,0.0,2025-01-24,2025-01-24 12:57:53.970,0.1529998779296875,0.0740001201629638,0.0729999542236328,0.0740001201629638,0.8823536451580732,1.824321361947812,1.8493162281503928,1.824321361947812,1.4438499875690871,8.299275107529027,0.3400660347537917,-0.3400660347537917,-1.56283179133249,bluti,F,6,7,5.0
695,3B00186448,not first visit,2025-01-24 12:59:18.242737,treatment,nah,0.0,2025-01-24,2025-01-24 12:59:19.263,0.1400001049041748,0.0679998397827148,0.1449999809265136,0.0670001506805419,0.9642849917319906,1.9852987952821064,0.9310346052281092,2.0149208416512763,1.2857140521614343,9.817443029488178,-9.899202605369323,10.225335505283184,-1.0317936879947078,greti,M,5,7,4.0
696,3B00484043,not first visit,2025-01-24 12:59:58.175535,treatment,SCARE,0.0,2025-01-24,2025-01-24 12:59:59.254,0.1480000019073486,0.0680000782012939,0.0739998817443847,0.0740001201629638,0.9121621504066808,1.985291834523672,1.82432723968838,1.824321361947812,1.483516149252617,9.936382278906876,-2.267107609000283,-7.94289255684788e-05,-1.7810623327664985,bluti,F,5,7,3.0
697,3B0018C6F9,not first visit,2025-01-24 13:00:13.722265,treatment,nah,0.0,2025-01-24,2025-01-24 13:00:13.807,0.1480000019073486,0.0740001201629638,0.0690000057220459,0.0679998397827148,0.9121621504066808,1.824321361947812,1.95652157687962,1.9852987952821064,1.5041784088380914,8.217646035818213,1.848952427330212,0.4201058518928999,-1.6488126811501678,bluti,M,6,7,0.0
698,3B004CDB63,not first visit,2025-01-24 13:03:16.769229,treatment,nah,0.0,2025-01-24,2025-01-24 13:03:18.892,0.1340000629425048,0.0520000457763671,0.0709998607635498,0.062000036239624,1.0074622133418265,2.596151560723325,1.9014121795194685,2.177418082115925,1.6927899382877063,17.082671169646538,-11.296583887702289,4.1504679148717045,-2.3812353718455195,bluti,M,5,7,0.0
699,01103F9A64,not first visit,2025-01-24 13:03:45.135122,treatment,nah,0.0,2025-01-24,2025-01-24 13:03:46.782,0.1419999599456787,0.0690000057220459,0.0629999637603759,0.0740001201629638,0.950704493519882,1.95652157687962,2.142858375498125,1.824321361947812,1.55172391680563,9.533812767947682,2.8232854802791363,-4.650172531697925,-2.136947203645025,greti,M ,5,7,2.0
700,3B004CD4DE,not first visit,2025-01-24 13:04:44.064329,treatment,nah,0.0,2025-01-24,2025-01-24 13:04:44.873,0.1500000953674316,0.0729999542236328,0.0729999542236328,0.0670001506805419,0.899999427795774,1.8493162281503928,1.8493162281503928,2.0149208416512763,1.4876026726514302,8.514050127750808,0.0,2.365778420155234,-1.5214222487323306,bluti,M,5,7,2.0
701,01103F9A64,not first visit,2025-01-24 13:11:11.781706,treatment,SCARE,1.0,2025-01-24,2025-01-24 13:11:13.392,0.1480000019073486,0.0690000057220459,0.0690000057220459,0.0629999637603759,0.9121621504066808,1.95652157687962,1.95652157687962,2.142858375498125,1.54727803843663,9.625432163638978,0.0,2.8232854802791363,-1.6031875047553754,greti,M ,5,7,2.0
702,3B004CD4DE,not first visit,2025-01-24 13:12:33.507898,treatment,SCARE,0.0,2025-01-24,2025-01-24 13:12:33.948,0.1460001468658447,0.0739998817443847,0.0690000057220459,0.0690000057220459,0.9246566041063478,1.82432723968838,1.95652157687962,1.95652157687962,1.508379719505235,8.178822896209384,1.8488733037957423,0.0,-1.7347228856978627,bluti,M,5,7,2.0
703,3B001816CC,not first visit,2025-01-24 13:12:39.773480,treatment,SCARE,0.0,2025-01-24,2025-01-24 13:12:40.570,0.1460001468658447,0.0739998817443847,0.0740001201629638,0.0739998817443847,0.9246566041063478,1.82432723968838,1.824321361947812,1.82432723968838,1.4673911826597146,8.178822896209384,-7.94289255684788e-05,7.94289255684788e-05,-1.7596128610939847,bluti,F,6,7,2.0
704,3B00484043,not first visit,2025-01-24 13:12:42.192091,treatment,nah,0.0,2025-01-24,2025-01-24 13:12:42.666,0.1480000019073486,0.0740001201629638,0.0690000057220459,0.0680000782012939,0.9121621504066808,1.824321361947812,1.95652157687962,1.985291834523672,1.5041774098857985,8.217646035818213,1.848952427330212,0.4200035039416624,-1.6488179159342564,bluti,F,5,7,3.0
705,3B00186448,not first visit,2025-01-24 13:12:46.407845,treatment,SCARE,1.0,2025-01-24,2025-01-24 13:12:46.951,0.1310000419616699,0.1429998874664306,0.0680000782012939,0.6070001125335693,1.0305340210463478,0.9440566869795012,1.985291834523672,0.2224052305962859,0.5690199490251596,-0.631221579124815,9.8695290707665,-5.223366239372927,-1.5543774328435558,greti,M,5,7,4.0
706,01103F9A64,not first visit,2025-01-24 13:12:59.479543,treatment,SCARE,1.0,2025-01-24,2025-01-24 13:13:01.556,0.1480000019073486,0.1530001163482666,0.0739998817443847,0.0690000057220459,0.9121621504066808,0.8823522701950512,1.82432723968838,1.95652157687962,1.2162162005422412,-0.1980722159472012,8.29933900800172,1.8488733037957423,-0.7622925668490077,greti,M ,5,7,3.0
707,3B004CD4DE,not first visit,2025-01-24 13:21:40.525094,treatment,SCARE,1.0,2025-01-24,2025-01-24 13:21:41.706,0.1429998874664306,0.0690000057220459,0.0740001201629638,0.0690000057220459,0.9440566869795012,1.95652157687962,1.824321361947812,1.95652157687962,1.5211266788360878,9.551560377438454,-1.848952427330212,1.848952427330212,-1.8348696367039825,bluti,M,5,7,2.0
708,3B00484043,not first visit,2025-01-24 13:24:47.422988,treatment,SCARE,1.0,2025-01-24,2025-01-24 13:24:48.056,0.1480000019073486,0.0729999542236328,0.0729999542236328,0.0670001506805419,0.9121621504066808,1.8493162281503928,1.8493162281503928,2.0149208416512763,1.4958446224401378,8.481034061276315,0.0,2.365778420155234,-1.5833521576069869,bluti,F,5,7,3.0
709,3B004CDB63,not first visit,2025-01-24 13:27:08.391593,treatment,nah,0.0,2025-01-24,2025-01-24 13:27:09.090,0.1380000114440918,0.064000129699707,0.0690000057220459,0.0690000057220459,0.9782607884398098,2.109370725238046,1.95652157687962,1.95652157687962,1.588234581337163,11.1991004599648,-2.2984810936279225,0.0,-2.1798851579080973,bluti,M,5,7,0.0
710,3B004CD4DE,not first visit,2025-01-24 13:37:50.427090,treatment,nah,0.0,2025-01-24,2025-01-24 13:37:51.055,0.1489999294281005,0.0780000686645507,0.0690000057220459,0.0789999961853027,0.9060406975906912,1.7307677071488832,1.95652157687962,1.7088608420099594,1.4400000000000002,7.266317325884513,3.071479666561589,-3.346766644296417,-1.7625589605844425,bluti,M,5,7,3.0
711,01103F9A64,not first visit,2025-01-24 13:37:58.499083,treatment,nah,0.0,2025-01-24,2025-01-24 13:38:00.694,0.3029999732971191,0.1440000534057617,0.0739998817443847,0.0690000057220459,0.4455445937205419,0.9374996523063678,1.82432723968838,1.95652157687962,0.9152543704354454,2.20114107023455,8.136035332040018,1.8488733037957423,0.8536882184432184,greti,M ,5,7,4.0
712,3B00186448,not first visit,2025-01-24 13:38:16.649454,treatment,SCARE,1.0,2025-01-24,2025-01-24 13:38:17.942,0.1480000019073486,0.0740001201629638,0.0680000782012939,0.0690000057220459,0.9121621504066808,1.824321361947812,1.985291834523672,1.95652157687962,1.5041774098857985,8.217646035818213,2.267186587485454,-0.4200035039416624,-1.6848413540574203,greti,M,5,7,5.0
713,3B00186448,not first visit,2025-01-24 13:38:16.649454,treatment,SCARE,1.0,2025-01-24,2025-01-24 13:38:19.832,0.1480000019073486,0.0739998817443847,0.0789999961853027,0.063000202178955,0.9121621504066808,1.82432723968838,1.7088608420099594,2.142850266044005,1.483516149252617,8.217707813871431,-1.5093658797752028,6.112518560302001,-1.3858237033022285,greti,M,5,7,6.0
714,3B0018A99B,not first visit,2025-01-24 13:40:11.125560,treatment,SCARE,1.0,2025-01-24,2025-01-24 13:40:11.686,0.1480000019073486,0.0749998092651367,0.0789999961853027,0.0730001926422119,0.9121621504066808,1.8000045776483604,1.7088608420099594,1.8493101882848608,1.4400000000000002,7.962719094456571,-1.1836863737822465,1.8480154183792368,-1.599319247901724,bluti,M,5,7,3.0
715,3B004CDB63,not first visit,2025-01-24 13:40:52.774085,treatment,SCARE,1.0,2025-01-24,2025-01-24 13:40:54.192,0.1430001258850097,0.0739998817443847,0.0740001201629638,0.0629999637603759,0.9440551129903,1.82432723968838,1.824321361947812,2.142858375498125,1.5254233343031716,8.113106873262982,-7.94289255684788e-05,4.650172531697925,-1.618316673228703,bluti,M,5,7,0.0
716,3B0018F763,not first visit,2025-01-24 13:41:14.283582,treatment,SCARE,1.0,2025-01-24,2025-01-24 13:41:15.431,0.1380000114440918,0.0729999542236328,0.0690000057220459,0.0740001201629638,0.9782607884398098,1.8493162281503928,1.95652157687962,1.824321361947812,1.5254233343031716,8.256451008928517,1.5099349150554262,-1.848952427330212,-2.1202781818808223,bluti,M,5,7,2.0
717,3B00182A81,not first visit,2025-01-24 13:42:30.817477,treatment,nah,0.0,2025-01-24,2025-01-24 13:42:31.500,0.1480000019073486,0.0690000057220459,0.0580000877380371,0.0739998817443847,0.9121621504066808,1.95652157687962,2.3275826859045505,1.82432723968838,1.54727803843663,9.625432163638978,5.843477731637386,-7.625084281298835,-2.008286269426214,bluti,F,6,7,5.0
718,3B0019F652,not first visit,2025-01-24 13:42:41.334805,treatment,nah,0.0,2025-01-24,2025-01-24 13:42:42.823,0.1440000534057617,0.0739998817443847,0.0740001201629638,0.0690000057220459,0.9374996523063678,1.82432723968838,1.824321361947812,1.95652157687962,1.4958446224401378,8.136035332040018,-7.94289255684788e-05,1.848952427330212,-1.7271701181143944,bluti,F,5,7,0.0
719,3B0018A99B,not first visit,2025-01-24 13:42:57.519277,treatment,nah,0.0,2025-01-24,2025-01-24 13:42:58.951,0.1440000534057617,0.0739998817443847,0.0680000782012939,0.0740001201629638,0.9374996523063678,1.82432723968838,1.985291834523672,1.824321361947812,1.4999994436901884,8.136035332040018,2.267107609000283,-2.267186587485454,-1.9107363183986712,bluti,M,5,7,4.0
720,01103F9A64,not first visit,2025-01-24 13:43:01.750559,treatment,SCARE,1.0,2025-01-24,2025-01-24 13:43:04.104,1.954999923706055,0.0739998817443847,0.0740001201629638,0.0729999542236328,0.0690537111347212,1.82432723968838,1.824321361947812,1.8493162281503928,0.2481617784098597,1.7301859998591638,-7.94289255684788e-05,0.3400660347537917,1.789889623461507,greti,M ,5,7,4.0
721,3B0019F652,not first visit,2025-01-24 13:43:52.030926,treatment,SCARE,1.0,2025-01-24,2025-01-24 13:43:54.729,0.1469998359680175,0.0789999961853027,0.0690000057220459,0.0690000057220459,0.9183683717128204,1.7088608420099594,1.95652157687962,1.95652157687962,1.4835171209503213,6.995513782159463,3.346766644296417,0.0,-1.6308559576094264,bluti,F,5,7,0.0
722,3B004CD4DE,not first visit,2025-01-24 13:43:59.375341,treatment,nah,0.0,2025-01-24,2025-01-24 13:43:59.917,0.1480000019073486,0.0739998817443847,0.0740001201629638,0.0690000057220459,0.9121621504066808,1.82432723968838,1.824321361947812,1.95652157687962,1.4794520161393043,8.217707813871431,-7.94289255684788e-05,1.848952427330212,-1.5996660646720842,bluti,M,5,7,3.0
723,3B00182A81,not first visit,2025-01-24 13:44:02.969734,treatment,nah,0.0,2025-01-24,2025-01-24 13:44:04.369,0.1500000953674316,0.0739998817443847,0.0690000057220459,0.064000129699707,0.899999427795774,1.82432723968838,1.95652157687962,2.109370725238046,1.5126045652134714,8.252927735177398,1.8488733037957423,2.2984810936279225,-1.4906269859450505,bluti,F,6,7,5.0
724,3B0018F763,not first visit,2025-01-24 13:44:42.923508,treatment,SCARE,1.0,2025-01-24,2025-01-24 13:44:44.366,0.1480000019073486,0.064000129699707,0.0789999961853027,0.0739998817443847,0.9121621504066808,2.109370725238046,1.7088608420099594,1.82432723968838,1.4794520161393043,11.294413505840676,-5.601531897253674,1.5093658797752028,-1.7668613715090706,bluti,M,5,7,3.0
725,3B0019F652,not first visit,2025-01-24 13:45:08.598755,treatment,SCARE,1.0,2025-01-24,2025-01-24 13:45:11.154,0.1419999599456787,0.0789999961853027,0.0739998817443847,0.0740001201629638,0.950704493519882,1.7088608420099594,1.82432723968838,1.824321361947812,1.4634148005618668,6.8611447872029085,1.5093658797752028,-7.94289255684788e-05,-1.8182257348605888,bluti,F,5,7,1.0
726,01103F9A64,not first visit,2025-01-24 13:47:03.448856,treatment,nah,0.0,2025-01-24,2025-01-24 13:47:05.595,1.440000057220459,0.0739998817443847,0.0690000057220459,0.0740001201629638,0.0937499962747098,1.82432723968838,1.95652157687962,1.824321361947812,0.3258901501907492,2.2860994890091018,1.8488733037957423,-1.848952427330212,1.7201546966608825,greti,M ,5,7,5.0
727,01103F9A64,not first visit,2025-01-24 13:48:03.212847,treatment,SCARE,1.0,2025-01-24,2025-01-24 13:48:06.744,1.2450001239776611,0.0739998817443847,0.0690000057220459,0.0690000057220459,0.1084337241418799,1.82432723968838,1.95652157687962,1.95652157687962,0.3706245666697376,2.601809716607525,1.8488733037957423,0.0,1.8209794136233275,greti,M ,5,7,5.0
728,3B00186448,not first visit,2025-01-24 13:48:10.844294,treatment,SCARE,1.0,2025-01-24,2025-01-24 13:48:12.614,0.1380000114440918,0.0739998817443847,0.0740001201629638,0.0679998397827148,0.9782607884398098,1.82432723968838,1.824321361947812,1.9852987952821064,1.5254243616743997,7.981762995478329,-7.94289255684788e-05,2.267288432980896,-1.9121556705520724,greti,M,5,7,7.0
729,3B0019F652,not first visit,2025-01-24 13:48:18.928804,treatment,nah,0.0,2025-01-24,2025-01-24 13:48:19.596,0.1480000019073486,0.0740001201629638,0.0739998817443847,0.0729999542236328,0.9121621504066808,1.824321361947812,1.82432723968838,1.8493162281503928,1.4634148005618668,8.217646035818213,7.94289255684788e-05,0.3399866169571803,-1.67935774119584,bluti,F,5,7,2.0
730,3B0019F652,not first visit,2025-01-24 13:48:27.464261,treatment,nah,0.0,2025-01-24,2025-01-24 13:48:28.232,0.1480000019073486,0.0739998817443847,0.0680000782012939,0.0639998912811279,0.9121621504066808,1.82432723968838,1.985291834523672,2.109378583269693,1.5254243616743997,8.217707813871431,2.267107609000283,1.880102688395628,-1.5686959899554511,bluti,F,5,7,2.0
731,3B0018F763,not first visit,2025-01-24 13:49:10.295029,treatment,SCARE,0.0,2025-01-24,2025-01-24 13:49:11.010,0.1329998970031738,0.063000202178955,0.0779998302459716,0.0690000057220459,1.0150383800430949,2.142850266044005,1.7307729975088262,1.95652157687962,1.5743443209795878,11.5082787274808,-5.845066294641926,3.07141267041834,-2.237852175369246,bluti,M,5,7,4.0
732,01103F9A64,not first visit,2025-01-24 13:49:17.129742,treatment,nah,0.0,2025-01-24,2025-01-24 13:49:19.666,0.1480000019073486,0.064000129699707,0.0629999637603759,0.0740001201629638,0.9121621504066808,2.109370725238046,2.142858375498125,1.824321361947812,1.5472769814177083,11.294413505840676,0.527364182934315,-4.650172531697925,-2.0082902274909964,greti,M ,5,7,6.0
733,01103F9A64,not first visit,2025-01-24 13:49:17.129742,treatment,nah,0.0,2025-01-24,2025-01-24 13:49:20.950,0.1429998874664306,0.0740001201629638,0.0639998912811279,0.0750000476837158,0.9440566869795012,1.824321361947812,2.109378583269693,1.799998855591548,1.5168541601369434,8.113038193728356,4.131263734530435,-4.451508827732567,-2.022093319186534,greti,M ,5,7,6.0
734,3B004CDB63,not first visit,2025-01-24 13:49:30.773764,treatment,nah,0.0,2025-01-24,2025-01-24 13:49:33.088,0.1329998970031738,0.0759999752044677,0.0740001201629638,0.0690000057220459,1.0150383800430949,1.776316369009339,1.824321361947812,1.95652157687962,1.5340909174035404,7.28496128657834,0.6400661655698638,1.848952427330212,-2.087455279964557,bluti,M,5,7,1.0
735,3B004CD4DE,not first visit,2025-01-24 13:49:36.369543,treatment,nah,0.0,2025-01-24,2025-01-24 13:49:38.056,0.1480000019073486,0.0690000057220459,0.0690000057220459,0.0639998912811279,0.9121621504066808,1.95652157687962,1.95652157687962,2.109378583269693,1.5428575632524664,9.625432163638978,0.0,2.2986033799172896,-1.6289915285128216,bluti,M,5,7,3.0
736,3B0019B8CC,not first visit,2025-01-24 13:49:49.960917,treatment,nah,0.0,2025-01-24,2025-01-24 13:49:50.622,0.1430001258850097,0.0690000057220459,0.0690000057220459,0.0689997673034668,0.9440551129903,1.95652157687962,1.95652157687962,1.9565283373530613,1.5428575632524664,9.551564484553587,0.0,9.797803711568382e-05,-1.91255065995561,greti,F,5,7,2.0
737,3B0019B8CC,not first visit,2025-01-24 13:49:49.960917,treatment,nah,0.0,2025-01-24,2025-01-24 13:49:51.350,0.8890001773834229,0.0739998817443847,0.0690000057220459,0.0690000057220459,0.151855987697711,1.82432723968838,1.95652157687962,1.95652157687962,0.4904631838211458,3.47346033084449,1.8488733037957423,0.0,1.7123801093233448,greti,F,5,7,2.0
738,3B0019F652,not first visit,2025-01-24 13:51:36.119869,treatment,nah,0.0,2025-01-24,2025-01-24 13:51:36.143,1.56000018119812,0.0690000057220459,0.0690000057220459,0.0739998817443847,0.0865384514867918,1.95652157687962,1.95652157687962,1.82432723968838,0.3047403935278777,2.295866066078569,0.0,-1.8488733037957423,1.7337110641931262,bluti,F,5,7,2.0
739,3B004CDB63,not first visit,2025-01-24 13:52:01.907338,treatment,nah,0.0,2025-01-24,2025-01-24 13:52:02.872,1.5840001106262207,0.0739998817443847,0.0740001201629638,0.0739998817443847,0.0852272667750186,1.82432723968838,1.824321361947812,1.82432723968838,0.2990033232064844,2.097828686267724,-7.94289255684788e-05,7.94289255684788e-05,1.737093599011406,bluti,M,5,7,1.0
740,3B0019B8CC,not first visit,2025-01-24 13:54:22.555972,treatment,SCARE,1.0,2025-01-24,2025-01-24 13:54:23.281,0.1670000553131103,0.1440000534057617,0.0750000476837158,0.0729999542236328,0.8083829657833761,0.9374996523063678,1.799998855591548,1.8493162281503928,1.1764703046874432,0.8303320989492415,7.8767014169805,0.6664509719360568,-0.5352935457543688,greti,F,5,7,2.0
741,3B0019B8CC,not first visit,2025-01-24 13:57:27.600696,treatment,nah,0.0,2025-01-24,2025-01-24 13:57:28.763,0.2070000171661377,0.1480000019073486,0.0639998912811279,0.064000129699707,0.6521738589598731,0.9121621504066808,2.109378583269693,2.109370725238046,1.118012329645497,1.4647226900175985,11.294500340135906,-0.0001227817243613,0.2326112386093282,greti,F,5,7,3.0
742,3B00186448,not first visit,2025-01-24 13:57:47.390893,treatment,nah,0.0,2025-01-24,2025-01-24 13:57:48.390,0.2159998416900634,0.0740001201629638,0.0789999961853027,0.0739998817443847,0.6250004580730688,1.824321361947812,1.7088608420099594,1.82432723968838,1.2189620661372302,8.271179735413634,-1.5092866945935626,1.5093658797752028,-0.2729898880857502,greti,M,5,7,8.0
743,01103F9A64,not first visit,2025-01-24 15:22:49.976974,treatment,nah,0.0,2025-01-24,2025-01-24 15:22:51.094,0.2979998588562011,0.1360001564025879,0.0669999122619628,0.0729999542236328,0.4530203487953456,0.992645917261836,2.014928011728786,1.8493162281503928,0.9407667443396344,2.486753684304449,10.07174136631677,-2.3658848788321127,0.6832406098522952,greti,M ,5,7,6.0
744,3B00484043,not first visit,2025-01-24 15:23:03.830743,treatment,SCARE,0.0,2025-01-24,2025-01-24 15:23:05.072,0.1459999084472656,0.0680000782012939,0.1400001049041748,0.0619997978210449,0.9246581140751968,1.985291834523672,0.9642849917319906,2.177426455319444,1.298077268272554,9.912465295526356,-9.817364846010436,12.011307403822746,-0.7862210019681433,bluti,F,5,7,4.0
745,3B004CD4DE,not first visit,2025-01-24 15:23:07.245283,treatment,nah,0.0,2025-01-24,2025-01-24 15:23:07.371,0.1449999809265136,0.0680000782012939,0.0729999542236328,0.0729999542236328,0.9310346052281092,1.985291834523672,1.8493162281503928,1.8493162281503928,1.5041784088380914,9.899126165622055,-1.928731561755867,0.0,-1.874822192762043,bluti,M,5,7,3.0
746,3B00182A81,not first visit,2025-01-24 15:23:33.012363,treatment,nah,0.0,2025-01-24,2025-01-24 15:23:33.931,0.1400001049041748,0.0729999542236328,0.0679998397827148,0.0770001411437988,0.9642849917319906,1.8493162281503928,1.9852987952821064,1.7532435394876178,1.508379719505235,8.310150147773927,1.928833557382232,-3.2007625699219164,-2.1116274520917173,bluti,F,6,7,5.0
747,01103F9A64,not first visit,2025-01-24 15:24:45.105037,treatment,SCARE,1.0,2025-01-24,2025-01-24 15:24:46.536,0.1449999809265136,0.0729999542236328,0.0729999542236328,0.0670001506805419,0.9310346052281092,1.8493162281503928,1.8493162281503928,2.0149208416512763,1.508379719505235,8.42460455127954,0.0,2.365778420155234,-1.679661302637088,greti,M ,5,7,6.0
748,3B004CD4DE,not first visit,2025-01-24 15:56:15.184694,treatment,nah,0.0,2025-01-24,2025-01-24 15:56:17.051,0.9699997901916504,0.0740001201629638,0.0690000057220459,0.0690000057220459,0.1391752878351932,1.824321361947812,1.95652157687962,1.95652157687962,0.4568528221036225,3.228249461324623,1.848952427330212,0.0,1.7464456782734403,bluti,M,5,7,3.0
749,3B004CDB63,not first visit,2025-01-24 15:56:24.770899,treatment,SCARE,1.0,2025-01-24,2025-01-24 15:56:27.483,0.9129998683929444,0.0690000057220459,0.064000129699707,0.0629999637603759,0.1478642053230807,1.95652157687962,2.109370725238046,2.142858375498125,0.4869251720365312,3.683620373549557,2.2984810936279225,0.527364182934315,1.90475178441766,bluti,M,5,7,1.0
750,3B0018F763,not first visit,2025-01-24 15:56:37.871808,treatment,nah,0.0,2025-01-24,2025-01-24 15:56:39.244,0.1480000019073486,0.0729999542236328,0.0690000057220459,0.0740001201629638,0.9121621504066808,1.8493162281503928,1.95652157687962,1.824321361947812,1.483516149252617,8.481034061276315,1.5099349150554262,-1.848952427330212,-1.7810623327664985,bluti,M,5,7,4.0
751,3B001816CC,not first visit,2025-01-24 15:58:32.049192,treatment,SCARE,0.0,2025-01-24,2025-01-24 15:58:32.715,0.1380000114440918,0.0740001201629638,0.0729999542236328,0.0769999027252197,0.9782607884398098,1.824321361947812,1.8493162281503928,1.7532489681416643,1.4917127543406017,7.981698568717722,0.3400660347537917,-1.2808980216759334,-2.0906043421488345,bluti,F,6,7,2.0
752,3B004CDB63,not first visit,2025-01-24 15:58:49.310051,treatment,SCARE,1.0,2025-01-24,2025-01-24 15:58:50.803,0.1459999084472656,0.0740001201629638,0.0739998817443847,0.0740001201629638,0.9246581140751968,1.824321361947812,1.82432723968838,1.824321361947812,1.4673911826597146,8.17875573522342,7.94289255684788e-05,-7.94289255684788e-05,-1.7596245914266226,bluti,M,5,7,2.0
753,3B001816CC,not first visit,2025-01-24 16:00:09.809535,treatment,nah,0.0,2025-01-24,2025-01-24 16:00:10.759,0.1039998531341552,0.059000015258789,0.0499999523162841,0.0530002117156982,1.2980787561868563,2.288135001454757,2.70000257492311,2.5471596363456426,2.030074940507401,12.147939198100074,7.557205430995763,-2.967819323666483,-4.375927063317591,bluti,F,6,7,2.0
754,3B004CDB63,not first visit,2025-01-24 16:01:07.411301,treatment,SCARE,1.0,2025-01-24,2025-01-24 16:01:09.512,0.1419999599456787,0.1529998779296875,0.0740001201629638,0.0690000057220459,0.950704493519882,0.8823536451580732,1.824321361947812,1.95652157687962,1.2328768143355988,-0.4633958367847381,8.299275107529027,1.848952427330212,-0.9027402217849604,bluti,M,5,7,3.0
755,3B001816CC,not first visit,2025-01-24 16:01:46.090000,treatment,SCARE,1.0,2025-01-24,2025-01-24 16:01:47.089,0.1480000019073486,0.0789999961853027,0.0740001201629638,0.0739998817443847,0.9121621504066808,1.7088608420099594,1.824321361947812,1.82432723968838,1.4400000000000002,7.019371791167163,1.5092866945935626,7.94289255684788e-05,-1.6308316595760388,bluti,F,6,7,2.0
756,3B00182A81,not first visit,2025-01-24 16:04:47.976729,treatment,nah,0.0,2025-01-24,2025-01-24 16:04:48.834,0.1429998874664306,0.0740001201629638,0.0679998397827148,0.0690000057220459,0.9440566869795012,1.824321361947812,1.9852987952821064,1.95652157687962,1.5254243616743997,8.113038193728356,2.267288432980896,-0.4201058518928999,-1.850160047121516,bluti,F,6,7,5.0
757,3B004CDB63,not first visit,2025-01-24 16:05:20.029207,treatment,nah,0.0,2025-01-24,2025-01-24 16:05:21.424,0.1480000019073486,0.0739998817443847,0.0690000057220459,0.0780000686645507,0.9121621504066808,1.82432723968838,1.95652157687962,1.7307677071488832,1.4634148005618668,8.217707813871431,1.8488733037957423,-3.071479666561589,-1.832366768047748,bluti,M,5,7,4.0
758,3B004CD4DE,not first visit,2025-01-24 16:29:51.039533,treatment,nah,0.0,2025-01-24,2025-01-24 16:29:51.582,0.1429998874664306,0.0740001201629638,0.0739998817443847,1.1010000705718994,0.9440566869795012,1.824321361947812,1.82432723968838,0.1226157959552864,0.3879310456453411,8.113038193728356,7.94289255684788e-05,-2.896530234539159,-1.1034318798427716,bluti,M,5,7,3.0
759,3B0019B8CC,not first visit,2025-01-24 16:30:09.482344,treatment,nah,0.0,2025-01-24,2025-01-24 16:30:11.287,0.1330001354217529,0.0679998397827148,0.0740001201629638,0.874000072479248,1.0150365604659377,1.9852987952821064,1.824321361947812,0.1544622297536541,0.469973821685339,9.654351786154864,-2.267288432980896,-3.52290884570397,-1.4180187307272327,greti,F,5,7,3.0
760,3B0019B8CC,not first visit,2025-01-24 16:32:03.773206,treatment,nah,0.0,2025-01-24,2025-01-24 16:32:05.279,0.7089998722076416,0.0670001506805419,0.0729999542236328,0.0669999122619628,0.190409061118227,2.0149208416512763,1.8493162281503928,2.014928011728786,0.5895197218518984,4.702349811131254,-2.365778420155234,2.3658848788321127,1.6543047879598878,greti,F,5,7,3.0
761,3B004CD4DE,not first visit,2025-01-24 16:33:05.510681,treatment,SCARE,1.0,2025-01-24,2025-01-24 16:33:06.834,0.1449999809265136,0.0629999637603759,0.0669999122619628,0.0729999542236328,0.9310346052281092,2.142858375498125,2.014928011728786,1.8493162281503928,1.5517249799091133,11.652154735850733,-1.9681613195901129,-2.3658848788321127,-2.046228602399405,bluti,M,5,7,3.0
762,3B0019B8CC,not first visit,2025-01-24 16:33:22.689984,treatment,SCARE,1.0,2025-01-24,2025-01-24 16:33:23.724,0.1389999389648437,0.0690000057220459,0.0670001506805419,0.057999849319458,0.9712234480487404,1.95652157687962,2.0149208416512763,2.3275922538424543,1.6216218909818338,9.474022988939604,0.8588117295804144,5.002742595058848,-1.814084670288728,greti,F,5,7,3.0
763,3B004CD4DE,not first visit,2025-01-24 16:40:42.505220,treatment,SCARE,0.0,2025-01-24,2025-01-24 16:40:43.246,0.1589999198913574,0.1460001468658447,0.0679998397827148,0.0720000267028808,0.8490570315522408,0.9246566041063478,1.9852987952821064,1.874999304612736,1.2134833281095547,0.4957347934896595,9.91254446120684,-1.5757085122751755,-0.7018053532458455,bluti,M,5,7,4.0
764,3B004CD4DE,not first visit,2025-01-24 16:42:35.506092,treatment,nah,0.0,2025-01-24,2025-01-24 16:42:36.632,0.1400001049041748,0.0739998817443847,0.0720000267028808,0.0680000782012939,0.9642849917319906,1.82432723968838,1.874999304612736,1.985291834523672,1.5254233343031716,8.03777851976028,0.6941383109518589,1.5756063895298893,-1.8718481324042904,bluti,M,5,7,4.0
765,3B00190DF0,not first visit,2025-01-30 08:03:33.836012,treatment,nah,0.0,2025-01-30,2025-01-30 08:03:36.157,0.1429998874664306,0.0680000782012939,0.0690000057220459,0.0680000782012939,0.9440566869795012,1.985291834523672,1.95652157687962,1.985291834523672,1.55172391680563,9.8695290707665,-0.4200035039416624,0.4200035039416624,-1.907724359672749,greti,M,6,8,0.0
766,3B00185CB8,first visit,2025-01-30 08:29:48.309264,treatment,SCARE,0.0,2025-01-30,2025-01-30 08:29:48.383,0.1400001049041748,0.0729999542236328,0.0729999542236328,0.062000036239624,0.9642849917319906,1.8493162281503928,1.8493162281503928,2.177418082115925,1.55172391680563,8.310150147773927,0.0,4.860768550273817,-1.72657007027647,bluti,F,6,8,0.0
767,3B00190DF0,not first visit,2025-01-30 08:33:07.444526,treatment,SCARE,1.0,2025-01-30,2025-01-30 08:33:08.000,0.3310000896453857,0.0679998397827148,0.0740001201629638,0.0739998817443847,0.4078548744341162,1.9852987952821064,1.824321361947812,1.82432723968838,0.9872030489686544,7.906988470444047,-2.267288432980896,7.94289255684788e-05,0.6404232083662562,greti,M,6,8,0.0
768,3B00190DF0,not first visit,2025-01-30 08:34:33.712322,treatment,nah,0.0,2025-01-30,2025-01-30 08:34:34.720,0.2160000801086425,0.0679998397827148,0.0690000057220459,0.0729999542236328,0.6249997682042452,1.9852987952821064,1.95652157687962,1.8493162281503928,1.2676059913598428,9.57957331536034,-0.4201058518928999,-1.5099349150554262,-0.3709326994127881,greti,M,6,8,1.0
769,3B00190DF0,not first visit,2025-01-30 08:37:30.362403,treatment,nah,0.0,2025-01-30,2025-01-30 08:37:30.419,0.1380000114440918,0.0740001201629638,0.0729999542236328,0.0750000476837158,0.9782607884398098,1.824321361947812,1.8493162281503928,1.799998855591548,1.4999994436901884,7.981698568717722,0.3400660347537917,-0.6664509719360568,-2.059016478898529,greti,M,6,8,1.0
770,3B00190DF0,not first visit,2025-01-30 08:40:10.521990,treatment,nah,0.0,2025-01-30,2025-01-30 08:40:11.261,0.1400001049041748,0.0639998912811279,0.0680000782012939,0.0750000476837158,0.9642849917319906,2.109378583269693,1.985291834523672,1.799998855591548,1.5561954179675477,11.226407970101729,-1.880102688395628,-2.591507913512228,-2.2262425115286497,greti,M,6,8,1.0
771,3B0018F763,first visit,2025-01-30 08:54:44.420682,treatment,SCARE,0.0,2025-01-30,2025-01-30 08:54:45.019,0.1380000114440918,0.0729999542236328,0.0829999446868896,0.0789999961853027,0.9782607884398098,1.8493162281503928,1.6265071080381586,1.7088608420099594,1.447721542370444,8.256451008928517,-2.856529031983956,1.0167131361704955,-1.9896690189106048,bluti,M,5,8,0.0
772,3B0018F763,not first visit,2025-01-30 08:59:22.940916,treatment,SCARE,1.0,2025-01-30,2025-01-30 08:59:25.014,0.1360001564025879,0.0679998397827148,0.0740001201629638,0.0729999542236328,0.992645917261836,1.9852987952821064,1.824321361947812,1.8493162281503928,1.5384612291392277,9.731891142964503,-2.267288432980896,0.3400660347537917,-2.1776446473680213,bluti,M,5,8,0.0
773,3B0018F763,not first visit,2025-01-30 12:31:40.649616,treatment,nah,0.0,2025-01-30,2025-01-30 12:31:41.314,0.1470000743865966,0.0750000476837158,0.0680000782012939,0.0739998817443847,0.918366882216416,1.799998855591548,1.985291834523672,1.82432723968838,1.483516149252617,7.942626023384791,2.591507913512228,-2.267107609000283,-1.7984203170374355,bluti,M,5,8,1.0
774,3B0018F763,not first visit,2025-01-30 12:36:51.941589,treatment,nah,0.0,2025-01-30,2025-01-30 12:36:52.629,0.1380000114440918,0.064000129699707,0.0739998817443847,0.064000129699707,0.9782607884398098,2.109370725238046,1.82432723968838,2.109370725238046,1.588234581337163,11.1991004599648,-4.131064665384407,4.131064665384407,-1.983769244372322,bluti,M,5,8,1.0
775,3B0018F763,not first visit,2025-01-30 12:38:33.491223,treatment,SCARE,0.0,2025-01-30,2025-01-30 12:38:34.310,0.1519999504089355,0.0680000782012939,0.0680000782012939,0.0369999408721923,0.8881581845046697,1.985291834523672,1.985291834523672,3.64865447937676,1.6615382177590272,9.973940975823927,0.0,31.683092241896667,-0.2045246586454774,bluti,M,5,8,1.0
776,3B0018F763,not first visit,2025-01-30 12:46:14.701446,treatment,SCARE,0.0,2025-01-30,2025-01-30 12:46:15.594,0.1449999809265136,0.0669999122619628,0.0740001201629638,0.0699999332427978,0.9310346052281092,2.014928011728786,1.824321361947812,1.9285732678022216,1.5168541601369434,10.225414647139011,-2.703639800685287,1.4479425998634807,-1.8180450200516984,bluti,M,5,8,1.0
777,3B0019F652,not first visit,2025-01-30 12:47:30.205649,treatment,nah,0.0,2025-01-30,2025-01-30 12:47:31.144,0.1589999198913574,0.0729999542236328,0.0740001201629638,6.799999952316284,0.8490570315522408,1.8493162281503928,1.824321361947812,0.0198529413156855,0.0759921199068979,8.622928787473189,-0.3400660347537917,-0.5250126277584715,-0.214272807780182,bluti,F,5,8,0.0
778,3B0018F763,not first visit,2025-01-30 12:47:38.622715,treatment,SCARE,0.0,2025-01-30,2025-01-30 12:47:39.432,0.1380000114440918,0.0729999542236328,0.0740001201629638,0.0680000782012939,0.9782607884398098,1.8493162281503928,1.824321361947812,1.985291834523672,1.5297443316515715,8.256451008928517,-0.3400660347537917,2.267186587485454,-1.92774945335208,bluti,M,5,8,1.0
779,3B0018F763,not first visit,2025-01-30 12:48:37.506855,treatment,nah,0.0,2025-01-30,2025-01-30 12:48:38.769,0.1480000019073486,0.0739998817443847,0.0740001201629638,0.0729999542236328,0.9121621504066808,1.82432723968838,1.824321361947812,1.8493162281503928,1.4634148005618668,8.217707813871431,-7.94289255684788e-05,0.3400660347537917,-1.67935774119584,bluti,M,5,8,1.0
780,3B0018F763,not first visit,2025-01-30 12:49:31.084132,treatment,SCARE,1.0,2025-01-30,2025-01-30 12:49:32.080,0.1480000019073486,0.0789999961853027,0.0730001926422119,0.0739998817443847,0.9121621504066808,1.7088608420099594,1.8493101882848608,1.82432723968838,1.4438499875690871,7.019371791167163,1.8480154183792368,-0.3399038905351528,-1.6439681871639236,bluti,M,5,8,1.0
781,3B004AB6A7,not first visit,2025-01-30 13:29:55.840420,treatment,nah,0.0,2025-01-30,2025-01-30 13:29:57.741,0.1410000324249267,0.0729999542236328,0.0750000476837158,0.0740001201629638,0.9574465883323724,1.8493162281503928,1.799998855591548,1.824321361947812,1.4876026726514302,8.33523079870738,-0.6664509719360568,0.3264762276146148,-1.923022259520886,bluti,M,5,8,0.0
782,3B004AB6A7,not first visit,2025-01-30 13:40:40.816350,treatment,nah,0.0,2025-01-30,2025-01-30 13:40:41.549,0.1410000324249267,0.0769999027252197,0.0680000782012939,0.0720000267028808,0.9574465883323724,1.7532489681416643,1.985291834523672,1.874999304612736,1.508379719505235,7.300941436163149,3.200591681451426,-1.5756063895298893,-1.931945221812453,bluti,M,5,8,0.0
783,3B0018F763,not first visit,2025-01-30 13:46:40.455497,treatment,SCARE,0.0,2025-01-30,2025-01-30 13:46:41.225,0.1449999809265136,0.0720000267028808,0.063000202178955,0.0669999122619628,0.9310346052281092,1.874999304612736,2.142850266044005,2.014928011728786,1.5561954179675477,8.700135172315619,3.9681556638798936,-1.9680329492841588,-1.848283304980564,bluti,M,5,8,2.0
784,3B0018F763,not first visit,2025-01-30 14:19:20.977495,treatment,SCARE,0.0,2025-01-30,2025-01-30 14:19:21.682,0.1470000743865966,0.0690000057220459,0.0690000057220459,0.0680000782012939,0.918366882216416,1.95652157687962,1.95652157687962,1.985291834523672,1.5297443316515715,9.612539904068909,0.0,0.4200035039416624,-1.7555087927916506,bluti,M,5,8,2.0
785,3B0019B8CC,not first visit,2025-01-30 16:02:26.617071,treatment,nah,0.0,2025-01-30,2025-01-30 16:02:27.427,2.3320000171661377,0.1440000534057617,0.0719997882843017,0.0720000267028808,0.0578902225584255,0.9374996523063678,1.875005513445854,1.874999304612736,0.2061068792317024,0.7105084044240536,8.680616187531344,-8.623390410715187e-05,1.8341740379512483,greti,F,5,8,0.0
786,3B0019B8CC,not first visit,2025-01-30 16:12:42.848699,treatment,SCARE,1.0,2025-01-30,2025-01-30 16:12:46.119,0.2799999713897705,0.0720000267028808,0.0680000782012939,0.0720000267028808,0.4821429064079257,1.874999304612736,1.985291834523672,1.874999304612736,1.0975607458429404,7.913956850864473,1.5756063895298893,-1.5756063895298893,0.349231115360967,greti,F,5,8,0.0
787,3B0018F763,not first visit,2025-01-30 16:15:42.034050,treatment,SCARE,1.0,2025-01-30,2025-01-30 16:15:43.107,0.1449999809265136,0.0729999542236328,0.0729999542236328,0.0729999542236328,0.9310346052281092,1.8493162281503928,1.8493162281503928,1.8493162281503928,1.4835171209503213,8.42460455127954,0.0,0.0,-1.801801645909072,bluti,M,5,8,2.0
788,3B0018F763,not first visit,2025-01-30 16:19:42.820541,treatment,SCARE,0.0,2025-01-30,2025-01-30 16:19:43.540,0.1449999809265136,0.0729999542236328,0.0770001411437988,0.0729999542236328,0.9310346052281092,1.8493162281503928,1.7532435394876178,1.8493162281503928,1.4673911826597146,8.42460455127954,-1.2809683677525867,1.2809683677525867,-1.745411103768396,bluti,M,5,8,3.0
789,3B0018F763,not first visit,2025-01-30 16:22:16.488976,treatment,nah,0.0,2025-01-30,2025-01-30 16:22:17.459,0.3420000076293945,0.0739998817443847,0.0739998817443847,0.0730001926422119,0.3947368332994063,1.82432723968838,1.82432723968838,1.8493101882848608,0.9591474862507005,6.873032627681663,0.0,0.3399038905351528,0.7389389232306778,bluti,M,5,8,3.0
790,3B0018F763,not first visit,2025-01-30 16:22:54.205108,treatment,SCARE,1.0,2025-01-30,2025-01-30 16:22:55.736,0.5399999618530273,0.0729999542236328,0.0740001201629638,0.0690000057220459,0.2500000176606367,1.8493162281503928,1.824321361947812,1.95652157687962,0.714285674639392,5.217998138485064,-0.3400660347537917,1.848952427330212,1.402811753072205,bluti,M,5,8,3.0
791,3B0018F763,not first visit,2025-01-30 16:23:15.443996,treatment,nah,0.0,2025-01-30,2025-01-30 16:23:16.373,0.2160000801086425,0.0750000476837158,0.0680000782012939,0.0739998817443847,0.6249997682042452,1.799998855591548,1.985291834523672,1.82432723968838,1.2471129112719657,8.075591555930293,2.591507913512228,-2.267107609000283,-0.3458100395080654,bluti,M,5,8,4.0
792,3B0018F763,not first visit,2025-01-30 16:24:09.541600,treatment,SCARE,1.0,2025-01-30,2025-01-30 16:24:11.163,0.1519999504089355,0.0739998817443847,0.0740001201629638,0.0679998397827148,0.8881581845046697,1.82432723968838,1.824321361947812,1.9852987952821064,1.4673921333486233,8.284688057189395,-7.94289255684788e-05,2.267288432980896,-1.457176162348376,bluti,M,5,8,4.0
793,3B0018F763,not first visit,2025-01-30 16:25:15.586988,treatment,SCARE,0.0,2025-01-30,2025-01-30 16:25:16.682,0.1430001258850097,0.0729999542236328,0.0739998817443847,0.0730001926422119,0.9440551129903,1.8493162281503928,1.82432723968838,1.8493101882848608,1.4876026726514302,8.382044253916666,-0.3399866169571803,0.3399038905351528,-1.852866794631436,bluti,M,5,8,5.0
794,3B0018F763,not first visit,2025-01-30 16:31:32.398019,treatment,SCARE,0.0,2025-01-30,2025-01-30 16:31:33.303,0.1480000019073486,0.0729999542236328,0.0789999961853027,0.0740001201629638,0.9121621504066808,1.8493162281503928,1.7088608420099594,1.824321361947812,1.4438499875690871,8.481034061276315,-1.8480977890131889,1.5092866945935626,-1.6439756369691902,bluti,M,5,8,5.0
795,3B0019B8CC,not first visit,2025-01-30 16:34:13.357456,treatment,nah,1.0,2025-01-30,2025-01-30 16:34:17.277,0.1900000572204589,0.1419999599456787,0.0740001201629638,0.0739998817443847,0.7105261018072123,0.950704493519882,1.824321361947812,1.82432723968838,1.1249999552965182,1.446857706591508,8.089042078026296,7.94289255684788e-05,-0.2174141412170334,greti,F,5,8,1.0
796,3B0018F763,not first visit,2025-01-30 16:34:43.136201,treatment,SCARE,0.0,2025-01-30,2025-01-30 16:34:44.194,0.1480000019073486,0.0729999542236328,0.0690000057220459,0.0829999446868896,0.9121621504066808,1.8493162281503928,1.95652157687962,1.6265071080381586,1.447721542370444,8.481034061276315,1.5099349150554262,-4.342297059355627,-1.915871093460632,bluti,M,5,8,5.0
797,3B0018F763,not first visit,2025-01-30 16:34:43.136201,treatment,SCARE,0.0,2025-01-30,2025-01-30 16:34:46.037,1.4809999465942385,0.0740001201629638,0.0739998817443847,0.0730001926422119,0.0911546285402987,1.824321361947812,1.82432723968838,1.8493101882848608,0.3172737692237221,2.229153259165912,7.94289255684788e-05,0.3399038905351528,1.7507646515369983,bluti,M,5,8,5.0
798,3B0019B8CC,not first visit,2025-01-30 16:34:59.537396,treatment,nah,0.0,2025-01-30,2025-01-30 16:35:02.079,0.3470001220703125,0.0739998817443847,0.0739998817443847,0.0780000686645507,0.3890488544918869,1.82432723968838,1.82432723968838,1.7307677071488832,0.9424084522513708,6.818424570980429,0.0,-1.2310468824205203,0.6515749004546825,greti,F,5,8,2.0
799,3B004CDB63,first visit,2025-02-06 08:01:42.421126,treatment,SCARE,0.0,2025-02-06,2025-02-06 08:01:42.793,0.1440000534057617,0.0720000267028808,0.0659999847412109,0.0669999122619628,0.9374996523063678,1.874999304612736,2.04545501835101,2.014928011728786,1.54727803843663,8.680549116785782,2.4703724580099986,-0.459053086657584,-1.8351733202499585,bluti,M,5,9,0.0
800,01101763D0,first visit,2025-02-06 08:10:47.982174,treatment,SCARE,0.0,2025-02-06,2025-02-06 08:10:48.491,0.1430001258850097,0.0739998817443847,0.0729999542236328,0.0740001201629638,0.9440551129903,1.82432723968838,1.8493162281503928,1.824321361947812,1.483516149252617,8.113106873262982,0.3399866169571803,-0.3400660347537917,-1.8706111801738217,greti,M,6,9,0.0
801,3B004CDB63,not first visit,2025-02-06 08:15:28.839133,treatment,nah,0.0,2025-02-06,2025-02-06 08:15:29.338,0.1449999809265136,0.0729999542236328,0.0669999122619628,0.0680000782012939,0.9310346052281092,1.8493162281503928,2.014928011728786,1.985291834523672,1.5297453648514208,8.42460455127954,2.3658848788321127,-0.4390545081287317,-1.7917264123365564,bluti,M,5,9,0.0
802,3B004CDB63,not first visit,2025-02-06 08:28:20.514344,treatment,SCARE,0.0,2025-02-06,2025-02-06 08:28:21.018,0.1410000324249267,0.0670001506805419,0.0729999542236328,0.0669999122619628,0.9574465883323724,2.0149208416512763,1.8493162281503928,2.014928011728786,1.55172391680563,10.168012715476314,-2.365778420155234,2.3658848788321127,-1.9090321735818223,bluti,M,5,9,0.0
803,3B004CDB63,not first visit,2025-02-06 08:30:31.975356,treatment,SCARE,0.0,2025-02-06,2025-02-06 08:30:32.786,0.1400001049041748,0.0729999542236328,0.0720000267028808,0.0779998302459716,0.9642849917319906,1.8493162281503928,1.874999304612736,1.7307729975088262,1.4876036497098255,8.310150147773927,0.3542493771134822,-1.9230192619862048,-2.065625377453703,bluti,M,5,9,0.0
804,3B00192E1E,not first visit,2025-02-06 08:49:10.333050,treatment,SCARE,1.0,2025-02-06,2025-02-06 08:49:12.928,0.0870001316070556,0.0619997978210449,0.0460000038146972,0.0340001583099365,1.5517217906030338,2.177426455319444,2.934782365319429,3.970569747628097,2.358077659875731,8.39872430970971,14.025135204495433,25.894632080744906,-5.238464569395797,bluti,M,6,9,0.0
805,3B00192E1E,not first visit,2025-02-06 08:51:49.449123,treatment,SCARE,1.0,2025-02-06,2025-02-06 08:51:50.450,0.0909998416900634,0.0550000667572021,0.0460000038146972,0.0440001487731933,1.4835190643495486,2.454542475302033,2.934782365319429,3.0681714440531023,2.288135001454757,13.30169890213613,9.509694147699149,2.964196724075786,-5.7360925618692535,bluti,M,6,9,1.0
806,3B001905E9,not first visit,2025-02-06 08:54:37.000010,treatment,SCARE,1.0,2025-02-06,2025-02-06 08:54:39.024,0.1490001678466797,0.0729999542236328,0.0739998817443847,0.0740001201629638,0.9060392478142322,1.8493162281503928,1.82432723968838,1.824321361947812,1.4594589704315957,8.497986141083327,-0.3399866169571803,-7.94289255684788e-05,-1.6806663286099586,greti,M,5,9,0.0
807,3B001905E9,not first visit,2025-02-06 08:54:37.000010,treatment,SCARE,1.0,2025-02-06,2025-02-06 08:54:39.877,1.1299998760223389,0.0729999542236328,0.064000129699707,0.0739998817443847,0.1194690396561877,1.8493162281503928,2.109370725238046,1.82432723968838,0.402684611296775,2.875889330991031,3.796413690274368,-4.131064665384407,1.6626641197033023,greti,M,5,9,1.0
808,3B004CDB63,not first visit,2025-02-06 09:20:33.205410,treatment,SCARE,0.0,2025-02-06,2025-02-06 09:20:34.019,0.1399998664855957,0.0720000267028808,0.0720000267028808,0.0729999542236328,0.9642866339011108,1.874999304612736,1.874999304612736,1.8493162281503928,1.5126055753903855,8.591633297682504,0.0,-0.3542493771134822,-2.000131969069831,bluti,M,5,9,0.0
809,3B004CDB63,not first visit,2025-02-06 09:23:08.375062,treatment,nah,0.0,2025-02-06,2025-02-06 09:23:10.614,0.1399998664855957,0.0729999542236328,0.0740001201629638,0.0690000057220459,0.9642866339011108,1.8493162281503928,1.824321361947812,1.95652157687962,1.5168541601369434,8.310144030191077,-0.3400660347537917,1.848952427330212,-1.8776199486844576,bluti,M,5,9,0.0
810,3B004CDB63,not first visit,2025-02-06 09:23:53.370042,treatment,nah,0.0,2025-02-06,2025-02-06 09:23:54.070,0.1470000743865966,0.0789999961853027,0.0739998817443847,0.0740001201629638,0.918366882216416,1.7088608420099594,1.82432723968838,1.824321361947812,1.4438499875690871,6.995519583628241,1.5093658797752028,-7.94289255684788e-05,-1.660942276137132,bluti,M,5,9,0.0
811,3B00192E1E,not first visit,2025-02-06 09:41:04.066284,treatment,nah,0.0,2025-02-06,2025-02-06 09:41:07.114,0.0969998836517334,0.0440001487731933,0.0429999828338623,0.0419998168945312,1.3917542466824138,3.0681714440531023,3.139536137063015,3.2142997275204364,2.3893823055304715,23.77896187028568,1.6405651736767008,1.7591474496721031,-5.678699683482065,bluti,M,6,9,2.0
812,3B0018C2F6,not first visit,2025-02-06 09:55:48.485162,treatment,SCARE,0.0,2025-02-06,2025-02-06 09:55:50.603,0.1440000534057617,0.0680000782012939,0.0720000267028808,0.0720000267028808,0.9374996523063678,1.985291834523672,1.874999304612736,1.874999304612736,1.516853144277321,9.884825771329211,-1.5756063895298893,0.0,-1.905239019293335,greti,F,6,9,0.0
813,3B0018C2F6,not first visit,2025-02-06 10:15:39.487883,treatment,nah,0.0,2025-02-06,2025-02-06 10:15:41.483,0.1489999294281005,0.0789999961853027,0.0740001201629638,0.0739998817443847,0.9060406975906912,1.7088608420099594,1.824321361947812,1.82432723968838,1.4361704896078649,7.04228426618463,1.5092866945935626,7.94289255684788e-05,-1.601157155224179,greti,F,6,9,0.0
814,3B0018C2F6,not first visit,2025-02-06 10:35:20.256936,treatment,SCARE,1.0,2025-02-06,2025-02-06 10:35:21.990,0.1440000534057617,0.0720000267028808,0.0720000267028808,0.0769999027252197,0.9374996523063678,1.874999304612736,1.874999304612736,1.7532489681416643,1.4794520161393043,8.680549116785782,0.0,-1.6342334783429742,-1.9304427268523496,greti,F,6,9,0.0
815,3B0018C2F6,not first visit,2025-02-06 10:37:39.614199,treatment,nah,0.0,2025-02-06,2025-02-06 10:37:41.897,0.1359999179840088,0.0769999027252197,0.0730001926422119,0.0729999542236328,0.9926476574483938,1.7532489681416643,1.8493101882848608,1.8493162281503928,1.5041784088380914,7.141802356083546,1.280815454255415,8.273780078283309e-05,-2.0510670123150216,greti,F,6,9,1.0
816,3B00192E1E,not first visit,2025-02-06 10:49:11.973194,treatment,SCARE,1.0,2025-02-06,2025-02-06 10:49:13.326,0.1449999809265136,0.0680000782012939,0.0729999542236328,0.0729999542236328,0.9310346052281092,1.985291834523672,1.8493162281503928,1.8493162281503928,1.5041784088380914,9.899126165622055,-1.928731561755867,0.0,-1.874822192762043,bluti,M,6,9,2.0
817,3B00192E1E,not first visit,2025-02-06 10:50:41.474222,treatment,nah,0.0,2025-02-06,2025-02-06 10:50:42.818,0.1459999084472656,0.0729999542236328,0.0720000267028808,0.0729999542236328,0.9246581140751968,1.8493162281503928,1.874999304612736,1.8493162281503928,1.4835171209503213,8.444371633828142,0.3542493771134822,-0.3542493771134822,-1.7839192643767074,bluti,M,6,9,3.0
818,3B004AE3AB,first visit,2025-02-06 15:06:36.537643,treatment,SCARE,0.0,2025-02-06,2025-02-06 15:06:36.801,0.1489999294281005,0.0720000267028808,0.0729999542236328,0.0739998817443847,0.9060406975906912,1.874999304612736,1.8493162281503928,1.82432723968838,1.4673921333486233,8.76885791278407,-0.3542493771134822,-0.3399866169571803,-1.7079967309330717,bluti,M,5,9,0.0
819,3B004AE3AB,not first visit,2025-02-06 15:11:01.207286,treatment,nah,0.0,2025-02-06,2025-02-06 15:11:02.175,0.1470000743865966,0.0739998817443847,0.0740001201629638,0.0739998817443847,0.918366882216416,1.82432723968838,1.824321361947812,1.82432723968838,1.4634148005618668,8.198737894183317,-7.94289255684788e-05,7.94289255684788e-05,-1.7283495625028964,bluti,M,5,9,0.0
820,3B004AE3AB,not first visit,2025-02-06 15:13:10.946489,treatment,SCARE,1.0,2025-02-06,2025-02-06 15:13:12.079,0.1470000743865966,0.0679998397827148,0.0740001201629638,0.0789999961853027,0.918366882216416,1.9852987952821064,1.824321361947812,1.7088608420099594,1.4673911826597146,9.92495199068299,-2.267288432980896,-1.5092866945935626,-1.892577979125,bluti,M,5,9,0.0
821,3B001816CC,first visit,2025-02-06 16:26:50.894381,treatment,SCARE,1.0,2025-02-06,2025-02-06 16:26:51.846,0.1380000114440918,0.0740001201629638,0.0639998912811279,0.0629999637603759,0.9782607884398098,1.824321361947812,2.109378583269693,2.142858375498125,1.592920416719121,7.981698568717722,4.131263734530435,0.5272414242912437,-1.958864024298592,bluti,F,6,9,0.0
822,3B00182A81,not first visit,2025-02-06 16:45:31.648126,treatment,nah,0.0,2025-02-06,2025-02-06 16:45:32.824,0.1410000324249267,0.0740001201629638,0.0739998817443847,0.0740001201629638,0.9574465883323724,1.824321361947812,1.82432723968838,1.824321361947812,1.4876026726514302,8.063945659397309,7.94289255684788e-05,-7.94289255684788e-05,-1.923022259520886,bluti,F,6,9,0.0
823,3B001816CC,not first visit,2025-02-06 16:45:35.946572,treatment,nah,0.0,2025-02-06,2025-02-06 16:45:35.969,1.5329999923706057,0.0789999961853027,0.0679998397827148,0.0690000057220459,0.0880626227474654,1.7088608420099594,1.9852987952821064,1.95652157687962,0.3087478852106446,2.010915919068297,3.7610647855728327,-0.4201058518928999,1.8636284987430256,bluti,F,6,9,1.0
824,3B00182A81,not first visit,2025-02-06 16:46:46.759226,treatment,SCARE,0.0,2025-02-06,2025-02-06 16:46:47.729,0.1480000019073486,0.0739998817443847,0.0729999542236328,0.064000129699707,0.9121621504066808,1.82432723968838,1.8493162281503928,2.109370725238046,1.5041784088380914,8.217707813871431,0.3399866169571803,3.796413690274368,-1.4960146682722957,bluti,F,6,9,0.0
825,3B001816CC,not first visit,2025-02-06 16:49:05.669011,treatment,nah,0.0,2025-02-06,2025-02-06 16:49:06.377,0.1459999084472656,0.0739998817443847,0.0740001201629638,0.0680000782012939,0.9246581140751968,1.82432723968838,1.824321361947812,1.985291834523672,1.4917127543406017,8.178818032775817,-7.94289255684788e-05,2.267186587485454,-1.6408184845580462,bluti,F,6,9,1.0
826,3B00182A81,not first visit,2025-02-06 16:49:09.540535,treatment,SCARE,0.0,2025-02-06,2025-02-06 16:49:10.297,0.1419999599456787,0.0740001201629638,0.0789999961853027,0.0739998817443847,0.950704493519882,1.824321361947812,1.7088608420099594,1.82432723968838,1.4634148005618668,8.089042078026296,-1.5092866945935626,1.5093658797752028,-1.8182181934212096,bluti,F,6,9,0.0
827,3B001816CC,not first visit,2025-02-06 16:50:09.904356,treatment,SCARE,1.0,2025-02-06,2025-02-06 16:50:10.409,0.1480000019073486,0.1480000019073486,0.0680000782012939,0.0810000896453857,0.9121621504066808,0.9121621504066808,1.985291834523672,1.666664822113446,1.2134826779593093,0.0,9.936382278906876,-4.276867831962328,-1.09328011879725,bluti,F,6,9,1.0
828,3B00182A81,not first visit,2025-02-06 16:50:31.516110,treatment,nah,0.0,2025-02-06,2025-02-06 16:50:32.353,0.1430001258850097,0.0729999542236328,0.0789999961853027,0.0690000057220459,0.9440551129903,1.8493162281503928,1.7088608420099594,1.95652157687962,1.483516149252617,8.382044253916666,-1.8480977890131889,3.346766644296417,-1.7026065381080526,bluti,F,6,9,0.0
829,3B00199DE5,not first visit,2025-02-06 16:51:39.405260,treatment,SCARE,0.0,2025-02-06,2025-02-06 16:51:41.570,0.1380000114440918,0.0729999542236328,0.0740001201629638,0.0690000057220459,0.9782607884398098,1.8493162281503928,1.824321361947812,1.95652157687962,1.5254233343031716,8.256451008928517,-0.3400660347537917,1.848952427330212,-1.948709818026836,bluti,M,5,9,0.0
830,3B00182A81,not first visit,2025-02-06 16:51:49.108724,treatment,nah,0.0,2025-02-06,2025-02-06 16:51:50.400,0.1480000019073486,0.0739998817443847,0.0729999542236328,0.0840001106262207,0.9121621504066808,1.82432723968838,1.8493162281503928,1.6071407405725446,1.4248023044196771,8.217707813871431,0.3399866169571803,-3.0850367840223827,-1.8611578304105816,bluti,F,6,9,0.0
831,3B004CDB63,first visit,2025-02-12 08:06:36.950631,treatment,SCARE,0.0,2025-02-12,2025-02-12 08:06:37.517,0.1449999809265136,0.0780000686645507,0.0720000267028808,0.0729999542236328,0.9310346052281092,1.7307677071488832,1.874999304612736,1.8493162281503928,1.4673911826597146,7.172492592600922,1.9230867435190748,-0.3542493771134822,-1.745411103768396,bluti,M,5,10,0.0
832,01101763D0,first visit,2025-02-12 08:07:33.778667,treatment,SCARE,1.0,2025-02-12,2025-02-12 08:07:34.952,0.1480000019073486,0.0740001201629638,0.0729999542236328,0.0690000057220459,0.9121621504066808,1.824321361947812,1.8493162281503928,1.95652157687962,1.483516149252617,8.217646035818213,0.3400660347537917,1.5099349150554262,-1.6135835942352026,greti,M,6,10,0.0
833,3B004CDB63,not first visit,2025-02-12 08:08:40.268328,treatment,nah,0.0,2025-02-12,2025-02-12 08:08:41.728,0.1530001163482666,0.0629999637603759,0.059000015258789,0.0739998817443847,0.8823522701950512,2.142858375498125,2.288135001454757,1.82432723968838,1.54727803843663,11.671348498288252,2.3815844416466776,-6.974558209700104,-1.9223918786874008,bluti,M,5,10,0.0
834,3B004CDB63,not first visit,2025-02-12 08:09:52.146676,treatment,nah,0.0,2025-02-12,2025-02-12 08:09:52.757,0.1380000114440918,0.0729999542236328,0.0690000057220459,0.0690000057220459,0.9782607884398098,1.8493162281503928,1.95652157687962,1.95652157687962,1.54727803843663,8.256451008928517,1.5099349150554262,0.0,-2.0282479296193494,bluti,M,5,10,0.0
835,3B00192E1E,first visit,2025-02-12 08:15:38.034101,treatment,SCARE,1.0,2025-02-12,2025-02-12 08:15:38.147,1.4119999408721924,0.1480000019073486,0.0739998817443847,0.063000202178955,0.0956090691594579,0.9121621504066808,1.82432723968838,2.142850266044005,0.318208598410674,1.0468629630746316,8.217707813871431,4.649968339199833,2.0432055827445774,bluti,M,6,10,0.0
836,3B00192E1E,not first visit,2025-02-12 08:16:52.378513,treatment,SCARE,1.0,2025-02-12,2025-02-12 08:16:54.001,0.1490001678466797,0.0789999961853027,0.0739998817443847,0.0740001201629638,0.9060392478142322,1.7088608420099594,1.82432723968838,1.824321361947812,1.436169578944098,7.042289619433015,1.5093658797752028,-7.94289255684788e-05,-1.601157551768759,bluti,M,6,10,1.0
837,3B0018A99B,first visit,2025-02-12 08:21:46.500386,treatment,SCARE,0.0,2025-02-12,2025-02-12 08:21:48.513,0.1480000019073486,0.0739998817443847,0.0690000057220459,0.0740001201629638,0.9121621504066808,1.82432723968838,1.95652157687962,1.824321361947812,1.4794520161393043,8.217707813871431,1.8488733037957423,-1.848952427330212,-1.7668689346950317,bluti,M,5,10,0.0
838,3B0018A99B,first visit,2025-02-12 08:21:46.500386,treatment,SCARE,0.0,2025-02-12,2025-02-12 08:21:49.269,1.003999948501587,0.0739998817443847,0.0740001201629638,3.641000032424927,0.134462158291422,1.82432723968838,1.824321361947812,0.0370777255692824,0.1126643025107471,3.135186173473468,-7.94289255684788e-05,-0.962176884506196,-0.0173493777323438,bluti,M,5,10,0.0
839,3B0018A99B,not first visit,2025-02-12 08:23:13.419644,treatment,SCARE,1.0,2025-02-12,2025-02-12 08:23:14.355,0.1500000953674316,0.0729999542236328,0.0729999542236328,0.0720000267028808,0.899999427795774,1.8493162281503928,1.8493162281503928,1.874999304612736,1.4673911826597146,8.514050127750808,0.0,0.3542493771134822,-1.6269444100433537,bluti,M,5,10,0.0
840,3B0018D520,first visit,2025-02-12 08:26:50.586719,treatment,SCARE,1.0,2025-02-12,2025-02-12 08:26:50.643,2.200000047683716,0.0680000782012939,0.0739998817443847,0.0740001201629638,0.0613636350336153,1.985291834523672,1.82432723968838,1.824321361947812,0.2235099219524586,1.6965856196672908,-2.267107609000283,-7.94289255684788e-05,1.7763435410495516,bluti,F,6,10,0.0
841,3B004CDB63,not first visit,2025-02-12 08:43:49.192663,treatment,SCARE,0.0,2025-02-12,2025-02-12 08:43:50.058,0.1469998359680175,0.0740001201629638,0.0750000476837158,0.0739998817443847,0.9183683717128204,1.824321361947812,1.799998855591548,1.82432723968838,1.4594599108700863,8.198671222342279,-0.3264762276146148,0.3265556459014513,-1.714664194652868,bluti,M,5,10,0.0
842,3B004CDB63,not first visit,2025-02-12 08:48:19.078113,treatment,nah,0.0,2025-02-12,2025-02-12 08:48:20.998,0.1480000019073486,0.063000202178955,0.0739998817443847,0.0740001201629638,0.9121621504066808,2.142850266044005,1.82432723968838,1.824321361947812,1.5041774098857985,11.665278912563952,-4.649968339199833,-7.94289255684788e-05,-1.8537496753063605,bluti,M,5,10,0.0
843,3B004CDB63,not first visit,2025-02-12 08:58:59.373102,treatment,nah,0.0,2025-02-12,2025-02-12 08:59:00.142,0.1480000019073486,0.0740001201629638,0.0739998817443847,0.0729999542236328,0.9121621504066808,1.824321361947812,1.82432723968838,1.8493162281503928,1.4634148005618668,8.217646035818213,7.94289255684788e-05,0.3399866169571803,-1.67935774119584,bluti,M,5,10,0.0
844,3B004CDB63,not first visit,2025-02-12 09:01:04.676538,treatment,SCARE,0.0,2025-02-12,2025-02-12 09:01:05.278,0.1480000019073486,0.0739998817443847,0.0729999542236328,0.0750000476837158,0.9121621504066808,1.82432723968838,1.8493162281503928,1.799998855591548,1.4594599108700863,8.217707813871431,0.3399866169571803,-0.6664509719360568,-1.7286767410310626,bluti,M,5,10,0.0
845,3B004CDB63,not first visit,2025-02-12 09:01:04.676538,treatment,SCARE,0.0,2025-02-12,2025-02-12 09:01:07.616,1.3250000476837158,0.0680000782012939,0.0690000057220459,0.0750000476837158,0.1018867887861579,1.985291834523672,1.95652157687962,1.799998855591548,0.3513337260957093,2.704098888061388,-0.4200035039416624,-2.1739258783053863,1.6782703337685785,bluti,M,5,10,0.0
846,3B001816CC,first visit,2025-02-12 09:06:32.168948,treatment,SCARE,0.0,2025-02-12,2025-02-12 09:06:32.681,0.1470000743865966,0.0690000057220459,0.0739998817443847,48.51300001144409,0.918366882216416,1.95652157687962,1.82432723968838,0.0027827592597479,0.0110648935576801,9.612539904068909,-1.8488733037957423,-0.0749807349469214,-0.0347429582586964,bluti,F,6,10,0.0
847,3B00192E1E,not first visit,2025-02-12 09:23:20.818325,treatment,nah,0.0,2025-02-12,2025-02-12 09:23:24.351,0.1449999809265136,0.0720000267028808,0.0669999122619628,0.0680000782012939,0.9310346052281092,1.874999304612736,2.014928011728786,1.985291834523672,1.5340909174035404,8.700135172315619,2.013363576388933,-0.4390545081287317,-1.807110302257404,bluti,M,6,10,2.0
848,01101763D0,not first visit,2025-02-12 09:31:41.834032,treatment,SCARE,0.0,2025-02-12,2025-02-12 09:31:43.704,0.2720000743865967,0.0609998703002929,0.062000036239624,0.0720000267028808,0.4963233936771761,2.213119459687632,2.177418082115925,1.874999304612736,1.1563168975974352,10.311089196274256,-0.5805106455120866,-4.513710976881378,0.1925468779001893,greti,M,6,10,1.0
849,3B0018A99B,not first visit,2025-02-12 09:32:34.672062,treatment,SCARE,0.0,2025-02-12,2025-02-12 09:32:36.218,0.1340000629425048,0.0769999027252197,0.0720000267028808,0.0750000476837158,1.0074622133418265,1.7532489681416643,1.874999304612736,1.799998855591548,1.508379719505235,7.0690699160992,1.6342334783429742,-1.0204137560358404,-2.1742112981893618,bluti,M,5,10,1.0
850,3B001816CC,not first visit,2025-02-12 09:40:25.017127,treatment,nah,0.0,2025-02-12,2025-02-12 09:40:25.613,0.1400001049041748,0.0680000782012939,0.0669999122619628,0.062000036239624,0.9642849917319906,1.985291834523672,2.014928011728786,2.177418082115925,1.602373261472917,9.817364846010436,0.4390545081287317,2.519226903181909,-1.9085342159571828,bluti,F,6,10,0.0
851,3B001816CC,not first visit,2025-02-12 09:40:25.017127,treatment,nah,0.0,2025-02-12,2025-02-12 09:40:27.184,0.744999885559082,0.0690000057220459,0.0740001201629638,0.0739998817443847,0.1812080815270056,1.95652157687962,1.824321361947812,1.82432723968838,0.5613306236554876,4.361950202618592,-1.848952427330212,7.94289255684788e-05,1.496348817246462,bluti,F,6,10,0.0
852,3B004CDB63,not first visit,2025-02-12 09:44:32.065599,treatment,nah,0.0,2025-02-12,2025-02-12 09:44:32.198,0.6070001125335693,0.1369998455047607,0.0740001201629638,0.0690000057220459,0.2224052305962859,0.9854025710949342,1.824321361947812,1.95652157687962,0.6087936289830952,2.0510682353004634,7.951838173983194,1.848952427330212,1.5514118855292087,bluti,M,5,10,0.0
853,3B001816CC,not first visit,2025-02-12 09:44:51.306776,treatment,SCARE,0.0,2025-02-12,2025-02-12 09:44:52.552,0.1429998874664306,0.0680000782012939,0.0739998817443847,0.0690000057220459,0.9440566869795012,1.985291834523672,1.82432723968838,1.95652157687962,1.5254243616743997,9.8695290707665,-2.267107609000283,1.8488733037957423,-1.850160047121516,bluti,F,6,10,0.0
854,3B004CDB63,not first visit,2025-02-12 09:45:11.729835,treatment,SCARE,0.0,2025-02-12,2025-02-12 09:45:12.928,0.1480000019073486,0.0690000057220459,0.0740001201629638,0.0679998397827148,0.9121621504066808,1.95652157687962,1.824321361947812,1.9852987952821064,1.5041784088380914,9.625432163638978,-1.848952427330212,2.267288432980896,-1.6488126811501678,bluti,M,5,10,0.0
855,3B001877B5,first visit,2025-02-12 09:46:47.302809,treatment,SCARE,0.0,2025-02-12,2025-02-12 09:46:48.486,0.621999979019165,0.0469999313354492,0.0469999313354492,0.0490000247955322,0.2170418079641774,2.8723446218777267,2.8723446218777267,2.755100646649248,0.7058824761378801,7.938126067927461,0.0,-2.4425839334449795,2.2497644967128454,greti,M,5,10,0.0
856,3B001877B5,first visit,2025-02-12 09:46:47.302809,treatment,SCARE,0.0,2025-02-12,2025-02-12 09:46:49.488,0.8100001811981201,0.057999849319458,0.0499999523162841,0.0480000972747802,0.1666666293831112,2.3275922538424543,2.70000257492311,2.812494300317394,0.5590061648227485,4.979091125540188,6.89650009426328,2.2957483361220867,2.5021281034191,greti,M,5,10,0.0
857,3B004CDB63,not first visit,2025-02-12 09:46:50.922424,treatment,nah,0.0,2025-02-12,2025-02-12 09:46:51.564,0.1750001907348632,0.062000036239624,0.0669999122619628,0.0659999847412109,0.7714277306390701,2.177418082115925,2.014928011728786,2.04545501835101,1.4594589704315957,11.86488611783657,-2.519226903181909,0.459053086657584,-1.0464392445346995,bluti,M,5,10,0.0
858,3B001877B5,not first visit,2025-02-12 09:55:10.597805,treatment,SCARE,1.0,2025-02-12,2025-02-12 09:55:12.302,0.1410000324249267,0.0669999122619628,0.0729999542236328,0.0729999542236328,0.9574465883323724,2.014928011728786,1.8493162281503928,1.8493162281503928,1.5254243616743997,10.168093313565842,-2.3658848788321127,0.0,-2.026987948982957,greti,M,5,10,0.0
859,3B004CEFFE,not first visit,2025-02-12 09:55:24.224867,treatment,SCARE,1.0,2025-02-12,2025-02-12 09:55:26.344,0.1469998359680175,0.0700001716613769,0.0690000057220459,0.0729999542236328,0.9183683717128204,1.928566699136927,1.95652157687962,1.8493162281503928,1.5041784088380914,9.310583335548843,0.4022279434303292,-1.5099349150554262,-1.8389090906970875,bluti,F,5,10,0.0
860,01103F97C4,first visit,2025-02-12 09:55:56.105574,treatment,SCARE,1.0,2025-02-12,2025-02-12 09:55:57.841,0.1480000019073486,0.0639998912811279,0.0729999542236328,0.0690000057220459,0.9121621504066808,2.109378583269693,1.8493162281503928,1.95652157687962,1.5254243616743997,11.294500340135906,-3.796535013030542,1.5099349150554262,-1.7590088111644278,greti,M ,5,10,0.0
861,011016B2E1,first visit,2025-02-12 09:56:15.914032,treatment,SCARE,1.0,2025-02-12,2025-02-12 09:56:15.946,1.1129999160766602,0.0739998817443847,0.0789999961853027,0.0740001201629638,0.1212938096849789,1.82432723968838,1.7088608420099594,1.824321361947812,0.4029851004391706,2.8694755182429352,-1.5093658797752028,1.5092866945935626,1.6618380041779457,bluti,F,6,10,0.0
862,3B0049A710,not first visit,2025-02-12 09:57:07.128062,treatment,nah,0.0,2025-02-12,2025-02-12 09:57:08.637,0.1469998359680175,0.0740001201629638,0.0739998817443847,9.139000177383425,0.9183683717128204,1.824321361947812,1.82432723968838,0.0147718565904056,0.0572397709483347,8.198671222342279,7.94289255684788e-05,-0.3928265215422748,-0.1769142987148677,bluti,M,5,10,0.0
863,01101763D0,not first visit,2025-02-12 09:58:37.787710,treatment,nah,0.0,2025-02-12,2025-02-12 09:58:38.921,0.1480000019073486,0.0729999542236328,0.0740001201629638,0.0739998817443847,0.9121621504066808,1.8493162281503928,1.824321361947812,1.82432723968838,1.4634148005618668,8.481034061276315,-0.3400660347537917,7.94289255684788e-05,-1.7111847490221712,greti,M,6,10,1.0
864,3B001877B5,not first visit,2025-02-12 09:58:47.574275,treatment,SCARE,1.0,2025-02-12,2025-02-12 09:58:49.305,0.0739998817443847,0.0690000057220459,0.0680000782012939,0.0739998817443847,1.82432723968838,1.95652157687962,1.985291834523672,1.82432723968838,1.8947378565405364,1.8488733037957423,0.4200035039416624,-2.267107609000283,-6.821774829168195,greti,M,5,10,1.0
865,011016B2E1,not first visit,2025-02-12 09:59:15.126250,treatment,SCARE,1.0,2025-02-12,2025-02-12 09:59:18.519,0.1459999084472656,0.1510000228881836,0.0690000057220459,0.0740001201629638,0.9246581140751968,0.8940395995831624,1.95652157687962,1.824321361947812,1.2272725676702283,-0.2061853304434066,9.658925810221955,-1.848952427330212,-0.9776725587390456,bluti,F,6,10,1.0
866,011016B2E1,not first visit,2025-02-12 10:01:39.183261,treatment,SCARE,1.0,2025-02-12,2025-02-12 10:01:40.518,2.947000026702881,0.0740001201629638,0.0680000782012939,0.0639998912811279,0.0458092971756904,1.824321361947812,1.985291834523672,2.109378583269693,0.1712654551454364,1.177432623839658,2.267186587485454,1.880102688395628,2.081573246213337,bluti,F,6,10,2.0
867,01103F97C4,not first visit,2025-02-12 10:02:12.291227,treatment,SCARE,1.0,2025-02-12,2025-02-12 10:02:13.748,0.1480000019073486,0.0750000476837158,0.0740001201629638,0.0729999542236328,0.9121621504066808,1.799998855591548,1.824321361947812,1.8493162281503928,1.4594589704315957,7.962659262300384,0.3264762276146148,0.3400660347537917,-1.6657575194975498,greti,M ,5,10,1.0
868,01103F97C4,not first visit,2025-02-12 10:03:29.229816,treatment,SCARE,1.0,2025-02-12,2025-02-12 10:03:30.380,0.1419999599456787,0.0679998397827148,0.0690000057220459,0.0690000057220459,0.950704493519882,1.9852987952821064,1.95652157687962,1.95652157687962,1.5517249799091133,9.853288461230274,-0.4201058518928999,0.0,-1.9639120994375967,greti,M ,5,10,2.0
869,3B004CDB63,not first visit,2025-02-12 10:04:53.319754,treatment,nah,0.0,2025-02-12,2025-02-12 10:04:53.812,0.1470000743865966,0.0739998817443847,0.0740001201629638,0.0739998817443847,0.918366882216416,1.82432723968838,1.824321361947812,1.82432723968838,1.4634148005618668,8.198737894183317,-7.94289255684788e-05,7.94289255684788e-05,-1.7283495625028964,bluti,M,5,10,0.0
870,3B004CDB63,not first visit,2025-02-12 10:06:05.731229,treatment,SCARE,0.0,2025-02-12,2025-02-12 10:06:06.458,0.1480000019073486,0.0740001201629638,0.0729999542236328,0.0739998817443847,0.9121621504066808,1.824321361947812,1.8493162281503928,1.82432723968838,1.4634148005618668,8.217646035818213,0.3400660347537917,-0.3399866169571803,-1.7111847490221712,bluti,M,5,10,0.0
871,3B0019F652,not first visit,2025-02-12 10:06:24.704149,treatment,nah,0.0,2025-02-12,2025-02-12 10:06:25.634,0.1529998779296875,0.0740001201629638,0.0629999637603759,16.27900004386902,0.8823536451580732,1.824321361947812,2.142858375498125,0.0082928926614779,0.0325909831500701,8.299275107529027,4.650172531697925,-0.2612367497050676,-0.0973402499727027,bluti,F,5,10,0.0
872,3B0019F652,not first visit,2025-02-12 10:07:19.286929,treatment,SCARE,1.0,2025-02-12,2025-02-12 10:07:19.306,1.0889999866485596,0.1470000743865966,0.0739998817443847,2.1630001068115234,0.1239669436686292,0.918366882216416,1.82432723968838,0.0624133117584554,0.1554851691014468,1.285436730290244,8.198737894183317,-1.5752471497036755,-0.0047046868753307,bluti,F,5,10,0.0
873,3B004CDB63,not first visit,2025-02-12 10:07:24.335057,treatment,SCARE,0.0,2025-02-12,2025-02-12 10:07:24.948,0.1480000019073486,0.0740001201629638,0.0739998817443847,0.0729999542236328,0.9121621504066808,1.824321361947812,1.82432723968838,1.8493162281503928,1.4634148005618668,8.217646035818213,7.94289255684788e-05,0.3399866169571803,-1.67935774119584,bluti,M,5,10,0.0
874,3B0019F652,not first visit,2025-02-12 10:07:59.842467,treatment,SCARE,1.0,2025-02-12,2025-02-12 10:07:59.847,3.425000190734864,0.0679998397827148,0.0740001201629638,0.0690000057220459,0.0394160561991193,1.9852987952821064,1.824321361947812,1.95652157687962,0.1485148450967805,1.1141613066603118,-2.267288432980896,1.848952427330212,1.9356554810695337,bluti,F,5,10,1.0
875,3B004CDB63,not first visit,2025-02-12 10:09:34.019255,treatment,nah,0.0,2025-02-12,2025-02-12 10:09:34.635,0.1349999904632568,0.062000036239624,0.0680000782012939,0.0779998302459716,1.000000070642547,2.177418082115925,1.985291834523672,1.7307729975088262,1.5743443209795878,11.953480729717691,-2.955785822474341,-3.486561597492734,-2.497556667602644,bluti,M,5,10,0.0
876,3B00186448,first visit,2025-02-12 10:12:49.899549,treatment,SCARE,1.0,2025-02-12,2025-02-12 10:12:51.655,0.0690000057220459,0.0729999542236328,0.0740001201629638,0.0739998817443847,1.95652157687962,1.8493162281503928,1.824321361947812,1.82432723968838,1.8620692104562184,-1.5099349150554262,-0.3400660347537917,7.94289255684788e-05,-7.130004177377147,greti,M,5,10,0.0
877,3B0018A99B,not first visit,2025-02-12 10:13:26.278297,treatment,SCARE,1.0,2025-02-12,2025-02-12 10:13:27.431,0.1459999084472656,0.0670001506805419,0.0729999542236328,0.0720000267028808,0.9246581140751968,2.0149208416512763,1.8493162281503928,1.874999304612736,1.508379719505235,10.237205867833897,-2.365778420155234,0.3542493771134822,-1.8384860163694847,bluti,M,5,10,1.0
878,3B0018A99B,not first visit,2025-02-12 10:16:11.272913,treatment,SCARE,1.0,2025-02-12,2025-02-12 10:16:12.406,0.1480000019073486,0.0730001926422119,0.0679998397827148,0.0690000057220459,0.9121621504066808,1.8493101882848608,1.9852987952821064,1.95652157687962,1.508379719505235,8.480970252431328,1.9289159677271783,-0.4201058518928999,-1.6994384147679371,bluti,M,5,10,2.0
879,3B00186448,not first visit,2025-02-12 10:17:44.953498,treatment,SCARE,1.0,2025-02-12,2025-02-12 10:17:46.386,0.1470000743865966,0.0789999961853027,0.0750000476837158,0.0739998817443847,0.918366882216416,1.7088608420099594,1.799998855591548,1.82432723968838,1.4400000000000002,6.995519583628241,1.1836102288270018,0.3265556459014513,-1.6477589835929374,greti,M,5,10,1.0
880,3B00186448,not first visit,2025-02-12 10:17:44.953498,treatment,SCARE,1.0,2025-02-12,2025-02-12 10:17:46.948,1.5810000896453855,0.1440000534057617,0.0739998817443847,0.0740001201629638,0.0853889894656996,0.9374996523063678,1.82432723968838,1.824321361947812,0.2883075057166992,0.9879543097700514,8.136035332040018,-7.94289255684788e-05,1.742648491364983,greti,M,5,10,2.0
881,3B0018C6F9,first visit,2025-02-12 10:18:10.668817,treatment,SCARE,1.0,2025-02-12,2025-02-12 10:18:11.916,0.1480000019073486,0.0789999961853027,0.0740001201629638,0.0739998817443847,0.9121621504066808,1.7088608420099594,1.824321361947812,1.82432723968838,1.4400000000000002,7.019371791167163,1.5092866945935626,7.94289255684788e-05,-1.6308316595760388,bluti,M,6,10,0.0
882,3B0018F763,first visit,2025-02-12 10:23:21.198886,treatment,SCARE,0.0,2025-02-12,2025-02-12 10:23:21.821,0.1409997940063476,0.0670001506805419,0.0729999542236328,0.0680000782012939,0.9574482072925756,2.0149208416512763,1.8493162281503928,1.985291834523672,1.54727803843663,10.168008803565357,-2.365778420155234,1.928731561755867,-1.9306510967957768,bluti,M,5,10,0.0
883,01101763D0,not first visit,2025-02-12 10:23:23.810645,treatment,SCARE,0.0,2025-02-12,2025-02-12 10:23:25.276,0.1399998664855957,0.0680000782012939,0.0670001506805419,0.0619997978210449,0.9642866339011108,1.985291834523672,2.0149208416512763,2.177426455319444,1.6023743951099416,9.817360309008924,0.4389475095414589,2.519467884379321,-1.9085328010955949,greti,M,6,10,1.0
884,3B001877B5,not first visit,2025-02-12 10:23:27.252152,treatment,nah,0.0,2025-02-12,2025-02-12 10:23:28.593,0.1449999809265136,0.0680000782012939,0.0729999542236328,0.0780000686645507,0.9310346052281092,1.985291834523672,1.8493162281503928,1.7307677071488832,1.483516149252617,9.899126165622055,-1.928731561755867,-1.5701788481091308,-1.956497220538711,greti,M,5,10,2.0
885,3B0018F763,not first visit,2025-02-12 10:24:08.083043,treatment,SCARE,1.0,2025-02-12,2025-02-12 10:24:09.526,0.1429998874664306,0.0680000782012939,0.0690000057220459,0.0680000782012939,0.9440566869795012,1.985291834523672,1.95652157687962,1.985291834523672,1.55172391680563,9.8695290707665,-0.4200035039416624,0.4200035039416624,-1.907724359672749,bluti,M,5,10,0.0
886,3B001877B5,not first visit,2025-02-12 10:25:00.108051,treatment,SCARE,1.0,2025-02-12,2025-02-12 10:25:01.540,0.1389999389648437,0.0770001411437988,0.0609998703002929,0.0720000267028808,0.9712234480487404,1.7532435394876178,2.213119459687632,1.874999304612736,1.54727803843663,7.2409240871164595,6.664867855990358,-5.084517547661378,-2.1135981116980567,greti,M,5,10,2.0
887,3B00186448,not first visit,2025-02-12 10:25:10.212815,treatment,nah,0.0,2025-02-12,2025-02-12 10:25:12.101,0.0739998817443847,0.0699999332427978,0.0730001926422119,0.0739998817443847,1.82432723968838,1.9285732678022216,1.8493101882848608,1.82432723968838,1.8556708085424345,1.4478633618122418,-1.108573562810687,-0.3399038905351528,-6.5827104356469786,greti,M,5,10,3.0
888,3B0018F763,not first visit,2025-02-12 10:26:31.095866,treatment,nah,0.0,2025-02-12,2025-02-12 10:26:32.070,0.1289999485015869,0.0720000267028808,0.0730001926422119,0.0729999542236328,1.0465120456876715,1.874999304612736,1.8493101882848608,1.8493162281503928,1.5561954179675477,8.243655334606714,-0.3543321029982201,8.273780078283309e-05,-2.4047948266388204,bluti,M,5,10,1.0
889,3B0018F763,not first visit,2025-02-12 10:27:29.851738,treatment,nah,0.0,2025-02-12,2025-02-12 10:27:31.190,0.1449999809265136,0.0729999542236328,0.0720000267028808,0.0729999542236328,0.9310346052281092,1.8493162281503928,1.874999304612736,1.8493162281503928,1.4876036497098255,8.42460455127954,0.3542493771134822,-0.3542493771134822,-1.8161750867909257,bluti,M,5,10,1.0
890,3B001877B5,not first visit,2025-02-12 10:31:29.111815,treatment,SCARE,1.0,2025-02-12,2025-02-12 10:31:30.262,0.1480000019073486,0.0759999752044677,0.0690000057220459,0.0690000057220459,0.9121621504066808,1.776316369009339,1.95652157687962,1.95652157687962,1.4917127543406017,7.715663454476958,2.485589401030455,0.0,-1.6417514223786434,greti,M,5,10,3.0
891,01103FD532,first visit,2025-02-12 10:31:39.397678,treatment,SCARE,1.0,2025-02-12,2025-02-12 10:31:42.832,1.2030000686645508,0.0679998397827148,0.0690000057220459,0.0789999961853027,0.112219444966336,1.9852987952821064,1.95652157687962,1.7088608420099594,0.3805497069165083,2.947410677006331,-0.4201058518928999,-3.346766644296417,1.5646198875448252,greti,M,5,10,0.0
892,3B0018F763,not first visit,2025-02-12 10:33:03.350000,treatment,SCARE,0.0,2025-02-12,2025-02-12 10:33:03.803,0.1340000629425048,0.0609998703002929,0.0670001506805419,0.0720000267028808,1.0074622133418265,2.213119459687632,2.0149208416512763,1.874999304612736,1.6167659315667522,12.36571958047412,-3.096852899204315,-2.0132569565372043,-2.4863077358740044,bluti,M,5,10,1.0
893,01103FD532,not first visit,2025-02-12 10:34:24.496918,treatment,SCARE,1.0,2025-02-12,2025-02-12 10:34:26.893,0.1480000019073486,0.0740001201629638,0.0739998817443847,0.0730001926422119,0.9121621504066808,1.824321361947812,1.82432723968838,1.8493101882848608,1.4634138550196132,8.217646035818213,7.94289255684788e-05,0.3399038905351528,-1.679362153786497,greti,M,5,10,1.0
894,3B004CDB63,not first visit,2025-02-12 10:34:58.364790,treatment,SCARE,0.0,2025-02-12,2025-02-12 10:34:59.019,0.2749998569488525,0.0740001201629638,0.0739998817443847,0.064000129699707,0.4909093462732556,1.824321361947812,1.82432723968838,2.109370725238046,1.1088295948450673,7.641330103854669,7.94289255684788e-05,4.131064665384407,0.5631995326522996,bluti,M,5,10,0.0
895,3B0018D520,not first visit,2025-02-12 10:35:56.936477,treatment,nah,0.0,2025-02-12,2025-02-12 10:35:57.576,0.1540000438690185,0.0729999542236328,0.0690000057220459,0.0690000057220459,0.8766231269052194,1.8493162281503928,1.95652157687962,1.95652157687962,1.4794520161393043,8.569983342891163,1.5099349150554262,0.0,-1.5015580273465208,bluti,F,6,10,1.0
896,3B00186448,not first visit,2025-02-12 10:36:10.469609,treatment,nah,0.0,2025-02-12,2025-02-12 10:36:12.638,1.5429999828338623,0.0789999961853027,0.0740001201629638,0.0690000057220459,0.0874918998716124,1.7088608420099594,1.824321361947812,1.95652157687962,0.3059489903142627,1.999221902726288,1.5092866945935626,1.848952427330212,1.865289157923504,greti,M,5,10,3.0
897,3B0018D520,not first visit,2025-02-12 10:38:55.424178,treatment,SCARE,0.0,2025-02-12,2025-02-12 10:38:56.445,0.1440000534057617,0.0669999122619628,0.061000108718872,0.0769999027252197,0.9374996523063678,2.014928011728786,2.2131108097227705,1.7532489681416643,1.54727803843663,10.212592746286177,3.096605711082775,-6.664663818052087,-2.17756719980419,bluti,F,6,10,1.0
898,3B0018D520,not first visit,2025-02-12 10:38:55.424178,treatment,SCARE,0.0,2025-02-12,2025-02-12 10:38:57.925,2.196000099182129,0.0669999122619628,0.0670001506805419,0.0769999027252197,0.0614754070595347,2.014928011728786,2.0149208416512763,1.7532489681416643,0.2243456524516898,1.726427392656257,-0.0001070160319703,-3.6343302286461774,1.7048621881591344,bluti,F,6,10,1.0
899,3B0019F652,not first visit,2025-02-12 10:39:40.412374,treatment,nah,0.0,2025-02-12,2025-02-12 10:39:40.429,1.805000066757202,0.0740001201629638,0.0690000057220459,0.0739998817443847,0.0747922410011519,1.824321361947812,1.95652157687962,1.82432723968838,0.2670623047152048,1.8621915347590048,1.848952427330212,-1.8488733037957423,1.755235106586712,bluti,F,5,10,2.0
900,3B0018A99B,not first visit,2025-02-12 10:40:10.396741,treatment,nah,0.0,2025-02-12,2025-02-12 10:40:12.917,0.1429998874664306,0.1480000019073486,0.0690000057220459,0.0740001201629638,0.9440566869795012,0.9121621504066808,1.95652157687962,1.824321361947812,1.244239587590808,-0.2192065202598941,9.625432163638978,-1.848952427330212,-1.0760062994589006,bluti,M,5,10,3.0
901,011016B2E1,not first visit,2025-02-12 10:40:27.368167,treatment,nah,0.0,2025-02-12,2025-02-12 10:40:28.520,0.1480000019073486,0.0740001201629638,0.0739998817443847,0.0690000057220459,0.9121621504066808,1.824321361947812,1.82432723968838,1.95652157687962,1.4794520161393043,8.217646035818213,7.94289255684788e-05,1.8488733037957423,-1.5996660646720842,bluti,F,6,10,3.0
902,3B0018F763,not first visit,2025-02-12 10:42:25.533568,treatment,SCARE,0.0,2025-02-12,2025-02-12 10:42:26.406,0.0830001831054687,0.1429998874664306,0.0690000057220459,0.0740001201629638,1.6265024358856517,0.9440566869795012,1.95652157687962,1.824321361947812,1.4634138550196132,-6.039341024798821,9.551560377438454,-1.848952427330212,-3.774653457069477,bluti,M,5,10,1.0
903,3B004CDB63,not first visit,2025-02-12 10:56:42.060822,treatment,SCARE,0.0,2025-02-12,2025-02-12 10:56:42.691,0.246999979019165,0.1440000534057617,0.0739998817443847,0.0740001201629638,0.5465587508795909,0.9374996523063678,1.82432723968838,1.824321361947812,1.0018552237551588,1.9996975396764896,8.136035332040018,-7.94289255684788e-05,0.3803087518725816,bluti,M,5,10,0.0
904,3B0018C2F6,not first visit,2025-02-12 10:56:59.351450,treatment,nah,0.0,2025-02-12,2025-02-12 10:57:01.040,0.1900000572204589,0.1480000019073486,0.0739998817443847,0.0740001201629638,0.7105261018072123,0.9121621504066808,1.82432723968838,1.824321361947812,1.1111109715703051,1.193112504889972,8.217707813871431,-7.94289255684788e-05,-0.1828146756727553,greti,F,6,10,0.0
905,01103F97C4,not first visit,2025-02-12 11:05:41.876171,treatment,SCARE,1.0,2025-02-12,2025-02-12 11:05:42.853,0.1480000019073486,0.0740001201629638,0.0739998817443847,0.0690000057220459,0.9121621504066808,1.824321361947812,1.82432723968838,1.95652157687962,1.4794520161393043,8.217646035818213,7.94289255684788e-05,1.8488733037957423,-1.5996660646720842,greti,M ,5,10,3.0
906,3B0018D520,not first visit,2025-02-12 11:07:05.885034,treatment,nah,0.0,2025-02-12,2025-02-12 11:07:07.239,0.1429998874664306,0.0740001201629638,0.0739998817443847,0.0750000476837158,0.9440566869795012,1.824321361947812,1.82432723968838,1.799998855591548,1.4754100897978328,8.113038193728356,7.94289255684788e-05,-0.3265556459014513,-1.8733739034821533,bluti,F,6,10,1.0
907,3B004CDB63,not first visit,2025-02-12 11:07:19.738729,treatment,nah,0.0,2025-02-12,2025-02-12 11:07:20.440,0.1489999294281005,0.0750000476837158,0.0739998817443847,0.063000202178955,0.9060406975906912,1.799998855591548,1.82432723968838,2.142850266044005,1.4958446224401378,7.9817700834372,0.3265556459014513,4.649968339199833,-1.4102505752626469,bluti,M,5,10,0.0
908,3B004B0F76,first visit,2025-02-12 11:08:15.952616,treatment,SCARE,0.0,2025-02-12,2025-02-12 11:08:16.168,0.1459999084472656,0.1540000438690185,0.0740001201629638,0.0690000057220459,0.9246581140751968,0.8766231269052194,1.824321361947812,1.95652157687962,1.218961410103026,-0.3202332986995609,8.313136431863757,1.848952427330212,-0.7995373807078652,greti,F,5,10,0.0
909,3B004B0F76,first visit,2025-02-12 11:08:15.952616,treatment,SCARE,0.0,2025-02-12,2025-02-12 11:08:17.558,0.8459999561309814,0.0690000057220459,0.0789999961853027,0.0759999752044677,0.1595744763597821,1.95652157687962,1.7088608420099594,1.776316369009339,0.5046729286827596,3.927753388930684,-3.346766644296417,0.8703940574253783,1.5142893002802906,greti,F,5,10,0.0
910,3B004CDB63,not first visit,2025-02-12 11:08:20.419225,treatment,SCARE,0.0,2025-02-12,2025-02-12 11:08:21.043,0.1480000019073486,0.0740001201629638,0.0629999637603759,0.0739998817443847,0.9121621504066808,1.824321361947812,2.142858375498125,1.82432723968838,1.5041784088380914,8.217646035818213,4.650172531697925,-4.650094817788331,-1.853745565550429,bluti,M,5,10,0.0
911,01103FD532,not first visit,2025-02-12 11:08:27.414151,treatment,nah,0.0,2025-02-12,2025-02-12 11:08:30.269,0.2109999656677246,0.0739998817443847,0.1490001678466797,0.0739998817443847,0.639810530645267,1.82432723968838,0.9060392478142322,1.82432723968838,1.0629923415055855,8.312402408625177,-8.235764911784516,8.235764911784516,0.0738195040143265,greti,M,5,10,2.0
912,011016B2E1,not first visit,2025-02-12 11:08:35.297072,treatment,SCARE,0.0,2025-02-12,2025-02-12 11:08:36.079,0.1319999694824218,0.0740001201629638,0.0690000057220459,0.0690000057220459,1.022727509175505,1.824321361947812,1.95652157687962,1.95652157687962,1.5697669805612675,7.7824612033149405,1.848952427330212,0.0,-2.243589439615176,bluti,F,6,10,3.0
913,3B0019F652,not first visit,2025-02-12 11:09:36.510623,treatment,nah,0.0,2025-02-12,2025-02-12 11:09:36.519,0.8169999122619629,0.0729999542236328,0.0720000267028808,0.0729999542236328,0.1652386958356411,1.8493162281503928,1.874999304612736,1.8493162281503928,0.5217392073537055,3.784444460570058,0.3542493771134822,-0.3542493771134822,1.5692506012455345,bluti,F,5,10,2.0
914,3B004CDB63,not first visit,2025-02-12 11:09:53.686939,treatment,SCARE,0.0,2025-02-12,2025-02-12 11:09:54.361,0.0729999542236328,0.0720000267028808,0.0720000267028808,0.0679998397827148,1.8493162281503928,1.874999304612736,1.874999304612736,1.9852987952821064,1.8947378565405364,0.3542493771134822,0.0,1.5757085122751755,-6.636224075118313,bluti,M,5,10,0.0
915,3B0018C2F6,not first visit,2025-02-12 11:10:32.250733,treatment,SCARE,0.0,2025-02-12,2025-02-12 11:10:33.695,0.1349999904632568,0.0680000782012939,0.0669999122619628,0.063000202178955,1.000000070642547,1.985291834523672,2.014928011728786,2.142850266044005,1.6216207299470755,9.70730473504695,0.4390545081287317,1.9680329492841588,-2.130652724423145,greti,F,6,10,0.0
916,3B0018C2F6,not first visit,2025-02-12 11:10:32.250733,treatment,SCARE,0.0,2025-02-12,2025-02-12 11:10:35.157,0.6039998531341553,0.1420001983642578,0.0689997673034668,0.0740001201629638,0.2235099881224887,0.95070289728539,1.9565283373530613,1.824321361947812,0.6074241136942922,1.9495787103560225,9.53389197846231,-1.8490500621727377,1.4179395301291131,greti,F,6,10,0.0
917,3B0019F652,not first visit,2025-02-12 11:12:03.432143,treatment,nah,0.0,2025-02-12,2025-02-12 11:12:05.726,0.1529998779296875,0.0900001525878906,0.0739998817443847,0.0729999542236328,0.8823536451580732,1.4999974568728014,1.82432723968838,1.8493162281503928,1.3846158586311836,5.083487523842504,3.95524042584606,0.3399866169571803,-1.3360765629149225,bluti,F,5,10,2.0
918,011016B2E1,not first visit,2025-02-12 11:13:12.871970,treatment,SCARE,1.0,2025-02-12,2025-02-12 11:13:13.971,0.1480000019073486,0.0690000057220459,0.0680000782012939,0.0739998817443847,0.9121621504066808,1.95652157687962,1.985291834523672,1.82432723968838,1.5041784088380914,9.625432163638978,0.4200035039416624,-2.267107609000283,-1.853745565550429,bluti,F,6,10,3.0
919,011016B2E1,not first visit,2025-02-12 11:13:12.871970,treatment,SCARE,1.0,2025-02-12,2025-02-12 11:13:14.854,1.6569998264312744,0.0690000057220459,0.0690000057220459,0.0680000782012939,0.0814725492704203,1.95652157687962,1.95652157687962,1.985291834523672,0.2898550855209914,2.172710556141745,0.0,0.4200035039416624,1.903859998220344,bluti,F,6,10,4.0
920,3B0018A99B,not first visit,2025-02-12 11:13:26.590867,treatment,nah,0.0,2025-02-12,2025-02-12 11:13:27.929,0.1490001678466797,0.0739998817443847,0.0690000057220459,0.0629999637603759,0.9060392478142322,1.82432723968838,1.95652157687962,2.142858375498125,1.5211266788360878,8.235764911784516,1.8488733037957423,2.8232854802791363,-1.495854145993519,bluti,M,5,10,3.0
921,3B0018C2F6,not first visit,2025-02-12 11:13:34.061336,treatment,nah,0.0,2025-02-12,2025-02-12 11:13:34.397,0.1419999599456787,0.0690000057220459,0.0680000782012939,0.0689997673034668,0.950704493519882,1.95652157687962,1.985291834523672,1.9565283373530613,1.5517249799091133,9.533812767947682,0.4200035039416624,-0.4199055417126148,-1.9639034117385288,greti,F,6,10,0.0
922,3B0018D520,not first visit,2025-02-12 11:14:14.925793,treatment,SCARE,1.0,2025-02-12,2025-02-12 11:14:16.596,0.1480000019073486,0.0729999542236328,0.0740001201629638,0.0639998912811279,0.9121621504066808,1.8493162281503928,1.824321361947812,2.109378583269693,1.5041784088380914,8.481034061276315,-0.3400660347537917,4.131263734530435,-1.4960051114446178,bluti,F,6,10,1.0
923,3B0018A99B,not first visit,2025-02-12 11:14:33.230765,treatment,nah,0.0,2025-02-12,2025-02-12 11:14:34.410,0.1480000019073486,0.0629999637603759,0.0739998817443847,0.0690000057220459,0.9121621504066808,2.142858375498125,1.82432723968838,1.95652157687962,1.5254243616743997,11.665368960576057,-4.650094817788331,1.8488733037957423,-1.7590088111644278,bluti,M,5,10,3.0
924,01103FD532,not first visit,2025-02-12 11:14:52.679660,treatment,SCARE,0.0,2025-02-12,2025-02-12 11:14:55.406,0.1480000019073486,0.0750000476837158,0.0740001201629638,0.0729999542236328,0.9121621504066808,1.799998855591548,1.824321361947812,1.8493162281503928,1.4594589704315957,7.962659262300384,0.3264762276146148,0.3400660347537917,-1.6657575194975498,greti,M,5,10,2.0
925,01103FD532,not first visit,2025-02-12 11:16:12.024858,treatment,SCARE,1.0,2025-02-12,2025-02-12 11:16:12.078,4.669999837875366,0.0690000057220459,0.0680000782012939,0.0740001201629638,0.0289079239157787,1.95652157687962,1.985291834523672,1.824321361947812,0.1106330660433623,0.813510747660449,0.4200035039416624,-2.267186587485454,1.812799670759859,greti,M,5,10,2.0
926,3B0018D520,not first visit,2025-02-12 11:17:08.866697,treatment,SCARE,1.0,2025-02-12,2025-02-12 11:17:10.835,0.1319999694824218,0.1480000019073486,0.0690000057220459,0.0739998817443847,1.022727509175505,0.9121621504066808,1.95652157687962,1.82432723968838,1.276596170646887,-0.7897526433309021,9.625432163638978,-1.8488733037957423,-1.3716968932276643,bluti,F,6,10,2.0
927,3B004CDB63,not first visit,2025-02-12 11:17:22.300565,treatment,SCARE,0.0,2025-02-12,2025-02-12 11:17:22.759,0.1429998874664306,0.1430001258850097,0.0729999542236328,0.059000015258789,0.9440566869795012,0.9440551129903,1.8493162281503928,2.288135001454757,1.2918660817616054,-1.1006916976278105e-05,8.382044253916666,6.648770829644779,-0.6899615072363279,bluti,M,5,10,0.0
928,3B004CDB63,not first visit,2025-02-12 11:17:22.300565,treatment,SCARE,0.0,2025-02-12,2025-02-12 11:17:24.909,1.7160000801086426,0.0729999542236328,0.0740001201629638,0.0639998912811279,0.078671324998687,1.8493162281503928,1.824321361947812,2.109378583269693,0.2802283275413416,1.979480010253416,-0.3400660347537917,4.131263734530435,2.033514243404076,bluti,M,5,10,0.0
929,01103FD532,not first visit,2025-02-12 11:18:46.514584,treatment,SCARE,1.0,2025-02-12,2025-02-12 11:18:47.913,0.1480000019073486,0.1319999694824218,0.0909998416900634,0.0730001926422119,0.9121621504066808,1.022727509175505,1.4835190643495486,1.8493101882848608,1.2162162005422412,0.7897526433309021,4.132663187034106,4.460866431212983,-0.8858094543369175,greti,M,5,10,3.0
930,3B0018D520,not first visit,2025-02-12 11:18:54.844019,treatment,SCARE,0.0,2025-02-12,2025-02-12 11:18:54.860,1.2050001621246338,0.0739998817443847,0.0690000057220459,0.0750000476837158,0.1120331799474371,1.82432723968838,1.95652157687962,1.799998855591548,0.3794799459495233,2.677551213463911,1.8488733037957423,-2.1739258783053863,1.6569168874701357,bluti,F,6,10,3.0
931,01101763D0,not first visit,2025-02-12 11:20:03.420577,treatment,SCARE,0.0,2025-02-12,2025-02-12 11:20:03.939,0.1470000743865966,0.064000129699707,0.0679998397827148,0.064000129699707,0.918366882216416,2.109370725238046,1.9852987952821064,2.109370725238046,1.574343226656713,11.289125033589857,-1.879878161221272,1.879878161221272,-1.757436035354981,greti,M,6,10,1.0
932,3B0018C6F9,not first visit,2025-02-12 11:21:32.456446,treatment,SCARE,0.0,2025-02-12,2025-02-12 11:21:32.529,0.1480000019073486,0.0679998397827148,0.0740001201629638,0.0739998817443847,0.9121621504066808,1.9852987952821064,1.824321361947812,1.82432723968838,1.4835171209503213,9.936457698105732,-2.267288432980896,7.94289255684788e-05,-1.7810581538219612,bluti,M,6,10,1.0
933,011016B2E1,not first visit,2025-02-12 11:21:46.987578,treatment,nah,0.0,2025-02-12,2025-02-12 11:21:47.563,0.1430001258850097,0.0629999637603759,0.0739998817443847,0.0740001201629638,0.9440551129903,2.142858375498125,1.82432723968838,1.824321361947812,1.5254233343031716,11.638861561385514,-4.650094817788331,-7.94289255684788e-05,-2.0211174731278554,bluti,F,6,10,5.0
934,01103F97C4,not first visit,2025-02-12 11:23:02.105809,treatment,SCARE,1.0,2025-02-12,2025-02-12 11:23:03.594,0.0679998397827148,0.0540001392364501,0.0529999732971191,0.0260000228881835,1.9852987952821064,2.499993553884668,2.547171094656722,5.19230312144665,2.686567495596373,8.437620444536437,0.8818222645747812,66.96537100041105,-7.69924382493383,greti,M ,5,10,4.0
935,3B00186448,not first visit,2025-02-12 11:23:33.608628,treatment,nah,0.0,2025-02-12,2025-02-12 11:23:35.993,0.8529999256134033,0.0720000267028808,0.0710000991821289,0.0720000267028808,0.1582649610466492,1.874999304612736,1.90140579457078,1.874999304612736,0.5056179405056394,3.711858231489044,0.3693212127558359,-0.3693212127558359,1.6136203873960209,greti,M,5,10,3.0
936,011016B2E1,not first visit,2025-02-12 11:23:57.110568,treatment,SCARE,0.0,2025-02-12,2025-02-12 11:23:57.790,0.1419999599456787,0.1380000114440918,0.0629999637603759,0.0690000057220459,0.950704493519882,0.9782607884398098,2.142858375498125,1.95652157687962,1.3106797997515125,0.1968306981115254,11.588037121632729,-2.8232854802791363,-1.1452879620338878,bluti,F,6,10,5.0
937,011016B2E1,not first visit,2025-02-12 11:23:57.110568,treatment,SCARE,0.0,2025-02-12,2025-02-12 11:23:58.935,0.1430001258850097,0.0739998817443847,0.0680000782012939,0.0690000057220459,0.9440551129903,1.82432723968838,1.985291834523672,1.95652157687962,1.5254233343031716,8.113106873262982,2.267107609000283,-0.4200035039416624,-1.8501518705860225,bluti,F,6,10,5.0
938,3B00186448,not first visit,2025-02-12 11:24:36.502069,treatment,SCARE,1.0,2025-02-12,2025-02-12 11:24:38.124,0.2179999351501464,0.0720000267028808,0.0729999542236328,0.0740001201629638,0.6192662392629583,1.874999304612736,1.8493162281503928,1.824321361947812,1.2356978380292334,8.66022917607269,-0.3542493771134822,-0.3400660347537917,-0.3037412531643884,greti,M,5,10,3.0
939,011016B2E1,not first visit,2025-02-12 11:26:13.067004,treatment,nah,0.0,2025-02-12,2025-02-12 11:26:15.405,0.1530001163482666,0.0759999752044677,0.0739998817443847,0.0740001201629638,0.8823522701950512,1.776316369009339,1.82432723968838,1.824321361947812,1.432360387616656,7.807543593129307,0.6401455528775826,-7.94289255684788e-05,-1.5242644187922936,bluti,F,6,10,5.0
940,3B001877B5,not first visit,2025-02-12 11:27:55.118492,treatment,nah,0.0,2025-02-12,2025-02-12 11:27:55.768,0.1470000743865966,0.1480000019073486,0.0740001201629638,1.7589998245239258,0.918366882216416,0.9121621504066808,1.824321361947812,0.0767481600156144,0.2537593959943214,-0.0420659674918353,8.217646035818213,-1.9067902396807928,-0.7048406283357297,greti,M,5,10,4.0
941,01103F97C4,not first visit,2025-02-12 11:29:17.033738,treatment,SCARE,1.0,2025-02-12,2025-02-12 11:29:18.305,0.1419999599456787,0.0739998817443847,0.0740001201629638,4.435999870300293,0.950704493519882,1.82432723968838,1.824321361947812,0.0304328232522832,0.1142615360089757,8.089105430197979,-7.94289255684788e-05,-0.7955159833653414,-0.3596798258603134,greti,M ,5,10,5.0
942,3B001877B5,not first visit,2025-02-12 11:29:36.592194,treatment,SCARE,1.0,2025-02-12,2025-02-12 11:29:38.438,0.1460001468658447,0.0690000057220459,0.0689997673034668,0.0740001201629638,0.9246566041063478,1.95652157687962,1.9565283373530613,1.824321361947812,1.508379719505235,9.598737120444158,9.797803711568382e-05,-1.8490500621727377,-1.904134091955833,greti,M,5,10,4.0
943,3B001877B5,not first visit,2025-02-12 11:30:56.890960,treatment,SCARE,1.0,2025-02-12,2025-02-12 11:30:58.091,0.1480000019073486,0.0820000171661377,0.0690000057220459,0.0690000057220459,0.9121621504066808,1.6463411187644106,1.95652157687962,1.95652157687962,1.4673911826597146,6.384164412813855,4.10834981587916,0.0,-1.558553785525168,greti,M,5,10,5.0
944,3B001877B5,not first visit,2025-02-12 11:32:32.334374,treatment,SCARE,1.0,2025-02-12,2025-02-12 11:32:34.454,0.1480000019073486,0.0740001201629638,0.0729999542236328,0.0690000057220459,0.9121621504066808,1.824321361947812,1.8493162281503928,1.95652157687962,1.483516149252617,8.217646035818213,0.3400660347537917,1.5099349150554262,-1.6135835942352026,greti,M,5,10,6.0
945,3B00186448,not first visit,2025-02-12 11:33:23.039962,treatment,SCARE,1.0,2025-02-12,2025-02-12 11:33:24.366,0.1480000019073486,0.0729999542236328,0.0690000057220459,0.0740001201629638,0.9121621504066808,1.8493162281503928,1.95652157687962,1.824321361947812,1.483516149252617,8.481034061276315,1.5099349150554262,-1.848952427330212,-1.7810623327664985,greti,M,5,10,4.0
946,3B00186448,not first visit,2025-02-12 11:33:51.880073,treatment,SCARE,1.0,2025-02-12,2025-02-12 11:33:53.092,0.1359999179840088,0.0740001201629638,0.0739998817443847,16.17200016975403,0.9926476574483938,1.824321361947812,1.82432723968838,0.0083477614755709,0.0328147786253224,7.920700508800434,7.94289255684788e-05,-0.2235601960428796,-0.1112195297765414,greti,M,5,10,5.0
947,01101763D0,not first visit,2025-02-12 11:34:38.238715,treatment,nah,0.0,2025-02-12,2025-02-12 11:34:38.554,4.315999984741211,0.0670001506805419,0.0680000782012939,0.0679998397827148,0.0312789621124372,2.0149208416512763,1.985291834523672,1.9852987952821064,0.119495462185938,0.9051525522473952,-0.4389475095414589,0.0001023641563538,1.9718570418591508,greti,M,6,10,1.0
948,3B0018A99B,not first visit,2025-02-12 11:47:59.617509,treatment,SCARE,1.0,2025-02-12,2025-02-12 11:48:00.837,0.1400001049041748,0.0840001106262207,0.0779998302459716,0.0729999542236328,0.9642849917319906,1.6071407405725446,1.7307729975088262,1.8493162281503928,1.4400000000000002,5.739777949037932,1.5263247167950451,1.5701112562240698,-1.7420621625652706,bluti,M,5,10,3.0
949,3B0018F763,not first visit,2025-02-12 11:49:47.736189,treatment,SCARE,1.0,2025-02-12,2025-02-12 11:49:48.460,0.1480000019073486,0.0739998817443847,0.0629999637603759,0.0740001201629638,0.9121621504066808,1.82432723968838,2.142858375498125,1.824321361947812,1.5041784088380914,8.217707813871431,4.650094817788331,-4.650172531697925,-1.853753211277332,bluti,M,5,10,1.0
950,3B0018A99B,not first visit,2025-02-12 11:49:49.746230,treatment,nah,0.0,2025-02-12,2025-02-12 11:49:52.908,0.1489999294281005,0.0740001201629638,0.0739998817443847,0.0730001926422119,0.9060406975906912,1.824321361947812,1.82432723968838,1.8493101882848608,1.4594589704315957,8.235699194157634,7.94289255684788e-05,0.3399038905351528,-1.6489155931962125,bluti,M,5,10,4.0
951,3B0018F763,not first visit,2025-02-12 11:50:24.468008,treatment,nah,0.0,2025-02-12,2025-02-12 11:50:25.212,0.1490001678466797,0.0739998817443847,0.0740001201629638,0.0729999542236328,0.9060392478142322,1.82432723968838,1.824321361947812,1.8493162281503928,1.4594589704315957,8.235764911784516,-7.94289255684788e-05,0.3400660347537917,-1.6489039557395335,bluti,M,5,10,2.0
952,3B004CDB63,not first visit,2025-02-12 11:52:01.453334,treatment,SCARE,0.0,2025-02-12,2025-02-12 11:52:01.923,0.1349999904632568,0.1449999809265136,0.0679998397827148,0.0720000267028808,1.000000070642547,0.9310346052281092,1.9852987952821064,1.874999304612736,1.2857147820143768,-0.4926105175806271,9.899202605369323,-1.5757085122751755,-1.2845602846564768,bluti,M,5,10,0.0
953,01103F97C4,not first visit,2025-02-12 11:52:12.425938,treatment,nah,0.0,2025-02-12,2025-02-12 11:52:13.623,0.1420001983642578,0.1480000019073486,0.0639998912811279,0.0789999961853027,0.95070289728539,0.9121621504066808,2.109378583269693,1.7088608420099594,1.2471129112719657,-0.2657980707779711,11.294500340135906,-5.601651139113735,-1.2390552057385935,greti,M ,5,10,6.0
954,3B0018F763,not first visit,2025-02-12 11:53:20.500430,treatment,SCARE,0.0,2025-02-12,2025-02-12 11:53:22.733,1.4869999885559082,0.0739998817443847,0.0740001201629638,89.80599999427795,0.0907868197975606,1.82432723968838,1.824321361947812,0.0015032403181146,0.0059054472292528,2.2210641434035923,-7.94289255684788e-05,-0.0405611508524425,-0.0004792427270282,bluti,M,5,10,2.0
955,3B0018F763,not first visit,2025-02-12 11:55:18.085290,treatment,nah,0.0,2025-02-12,2025-02-12 11:55:18.724,0.1459999084472656,0.0750000476837158,0.0680000782012939,0.0750000476837158,0.9246581140751968,1.799998855591548,1.985291834523672,1.799998855591548,1.483516149252617,7.921637242294814,2.591507913512228,-2.591507913512228,-1.8475661736352225,bluti,M,5,10,2.0
956,3B0018F763,not first visit,2025-02-12 11:55:18.085290,treatment,nah,0.0,2025-02-12,2025-02-12 11:55:20.205,1.754000186920166,0.0749998092651367,0.0770001411437988,0.0739998817443847,0.0769669245229929,1.8000045776483604,1.7532435394876178,1.82432723968838,0.2727272701000708,1.884130843869942,-0.6152770186429443,0.941505820213023,1.7521256209034812,bluti,M,5,10,2.0
957,3B004CDB63,not first visit,2025-02-12 11:56:00.256463,treatment,SCARE,0.0,2025-02-12,2025-02-12 11:56:00.782,0.2819998264312744,0.0750000476837158,0.0740001201629638,0.0679998397827148,0.4787236989058948,1.799998855591548,1.824321361947812,1.9852987952821064,1.0821646885244178,7.402104328250091,0.3264762276146148,2.267288432980896,0.5077565190574127,bluti,M,5,10,0.0
958,3B0018F763,not first visit,2025-02-12 11:56:46.129306,treatment,nah,0.0,2025-02-12,2025-02-12 11:56:46.620,0.1380000114440918,0.0740001201629638,0.0629999637603759,0.0690000057220459,0.9782607884398098,1.824321361947812,2.142858375498125,1.95652157687962,1.5697669805612675,7.981698568717722,4.650172531697925,-2.8232854802791363,-2.111089284491429,bluti,M,5,10,2.0
959,3B00199DE5,first visit,2025-02-12 11:57:25.997006,treatment,SCARE,1.0,2025-02-12,2025-02-12 11:57:27.674,0.1519999504089355,0.0740001201629638,0.0739998817443847,0.0680000782012939,0.8881581845046697,1.824321361947812,1.82432723968838,1.985291834523672,1.4673911826597146,8.284627301877878,7.94289255684788e-05,2.267107609000283,-1.4571815325061588,bluti,M,5,10,0.0
960,3B004ACEEA,not first visit,2025-02-12 11:57:52.508506,treatment,nah,0.0,2025-02-12,2025-02-12 11:57:53.492,0.1480000019073486,0.0739998817443847,0.0690000057220459,0.0580000877380371,0.9121621504066808,1.82432723968838,1.95652157687962,2.3275826859045505,1.54727803843663,8.217707813871431,1.8488733037957423,5.843477731637386,-1.3803945558721562,bluti,M,5,10,0.0
961,011016B2E1,not first visit,2025-02-12 11:58:03.243514,treatment,SCARE,1.0,2025-02-12,2025-02-12 11:58:04.425,0.1480000019073486,0.0740001201629638,0.0679998397827148,0.0690000057220459,0.9121621504066808,1.824321361947812,1.9852987952821064,1.95652157687962,1.5041784088380914,8.217646035818213,2.267288432980896,-0.4201058518928999,-1.6848448198007395,bluti,F,6,10,5.0
962,3B00186448,not first visit,2025-02-12 11:58:21.993535,treatment,nah,0.0,2025-02-12,2025-02-12 11:58:25.419,0.0740001201629638,0.0739998817443847,0.0740001201629638,0.0680000782012939,1.824321361947812,1.82432723968838,1.824321361947812,1.985291834523672,1.8620676795886708,7.94289255684788e-05,-7.94289255684788e-05,2.267186587485454,-6.344938849718998,greti,M,5,10,6.0
963,3B0018D520,not first visit,2025-02-12 11:58:28.379601,treatment,nah,0.0,2025-02-12,2025-02-12 11:58:29.861,0.1469998359680175,0.0730001926422119,0.0739998817443847,0.0699999332427978,0.9183683717128204,1.8493101882848608,1.82432723968838,1.9285732678022216,1.4835171209503213,8.463106322784846,-0.3399038905351528,1.4478633618122418,-1.6658240672735147,bluti,F,6,10,3.0
964,3B0018F763,not first visit,2025-02-12 11:58:46.007591,treatment,SCARE,1.0,2025-02-12,2025-02-12 11:58:46.845,0.1429998874664306,0.064000129699707,0.0729999542236328,0.0739998817443847,0.9440566869795012,2.109370725238046,1.8493162281503928,1.82432723968838,1.5254243616743997,11.25907189972131,-3.796413690274368,-0.3399866169571803,-2.021118006749417,bluti,M,5,10,2.0
965,3B0018C2F6,not first visit,2025-02-12 11:58:56.761665,treatment,SCARE,1.0,2025-02-12,2025-02-12 11:58:58.167,0.1359999179840088,0.0650000572204589,0.0680000782012939,0.0690000057220459,0.9926476574483938,2.07692124857866,1.985291834523672,1.95652157687962,1.597632856613822,10.78879328245972,-1.3778845226649523,-0.4200035039416624,-2.258541044900013,greti,F,6,10,0.0
966,3B0018C2F6,not first visit,2025-02-12 11:58:56.761665,treatment,SCARE,1.0,2025-02-12,2025-02-12 11:59:00.296,0.6960000991821289,0.0739998817443847,0.0690000057220459,0.0690000057220459,0.1939654896007037,1.82432723968838,1.95652157687962,1.95652157687962,0.5947136613846974,4.234705949280466,1.8488733037957423,0.0,1.5874149892922276,greti,F,6,10,1.0
967,01103FD532,not first visit,2025-02-12 11:59:02.842842,treatment,SCARE,1.0,2025-02-12,2025-02-12 11:59:03.718,2.799999952316284,0.0730001926422119,0.0739998817443847,0.0740001201629638,0.0482142865353701,1.8493101882848608,1.82432723968838,1.824321361947812,0.1787487499993094,1.253808430821022,-0.3399038905351528,-7.94289255684788e-05,1.7938830518669442,greti,M,5,10,4.0
968,3B00199DE5,not first visit,2025-02-12 12:03:35.954337,treatment,SCARE,1.0,2025-02-12,2025-02-12 12:03:38.130,0.1469998359680175,0.0699999332427978,0.0730001926422119,0.0749998092651367,0.9183683717128204,1.9285732678022216,1.8493101882848608,1.8000045776483604,1.4794529825203149,9.31065410588512,-1.108573562810687,-0.6662920270415486,-1.8156196660986128,bluti,M,5,10,1.0
969,01101763D0,not first visit,2025-02-12 12:04:33.603760,treatment,SCARE,1.0,2025-02-12,2025-02-12 12:04:34.632,0.3210000991821289,0.0690000057220459,0.0739998817443847,0.0789999961853027,0.4205606177193228,1.95652157687962,1.82432723968838,1.7088608420099594,0.9944751695604008,7.87672074876847,-1.8488733037957423,-1.5093658797752028,0.4827363602801755,greti,M,6,10,1.0
970,3B004B0F76,not first visit,2025-02-12 12:05:49.483837,treatment,nah,0.0,2025-02-12,2025-02-12 12:05:53.437,0.1470000743865966,0.0749998092651367,0.0730001926422119,0.0739998817443847,0.918366882216416,1.8000045776483604,1.8493101882848608,1.82432723968838,1.4634148005618668,7.942686103520943,0.6662920270415486,-0.3399038905351528,-1.7283495625028964,greti,F,5,10,0.0
971,01103FD532,not first visit,2025-02-12 12:07:01.898888,treatment,SCARE,0.0,2025-02-12,2025-02-12 12:07:04.100,1.0800001621246338,0.0769999027252197,0.0629999637603759,0.0670001506805419,0.1249999812355776,1.7532489681416643,2.142858375498125,2.0149208416512763,0.4195803611290702,2.814604832571705,5.56585398453286,-1.968268018794604,1.839728161587176,greti,M,5,10,5.0
972,01103FD532,not first visit,2025-02-12 12:07:01.898888,treatment,SCARE,0.0,2025-02-12,2025-02-12 12:07:05.794,0.2220001220703125,0.0769999027252197,0.0680000782012939,0.0669999122619628,0.6081077737301533,1.7532489681416643,1.985291834523672,2.014928011728786,1.244239587590808,7.659806685264344,3.200591681451426,0.4390545081287317,-0.0856169890885714,greti,M,5,10,5.0
973,011016B2E1,not first visit,2025-02-12 12:07:21.145893,treatment,nah,0.0,2025-02-12,2025-02-12 12:07:22.328,0.1499998569488525,0.0730001926422119,0.0669999122619628,0.0680000782012939,0.9000008583077034,1.8493101882848608,2.014928011728786,1.985291834523672,1.508379719505235,8.513983128864702,2.365967133485868,-0.4390545081287317,-1.6291683917186737,bluti,F,6,10,6.0
974,3B001877B5,not first visit,2025-02-12 12:07:48.740243,treatment,nah,0.0,2025-02-12,2025-02-12 12:07:49.973,0.1380000114440918,0.1339998245239257,0.061000108718872,0.0669999122619628,0.9782607884398098,1.007464005864393,2.2131108097227705,2.014928011728786,1.3500004827977954,0.2147296693812499,12.36561247800229,-3.096605711082775,-1.2733447055597709,greti,M,5,10,7.0
975,3B0018D520,not first visit,2025-02-12 12:07:53.117849,treatment,nah,0.0,2025-02-12,2025-02-12 12:07:54.146,0.1440000534057617,0.0720000267028808,0.0669999122619628,0.0670001506805419,0.9374996523063678,1.874999304612736,2.014928011728786,2.0149208416512763,1.5428565122645874,8.680549116785782,2.013363576388933,-0.0001070160319703,-1.819432921404779,bluti,F,6,10,3.0
976,3B004ACEEA,not first visit,2025-02-12 12:13:58.652946,treatment,SCARE,1.0,2025-02-12,2025-02-12 12:14:00.390,0.1499998569488525,0.0720000267028808,0.0680000782012939,0.0720000267028808,0.9000008583077034,1.874999304612736,1.985291834523672,1.874999304612736,1.4917127543406017,8.783774390031482,1.5756063895298893,-1.5756063895298893,-1.7106608178958582,bluti,M,5,10,0.0
977,3B0018A99B,not first visit,2025-02-12 12:14:09.170322,treatment,nah,0.0,2025-02-12,2025-02-12 12:14:11.802,0.1480000019073486,0.0739998817443847,0.0740001201629638,0.2939999103546142,0.9121621504066808,1.82432723968838,1.824321361947812,0.4591838134820071,0.9152543704354454,8.217707813871431,-7.94289255684788e-05,-7.419225191616374,-2.012800615068876,bluti,M,5,10,4.0
978,01103F97C4,not first visit,2025-02-12 12:14:14.147778,treatment,SCARE,1.0,2025-02-12,2025-02-12 12:14:15.752,0.1469998359680175,0.064000129699707,0.0739998817443847,0.0740001201629638,0.9183683717128204,2.109370725238046,1.82432723968838,1.824321361947812,1.5041784088380914,11.289123671240535,-4.131064665384407,-7.94289255684788e-05,-1.871326165141548,greti,M ,5,10,6.0
979,3B0018A99B,not first visit,2025-02-12 12:14:54.090469,treatment,SCARE,1.0,2025-02-12,2025-02-12 12:14:55.727,0.1380000114440918,0.0680000782012939,0.0690000057220459,0.0739998817443847,0.9782607884398098,1.985291834523672,1.95652157687962,1.82432723968838,1.54727803843663,9.776996192743344,-0.4200035039416624,-1.8488733037957423,-2.2014368162097298,bluti,M,5,10,4.0
980,3B004CDB63,not first visit,2025-02-12 12:15:29.158124,treatment,nah,0.0,2025-02-12,2025-02-12 12:15:30.263,0.2170000076293945,0.0690000057220459,0.0680000782012939,0.0739998817443847,0.6221197937954039,1.95652157687962,1.985291834523672,1.82432723968838,1.2616823217068989,9.331480564964073,0.4200035039416624,-2.267107609000283,-0.3778664976218349,bluti,M,5,10,0.0
981,01103F97C4,not first visit,2025-02-12 12:16:00.080159,treatment,nah,0.0,2025-02-12,2025-02-12 12:16:03.523,1.6970000267028809,0.0739998817443847,0.0740001201629638,0.0680000782012939,0.0795521496026685,1.82432723968838,1.824321361947812,1.985291834523672,0.2822791269468565,1.9703841674565112,-7.94289255684788e-05,2.267186587485454,1.9080942164681167,greti,M ,5,10,7.0
982,011016B2E1,not first visit,2025-02-12 12:17:12.662234,treatment,nah,0.0,2025-02-12,2025-02-12 12:17:14.869,0.1370000839233398,0.0690000057220459,0.0769999027252197,0.0740001201629638,0.9854008562180224,1.95652157687962,1.7532489681416643,1.824321361947812,1.5126045652134714,9.428352408324786,-2.784558030204193,0.9413560666646716,-2.093773330360631,bluti,F,6,10,6.0
983,3B004CDB63,not first visit,2025-02-12 12:17:56.801449,treatment,SCARE,0.0,2025-02-12,2025-02-12 12:17:57.291,0.1140000820159912,0.0659999847412109,0.0510001182556152,0.051999807357788,1.1842096743497348,2.04545501835101,2.647052685708944,2.5961634640513886,1.908127259921752,9.56938916209391,10.28371175663414,-0.9881409399956408,-3.3248834960096825,bluti,M,5,10,0.0
984,3B00186448,not first visit,2025-02-12 12:19:40.080420,treatment,SCARE,1.0,2025-02-12,2025-02-12 12:19:41.275,0.1429998874664306,0.1470000743865966,0.0690000057220459,0.0690000057220459,0.9440566869795012,0.918366882216416,1.95652157687962,1.95652157687962,1.2616823217068989,-0.1771710906369345,9.612539904068909,0.0,-0.9753312451408293,greti,M,5,10,6.0
985,011016B2E1,not first visit,2025-02-12 12:19:58.794835,treatment,nah,0.0,2025-02-12,2025-02-12 12:20:01.381,0.0729999542236328,0.0789999961853027,0.0740001201629638,0.0739998817443847,1.8493162281503928,1.7088608420099594,1.824321361947812,1.82432723968838,1.8000002861023403,-1.8480977890131889,1.5092866945935626,7.94289255684788e-05,-6.340423081883087,bluti,F,6,10,6.0
986,3B00186448,not first visit,2025-02-12 12:20:05.832641,treatment,nah,0.0,2025-02-12,2025-02-12 12:20:08.938,0.1460001468658447,0.1429998874664306,0.0759999752044677,0.0740001201629638,0.9246566041063478,0.9440566869795012,1.776316369009339,1.824321361947812,1.2300679737142235,0.1342566129306976,7.600549807471931,0.6400661655698638,-0.9861850660995402,greti,M,5,10,7.0
987,3B004CDB63,not first visit,2025-02-12 12:20:20.375850,treatment,nah,0.0,2025-02-12,2025-02-12 12:20:21.350,0.1430001258850097,0.0780000686645507,0.0789999961853027,0.0739998817443847,0.9440551129903,1.7307677071488832,1.7088608420099594,1.82432723968838,1.4438499875690871,7.119564720402619,-0.2790682304478584,1.5093658797752028,-1.7314349781477203,bluti,M,5,10,0.0
988,3B004AB6A7,not first visit,2025-02-12 12:20:56.460924,treatment,SCARE,1.0,2025-02-12,2025-02-12 12:20:58.778,0.1409997940063476,0.0690000057220459,0.0680000782012939,0.0740001201629638,0.9574482072925756,1.95652157687962,1.985291834523672,1.824321361947812,1.5340909174035404,9.514993546462527,0.4200035039416624,-2.267186587485454,-2.091621569371636,bluti,M,5,10,0.0
989,3B001877B5,not first visit,2025-02-12 12:21:20.695014,treatment,nah,0.0,2025-02-12,2025-02-12 12:21:23.629,0.1470000743865966,0.059000015258789,0.0729999542236328,0.0690000057220459,0.918366882216416,2.288135001454757,1.8493162281503928,1.95652157687962,1.55172391680563,13.298713817030835,-6.648770829644779,1.5099349150554262,-1.8700069469695315,greti,M,5,10,7.0
990,3B00186448,not first visit,2025-02-12 12:21:45.237604,treatment,SCARE,0.0,2025-02-12,2025-02-12 12:21:45.746,0.1380000114440918,0.0739998817443847,0.0690000057220459,1.1579999923706057,0.9782607884398098,1.82432723968838,1.95652157687962,0.1165803116489095,0.37526062598882,7.981762995478329,1.8488733037957423,-2.9990892715417514,-1.1201591640219173,greti,M,5,10,7.0
991,3B0018F763,not first visit,2025-02-12 12:23:22.543454,treatment,SCARE,1.0,2025-02-12,2025-02-12 12:23:23.314,0.1430001258850097,0.0690000057220459,0.0739998817443847,0.0690000057220459,0.9440551129903,1.95652157687962,1.82432723968838,1.95652157687962,1.5211266788360878,9.551564484553587,-1.8488733037957423,1.8488733037957423,-1.834865130598124,bluti,M,5,10,3.0
992,3B0018F763,not first visit,2025-02-12 12:24:06.113052,treatment,SCARE,1.0,2025-02-12,2025-02-12 12:24:07.294,0.1480000019073486,0.0740001201629638,0.0739998817443847,0.0740001201629638,0.9121621504066808,1.824321361947812,1.82432723968838,1.824321361947812,1.4594589704315957,8.217646035818213,7.94289255684788e-05,-7.94289255684788e-05,-1.6975393667469552,bluti,M,5,10,4.0
993,3B00199DE5,not first visit,2025-02-12 12:24:38.520103,treatment,nah,0.0,2025-02-12,2025-02-12 12:24:40.046,0.1419999599456787,0.0729999542236328,0.0740001201629638,0.0739998817443847,0.950704493519882,1.8493162281503928,1.824321361947812,1.82432723968838,1.4876036497098255,8.359182263885543,-0.3400660347537917,7.94289255684788e-05,-1.903925745792316,bluti,M,5,10,2.0
994,3B004ACEEA,not first visit,2025-02-12 12:24:54.297967,treatment,SCARE,1.0,2025-02-12,2025-02-12 12:24:55.529,0.1529998779296875,0.1470000743865966,0.0639998912811279,0.0740001201629638,0.8823536451580732,0.918366882216416,2.109378583269693,1.824321361947812,1.2328768143355988,0.2400882852166231,11.289212273416585,-4.131263734530435,-0.894796484291722,bluti,M,5,10,1.0
995,3B004ACEEA,not first visit,2025-02-12 12:24:54.297967,treatment,SCARE,1.0,2025-02-12,2025-02-12 12:24:56.829,0.1470000743865966,0.0690000057220459,0.0739998817443847,0.0740001201629638,0.918366882216416,1.95652157687962,1.82432723968838,1.824321361947812,1.483516149252617,9.612539904068909,-1.8488733037957423,-7.94289255684788e-05,-1.7984278983882145,bluti,M,5,10,2.0
996,3B0018F763,not first visit,2025-02-12 12:26:35.829163,treatment,nah,0.0,2025-02-12,2025-02-12 12:26:36.969,0.1480000019073486,0.0679998397827148,0.0740001201629638,0.0739998817443847,0.9121621504066808,1.9852987952821064,1.824321361947812,1.82432723968838,1.4835171209503213,9.936457698105732,-2.267288432980896,7.94289255684788e-05,-1.7810581538219612,bluti,M,5,10,5.0
997,3B004ACEEA,not first visit,2025-02-12 12:26:47.031773,treatment,nah,0.0,2025-02-12,2025-02-12 12:26:48.738,0.75,0.0780000686645507,0.0750000476837158,16.98900008201599,0.18,1.7307677071488832,1.799998855591548,0.0079463181675363,0.0301810861845043,3.745815407117191,0.9049816443940136,-0.21003897372281,-0.0120038061728042,bluti,M,5,10,3.0
998,3B0018F763,not first visit,2025-02-12 12:27:30.641446,treatment,SCARE,1.0,2025-02-12,2025-02-12 12:27:32.045,0.1480000019073486,0.0679998397827148,0.0740001201629638,0.0690000057220459,0.9121621504066808,1.9852987952821064,1.824321361947812,1.95652157687962,1.5041784088380914,9.936457698105732,-2.267288432980896,1.848952427330212,-1.6848448198007395,bluti,M,5,10,5.0
999,3B0018D520,not first visit,2025-02-12 12:36:36.735275,treatment,nah,0.0,2025-02-12,2025-02-12 12:36:37.918,0.687000036239624,0.0739998817443847,0.0740001201629638,0.0729999542236328,0.1965065398525136,1.82432723968838,1.824321361947812,1.8493162281503928,0.5947136613846974,4.2781100532788034,-7.94289255684788e-05,0.3400660347537917,1.4771447491403464,bluti,F,6,10,3.0
1000,3B0018F763,not first visit,2025-02-12 12:37:19.422374,treatment,nah,0.0,2025-02-12,2025-02-12 12:37:20.342,0.1400001049041748,0.0679998397827148,0.0670001506805419,0.0779998302459716,0.9642849917319906,1.9852987952821064,2.0149208416512763,1.7307729975088262,1.5297453648514208,9.817443029488178,0.4388451623962503,-3.919281124408656,-2.221215353163392,bluti,M,5,10,6.0
1001,01101763D0,not first visit,2025-02-12 12:38:48.961751,treatment,nah,0.0,2025-02-12,2025-02-12 12:38:49.647,0.1469998359680175,0.0690000057220459,0.0680000782012939,0.0690000057220459,0.9183683717128204,1.95652157687962,1.985291834523672,1.95652157687962,1.5297453648514208,9.612536722655909,0.4200035039416624,-0.4200035039416624,-1.791920683687135,greti,M,6,10,2.0
1002,3B0018D520,not first visit,2025-02-12 12:39:54.350630,treatment,SCARE,1.0,2025-02-12,2025-02-12 12:39:56.528,1.352999925613403,0.0679998397827148,0.0740001201629638,0.0690000057220459,0.0997782759956883,1.9852987952821064,1.824321361947812,1.95652157687962,0.3452685662002616,2.6537942724583203,-2.267288432980896,1.848952427330212,1.8395482067776976,bluti,F,6,10,3.0
1003,3B00186448,not first visit,2025-02-12 12:40:27.476751,treatment,nah,0.0,2025-02-12,2025-02-12 12:40:28.894,0.2289998531341552,0.0740001201629638,0.0680000782012939,0.2909998893737793,0.5895200287351835,1.824321361947812,1.985291834523672,0.4639177021356086,0.8157100426452364,8.15050456787858,2.267186587485454,-8.475622672973735,-1.0025497770741436,greti,M,5,10,7.0
1004,3B0018A99B,not first visit,2025-02-12 12:40:30.184599,treatment,nah,0.0,2025-02-12,2025-02-12 12:40:30.841,0.1419999599456787,0.0690000057220459,0.0679998397827148,0.0690000057220459,0.950704493519882,1.95652157687962,1.9852987952821064,1.95652157687962,1.5517249799091133,9.533812767947682,0.4201058518928999,-0.4201058518928999,-1.9639120994375967,bluti,M,5,10,5.0
1005,3B0018A99B,not first visit,2025-02-12 12:40:30.184599,treatment,nah,0.0,2025-02-12,2025-02-12 12:40:32.506,0.1529998779296875,0.0690000057220459,0.0740001201629638,0.0679998397827148,0.8823536451580732,1.95652157687962,1.824321361947812,1.9852987952821064,1.4835171209503213,9.677193645800894,-1.848952427330212,2.267288432980896,-1.4953864049905348,bluti,M,5,10,5.0
1006,3B0018F763,not first visit,2025-02-12 12:41:15.573598,treatment,SCARE,1.0,2025-02-12,2025-02-12 12:41:16.439,0.1480000019073486,0.0730001926422119,0.0690000057220459,0.0739998817443847,0.9121621504066808,1.8493101882848608,1.95652157687962,1.82432723968838,1.483516149252617,8.480970252431328,1.5100174482818842,-1.8488733037957423,-1.7810547562315016,bluti,M,5,10,6.0
1007,01103F97C4,not first visit,2025-02-12 12:41:59.572046,treatment,SCARE,1.0,2025-02-12,2025-02-12 12:42:02.436,0.4189999103546142,0.0729999542236328,0.0740001201629638,1.1489999294281006,0.322195772991323,1.8493162281503928,1.824321361947812,0.1174934798013385,0.3148688204229782,6.207808436972441,-0.3400660347537917,-2.791214739062664,-0.228581466462442,greti,M ,5,10,7.0
1008,3B004CDB63,not first visit,2025-02-12 12:42:21.958391,treatment,nah,0.0,2025-02-12,2025-02-12 12:42:22.478,0.2209999561309814,0.0690000057220459,0.0740001201629638,0.0729999542236328,0.6108598497639008,1.95652157687962,1.824321361947812,1.8493162281503928,1.2356978380292334,9.28042692500562,-1.848952427330212,0.3400660347537917,-0.2570964581020483,bluti,M,5,10,0.0
1009,01103F97C4,not first visit,2025-02-12 12:43:01.511460,treatment,nah,0.0,2025-02-12,2025-02-12 12:43:03.928,0.1430001258850097,0.0739998817443847,0.0789999961853027,0.0680000782012939,0.9440551129903,1.82432723968838,1.7088608420099594,1.985291834523672,1.483516149252617,8.113106873262982,-1.5093658797752028,3.760963981374928,-1.666759175652391,greti,M ,5,10,8.0
1010,01103FD532,not first visit,2025-02-12 12:44:16.810176,treatment,SCARE,0.0,2025-02-12,2025-02-12 12:44:18.602,0.0740001201629638,0.0739998817443847,0.0729999542236328,0.0740001201629638,1.824321361947812,1.82432723968838,1.8493162281503928,1.824321361947812,1.8305080011638053,7.94289255684788e-05,0.3399866169571803,-0.3400660347537917,-6.430528068278229,greti,M,5,10,5.0
1011,3B001877B5,not first visit,2025-02-12 12:44:21.019764,treatment,SCARE,0.0,2025-02-12,2025-02-12 12:44:21.874,0.2119998931884765,0.0729999542236328,0.0740001201629638,0.0789999961853027,0.6367927736641805,1.8493162281503928,1.824321361947812,1.7088608420099594,1.2328768143355988,8.508941078364199,-0.3400660347537917,-1.5092866945935626,-0.4682083276990372,greti,M,5,10,7.0
1012,01103FD532,not first visit,2025-02-12 12:45:39.411413,treatment,nah,0.0,2025-02-12,2025-02-12 12:45:42.054,0.064000129699707,0.0680000782012939,0.0690000057220459,0.0739998817443847,2.109370725238046,1.985291834523672,1.95652157687962,1.82432723968838,1.9636356826658483,-1.8799802316589085,-0.4200035039416624,-1.8488733037957423,-8.415332019048716,greti,M,5,10,5.0
1013,3B0018D520,not first visit,2025-02-12 12:46:14.329241,treatment,nah,0.0,2025-02-12,2025-02-12 12:46:15.144,0.1429998874664306,0.0740001201629638,0.0739998817443847,0.0690000057220459,0.9440566869795012,1.824321361947812,1.82432723968838,1.95652157687962,1.5000004371008555,8.113038193728356,7.94289255684788e-05,1.8488733037957423,-1.7602377868475858,bluti,F,6,10,4.0
1014,3B001877B5,not first visit,2025-02-12 12:46:47.858789,treatment,SCARE,1.0,2025-02-12,2025-02-12 12:46:49.199,0.1480000019073486,0.064000129699707,0.0680000782012939,3.109999895095825,0.9121621504066808,2.109370725238046,1.985291834523672,0.0434083615928354,0.1592920304689088,11.294413505840676,-1.8799802316589085,-1.2220789737239464,-0.4745712348826509,greti,M,5,10,7.0
1015,3B00186448,not first visit,2025-02-12 12:47:06.983798,treatment,SCARE,0.0,2025-02-12,2025-02-12 12:47:07.074,0.1480000019073486,0.0680000782012939,0.0740001201629638,0.3589999675750732,0.9121621504066808,1.985291834523672,1.824321361947812,0.3760446022095228,0.8320490914380936,9.936382278906876,-2.267186587485454,-6.6894986894990645,-1.9303061641653008,greti,M,5,10,7.0
1016,3B004CDB63,not first visit,2025-02-12 12:47:25.863793,treatment,nah,0.0,2025-02-12,2025-02-12 12:47:26.855,0.1480000019073486,0.1480000019073486,0.0739998817443847,0.0730001926422119,0.9121621504066808,0.9121621504066808,1.82432723968838,1.8493101882848608,1.218961410103026,0.0,8.217707813871431,0.3399038905351528,-0.8940347823371955,bluti,M,5,10,0.0
1017,3B001877B5,not first visit,2025-02-12 12:48:47.915548,treatment,nah,0.0,2025-02-12,2025-02-12 12:48:49.066,0.1459999084472656,0.0690000057220459,0.0750000476837158,0.0690000057220459,0.9246581140751968,1.95652157687962,1.799998855591548,1.95652157687962,1.5041784088380914,9.598733718487296,-2.1739258783053863,2.1739258783053863,-1.7200512879570105,greti,M,5,10,8.0
1018,3B0018A99B,not first visit,2025-02-12 12:50:54.792310,treatment,SCARE,1.0,2025-02-12,2025-02-12 12:50:56.581,0.1459999084472656,0.0740001201629638,0.0749998092651367,0.0740001201629638,0.9246581140751968,1.824321361947812,1.8000045776483604,1.824321361947812,1.4634148005618668,8.17875573522342,-0.3263999438494475,0.3263999438494475,-1.7457879621980152,bluti,M,5,10,5.0
1019,3B004CC5C5,not first visit,2025-02-12 12:51:04.575133,treatment,SCARE,1.0,2025-02-12,2025-02-12 12:51:06.604,0.1429998874664306,0.0740001201629638,0.0749998092651367,0.0740001201629638,0.9440566869795012,1.824321361947812,1.8000045776483604,1.824321361947812,1.4754100897978328,8.113038193728356,-0.3263999438494475,0.3263999438494475,-1.84191914961514,bluti,F,6,10,0.0
1020,3B004CC5C5,not first visit,2025-02-12 12:52:21.621096,treatment,nah,0.0,2025-02-12,2025-02-12 12:52:24.442,0.1470000743865966,0.0690000057220459,0.0780000686645507,0.0750000476837158,0.918366882216416,1.95652157687962,1.7307677071488832,1.799998855591548,1.4634138550196132,9.612539904068909,-3.071479666561589,0.9049816443940136,-1.759560835007688,bluti,F,6,10,1.0
1021,3B0018A99B,not first visit,2025-02-12 12:52:40.243816,treatment,nah,0.0,2025-02-12,2025-02-12 12:52:41.575,0.1480000019073486,0.0690000057220459,0.0739998817443847,0.0740001201629638,0.9121621504066808,1.95652157687962,1.82432723968838,1.824321361947812,1.4794520161393043,9.625432163638978,-1.8488733037957423,-7.94289255684788e-05,-1.7668689346950317,bluti,M,5,10,6.0
1022,3B004CC5C5,not first visit,2025-02-12 12:53:36.209863,treatment,nah,0.0,2025-02-12,2025-02-12 12:53:38.135,0.1510000228881836,0.0729999542236328,0.0740001201629638,0.0739998817443847,0.8940395995831624,1.8493162281503928,1.824321361947812,1.82432723968838,1.4516129850969153,8.529256483721653,-0.3400660347537917,7.94289255684788e-05,-1.62091171054421,bluti,F,6,10,1.0
1023,3B00186448,not first visit,2025-02-12 12:53:55.288223,treatment,nah,0.0,2025-02-12,2025-02-12 12:53:56.112,0.1470000743865966,0.0739998817443847,0.0740001201629638,0.0779998302459716,0.918366882216416,1.82432723968838,1.824321361947812,1.7307729975088262,1.447721542370444,8.198737894183317,-7.94289255684788e-05,-1.2308999336816453,-1.7946283214795855,greti,M,5,10,7.0
1024,3B0018D520,not first visit,2025-02-12 12:54:37.778012,treatment,SCARE,0.0,2025-02-12,2025-02-12 12:54:38.302,0.1489999294281005,0.0729999542236328,0.0740001201629638,0.0690000057220459,0.9060406975906912,1.8493162281503928,1.824321361947812,1.95652157687962,1.4794520161393043,8.497982206508576,-0.3400660347537917,1.848952427330212,-1.5826993179605062,bluti,F,6,10,4.0
1025,3B00186448,not first visit,2025-02-12 12:55:12.537720,treatment,nah,0.0,2025-02-12,2025-02-12 12:55:13.979,0.1429998874664306,0.0740001201629638,0.0729999542236328,0.0799999237060546,0.9440566869795012,1.824321361947812,1.8493162281503928,1.687501609326944,1.4594599108700863,8.113038193728356,0.3400660347537917,-2.115225463092368,-1.9645554897826705,greti,M,5,10,7.0
1026,3B004CC5C5,not first visit,2025-02-12 12:55:22.133460,treatment,SCARE,0.0,2025-02-12,2025-02-12 12:55:23.408,0.1480000019073486,0.0740001201629638,0.0689997673034668,0.0790002346038818,0.9121621504066808,1.824321361947812,1.9565283373530613,1.7088556847572516,1.4594589704315957,8.217646035818213,1.8490500621727377,-3.3469276946477127,-1.847331956794452,bluti,F,6,10,1.0
1027,01103FD532,not first visit,2025-02-12 12:55:56.992738,treatment,nah,0.0,2025-02-12,2025-02-12 12:55:57.881,0.244999885559082,0.1430001258850097,0.0739998817443847,0.064000129699707,0.5510206655482073,0.9440551129903,1.82432723968838,2.109370725238046,1.0266159249099358,2.0259507002552053,8.113106873262982,4.131064665384407,0.6261388465950177,greti,M,5,10,5.0
1028,3B00199DE5,not first visit,2025-02-12 12:57:29.028126,treatment,SCARE,1.0,2025-02-12,2025-02-12 12:57:32.218,0.1480000019073486,0.0789999961853027,0.0740001201629638,0.0690000057220459,0.9121621504066808,1.7088608420099594,1.824321361947812,1.95652157687962,1.4594589704315957,7.019371791167163,1.5092866945935626,1.848952427330212,-1.5316686000053163,bluti,M,5,10,2.0
1029,3B0018F763,not first visit,2025-02-12 12:57:37.585255,treatment,SCARE,0.0,2025-02-12,2025-02-12 12:57:38.366,0.064000129699707,0.0789999961853027,0.0690000057220459,0.0739998817443847,2.109370725238046,1.7088608420099594,1.95652157687962,1.82432723968838,1.8881117999684889,-5.601531897253674,3.346766644296417,-1.8488733037957423,-7.896274839001654,bluti,M,5,10,7.0
1030,01103FD532,not first visit,2025-02-12 12:57:40.675607,treatment,nah,0.0,2025-02-12,2025-02-12 12:57:42.333,0.3430001735687256,0.1479997634887695,0.0730001926422119,0.0789999961853027,0.3935858066641782,0.91216361984419,1.8493101882848608,1.7088608420099594,0.8398132103889671,2.112333522027672,8.480966103769234,-1.8480154183792368,0.7977826723278096,greti,M,5,10,5.0
1031,3B0018F763,not first visit,2025-02-12 13:05:54.653184,treatment,SCARE,0.0,2025-02-12,2025-02-12 13:05:56.121,1.2920000553131104,0.1429998874664306,0.0740001201629638,0.0639998912811279,0.1044891596132969,0.9440566869795012,1.824321361947812,2.109378583269693,0.3432930805560776,1.1701290046604371,8.113038193728356,4.131263734530435,1.9926309164092664,bluti,M,5,10,7.0
1032,01101763D0,not first visit,2025-02-12 13:06:06.939428,treatment,SCARE,0.0,2025-02-12,2025-02-12 13:06:09.008,0.1430001258850097,0.0739998817443847,0.0680000782012939,0.0740001201629638,0.9440551129903,1.82432723968838,1.985291834523672,1.824321361947812,1.5041774098857985,8.113106873262982,2.267107609000283,-2.267186587485454,-1.94436047559322,greti,M,6,10,2.0
1033,01103F97C4,not first visit,2025-02-12 13:07:08.093136,treatment,nah,0.0,2025-02-12,2025-02-12 13:07:08.137,2.919999837875366,0.0690000057220459,0.0690000057220459,0.0629999637603759,0.0462328792792769,1.95652157687962,1.95652157687962,2.142858375498125,0.1730214778408213,1.2782126447361828,0.0,2.8232854802791363,2.1144859411510133,greti,M ,5,10,8.0
1034,3B0018F763,not first visit,2025-02-12 13:07:18.027125,treatment,SCARE,0.0,2025-02-12,2025-02-12 13:07:19.719,0.1429998874664306,0.0740001201629638,0.0739998817443847,0.0740001201629638,0.9440566869795012,1.824321361947812,1.82432723968838,1.824321361947812,1.4794520161393043,8.113038193728356,7.94289255684788e-05,-7.94289255684788e-05,-1.8562114486538384,bluti,M,5,10,7.0
1035,3B0018F763,not first visit,2025-02-12 13:07:18.027125,treatment,SCARE,0.0,2025-02-12,2025-02-12 13:07:20.719,1.2019999027252195,0.0739998817443847,0.0740001201629638,0.0739998817443847,0.1123128210692221,1.82432723968838,1.824321361947812,1.82432723968838,0.3792135400342358,2.683408632911003,-7.94289255684788e-05,7.94289255684788e-05,1.6814355905847862,bluti,M,5,10,7.0
1036,011016B2E1,not first visit,2025-02-12 13:08:48.240856,treatment,SCARE,0.0,2025-02-12,2025-02-12 13:08:49.739,0.0690000057220459,0.0679998397827148,0.0740001201629638,0.0639998912811279,1.95652157687962,1.9852987952821064,1.824321361947812,2.109378583269693,1.9636373850930224,0.4201058518928999,-2.267288432980896,4.131263734530435,-7.274422068971209,bluti,F,6,10,6.0
1037,011016B2E1,not first visit,2025-02-12 13:08:48.240856,treatment,SCARE,0.0,2025-02-12,2025-02-12 13:08:50.901,0.1429998874664306,0.1370000839233398,0.0690000057220459,0.0690000057220459,0.9440566869795012,0.9854008562180224,1.95652157687962,1.95652157687962,1.2918660817616054,0.2953155247360273,9.428352408324786,0.0,-1.0693007863410091,bluti,F,6,10,6.0
1038,3B004CDB63,not first visit,2025-02-12 13:09:02.184383,treatment,SCARE,0.0,2025-02-12,2025-02-12 13:09:02.825,0.1489999294281005,0.0729999542236328,0.0740001201629638,0.0739998817443847,0.9060406975906912,1.8493162281503928,1.824321361947812,1.82432723968838,1.4594599108700863,8.497982206508576,-0.3400660347537917,7.94289255684788e-05,-1.6806660592893956,bluti,M,5,10,0.0
1039,3B004CDB63,not first visit,2025-02-12 13:09:02.184383,treatment,SCARE,0.0,2025-02-12,2025-02-12 13:09:04.708,0.0920000076293945,0.1480000019073486,0.0690000057220459,0.0729999542236328,1.4673911826597146,0.9121621504066808,1.95652157687962,1.8493162281503928,1.413612678377056,-4.626908418251792,9.625432163638978,-1.5099349150554262,-3.0501536841357435,bluti,M,5,10,0.0
1040,01103F97C4,not first visit,2025-02-12 13:09:06.280166,treatment,nah,0.0,2025-02-12,2025-02-12 13:09:07.390,0.1509997844696045,0.1480000019073486,0.0740001201629638,0.0739998817443847,0.894041011212005,0.9121621504066808,1.824321361947812,1.82432723968838,1.2080542634542548,0.1212117200099292,8.217646035818213,7.94289255684788e-05,-0.8484414628906802,greti,M ,5,10,8.0
1041,3B001877B5,not first visit,2025-02-12 13:09:14.400419,treatment,SCARE,0.0,2025-02-12,2025-02-12 13:09:15.759,0.1480000019073486,0.0739998817443847,0.0740001201629638,0.0739998817443847,0.9121621504066808,1.82432723968838,1.824321361947812,1.82432723968838,1.4594599108700863,8.217707813871431,-7.94289255684788e-05,7.94289255684788e-05,-1.6975351100048686,greti,M,5,10,8.0
1042,3B001877B5,not first visit,2025-02-12 13:09:14.400419,treatment,SCARE,0.0,2025-02-12,2025-02-12 13:09:17.315,1.003999948501587,0.0739998817443847,0.064000129699707,0.0729999542236328,0.134462158291422,1.82432723968838,2.109370725238046,1.8493162281503928,0.444444475841132,3.135186173473468,4.131064665384407,-3.796413690274368,1.6505547119877646,greti,M,5,10,8.0
1043,011016B2E1,not first visit,2025-02-12 13:09:42.858039,treatment,nah,0.0,2025-02-12,2025-02-12 13:09:44.063,0.0729999542236328,0.0740001201629638,0.0739998817443847,0.6970000267028809,1.8493162281503928,1.824321361947812,1.82432723968838,0.1936872235695741,0.5882353051173511,-0.3400660347537917,7.94289255684788e-05,-4.229935693255241,-3.275949276658604,bluti,F,6,10,6.0
1044,3B0018F763,not first visit,2025-02-12 13:09:54.252643,treatment,SCARE,0.0,2025-02-12,2025-02-12 13:09:55.575,0.1429998874664306,0.0740001201629638,0.0690000057220459,0.0739998817443847,0.9440566869795012,1.824321361947812,1.95652157687962,1.82432723968838,1.5000004371008555,8.113038193728356,1.848952427330212,-1.8488733037957423,-1.929377124532595,bluti,M,5,10,7.0
1045,011016B2E1,not first visit,2025-02-12 13:11:55.952430,treatment,nah,0.0,2025-02-12,2025-02-12 13:11:56.975,0.312000036239624,0.1530001163482666,0.0739998817443847,0.0740001201629638,0.4326922574339592,0.8823522701950512,1.82432723968838,1.824321361947812,0.8809133179495697,1.934020925621528,8.29933900800172,-7.94289255684788e-05,0.7941018885324527,bluti,F,6,10,6.0
1046,3B004CC5C5,not first visit,2025-02-12 13:14:07.467928,treatment,SCARE,0.0,2025-02-12,2025-02-12 13:14:09.247,0.1480000019073486,0.064000129699707,0.0739998817443847,0.7019999027252197,0.9121621504066808,2.109370725238046,1.82432723968838,0.1923077189554004,0.5465587508795909,11.294413505840676,-4.131064665384407,-4.2062370464405845,-1.4278738247771945,bluti,F,6,10,1.0
1047,3B0049A710,not first visit,2025-02-12 13:15:39.253052,treatment,nah,0.0,2025-02-12,2025-02-12 13:15:40.717,0.1480000019073486,0.0759999752044677,0.0789999961853027,0.0740001201629638,0.9121621504066808,1.776316369009339,1.7088608420099594,1.824321361947812,1.432360387616656,7.715663454476958,-0.8703940574253783,1.5092866945935626,-1.6048592366076433,bluti,M,5,10,0.0
1048,3B004CC5C5,not first visit,2025-02-12 13:15:57.400933,treatment,nah,0.0,2025-02-12,2025-02-12 13:16:00.146,0.1480000019073486,0.059000015258789,0.0730001926422119,0.0689997673034668,0.9121621504066808,2.288135001454757,1.8493101882848608,1.9565283373530613,1.54727803843663,13.294422579141374,-6.6488503336148,1.5101152015707104,-1.8362442179521896,bluti,F,6,10,1.0
1049,3B004CC5C5,not first visit,2025-02-12 13:15:57.400933,treatment,nah,0.0,2025-02-12,2025-02-12 13:16:00.910,1.3829998970031738,0.0750000476837158,0.0739998817443847,0.064000129699707,0.0976138901329869,1.799998855591548,1.82432723968838,2.109370725238046,0.3383458739617177,2.335233237370464,0.3265556459014513,4.131064665384407,1.997492333794241,bluti,F,6,10,1.0
1050,3B0018D520,not first visit,2025-02-12 13:16:02.045084,treatment,SCARE,0.0,2025-02-12,2025-02-12 13:16:02.851,2.0390000343322754,0.0729999542236328,0.0759999752044677,0.0639998912811279,0.0662089248292775,1.8493162281503928,1.776316369009339,2.109378583269693,0.239786871562675,1.688548591840027,-0.9798643451878942,4.758036169907658,2.05422745392971,bluti,F,6,10,4.0
1051,3B004CDB63,not first visit,2025-02-12 13:17:07.246194,treatment,SCARE,0.0,2025-02-12,2025-02-12 13:17:07.832,0.0690000057220459,0.0680000782012939,0.0759999752044677,0.0739998817443847,1.95652157687962,1.985291834523672,1.776316369009339,1.82432723968838,1.881533488679269,0.4200035039416624,-2.9024359445962684,0.6401455528775826,-7.254659316482426,bluti,M,5,10,0.0
1052,3B004CDB63,not first visit,2025-02-12 13:17:07.246194,treatment,SCARE,0.0,2025-02-12,2025-02-12 13:17:09.400,1.2739999294281006,0.0639998912811279,0.063000202178955,0.0739998817443847,0.1059654689781667,2.109378583269693,2.142850266044005,1.82432723968838,0.3661017185858852,2.9946388381869657,0.5271127266505927,-4.649968339199833,1.6920357676480184,bluti,M,5,10,0.0
1053,3B004CDB63,not first visit,2025-02-12 13:22:59.564025,treatment,SCARE,0.0,2025-02-12,2025-02-12 13:23:00.513,0.1419999599456787,0.0729999542236328,0.062000036239624,0.0629999637603759,0.950704493519882,1.8493162281503928,2.177418082115925,2.142858375498125,1.5882356950569505,8.359182263885543,4.860768550273817,-0.552955305884808,-1.860108716696516,bluti,M,5,10,0.0
1054,01103F97C4,not first visit,2025-02-12 13:23:49.988536,treatment,SCARE,0.0,2025-02-12,2025-02-12 13:23:50.731,0.0690000057220459,0.0690000057220459,0.0629999637603759,0.0690000057220459,1.95652157687962,1.95652157687962,2.142858375498125,1.95652157687962,2.000000141285094,0.0,2.8232854802791363,-2.8232854802791363,-7.777417817338428,greti,M ,5,10,8.0
1055,3B001877B5,not first visit,2025-02-12 13:24:08.374406,treatment,nah,0.0,2025-02-12,2025-02-12 13:24:10.506,0.1419999599456787,0.0739998817443847,0.0690000057220459,0.0780000686645507,0.950704493519882,1.82432723968838,1.95652157687962,1.7307677071488832,1.4876036497098255,8.089105430197979,1.8488733037957423,-3.071479666561589,-2.026959022635984,greti,M,5,10,8.0
1056,3B004CDB63,not first visit,2025-02-12 13:24:21.693660,treatment,nah,0.0,2025-02-12,2025-02-12 13:24:21.896,0.8270001411437988,0.0690000057220459,0.0739998817443847,0.0690000057220459,0.1632406009185023,1.95652157687962,1.82432723968838,1.95652157687962,0.519730492932117,4.002858665222115,-1.8488733037957423,1.8488733037957423,1.6803107279481049,bluti,M,5,10,0.0
1057,3B0049A710,not first visit,2025-02-12 13:24:25.313123,treatment,SCARE,0.0,2025-02-12,2025-02-12 13:24:26.244,2.6050000190734863,0.0780000686645507,0.0739998817443847,0.0690000057220459,0.0518234161272732,1.7307677071488832,1.82432723968838,1.95652157687962,0.1910828042243453,1.2515424794019154,1.2310468824205203,1.8488733037957423,1.9217174013109457,bluti,M,5,10,0.0
1058,3B0018D520,not first visit,2025-02-12 13:26:25.219027,treatment,SCARE,0.0,2025-02-12,2025-02-12 13:26:28.064,0.0770001411437988,0.0729999542236328,0.0840001106262207,0.0679998397827148,1.7532435394876178,1.8493162281503928,1.6071407405725446,1.9852987952821064,1.7880791991663247,1.2809683677525867,-3.0850367840223827,4.9757655011357285,-5.654104764318964,bluti,F,6,10,4.0
1059,3B004CDB63,not first visit,2025-02-12 13:26:28.652795,treatment,SCARE,0.0,2025-02-12,2025-02-12 13:26:29.628,0.1589999198913574,0.0740001201629638,0.0679998397827148,0.0690000057220459,0.8490570315522408,1.824321361947812,1.9852987952821064,1.95652157687962,1.4594599108700863,8.37136620378434,2.267288432980896,-0.4201058518928999,-1.3601084534095045,bluti,M,5,10,0.0
1060,3B00199DE5,not first visit,2025-02-12 13:27:22.421210,treatment,nah,0.0,2025-02-12,2025-02-12 13:27:25.683,2.75,0.0739998817443847,0.0690000057220459,0.0629999637603759,0.049090909090909,1.82432723968838,1.95652157687962,2.142858375498125,0.1826793055405222,1.2572495785664888,1.8488733037957423,2.8232854802791363,2.111176598647373,bluti,M,5,10,3.0
1061,3B0018C2F6,not first visit,2025-02-12 13:29:03.413369,treatment,nah,0.0,2025-02-12,2025-02-12 13:29:07.240,0.309999942779541,0.0740001201629638,0.0639998912811279,0.064000129699707,0.4354839513502954,1.824321361947812,2.109378583269693,2.109370725238046,1.0546873271232755,7.233526994527931,4.131263734530435,-0.0001227817243613,0.7694203022950297,greti,F,6,10,2.0
1062,3B004ACEEA,not first visit,2025-02-12 13:29:50.138683,treatment,SCARE,0.0,2025-02-12,2025-02-12 13:29:52.511,0.1490001678466797,0.0739998817443847,0.0740001201629638,0.0690000057220459,0.9060392478142322,1.82432723968838,1.824321361947812,1.95652157687962,1.475409128691252,8.235764911784516,-7.94289255684788e-05,1.848952427330212,-1.5689217505002633,bluti,M,5,10,3.0
1063,3B0018C2F6,not first visit,2025-02-12 13:29:58.861252,treatment,nah,0.0,2025-02-12,2025-02-12 13:30:00.005,0.1419999599456787,0.0690000057220459,0.0739998817443847,0.0740001201629638,0.950704493519882,1.95652157687962,1.82432723968838,1.824321361947812,1.5041784088380914,9.533812767947682,-1.8488733037957423,-7.94289255684788e-05,-1.963347036646767,greti,F,6,10,2.0
1064,3B00199DE5,not first visit,2025-02-12 13:30:12.307441,treatment,SCARE,0.0,2025-02-12,2025-02-12 13:30:14.612,0.1430001258850097,0.0629999637603759,0.0739998817443847,0.0690000057220459,0.9440551129903,2.142858375498125,1.82432723968838,1.95652157687962,1.54727803843663,11.638861561385514,-4.650094817788331,1.8488733037957423,-1.9284803060741496,bluti,M,5,10,3.0
1065,3B0018F763,not first visit,2025-02-12 13:30:21.085384,treatment,nah,0.0,2025-02-12,2025-02-12 13:30:23.182,0.1480000019073486,0.0740001201629638,0.0679998397827148,0.0690000057220459,0.9121621504066808,1.824321361947812,1.9852987952821064,1.95652157687962,1.5041784088380914,8.217646035818213,2.267288432980896,-0.4201058518928999,-1.6848448198007395,bluti,M,5,10,7.0
1066,01103F97C4,not first visit,2025-02-12 13:30:47.249259,treatment,nah,0.0,2025-02-12,2025-02-12 13:30:49.276,0.1419999599456787,0.0740001201629638,0.0639998912811279,0.0680000782012939,0.950704493519882,1.824321361947812,2.109378583269693,1.985291834523672,1.55172391680563,8.089042078026296,4.131263734530435,-1.880102688395628,-1.9270718449990347,greti,M ,5,10,8.0
1067,3B0018C2F6,not first visit,2025-02-12 13:31:11.717921,treatment,SCARE,0.0,2025-02-12,2025-02-12 13:31:14.391,1.687999963760376,0.0659999847412109,0.0669999122619628,0.0670001506805419,0.0799763050345445,2.04545501835101,2.014928011728786,2.0149208416512763,0.2860169474188537,2.241138849514268,-0.459053086657584,-0.0001070160319703,1.9357755584671807,greti,F,6,10,2.0
1068,01103F97C4,not first visit,2025-02-12 13:31:53.325479,treatment,SCARE,0.0,2025-02-12,2025-02-12 13:31:55.449,0.1370000839233398,0.0740001201629638,0.0739998817443847,0.0690000057220459,0.9854008562180224,1.824321361947812,1.82432723968838,1.95652157687962,1.5254233343031716,7.9518454435868975,7.94289255684788e-05,1.8488733037957423,-1.9693775177841049,greti,M ,5,10,8.0
1069,3B00199DE5,not first visit,2025-02-12 13:34:25.251467,treatment,SCARE,0.0,2025-02-12,2025-02-12 13:34:28.573,0.1449999809265136,0.0729999542236328,0.0670001506805419,0.0680000782012939,0.9310346052281092,1.8493162281503928,2.0149208416512763,1.985291834523672,1.5297443316515715,8.42460455127954,2.365778420155234,-0.4389475095414589,-1.791722759148595,bluti,M,5,10,3.0
1070,3B0018C2F6,not first visit,2025-02-12 13:36:21.873244,treatment,SCARE,0.0,2025-02-12,2025-02-12 13:36:23.380,0.1480000019073486,0.0739998817443847,0.0740001201629638,0.0679998397827148,0.9121621504066808,1.82432723968838,1.824321361947812,1.9852987952821064,1.4835171209503213,8.217707813871431,-7.94289255684788e-05,2.267288432980896,-1.577835679914525,greti,F,6,10,2.0
1071,3B004CC5C5,not first visit,2025-02-12 13:36:30.410576,treatment,SCARE,0.0,2025-02-12,2025-02-12 13:36:32.620,0.1420001983642578,0.0679998397827148,0.0690000057220459,0.064000129699707,0.95070289728539,1.9852987952821064,1.95652157687962,2.109370725238046,1.574343226656713,9.853292476762634,-0.4201058518928999,2.2984810936279225,-1.8518911893780063,bluti,F,6,10,1.0
1072,3B004CDB63,not first visit,2025-02-12 13:36:35.301265,treatment,SCARE,0.0,2025-02-12,2025-02-12 13:36:35.955,0.1449999809265136,0.064000129699707,0.0680000782012939,0.0739998817443847,0.9310346052281092,2.109370725238046,1.985291834523672,1.82432723968838,1.5384612291392277,11.275937763662649,-1.8799802316589085,-2.267107609000283,-2.0308862942323733,bluti,M,5,10,0.0
1073,3B004ACEEA,not first visit,2025-02-12 13:36:51.641476,treatment,SCARE,0.0,2025-02-12,2025-02-12 13:36:53.324,0.1430001258850097,0.0739998817443847,0.0730001926422119,0.0739998817443847,0.9440551129903,1.82432723968838,1.8493101882848608,1.82432723968838,1.483516149252617,8.113106873262982,0.3399038905351528,-0.3399038905351528,-1.8706035784796395,bluti,M,5,10,3.0
1074,3B004ACEEA,not first visit,2025-02-12 13:36:51.641476,treatment,SCARE,0.0,2025-02-12,2025-02-12 13:36:55.389,0.1480000019073486,0.0680000782012939,0.0690000057220459,0.0690000057220459,0.9121621504066808,1.985291834523672,1.95652157687962,1.95652157687962,1.5254233343031716,9.936382278906876,-0.4200035039416624,0.0,-1.7590052028094003,bluti,M,5,10,3.0
1075,01103F97C4,not first visit,2025-02-12 13:40:22.085577,treatment,nah,0.0,2025-02-12,2025-02-12 13:40:23.797,0.1470000743865966,0.0690000057220459,0.0639998912811279,0.0740001201629638,0.918366882216416,1.95652157687962,2.109378583269693,1.824321361947812,1.5254233343031716,9.612539904068909,2.2986033799172896,-4.131263734530435,-1.9472059637083208,greti,M ,5,10,8.0
1076,3B004CC5C5,not first visit,2025-02-12 13:40:29.868284,treatment,nah,0.0,2025-02-12,2025-02-12 13:40:31.735,1.4780001640319824,0.0720000267028808,0.0729999542236328,0.2159998416900634,0.0913396380361151,1.874999304612736,1.8493162281503928,0.6250004580730688,0.29363784878765,2.3014960607598094,-0.3542493771134822,-8.472779478660536,0.5329242085479701,bluti,F,6,10,1.0
1077,3B004CDB63,not first visit,2025-02-12 13:41:43.946038,treatment,nah,0.0,2025-02-12,2025-02-12 13:41:45.457,0.1440000534057617,0.062000036239624,0.0609998703002929,0.0669999122619628,0.9374996523063678,2.177418082115925,2.213119459687632,2.014928011728786,1.6167670856601164,12.038037769245513,0.5805106455120866,-3.096746634900738,-2.0879170919413044,bluti,M,5,10,0.0
1078,3B004CDB63,not first visit,2025-02-12 13:41:43.946038,treatment,nah,0.0,2025-02-12,2025-02-12 13:41:46.735,2.2870001792907715,0.062000036239624,0.0669999122619628,0.0720000267028808,0.0590292913933506,2.177418082115925,2.014928011728786,1.874999304612736,0.2170417871656259,1.803651423032544,-2.519226903181909,-2.013363576388933,1.8298871234357048,bluti,M,5,10,0.0
1079,01103F97C4,not first visit,2025-02-12 13:42:29.843664,treatment,nah,0.0,2025-02-12,2025-02-12 13:42:32.615,0.1470000743865966,0.0739998817443847,0.0690000057220459,0.0680000782012939,0.918366882216416,1.82432723968838,1.95652157687962,1.985291834523672,1.508379719505235,8.198737894183317,1.8488733037957423,0.4200035039416624,-1.6808439542020708,greti,M ,5,10,8.0
1080,3B004CC5C5,not first visit,2025-02-12 13:43:52.025443,treatment,SCARE,0.0,2025-02-12,2025-02-12 13:43:53.226,0.1439998149871826,0.0720000267028808,0.0670001506805419,0.0709998607635498,0.9375012045120774,1.874999304612736,2.0149208416512763,1.9014121795194685,1.5254243616743997,8.680544326008045,2.0132569565372043,-1.6450529379527474,-1.9018379076167853,bluti,F,6,10,1.0
1081,01103F97C4,not first visit,2025-02-12 13:43:54.435295,treatment,SCARE,0.0,2025-02-12,2025-02-12 13:43:56.399,0.1440000534057617,0.0720000267028808,0.0669999122619628,0.0670001506805419,0.9374996523063678,1.874999304612736,2.014928011728786,2.0149208416512763,1.5428565122645874,8.680549116785782,2.013363576388933,-0.0001070160319703,-1.819432921404779,greti,M ,5,10,8.0
1082,01103F97C4,not first visit,2025-02-12 13:45:38.312975,treatment,SCARE,0.0,2025-02-12,2025-02-12 13:45:41.700,0.1480000019073486,0.0639998912811279,0.0740001201629638,0.2769999504089355,0.9121621504066808,2.109378583269693,1.824321361947812,0.4873647081910999,0.9591474862507005,11.294500340135906,-4.131263734530435,-7.617985099423779,-2.1150951567771443,greti,M ,5,10,8.0
1083,01103FD532,not first visit,2025-02-12 13:47:13.355825,treatment,nah,0.0,2025-02-12,2025-02-12 13:47:13.946,0.1779999732971191,0.1480000019073486,0.0749998092651367,0.0730001926422119,0.7584270800684717,0.9121621504066808,1.8000045776483604,1.8493101882848608,1.139240561339973,0.94316001246188,7.962719094456571,0.6662920270415486,-0.326951821594299,greti,M,5,10,5.0
1084,3B004CDB63,not first visit,2025-02-12 13:52:12.412878,treatment,nah,0.0,2025-02-12,2025-02-12 13:52:12.909,0.1480000019073486,0.064000129699707,0.0739998817443847,0.0680000782012939,0.9121621504066808,2.109370725238046,1.82432723968838,1.985291834523672,1.5254233343031716,11.294413505840676,-4.131064665384407,2.267107609000283,-1.7226836104024652,bluti,M,5,10,0.0
1085,3B004CDB63,not first visit,2025-02-12 13:52:12.412878,treatment,nah,0.0,2025-02-12,2025-02-12 13:52:14.549,0.1529998779296875,0.0789999961853027,0.0730001926422119,0.0690000057220459,0.8823536451580732,1.7088608420099594,1.8493101882848608,1.95652157687962,1.4438499875690871,7.125065907942947,1.8480154183792368,1.5100174482818842,-1.398433582138774,bluti,M,5,10,0.0
1086,3B0018F763,not first visit,2025-02-12 13:52:35.606680,treatment,SCARE,0.0,2025-02-12,2025-02-12 13:52:38.179,0.1380000114440918,0.0740001201629638,0.0690000057220459,0.0690000057220459,0.9782607884398098,1.824321361947812,1.95652157687962,1.95652157687962,1.5428565122645874,7.981698568717722,1.848952427330212,0.0,-2.0120798624291005,bluti,M,5,10,7.0
1087,3B001877B5,not first visit,2025-02-12 13:52:57.627602,treatment,SCARE,0.0,2025-02-12,2025-02-12 13:53:00.547,0.1419999599456787,0.0690000057220459,0.0690000057220459,0.0690000057220459,0.950704493519882,1.95652157687962,1.95652157687962,1.95652157687962,1.54727803843663,9.533812767947682,0.0,0.0,-1.9478090837390305,greti,M,5,10,8.0
1088,3B001877B5,not first visit,2025-02-12 13:54:17.525232,treatment,nah,0.0,2025-02-12,2025-02-12 13:54:20.064,0.1430001258850097,0.0739998817443847,0.0690000057220459,0.0690000057220459,0.9440551129903,1.82432723968838,1.95652157687962,1.95652157687962,1.5211266788360878,8.113106873262982,1.8488733037957423,0.0,-1.834865130598124,greti,M,5,10,8.0
1089,3B001877B5,not first visit,2025-02-12 13:54:19.935156,treatment,SCARE,0.0,2025-02-12,2025-02-12 13:54:20.064,0.1430001258850097,0.0739998817443847,0.0690000057220459,0.0690000057220459,0.9440551129903,1.82432723968838,1.95652157687962,1.95652157687962,1.5211266788360878,8.113106873262982,1.8488733037957423,0.0,-1.834865130598124,greti,M,5,10,8.0
1090,3B001877B5,not first visit,2025-02-12 13:54:19.935156,treatment,SCARE,0.0,2025-02-12,2025-02-12 13:54:22.072,2.425999879837036,0.0690000057220459,0.0740001201629638,0.0690000057220459,0.055647158568313,1.95652157687962,1.824321361947812,1.95652157687962,0.2047005298170539,1.5237470985978476,-1.848952427330212,1.848952427330212,1.916502047343201,greti,M,5,10,8.0
1091,3B00186448,not first visit,2025-02-12 13:55:55.105850,treatment,SCARE,0.0,2025-02-12,2025-02-12 13:55:58.347,0.1510000228881836,0.0690000057220459,0.0690000057220459,0.0750000476837158,0.8940395995831624,1.95652157687962,1.95652157687962,1.799998855591548,1.483516149252617,9.658925810221955,0.0,-2.1739258783053863,-1.7619112365795913,greti,M,5,10,7.0
1092,3B001877B5,not first visit,2025-02-12 13:56:22.765527,treatment,SCARE,0.0,2025-02-12,2025-02-12 13:56:24.890,0.1380000114440918,0.0739998817443847,0.0629999637603759,0.0740001201629638,0.9782607884398098,1.82432723968838,2.142858375498125,1.824321361947812,1.54727803843663,7.981762995478329,4.650094817788331,-4.650172531697925,-2.2014446688830063,greti,M,5,10,8.0
1093,3B001877B5,not first visit,2025-02-12 13:56:22.765527,treatment,SCARE,0.0,2025-02-12,2025-02-12 13:56:26.009,0.9919998645782472,0.0740001201629638,0.0729999542236328,0.0739998817443847,0.1360887282554174,1.824321361947812,1.8493162281503928,1.82432723968838,0.4451773122969363,3.1674158684012386,0.3400660347537917,-0.3399866169571803,1.6241967415226743,greti,M,5,10,8.0
1094,3B0018C2F6,not first visit,2025-02-12 13:56:40.822381,treatment,nah,0.0,2025-02-12,2025-02-12 13:56:41.575,0.1440000534057617,0.0739998817443847,0.0680000782012939,0.0739998817443847,0.9374996523063678,1.82432723968838,1.985291834523672,1.82432723968838,1.5000004371008555,8.136035332040018,2.267107609000283,-2.267107609000283,-1.910732214577232,greti,F,6,10,2.0
1095,3B004ACEEA,not first visit,2025-02-12 14:01:31.030662,treatment,SCARE,0.0,2025-02-12,2025-02-12 14:01:31.527,0.1389999389648437,0.0740001201629638,0.0639998912811279,0.0740001201629638,0.9712234480487404,1.824321361947812,2.109378583269693,1.824321361947812,1.5384612291392277,8.010306827071656,4.131263734530435,-4.131263734530435,-2.1479620129125605,bluti,M,5,10,3.0
1096,3B0018D520,not first visit,2025-02-12 14:03:38.273022,treatment,SCARE,0.0,2025-02-12,2025-02-12 14:03:40.535,0.1429998874664306,0.1430001258850097,0.0739998817443847,0.0740001201629638,0.9440566869795012,0.9440551129903,1.82432723968838,1.824321361947812,1.244239587590808,-1.1006916976278105e-05,8.113106873262982,-7.94289255684788e-05,-1.0760062994589006,bluti,F,6,10,4.0
1097,3B001877B5,not first visit,2025-02-12 14:03:57.305838,treatment,SCARE,0.0,2025-02-12,2025-02-12 14:03:59.632,1.2630000114440918,0.0740001201629638,0.0739998817443847,0.0740001201629638,0.1068883600766111,1.824321361947812,1.82432723968838,1.824321361947812,0.3636363309422976,2.569084267488995,7.94289255684788e-05,-7.94289255684788e-05,1.6934109501749373,greti,M,5,10,8.0
1098,01103F88A1,not first visit,2025-02-12 14:04:08.871385,treatment,SCARE,0.0,2025-02-12,2025-02-12 14:04:09.206,0.1419999599456787,0.1480000019073486,0.0739998817443847,0.0740001201629638,0.950704493519882,0.9121621504066808,1.82432723968838,1.824321361947812,1.2328768143355988,-0.2658092978145589,8.217707813871431,-7.94289255684788e-05,-1.05660201173974,bluti,M,6,10,0.0
1099,3B0018C2F6,not first visit,2025-02-12 14:04:22.187236,treatment,nah,0.0,2025-02-12,2025-02-12 14:04:23.156,0.0650000572204589,0.062000036239624,0.0490000247955322,0.1459999084472656,2.07692124857866,2.177418082115925,2.755100646649248,0.9246581140751968,1.6770184944682454,1.5826261351351274,10.408689133069158,-18.773775991963387,-8.668509681471242,greti,F,6,10,2.0
1100,3B001877B5,not first visit,2025-02-12 14:05:20.363717,treatment,nah,0.0,2025-02-12,2025-02-12 14:05:21.906,0.1400001049041748,0.0729999542236328,0.0720000267028808,0.0729999542236328,0.9642849917319906,1.8493162281503928,1.874999304612736,1.8493162281503928,1.508379719505235,8.310150147773927,0.3542493771134822,-0.3542493771134822,-1.9848187679144724,greti,M,5,10,8.0
1101,3B004CC5C5,not first visit,2025-02-12 14:05:24.814201,treatment,nah,0.0,2025-02-12,2025-02-12 14:05:25.817,0.1449999809265136,0.0730001926422119,0.0619997978210449,0.063000202178955,0.9310346052281092,1.8493101882848608,2.177426455319444,2.142850266044005,1.574343226656713,8.42453992604057,4.860982077237804,-0.553219028407014,-1.7526906784390794,bluti,F,6,10,1.0
1102,3B004B0F76,not first visit,2025-02-12 14:05:28.221496,treatment,SCARE,0.0,2025-02-12,2025-02-12 14:05:30.196,0.1480000019073486,0.0729999542236328,0.0690000057220459,0.0739998817443847,0.9121621504066808,1.8493162281503928,1.95652157687962,1.82432723968838,1.4835171209503213,8.481034061276315,1.5099349150554262,-1.8488733037957423,-1.7810581538219612,greti,F,5,10,0.0
1103,3B0018A99B,not first visit,2025-02-12 14:06:33.642234,treatment,SCARE,0.0,2025-02-12,2025-02-12 14:06:35.054,0.1420001983642578,0.0690000057220459,0.0739998817443847,0.0690000057220459,0.95070289728539,1.95652157687962,1.82432723968838,1.95652157687962,1.5254233343031716,9.533817125435837,-1.8488733037957423,1.8488733037957423,-1.869244770884068,bluti,M,5,10,6.0
1104,3B001877B5,not first visit,2025-02-12 14:06:58.304100,treatment,SCARE,0.0,2025-02-12,2025-02-12 14:06:59.984,0.2109999656677246,0.0670001506805419,0.0669999122619628,0.0720000267028808,0.639810530645267,2.0149208416512763,2.014928011728786,1.874999304612736,1.2949638570060462,9.892875794939094,0.0001070160319703,-2.013363576388933,-0.4473614697218051,greti,M,5,10,8.0
1105,3B004CDB63,not first visit,2025-02-12 14:07:06.982756,treatment,nah,0.0,2025-02-12,2025-02-12 14:07:07.541,0.1470000743865966,0.0670001506805419,0.0719997882843017,0.063000202178955,0.918366882216416,2.0149208416512763,1.875005513445854,2.142850266044005,1.5472769814177083,10.24815706703894,-2.0131710739932047,3.968070689176098,-1.6209472399888547,bluti,M,5,10,0.0
1106,3B004ACEEA,not first visit,2025-02-12 14:07:15.320581,treatment,SCARE,0.0,2025-02-12,2025-02-12 14:07:15.747,0.1480000019073486,0.0729999542236328,0.0690000057220459,0.0740001201629638,0.9121621504066808,1.8493162281503928,1.95652157687962,1.824321361947812,1.483516149252617,8.481034061276315,1.5099349150554262,-1.848952427330212,-1.7810623327664985,bluti,M,5,10,3.0
1107,3B001877B5,not first visit,2025-02-12 14:08:17.458419,treatment,SCARE,0.0,2025-02-12,2025-02-12 14:08:19.061,0.1469998359680175,0.0740001201629638,0.1429998874664306,0.0729999542236328,0.9183683717128204,1.824321361947812,0.9440566869795012,1.8493162281503928,1.2356985122019086,8.198671222342279,-8.113038193728356,8.382038931952945,-0.9591505758429146,greti,M,5,10,8.0
1108,3B0049A710,not first visit,2025-02-12 14:08:41.885798,treatment,nah,0.0,2025-02-12,2025-02-12 14:08:42.438,0.1480000019073486,0.0789999961853027,0.0789999961853027,0.0680000782012939,0.9121621504066808,1.7088608420099594,1.7088608420099594,1.985291834523672,1.4438499875690871,7.019371791167163,0.0,3.760963981374928,-1.4438887640317837,bluti,M,5,10,0.0
1109,3B0018A99B,not first visit,2025-02-12 14:09:15.522165,treatment,nah,0.0,2025-02-12,2025-02-12 14:09:17.312,0.1429998874664306,0.0740001201629638,0.0739998817443847,0.0680000782012939,0.9440566869795012,1.824321361947812,1.82432723968838,1.985291834523672,1.5041784088380914,8.113038193728356,7.94289255684788e-05,2.267107609000283,-1.7387978846266263,bluti,M,5,10,6.0
1110,3B0018F763,not first visit,2025-02-12 14:13:11.423191,treatment,nah,0.0,2025-02-12,2025-02-12 14:13:12.151,0.1429998874664306,0.0740001201629638,0.0750000476837158,0.0690000057220459,0.9440566869795012,1.824321361947812,1.799998855591548,1.95652157687962,1.4958446224401378,8.113038193728356,-0.3264762276146148,2.1739258783053863,-1.745659847820225,bluti,M,5,10,7.0
1111,3B0018F763,not first visit,2025-02-12 14:13:11.423191,treatment,nah,0.0,2025-02-12,2025-02-12 14:13:13.828,2.9210000038146973,0.1380000114440918,0.0690000057220459,0.0729999542236328,0.0462170488954796,0.9782607884398098,1.95652157687962,1.8493162281503928,0.168697283406104,0.6093780548513531,9.451794273569169,-1.5099349150554262,1.8221935468129848,bluti,M,5,10,7.0
1112,011016B2E1,not first visit,2025-02-12 14:13:54.959233,treatment,SCARE,0.0,2025-02-12,2025-02-12 14:13:56.346,1.2150001525878906,0.1480000019073486,0.0739998817443847,0.0729999542236328,0.1111110971570305,0.9121621504066808,1.82432723968838,1.8493162281503928,0.3576158962983384,1.1754232757901693,8.217707813871431,0.3399866169571803,1.7210124114843497,bluti,F,6,10,6.0
1113,011016B2E1,not first visit,2025-02-12 14:14:03.566788,treatment,nah,0.0,2025-02-12,2025-02-12 14:14:05.121,0.11899995803833,0.1480000019073486,0.0739998817443847,0.0740001201629638,1.134454181542789,0.9121621504066808,1.82432723968838,1.824321361947812,1.3012049388844078,-1.6651090972548,8.217707813871431,-7.94289255684788e-05,-1.737545064075711,bluti,F,6,10,6.0
1114,011016B2E1,not first visit,2025-02-12 14:14:44.132804,treatment,nah,0.0,2025-02-12,2025-02-12 14:14:45.075,0.1389999389648437,0.0669999122619628,0.0720000267028808,0.0720000267028808,0.9712234480487404,2.014928011728786,1.874999304612736,1.874999304612736,1.5428575632524664,10.133061334407692,-2.013363576388933,0.0,-2.097286006988867,bluti,F,6,10,6.0
1115,011016B2E1,not first visit,2025-02-12 14:14:44.132804,treatment,nah,0.0,2025-02-12,2025-02-12 14:14:45.703,0.7139999866485596,0.0739998817443847,0.0720000267028808,0.0729999542236328,0.18907563378772,1.82432723968838,1.874999304612736,1.8493162281503928,0.5787782285215618,4.150385479722504,0.6941383109518589,-0.3542493771134822,1.498851582673434,bluti,F,6,10,6.0
1116,3B0018F763,not first visit,2025-02-12 14:14:59.369025,treatment,nah,0.0,2025-02-12,2025-02-12 14:15:00.268,0.1450002193450927,0.0679998397827148,0.0729999542236328,0.0670001506805419,0.9310330743618204,1.9852987952821064,1.8493162281503928,2.0149208416512763,1.5297443316515715,9.899205899165398,-1.928833557382232,2.365778420155234,-1.754444152058218,bluti,M,5,10,7.0
1117,3B00199DE5,not first visit,2025-02-12 14:15:35.002131,treatment,nah,0.0,2025-02-12,2025-02-12 14:15:36.185,2.4260001182556152,0.0679998397827148,0.0720000267028808,0.0729999542236328,0.0556471530995101,1.9852987952821064,1.874999304612736,1.8493162281503928,0.2046229679762011,1.5474351841612497,-1.5757085122751755,-0.3542493771134822,1.8092678963798263,bluti,M,5,10,3.0
1118,3B00199DE5,not first visit,2025-02-12 14:15:35.002131,treatment,nah,0.0,2025-02-12,2025-02-12 14:15:38.897,1.2139999866485596,0.1449999809265136,0.0729999542236328,0.0729999542236328,0.1112026371373273,0.9310346052281092,1.8493162281503928,1.8493162281503928,0.3588040162682278,1.206522424799827,8.42460455127954,0.0,1.7202359619585417,bluti,M,5,10,3.0
1119,011016B2E1,not first visit,2025-02-12 14:15:42.239768,treatment,nah,0.0,2025-02-12,2025-02-12 14:15:43.448,0.1460001468658447,0.0679998397827148,0.0670001506805419,0.0679998397827148,0.9246566041063478,1.9852987952821064,2.0149208416512763,1.9852987952821064,1.54727803843663,9.91254446120684,0.4388451623962503,-0.4388451623962503,-1.835596518984312,bluti,F,6,10,6.0
1120,3B00199DE5,not first visit,2025-02-12 14:16:08.647106,treatment,nah,0.0,2025-02-12,2025-02-12 14:16:10.261,4.897000074386597,0.062000036239624,0.0669999122619628,0.0710000991821289,0.0275678982947351,2.177418082115925,2.014928011728786,1.90140579457078,0.1059446707999413,0.8670498632232166,-2.519226903181909,-1.645249387591502,1.8908555083394527,bluti,M,5,10,3.0
1121,3B00199DE5,not first visit,2025-02-12 14:16:14.073366,treatment,SCARE,0.0,2025-02-12,2025-02-12 14:16:10.261,4.897000074386597,0.062000036239624,0.0669999122619628,0.0710000991821289,0.0275678982947351,2.177418082115925,2.014928011728786,1.90140579457078,0.1059446707999413,0.8670498632232166,-2.519226903181909,-1.645249387591502,1.8908555083394527,bluti,M,5,10,3.0
1122,3B0018D520,not first visit,2025-02-12 14:19:04.900968,treatment,nah,0.0,2025-02-12,2025-02-12 14:19:05.730,0.1399998664855957,0.0730001926422119,0.0720000267028808,0.0729999542236328,0.9642866339011108,1.8493101882848608,1.874999304612736,1.8493162281503928,1.508379719505235,8.31007801601317,0.3543321029982201,-0.3542493771134822,-1.9848234800576143,bluti,F,6,10,4.0
1123,3B004ACEEA,not first visit,2025-02-12 14:24:18.690615,treatment,SCARE,0.0,2025-02-12,2025-02-12 14:24:19.235,0.1490001678466797,0.0739998817443847,0.0740001201629638,0.0629999637603759,0.9060392478142322,1.82432723968838,1.824321361947812,2.142858375498125,1.4999994436901884,8.235764911784516,-7.94289255684788e-05,4.650172531697925,-1.4242243264071348,bluti,M,5,10,3.0
1124,3B00199DE5,not first visit,2025-02-12 14:24:51.385405,treatment,nah,0.0,2025-02-12,2025-02-12 14:24:54.235,0.1490001678466797,0.0729999542236328,0.0739998817443847,0.0690000057220459,0.9060392478142322,1.8493162281503928,1.82432723968838,1.95652157687962,1.4794520161393043,8.497986141083327,-0.3399866169571803,1.8488733037957423,-1.5826953028481596,bluti,M,5,10,3.0
1125,3B0018F763,not first visit,2025-02-12 14:26:15.661450,treatment,SCARE,0.0,2025-02-12,2025-02-12 14:26:16.424,0.1480000019073486,0.0739998817443847,0.0740001201629638,0.0729999542236328,0.9121621504066808,1.82432723968838,1.824321361947812,1.8493162281503928,1.4634148005618668,8.217707813871431,-7.94289255684788e-05,0.3400660347537917,-1.67935774119584,bluti,M,5,10,7.0
1126,011016B2E1,not first visit,2025-02-12 14:26:26.441357,treatment,SCARE,0.0,2025-02-12,2025-02-12 14:26:28.688,1.3459999561309814,0.0740001201629638,0.0729999542236328,0.0639998912811279,0.1002971800891076,1.824321361947812,1.8493162281503928,2.109378583269693,0.3468208266678468,2.428202942577624,0.3400660347537917,3.796535013030542,1.99165888806589,bluti,F,6,10,6.0
1127,3B0018D520,not first visit,2025-02-12 14:26:51.678854,treatment,SCARE,0.0,2025-02-12,2025-02-12 14:26:54.381,1.0999999046325684,0.0740001201629638,0.0739998817443847,0.0680000782012939,0.1227272833674416,1.824321361947812,1.82432723968838,1.985291834523672,0.4103343512623141,2.8987973469195216,7.94289255684788e-05,2.267107609000283,1.8176316098150729,bluti,F,6,10,4.0
1128,3B00186448,not first visit,2025-02-12 14:27:24.348599,treatment,SCARE,0.0,2025-02-12,2025-02-12 14:27:27.853,0.6649999618530273,0.0740001201629638,0.0739998817443847,0.0789999961853027,0.2030075304422898,1.824321361947812,1.82432723968838,1.7088608420099594,0.605381193103288,4.387858326301076,7.94289255684788e-05,-1.5093658797752028,1.3184617306858015,greti,M,5,10,7.0
1129,01103FD532,not first visit,2025-02-12 14:27:29.977748,treatment,nah,0.0,2025-02-12,2025-02-12 14:27:30.701,0.1530001163482666,0.0739998817443847,0.0810000896453857,0.0049998760223388,0.8823522701950512,1.82432723968838,1.666664822113446,27.000669495970627,1.7252398163643523,8.29933900800172,-2.0343541506658545,589.163134593318,23.229932776052195,greti,M,5,10,5.0
1130,3B00186448,not first visit,2025-02-12 14:27:42.979668,treatment,nah,0.0,2025-02-12,2025-02-12 14:27:44.369,0.1470000743865966,0.0690000057220459,0.0729999542236328,0.0740001201629638,0.918366882216416,1.95652157687962,1.8493162281503928,1.824321361947812,1.4876026726514302,9.612539904068909,-1.5099349150554262,-0.3400660347537917,-1.812774377062597,greti,M,5,10,7.0
1131,3B004CDB63,not first visit,2025-02-12 14:27:53.458603,treatment,SCARE,0.0,2025-02-12,2025-02-12 14:27:54.165,0.0690000057220459,0.0740001201629638,0.0739998817443847,0.0729999542236328,1.95652157687962,1.824321361947812,1.82432723968838,1.8493162281503928,1.8620692104562184,-1.848952427330212,7.94289255684788e-05,0.3399866169571803,-7.084572989931856,bluti,M,5,10,0.0
1132,3B004CDB63,not first visit,2025-02-12 14:27:53.458603,treatment,SCARE,0.0,2025-02-12,2025-02-12 14:27:55.555,0.1480000019073486,0.0729999542236328,0.0690000057220459,0.0690000057220459,0.9121621504066808,1.8493162281503928,1.95652157687962,1.95652157687962,1.5041784088380914,8.481034061276315,1.5099349150554262,0.0,-1.6848448198007395,bluti,M,5,10,0.0
1133,3B004CDB63,not first visit,2025-02-12 14:27:53.458603,treatment,SCARE,0.0,2025-02-12,2025-02-12 14:27:56.210,1.246999979019165,0.0739998817443847,0.0730001926422119,0.059000015258789,0.1082598253980605,1.82432723968838,1.8493101882848608,2.288135001454757,0.3716448551143654,2.598134133486459,0.3399038905351528,6.6488503336148,2.152810231806159,bluti,M,5,10,0.0
1134,3B004CDB63,not first visit,2025-02-12 14:28:51.765738,treatment,SCARE,0.0,2025-02-12,2025-02-12 14:28:52.747,0.1470000743865966,0.0789999961853027,0.0739998817443847,0.0740001201629638,0.918366882216416,1.7088608420099594,1.82432723968838,1.824321361947812,1.4438499875690871,6.995519583628241,1.5093658797752028,-7.94289255684788e-05,-1.660942276137132,bluti,M,5,10,0.0
1135,01103F97C4,not first visit,2025-02-12 14:28:54.984807,treatment,SCARE,0.0,2025-02-12,2025-02-12 14:28:58.515,0.7819998264312744,0.0710000991821289,0.0669999122619628,0.0670001506805419,0.1726343094167737,1.90140579457078,2.014928011728786,2.0149208416512763,0.5471124683497521,4.053391877873435,1.645249387591502,-0.0001070160319703,1.708015402688123,greti,M ,5,10,8.0
1136,011016B2E1,not first visit,2025-02-12 14:29:51.928350,treatment,SCARE,0.0,2025-02-12,2025-02-12 14:29:54.147,2.1069998741149902,0.1400001049041748,0.0729999542236328,0.0780000686645507,0.0640721443121606,0.9642849917319906,1.8493162281503928,1.7307677071488832,0.2251876562012046,0.8012575485761959,8.310150147773927,-1.5701788481091308,1.6816890837751566,bluti,F,6,10,6.0
1137,3B0018A99B,not first visit,2025-02-12 14:30:43.541289,treatment,nah,0.0,2025-02-12,2025-02-12 14:30:45.783,0.1370000839233398,0.0789999961853027,0.0739998817443847,0.5720000267028809,0.9854008562180224,1.7088608420099594,1.82432723968838,0.2360139749960611,0.6264501243261633,6.6987010877778825,1.5093658797752028,-4.917379225362464,-1.7056628443910018,bluti,M,5,10,6.0
1138,3B004CC5C5,not first visit,2025-02-12 14:30:51.926247,treatment,nah,0.0,2025-02-12,2025-02-12 14:30:51.970,0.1470000743865966,0.0749998092651367,0.0740001201629638,0.0739998817443847,0.918366882216416,1.8000045776483604,1.824321361947812,1.82432723968838,1.4594599108700863,7.942686103520943,0.3263999438494475,7.94289255684788e-05,-1.7146600805251977,bluti,F,6,10,1.0
1139,01103F97C4,not first visit,2025-02-12 14:32:14.306099,treatment,SCARE,0.0,2025-02-12,2025-02-12 14:32:18.130,1.307999849319458,0.0789999961853027,0.0740001201629638,0.0690000057220459,0.103211021064138,1.7088608420099594,1.824321361947812,1.95652157687962,0.3529411830704106,2.315284787016669,1.5092866945935626,1.848952427330212,1.833870340179027,greti,M ,5,10,8.0
1140,01103FD532,not first visit,2025-02-12 14:33:48.602000,treatment,SCARE,0.0,2025-02-12,2025-02-12 14:33:50.229,0.1489999294281005,0.0680000782012939,0.0639998912811279,0.0789999961853027,0.9060406975906912,1.985291834523672,2.109378583269693,1.7088608420099594,1.5000004371008555,9.947014737217795,1.880102688395628,-5.601651139113735,-1.9742324383809564,greti,M,5,10,5.0
1141,3B0018C2F6,not first visit,2025-02-12 14:34:01.950994,treatment,SCARE,0.0,2025-02-12,2025-02-12 14:34:03.706,0.1480000019073486,0.0739998817443847,0.0789999961853027,0.0740001201629638,0.9121621504066808,1.82432723968838,1.7088608420099594,1.824321361947812,1.4400000000000002,8.217707813871431,-1.5093658797752028,1.5092866945935626,-1.63083909749514,greti,F,6,10,2.0
1142,3B0018C2F6,not first visit,2025-02-12 14:34:01.950994,treatment,SCARE,0.0,2025-02-12,2025-02-12 14:34:04.964,0.1530001163482666,0.0729999542236328,0.0789999961853027,0.0739998817443847,0.8823522701950512,1.8493162281503928,1.7088608420099594,1.82432723968838,1.4248023044196771,8.557200495631822,-1.8480977890131889,1.5093658797752028,-1.4990341093642847,greti,F,6,10,2.0
1143,3B0019F652,not first visit,2025-02-12 14:34:06.375010,treatment,nah,0.0,2025-02-12,2025-02-12 14:34:08.023,1.8840000629425049,0.0739998817443847,0.0729999542236328,0.0690000057220459,0.071656048561459,1.82432723968838,1.8493162281503928,1.95652157687962,0.2571428688205023,1.7902668443713328,0.3399866169571803,1.5099349150554262,1.892742265056196,bluti,F,5,10,2.0
1144,01103FD532,not first visit,2025-02-12 14:34:34.280828,treatment,SCARE,0.0,2025-02-12,2025-02-12 14:34:34.794,2.265000104904175,0.1480000019073486,0.0680000782012939,0.0749998092651367,0.0596026462461075,0.9121621504066808,1.985291834523672,1.8000045776483604,0.2112676061067617,0.7066385962884384,9.936382278906876,-2.59143220541076,1.7570012265324362,greti,M,5,10,5.0
1145,3B0018C6F9,not first visit,2025-02-12 14:35:04.169692,treatment,nah,0.0,2025-02-12,2025-02-12 14:35:04.333,0.1480000019073486,0.0729999542236328,0.0690000057220459,0.0789999961853027,0.9121621504066808,1.8493162281503928,1.95652157687962,1.7088608420099594,1.4634148005618668,8.481034061276315,1.5099349150554262,-3.346766644296417,-1.8612459948182456,bluti,M,6,10,1.0
1146,3B0018C2F6,not first visit,2025-02-12 14:35:26.828764,treatment,nah,0.0,2025-02-12,2025-02-12 14:35:30.591,1.5959999561309814,0.0639998912811279,0.0729999542236328,0.0700001716613769,0.0845864684904294,2.109378583269693,1.8493162281503928,1.928566699136927,0.2995008363824377,2.4395087962638726,-3.796535013030542,1.108397219877429,1.841364146156619,greti,F,6,10,2.0
1147,3B001877B5,not first visit,2025-02-12 14:35:46.280895,treatment,SCARE,0.0,2025-02-12,2025-02-12 14:35:47.492,0.1480000019073486,0.0729999542236328,0.0739998817443847,0.0740001201629638,0.9121621504066808,1.8493162281503928,1.82432723968838,1.824321361947812,1.4634148005618668,8.481034061276315,-0.3399866169571803,-7.94289255684788e-05,-1.7111922603520435,greti,M,5,10,8.0
1148,3B004C0894,not first visit,2025-02-12 14:36:00.092550,treatment,SCARE,0.0,2025-02-12,2025-02-12 14:36:03.954,0.1429998874664306,0.0690000057220459,0.0680000782012939,0.0690000057220459,0.9440566869795012,1.95652157687962,1.985291834523672,1.95652157687962,1.54727803843663,9.551560377438454,0.4200035039416624,-0.4200035039416624,-1.9284848775175527,bluti,F,5,10,0.0
1149,3B0018D520,not first visit,2025-02-12 14:36:20.675623,treatment,nah,0.0,2025-02-12,2025-02-12 14:36:21.555,0.1480000019073486,0.0739998817443847,0.0740001201629638,0.0679998397827148,0.9121621504066808,1.82432723968838,1.824321361947812,1.9852987952821064,1.4835171209503213,8.217707813871431,-7.94289255684788e-05,2.267288432980896,-1.577835679914525,bluti,F,6,10,4.0
1150,3B004CDB63,not first visit,2025-02-12 14:38:21.245560,treatment,SCARE,0.0,2025-02-12,2025-02-12 14:38:22.109,0.1430001258850097,0.0679998397827148,0.0740001201629638,0.0789999961853027,0.9440551129903,1.9852987952821064,1.824321361947812,1.7088608420099594,1.483516149252617,9.869609968861516,-2.267288432980896,-1.5092866945935626,-2.0225819828972105,bluti,M,5,10,0.0
1151,3B00192E1E,not first visit,2025-02-12 14:40:23.241460,treatment,nah,0.0,2025-02-12,2025-02-12 14:40:26.100,0.1470000743865966,0.0740001201629638,0.0739998817443847,0.0690000057220459,0.918366882216416,1.824321361947812,1.82432723968838,1.95652157687962,1.483516149252617,8.198675857076957,7.94289255684788e-05,1.8488733037957423,-1.630848468762483,bluti,M,6,10,2.0
1152,3B004CC5C5,not first visit,2025-02-12 14:40:39.857262,treatment,SCARE,0.0,2025-02-12,2025-02-12 14:40:41.701,0.1480000019073486,0.0690000057220459,0.0740001201629638,0.0739998817443847,0.9121621504066808,1.95652157687962,1.824321361947812,1.82432723968838,1.4794520161393043,9.625432163638978,-1.848952427330212,7.94289255684788e-05,-1.7668613715090706,bluti,F,6,10,1.0
1153,3B004CDB63,not first visit,2025-02-12 14:42:49.410172,treatment,nah,0.0,2025-02-12,2025-02-12 14:42:50.616,0.0690000057220459,0.0740001201629638,0.0690000057220459,0.0699999332427978,1.95652157687962,1.824321361947812,1.95652157687962,1.9285732678022216,1.9148931766647448,-1.848952427330212,1.848952427330212,-0.4021341201375167,-7.278582961923789,bluti,M,5,10,0.0
1154,3B001877B5,not first visit,2025-02-12 14:43:12.106525,treatment,SCARE,0.0,2025-02-12,2025-02-12 14:43:13.592,0.1529998779296875,0.0740001201629638,0.0739998817443847,0.0800001621246337,0.8823536451580732,1.824321361947812,1.82432723968838,1.6874965801904365,1.4173226785479622,8.299275107529027,7.94289255684788e-05,-1.7770210457124542,-1.6484337486794254,greti,M,5,10,8.0
1155,3B0018C2F6,not first visit,2025-02-12 14:43:54.352902,treatment,nah,0.0,2025-02-12,2025-02-12 14:43:55.505,0.1480000019073486,0.0679998397827148,0.0740001201629638,0.0739998817443847,0.9121621504066808,1.9852987952821064,1.824321361947812,1.82432723968838,1.4835171209503213,9.936457698105732,-2.267288432980896,7.94289255684788e-05,-1.7810581538219612,greti,F,6,10,2.0
1156,3B004ACEEA,not first visit,2025-02-12 14:44:33.748043,treatment,nah,0.0,2025-02-12,2025-02-12 14:44:34.882,0.1480000019073486,0.0690000057220459,0.0680000782012939,0.0690000057220459,0.9121621504066808,1.95652157687962,1.985291834523672,1.95652157687962,1.5254233343031716,9.625432163638978,0.4200035039416624,-0.4200035039416624,-1.7590052028094003,bluti,M,5,10,3.0
1157,3B004ACEEA,not first visit,2025-02-12 14:44:33.748043,treatment,nah,0.0,2025-02-12,2025-02-12 14:44:35.310,1.3610000610351562,0.0789999961853027,0.0690000057220459,0.0789999961853027,0.0991917663084607,1.7088608420099594,1.95652157687962,1.7088608420099594,0.3400503651722717,2.235651405193054,3.346766644296417,-3.346766644296417,1.5945846175617715,bluti,M,5,10,3.0
1158,3B001877B5,not first visit,2025-02-12 14:44:43.415285,treatment,SCARE,0.0,2025-02-12,2025-02-12 14:44:47.106,1.4500000476837158,0.1419999599456787,0.0690000057220459,0.064000129699707,0.0931034452141253,0.950704493519882,1.95652157687962,2.109370725238046,0.3130434523007391,1.0773882464771942,9.533812767947682,2.2984810936279225,2.0131894855833274,greti,M,5,10,8.0
1159,3B0018C2F6,not first visit,2025-02-12 14:44:57.490089,treatment,SCARE,0.0,2025-02-12,2025-02-12 14:44:59.669,0.1420001983642578,0.0690000057220459,0.0739998817443847,0.0740001201629638,0.95070289728539,1.95652157687962,1.82432723968838,1.824321361947812,1.5041774098857985,9.533817125435837,-1.8488733037957423,-7.94289255684788e-05,-1.963338878242904,greti,F,6,10,2.0
1160,3B00199DE5,not first visit,2025-02-12 14:45:23.553995,treatment,SCARE,0.0,2025-02-12,2025-02-12 14:45:25.373,0.1370000839233398,0.0740001201629638,0.0639998912811279,0.0729999542236328,0.9854008562180224,1.824321361947812,2.109378583269693,1.8493162281503928,1.55172391680563,7.9518454435868975,4.131263734530435,-3.796535013030542,-2.2058308190296705,bluti,M,5,10,3.0
1161,3B0018C2F6,not first visit,2025-02-12 14:46:09.930716,treatment,SCARE,0.0,2025-02-12,2025-02-12 14:46:10.960,0.1480000019073486,0.0729999542236328,0.0740001201629638,0.0789999961853027,0.9121621504066808,1.8493162281503928,1.824321361947812,1.7088608420099594,1.4438499875690871,8.481034061276315,-0.3400660347537917,-1.5092866945935626,-1.792720322194813,greti,F,6,10,2.0
1162,3B00186448,not first visit,2025-02-12 14:46:24.403991,treatment,SCARE,0.0,2025-02-12,2025-02-12 14:46:24.822,0.1480000019073486,0.1380000114440918,0.0739998817443847,0.0629999637603759,0.9121621504066808,0.9782607884398098,1.82432723968838,2.142858375498125,1.276596170646887,0.4622282164155428,7.981762995478329,4.650094817788331,-0.7300944011590302,greti,M,5,10,7.0
1163,3B00192E1E,not first visit,2025-02-12 14:46:26.214050,treatment,SCARE,0.0,2025-02-12,2025-02-12 14:46:26.950,0.1489999294281005,0.0690000057220459,0.0629999637603759,0.0740001201629638,0.9060406975906912,1.95652157687962,2.142858375498125,1.824321361947812,1.5211266788360878,9.637442126442968,2.8232854802791363,-4.650172531697925,-1.8965850810989584,bluti,M,6,10,2.0
1164,3B001877B5,not first visit,2025-02-12 14:46:34.336246,treatment,nah,0.0,2025-02-12,2025-02-12 14:46:35.635,0.1480000019073486,0.0789999961853027,0.0629999637603759,1.0780000686645508,0.9121621504066808,1.7088608420099594,2.142858375498125,0.1252319029693948,0.3947368332994063,7.019371791167163,6.112643040944363,-3.5365931905203203,-1.0829298932791418,greti,M,5,10,8.0
1165,3B0018C2F6,not first visit,2025-02-12 14:46:37.952732,treatment,nah,0.0,2025-02-12,2025-02-12 14:46:41.043,0.1480000019073486,0.0740001201629638,0.0739998817443847,0.0729999542236328,0.9121621504066808,1.824321361947812,1.82432723968838,1.8493162281503928,1.4634148005618668,8.217646035818213,7.94289255684788e-05,0.3399866169571803,-1.67935774119584,greti,F,6,10,2.0
1166,3B001877B5,not first visit,2025-02-12 14:47:42.967717,treatment,nah,0.0,2025-02-12,2025-02-12 14:47:45.134,0.1480000019073486,0.0750000476837158,0.0739998817443847,0.0680000782012939,0.9121621504066808,1.799998855591548,1.82432723968838,1.985291834523672,1.4794520161393043,7.962659262300384,0.3265556459014513,2.267107609000283,-1.5639776546661717,greti,M,5,10,8.0
1167,3B0018A99B,not first visit,2025-02-12 14:47:48.597602,treatment,SCARE,0.0,2025-02-12,2025-02-12 14:47:50.479,0.1409997940063476,0.0690000057220459,0.0690000057220459,0.063000202178955,0.9574482072925756,1.95652157687962,1.95652157687962,2.142850266044005,1.5789473331976254,9.514993546462527,0.0,2.823157510541658,-1.84651710581851,bluti,M,5,10,6.0
1168,3B004C0894,not first visit,2025-02-12 14:49:15.588445,treatment,nah,0.0,2025-02-12,2025-02-12 14:49:18.287,0.1470000743865966,0.0739998817443847,0.0740001201629638,0.0680000782012939,0.918366882216416,1.82432723968838,1.824321361947812,1.985291834523672,1.4876026726514302,8.198737894183317,-7.94289255684788e-05,2.267186587485454,-1.6090979937756644,bluti,F,5,10,0.0
1169,3B001877B5,not first visit,2025-02-12 14:49:27.531747,treatment,nah,0.0,2025-02-12,2025-02-12 14:49:30.209,0.1480000019073486,0.0679998397827148,0.0740001201629638,0.0739998817443847,0.9121621504066808,1.9852987952821064,1.824321361947812,1.82432723968838,1.4835171209503213,9.936457698105732,-2.267288432980896,7.94289255684788e-05,-1.7810581538219612,greti,M,5,10,8.0
1170,3B0018F763,not first visit,2025-02-12 14:50:01.194353,treatment,nah,0.0,2025-02-12,2025-02-12 14:50:02.872,0.1389999389648437,0.0720000267028808,0.0720000267028808,0.0740001201629638,0.9712234480487404,1.874999304612736,1.874999304612736,1.824321361947812,1.5126045652134714,8.566597190705044,0.0,-0.6942176943354693,-2.052816867049706,bluti,M,5,10,7.0
1171,3B0018A99B,not first visit,2025-02-12 14:50:35.053738,treatment,SCARE,0.0,2025-02-12,2025-02-12 14:50:38.630,2.857999801635742,0.0730001926422119,0.0690000057220459,0.0689997673034668,0.0472358325297063,1.8493101882848608,1.95652157687962,1.9565283373530613,0.1759530925199331,1.2296652059182904,1.5100174482818842,9.797803711568382e-05,1.9271070772878127,bluti,M,5,10,6.0
1172,3B0018F763,not first visit,2025-02-12 14:51:01.969545,treatment,nah,0.0,2025-02-12,2025-02-12 14:51:04.778,0.1429998874664306,0.0729999542236328,0.0740001201629638,0.0739998817443847,0.9440566869795012,1.8493162281503928,1.824321361947812,1.82432723968838,1.4835171209503213,8.382038931952945,-0.3400660347537917,7.94289255684788e-05,-1.870611462861644,bluti,M,5,10,7.0
1173,3B0018A99B,not first visit,2025-02-12 14:51:40.903684,treatment,nah,0.0,2025-02-12,2025-02-12 14:51:41.859,0.1380000114440918,0.0690000057220459,0.0729999542236328,0.0690000057220459,0.9782607884398098,1.95652157687962,1.8493162281503928,1.95652157687962,1.54727803843663,9.451794273569169,-1.5099349150554262,1.5099349150554262,-2.0282479296193494,bluti,M,5,10,6.0
1174,3B0018F763,not first visit,2025-02-12 14:52:03.621885,treatment,SCARE,0.0,2025-02-12,2025-02-12 14:52:04.744,0.1430001258850097,0.0739998817443847,0.0690000057220459,0.0629999637603759,0.9440551129903,1.82432723968838,1.95652157687962,2.142858375498125,1.54727803843663,8.113106873262982,1.8488733037957423,2.8232854802791363,-1.6947650913276815,bluti,M,5,10,7.0
1175,01103F97C4,not first visit,2025-02-12 14:52:10.641130,treatment,nah,0.0,2025-02-12,2025-02-12 14:52:13.292,0.0739998817443847,0.0789999961853027,0.0740001201629638,0.0739998817443847,1.82432723968838,1.7088608420099594,1.824321361947812,1.82432723968838,1.7940206497502942,-1.5093658797752028,1.5092866945935626,7.94289255684788e-05,-6.212356703118397,greti,M ,5,10,8.0
1176,3B0018F763,not first visit,2025-02-12 14:54:04.787784,treatment,nah,0.0,2025-02-12,2025-02-12 14:54:06.641,0.1480000019073486,0.0739998817443847,0.0690000057220459,0.0740001201629638,0.9121621504066808,1.82432723968838,1.95652157687962,1.824321361947812,1.4794520161393043,8.217707813871431,1.8488733037957423,-1.848952427330212,-1.7668689346950317,bluti,M,5,10,7.0
1177,01103F97C4,not first visit,2025-02-12 14:54:17.494659,treatment,nah,0.0,2025-02-12,2025-02-12 14:54:20.090,0.1420001983642578,0.0679998397827148,0.0789999961853027,0.0740001201629638,0.95070289728539,1.9852987952821064,1.7088608420099594,1.824321361947812,1.4876026726514302,9.853292476762634,-3.7610647855728327,1.5092866945935626,-1.9039253637896607,greti,M ,5,10,8.0
1178,3B0018F763,not first visit,2025-02-12 14:55:34.671248,treatment,SCARE,0.0,2025-02-12,2025-02-12 14:55:35.345,0.1480000019073486,0.0690000057220459,0.0729999542236328,0.0690000057220459,0.9121621504066808,1.95652157687962,1.8493162281503928,1.95652157687962,1.5041784088380914,9.625432163638978,-1.5099349150554262,1.5099349150554262,-1.6848448198007395,bluti,M,5,10,7.0
1179,01103F97C4,not first visit,2025-02-12 14:56:39.721855,treatment,SCARE,0.0,2025-02-12,2025-02-12 14:56:41.128,0.1419999599456787,0.0740001201629638,0.1480000019073486,0.0739998817443847,0.950704493519882,1.824321361947812,0.9121621504066808,1.82432723968838,1.2328768143355988,8.089042078026296,-8.217646035818213,8.217707813871431,-1.0565950932937662,greti,M ,5,10,8.0
1180,01103F97C4,not first visit,2025-02-12 14:57:56.090803,treatment,nah,0.0,2025-02-12,2025-02-12 14:57:59.010,0.2939999103546142,0.0740001201629638,0.0690000057220459,0.0769999027252197,0.4591838134820071,1.824321361947812,1.95652157687962,1.7532489681416643,1.0505837823395825,7.419225191616374,1.848952427330212,-2.784558030204193,0.3554292781635635,greti,M ,5,10,8.0
1181,3B004CDB63,not first visit,2025-02-12 15:00:42.553751,treatment,nah,0.0,2025-02-12,2025-02-12 15:00:43.352,0.1480000019073486,0.0680000782012939,0.0769999027252197,0.0729999542236328,0.9121621504066808,1.985291834523672,1.7532489681416643,1.8493162281503928,1.4754100897978328,9.936382278906876,-3.200591681451426,1.2808980216759334,-1.7207906086778115,bluti,M,5,10,0.0
1182,3B0018C2F6,not first visit,2025-02-12 15:05:38.186297,treatment,nah,0.0,2025-02-12,2025-02-12 15:05:38.680,0.7539999485015869,0.0639998912811279,0.0740001201629638,0.0729999542236328,0.1790451050670275,2.109378583269693,1.824321361947812,1.8493162281503928,0.5595855419995983,4.719642680407907,-4.131263734530435,0.3400660347537917,1.5246650637952253,greti,F,6,10,2.0
1183,3B004C0894,not first visit,2025-02-12 15:06:15.877168,treatment,SCARE,0.0,2025-02-12,2025-02-12 15:06:18.357,0.1480000019073486,0.0689997673034668,0.1470000743865966,0.0750000476837158,0.9121621504066808,1.9565283373530613,0.918366882216416,1.799998855591548,1.2300686417578026,9.625505047719916,-9.612613111321584,7.942626023384791,-0.9852302200569458,bluti,F,5,10,0.0
1184,3B00186448,not first visit,2025-02-12 15:06:20.098580,treatment,SCARE,0.0,2025-02-12,2025-02-12 15:06:20.369,0.1960000991821289,0.0690000057220459,0.0789999961853027,0.0739998817443847,0.6887751616623119,1.95652157687962,1.7088608420099594,1.82432723968838,1.2918660817616054,9.56789368574575,-3.346766644296417,1.5093658797752028,-0.6095073194317471,greti,M,5,10,7.0
1185,3B00192E1E,not first visit,2025-02-12 15:06:48.729800,treatment,nah,0.0,2025-02-12,2025-02-12 15:06:50.335,0.11899995803833,0.0750000476837158,0.0609998703002929,0.0540001392364501,1.134454181542789,1.799998855591548,2.213119459687632,2.499993553884668,1.747572729236752,6.861285097097573,6.075306665179901,4.989114267949303,-2.5986776898425354,bluti,M,6,10,2.0
1186,3B004CC5C5,not first visit,2025-02-12 15:07:03.232019,treatment,SCARE,0.0,2025-02-12,2025-02-12 15:07:05.011,0.1370000839233398,0.0690000057220459,0.0690000057220459,0.0739998817443847,0.9854008562180224,1.95652157687962,1.95652157687962,1.82432723968838,1.54727803843663,9.428352408324786,0.0,-1.8488733037957423,-2.2224936201642573,bluti,F,6,10,1.0
1187,3B004CDB63,not first visit,2025-02-12 15:07:07.230124,treatment,SCARE,0.0,2025-02-12,2025-02-12 15:07:07.688,0.1489999294281005,0.0730001926422119,0.0739998817443847,0.0690000057220459,0.9060406975906912,1.8493101882848608,1.82432723968838,1.95652157687962,1.4794520161393043,8.49791866686825,-0.3399038905351528,1.8488733037957423,-1.5826993179605062,bluti,M,5,10,0.0
1188,3B00192E1E,not first visit,2025-02-12 15:07:53.445322,treatment,SCARE,0.0,2025-02-12,2025-02-12 15:07:54.599,0.1480000019073486,0.0740001201629638,0.0739998817443847,0.0690000057220459,0.9121621504066808,1.824321361947812,1.82432723968838,1.95652157687962,1.4794520161393043,8.217646035818213,7.94289255684788e-05,1.8488733037957423,-1.5996660646720842,bluti,M,6,10,2.0
1189,3B00186448,not first visit,2025-02-12 15:07:59.591882,treatment,SCARE,0.0,2025-02-12,2025-02-12 15:07:59.714,0.186000108718872,0.0739998817443847,0.0690000057220459,0.0740001201629638,0.7258060273719751,1.82432723968838,1.95652157687962,1.824321361947812,1.3399499853576722,8.450163481614803,1.8488733037957423,-1.848952427330212,-0.8343087563710176,greti,M,5,10,7.0
1190,3B00186448,not first visit,2025-02-12 15:07:59.591882,treatment,SCARE,0.0,2025-02-12,2025-02-12 15:08:00.974,0.8710000514984131,0.1480000019073486,0.0739998817443847,0.0690000057220459,0.1549942503077406,0.9121621504066808,1.82432723968838,1.95652157687962,0.4647160305315319,1.4860998241723136,8.217707813871431,1.8488733037957423,1.732541417978868,greti,M,5,10,7.0
1191,3B00199DE5,not first visit,2025-02-12 15:08:08.705931,treatment,SCARE,0.0,2025-02-12,2025-02-12 15:08:09.994,0.311000108718872,0.0750000476837158,0.0729999542236328,0.0739998817443847,0.4340834495399903,1.799998855591548,1.8493162281503928,1.82432723968838,1.0131332227572103,7.077279029011296,0.6664509719360568,-0.3399866169571803,0.5494859674788632,bluti,M,5,10,3.0
1192,3B00199DE5,not first visit,2025-02-12 15:08:11.166208,treatment,SCARE,0.0,2025-02-12,2025-02-12 15:08:09.994,0.311000108718872,0.0750000476837158,0.0729999542236328,0.0739998817443847,0.4340834495399903,1.799998855591548,1.8493162281503928,1.82432723968838,1.0131332227572103,7.077279029011296,0.6664509719360568,-0.3399866169571803,0.5494859674788632,bluti,M,5,10,3.0
1193,3B0018C2F6,not first visit,2025-02-12 15:08:39.978779,treatment,SCARE,0.0,2025-02-12,2025-02-12 15:08:42.815,0.1480000019073486,0.0690000057220459,0.0679998397827148,0.0690000057220459,0.9121621504066808,1.95652157687962,1.9852987952821064,1.95652157687962,1.5254243616743997,9.625432163638978,0.4201058518928999,-0.4201058518928999,-1.7590088111644278,greti,F,6,10,2.0
1194,3B004ACEEA,not first visit,2025-02-12 15:09:23.333064,treatment,nah,0.0,2025-02-12,2025-02-12 15:09:24.171,0.1470000743865966,0.0739998817443847,0.0740001201629638,0.0690000057220459,0.918366882216416,1.82432723968838,1.824321361947812,1.95652157687962,1.483516149252617,8.198737894183317,-7.94289255684788e-05,1.848952427330212,-1.630848468762483,bluti,M,5,10,3.0
1195,3B0019F652,not first visit,2025-02-12 15:10:05.785436,treatment,nah,0.0,2025-02-12,2025-02-12 15:10:05.794,1.2940001487731934,0.0789999961853027,0.0739998817443847,0.0740001201629638,0.1043276541567556,1.7088608420099594,1.82432723968838,1.824321361947812,0.3550295515176102,2.3372658680989526,1.5093658797752028,-7.94289255684788e-05,1.6996766156975862,bluti,F,5,10,2.0
1196,3B004CDB63,not first visit,2025-02-12 15:12:00.538487,treatment,SCARE,0.0,2025-02-12,2025-02-12 15:12:01.603,0.1460001468658447,0.1289999485015869,0.0709998607635498,0.0680000782012939,0.9246566041063478,1.0465120456876715,1.9014121795194685,1.985291834523672,1.3043477179197462,0.8862210859855226,8.54900949128875,1.206902040804761,-1.0266196952539393,bluti,M,5,10,0.0
1197,3B00192E1E,not first visit,2025-02-12 15:12:10.143730,treatment,SCARE,0.0,2025-02-12,2025-02-12 15:12:11.532,0.1380000114440918,0.1289999485015869,0.0759999752044677,0.0720000267028808,0.9782607884398098,1.0465120456876715,1.776316369009339,1.874999304612736,1.3012049388844078,0.5112454493382508,7.120044828583641,1.333553166643525,-1.2806812405785517,bluti,M,6,10,2.0
1198,3B001877B5,not first visit,2025-02-12 15:12:12.756343,treatment,nah,0.0,2025-02-12,2025-02-12 15:12:13.333,0.2109999656677246,0.0659999847412109,0.0670001506805419,0.0669999122619628,0.639810530645267,2.04545501835101,2.0149208416512763,2.014928011728786,1.3138685704573287,10.149059489942776,-0.4591600843549179,0.0001070160319703,-0.3373159429397603,greti,M,5,10,8.0
1199,3B001877B5,not first visit,2025-02-12 15:12:12.756343,treatment,nah,0.0,2025-02-12,2025-02-12 15:12:15.083,2.7980000972747803,0.0729999542236328,0.0169999599456787,0.0139999389648437,0.0482487474290971,1.8493162281503928,7.941195181128425,9.642899182561308,0.1860785696856769,1.2546621026922624,135.37521694782373,109.78771294349384,9.610647344584772,greti,M,5,10,8.0
1200,3B0018C2F6,not first visit,2025-02-12 15:13:24.922128,treatment,nah,0.0,2025-02-12,2025-02-12 15:13:25.633,0.1390001773834228,0.0669999122619628,0.0710000991821289,0.0720000267028808,0.9712217821680283,2.014928011728786,1.90140579457078,1.874999304612736,1.5472769814177083,10.133065780286044,-1.645249387591502,-0.3693212127558359,-2.11358931762176,greti,F,6,10,2.0
1201,3B001877B5,not first visit,2025-02-12 15:14:14.007115,treatment,nah,0.0,2025-02-12,2025-02-12 15:14:16.015,0.1859998703002929,0.1519999504089355,0.0690000057220459,3.1430001258850098,0.7258069577255365,0.8881581845046697,1.95652157687962,0.0429525913435929,0.1521126780995205,0.960658656199698,9.668448909028347,-1.191512395473417,-0.3419887904367065,greti,M,5,10,8.0
1202,3B004ACEEA,not first visit,2025-02-12 15:15:50.714431,treatment,nah,0.0,2025-02-12,2025-02-12 15:15:52.107,0.2539999485015869,0.1480000019073486,0.0739998817443847,0.0729999542236328,0.5314961707527928,0.9121621504066808,1.82432723968838,1.8493162281503928,0.9836069401113142,1.8938608289212704,8.217707813871431,0.3399866169571803,0.4705966478086343,bluti,M,5,10,3.0
1203,01103FD532,not first visit,2025-02-12 15:16:44.191885,treatment,SCARE,0.0,2025-02-12,2025-02-12 15:16:46.357,0.1509997844696045,0.0670001506805419,0.1449999809265136,0.0629999637603759,0.894041011212005,2.0149208416512763,0.9310346052281092,2.142858375498125,1.2676059913598428,10.283304255730814,-10.225335505283184,11.652154735850733,-0.6597779730134459,greti,M,5,10,5.0
1204,3B001886D3,not first visit,2025-02-12 15:17:38.608664,treatment,nah,0.0,2025-02-12,2025-02-12 15:17:40.875,0.1459999084472656,0.059000015258789,0.0740001201629638,0.0739998817443847,0.9246581140751968,2.288135001454757,1.824321361947812,1.82432723968838,1.5297453648514208,13.302218486038296,-6.974634093960263,7.94289255684788e-05,-1.980849706609612,bluti,M,6,10,0.0
1205,01103FD532,not first visit,2025-02-12 15:17:58.604244,treatment,nah,0.0,2025-02-12,2025-02-12 15:18:01.135,0.0789999961853027,0.0740001201629638,0.0739998817443847,0.0740001201629638,1.7088608420099594,1.824321361947812,1.82432723968838,1.824321361947812,1.7940192287280812,1.5092866945935626,7.94289255684788e-05,-7.94289255684788e-05,-5.787528903881654,greti,M,5,10,5.0
1206,3B004CC5C5,not first visit,2025-02-12 15:21:47.039224,treatment,nah,0.0,2025-02-12,2025-02-12 15:21:50.344,0.1469998359680175,0.0789999961853027,0.0680000782012939,0.0739998817443847,0.9183683717128204,1.7088608420099594,1.985291834523672,1.82432723968838,1.4673921333486233,6.995513782159463,3.760963981374928,-2.267107609000283,-1.742152798373947,bluti,F,6,10,1.0
1207,01103F97C4,not first visit,2025-02-12 15:21:51.664268,treatment,SCARE,0.0,2025-02-12,2025-02-12 15:21:54.342,0.3849999904632568,0.0729999542236328,0.0690000057220459,0.064000129699707,0.3506493593352023,1.8493162281503928,1.95652157687962,2.109370725238046,0.913705459905746,6.54439759742657,1.5099349150554262,2.2984810936279225,1.152619456004237,greti,M ,5,10,8.0
1208,3B00186448,not first visit,2025-02-12 15:22:21.179161,treatment,SCARE,0.0,2025-02-12,2025-02-12 15:22:21.431,0.1480000019073486,0.1370000839233398,0.0739998817443847,0.0740001201629638,0.9121621504066808,0.9854008562180224,1.82432723968838,1.824321361947812,1.2471129112719657,0.5139556754719774,7.951910141933101,-7.94289255684788e-05,-1.008480112470575,greti,M,5,10,7.0
1209,3B00186448,not first visit,2025-02-12 15:22:21.179161,treatment,SCARE,0.0,2025-02-12,2025-02-12 15:22:23.748,0.1480000019073486,0.0690000057220459,0.0789999961853027,0.0680000782012939,0.9121621504066808,1.95652157687962,1.7088608420099594,1.985291834523672,1.483516149252617,9.625432163638978,-3.346766644296417,3.760963981374928,-1.5778409814594447,greti,M,5,10,7.0
1210,01103F97C4,not first visit,2025-02-12 15:23:06.521279,treatment,SCARE,0.0,2025-02-12,2025-02-12 15:23:08.362,0.1480000019073486,0.0740001201629638,0.0739998817443847,0.0680000782012939,0.9121621504066808,1.824321361947812,1.82432723968838,1.985291834523672,1.483516149252617,8.217646035818213,7.94289255684788e-05,2.267107609000283,-1.5778409814594447,greti,M ,5,10,8.0
1211,3B00186448,not first visit,2025-02-12 15:23:48.702595,treatment,SCARE,0.0,2025-02-12,2025-02-12 15:23:51.494,0.1340000629425048,0.0720000267028808,0.0669999122619628,0.0659999847412109,1.0074622133418265,1.874999304612736,2.014928011728786,2.04545501835101,1.592920416719121,8.422686541198226,2.013363576388933,0.459053086657584,-2.169868706015597,greti,M,5,10,7.0
1212,3B00186448,not first visit,2025-02-12 15:23:51.515293,treatment,SCARE,0.0,2025-02-12,2025-02-12 15:23:51.494,0.1340000629425048,0.0720000267028808,0.0669999122619628,0.0659999847412109,1.0074622133418265,1.874999304612736,2.014928011728786,2.04545501835101,1.592920416719121,8.422686541198226,2.013363576388933,0.459053086657584,-2.169868706015597,greti,M,5,10,7.0
1213,3B00186448,not first visit,2025-02-12 15:25:32.727524,treatment,SCARE,0.0,2025-02-12,2025-02-12 15:25:35.995,0.0210001468658447,0.0729999542236328,0.0550000667572021,0.053999900817871,6.428526469953793,1.8493162281503928,2.454542475302033,2.500004591773661,2.660097622392078,-97.42990036669228,9.456658561677235,0.8341675228539162,-36.34304512969888,greti,M,5,10,7.0
1214,01103F97C4,not first visit,2025-02-12 15:26:02.080521,treatment,SCARE,0.0,2025-02-12,2025-02-12 15:26:04.321,0.1480000019073486,0.0739998817443847,0.0740001201629638,0.0739998817443847,0.9121621504066808,1.82432723968838,1.824321361947812,1.82432723968838,1.4594599108700863,8.217707813871431,-7.94289255684788e-05,7.94289255684788e-05,-1.6975351100048686,greti,M ,5,10,8.0
1215,01101763D0,not first visit,2025-02-12 15:27:50.302836,treatment,nah,0.0,2025-02-12,2025-02-12 15:27:51.792,0.4149999618530273,0.062000036239624,0.0729999542236328,0.0720000267028808,0.3253012347211019,2.177418082115925,1.8493162281503928,1.874999304612736,0.8681672318567097,7.765689118661475,-4.860768550273817,0.3542493771134822,1.015550829486593,greti,M,6,10,2.0
1216,01103F88A1,not first visit,2025-02-12 15:32:22.906639,treatment,nah,0.0,2025-02-12,2025-02-12 15:32:23.631,1.9129998683929443,0.1410000324249267,0.0670001506805419,0.0729999542236328,0.0705697905318778,0.9574465883323724,2.0149208416512763,1.8493162281503928,0.2461257969879931,0.8635607016800282,10.168012715476314,-2.365778420155234,1.790557039987028,bluti,M,6,10,0.0
1217,3B0018D520,not first visit,2025-02-12 15:32:35.060075,treatment,nah,0.0,2025-02-12,2025-02-12 15:32:35.530,2.252000093460083,0.0729999542236328,0.0669999122619628,0.0670001506805419,0.0599467115441276,1.8493162281503928,2.014928011728786,2.0149208416512763,0.2196014541302647,1.539242563361603,2.3658848788321127,-0.0001070160319703,1.9687902436735536,bluti,F,6,10,4.0
1218,3B00199DE5,not first visit,2025-02-12 15:39:04.437895,treatment,nah,0.0,2025-02-12,2025-02-12 15:39:06.517,4.125999927520752,0.1460001468658447,0.0729999542236328,0.0729999542236328,0.0327193413406382,0.9246566041063478,1.8493162281503928,1.8493162281503928,0.1222272526252082,0.417573617619274,8.444376230367626,0.0,1.8352039397102544,bluti,M,5,10,3.0
1219,3B0018F763,not first visit,2025-02-12 15:40:00.567490,treatment,nah,0.0,2025-02-12,2025-02-12 15:40:01.331,0.1480000019073486,0.0739998817443847,0.0740001201629638,0.0679998397827148,0.9121621504066808,1.82432723968838,1.824321361947812,1.9852987952821064,1.4835171209503213,8.217707813871431,-7.94289255684788e-05,2.267288432980896,-1.577835679914525,bluti,M,5,10,7.0
1220,3B0018F763,not first visit,2025-02-12 15:41:59.015449,treatment,nah,0.0,2025-02-12,2025-02-12 15:41:59.729,0.1469998359680175,0.0690000057220459,0.0750000476837158,0.0680000782012939,0.9183683717128204,1.95652157687962,1.799998855591548,1.985291834523672,1.5041784088380914,9.612536722655909,-2.1739258783053863,2.591507913512228,-1.666272115402333,bluti,M,5,10,7.0
1221,3B0018D520,not first visit,2025-02-12 15:50:10.886757,treatment,SCARE,0.0,2025-02-12,2025-02-12 15:50:10.894,1.751999855041504,0.0730001926422119,0.0690000057220459,0.0739998817443847,0.0770548008959749,1.8493101882848608,1.95652157687962,1.82432723968838,0.2743902529441909,1.9421976340638747,1.5100174482818842,-1.8488733037957423,1.751289518342237,bluti,F,6,10,4.0
1222,3B0018D520,not first visit,2025-02-12 15:50:10.886757,treatment,SCARE,0.0,2025-02-12,2025-02-12 15:50:13.517,1.571000099182129,0.0629999637603759,0.0750000476837158,0.0779998302459716,0.0859325216276445,2.142858375498125,1.799998855591548,1.7307729975088262,0.3021824386499077,2.517657006899218,-4.96897813730226,-0.9049138995331124,1.6414924533464796,bluti,F,6,10,4.0
1223,3B0018F763,not first visit,2025-02-12 15:50:28.851075,treatment,nah,0.0,2025-02-12,2025-02-12 15:50:30.079,0.1440000534057617,0.0739998817443847,0.0740001201629638,0.0729999542236328,0.9374996523063678,1.82432723968838,1.824321361947812,1.8493162281503928,1.4794520161393043,8.136035332040018,-7.94289255684788e-05,0.3400660347537917,-1.8056530950171128,bluti,M,5,10,7.0
1224,3B004B0F76,not first visit,2025-02-12 15:51:14.095481,treatment,nah,0.0,2025-02-12,2025-02-12 15:51:14.327,0.1500000953674316,0.1419999599456787,0.0690000057220459,0.0690000057220459,0.899999427795774,0.950704493519882,1.95652157687962,1.95652157687962,1.255813758524156,0.347294904925529,9.533812767947682,0.0,-0.8515888202167519,greti,F,5,10,0.0
1225,3B0018D520,not first visit,2025-02-12 15:52:05.660707,treatment,SCARE,0.0,2025-02-12,2025-02-12 15:52:07.207,0.0739998817443847,0.0740001201629638,0.0639998912811279,0.0690000057220459,1.82432723968838,1.824321361947812,2.109378583269693,1.95652157687962,1.921708876386286,-7.94289255684788e-05,4.131263734530435,-2.2986033799172896,-6.751486203572592,bluti,F,6,10,4.0
1226,01103F97C4,not first visit,2025-02-12 15:52:22.408233,treatment,nah,0.0,2025-02-12,2025-02-12 15:52:24.353,0.1419999599456787,0.0740001201629638,0.0690000057220459,0.0729999542236328,0.950704493519882,1.824321361947812,1.95652157687962,1.8493162281503928,1.508379719505235,8.089042078026296,1.848952427330212,-1.5099349150554262,-1.9459100338505184,greti,M ,5,10,8.0
1227,3B004ACEEA,not first visit,2025-02-12 15:55:19.290089,treatment,nah,0.0,2025-02-12,2025-02-12 15:55:20.062,0.1480000019073486,0.0680000782012939,0.0759999752044677,0.057999849319458,0.9121621504066808,1.985291834523672,1.776316369009339,2.3275922538424543,1.5428575632524664,9.936382278906876,-2.9024359445962684,8.228009055857893,-1.365372231534709,bluti,M,5,10,3.0
1228,3B00186448,not first visit,2025-02-12 15:56:29.159142,treatment,SCARE,0.0,2025-02-12,2025-02-12 15:56:29.914,9.509000062942505,0.0639998912811279,0.0690000057220459,0.0740001201629638,0.0141970763599117,2.109378583269693,1.95652157687962,1.824321361947812,0.055578426878107,0.4377272572711926,-2.2986033799172896,-1.848952427330212,1.8214384141575992,greti,M,5,10,7.0
1229,3B00192E1E,not first visit,2025-02-12 15:57:30.248128,treatment,SCARE,0.0,2025-02-12,2025-02-12 15:57:31.004,0.7460000514984131,0.1480000019073486,0.0729999542236328,0.0740001201629638,0.1809651349605666,0.9121621504066808,1.8493162281503928,1.824321361947812,0.5187319247934908,1.6357874088722102,8.481034061276315,-0.3400660347537917,1.5375303588949798,bluti,M,6,10,2.0
1230,3B0018F763,not first visit,2025-02-12 16:08:09.264568,treatment,SCARE,0.0,2025-02-12,2025-02-12 16:08:09.518,0.1480000019073486,0.0690000057220459,0.0690000057220459,0.0680000782012939,0.9121621504066808,1.95652157687962,1.95652157687962,1.985291834523672,1.5254233343031716,9.625432163638978,0.0,0.4200035039416624,-1.7226836104024652,bluti,M,5,10,7.0
1231,3B0018F763,not first visit,2025-02-12 16:09:34.257766,treatment,SCARE,0.0,2025-02-12,2025-02-12 16:09:35.645,0.1430001258850097,0.0679998397827148,0.0740001201629638,0.0739998817443847,0.9440551129903,1.9852987952821064,1.824321361947812,1.82432723968838,1.5041784088380914,9.869609968861516,-2.267288432980896,7.94289255684788e-05,-1.944356391313528,bluti,M,5,10,7.0
1232,3B0019F652,not first visit,2025-02-12 16:10:02.674957,treatment,SCARE,0.0,2025-02-12,2025-02-12 16:10:04.056,0.1429998874664306,0.063000202178955,0.0690000057220459,0.0739998817443847,0.9440566869795012,2.142850266044005,1.95652157687962,1.82432723968838,1.54727803843663,11.638767547413602,-2.823157510541658,-1.8488733037957423,-2.1010628802939832,bluti,F,5,10,2.0
1233,3B0019F652,not first visit,2025-02-12 16:10:02.674957,treatment,SCARE,0.0,2025-02-12,2025-02-12 16:10:05.074,1.272000074386597,0.1530001163482666,0.0729999542236328,0.0690000057220459,0.1061320692650916,0.8823522701950512,1.8493162281503928,1.95652157687962,0.3446074971757215,1.0894317151349544,8.557200495631822,1.5099349150554262,1.83813668433236,bluti,F,5,10,2.0
1234,3B0018F763,not first visit,2025-02-12 16:10:45.594324,treatment,nah,0.0,2025-02-12,2025-02-12 16:10:46.863,0.1480000019073486,0.0740001201629638,0.0739998817443847,0.0680000782012939,0.9121621504066808,1.824321361947812,1.82432723968838,1.985291834523672,1.483516149252617,8.217646035818213,7.94289255684788e-05,2.267107609000283,-1.5778409814594447,bluti,M,5,10,7.0
1235,3B001877B5,not first visit,2025-02-12 16:10:56.692627,treatment,nah,0.0,2025-02-12,2025-02-12 16:10:57.733,0.2279999256134033,0.0740001201629638,0.0729999542236328,0.0690000057220459,0.5921054563364464,1.824321361947812,1.8493162281503928,1.95652157687962,1.2162162005422412,8.16036899890955,0.3400660347537917,1.5099349150554262,-0.047219120507767,greti,M,5,10,8.0
1236,3B001877B5,not first visit,2025-02-12 16:10:56.692627,treatment,nah,0.0,2025-02-12,2025-02-12 16:10:58.311,2.1599998474121094,0.1470000743865966,0.0739998817443847,0.0740001201629638,0.0625000044151591,0.918366882216416,1.82432723968838,1.824321361947812,0.2199592736381103,0.7419739114112845,8.198737894183317,-7.94289255684788e-05,1.7776098468344668,greti,M,5,10,8.0
1237,3B00186448,not first visit,2025-02-12 16:11:24.190100,treatment,nah,0.0,2025-02-12,2025-02-12 16:11:25.733,0.1559998989105224,0.0670001506805419,0.0679998397827148,0.0720000267028808,0.865385176162406,2.0149208416512763,1.9852987952821064,1.874999304612736,1.4876036497098255,10.3097346175203,-0.4388451623962503,-1.5757085122751755,-1.6004438221744433,greti,M,5,10,7.0
1238,3B004B0F76,not first visit,2025-02-12 16:12:41.076786,treatment,SCARE,0.0,2025-02-12,2025-02-12 16:12:42.828,0.1480000019073486,0.0739998817443847,0.0740001201629638,0.0729999542236328,0.9121621504066808,1.82432723968838,1.824321361947812,1.8493162281503928,1.4634148005618668,8.217707813871431,-7.94289255684788e-05,0.3400660347537917,-1.67935774119584,greti,F,5,10,0.0
1239,3B001877B5,not first visit,2025-02-12 16:12:51.935310,treatment,SCARE,0.0,2025-02-12,2025-02-12 16:12:53.231,0.1480000019073486,0.064000129699707,0.0739998817443847,0.0680000782012939,0.9121621504066808,2.109370725238046,1.82432723968838,1.985291834523672,1.5254233343031716,11.294413505840676,-4.131064665384407,2.267107609000283,-1.7226836104024652,greti,M,5,10,8.0
1240,3B0018F763,not first visit,2025-02-12 16:13:27.460271,treatment,SCARE,0.0,2025-02-12,2025-02-12 16:13:28.982,0.1419999599456787,0.0739998817443847,0.0740001201629638,0.0729999542236328,0.950704493519882,1.82432723968838,1.824321361947812,1.8493162281503928,1.4876036497098255,8.089105430197979,-7.94289255684788e-05,0.3400660347537917,-1.8716412908667948,bluti,M,5,10,7.0
1241,3B0018F763,not first visit,2025-02-12 16:13:27.460271,treatment,SCARE,0.0,2025-02-12,2025-02-12 16:13:30.835,0.0729999542236328,0.0740001201629638,0.0739998817443847,0.0690000057220459,1.8493162281503928,1.824321361947812,1.82432723968838,1.95652157687962,1.8620692104562184,-0.3400660347537917,7.94289255684788e-05,1.8488733037957423,-6.487845460384017,bluti,M,5,10,7.0
1242,3B001877B5,not first visit,2025-02-12 16:14:04.184569,treatment,nah,0.0,2025-02-12,2025-02-12 16:14:05.917,0.0739998817443847,0.0740001201629638,0.0690000057220459,0.0729999542236328,1.82432723968838,1.824321361947812,1.95652157687962,1.8493162281503928,1.8620692104562184,-7.94289255684788e-05,1.848952427330212,-1.5099349150554262,-6.577135827407106,greti,M,5,10,8.0
1243,3B001877B5,not first visit,2025-02-12 16:15:20.228603,treatment,SCARE,0.0,2025-02-12,2025-02-12 16:15:21.931,0.1480000019073486,0.0740001201629638,0.0739998817443847,0.0789999961853027,0.9121621504066808,1.824321361947812,1.82432723968838,1.7088608420099594,1.4400000000000002,8.217646035818213,7.94289255684788e-05,-1.5093658797752028,-1.779330925026683,greti,M,5,10,8.0
1244,01103F97C4,not first visit,2025-02-12 16:16:08.299222,treatment,SCARE,0.0,2025-02-12,2025-02-12 16:16:10.274,0.2120001316070556,0.0789999961853027,0.0729999542236328,0.0789999961853027,0.6367920575173219,1.7088608420099594,1.8493162281503928,1.7088608420099594,1.218961410103026,7.368167104432382,1.8480977890131889,-1.8480977890131889,-0.4316165593263334,greti,M ,5,10,8.0
1245,3B00186448,not first visit,2025-02-12 16:16:22.136006,treatment,SCARE,0.0,2025-02-12,2025-02-12 16:16:24.270,2.111000061035156,0.1380000114440918,0.0729999542236328,0.0690000057220459,0.0639507324001691,0.9782607884398098,1.8493162281503928,1.95652157687962,0.225846922909632,0.8130813931292812,8.256451008928517,1.5099349150554262,1.90736651735076,greti,M,5,10,7.0
1246,01103FD532,not first visit,2025-02-12 16:16:25.353318,treatment,nah,0.0,2025-02-12,2025-02-12 16:16:27.850,0.1440000534057617,0.0740001201629638,0.0789999961853027,0.0629999637603759,0.9374996523063678,1.824321361947812,1.7088608420099594,2.142858375498125,1.4999994436901884,8.135972509782151,-1.5092866945935626,6.112643040944363,-1.5121092490101846,greti,M,5,10,5.0
1247,3B0018C6F9,not first visit,2025-02-12 16:16:34.923984,treatment,nah,0.0,2025-02-12,2025-02-12 16:16:34.947,0.6440000534057617,0.0739998817443847,0.0729999542236328,6.2829999923706055,0.2096273118085306,1.82432723968838,1.8493162281503928,0.0214865510367546,0.0763358791386975,4.497771793091282,0.3399866169571803,-0.5751509416210906,-0.036573917043402,bluti,M,6,10,1.0
1248,3B001877B5,not first visit,2025-02-12 16:17:00.000402,treatment,SCARE,0.0,2025-02-12,2025-02-12 16:17:01.687,0.9470000267028807,0.0729999542236328,0.0720000267028808,0.0679998397827148,0.1425554342062927,1.8493162281503928,1.874999304612736,1.9852987952821064,0.4655173026140545,3.346589854626801,0.3542493771134822,1.5757085122751755,1.7668230053078222,greti,M,5,10,8.0
1249,01101763D0,not first visit,2025-02-12 16:17:09.483592,treatment,nah,0.0,2025-02-12,2025-02-12 16:17:10.433,0.1449999809265136,0.0729999542236328,0.0769999027252197,1.9570000171661377,0.9310346052281092,1.8493162281503928,1.7532489681416643,0.0689831368501921,0.239786871562675,8.42460455127954,-1.2808980216759334,-1.6561119937324622,-0.7062331136602051,greti,M,6,10,2.0
1250,3B00186448,not first visit,2025-02-12 16:18:01.240795,treatment,SCARE,0.0,2025-02-12,2025-02-12 16:18:04.308,0.1399998664855957,0.1400001049041748,0.0729999542236328,0.0729999542236328,0.9642866339011108,0.9642849917319906,1.8493162281503928,1.8493162281503928,1.2676059913598428,-1.1729780628839928e-05,8.310150147773927,0.0,-1.168795590336536,greti,M,5,10,7.0
1251,3B0018F763,not first visit,2025-02-12 16:18:42.557872,treatment,SCARE,0.0,2025-02-12,2025-02-12 16:18:43.713,0.1519999504089355,0.0739998817443847,0.0690000057220459,0.0740001201629638,0.8881581845046697,1.82432723968838,1.95652157687962,1.824321361947812,1.4634148005618668,8.284688057189395,1.8488733037957423,-1.848952427330212,-1.6450475931504809,bluti,M,5,10,7.0
1252,3B0018F763,not first visit,2025-02-12 16:18:42.557872,treatment,SCARE,0.0,2025-02-12,2025-02-12 16:18:45.103,2.808000087738037,0.1500000953674316,0.0729999542236328,0.0739998817443847,0.0480769215747241,0.899999427795774,1.8493162281503928,1.82432723968838,0.1739130424099426,0.5760124770017124,8.514050127750808,-0.3399866169571803,1.7954348595304577,bluti,M,5,10,7.0
1253,3B001877B5,not first visit,2025-02-12 16:19:08.311936,treatment,nah,0.0,2025-02-12,2025-02-12 16:19:09.899,0.1530001163482666,0.0739998817443847,0.0690000057220459,0.0680000782012939,0.8823522701950512,1.82432723968838,1.95652157687962,1.985291834523672,1.483516149252617,8.29933900800172,1.8488733037957423,0.4200035039416624,-1.4953879418313962,greti,M,5,10,8.0
1254,01103FD532,not first visit,2025-02-12 16:20:03.004639,treatment,nah,0.0,2025-02-12,2025-02-12 16:20:05.552,0.2260000705718994,0.1419999599456787,0.0739998817443847,0.0740001201629638,0.5973449462134184,0.950704493519882,1.82432723968838,1.824321361947812,1.0465115621452312,1.920432163059752,8.089105430197979,-7.94289255684788e-05,0.1922310642940692,greti,M,5,10,5.0
1255,3B001816CC,not first visit,2025-02-12 16:20:12.562784,treatment,nah,0.0,2025-02-12,2025-02-12 16:20:13.577,0.1470000743865966,0.0690000057220459,0.0740001201629638,0.0739998817443847,0.918366882216416,1.95652157687962,1.824321361947812,1.82432723968838,1.483516149252617,9.612539904068909,-1.848952427330212,7.94289255684788e-05,-1.7984203170374355,bluti,F,6,10,0.0
1256,3B00199DE5,not first visit,2025-02-12 17:00:52.941705,treatment,nah,0.0,2025-02-12,2025-02-12 17:00:54.491,0.3800001144409179,0.0679998397827148,0.0680000782012939,0.0720000267028808,0.3552630509036061,1.9852987952821064,1.985291834523672,1.874999304612736,0.918367254590064,7.276946030957932,-0.0001023641563538,-1.5756063895298893,0.8936096302074326,bluti,M,5,10,3.0
1257,3B00192E1E,not first visit,2025-02-16 08:17:14.537330,treatment,nah,0.0,2025-02-16,2025-02-16 08:17:15.751,0.1480000019073486,0.0740001201629638,0.0739998817443847,0.0729999542236328,0.9121621504066808,1.824321361947812,1.82432723968838,1.8493162281503928,1.4634148005618668,8.217646035818213,7.94289255684788e-05,0.3399866169571803,-1.67935774119584,bluti,M,6,11,0.0
1258,3B004CDB63,first visit,2025-02-16 08:17:18.303458,treatment,SCARE,0.0,2025-02-16,2025-02-16 08:17:18.719,0.1480000019073486,0.0739998817443847,0.0740001201629638,0.0729999542236328,0.9121621504066808,1.82432723968838,1.824321361947812,1.8493162281503928,1.4634148005618668,8.217707813871431,-7.94289255684788e-05,0.3400660347537917,-1.67935774119584,bluti,M,5,11,0.0
1259,3B004CDB63,not first visit,2025-02-16 08:18:42.715615,treatment,SCARE,0.0,2025-02-16,2025-02-16 08:18:43.294,0.1480000019073486,0.0740001201629638,0.0739998817443847,0.0740001201629638,0.9121621504066808,1.824321361947812,1.82432723968838,1.824321361947812,1.4594589704315957,8.217646035818213,7.94289255684788e-05,-7.94289255684788e-05,-1.6975393667469552,bluti,M,5,11,0.0
1260,0700ED9568,first visit,2025-02-16 08:25:32.758816,treatment,SCARE,1.0,2025-02-16,2025-02-16 08:25:33.917,0.1419999599456787,0.0739998817443847,0.0780000686645507,0.0690000057220459,0.950704493519882,1.82432723968838,1.7307677071488832,1.95652157687962,1.4876036497098255,8.089105430197979,-1.2310468824205203,3.071479666561589,-1.735535665805016,greti,M,6,11,0.0
1261,3B004CDB63,not first visit,2025-02-16 08:30:57.364429,treatment,SCARE,0.0,2025-02-16,2025-02-16 08:30:57.808,0.1480000019073486,0.0809998512268066,0.0740001201629638,0.0739998817443847,0.9121621504066808,1.6666697278491074,1.824321361947812,1.82432723968838,1.4323612934560717,6.589590055329968,2.0342150090114064,7.94289255684788e-05,-1.6048548956727755,bluti,M,5,11,0.0
1262,3B0018A99B,first visit,2025-02-16 08:46:32.008361,treatment,SCARE,1.0,2025-02-16,2025-02-16 08:46:33.292,0.1459999084472656,0.0729999542236328,0.0720000267028808,0.0780000686645507,0.9246581140751968,1.8493162281503928,1.874999304612736,1.7307677071488832,1.4634148005618668,8.444371633828142,0.3542493771134822,-1.9230867435190748,-1.8671242145403952,bluti,M,5,11,0.0
1263,3B0018F763,first visit,2025-02-16 08:46:36.607445,treatment,SCARE,0.0,2025-02-16,2025-02-16 08:46:37.574,0.1360001564025879,0.0629999637603759,0.0729999542236328,0.062000036239624,0.992645917261836,2.142858375498125,1.8493162281503928,2.177418082115925,1.6167659315667522,11.559917223108858,-4.316798887808844,4.860768550273817,-2.0466068405933284,bluti,M,5,11,0.0
1264,3B0018F763,not first visit,2025-02-16 08:48:39.046692,treatment,SCARE,1.0,2025-02-16,2025-02-16 08:48:40.109,0.1460001468658447,0.0729999542236328,0.0669999122619628,0.0629999637603759,0.9246566041063478,1.8493162281503928,2.014928011728786,2.142858375498125,1.54727803843663,8.444376230367626,2.3658848788321127,1.9681613195901129,-1.638969435750039,bluti,M,5,11,0.0
1265,3B0018A99B,not first visit,2025-02-16 08:51:00.157068,treatment,SCARE,0.0,2025-02-16,2025-02-16 08:51:01.208,0.1480000019073486,0.0740001201629638,0.0690000057220459,0.0739998817443847,0.9121621504066808,1.824321361947812,1.95652157687962,1.82432723968838,1.4794520161393043,8.217646035818213,1.848952427330212,-1.8488733037957423,-1.7668613715090706,bluti,M,5,11,1.0
1266,3B001870F2,first visit,2025-02-16 08:51:48.464570,treatment,SCARE,0.0,2025-02-16,2025-02-16 08:51:48.482,2.1049997806549072,0.0740001201629638,0.0739998817443847,0.0740001201629638,0.0641330233098641,1.824321361947812,1.82432723968838,1.824321361947812,0.2320584540496068,1.6155928579687175,7.94289255684788e-05,-7.94289255684788e-05,1.7724966946499885,bluti,M,5,11,0.0
1267,3B00192E1E,not first visit,2025-02-16 08:52:16.658985,treatment,nah,0.0,2025-02-16,2025-02-16 08:52:18.237,0.1470000743865966,0.0690000057220459,0.0639998912811279,0.0789999961853027,0.918366882216416,1.95652157687962,2.109378583269693,1.7088608420099594,1.5041784088380914,9.612539904068909,2.2986033799172896,-5.601651139113735,-2.0243388937406177,bluti,M,6,11,0.0
1268,3B0018A99B,not first visit,2025-02-16 08:52:38.065578,treatment,nah,0.0,2025-02-16,2025-02-16 08:52:40.640,0.1339998245239257,0.0740001201629638,0.0739998817443847,0.0740001201629638,1.007464005864393,1.824321361947812,1.82432723968838,1.824321361947812,1.5168541601369434,7.854399743356336,7.94289255684788e-05,-7.94289255684788e-05,-2.173552085696879,bluti,M,5,11,1.0
1269,3B004CC5C5,not first visit,2025-02-16 08:53:27.578430,treatment,SCARE,1.0,2025-02-16,2025-02-16 08:53:27.620,1.7240002155303955,0.0719997882843017,0.06600022315979,0.0669999122619628,0.0783062547114976,1.875005513445854,2.0454476293687347,2.014928011728786,0.2799377713957794,2.0007786803097707,2.470175388238024,-0.4589411513479831,1.9391599914064688,bluti,F,6,11,0.0
1270,3B001870F2,not first visit,2025-02-16 08:53:49.748336,treatment,nah,0.0,2025-02-16,2025-02-16 08:53:50.814,0.6470000743865967,0.1440000534057617,0.0720000267028808,0.0720000267028808,0.2086553083135112,0.9374996523063678,1.874999304612736,1.874999304612736,0.5775399950276349,1.842842544228216,8.680549116785782,0.0,1.5124358624869814,bluti,M,5,11,0.0
1271,3B00192E1E,not first visit,2025-02-16 08:54:33.615814,treatment,SCARE,1.0,2025-02-16,2025-02-16 08:54:33.646,3.680999994277954,0.0720000267028808,0.0729999542236328,0.0720000267028808,0.0366748166829271,1.874999304612736,1.8493162281503928,1.874999304612736,0.1385325807428861,0.9796559966175368,-0.3542493771134822,0.3542493771134822,1.85685692675538,bluti,M,6,11,0.0
1272,3B004CC5C5,not first visit,2025-02-16 08:56:18.611023,treatment,SCARE,1.0,2025-02-16,2025-02-16 08:56:20.156,0.1490001678466797,0.0739998817443847,0.0740001201629638,0.0739998817443847,0.9060392478142322,1.82432723968838,1.824321361947812,1.82432723968838,1.4555254044279016,8.235764911784516,-7.94289255684788e-05,7.94289255684788e-05,-1.6671531247881055,bluti,F,6,11,1.0
1273,3B0018F763,not first visit,2025-02-16 09:04:17.074957,treatment,SCARE,1.0,2025-02-16,2025-02-16 09:04:19.114,0.1459999084472656,0.062000036239624,0.062000036239624,0.0679998397827148,0.9246581140751968,2.177418082115925,2.177418082115925,1.9852987952821064,1.5976339835533415,12.045772126781635,0.0,-2.955684154664978,-2.017551108832373,bluti,M,5,11,1.0
1274,3B0018F763,not first visit,2025-02-16 09:07:03.285568,treatment,SCARE,0.0,2025-02-16,2025-02-16 09:07:03.992,0.1480000019073486,0.0739998817443847,0.0740001201629638,0.0679998397827148,0.9121621504066808,1.82432723968838,1.824321361947812,1.9852987952821064,1.4835171209503213,8.217707813871431,-7.94289255684788e-05,2.267288432980896,-1.577835679914525,bluti,M,5,11,2.0
1275,0700ED9568,not first visit,2025-02-16 09:08:15.946182,treatment,nah,0.0,2025-02-16,2025-02-16 09:08:16.864,0.1469998359680175,0.0690000057220459,0.0740001201629638,0.0679998397827148,0.9183683717128204,1.95652157687962,1.824321361947812,1.9852987952821064,1.5083807240469913,9.612536722655909,-1.848952427330212,2.267288432980896,-1.680842939537928,greti,M,6,11,1.0
1276,3B00182DFC,first visit,2025-02-16 09:08:28.382819,treatment,SCARE,0.0,2025-02-16,2025-02-16 09:08:29.152,0.3240001201629638,0.1380000114440918,0.0679998397827148,0.0740001201629638,0.4166665121361634,0.9782607884398098,1.9852987952821064,1.824321361947812,0.8940395995831624,2.431143360717907,9.777075088598425,-2.267288432980896,0.7955150864649798,bluti,F,6,11,0.0
1277,0700ED9568,not first visit,2025-02-16 09:21:12.942483,treatment,nah,0.0,2025-02-16,2025-02-16 09:21:15.169,0.2110002040863037,0.0759999752044677,0.0739998817443847,0.0740001201629638,0.639809807694698,1.776316369009339,1.82432723968838,1.824321361947812,1.2413787932517155,7.919901403010627,0.6401455528775826,-7.94289255684788e-05,-0.363062453346761,greti,M,6,11,1.0
1278,3B00182DFC,not first visit,2025-02-16 09:21:16.960566,treatment,SCARE,0.0,2025-02-16,2025-02-16 09:21:17.421,0.2030000686645507,0.1480000019073486,0.0739998817443847,0.0729999542236328,0.6650244055980195,0.9121621504066808,1.82432723968838,1.8493162281503928,1.08433755289614,1.4081919949815929,8.217707813871431,0.3399866169571803,0.002025674298975,bluti,F,6,11,0.0
1279,3B0018A99B,not first visit,2025-02-16 09:29:57.939336,treatment,SCARE,1.0,2025-02-16,2025-02-16 09:29:59.220,0.1449999809265136,0.0729999542236328,0.0720000267028808,0.0729999542236328,0.9310346052281092,1.8493162281503928,1.874999304612736,1.8493162281503928,1.4876036497098255,8.42460455127954,0.3542493771134822,-0.3542493771134822,-1.8161750867909257,bluti,M,5,11,1.0
1280,3B00182DFC,not first visit,2025-02-16 09:30:21.379117,treatment,nah,0.0,2025-02-16,2025-02-16 09:30:22.213,0.1399998664855957,0.1400001049041748,0.0669999122619628,0.0729999542236328,0.9642866339011108,0.9642849917319906,2.014928011728786,1.8493162281503928,1.2857147820143768,-1.1729780628839928e-05,10.151139448008378,-2.3658848788321127,-1.2265589132793615,bluti,F,6,11,0.0
1281,3B00186448,first visit,2025-02-16 09:33:55.865180,treatment,SCARE,0.0,2025-02-16,2025-02-16 09:33:57.648,0.1429998874664306,0.0740001201629638,0.0739998817443847,0.0740001201629638,0.9440566869795012,1.824321361947812,1.82432723968838,1.824321361947812,1.4794520161393043,8.113038193728356,7.94289255684788e-05,-7.94289255684788e-05,-1.8562114486538384,greti,M,5,11,0.0
1282,3B004B0F76,first visit,2025-02-16 09:35:36.413225,treatment,SCARE,0.0,2025-02-16,2025-02-16 09:35:37.766,0.1470000743865966,0.0739998817443847,0.0740001201629638,0.0739998817443847,0.918366882216416,1.82432723968838,1.824321361947812,1.82432723968838,1.4634148005618668,8.198737894183317,-7.94289255684788e-05,7.94289255684788e-05,-1.7283495625028964,greti,F,5,11,0.0
1283,3B00186448,not first visit,2025-02-16 09:35:40.914700,treatment,nah,0.0,2025-02-16,2025-02-16 09:35:42.306,0.1480000019073486,0.0740001201629638,0.0689997673034668,0.0740001201629638,0.9121621504066808,1.824321361947812,1.9565283373530613,1.824321361947812,1.4794520161393043,8.217646035818213,1.8490500621727377,-1.8490500621727377,-1.7668689346950317,greti,M,5,11,0.0
1284,3B001877B5,first visit,2025-02-16 09:36:43.474793,treatment,SCARE,0.0,2025-02-16,2025-02-16 09:36:45.805,0.6159999370574951,0.1480000019073486,0.0739998817443847,0.0840001106262207,0.2191558665490571,0.9121621504066808,1.82432723968838,1.6071407405725446,0.5856833407979214,1.81415272047427,8.217707813871431,-2.7491963240909763,1.2240010517754576,greti,M,5,11,0.0
1285,3B00186448,not first visit,2025-02-16 09:36:48.295242,treatment,nah,0.0,2025-02-16,2025-02-16 09:36:49.936,0.1999998092651367,0.1500000953674316,0.0739998817443847,0.0740001201629638,0.6750006437307775,0.899999427795774,1.82432723968838,1.824321361947812,1.08433755289614,1.2857076878418088,8.252927735177398,-7.94289255684788e-05,-0.0454868167370845,greti,M,5,11,0.0
1286,3B00182DFC,not first visit,2025-02-16 09:37:06.017916,treatment,nah,0.0,2025-02-16,2025-02-16 09:37:06.732,0.3809998035430908,0.1480000019073486,0.0740001201629638,0.0690000057220459,0.3543308913668025,0.9121621504066808,1.824321361947812,1.95652157687962,0.8035715106798762,2.1090036453411893,8.217646035818213,1.848952427330212,1.16383506636555,bluti,F,6,11,0.0
1287,3B001877B5,not first visit,2025-02-16 09:41:35.557452,treatment,nah,0.0,2025-02-16,2025-02-16 09:41:36.633,0.5230000019073486,0.1480000019073486,0.0690000057220459,0.0690000057220459,0.2581261940873104,0.9121621504066808,1.95652157687962,1.95652157687962,0.667490716705686,1.9494365204206123,9.625432163638978,0.0,1.4533516191233091,greti,M,5,11,0.0
1288,3B001877B5,not first visit,2025-02-16 09:43:38.936931,treatment,SCARE,1.0,2025-02-16,2025-02-16 09:43:40.814,0.1480000019073486,0.0740001201629638,0.0739998817443847,0.0740001201629638,0.9121621504066808,1.824321361947812,1.82432723968838,1.824321361947812,1.4594589704315957,8.217646035818213,7.94289255684788e-05,-7.94289255684788e-05,-1.6975393667469552,greti,M,5,11,0.0
1289,3B004CDB63,not first visit,2025-02-16 09:44:43.505358,treatment,SCARE,1.0,2025-02-16,2025-02-16 09:44:44.243,0.1480000019073486,0.1480000019073486,0.0809998512268066,0.0740001201629638,0.9121621504066808,0.9121621504066808,1.6666697278491074,1.824321361947812,1.1973393119482607,0.0,6.589590055329968,2.0342150090114064,-0.8585091694518125,bluti,M,5,11,0.0
1290,0700ED9568,not first visit,2025-02-16 09:45:02.236902,treatment,SCARE,0.0,2025-02-16,2025-02-16 09:45:02.477,0.1319999694824218,0.0750000476837158,0.0639998912811279,0.0740001201629638,1.022727509175505,1.799998855591548,2.109378583269693,1.824321361947812,1.5652172615036957,7.509867458534624,4.451508827732567,-4.131263734530435,-2.401825653307389,greti,M,6,11,1.0
1291,3B001877B5,not first visit,2025-02-16 09:47:30.361551,treatment,SCARE,1.0,2025-02-16,2025-02-16 09:47:31.689,0.1490001678466797,0.0739998817443847,0.0690000057220459,47.20500016212464,0.9060392478142322,1.82432723968838,1.95652157687962,0.0028598665297393,0.0113691390514752,8.235764911784516,1.8488733037957423,-0.0826526929565253,-0.035177045553347,greti,M,5,11,1.0
1292,3B00186448,not first visit,2025-02-16 09:51:02.844470,treatment,SCARE,1.0,2025-02-16,2025-02-16 09:51:05.051,1.7069997787475586,0.0740001201629638,0.0690000057220459,0.0680000782012939,0.0790861262437015,1.824321361947812,1.95652157687962,1.985291834523672,0.281543276763822,1.959837546056808,1.848952427330212,0.4200035039416624,1.908546446778048,greti,M,5,11,0.0
1293,01103F97C4,first visit,2025-02-16 09:54:08.704795,treatment,SCARE,1.0,2025-02-16,2025-02-16 09:54:10.334,0.0669999122619628,0.0669999122619628,0.0729999542236328,0.0720000267028808,2.014928011728786,2.014928011728786,1.8493162281503928,1.874999304612736,1.9354852206014304,0.0,-2.3658848788321127,0.3542493771134822,-7.742803031215283,greti,M ,5,11,0.0
1294,3B004CDB63,not first visit,2025-02-16 09:55:28.833681,treatment,nah,0.0,2025-02-16,2025-02-16 09:55:29.363,0.1430001258850097,0.0729999542236328,0.0740001201629638,0.0739998817443847,0.9440551129903,1.8493162281503928,1.824321361947812,1.82432723968838,1.483516149252617,8.382044253916666,-0.3400660347537917,7.94289255684788e-05,-1.8706035784796395,bluti,M,5,11,1.0
1295,01103F97C4,not first visit,2025-02-16 10:09:31.583923,treatment,nah,0.0,2025-02-16,2025-02-16 10:09:33.388,0.2109999656677246,0.0740001201629638,0.0739998817443847,0.0740001201629638,0.639810530645267,1.824321361947812,1.82432723968838,1.824321361947812,1.2471129112719657,8.31235420754388,7.94289255684788e-05,-7.94289255684788e-05,-0.3781241868498697,greti,M ,5,11,1.0
1296,01103F97C4,not first visit,2025-02-16 10:09:31.583923,treatment,nah,0.0,2025-02-16,2025-02-16 10:09:34.752,1.300999879837036,0.0680000782012939,0.0639998912811279,0.0740001201629638,0.1037663431736136,1.985291834523672,2.109378583269693,1.824321361947812,0.3583278108396131,2.7487590197535687,1.880102688395628,-4.131263734530435,1.69769982803958,greti,M ,5,11,1.0
1297,3B0019248A,not first visit,2025-02-16 10:11:23.111863,treatment,nah,0.0,2025-02-16,2025-02-16 10:11:26.043,3.439000129699707,0.0729999542236328,0.0639998912811279,0.0680000782012939,0.0392555960769295,1.8493162281503928,2.109378583269693,1.985291834523672,0.1481888013407969,1.030786212312046,3.796535013030542,-1.880102688395628,1.9645271706112288,bluti,M,6,11,0.0
1298,01103F97C4,not first visit,2025-02-16 10:11:43.208181,treatment,nah,0.0,2025-02-16,2025-02-16 10:11:45.023,0.2560000419616699,0.1480000019073486,0.0729999542236328,0.0739998817443847,0.5273436635616378,0.9121621504066808,1.8493162281503928,1.82432723968838,0.980036511368588,1.905041807222208,8.481034061276315,-0.3399866169571803,0.4581516552068192,greti,M ,5,11,1.0
1299,01103F97C4,not first visit,2025-02-16 10:11:43.208181,treatment,nah,0.0,2025-02-16,2025-02-16 10:11:46.077,2.0,0.0740001201629638,0.0580000877380371,0.0690000057220459,0.0675,1.824321361947812,2.3275826859045505,1.95652157687962,0.2453430020849979,1.6941381486610236,7.625159565417957,-5.843477731637386,1.8986561779904885,greti,M ,5,11,1.0
1300,3B0018A99B,not first visit,2025-02-16 10:12:37.314618,treatment,nah,0.0,2025-02-16,2025-02-16 10:12:38.989,0.1480000019073486,0.0739998817443847,0.0729999542236328,0.064000129699707,0.9121621504066808,1.82432723968838,1.8493162281503928,2.109370725238046,1.5041784088380914,8.217707813871431,0.3399866169571803,3.796413690274368,-1.4960146682722957,bluti,M,5,11,2.0
1301,3B004ACEEA,first visit,2025-02-16 10:18:42.011820,treatment,SCARE,1.0,2025-02-16,2025-02-16 10:18:43.897,2.3980000019073486,0.0739998817443847,0.0789999961853027,0.0690000057220459,0.0562969140503011,1.82432723968838,1.7088608420099594,1.95652157687962,0.2061068792317024,1.4304453146059832,-1.5093658797752028,3.346766644296417,1.915917957080192,bluti,M,5,11,0.0
1302,3B004CDB63,not first visit,2025-02-16 10:30:44.190389,treatment,SCARE,1.0,2025-02-16,2025-02-16 10:30:46.153,1.0,0.0719997882843017,0.0770001411437988,0.0669999122619628,0.135,1.875005513445854,1.7532435394876178,2.014928011728786,0.4440790051826638,3.2462795841231875,-1.63438968629837,3.634505210964011,1.817125780759308,bluti,M,5,11,1.0
1303,3B001870F2,not first visit,2025-02-16 10:31:30.563233,treatment,SCARE,1.0,2025-02-16,2025-02-16 10:31:33.090,0.4240000247955322,0.0670001506805419,0.0679998397827148,0.0729999542236328,0.3183962077952749,2.0149208416512763,1.9852987952821064,1.8493162281503928,0.8544304210049797,6.910484837244914,-0.4388451623962503,-1.928833557382232,1.0190783548190183,bluti,M,5,11,0.0
1304,3B0018F763,not first visit,2025-02-16 10:31:39.489618,treatment,SCARE,1.0,2025-02-16,2025-02-16 10:31:41.067,0.1460001468658447,0.0669999122619628,0.0729999542236328,0.062000036239624,0.9246566041063478,2.014928011728786,1.8493162281503928,2.177418082115925,1.55172391680563,10.237287370593984,-2.3658848788321127,4.860768550273817,-1.6121588159304792,bluti,M,5,11,2.0
1305,3B001877B5,not first visit,2025-02-16 10:31:45.239973,treatment,nah,0.0,2025-02-16,2025-02-16 10:31:48.608,1.5199999809265137,0.056999921798706,0.0470001697540283,0.051999807357788,0.0888157905881755,2.368424301997281,2.8723300512851733,2.5961634640513886,0.322195727157514,2.8910699454955013,9.690486647934938,-5.579124264278684,2.4963704393146178,greti,M,5,11,2.0
1306,3B0018F763,not first visit,2025-02-16 10:33:07.447966,treatment,SCARE,0.0,2025-02-16,2025-02-16 10:33:08.326,0.1530001163482666,0.0690000057220459,0.0679998397827148,0.0740001201629638,0.8823522701950512,1.95652157687962,1.9852987952821064,1.824321361947812,1.483516149252617,9.677195639958745,0.4201058518928999,-2.267288432980896,-1.6980434997057985,bluti,M,5,11,3.0
1307,3B0018F763,not first visit,2025-02-16 10:34:33.744076,treatment,nah,0.0,2025-02-16,2025-02-16 10:34:34.864,0.1410000324249267,0.0719997882843017,0.0730001926422119,0.0729999542236328,0.9574465883323724,1.875005513445854,1.8493101882848608,1.8493162281503928,1.5041784088380914,8.61558401371675,-0.3544183247033106,8.273780078283309e-05,-1.950075383610288,bluti,M,5,11,3.0
1308,3B0018A99B,not first visit,2025-02-16 10:35:50.013737,treatment,nah,0.0,2025-02-16,2025-02-16 10:35:52.246,0.0789999961853027,0.0739998817443847,0.0690000057220459,0.0740001201629638,1.7088608420099594,1.82432723968838,1.95652157687962,1.824321361947812,1.8243243008133616,1.5093658797752028,1.8488733037957423,-1.848952427330212,-5.96092358206806,bluti,M,5,11,2.0
1309,3B001877B5,not first visit,2025-02-16 10:36:48.435050,treatment,nah,0.0,2025-02-16,2025-02-16 10:36:51.625,0.1489999294281005,0.0740001201629638,0.0739998817443847,0.0780000686645507,0.9060406975906912,1.824321361947812,1.82432723968838,1.7307677071488832,1.4400000000000002,8.235699194157634,7.94289255684788e-05,-1.2310468824205203,-1.7340150625888486,greti,M,5,11,2.0
1310,3B0018C2F6,not first visit,2025-02-16 10:37:19.064040,treatment,nah,0.0,2025-02-16,2025-02-16 10:37:20.601,0.1480000019073486,0.0739998817443847,0.0740001201629638,0.0739998817443847,0.9121621504066808,1.82432723968838,1.824321361947812,1.82432723968838,1.4594599108700863,8.217707813871431,-7.94289255684788e-05,7.94289255684788e-05,-1.6975351100048686,greti,F,6,11,0.0
1311,3B001870F2,not first visit,2025-02-16 10:55:15.462727,treatment,nah,0.0,2025-02-16,2025-02-16 10:55:17.004,0.1530001163482666,0.0739998817443847,0.0740001201629638,0.0679998397827148,0.8823522701950512,1.82432723968838,1.824321361947812,1.9852987952821064,1.4634148005618668,8.29933900800172,-7.94289255684788e-05,2.267288432980896,-1.4280564795916488,bluti,M,5,11,1.0
1312,3B00182DFC,not first visit,2025-02-16 10:58:13.680662,treatment,SCARE,1.0,2025-02-16,2025-02-16 10:58:15.263,1.7060000896453855,0.0739998817443847,0.0740001201629638,0.0739998817443847,0.0791324694643254,1.82432723968838,1.824321361947812,1.82432723968838,0.2800829914310284,1.9608930317695,-7.94289255684788e-05,7.94289255684788e-05,1.748091719062681,bluti,F,6,11,0.0
1313,3B001877B5,not first visit,2025-02-16 10:58:24.881312,treatment,SCARE,0.0,2025-02-16,2025-02-16 10:58:25.519,0.1480000019073486,0.0739998817443847,0.0729999542236328,0.0740001201629638,0.9121621504066808,1.82432723968838,1.8493162281503928,1.824321361947812,1.4634148005618668,8.217707813871431,0.3399866169571803,-0.3400660347537917,-1.7111922603520435,greti,M,5,11,2.0
1314,3B001877B5,not first visit,2025-02-16 10:58:24.881312,treatment,SCARE,0.0,2025-02-16,2025-02-16 10:58:26.169,1.5870001316070557,0.0739998817443847,0.0730001926422119,0.0689997673034668,0.0850661555165051,1.82432723968838,1.8493101882848608,1.9565283373530613,0.2995008363824377,2.0942336787373352,0.3399038905351528,1.5101152015707104,1.8692810004952487,greti,M,5,11,2.0
1315,01103FD532,not first visit,2025-02-16 11:00:54.231320,treatment,nah,0.0,2025-02-16,2025-02-16 11:00:57.383,1.3880000114440918,0.0740001201629638,0.0639998912811279,0.0730001926422119,0.0972622470366872,1.824321361947812,2.109378583269693,1.8493101882848608,0.3377110238980672,2.362597755737152,4.131263734530435,-3.7966165791600095,1.7373214325826245,greti,M,5,11,0.0
1316,3B004CD4DE,not first visit,2025-02-16 11:01:24.669971,treatment,nah,0.0,2025-02-16,2025-02-16 11:01:24.698,0.1480000019073486,0.0740001201629638,0.0729999542236328,0.0739998817443847,0.9121621504066808,1.824321361947812,1.8493162281503928,1.82432723968838,1.4634148005618668,8.217646035818213,0.3400660347537917,-0.3399866169571803,-1.7111847490221712,bluti,M,5,11,0.0
1317,3B001877B5,not first visit,2025-02-16 11:06:21.240027,treatment,SCARE,1.0,2025-02-16,2025-02-16 11:06:22.776,0.1380000114440918,0.056999921798706,0.0720000267028808,1.2070000171661377,0.9782607884398098,2.368424301997281,1.874999304612736,0.111847554333065,0.3663500735312671,14.25809219971942,-7.650003013427187,-2.757078482884296,-1.1086899800844352,greti,M,5,11,2.0
1318,3B0018F763,not first visit,2025-02-16 11:06:38.982701,treatment,SCARE,0.0,2025-02-16,2025-02-16 11:06:39.298,0.1439998149871826,0.0740001201629638,0.0680000782012939,0.0639998912811279,0.9375012045120774,1.824321361947812,1.985291834523672,2.109378583269693,1.5428575632524664,8.135967167374995,2.267186587485454,1.880102688395628,-1.7016011250744945,bluti,M,5,11,3.0
1319,3B004C6A69,not first visit,2025-02-16 11:11:49.598903,treatment,SCARE,1.0,2025-02-16,2025-02-16 11:11:51.854,0.1380000114440918,0.0739998817443847,0.0729999542236328,0.0740001201629638,0.9782607884398098,1.82432723968838,1.8493162281503928,1.824321361947812,1.5041784088380914,7.981762995478329,0.3399866169571803,-0.3400660347537917,-2.0423235718639114,bluti,M,6,11,0.0
1320,3B0018F763,not first visit,2025-02-16 11:13:42.351292,treatment,nah,0.0,2025-02-16,2025-02-16 11:13:43.060,0.1430001258850097,0.0739998817443847,0.0729999542236328,0.0690000057220459,0.9440551129903,1.82432723968838,1.8493162281503928,1.95652157687962,1.5041784088380914,8.113106873262982,0.3399866169571803,1.5099349150554262,-1.7749230062205177,bluti,M,5,11,3.0
1321,3B0018A99B,not first visit,2025-02-16 11:14:08.977166,treatment,nah,0.0,2025-02-16,2025-02-16 11:14:09.796,0.1480000019073486,0.0789999961853027,0.0629999637603759,0.0690000057220459,0.9121621504066808,1.7088608420099594,2.142858375498125,1.95652157687962,1.5041784088380914,7.019371791167163,6.112643040944363,-2.8232854802791363,-1.6848448198007395,bluti,M,5,11,2.0
1322,3B004CDB63,not first visit,2025-02-16 11:15:27.230602,treatment,nah,0.0,2025-02-16,2025-02-16 11:15:27.595,0.0669999122619628,0.0720000267028808,0.0710000991821289,0.0669999122619628,2.014928011728786,1.874999304612736,1.90140579457078,2.014928011728786,1.9494588327644,-2.013363576388933,0.3693212127558359,1.645249387591502,-7.579965539283805,bluti,M,5,11,2.0
1323,3B0018A99B,not first visit,2025-02-16 11:17:17.519437,treatment,SCARE,1.0,2025-02-16,2025-02-16 11:17:18.378,0.1399998664855957,0.0720000267028808,0.0670001506805419,0.0679998397827148,0.9642866339011108,1.874999304612736,2.0149208416512763,1.9852987952821064,1.556196487206812,8.591633297682504,2.0132569565372043,-0.4388451623962503,-1.982958459036865,bluti,M,5,11,2.0
1324,3B001870F2,not first visit,2025-02-16 11:19:51.930257,treatment,SCARE,1.0,2025-02-16,2025-02-16 11:19:53.369,1.0770001411437988,0.0669999122619628,0.0720000267028808,0.0729999542236328,0.1253481729878205,2.014928011728786,1.874999304612736,1.8493162281503928,0.4189293914795972,3.303461102323492,-2.013363576388933,-0.3542493771134822,1.6737585596185052,bluti,M,5,11,1.0
1325,3B001877B5,not first visit,2025-02-16 11:22:00.201167,treatment,SCARE,1.0,2025-02-16,2025-02-16 11:22:01.838,0.1480000019073486,0.0729999542236328,0.0639998912811279,0.0820000171661377,0.9121621504066808,1.8493162281503928,2.109378583269693,1.6463411187644106,1.4713901887145466,8.481034061276315,3.796535013030542,-6.342982943342448,-1.9733520364417685,greti,M,5,11,3.0
1326,3B004CD4DE,not first visit,2025-02-16 11:22:40.333954,treatment,SCARE,1.0,2025-02-16,2025-02-16 11:22:41.306,0.1419999599456787,0.0740001201629638,0.0690000057220459,0.0729999542236328,0.950704493519882,1.824321361947812,1.95652157687962,1.8493162281503928,1.508379719505235,8.089042078026296,1.848952427330212,-1.5099349150554262,-1.9459100338505184,bluti,M,5,11,0.0
1327,3B004CD4DE,not first visit,2025-02-16 11:22:40.333954,treatment,SCARE,1.0,2025-02-16,2025-02-16 11:22:42.941,1.683000087738037,0.0739998817443847,0.0740001201629638,0.0679998397827148,0.0802138995616101,1.82432723968838,1.824321361947812,1.9852987952821064,0.2843602001410423,1.985331098941968,-7.94289255684788e-05,2.267288432980896,1.906926638709264,bluti,M,5,11,1.0
1328,3B001870F2,not first visit,2025-02-16 11:23:42.043568,treatment,SCARE,1.0,2025-02-16,2025-02-16 11:23:42.991,0.0870001316070556,0.1439998149871826,0.0720000267028808,0.0720000267028808,1.5517217906030338,0.9375012045120774,1.874999304612736,1.874999304612736,1.4400000000000002,-5.317928381774584,8.680544326008045,0.0,-3.376175674269236,bluti,M,5,11,2.0
1329,3B001877B5,not first visit,2025-02-16 11:25:03.053085,treatment,nah,0.0,2025-02-16,2025-02-16 11:25:04.658,0.2220001220703125,0.1480000019073486,0.0739998817443847,0.0740001201629638,0.6081077737301533,0.9121621504066808,1.82432723968838,1.824321361947812,1.0424707891284837,1.643536620516835,8.217707813871431,-7.94289255684788e-05,0.1807868595338388,greti,M,5,11,4.0
1330,3B004CD4DE,not first visit,2025-02-16 11:25:18.148271,treatment,SCARE,0.0,2025-02-16,2025-02-16 11:25:18.700,0.1480000019073486,0.0739998817443847,0.0680000782012939,0.0739998817443847,0.9121621504066808,1.82432723968838,1.985291834523672,1.82432723968838,1.4835171209503213,8.217707813871431,2.267107609000283,-2.267107609000283,-1.7810581538219612,bluti,M,5,11,2.0
1331,3B004CDB63,not first visit,2025-02-16 11:25:22.032976,treatment,nah,0.0,2025-02-16,2025-02-16 11:25:22.422,0.2170000076293945,0.1540000438690185,0.0629999637603759,0.0690000057220459,0.6221197937954039,0.8766231269052194,2.142858375498125,1.95652157687962,1.0735586033316982,1.3719854327885668,11.6703705444606,-2.8232854802791363,0.2284111072279935,bluti,M,5,11,2.0
1332,3B00182DFC,not first visit,2025-02-16 11:25:24.879551,treatment,SCARE,0.0,2025-02-16,2025-02-16 11:25:25.380,0.1429998874664306,0.1380000114440918,0.0739998817443847,0.0740001201629638,0.9440566869795012,0.9782607884398098,1.82432723968838,1.824321361947812,1.2587415497544678,0.2434456495744162,7.981762995478329,-7.94289255684788e-05,-1.121254271014567,bluti,F,6,11,1.0
1333,3B004B0F76,not first visit,2025-02-16 11:25:49.730211,treatment,nah,0.0,2025-02-16,2025-02-16 11:25:51.123,0.1480000019073486,0.0740001201629638,0.0739998817443847,0.0750000476837158,0.9121621504066808,1.824321361947812,1.82432723968838,1.799998855591548,1.4555254044279016,8.217646035818213,7.94289255684788e-05,-0.3265556459014513,-1.7150765068132394,greti,F,5,11,0.0
1334,3B0018F763,not first visit,2025-02-16 11:27:07.849402,treatment,nah,0.0,2025-02-16,2025-02-16 11:27:10.244,0.1430001258850097,0.0739998817443847,0.0750000476837158,0.0690000057220459,0.9440551129903,1.82432723968838,1.799998855591548,1.95652157687962,1.4958446224401378,8.113106873262982,-0.3265556459014513,2.1739258783053863,-1.7456554060366765,bluti,M,5,11,3.0
1335,01103F97C4,not first visit,2025-02-16 11:27:28.222056,treatment,SCARE,1.0,2025-02-16,2025-02-16 11:27:29.409,0.1490001678466797,0.0690000057220459,0.0739998817443847,0.0690000057220459,0.9060392478142322,1.95652157687962,1.82432723968838,1.95652157687962,1.4958446224401378,9.637444887026367,-1.8488733037957423,1.8488733037957423,-1.6388726310282389,greti,M ,5,11,1.0
1336,3B004CDB63,not first visit,2025-02-16 11:28:23.512511,treatment,SCARE,0.0,2025-02-16,2025-02-16 11:28:23.998,0.1380000114440918,0.1420001983642578,0.0739998817443847,0.0690000057220459,0.9782607884398098,0.95070289728539,1.82432723968838,1.95652157687962,1.27659545110983,-0.1968419321777092,8.089111281473405,1.8488733037957423,-1.1053266762635667,bluti,M,5,11,2.0
1337,3B004C4B80,not first visit,2025-02-16 11:29:03.980242,treatment,nah,0.0,2025-02-16,2025-02-16 11:29:04.342,0.2209999561309814,0.0750000476837158,0.0739998817443847,0.0740001201629638,0.6108598497639008,1.799998855591548,1.82432723968838,1.824321361947812,1.2162162005422412,8.03472290880155,0.3265556459014513,-7.94289255684788e-05,-0.2359144443486329,bluti,M,6,11,0.0
1338,3B0018F763,not first visit,2025-02-16 11:31:32.642743,treatment,SCARE,0.0,2025-02-16,2025-02-16 11:31:33.195,0.1480000019073486,0.0740001201629638,0.0739998817443847,0.0729999542236328,0.9121621504066808,1.824321361947812,1.82432723968838,1.8493162281503928,1.4634148005618668,8.217646035818213,7.94289255684788e-05,0.3399866169571803,-1.67935774119584,bluti,M,5,11,3.0
1339,3B0018F763,not first visit,2025-02-16 11:31:32.642743,treatment,SCARE,0.0,2025-02-16,2025-02-16 11:31:34.169,1.690000057220459,0.0690000057220459,0.0740001201629638,0.0739998817443847,0.0798816541000799,1.95652157687962,1.824321361947812,1.82432723968838,0.2831672688183765,2.133757652788532,-1.848952427330212,7.94289255684788e-05,1.7463939258661556,bluti,M,5,11,3.0
1340,0700ED9568,not first visit,2025-02-16 11:31:54.462808,treatment,SCARE,0.0,2025-02-16,2025-02-16 11:31:54.640,0.1369998455047607,0.064000129699707,0.0739998817443847,0.0740001201629638,0.9854025710949342,2.109370725238046,1.82432723968838,1.824321361947812,1.54727803843663,11.183764107430878,-4.131064665384407,-7.94289255684788e-05,-2.2225065405206443,greti,M,6,11,1.0
1341,3B0018F763,not first visit,2025-02-16 11:32:59.089692,treatment,SCARE,1.0,2025-02-16,2025-02-16 11:33:00.914,0.1429998874664306,0.0740001201629638,0.0739998817443847,0.0740001201629638,0.9440566869795012,1.824321361947812,1.82432723968838,1.824321361947812,1.4794520161393043,8.113038193728356,7.94289255684788e-05,-7.94289255684788e-05,-1.8562114486538384,bluti,M,5,11,3.0
1342,3B00182DFC,not first visit,2025-02-16 11:35:16.947821,treatment,SCARE,1.0,2025-02-16,2025-02-16 11:35:17.861,0.0739998817443847,0.0740001201629638,0.0739998817443847,0.3500001430511474,1.82432723968838,1.824321361947812,1.82432723968838,0.3857141280661468,0.9440558999842444,-7.94289255684788e-05,7.94289255684788e-05,-6.785910507038216,-4.681861336367552,bluti,F,6,11,1.0
1343,3B001870F2,not first visit,2025-02-16 11:35:47.174048,treatment,nah,0.0,2025-02-16,2025-02-16 11:35:47.182,1.623000144958496,0.0690000057220459,0.0739998817443847,0.0740001201629638,0.0831792901678713,1.95652157687962,1.82432723968838,1.824321361947812,0.2934782365319429,2.2143523875671858,-1.8488733037957423,-7.94289255684788e-05,1.740428988283924,bluti,M,5,11,3.0
1344,01103F97C4,not first visit,2025-02-16 11:35:55.633432,treatment,nah,0.0,2025-02-16,2025-02-16 11:35:57.290,0.1540000438690185,0.0739998817443847,0.0680000782012939,0.0740001201629638,0.8766231269052194,1.82432723968838,1.985291834523672,1.824321361947812,1.4594589704315957,8.313196684020747,2.267107609000283,-2.267186587485454,-1.599987166237794,greti,M ,5,11,2.0
1345,3B004ACEEA,not first visit,2025-02-16 11:36:10.201231,treatment,nah,0.0,2025-02-16,2025-02-16 11:36:12.651,0.8159999847412109,0.0690000057220459,0.0739998817443847,0.0690000057220459,0.165441179564255,1.95652157687962,1.82432723968838,1.95652157687962,0.5252918911697911,4.047639359584211,-1.8488733037957423,1.8488733037957423,1.6739575927471535,bluti,M,5,11,1.0
1346,3B00182DFC,not first visit,2025-02-16 11:36:28.567175,treatment,SCARE,1.0,2025-02-16,2025-02-16 11:36:29.870,0.1440000534057617,0.0670001506805419,0.0609998703002929,0.0720000267028808,0.9374996523063678,2.0149208416512763,2.213119459687632,1.874999304612736,1.5697669805612675,10.212513243866054,3.096852899204315,-5.084517547661378,-2.097455821857385,bluti,F,6,11,2.0
1347,3B00182A81,not first visit,2025-02-16 11:36:36.417328,treatment,nah,0.0,2025-02-16,2025-02-16 11:36:37.157,0.1009998321533203,0.062000036239624,0.0540001392364501,0.0529999732971191,1.3366358846524278,2.177418082115925,2.499993553884668,2.547171094656722,2.000000141285094,10.316354310625837,5.561637651751235,0.8818222645747812,-4.378400631062228,bluti,F,6,11,0.0
1348,3B0018F763,not first visit,2025-02-16 11:36:44.019131,treatment,SCARE,0.0,2025-02-16,2025-02-16 11:36:44.643,0.1440000534057617,0.0720000267028808,0.0720000267028808,0.0729999542236328,0.9374996523063678,1.874999304612736,1.874999304612736,1.8493162281503928,1.4958446224401378,8.680549116785782,0.0,-0.3542493771134822,-1.8635528405794897,bluti,M,5,11,4.0
1349,01103F97C4,not first visit,2025-02-16 11:36:58.405459,treatment,nah,0.0,2025-02-16,2025-02-16 11:37:00.325,0.0720000267028808,0.0679998397827148,0.0670001506805419,0.0779998302459716,1.874999304612736,1.9852987952821064,2.0149208416512763,1.7307729975088262,1.8947378565405364,1.5757085122751755,0.4388451623962503,-3.919281124408656,-7.197798566221808,greti,M ,5,11,2.0
1350,3B004ACEEA,not first visit,2025-02-16 11:38:03.820424,treatment,SCARE,1.0,2025-02-16,2025-02-16 11:38:05.810,0.1400001049041748,0.0679998397827148,0.0720000267028808,0.0730001926422119,0.9642849917319906,1.9852987952821064,1.874999304612736,1.8493101882848608,1.5297443316515715,9.817443029488178,-1.5757085122751755,-0.3543321029982201,-2.0625962297315112,bluti,M,5,11,1.0
1351,3B004CDB63,not first visit,2025-02-16 11:38:12.746129,treatment,nah,0.0,2025-02-16,2025-02-16 11:38:13.224,0.1480000019073486,0.0729999542236328,0.0740001201629638,0.0739998817443847,0.9121621504066808,1.8493162281503928,1.824321361947812,1.82432723968838,1.4634148005618668,8.481034061276315,-0.3400660347537917,7.94289255684788e-05,-1.7111847490221712,bluti,M,5,11,2.0
1352,3B0018C2F6,not first visit,2025-02-16 11:38:45.397828,treatment,SCARE,0.0,2025-02-16,2025-02-16 11:38:46.210,0.1480000019073486,0.0739998817443847,0.0730001926422119,0.0739998817443847,0.9121621504066808,1.82432723968838,1.8493101882848608,1.82432723968838,1.4634148005618668,8.217707813871431,0.3399038905351528,-0.3399038905351528,-1.7111847490221712,greti,F,6,11,0.0
1353,3B00182A81,not first visit,2025-02-16 11:38:57.894116,treatment,SCARE,1.0,2025-02-16,2025-02-16 11:38:58.138,0.1470000743865966,0.1480000019073486,0.0729999542236328,0.0690000057220459,0.918366882216416,0.9121621504066808,1.8493162281503928,1.95652157687962,1.2356978380292334,-0.0420659674918353,8.481034061276315,1.5099349150554262,-0.8348671552319882,bluti,F,6,11,0.0
1354,0700ED9568,not first visit,2025-02-16 11:39:05.745091,treatment,nah,0.0,2025-02-16,2025-02-16 11:39:07.185,0.1380000114440918,0.0680000782012939,0.0690000057220459,0.0739998817443847,0.9782607884398098,1.985291834523672,1.95652157687962,1.82432723968838,1.54727803843663,9.776996192743344,-0.4200035039416624,-1.8488733037957423,-2.2014368162097298,greti,M,6,11,1.0
1355,3B0018F763,not first visit,2025-02-16 11:39:58.077646,treatment,SCARE,1.0,2025-02-16,2025-02-16 11:39:59.497,0.1430001258850097,0.0739998817443847,0.0740001201629638,0.0690000057220459,0.9440551129903,1.82432723968838,1.824321361947812,1.95652157687962,1.4999994436901884,8.113106873262982,-7.94289255684788e-05,1.848952427330212,-1.7602298456629142,bluti,M,5,11,4.0
1356,3B0018A99B,not first visit,2025-02-16 11:42:02.342698,treatment,SCARE,1.0,2025-02-16,2025-02-16 11:42:03.214,0.1410000324249267,0.0739998817443847,0.0740001201629638,0.0739998817443847,0.9574465883323724,1.82432723968838,1.824321361947812,1.82432723968838,1.4876036497098255,8.064009278378993,-7.94289255684788e-05,7.94289255684788e-05,-1.923018130188312,bluti,M,5,11,3.0
1357,3B004ACEEA,not first visit,2025-02-16 11:43:38.349111,treatment,nah,0.0,2025-02-16,2025-02-16 11:43:39.110,0.1430001258850097,0.0629999637603759,0.0690000057220459,0.0740001201629638,0.9440551129903,2.142858375498125,1.95652157687962,1.824321361947812,1.5472769814177083,11.638861561385514,-2.8232854802791363,-1.848952427330212,-2.1010622133834254,bluti,M,5,11,2.0
1358,3B0018A99B,not first visit,2025-02-16 11:44:05.378396,treatment,SCARE,1.0,2025-02-16,2025-02-16 11:44:06.863,0.1370000839233398,0.0739998817443847,0.0690000057220459,0.0740001201629638,0.9854008562180224,1.82432723968838,1.95652157687962,1.824321361947812,1.5254233343031716,7.951910141933101,1.8488733037957423,-1.848952427330212,-2.1410746051213287,bluti,M,5,11,4.0
1359,3B0018A99B,not first visit,2025-02-16 11:45:11.258470,treatment,SCARE,1.0,2025-02-16,2025-02-16 11:45:14.720,0.1480000019073486,0.0729999542236328,0.0740001201629638,0.0739998817443847,0.9121621504066808,1.8493162281503928,1.824321361947812,1.82432723968838,1.4634148005618668,8.481034061276315,-0.3400660347537917,7.94289255684788e-05,-1.7111847490221712,bluti,M,5,11,5.0
1360,3B00182DFC,not first visit,2025-02-16 11:45:41.881003,treatment,nah,0.0,2025-02-16,2025-02-16 11:45:44.333,0.1490001678466797,0.0739998817443847,0.0740001201629638,0.0739998817443847,0.9060392478142322,1.82432723968838,1.824321361947812,1.82432723968838,1.4555254044279016,8.235764911784516,-7.94289255684788e-05,7.94289255684788e-05,-1.6671531247881055,bluti,F,6,11,3.0
1361,3B004CDB63,not first visit,2025-02-16 11:48:46.163468,treatment,SCARE,0.0,2025-02-16,2025-02-16 11:48:46.425,0.5810000896453857,0.0729999542236328,0.0669999122619628,0.0680000782012939,0.2323579675906719,1.8493162281503928,2.014928011728786,1.985291834523672,0.684410616606624,4.944826153203016,2.3658848788321127,-0.4390545081287317,1.4850593428170331,bluti,M,5,11,2.0
1362,3B0018F763,not first visit,2025-02-16 11:58:19.592424,treatment,nah,0.0,2025-02-16,2025-02-16 11:58:20.423,0.1429998874664306,0.0740001201629638,0.0729999542236328,0.0639998912811279,0.9440566869795012,1.824321361947812,1.8493162281503928,2.109378583269693,1.5254243616743997,8.113038193728356,0.3400660347537917,3.796535013030542,-1.6593113311231478,bluti,M,5,11,5.0
1363,3B0018C2F6,not first visit,2025-02-16 12:01:09.654986,treatment,nah,0.0,2025-02-16,2025-02-16 12:01:12.066,0.1419999599456787,0.0690000057220459,0.1419999599456787,0.0710000991821289,0.950704493519882,1.95652157687962,0.950704493519882,1.90140579457078,1.2735848311810998,9.533812767947682,-9.533812767947682,8.926770301790794,-1.0929391118797118,greti,F,6,11,0.0
1364,3B001877B5,not first visit,2025-02-16 12:02:48.588384,treatment,SCARE,1.0,2025-02-16,2025-02-16 12:02:49.876,0.1410000324249267,0.0740001201629638,0.0739998817443847,0.0740001201629638,0.9574465883323724,1.824321361947812,1.82432723968838,1.824321361947812,1.4876026726514302,8.063945659397309,7.94289255684788e-05,-7.94289255684788e-05,-1.923022259520886,greti,M,5,11,4.0
1365,3B004CDB63,not first visit,2025-02-16 12:04:52.879453,treatment,nah,0.0,2025-02-16,2025-02-16 12:04:53.586,0.2170000076293945,0.0690000057220459,0.0690000057220459,0.0680000782012939,0.6221197937954039,1.95652157687962,1.95652157687962,1.985291834523672,1.27659545110983,9.331480564964073,0.0,0.4200035039416624,-0.2326036137182467,bluti,M,5,11,2.0
1366,3B0018C2F6,not first visit,2025-02-16 12:05:01.588606,treatment,nah,0.0,2025-02-16,2025-02-16 12:05:03.088,0.1480000019073486,0.0739998817443847,0.0740001201629638,0.0779998302459716,0.9121621504066808,1.82432723968838,1.824321361947812,1.7307729975088262,1.4438509079990745,8.217707813871431,-7.94289255684788e-05,-1.2308999336816453,-1.76410224020128,greti,F,6,11,0.0
1367,3B004ACEEA,not first visit,2025-02-16 12:05:24.116824,treatment,SCARE,0.0,2025-02-16,2025-02-16 12:05:25.107,0.1480000019073486,0.0739998817443847,0.0740001201629638,0.0789999961853027,0.9121621504066808,1.82432723968838,1.824321361947812,1.7088608420099594,1.4400000000000002,8.217707813871431,-7.94289255684788e-05,-1.5092866945935626,-1.779330925026683,bluti,M,5,11,2.0
1368,3B004ACEEA,not first visit,2025-02-16 12:05:24.116824,treatment,SCARE,0.0,2025-02-16,2025-02-16 12:05:26.183,1.176999807357788,0.0740001201629638,0.0739998817443847,0.0789999961853027,0.1146984044993664,1.824321361947812,1.82432723968838,1.7088608420099594,0.3846154379108009,2.733210322140624,7.94289255684788e-05,-1.5093658797752028,1.5610536013703673,bluti,M,5,11,2.0
1369,3B001877B5,not first visit,2025-02-16 12:08:00.308405,treatment,SCARE,1.0,2025-02-16,2025-02-16 12:08:02.212,0.1420001983642578,0.0679998397827148,0.0740001201629638,0.0739998817443847,0.95070289728539,1.9852987952821064,1.824321361947812,1.82432723968838,1.508379719505235,9.853292476762634,-2.267288432980896,7.94289255684788e-05,-1.97848434945318,greti,M,5,11,5.0
1370,3B00182A81,not first visit,2025-02-16 12:08:38.708032,treatment,nah,0.0,2025-02-16,2025-02-16 12:08:38.985,0.1480000019073486,0.0690000057220459,0.0730001926422119,0.0739998817443847,0.9121621504066808,1.95652157687962,1.8493101882848608,1.82432723968838,1.483516149252617,9.625432163638978,-1.5100174482818842,-0.3399038905351528,-1.7810547562315016,bluti,F,6,11,1.0
1371,3B004CD4DE,not first visit,2025-02-16 12:08:45.044076,treatment,nah,0.0,2025-02-16,2025-02-16 12:08:45.170,0.1469998359680175,0.064000129699707,0.1470000743865966,0.0689997673034668,0.9183683717128204,2.109370725238046,0.918366882216416,1.9565283373530613,1.2646375728866026,11.289123671240535,-11.289125033589857,9.612613111321584,-0.9223693279749507,bluti,M,5,11,2.0
1372,3B0018C2F6,not first visit,2025-02-16 12:09:02.342785,treatment,nah,0.0,2025-02-16,2025-02-16 12:09:04.081,0.1480000019073486,0.0690000057220459,0.0729999542236328,0.0690000057220459,0.9121621504066808,1.95652157687962,1.8493162281503928,1.95652157687962,1.5041784088380914,9.625432163638978,-1.5099349150554262,1.5099349150554262,-1.6848448198007395,greti,F,6,11,0.0
1373,3B0018C2F6,not first visit,2025-02-16 12:09:02.342785,treatment,nah,0.0,2025-02-16,2025-02-16 12:09:05.212,1.368000030517578,0.1590001583099365,0.0690000057220459,0.0729999542236328,0.0986842083248515,0.8490557584027472,1.95652157687962,1.8493162281503928,0.3235470053114912,0.9828047901605798,9.71460545371822,-1.5099349150554262,1.7452738538200243,greti,F,6,11,0.0
1374,0700ED9568,not first visit,2025-02-16 12:09:14.582994,treatment,SCARE,1.0,2025-02-16,2025-02-16 12:09:15.817,0.1480000019073486,0.0740001201629638,0.0739998817443847,0.0730001926422119,0.9121621504066808,1.824321361947812,1.82432723968838,1.8493101882848608,1.4634138550196132,8.217646035818213,7.94289255684788e-05,0.3399038905351528,-1.679362153786497,greti,M,6,11,1.0
1375,0700ED9568,not first visit,2025-02-16 12:09:14.582994,treatment,SCARE,1.0,2025-02-16,2025-02-16 12:09:17.774,2.625,0.0740001201629638,0.0789999961853027,0.0729999542236328,0.0514285714285714,1.824321361947812,1.7088608420099594,1.8493162281503928,0.1894072208464302,1.3137404309653715,-1.5092866945935626,1.8480977890131889,1.8150761694097195,greti,M,6,11,2.0
1376,3B004CD4DE,not first visit,2025-02-16 12:09:35.009131,treatment,nah,0.0,2025-02-16,2025-02-16 12:09:36.855,0.1429998874664306,0.0740001201629638,0.0739998817443847,0.0680000782012939,0.9440566869795012,1.824321361947812,1.82432723968838,1.985291834523672,1.5041784088380914,8.113038193728356,7.94289255684788e-05,2.267107609000283,-1.7387978846266263,bluti,M,5,11,2.0
1377,3B00182A81,not first visit,2025-02-16 12:10:25.352354,treatment,nah,0.0,2025-02-16,2025-02-16 12:10:26.103,0.1480000019073486,0.0740001201629638,0.0789999961853027,0.0739998817443847,0.9121621504066808,1.824321361947812,1.7088608420099594,1.82432723968838,1.4400000000000002,8.217646035818213,-1.5092866945935626,1.5093658797752028,-1.6308316595760388,bluti,F,6,11,1.0
1378,3B00182A81,not first visit,2025-02-16 12:14:08.821101,treatment,nah,0.0,2025-02-16,2025-02-16 12:14:09.997,0.1489999294281005,0.0740001201629638,0.0639998912811279,0.6649999618530273,0.9060406975906912,1.824321361947812,2.109378583269693,0.2030075304422898,0.5672269487152067,8.235699194157634,4.131263734530435,-5.23009996402998,-1.4594525960453062,bluti,F,6,11,1.0
1379,3B0018F763,not first visit,2025-02-16 12:14:11.433775,treatment,SCARE,0.0,2025-02-16,2025-02-16 12:14:12.180,0.1480000019073486,0.0690000057220459,0.0739998817443847,0.0740001201629638,0.9121621504066808,1.95652157687962,1.82432723968838,1.824321361947812,1.4794520161393043,9.625432163638978,-1.8488733037957423,-7.94289255684788e-05,-1.7668689346950317,bluti,M,5,11,5.0
1380,3B004CDB63,not first visit,2025-02-16 12:15:09.803042,treatment,SCARE,0.0,2025-02-16,2025-02-16 12:15:11.410,0.1439998149871826,0.0740001201629638,0.0680000782012939,0.0739998817443847,0.9375012045120774,1.824321361947812,1.985291834523672,1.82432723968838,1.5000004371008555,8.135967167374995,2.267186587485454,-2.267107609000283,-1.9107366247434443,bluti,M,5,11,2.0
1381,3B0018C2F6,not first visit,2025-02-16 12:17:08.687184,treatment,SCARE,0.0,2025-02-16,2025-02-16 12:17:09.951,0.1380000114440918,0.0740001201629638,0.0739998817443847,0.0690000057220459,0.9782607884398098,1.824321361947812,1.82432723968838,1.95652157687962,1.5211266788360878,7.981698568717722,7.94289255684788e-05,1.8488733037957423,-1.9331831850892989,greti,F,6,11,0.0
1382,01103F97C4,not first visit,2025-02-16 12:17:39.453214,treatment,nah,0.0,2025-02-16,2025-02-16 12:17:42.125,0.1480000019073486,0.0690000057220459,0.0739998817443847,0.0740001201629638,0.9121621504066808,1.95652157687962,1.82432723968838,1.824321361947812,1.4794520161393043,9.625432163638978,-1.8488733037957423,-7.94289255684788e-05,-1.7668689346950317,greti,M ,5,11,2.0
1383,01103F97C4,not first visit,2025-02-16 12:19:00.904118,treatment,nah,0.0,2025-02-16,2025-02-16 12:19:02.206,0.1480000019073486,0.0690000057220459,0.0739998817443847,0.0740001201629638,0.9121621504066808,1.95652157687962,1.82432723968838,1.824321361947812,1.4794520161393043,9.625432163638978,-1.8488733037957423,-7.94289255684788e-05,-1.7668689346950317,greti,M ,5,11,2.0
1384,01103F97C4,not first visit,2025-02-16 12:19:00.904118,treatment,nah,0.0,2025-02-16,2025-02-16 12:19:04.142,0.1480000019073486,0.0789999961853027,0.0789999961853027,0.0740001201629638,0.9121621504066808,1.7088608420099594,1.7088608420099594,1.824321361947812,1.4210522036144246,7.019371791167163,0.0,1.5092866945935626,-1.5666153269411252,greti,M ,5,11,2.0
1385,3B004ACEEA,not first visit,2025-02-16 12:19:25.094344,treatment,SCARE,0.0,2025-02-16,2025-02-16 12:19:25.564,0.1440000534057617,0.0740001201629638,0.0739998817443847,0.0740001201629638,0.9374996523063678,1.824321361947812,1.82432723968838,1.824321361947812,1.475409128691252,8.135972509782151,7.94289255684788e-05,-7.94289255684788e-05,-1.823535948447752,bluti,M,5,11,2.0
1386,3B0018D520,not first visit,2025-02-16 12:21:24.226305,treatment,nah,0.0,2025-02-16,2025-02-16 12:21:26.608,1.1540000438690186,0.0749998092651367,0.0740001201629638,0.0739998817443847,0.1169843976325903,1.8000045776483604,1.824321361947812,1.82432723968838,0.3921569040279412,2.7388452093363345,0.3263999438494475,7.94289255684788e-05,1.6710055959723542,bluti,F,6,11,0.0
1387,3B004CDB63,not first visit,2025-02-16 12:25:00.508992,treatment,nah,0.0,2025-02-16,2025-02-16 12:25:01.692,0.1520001888275146,0.0739998817443847,0.0690000057220459,0.0740001201629638,0.8881567913918452,1.82432723968838,1.95652157687962,1.824321361947812,1.4634138550196132,8.284691645693115,1.8488733037957423,-1.848952427330212,-1.6450405357538531,bluti,M,5,11,2.0
1388,01103F97C4,not first visit,2025-02-16 12:25:34.984135,treatment,nah,0.0,2025-02-16,2025-02-16 12:25:36.933,0.1480000019073486,0.1469998359680175,0.0740001201629638,0.0739998817443847,0.9121621504066808,0.9183683717128204,1.824321361947812,1.82432723968838,1.2189620661372302,0.0420760997757674,8.198671222342279,7.94289255684788e-05,-0.9231499614197952,greti,M ,5,11,2.0
1389,01103F97C4,not first visit,2025-02-16 12:25:34.984135,treatment,nah,0.0,2025-02-16,2025-02-16 12:25:38.649,1.5130000114440918,0.0740001201629638,0.0729999542236328,0.0690000057220459,0.0892267012418251,1.824321361947812,1.8493162281503928,1.95652157687962,0.3123192431499823,2.18663455175516,0.3400660347537917,1.5099349150554262,1.861397170323772,greti,M ,5,11,2.0
1390,3B004ACEEA,not first visit,2025-02-16 12:25:53.384199,treatment,nah,0.0,2025-02-16,2025-02-16 12:25:53.955,0.1480000019073486,0.0740001201629638,0.0739998817443847,0.0740001201629638,0.9121621504066808,1.824321361947812,1.82432723968838,1.824321361947812,1.4594589704315957,8.217646035818213,7.94289255684788e-05,-7.94289255684788e-05,-1.6975393667469552,bluti,M,5,11,2.0
1391,3B00182A81,not first visit,2025-02-16 12:26:49.483949,treatment,nah,0.0,2025-02-16,2025-02-16 12:26:49.872,0.1480000019073486,0.1909999847412109,0.0740001201629638,0.0679998397827148,0.9121621504066808,0.706806339188528,1.824321361947812,1.9852987952821064,1.1226612473109752,-1.211538756967827,8.434072304713862,2.267288432980896,-0.4601759699662748,bluti,F,6,11,1.0
1392,3B00182A81,not first visit,2025-02-16 12:26:49.483949,treatment,nah,0.0,2025-02-16,2025-02-16 12:26:51.396,1.6590001583099363,0.0699999332427978,0.0690000057220459,0.0739998817443847,0.0813743141155138,1.9285732678022216,1.95652157687962,1.82432723968838,0.2884615416945321,2.136725108010636,0.4021341201375167,-1.8488733037957423,1.7433980328915044,bluti,F,6,11,1.0
1393,3B00182A81,not first visit,2025-02-16 12:28:00.776972,treatment,nah,0.0,2025-02-16,2025-02-16 12:28:01.633,0.1440000534057617,0.0740001201629638,0.0739998817443847,0.0740001201629638,0.9374996523063678,1.824321361947812,1.82432723968838,1.824321361947812,1.475409128691252,8.135972509782151,7.94289255684788e-05,-7.94289255684788e-05,-1.823535948447752,bluti,F,6,11,1.0
1394,3B0018A99B,not first visit,2025-02-16 12:28:12.500064,treatment,nah,0.0,2025-02-16,2025-02-16 12:28:15.233,0.1380000114440918,0.0669999122619628,0.062000036239624,0.0710000991821289,0.9782607884398098,2.014928011728786,2.177418082115925,1.90140579457078,1.597632856613822,10.113830332692542,2.519226903181909,-4.150556488831996,-2.288147834799374,bluti,M,5,11,6.0
1395,3B001870F2,not first visit,2025-02-16 12:28:43.412630,treatment,nah,0.0,2025-02-16,2025-02-16 12:28:44.981,0.1490001678466797,0.0679998397827148,0.0740001201629638,0.0739998817443847,0.9060392478142322,1.9852987952821064,1.824321361947812,1.82432723968838,1.4794520161393043,9.9470922536657,-2.267288432980896,7.94289255684788e-05,-1.7497922962128754,bluti,M,5,11,3.0
1396,3B001877B5,not first visit,2025-02-16 12:28:57.312234,treatment,SCARE,1.0,2025-02-16,2025-02-16 12:28:58.912,0.1460001468658447,0.0789999961853027,0.0690000057220459,0.0739998817443847,0.9246566041063478,1.7088608420099594,1.95652157687962,1.82432723968838,1.4673911826597146,6.970699905069347,3.346766644296417,-1.8488733037957423,-1.7596128610939847,greti,M,5,11,6.0
1397,3B0018C2F6,not first visit,2025-02-16 12:29:34.266768,treatment,nah,0.0,2025-02-16,2025-02-16 12:29:36.241,0.1470000743865966,0.0690000057220459,0.0739998817443847,0.0680000782012939,0.918366882216416,1.95652157687962,1.82432723968838,1.985291834523672,1.508379719505235,9.612539904068909,-1.8488733037957423,2.267107609000283,-1.6808439542020708,greti,F,6,11,0.0
1398,3B0018C2F6,not first visit,2025-02-16 12:29:34.266768,treatment,nah,0.0,2025-02-16,2025-02-16 12:29:37.978,1.2030000686645508,0.1349999904632568,0.0720000267028808,0.0629999637603759,0.112219444966336,1.000000070642547,1.874999304612736,2.142858375498125,0.3665987656618988,1.327026287659392,8.454098177855863,3.968282811964984,2.00926380346582,greti,F,6,11,0.0
1399,3B004CDB63,not first visit,2025-02-16 12:30:10.301099,treatment,SCARE,0.0,2025-02-16,2025-02-16 12:30:10.974,0.1449999809265136,0.0770001411437988,0.0729999542236328,0.0669999122619628,0.9310346052281092,1.7532435394876178,1.8493162281503928,2.014928011728786,1.4917127543406017,7.407283623016174,1.2809683677525867,2.3658848788321127,-1.6219253188168,bluti,M,5,11,2.0
1400,3B004CD4DE,not first visit,2025-02-16 12:35:54.332575,treatment,SCARE,0.0,2025-02-16,2025-02-16 12:35:54.622,0.1430001258850097,0.0739998817443847,0.0680000782012939,0.0739998817443847,0.9440551129903,1.82432723968838,1.985291834523672,1.82432723968838,1.5041784088380914,8.113106873262982,2.267107609000283,-2.267107609000283,-1.944356391313528,bluti,M,5,11,2.0
1401,3B004CD4DE,not first visit,2025-02-16 12:37:07.670838,treatment,nah,0.0,2025-02-16,2025-02-16 12:37:08.037,0.0759999752044677,0.0750000476837158,0.0469999313354492,0.0510001182556152,1.776316369009339,1.799998855591548,2.8723446218777267,2.647052685708944,2.1686740675346763,0.3136752714235779,17.579441814784627,-4.597792289062784,-6.928775467602983,bluti,M,5,11,2.0
1402,3B0019248A,not first visit,2025-02-16 12:37:12.491351,treatment,nah,0.0,2025-02-16,2025-02-16 12:37:15.997,0.0850000381469726,0.059000015258789,0.0509998798370361,3.450000047683716,1.588234581337163,2.288135001454757,2.6470650603761414,0.0391304342417726,0.1481481489233749,9.720835563101115,6.52600729498344,-1.489822725007132,-0.8068001296865412,bluti,M,6,11,0.0
1403,3B004AB6A7,first visit,2025-02-16 12:37:24.051098,treatment,SCARE,0.0,2025-02-16,2025-02-16 12:37:24.763,0.1440000534057617,0.0720000267028808,0.0720000267028808,0.0719997882843017,0.9374996523063678,1.874999304612736,1.874999304612736,1.875005513445854,1.5000004371008555,8.680549116785782,0.0,8.623390410715187e-05,-1.8452315821871663,bluti,M,5,11,0.0
1404,3B004AB6A7,first visit,2025-02-16 12:37:24.051098,treatment,SCARE,0.0,2025-02-16,2025-02-16 12:37:26.173,0.1439998149871826,0.0720000267028808,0.0740001201629638,0.0720000267028808,0.9375012045120774,1.874999304612736,1.824321361947812,1.874999304612736,1.4917127543406017,8.680544326008045,-0.6942176943354693,0.6942176943354693,-1.815949335523918,bluti,M,5,11,0.0
1405,3B004ACEEA,not first visit,2025-02-16 12:37:27.433722,treatment,nah,0.0,2025-02-16,2025-02-16 12:37:27.628,0.0720000267028808,0.0669999122619628,0.0720000267028808,0.0729999542236328,1.874999304612736,2.014928011728786,1.874999304612736,1.8493162281503928,1.901408987039764,2.013363576388933,-2.013363576388933,-0.3542493771134822,-7.015931669013287,bluti,M,5,11,2.0
1406,3B004ACEEA,not first visit,2025-02-16 12:37:27.433722,treatment,nah,0.0,2025-02-16,2025-02-16 12:37:27.983,0.6459999084472656,0.0720000267028808,0.0720000267028808,0.0720000267028808,0.2089783577903097,1.874999304612736,1.874999304612736,1.874999304612736,0.6264501243261633,4.6407272905227535,0.0,0.0,1.4595353899536303,bluti,M,5,11,2.0
1407,3B004CDB63,not first visit,2025-02-16 12:37:45.471519,treatment,SCARE,0.0,2025-02-16,2025-02-16 12:37:46.073,0.1430001258850097,0.0720000267028808,0.0719997882843017,0.0670001506805419,0.9440551129903,1.874999304612736,1.875005513445854,2.0149208416512763,1.5254233343031716,8.659939822525212,8.623390410715187e-05,2.0131710739932047,-1.7764658658264674,bluti,M,5,11,2.0
1408,3B0019248A,not first visit,2025-02-16 12:39:09.613798,treatment,nah,0.0,2025-02-16,2025-02-16 12:39:10.562,0.1399998664855957,0.0730001926422119,0.0729999542236328,0.062000036239624,0.9642866339011108,1.8493101882848608,1.8493162281503928,2.177418082115925,1.55172391680563,8.31007801601317,8.273780078283309e-05,4.860768550273817,-1.726574834555815,bluti,M,6,11,0.0
1409,3B004ACEEA,not first visit,2025-02-16 12:39:46.008611,treatment,SCARE,0.0,2025-02-16,2025-02-16 12:39:46.370,0.1450002193450927,0.0749998092651367,0.063000202178955,0.0739998817443847,0.9310330743618204,1.8000045776483604,2.142850266044005,1.82432723968838,1.5126045652134714,7.899739911635039,4.968777680638707,-4.649968339199833,-1.9374216135455915,bluti,M,5,11,2.0
1410,3B00182A81,not first visit,2025-02-16 12:39:55.722638,treatment,SCARE,0.0,2025-02-16,2025-02-16 12:39:56.570,0.1570000648498535,0.0750000476837158,0.0729999542236328,0.0739998817443847,0.8598722562892366,1.799998855591548,1.8493162281503928,1.82432723968838,1.4248023044196771,8.104535717984012,0.6664509719360568,-0.3399866169571803,-1.4389453872710818,bluti,F,6,11,1.0
1411,3B0018F763,not first visit,2025-02-16 12:39:58.537284,treatment,nah,0.0,2025-02-16,2025-02-16 12:40:00.364,0.1480000019073486,0.0699999332427978,0.0739998817443847,0.0690000057220459,0.9121621504066808,1.9285732678022216,1.82432723968838,1.95652157687962,1.4958456103551647,9.324875410586632,-1.4478633618122418,1.8488733037957423,-1.6560043834752074,bluti,M,5,11,5.0
1412,3B0018F763,not first visit,2025-02-16 12:41:31.194828,treatment,nah,0.0,2025-02-16,2025-02-16 12:41:32.109,0.1430001258850097,0.0739998817443847,0.0680000782012939,0.0739998817443847,0.9440551129903,1.82432723968838,1.985291834523672,1.82432723968838,1.5041784088380914,8.113106873262982,2.267107609000283,-2.267107609000283,-1.944356391313528,bluti,M,5,11,5.0
1413,3B00182DFC,not first visit,2025-02-16 12:41:47.407054,treatment,SCARE,0.0,2025-02-16,2025-02-16 12:41:48.163,0.1469998359680175,0.0740001201629638,0.0690000057220459,0.0729999542236328,0.9183683717128204,1.824321361947812,1.95652157687962,1.8493162281503928,1.4876036497098255,8.198671222342279,1.848952427330212,-1.5099349150554262,-1.7805979835262449,bluti,F,6,11,3.0
1414,3B0018D520,not first visit,2025-02-16 12:42:44.518631,treatment,nah,0.0,2025-02-16,2025-02-16 12:42:44.883,0.1480000019073486,0.0740001201629638,0.0690000057220459,0.0739998817443847,0.9121621504066808,1.824321361947812,1.95652157687962,1.82432723968838,1.4794520161393043,8.217646035818213,1.848952427330212,-1.8488733037957423,-1.7668613715090706,bluti,F,6,11,0.0
1415,3B0018F763,not first visit,2025-02-16 12:42:52.830502,treatment,SCARE,0.0,2025-02-16,2025-02-16 12:42:54.019,0.1380000114440918,0.0739998817443847,0.0740001201629638,0.0729999542236328,0.9782607884398098,1.82432723968838,1.824321361947812,1.8493162281503928,1.5041784088380914,7.981762995478329,-7.94289255684788e-05,0.3400660347537917,-2.009700921055676,bluti,M,5,11,5.0
1416,3B0018C2F6,not first visit,2025-02-16 12:43:36.608816,treatment,nah,0.0,2025-02-16,2025-02-16 12:43:37.247,0.0740001201629638,0.0739998817443847,0.064000129699707,0.0729999542236328,1.824321361947812,1.82432723968838,2.109370725238046,1.8493162281503928,1.8947362714858995,7.94289255684788e-05,4.131064665384407,-3.796413690274368,-6.7763147052757775,greti,F,6,11,0.0
1417,01103F97C4,not first visit,2025-02-16 12:46:19.711113,treatment,SCARE,0.0,2025-02-16,2025-02-16 12:46:21.139,0.1380000114440918,0.0740001201629638,0.0739998817443847,0.0740001201629638,0.9782607884398098,1.824321361947812,1.82432723968838,1.824321361947812,1.4999994436901884,7.981698568717722,7.94289255684788e-05,-7.94289255684788e-05,-2.0270980382759145,greti,M ,5,11,2.0
1418,3B0018A99B,not first visit,2025-02-16 12:47:39.619782,treatment,nah,0.0,2025-02-16,2025-02-16 12:47:40.988,0.1480000019073486,0.0740001201629638,0.0739998817443847,0.0740001201629638,0.9121621504066808,1.824321361947812,1.82432723968838,1.824321361947812,1.4594589704315957,8.217646035818213,7.94289255684788e-05,-7.94289255684788e-05,-1.6975393667469552,bluti,M,5,11,6.0
1419,3B001877B5,not first visit,2025-02-16 12:49:00.307052,treatment,nah,0.0,2025-02-16,2025-02-16 12:49:03.058,0.1480000019073486,0.1419999599456787,0.0739998817443847,0.0690000057220459,0.9121621504066808,0.950704493519882,1.82432723968838,1.95652157687962,1.247113597957859,0.2658092978145589,8.089105430197979,1.8488733037957423,-0.8544571124563007,greti,M,5,11,7.0
1420,01103F97C4,not first visit,2025-02-16 12:49:33.566043,treatment,SCARE,1.0,2025-02-16,2025-02-16 12:49:34.677,0.1480000019073486,0.0739998817443847,0.0740001201629638,0.0739998817443847,0.9121621504066808,1.82432723968838,1.824321361947812,1.82432723968838,1.4594599108700863,8.217707813871431,-7.94289255684788e-05,7.94289255684788e-05,-1.6975351100048686,greti,M ,5,11,2.0
1421,3B0018C2F6,not first visit,2025-02-16 12:50:06.561472,treatment,SCARE,1.0,2025-02-16,2025-02-16 12:50:07.807,0.1490001678466797,0.0729999542236328,0.0699999332427978,0.0740001201629638,0.9060392478142322,1.8493162281503928,1.9285732678022216,1.824321361947812,1.475409128691252,8.497986141083327,1.1084909373853016,-1.4479425998634807,-1.7357538277347306,greti,F,6,11,0.0
1422,3B004CD4DE,not first visit,2025-02-16 12:50:24.422700,treatment,nah,0.0,2025-02-16,2025-02-16 12:50:24.737,0.2269999980926513,0.0740001201629638,0.0759999752044677,0.0739998817443847,0.5947136613846974,1.824321361947812,1.776316369009339,1.82432723968838,1.1973393119482607,8.170147624453142,-0.6400661655698638,0.6401455528775826,-0.1547529318622822,bluti,M,5,11,2.0
1423,3B004CD4DE,not first visit,2025-02-16 12:50:24.422700,treatment,nah,0.0,2025-02-16,2025-02-16 12:50:25.792,1.2949998378753662,0.0690000057220459,0.0740001201629638,0.0739998817443847,0.1042471172980893,1.95652157687962,1.824321361947812,1.82432723968838,0.3571428936355005,2.715945266821062,-1.848952427330212,7.94289255684788e-05,1.698348848026477,bluti,M,5,11,2.0
1424,3B00182A81,not first visit,2025-02-16 12:53:31.377798,treatment,nah,0.0,2025-02-16,2025-02-16 12:53:32.424,0.1459999084472656,0.0720000267028808,0.0729999542236328,0.0720000267028808,0.9246581140751968,1.874999304612736,1.8493162281503928,1.874999304612736,1.4876036497098255,8.718729112309099,-0.3542493771134822,0.3542493771134822,-1.765387709361087,bluti,F,6,11,1.0
1425,3B004CD4DE,not first visit,2025-02-16 12:54:02.788022,treatment,SCARE,1.0,2025-02-16,2025-02-16 12:54:03.410,0.1579999923706054,0.0720000267028808,0.0729999542236328,0.0720000267028808,0.8544304210049797,1.874999304612736,1.8493162281503928,1.874999304612736,1.4400000000000002,8.87451129542453,-0.3542493771134822,0.3542493771134822,-1.4112716659461175,bluti,M,5,11,2.0
1426,3B0018F763,not first visit,2025-02-16 12:54:38.660610,treatment,nah,0.0,2025-02-16,2025-02-16 12:54:39.606,0.1460001468658447,0.0739998817443847,0.0669999122619628,0.0670001506805419,0.9246566041063478,1.82432723968838,2.014928011728786,2.0149208416512763,1.5254233343031716,8.178822896209384,2.7035609999802626,-0.0001070160319703,-1.7210663013032566,bluti,M,5,11,5.0
1427,3B00182A81,not first visit,2025-02-16 12:55:05.356760,treatment,SCARE,1.0,2025-02-16,2025-02-16 12:55:06.170,0.1449999809265136,0.0729999542236328,0.0729999542236328,0.0670001506805419,0.9310346052281092,1.8493162281503928,1.8493162281503928,2.0149208416512763,1.508379719505235,8.42460455127954,0.0,2.365778420155234,-1.679661302637088,bluti,F,6,11,1.0
1428,3B0018F763,not first visit,2025-02-16 12:56:07.925215,treatment,nah,0.0,2025-02-16,2025-02-16 12:56:08.814,0.1480000019073486,0.0680000782012939,0.064000129699707,0.0690000057220459,0.9121621504066808,1.985291834523672,2.109370725238046,1.95652157687962,1.5472769814177083,9.936382278906876,1.8799802316589085,-2.2984810936279225,-1.8362490984533912,bluti,M,5,11,5.0
1429,3B00182A81,not first visit,2025-02-16 12:56:20.535510,treatment,nah,0.0,2025-02-16,2025-02-16 12:56:21.131,0.1480000019073486,0.0690000057220459,0.0739998817443847,0.0740001201629638,0.9121621504066808,1.95652157687962,1.82432723968838,1.824321361947812,1.4794520161393043,9.625432163638978,-1.8488733037957423,-7.94289255684788e-05,-1.7668689346950317,bluti,F,6,11,2.0
1430,3B001870F2,not first visit,2025-02-16 12:58:40.568390,treatment,SCARE,0.0,2025-02-16,2025-02-16 12:58:41.037,1.011000156402588,0.0679998397827148,0.0740001201629638,0.0690000057220459,0.1335311366126455,1.9852987952821064,1.824321361947812,1.95652157687962,0.4418984828619592,3.432377507351624,-2.267288432980896,1.848952427330212,1.7607281332087268,bluti,M,5,11,3.0
1431,3B004CDB63,not first visit,2025-02-16 12:59:10.417963,treatment,nah,0.0,2025-02-16,2025-02-16 12:59:11.925,0.1330001354217529,0.0739998817443847,0.0740001201629638,0.0679998397827148,1.0150365604659377,1.82432723968838,1.824321361947812,1.9852987952821064,1.54727803843663,7.819232967240845,-7.94289255684788e-05,2.267288432980896,-2.099355544016353,bluti,M,5,11,2.0
1432,3B004CD4DE,not first visit,2025-02-16 12:59:55.531080,treatment,SCARE,0.0,2025-02-16,2025-02-16 12:59:56.271,0.1480000019073486,0.0750000476837158,0.0690000057220459,0.0740001201629638,0.9121621504066808,1.799998855591548,1.95652157687962,1.824321361947812,1.475409128691252,7.962659262300384,2.1739258783053863,-1.848952427330212,-1.7527835048738205,bluti,M,5,11,3.0
1433,3B004CD4DE,not first visit,2025-02-16 12:59:55.531080,treatment,SCARE,0.0,2025-02-16,2025-02-16 12:59:58.140,1.128999948501587,0.0739998817443847,0.0740001201629638,0.0750000476837158,0.1195748504498804,1.82432723968838,1.824321361947812,1.799998855591548,0.3994082845871382,2.834168960589025,-7.94289255684788e-05,-0.3264762276146148,1.640565721658374,bluti,M,5,11,3.0
1434,3B001877B5,not first visit,2025-02-16 13:00:58.005607,treatment,nah,0.0,2025-02-16,2025-02-16 13:00:59.083,0.1480000019073486,0.0740001201629638,0.0729999542236328,0.0750000476837158,0.9121621504066808,1.824321361947812,1.8493162281503928,1.799998855591548,1.4594589704315957,8.217646035818213,0.3400660347537917,-0.6664509719360568,-1.7286734864798092,greti,M,5,11,7.0
1435,3B0018C2F6,not first visit,2025-02-16 13:01:25.889827,treatment,nah,0.0,2025-02-16,2025-02-16 13:01:27.361,0.1419999599456787,0.0739998817443847,0.0740001201629638,0.0739998817443847,0.950704493519882,1.82432723968838,1.824321361947812,1.82432723968838,1.4835171209503213,8.089105430197979,-7.94289255684788e-05,7.94289255684788e-05,-1.889363308724264,greti,F,6,11,1.0
1436,3B004CD4DE,not first visit,2025-02-16 13:07:29.115591,treatment,SCARE,0.0,2025-02-16,2025-02-16 13:07:29.639,0.1490001678466797,0.0679998397827148,0.0690000057220459,0.0690000057220459,0.9060392478142322,1.9852987952821064,1.95652157687962,1.95652157687962,1.5211266788360878,9.9470922536657,-0.4201058518928999,0.0,-1.726565810109434,bluti,M,5,11,3.0
1437,3B004C4B80,not first visit,2025-02-16 13:08:04.272578,treatment,SCARE,0.0,2025-02-16,2025-02-16 13:08:04.353,0.815000057220459,0.0740001201629638,0.0739998817443847,0.0740001201629638,0.165644160149405,1.824321361947812,1.82432723968838,1.824321361947812,0.5207327932858398,3.7315565148262624,7.94289255684788e-05,-7.94289255684788e-05,1.5447532019127193,bluti,M,6,11,0.0
1438,3B004CDB63,not first visit,2025-02-16 13:08:55.042095,treatment,nah,0.0,2025-02-16,2025-02-16 13:08:55.779,0.1480000019073486,0.0690000057220459,0.0690000057220459,0.0729999542236328,0.9121621504066808,1.95652157687962,1.95652157687962,1.8493162281503928,1.5041784088380914,9.625432163638978,0.0,-1.5099349150554262,-1.8213565642583427,bluti,M,5,11,2.0
1439,3B0018A99B,not first visit,2025-02-16 13:09:10.928340,treatment,nah,0.0,2025-02-16,2025-02-16 13:09:12.065,0.1429998874664306,0.0729999542236328,0.0740001201629638,0.0690000057220459,0.9440566869795012,1.8493162281503928,1.824321361947812,1.95652157687962,1.5041784088380914,8.382038931952945,-0.3400660347537917,1.848952427330212,-1.7749274693282242,bluti,M,5,11,6.0
1440,3B0018C2F6,not first visit,2025-02-16 13:10:10.413369,treatment,nah,0.0,2025-02-16,2025-02-16 13:10:12.479,0.1480000019073486,0.0739998817443847,0.0740001201629638,0.0679998397827148,0.9121621504066808,1.82432723968838,1.824321361947812,1.9852987952821064,1.4835171209503213,8.217707813871431,-7.94289255684788e-05,2.267288432980896,-1.577835679914525,greti,F,6,11,1.0
1441,3B0018A99B,not first visit,2025-02-16 13:10:18.690086,treatment,nah,0.0,2025-02-16,2025-02-16 13:10:19.670,0.1480000019073486,0.0729999542236328,0.0739998817443847,0.0789999961853027,0.9121621504066808,1.8493162281503928,1.82432723968838,1.7088608420099594,1.4438509079990745,8.481034061276315,-0.3399866169571803,-1.5093658797752028,-1.792723526964619,bluti,M,5,11,6.0
1442,3B004ACEEA,not first visit,2025-02-16 13:10:52.762907,treatment,nah,0.0,2025-02-16,2025-02-16 13:10:54.201,0.1480000019073486,0.0740001201629638,0.0679998397827148,0.0740001201629638,0.9121621504066808,1.824321361947812,1.9852987952821064,1.824321361947812,1.483516149252617,8.217646035818213,2.267288432980896,-2.267288432980896,-1.7810623327664985,bluti,M,5,11,2.0
1443,3B0018A99B,not first visit,2025-02-16 13:11:54.811466,treatment,nah,0.0,2025-02-16,2025-02-16 13:11:56.128,0.1429998874664306,0.0740001201629638,0.0690000057220459,0.0680000782012939,0.9440566869795012,1.824321361947812,1.95652157687962,1.985291834523672,1.5254233343031716,8.113038193728356,1.848952427330212,0.4200035039416624,-1.813727376560503,bluti,M,5,11,6.0
1444,3B004CD4DE,not first visit,2025-02-16 13:14:58.089283,treatment,SCARE,0.0,2025-02-16,2025-02-16 13:14:58.706,0.1529998779296875,0.0740001201629638,0.0690000057220459,0.0779998302459716,0.8823536451580732,1.824321361947812,1.95652157687962,1.7307729975088262,1.4438509079990745,8.299275107529027,1.848952427330212,-3.07141267041834,-1.682587596371229,bluti,M,5,11,3.0
1445,3B004CD4DE,not first visit,2025-02-16 13:19:06.292547,treatment,SCARE,0.0,2025-02-16,2025-02-16 13:19:07.891,0.1480000019073486,0.0629999637603759,0.0789999961853027,0.0690000057220459,0.9121621504066808,2.142858375498125,1.7088608420099594,1.95652157687962,1.5041784088380914,11.665368960576057,-6.112643040944363,3.346766644296417,-1.6848448198007395,bluti,M,5,11,3.0
1446,3B001877B5,not first visit,2025-02-16 13:20:05.216568,treatment,nah,0.0,2025-02-16,2025-02-16 13:20:06.540,0.1519999504089355,0.0730001926422119,0.0739998817443847,0.0740001201629638,0.8881581845046697,1.8493101882848608,1.82432723968838,1.824321361947812,1.4477206169989183,8.543567935080825,-0.3399038905351528,-7.94289255684788e-05,-1.5916702144528612,greti,M,5,11,7.0
1447,3B00182DFC,not first visit,2025-02-16 13:20:26.599412,treatment,nah,0.0,2025-02-16,2025-02-16 13:20:27.492,0.1419999599456787,0.0729999542236328,0.0690000057220459,0.0739998817443847,0.950704493519882,1.8493162281503928,1.95652157687962,1.82432723968838,1.5083807240469913,8.359182263885543,1.5099349150554262,-1.8488733037957423,-1.9784925477169284,bluti,F,6,11,3.0
1448,3B004CDB63,not first visit,2025-02-16 13:24:04.396919,treatment,SCARE,0.0,2025-02-16,2025-02-16 13:24:05.187,0.1449999809265136,0.0669999122619628,0.0680000782012939,0.0669999122619628,0.9310346052281092,2.014928011728786,1.985291834523672,2.014928011728786,1.556196487206812,10.225414647139011,-0.4390545081287317,0.4390545081287317,-1.848287126812902,bluti,M,5,11,2.0
1449,01103FD532,not first visit,2025-02-16 13:27:31.740432,treatment,SCARE,1.0,2025-02-16,2025-02-16 13:27:33.210,0.1410000324249267,0.0720000267028808,0.0729999542236328,0.0729999542236328,0.9574465883323724,1.874999304612736,1.8493162281503928,1.8493162281503928,1.5041784088380914,8.615516071099293,-0.3542493771134822,0.0,-1.950075383610288,greti,M,5,11,0.0
1450,3B0018F763,not first visit,2025-02-16 13:28:40.375300,treatment,SCARE,0.0,2025-02-16,2025-02-16 13:28:41.213,0.1449999809265136,0.0729999542236328,0.0729999542236328,0.0720000267028808,0.9310346052281092,1.8493162281503928,1.8493162281503928,1.874999304612736,1.4876036497098255,8.42460455127954,0.0,0.3542493771134822,-1.783291171612548,bluti,M,5,11,5.0
1451,3B0018F763,not first visit,2025-02-16 13:28:40.375300,treatment,SCARE,0.0,2025-02-16,2025-02-16 13:28:42.576,0.1459999084472656,0.0730001926422119,0.0729999542236328,0.0729999542236328,0.9246581140751968,1.8493101882848608,1.8493162281503928,1.8493162281503928,1.4794520161393043,8.444307282140258,8.273780078283309e-05,0.0,-1.7696968092808956,bluti,M,5,11,5.0
1452,01103FD532,not first visit,2025-02-16 13:28:49.780858,treatment,SCARE,1.0,2025-02-16,2025-02-16 13:28:52.384,0.0669999122619628,0.0729999542236328,0.0670001506805419,0.0679998397827148,2.014928011728786,1.8493162281503928,2.0149208416512763,1.9852987952821064,1.9636373850930224,-2.3658848788321127,2.365778420155234,-0.4388451623962503,-7.725198539377287,greti,M,5,11,1.0
1453,3B004CD4DE,not first visit,2025-02-16 13:28:59.697410,treatment,nah,0.0,2025-02-16,2025-02-16 13:29:00.390,0.1459999084472656,0.0680000782012939,0.0619997978210449,0.0730001926422119,0.9246581140751968,1.985291834523672,2.177426455319444,1.8493101882848608,1.54727803843663,9.912465295526356,2.955920061996917,-4.860982077237804,-2.0114764404585275,bluti,M,5,11,3.0
1454,3B00186448,not first visit,2025-02-16 13:29:23.815650,treatment,SCARE,0.0,2025-02-16,2025-02-16 13:29:24.470,0.1449999809265136,0.0729999542236328,0.064000129699707,0.0729999542236328,0.9310346052281092,1.8493162281503928,2.109370725238046,1.8493162281503928,1.5211266788360878,8.42460455127954,3.796413690274368,-3.796413690274368,-1.9353764967375728,greti,M,5,11,1.0
1455,3B0018C2F6,not first visit,2025-02-16 13:29:34.543408,treatment,SCARE,0.0,2025-02-16,2025-02-16 13:29:35.956,0.1409997940063476,0.0730001926422119,0.0779998302459716,0.0670001506805419,0.9574482072925756,1.8493101882848608,1.7307729975088262,2.0149208416512763,1.5041784088380914,8.335159220892297,-1.5700287789202774,3.919281124408656,-1.7397780806874503,greti,F,6,11,1.0
1456,3B00182DFC,not first visit,2025-02-16 13:29:45.611548,treatment,SCARE,0.0,2025-02-16,2025-02-16 13:29:47.034,0.311000108718872,0.1510000228881836,0.0720000267028808,0.0679998397827148,0.4340834495399903,0.8940395995831624,1.874999304612736,1.9852987952821064,0.8970099696194531,1.991151597482132,8.797842931680496,1.5757085122751755,0.9329753420684236,bluti,F,6,11,3.0
1457,3B0018F763,not first visit,2025-02-16 13:30:35.135368,treatment,nah,0.0,2025-02-16,2025-02-16 13:30:35.862,0.1489999294281005,0.0740001201629638,0.0750000476837158,0.0739998817443847,0.9060406975906912,1.824321361947812,1.799998855591548,1.82432723968838,1.4516129850969153,8.235699194157634,-0.3264762276146148,0.3265556459014513,-1.6537550719620722,bluti,M,5,11,5.0
1458,3B00182DFC,not first visit,2025-02-16 13:31:21.887416,treatment,nah,0.0,2025-02-16,2025-02-16 13:31:22.812,0.1489999294281005,0.0729999542236328,0.0740001201629638,0.0739998817443847,0.9060406975906912,1.8493162281503928,1.824321361947812,1.82432723968838,1.4594599108700863,8.497982206508576,-0.3400660347537917,7.94289255684788e-05,-1.6806660592893956,bluti,F,6,11,3.0
1459,01103FD532,not first visit,2025-02-16 13:32:20.931963,treatment,SCARE,1.0,2025-02-16,2025-02-16 13:32:23.440,0.0739998817443847,0.0740001201629638,0.0679998397827148,0.0690000057220459,1.82432723968838,1.824321361947812,1.9852987952821064,1.95652157687962,1.8947378565405364,-7.94289255684788e-05,2.267288432980896,-0.4201058518928999,-6.588340543677521,greti,M,5,11,2.0
1460,3B00182DFC,not first visit,2025-02-16 13:32:27.654978,treatment,nah,0.0,2025-02-16,2025-02-16 13:32:28.280,0.1460001468658447,0.0639998912811279,0.0729999542236328,0.0740001201629638,0.9246566041063478,2.109378583269693,1.8493162281503928,1.824321361947812,1.5126045652134714,11.283064418628287,-3.796535013030542,-0.3400660347537917,-1.9192279605183349,bluti,F,6,11,3.0
1461,3B00186448,not first visit,2025-02-16 13:32:35.705729,treatment,nah,0.0,2025-02-16,2025-02-16 13:32:37.411,0.1480000019073486,0.0729999542236328,0.0740001201629638,0.0739998817443847,0.9121621504066808,1.8493162281503928,1.824321361947812,1.82432723968838,1.4634148005618668,8.481034061276315,-0.3400660347537917,7.94289255684788e-05,-1.7111847490221712,greti,M,5,11,1.0
1462,3B0018F763,not first visit,2025-02-16 13:33:13.045264,treatment,nah,0.0,2025-02-16,2025-02-16 13:33:14.972,0.1430001258850097,0.0739998817443847,0.0740001201629638,0.0739998817443847,0.9440551129903,1.82432723968838,1.824321361947812,1.82432723968838,1.4794520161393043,8.113106873262982,-7.94289255684788e-05,7.94289255684788e-05,-1.8561994345032669,bluti,M,5,11,5.0
1463,3B004CD4DE,not first visit,2025-02-16 13:33:49.543768,treatment,SCARE,1.0,2025-02-16,2025-02-16 13:33:52.190,0.1429998874664306,0.0740001201629638,0.0729999542236328,0.0739998817443847,0.9440566869795012,1.824321361947812,1.8493162281503928,1.82432723968838,1.4835171209503213,8.113038193728356,0.3400660347537917,-0.3399866169571803,-1.870611462861644,bluti,M,5,11,3.0
1464,3B004CDB63,not first visit,2025-02-16 13:36:41.810785,treatment,SCARE,1.0,2025-02-16,2025-02-16 13:36:42.672,0.1460001468658447,0.062000036239624,0.0669999122619628,0.0629999637603759,0.9246566041063478,2.177418082115925,2.014928011728786,2.142858375498125,1.597632856613822,12.045772838328238,-2.519226903181909,1.9681613195901129,-1.8171270163656963,bluti,M,5,11,2.0
1465,3B001877B5,not first visit,2025-02-16 13:40:57.120497,treatment,nah,0.0,2025-02-16,2025-02-16 13:40:59.994,0.1700000762939453,0.1399998664855957,0.0740001201629638,0.0739998817443847,0.7941172906685815,0.9642866339011108,1.824321361947812,1.82432723968838,1.1790394437037968,1.0978669331790594,8.0377082402261,7.94289255684788e-05,-0.5391173192729619,greti,M,5,11,7.0
1466,3B00182A81,not first visit,2025-02-16 13:41:13.505889,treatment,nah,0.0,2025-02-16,2025-02-16 13:41:14.247,0.1430001258850097,0.0739998817443847,0.064000129699707,0.0789999961853027,0.9440551129903,1.82432723968838,2.109370725238046,1.7088608420099594,1.4999994436901884,8.113106873262982,4.131064665384407,-5.601531897253674,-2.082524050333711,bluti,F,6,11,2.0
1467,3B0018C2F6,not first visit,2025-02-16 13:42:57.479699,treatment,SCARE,1.0,2025-02-16,2025-02-16 13:42:58.443,0.1369998455047607,0.0740001201629638,0.0690000057220459,0.0739998817443847,0.9854025710949342,1.824321361947812,1.95652157687962,1.82432723968838,1.5254243616743997,7.951838173983194,1.848952427330212,-1.8488733037957423,-2.1410756282941783,greti,F,6,11,1.0
1468,3B004CD4DE,not first visit,2025-02-16 13:43:40.446822,treatment,nah,0.0,2025-02-16,2025-02-16 13:43:41.139,0.1319999694824218,0.0740001201629638,0.0739998817443847,0.0740001201629638,1.022727509175505,1.824321361947812,1.82432723968838,1.824321361947812,1.5254233343031716,7.7824612033149405,7.94289255684788e-05,-7.94289255684788e-05,-2.2502894698002818,bluti,M,5,11,4.0
1469,3B001870F2,not first visit,2025-02-16 13:44:12.104843,treatment,nah,0.0,2025-02-16,2025-02-16 13:44:13.375,0.1579999923706054,0.1470000743865966,0.0739998817443847,0.0789999961853027,0.8544304210049797,0.918366882216416,1.82432723968838,1.7088608420099594,1.1790394437037968,0.4192553915887068,8.198737894183317,-1.5093658797752028,-0.8078712516937319,bluti,M,5,11,3.0
1470,01103FD532,not first visit,2025-02-16 13:44:48.183480,treatment,SCARE,1.0,2025-02-16,2025-02-16 13:44:50.118,0.0739998817443847,0.0690000057220459,0.0629999637603759,0.0690000057220459,1.82432723968838,1.95652157687962,2.142858375498125,1.95652157687962,1.9636373850930224,1.8488733037957423,2.8232854802791363,-2.8232854802791363,-7.008235266801414,greti,M,5,11,3.0
1471,3B00186448,not first visit,2025-02-16 13:45:30.209574,treatment,nah,0.0,2025-02-16,2025-02-16 13:45:31.553,0.1470000743865966,0.0739998817443847,0.0750000476837158,0.0770001411437988,0.918366882216416,1.82432723968838,1.799998855591548,1.7532435394876178,1.4477206169989183,8.198737894183317,-0.3265556459014513,-0.6152007634278245,-1.765403017394929,greti,M,5,11,1.0
1472,3B00182A81,not first visit,2025-02-16 13:45:57.069033,treatment,SCARE,0.0,2025-02-16,2025-02-16 13:45:58.015,0.1480000019073486,0.0679998397827148,0.0740001201629638,0.0739998817443847,0.9121621504066808,1.9852987952821064,1.824321361947812,1.82432723968838,1.4835171209503213,9.936457698105732,-2.267288432980896,7.94289255684788e-05,-1.7810581538219612,bluti,F,6,11,2.0
1473,3B0018A99B,not first visit,2025-02-16 13:46:13.880173,treatment,nah,0.0,2025-02-16,2025-02-16 13:46:14.823,0.1480000019073486,0.0729999542236328,0.0789999961853027,0.0740001201629638,0.9121621504066808,1.8493162281503928,1.7088608420099594,1.824321361947812,1.4438499875690871,8.481034061276315,-1.8480977890131889,1.5092866945935626,-1.6439756369691902,bluti,M,5,11,6.0
1474,3B00182DFC,not first visit,2025-02-16 13:46:26.626628,treatment,nah,0.0,2025-02-16,2025-02-16 13:46:27.563,0.1480000019073486,0.0740001201629638,0.0729999542236328,0.9719998836517334,0.9121621504066808,1.824321361947812,1.8493162281503928,0.1388889055138718,0.4262036440973147,8.217646035818213,0.3400660347537917,-3.2735456229621325,-1.1512979802840846,bluti,F,6,11,3.0
1475,3B004CD4DE,not first visit,2025-02-16 13:46:29.842586,treatment,nah,0.0,2025-02-16,2025-02-16 13:46:32.468,1.1640000343322754,0.0729999542236328,0.0740001201629638,0.0690000057220459,0.1159793780224777,1.8493162281503928,1.824321361947812,1.95652157687962,0.3913043153759239,2.8024848280741512,-0.3400660347537917,1.848952427330212,1.8046167128579185,bluti,M,5,11,4.0
1476,3B0018A99B,not first visit,2025-02-16 13:47:27.138665,treatment,SCARE,1.0,2025-02-16,2025-02-16 13:47:28.552,0.1480000019073486,0.0739998817443847,0.0740001201629638,0.0679998397827148,0.9121621504066808,1.82432723968838,1.824321361947812,1.9852987952821064,1.4835171209503213,8.217707813871431,-7.94289255684788e-05,2.267288432980896,-1.577835679914525,bluti,M,5,11,6.0
1477,3B00182A81,not first visit,2025-02-16 13:48:49.137904,treatment,SCARE,0.0,2025-02-16,2025-02-16 13:48:49.504,0.2960000038146972,0.0740001201629638,0.0629999637603759,0.0690000057220459,0.4560810752033404,1.824321361947812,2.142858375498125,1.95652157687962,1.0756970108869883,7.395890963685622,4.650172531697925,-2.8232854802791363,0.5290381696890278,bluti,F,6,11,2.0
1478,3B00182A81,not first visit,2025-02-16 13:48:49.137904,treatment,SCARE,0.0,2025-02-16,2025-02-16 13:48:50.075,2.049999952316284,0.0680000782012939,0.0749998092651367,0.0740001201629638,0.0658536600683645,1.985291834523672,1.8000045776483604,1.824321361947812,0.2382002688755845,1.8125006107636847,-2.59143220541076,0.3263999438494475,1.7696710181819575,bluti,F,6,11,2.0
1479,01103FD532,not first visit,2025-02-16 13:50:02.418421,treatment,nah,0.0,2025-02-16,2025-02-16 13:50:03.507,0.3259999752044678,0.0729999542236328,0.0789999961853027,0.0740001201629638,0.4141104609450591,1.8493162281503928,1.7088608420099594,1.824321361947812,0.9782607884398098,7.194015143122761,-1.8480977890131889,1.5092866945935626,0.647871182433722,greti,M,5,11,4.0
1480,3B0018A99B,not first visit,2025-02-16 13:50:12.918145,treatment,nah,0.0,2025-02-16,2025-02-16 13:50:14.450,0.0739998817443847,0.0690000057220459,0.0750000476837158,0.0740001201629638,1.82432723968838,1.95652157687962,1.799998855591548,1.824321361947812,1.849314718180312,1.8488733037957423,-2.1739258783053863,0.3264762276146148,-6.544150127882415,bluti,M,5,11,7.0
1481,0700ED9568,not first visit,2025-02-16 13:50:52.801408,treatment,SCARE,0.0,2025-02-16,2025-02-16 13:50:52.941,0.1470000743865966,0.0739998817443847,0.0680000782012939,0.0739998817443847,0.918366882216416,1.82432723968838,1.985291834523672,1.82432723968838,1.4876036497098255,8.198737894183317,2.267107609000283,-2.267107609000283,-1.8127702164535364,greti,M,6,11,3.0
1482,3B00182DFC,not first visit,2025-02-16 13:51:26.757632,treatment,nah,0.0,2025-02-16,2025-02-16 13:51:27.810,0.1460001468658447,0.0739998817443847,0.0740001201629638,0.0739998817443847,0.9246566041063478,1.82432723968838,1.824321361947812,1.82432723968838,1.4673911826597146,8.178822896209384,-7.94289255684788e-05,7.94289255684788e-05,-1.7596128610939847,bluti,F,6,11,3.0
1483,3B004ACEEA,not first visit,2025-02-16 13:51:41.945598,treatment,SCARE,1.0,2025-02-16,2025-02-16 13:51:43.293,0.1480000019073486,0.0690000057220459,0.0729999542236328,0.0740001201629638,0.9121621504066808,1.95652157687962,1.8493162281503928,1.824321361947812,1.483516149252617,9.625432163638978,-1.5099349150554262,-0.3400660347537917,-1.7810623327664985,bluti,M,5,11,2.0
1484,3B00182DFC,not first visit,2025-02-16 13:52:09.206920,treatment,nah,0.0,2025-02-16,2025-02-16 13:52:09.978,0.1480000019073486,0.0740001201629638,0.0739998817443847,0.0729999542236328,0.9121621504066808,1.824321361947812,1.82432723968838,1.8493162281503928,1.4634148005618668,8.217646035818213,7.94289255684788e-05,0.3399866169571803,-1.67935774119584,bluti,F,6,11,3.0
1485,3B0018C2F6,not first visit,2025-02-16 13:52:25.224476,treatment,nah,0.0,2025-02-16,2025-02-16 13:52:25.922,0.1480000019073486,0.0580000877380371,0.0690000057220459,0.0639998912811279,0.9121621504066808,2.3275826859045505,1.95652157687962,2.109378583269693,1.592920416719121,13.741940966476411,-5.843477731637386,2.2986033799172896,-1.8054797583598647,greti,F,6,11,2.0
1486,3B0018A99B,not first visit,2025-02-16 13:52:45.568095,treatment,nah,0.0,2025-02-16,2025-02-16 13:52:45.890,0.7630000114440918,0.1389999389648437,0.0669999122619628,0.0710000991821289,0.176933155930748,0.9712234480487404,2.014928011728786,1.90140579457078,0.5192307882760411,1.7611759108365552,10.133061334407692,-1.645249387591502,1.6174038965393371,bluti,M,5,11,7.0
1487,3B0018A99B,not first visit,2025-02-16 13:52:45.568095,treatment,nah,0.0,2025-02-16,2025-02-16 13:52:49.299,0.1429998874664306,0.0720000267028808,0.0670001506805419,0.0609998703002929,0.9440566869795012,1.874999304612736,2.0149208416512763,2.213119459687632,1.5743443209795878,8.659934783975041,2.0132569565372043,3.096852899204315,-1.7041272895597608,bluti,M,5,11,7.0
1488,3B0018C2F6,not first visit,2025-02-16 13:53:31.208518,treatment,nah,0.0,2025-02-16,2025-02-16 13:53:32.296,0.1389999389648437,0.0710000991821289,0.062000036239624,0.0669999122619628,0.9712234480487404,1.90140579457078,2.177418082115925,2.014928011728786,1.592920416719121,8.858877881450987,4.150556488831996,-2.519226903181909,-2.1004245173710263,greti,F,6,11,2.0
1489,01103F97C4,not first visit,2025-02-16 13:54:10.413918,treatment,SCARE,1.0,2025-02-16,2025-02-16 13:54:12.205,0.2170000076293945,0.0729999542236328,0.0740001201629638,0.0690000057220459,0.6221197937954039,1.8493162281503928,1.824321361947812,1.95652157687962,1.2471129112719657,8.463424798496598,-0.3400660347537917,1.848952427330212,-0.1887184917316688,greti,M ,5,11,3.0
1490,3B001870F2,not first visit,2025-02-16 13:54:22.179185,treatment,SCARE,1.0,2025-02-16,2025-02-16 13:54:24.174,0.1399998664855957,0.0730001926422119,0.0769999027252197,0.0680000782012939,0.9642866339011108,1.8493101882848608,1.7532489681416643,1.985291834523672,1.508379719505235,8.31007801601317,-1.280815454255415,3.200591681451426,-1.8111112239146443,bluti,M,5,11,3.0
1491,3B004ACEEA,not first visit,2025-02-16 14:02:45.963934,treatment,SCARE,0.0,2025-02-16,2025-02-16 14:02:46.361,0.1440000534057617,0.0669999122619628,0.0659999847412109,0.0720000267028808,0.9374996523063678,2.014928011728786,2.04545501835101,1.874999304612736,1.54727803843663,10.212592746286177,0.459053086657584,-2.4703724580099986,-2.0150417624216903,bluti,M,5,11,3.0
1492,3B0019248A,not first visit,2025-02-16 14:03:32.000348,treatment,nah,0.0,2025-02-16,2025-02-16 14:03:32.100,3.526000022888184,0.0729999542236328,0.0740001201629638,0.0739998817443847,0.0382870105285535,1.8493162281503928,1.824321361947812,1.82432723968838,0.1441152930407417,1.006406906995973,-0.3400660347537917,7.94289255684788e-05,1.8046626223265665,bluti,M,6,11,0.0
1493,3B0018C2F6,not first visit,2025-02-16 14:04:12.863356,treatment,SCARE,1.0,2025-02-16,2025-02-16 14:04:13.754,0.1419999599456787,0.0740001201629638,0.0739998817443847,0.0740001201629638,0.950704493519882,1.824321361947812,1.82432723968838,1.824321361947812,1.483516149252617,8.089042078026296,7.94289255684788e-05,-7.94289255684788e-05,-1.889367457143193,greti,F,6,11,2.0
1494,3B0019248A,not first visit,2025-02-16 14:04:27.022869,treatment,nah,0.0,2025-02-16,2025-02-16 14:04:28.861,0.1699998378753662,0.0750000476837158,0.1370000839233398,0.0739998817443847,0.79411840438915,1.799998855591548,0.9854008562180224,1.82432723968838,1.1842109126728928,8.21127282494039,-7.68488201586017,7.951910141933101,-0.5532728345519047,bluti,M,6,11,0.0
1495,3B0019248A,not first visit,2025-02-16 14:04:27.022869,treatment,nah,0.0,2025-02-16,2025-02-16 14:04:29.391,3.71399998664856,0.0739998817443847,0.0730001926422119,0.0739998817443847,0.0363489500498952,1.82432723968838,1.8493101882848608,1.82432723968838,0.1372299892890376,0.9440223610129284,0.3399038905351528,-0.3399038905351528,1.806517857083267,bluti,M,6,11,0.0
1496,3B004AB6A7,not first visit,2025-02-16 14:06:00.048698,treatment,nah,0.0,2025-02-16,2025-02-16 14:06:01.275,0.1399998664855957,0.0720000267028808,0.0710000991821289,0.0669999122619628,0.9642866339011108,1.874999304612736,1.90140579457078,2.014928011728786,1.5428575632524664,8.591633297682504,0.3693212127558359,1.645249387591502,-1.8969850682308664,bluti,M,5,11,0.0
1497,3B00186448,not first visit,2025-02-16 14:06:08.898182,treatment,SCARE,1.0,2025-02-16,2025-02-16 14:06:09.447,0.1440000534057617,0.0659999847412109,0.0690000057220459,0.0720000267028808,0.9374996523063678,2.04545501835101,1.95652157687962,1.874999304612736,1.5384612291392277,10.551953950305643,-1.3175325593166711,-1.156344021556013,-1.983023471390788,greti,M,5,11,1.0
1498,3B00186448,not first visit,2025-02-16 14:06:08.898182,treatment,SCARE,1.0,2025-02-16,2025-02-16 14:06:11.705,3.200000047683716,0.1430001258850097,0.056999921798706,0.0669999122619628,0.0421874993713572,0.9440551129903,2.368424301997281,2.014928011728786,0.1557542540558665,0.5395558281746539,14.243688494109843,-5.701560698791604,1.9919187405343493,greti,M,5,11,2.0
1499,3B00186448,not first visit,2025-02-16 14:07:33.715195,treatment,SCARE,1.0,2025-02-16,2025-02-16 14:07:35.078,0.1459999084472656,0.0740001201629638,0.0690000057220459,0.0729999542236328,0.9246581140751968,1.824321361947812,1.95652157687962,1.8493162281503928,1.4917127543406017,8.17875573522342,1.848952427330212,-1.5099349150554262,-1.8126952749514589,greti,M,5,11,3.0
1500,3B004ACEEA,not first visit,2025-02-16 14:07:48.200258,treatment,SCARE,1.0,2025-02-16,2025-02-16 14:07:49.118,0.1480000019073486,0.0739998817443847,0.0730001926422119,0.0690000057220459,0.9121621504066808,1.82432723968838,1.8493101882848608,1.95652157687962,1.483516149252617,8.217707813871431,0.3399038905351528,1.5100174482818842,-1.6135835942352026,bluti,M,5,11,3.0
1501,3B004ACEEA,not first visit,2025-02-16 14:07:48.200258,treatment,SCARE,1.0,2025-02-16,2025-02-16 14:07:50.295,1.2879998683929443,0.0740001201629638,0.0679998397827148,0.0740001201629638,0.1048136753060708,1.824321361947812,1.9852987952821064,1.824321361947812,0.3590425654854537,2.524974597782323,2.267288432980896,-2.267288432980896,1.6969657348081415,bluti,M,5,11,4.0
1502,3B0018F763,not first visit,2025-02-16 14:11:33.099113,treatment,SCARE,1.0,2025-02-16,2025-02-16 14:11:35.323,0.1430001258850097,0.0739998817443847,0.0680000782012939,0.0690000057220459,0.9440551129903,1.82432723968838,1.985291834523672,1.95652157687962,1.5254233343031716,8.113106873262982,2.267107609000283,-0.4200035039416624,-1.8501518705860225,bluti,M,5,11,5.0
1503,3B004CD4DE,not first visit,2025-02-16 14:12:11.661321,treatment,nah,0.0,2025-02-16,2025-02-16 14:12:11.781,1.045000076293945,0.0680000782012939,0.0739998817443847,0.0740001201629638,0.1291865934390862,1.985291834523672,1.82432723968838,1.824321361947812,0.4282315091383694,3.335318928012826,-2.267107609000283,-7.94289255684788e-05,1.6401637244198362,bluti,M,5,11,4.0
1504,3B0018F763,not first visit,2025-02-16 14:12:50.202143,treatment,nah,0.0,2025-02-16,2025-02-16 14:12:52.878,0.1480000019073486,0.0739998817443847,0.0740001201629638,0.0729999542236328,0.9121621504066808,1.82432723968838,1.824321361947812,1.8493162281503928,1.4634148005618668,8.217707813871431,-7.94289255684788e-05,0.3400660347537917,-1.67935774119584,bluti,M,5,11,6.0
1505,3B00186448,not first visit,2025-02-16 14:13:39.298757,treatment,SCARE,1.0,2025-02-16,2025-02-16 14:13:40.348,0.1480000019073486,0.0739998817443847,0.0729999542236328,0.0690000057220459,0.9121621504066808,1.82432723968838,1.8493162281503928,1.95652157687962,1.4835171209503213,8.217707813871431,0.3399866169571803,1.5099349150554262,-1.613586925663523,greti,M,5,11,4.0
1506,3B0018C2F6,not first visit,2025-02-16 14:14:23.861300,treatment,nah,0.0,2025-02-16,2025-02-16 14:14:25.313,0.1480000019073486,0.0729999542236328,0.0690000057220459,0.0740001201629638,0.9121621504066808,1.8493162281503928,1.95652157687962,1.824321361947812,1.483516149252617,8.481034061276315,1.5099349150554262,-1.848952427330212,-1.7810623327664985,greti,F,6,11,3.0
1507,3B0018F763,not first visit,2025-02-16 14:16:02.673532,treatment,SCARE,0.0,2025-02-16,2025-02-16 14:16:03.226,0.1449999809265136,0.0679998397827148,0.0670001506805419,0.0679998397827148,0.9310346052281092,1.9852987952821064,2.0149208416512763,1.9852987952821064,1.5517249799091133,9.899202605369323,0.4388451623962503,-0.4388451623962503,-1.8699185446631208,bluti,M,5,11,6.0
1508,3B00182A81,not first visit,2025-02-16 14:17:06.465806,treatment,nah,0.0,2025-02-16,2025-02-16 14:17:07.755,0.1499998569488525,0.0740001201629638,0.0629999637603759,4.16100001335144,0.9000008583077034,1.824321361947812,2.142858375498125,0.032444123904548,0.1214028789472533,8.252862482916292,4.650172531697925,-0.9992491775705854,-0.3601407619492103,bluti,F,6,11,2.0
1509,3B0018F763,not first visit,2025-02-16 14:17:15.237076,treatment,nah,0.0,2025-02-16,2025-02-16 14:17:17.698,0.1449999809265136,0.0680000782012939,0.0720000267028808,0.0680000782012939,0.9310346052281092,1.985291834523672,1.874999304612736,1.985291834523672,1.5297443316515715,9.899126165622055,-1.5756063895298893,1.5756063895298893,-1.791722759148595,bluti,M,5,11,6.0
1510,3B004C4B80,not first visit,2025-02-16 14:17:56.503105,treatment,nah,0.0,2025-02-16,2025-02-16 14:17:57.925,0.1489999294281005,0.0730001926422119,0.0739998817443847,0.0690000057220459,0.9060406975906912,1.8493101882848608,1.82432723968838,1.95652157687962,1.4794520161393043,8.49791866686825,-0.3399038905351528,1.8488733037957423,-1.5826993179605062,bluti,M,6,11,0.0
1511,3B00186448,not first visit,2025-02-16 14:19:40.733081,treatment,nah,0.0,2025-02-16,2025-02-16 14:19:42.531,0.1410000324249267,0.0740001201629638,0.0639998912811279,0.0740001201629638,0.9574465883323724,1.824321361947812,2.109378583269693,1.824321361947812,1.5297443316515715,8.063945659397309,4.131263734530435,-4.131263734530435,-2.0756633474426938,greti,M,5,11,5.0
1512,3B00186448,not first visit,2025-02-16 14:19:40.733081,treatment,nah,0.0,2025-02-16,2025-02-16 14:19:44.672,1.449000120162964,0.0690000057220459,0.0739998817443847,0.0729999542236328,0.0931676941371247,1.95652157687962,1.82432723968838,1.8493162281503928,0.3243243317549498,2.4550114996283554,-1.8488733037957423,0.3399866169571803,1.746254611002368,greti,M,5,11,5.0
1513,3B00186448,not first visit,2025-02-16 14:20:52.458355,treatment,SCARE,0.0,2025-02-16,2025-02-16 14:20:55.143,0.0740001201629638,0.0739998817443847,0.0680000782012939,0.0740001201629638,1.824321361947812,1.82432723968838,1.985291834523672,1.824321361947812,1.8620676795886708,7.94289255684788e-05,2.267107609000283,-2.267186587485454,-6.621607736922081,greti,M,5,11,5.0
1514,3B0018A99B,not first visit,2025-02-16 14:20:56.879916,treatment,nah,0.0,2025-02-16,2025-02-16 14:20:58.622,0.1470000743865966,0.0739998817443847,0.0740001201629638,0.0729999542236328,0.918366882216416,1.82432723968838,1.824321361947812,1.8493162281503928,1.4673911826597146,8.198737894183317,-7.94289255684788e-05,0.3400660347537917,-1.7102451071486693,bluti,M,5,11,7.0
1515,3B0018F763,not first visit,2025-02-16 14:22:29.431155,treatment,nah,0.0,2025-02-16,2025-02-16 14:22:30.909,0.1480000019073486,0.0690000057220459,0.0700001716613769,0.0669999122619628,0.9121621504066808,1.95652157687962,1.928566699136927,2.014928011728786,1.5254233343031716,9.625432163638978,-0.4022279434303292,1.2607483166241529,-1.6855249408630288,bluti,M,5,11,6.0
1516,3B004CDB63,not first visit,2025-02-16 14:30:47.230352,treatment,SCARE,0.0,2025-02-16,2025-02-16 14:30:47.340,0.6089999675750732,0.0740001201629638,0.0739998817443847,0.0730001926422119,0.2216748886499048,1.824321361947812,1.82432723968838,1.8493101882848608,0.6506022825558352,4.692961251602645,7.94289255684788e-05,0.3399038905351528,1.3959873836423542,bluti,M,5,11,3.0
1517,3B004CDB63,not first visit,2025-02-16 14:33:38.316461,treatment,SCARE,0.0,2025-02-16,2025-02-16 14:33:38.330,0.5940001010894775,0.0739998817443847,0.0720000267028808,0.0680000782012939,0.2272726885944826,1.82432723968838,1.874999304612736,1.985291834523672,0.6683167591128706,4.781600575253606,0.6941383109518589,1.5756063895298893,1.5088291730912546,bluti,M,5,11,3.0
1518,3B004CDB63,not first visit,2025-02-16 14:37:30.566406,treatment,nah,0.0,2025-02-16,2025-02-16 14:37:31.298,0.2119998931884765,0.0729999542236328,0.0690000057220459,0.0740001201629638,0.6367927736641805,1.8493162281503928,1.95652157687962,1.824321361947812,1.2616823217068989,8.508941078364199,1.5099349150554262,-1.848952427330212,-0.4100395090838391,bluti,M,5,11,3.0
1519,3B004CDB63,not first visit,2025-02-16 14:39:36.276755,treatment,SCARE,0.0,2025-02-16,2025-02-16 14:39:36.650,0.312999963760376,0.0739998817443847,0.0740001201629638,0.0690000057220459,0.4313099540910881,1.82432723968838,1.824321361947812,1.95652157687962,1.01886797952839,7.199058613475108,-7.94289255684788e-05,1.848952427330212,0.6842207772390991,bluti,M,5,11,3.0
1520,3B0018C2F6,not first visit,2025-02-16 14:43:45.814880,treatment,nah,0.0,2025-02-16,2025-02-16 14:43:46.629,0.1560001373291015,0.0739998817443847,0.0740001201629638,0.0729999542236328,0.8653838535744416,1.82432723968838,1.824321361947812,1.8493162281503928,1.432360387616656,8.338637448612998,-7.94289255684788e-05,0.3400660347537917,-1.44738356756597,greti,F,6,11,3.0
1521,3B004CD4DE,not first visit,2025-02-16 14:43:52.810374,treatment,nah,0.0,2025-02-16,2025-02-16 14:43:53.141,0.1399998664855957,0.0680000782012939,0.0740001201629638,0.0739998817443847,0.9642866339011108,1.985291834523672,1.824321361947812,1.82432723968838,1.5168541601369434,9.817360309008924,-2.267186587485454,7.94289255684788e-05,-2.0483087169998475,bluti,M,5,11,4.0
1522,3B00186448,not first visit,2025-02-16 14:43:57.128312,treatment,SCARE,0.0,2025-02-16,2025-02-16 14:43:58.825,3.0369999408721924,0.0740001201629638,0.0690000057220459,0.0679998397827148,0.0444517624722868,1.824321361947812,1.95652157687962,1.9852987952821064,0.1662561624194319,1.1442427287406034,1.848952427330212,0.4201058518928999,1.959081300709864,greti,M,5,11,5.0
1523,3B00186448,not first visit,2025-02-16 14:45:43.743027,treatment,nah,0.0,2025-02-16,2025-02-16 14:45:45.960,1.4040000438690186,0.0779998302459716,0.0730001926422119,0.0739998817443847,0.0961538431494482,1.7307729975088262,1.8493101882848608,1.82432723968838,0.3314917231868003,2.205963958445716,1.5700287789202774,-0.3399038905351528,1.7162892119412514,greti,M,5,11,5.0
1524,3B004CD4DE,not first visit,2025-02-16 14:49:36.802753,treatment,nah,0.0,2025-02-16,2025-02-16 14:49:38.206,0.1409997940063476,0.0690000057220459,0.0690000057220459,0.0740001201629638,0.9574482072925756,1.95652157687962,1.95652157687962,1.824321361947812,1.5297453648514208,9.514993546462527,0.0,-1.848952427330212,-2.0756718357313977,bluti,M,5,11,4.0
1525,3B004CD4DE,not first visit,2025-02-16 14:49:36.802753,treatment,nah,0.0,2025-02-16,2025-02-16 14:49:40.178,2.0460000038146973,0.0740001201629638,0.0729999542236328,0.0690000057220459,0.0659824045690601,1.824321361947812,1.8493162281503928,1.95652157687962,0.2387267815938334,1.6588102401424951,0.3400660347537917,1.5099349150554262,1.901741668010414,bluti,M,5,11,4.0
1526,3B00182A81,not first visit,2025-02-16 14:49:45.711110,treatment,SCARE,1.0,2025-02-16,2025-02-16 14:49:47.406,0.1400001049041748,0.0729999542236328,0.0670001506805419,0.0729999542236328,0.9642849917319906,1.8493162281503928,2.0149208416512763,1.8493162281503928,1.5297443316515715,8.310150147773927,2.365778420155234,-2.365778420155234,-2.0625882980390804,bluti,F,6,11,2.0
1527,3B00182DFC,not first visit,2025-02-16 14:52:38.315232,treatment,nah,0.0,2025-02-16,2025-02-16 14:52:38.861,0.1469998359680175,0.0690000057220459,0.0690000057220459,0.0730001926422119,0.9183683717128204,1.95652157687962,1.95652157687962,1.8493101882848608,1.508379719505235,9.612536722655909,0.0,-1.5100174482818842,-1.8537877002675107,bluti,F,6,11,3.0
1528,3B0019248A,not first visit,2025-02-16 14:52:49.046843,treatment,nah,0.0,2025-02-16,2025-02-16 14:52:51.010,0.0729999542236328,0.0690000057220459,0.0690000057220459,0.0680000782012939,1.8493162281503928,1.95652157687962,1.95652157687962,1.985291834523672,1.935483566638837,1.5099349150554262,0.0,0.4200035039416624,-6.8843291863263545,bluti,M,6,11,0.0
1529,3B004ACEEA,not first visit,2025-02-16 14:53:23.218811,treatment,nah,0.0,2025-02-16,2025-02-16 14:53:23.571,0.1439998149871826,0.0740001201629638,0.0729999542236328,0.0740001201629638,0.9375012045120774,1.824321361947812,1.8493162281503928,1.824321361947812,1.4794520161393043,8.135967167374995,0.3400660347537917,-0.3400660347537917,-1.837792117910314,bluti,M,5,11,5.0
1530,3B0018A99B,not first visit,2025-02-16 14:55:29.538119,treatment,SCARE,0.0,2025-02-16,2025-02-16 14:55:30.241,0.1440000534057617,0.0710000991821289,0.0720000267028808,0.0669999122619628,0.9374996523063678,1.90140579457078,1.874999304612736,2.014928011728786,1.5254233343031716,8.96656240158131,-0.3693212127558359,2.013363576388933,-1.7577047534623156,bluti,M,5,11,7.0
1531,3B00186448,not first visit,2025-02-16 14:58:56.577606,treatment,nah,0.0,2025-02-16,2025-02-16 14:59:00.219,1.9619998931884768,0.0680000782012939,0.0720000267028808,0.0729999542236328,0.0688073431954215,1.985291834523672,1.874999304612736,1.8493162281503928,0.2482758675120533,1.8881620870331288,-1.5756063895298893,-0.3542493771134822,1.7898714406819765,greti,M,5,11,5.0
1532,3B004CDB63,not first visit,2025-02-16 15:02:11.675646,treatment,SCARE,0.0,2025-02-16,2025-02-16 15:02:12.257,0.2220001220703125,0.0679998397827148,0.0690000057220459,0.0690000057220459,0.6081077737301533,1.9852987952821064,1.95652157687962,1.95652157687962,1.2616823217068989,9.497870363513472,-0.4201058518928999,0.0,-0.1960730027777217,bluti,M,5,11,3.0
1533,3B0018F763,not first visit,2025-02-16 15:04:05.149064,treatment,nah,0.0,2025-02-16,2025-02-16 15:04:06.507,0.1510000228881836,0.0729999542236328,0.0729999542236328,0.0720000267028808,0.8940395995831624,1.8493162281503928,1.8493162281503928,1.874999304612736,1.4634148005618668,8.529256483721653,0.0,0.3542493771134822,-1.5970000404906608,bluti,M,5,11,6.0
1534,3B0019248A,not first visit,2025-02-16 15:05:11.877271,treatment,SCARE,0.0,2025-02-16,2025-02-16 15:05:13.830,0.1440000534057617,0.0669999122619628,0.0720000267028808,0.0720000267028808,0.9374996523063678,2.014928011728786,1.874999304612736,1.874999304612736,1.5211266788360878,10.212592746286177,-2.013363576388933,0.0,-1.920546168828888,bluti,M,6,11,0.0
1535,3B004CD4DE,not first visit,2025-02-16 15:05:31.753850,treatment,nah,0.0,2025-02-16,2025-02-16 15:05:33.804,0.8640000820159912,0.0729999542236328,0.062000036239624,0.062000036239624,0.1562499851678271,1.8493162281503928,2.177418082115925,2.177418082115925,0.5089537650019988,3.6138018730014,4.860768550273817,0.0,1.9161305031689388,bluti,M,5,11,4.0
1536,3B00182DFC,not first visit,2025-02-16 15:07:47.986387,treatment,nah,0.0,2025-02-16,2025-02-16 15:07:48.435,0.1419999599456787,0.0740001201629638,0.0739998817443847,0.0740001201629638,0.950704493519882,1.824321361947812,1.82432723968838,1.824321361947812,1.483516149252617,8.089042078026296,7.94289255684788e-05,-7.94289255684788e-05,-1.889367457143193,bluti,F,6,11,3.0
1537,3B00182DFC,not first visit,2025-02-16 15:07:47.986387,treatment,nah,0.0,2025-02-16,2025-02-16 15:07:48.873,2.75,0.0690000057220459,0.0740001201629638,0.0680000782012939,0.049090909090909,1.95652157687962,1.824321361947812,1.985291834523672,0.1823708080988233,1.35326758702872,-1.848952427330212,2.267186587485454,1.9536610974925563,bluti,F,6,11,3.0
1538,3B00182A81,not first visit,2025-02-16 15:08:05.510519,treatment,SCARE,0.0,2025-02-16,2025-02-16 15:08:06.330,0.1530001163482666,0.0629999637603759,0.0789999961853027,0.0690000057220459,0.8823522701950512,2.142858375498125,1.7088608420099594,1.95652157687962,1.483516149252617,11.671348498288252,-6.112643040944363,3.346766644296417,-1.5310365141210545,bluti,F,6,11,3.0
1539,3B004ACEEA,not first visit,2025-02-16 15:08:38.197396,treatment,SCARE,0.0,2025-02-16,2025-02-16 15:08:38.775,0.1469998359680175,0.0729999542236328,0.064000129699707,0.0739998817443847,0.9183683717128204,1.8493162281503928,2.109370725238046,1.82432723968838,1.5083807240469913,8.46317040235891,3.796413690274368,-4.131064665384407,-1.886252897822404,bluti,M,5,11,5.0
1540,3B00186448,not first visit,2025-02-16 15:09:40.482028,treatment,nah,0.0,2025-02-16,2025-02-16 15:09:43.333,0.1440000534057617,0.0729999542236328,0.0740001201629638,0.0690000057220459,0.9374996523063678,1.8493162281503928,1.824321361947812,1.95652157687962,1.4999994436901884,8.40383911323432,-0.3400660347537917,1.848952427330212,-1.7417003871217362,greti,M,5,11,5.0
1541,3B004CD4DE,not first visit,2025-02-16 15:09:57.966950,treatment,nah,0.0,2025-02-16,2025-02-16 15:10:00.272,0.1480000019073486,0.0739998817443847,0.0690000057220459,0.0680000782012939,0.9121621504066808,1.82432723968838,1.95652157687962,1.985291834523672,1.5041784088380914,8.217707813871431,1.8488733037957423,0.4200035039416624,-1.6488213678845878,bluti,M,5,11,4.0
1542,3B00182A81,not first visit,2025-02-16 15:10:03.359533,treatment,nah,0.0,2025-02-16,2025-02-16 15:10:04.043,0.1480000019073486,0.0729999542236328,0.0690000057220459,0.0740001201629638,0.9121621504066808,1.8493162281503928,1.95652157687962,1.824321361947812,1.483516149252617,8.481034061276315,1.5099349150554262,-1.848952427330212,-1.7810623327664985,bluti,F,6,11,3.0
1543,3B004CDB63,not first visit,2025-02-16 15:10:32.211651,treatment,SCARE,0.0,2025-02-16,2025-02-16 15:10:33.035,0.1480000019073486,0.0739998817443847,0.0729999542236328,0.0690000057220459,0.9121621504066808,1.82432723968838,1.8493162281503928,1.95652157687962,1.4835171209503213,8.217707813871431,0.3399866169571803,1.5099349150554262,-1.613586925663523,bluti,M,5,11,3.0
1544,3B00182A81,not first visit,2025-02-16 15:10:49.319623,treatment,SCARE,0.0,2025-02-16,2025-02-16 15:10:49.996,0.1480000019073486,0.0690000057220459,0.0679998397827148,0.0690000057220459,0.9121621504066808,1.95652157687962,1.9852987952821064,1.95652157687962,1.5254243616743997,9.625432163638978,0.4201058518928999,-0.4201058518928999,-1.7590088111644278,bluti,F,6,11,3.0
1545,3B0018F763,not first visit,2025-02-16 15:10:56.387311,treatment,nah,0.0,2025-02-16,2025-02-16 15:10:57.104,0.1480000019073486,0.0739998817443847,0.0690000057220459,0.0690000057220459,0.9121621504066808,1.82432723968838,1.95652157687962,1.95652157687962,1.5000004371008555,8.217707813871431,1.8488733037957423,0.0,-1.6703672689173796,bluti,M,5,11,6.0
1546,3B0018F763,not first visit,2025-02-16 15:10:56.387311,treatment,nah,0.0,2025-02-16,2025-02-16 15:10:58.767,0.5920000076293945,0.0710000991821289,0.0629999637603759,0.0789999961853027,0.2280405376016702,1.90140579457078,2.142858375498125,1.7088608420099594,0.6708073977872981,5.047858182155048,3.603768171824582,-6.112643040944363,1.2231515638342518,bluti,M,5,11,6.0
1547,3B004ACEEA,not first visit,2025-02-16 15:11:58.149841,treatment,nah,0.0,2025-02-16,2025-02-16 15:11:58.928,0.1040000915527343,0.0509998798370361,0.0499999523162841,0.0770001411437988,1.2980757803616625,2.6470650603761414,2.70000257492311,1.7532435394876178,1.9148931766647448,17.40631650340431,1.0482693568561203,-14.909580137168405,-5.025221888407292,bluti,M,5,11,5.0
1548,3B0018F763,not first visit,2025-02-16 15:12:21.754529,treatment,SCARE,0.0,2025-02-16,2025-02-16 15:12:22.600,0.1480000019073486,0.064000129699707,0.0789999961853027,0.0680000782012939,0.9121621504066808,2.109370725238046,1.7088608420099594,1.985291834523672,1.5041774098857985,11.294413505840676,-5.601531897253674,3.760963981374928,-1.6488179159342564,bluti,M,5,11,6.0
1549,3B0018F763,not first visit,2025-02-16 15:13:42.401363,treatment,nah,0.0,2025-02-16,2025-02-16 15:13:43.018,0.0750000476837158,0.1470000743865966,0.0789999961853027,0.0739998817443847,1.799998855591548,0.918366882216416,1.7088608420099594,1.82432723968838,1.4400000000000002,-7.942626023384791,6.995519583628241,1.5093658797752028,-4.165684887527199,bluti,M,5,11,6.0
1550,3B004C4B80,not first visit,2025-02-16 15:13:47.367411,treatment,nah,0.0,2025-02-16,2025-02-16 15:13:49.539,0.1480000019073486,0.0739998817443847,0.0740001201629638,0.0729999542236328,0.9121621504066808,1.82432723968838,1.824321361947812,1.8493162281503928,1.4634148005618668,8.217707813871431,-7.94289255684788e-05,0.3400660347537917,-1.67935774119584,bluti,M,6,11,0.0
1551,3B00182DFC,not first visit,2025-02-16 15:14:34.879954,treatment,nah,0.0,2025-02-16,2025-02-16 15:14:35.290,0.1419999599456787,0.1490001678466797,0.0729999542236328,0.0739998817443847,0.950704493519882,0.9060392478142322,1.8493162281503928,1.82432723968838,1.2328768143355988,-0.306977498906945,8.497986141083327,-0.3399866169571803,-1.0565950932937662,bluti,F,6,11,3.0
1552,3B0018C2F6,not first visit,2025-02-16 15:33:36.177883,treatment,SCARE,0.0,2025-02-16,2025-02-16 15:33:36.783,0.5520000457763672,0.0680000782012939,0.0739998817443847,0.0740001201629638,0.2445651971099524,1.985291834523672,1.82432723968838,1.824321361947812,0.7031248847488504,5.615246094616712,-2.267107609000283,-7.94289255684788e-05,1.2868154849308833,greti,F,6,11,3.0
1553,3B004CD4DE,not first visit,2025-02-16 15:33:46.514368,treatment,SCARE,0.0,2025-02-16,2025-02-16 15:33:48.451,1.5970001220703125,0.0739998817443847,0.064000129699707,0.0739998817443847,0.0845334938515779,1.82432723968838,2.109370725238046,1.82432723968838,0.2985074601686775,2.082338410371104,4.131064665384407,-4.131064665384407,1.737492629835056,bluti,M,5,11,4.0
1554,3B004CD4DE,not first visit,2025-02-16 15:36:29.308631,treatment,SCARE,0.0,2025-02-16,2025-02-16 15:36:30.704,0.1429998874664306,0.0740001201629638,0.0680000782012939,0.0639998912811279,0.9440566869795012,1.824321361947812,1.985291834523672,2.109378583269693,1.54727803843663,8.113038193728356,2.267186587485454,1.880102688395628,-1.736064795906874,bluti,M,5,11,4.0
1555,3B004C4B80,not first visit,2025-02-16 15:36:52.570190,treatment,nah,0.0,2025-02-16,2025-02-16 15:36:54.601,2.1410000324249268,0.0739998817443847,0.0690000057220459,0.0729999542236328,0.0630546464060988,1.82432723968838,1.95652157687962,1.8493162281503928,0.2291048064662116,1.5903139156037476,1.8488733037957423,-1.5099349150554262,1.798872506214826,bluti,M,6,11,0.0
1556,3B00182A81,not first visit,2025-02-16 15:38:44.981563,treatment,nah,0.0,2025-02-16,2025-02-16 15:38:45.777,0.1430001258850097,0.0739998817443847,0.0680000782012939,10.177000045776367,0.9440551129903,1.82432723968838,1.985291834523672,0.0132652057966755,0.0516153692608538,8.113106873262982,2.267107609000283,-0.3849734709346883,-0.1647912077905602,bluti,F,6,11,3.0
1557,3B004ACEEA,not first visit,2025-02-16 15:39:01.572615,treatment,SCARE,0.0,2025-02-16,2025-02-16 15:39:02.653,0.1419999599456787,0.0739998817443847,0.0690000057220459,0.0680000782012939,0.950704493519882,1.82432723968838,1.95652157687962,1.985291834523672,1.5297453648514208,8.089105430197979,1.8488733037957423,0.4200035039416624,-1.8481954711131177,bluti,M,5,11,5.0
1558,3B004CD4DE,not first visit,2025-02-16 15:40:09.786686,treatment,SCARE,0.0,2025-02-16,2025-02-16 15:40:10.263,0.1480000019073486,0.1480000019073486,0.0739998817443847,0.0730001926422119,0.9121621504066808,0.9121621504066808,1.82432723968838,1.8493101882848608,1.218961410103026,0.0,8.217707813871431,0.3399038905351528,-0.8940347823371955,bluti,M,5,11,4.0
1559,3B004CD4DE,not first visit,2025-02-16 15:40:09.786686,treatment,SCARE,0.0,2025-02-16,2025-02-16 15:40:12.156,0.1330001354217529,0.0680000782012939,0.0690000057220459,0.0689997673034668,1.0150365604659377,1.985291834523672,1.95652157687962,1.9565283373530613,1.592920416719121,9.654271073336648,-0.4200035039416624,9.797803711568382e-05,-2.308330528093755,bluti,M,5,11,4.0
1560,3B004ACEEA,not first visit,2025-02-16 15:40:46.808849,treatment,SCARE,0.0,2025-02-16,2025-02-16 15:40:48.272,0.1469998359680175,0.064000129699707,0.0739998817443847,0.0740001201629638,0.9183683717128204,2.109370725238046,1.82432723968838,1.824321361947812,1.5041784088380914,11.289123671240535,-4.131064665384407,-7.94289255684788e-05,-1.871326165141548,bluti,M,5,11,5.0
1561,3B004ACEEA,not first visit,2025-02-16 15:41:35.524916,treatment,nah,0.0,2025-02-16,2025-02-16 15:41:36.782,0.1410000324249267,0.0739998817443847,0.0740001201629638,10.748999834060667,0.9574465883323724,1.82432723968838,1.824321361947812,0.0125593080364762,0.0489219067257173,8.064009278378993,-7.94289255684788e-05,-0.3347984960869011,-0.1586272822431228,bluti,M,5,11,5.0
1562,3B0018A99B,not first visit,2025-02-16 15:42:32.800150,treatment,nah,0.0,2025-02-16,2025-02-16 15:42:34.683,0.1469998359680175,0.0680000782012939,0.0639998912811279,0.0680000782012939,0.9183683717128204,1.985291834523672,2.109378583269693,1.985291834523672,1.556196487206812,9.924873383629851,1.880102688395628,-1.880102688395628,-1.8492328138820533,bluti,M,5,11,7.0
1563,3B00182A81,not first visit,2025-02-16 15:43:26.960718,treatment,nah,0.0,2025-02-16,2025-02-16 15:43:27.672,0.1440000534057617,0.0780000686645507,0.0739998817443847,0.064000129699707,0.9374996523063678,1.7307677071488832,1.82432723968838,2.109370725238046,1.4999994436901884,7.146555122985647,1.2310468824205203,4.131064665384407,-1.5527366913175211,bluti,F,6,11,3.0
1564,3B0018A99B,not first visit,2025-02-16 15:43:40.682805,treatment,SCARE,0.0,2025-02-16,2025-02-16 15:43:42.008,0.1450002193450927,0.0729999542236328,0.0669999122619628,0.0729999542236328,0.9310330743618204,1.8493162281503928,2.014928011728786,1.8493162281503928,1.508379719505235,8.424609382240515,2.3658848788321127,-2.3658848788321127,-1.8897731256231844,bluti,M,5,11,7.0
1565,3B004CD4DE,not first visit,2025-02-16 15:43:46.506960,treatment,nah,0.0,2025-02-16,2025-02-16 15:43:47.275,0.1349999904632568,0.0729999542236328,0.0720000267028808,0.0679998397827148,1.000000070642547,1.8493162281503928,1.874999304612736,1.9852987952821064,1.5517249799091133,8.166503686203907,0.3542493771134822,1.5757085122751755,-2.071498333921297,bluti,M,5,11,4.0
1566,01103F88A1,not first visit,2025-02-16 15:49:44.019281,treatment,SCARE,0.0,2025-02-16,2025-02-16 15:49:45.408,7.677000045776367,0.0739998817443847,0.0740001201629638,0.0729999542236328,0.0175849940334795,1.82432723968838,1.824321361947812,1.8493162281503928,0.0683717396644202,0.4661959134433402,-7.94289255684788e-05,0.3400660347537917,1.8449451135530424,bluti,M,6,11,0.0
1567,3B0018C2F6,not first visit,2025-02-16 15:51:26.883687,treatment,SCARE,0.0,2025-02-16,2025-02-16 15:51:27.911,0.1470000743865966,0.0729999542236328,0.0739998817443847,0.0740001201629638,0.918366882216416,1.8493162281503928,1.82432723968838,1.824321361947812,1.4673911826597146,8.46317477152083,-0.3399866169571803,-7.94289255684788e-05,-1.742152891660959,greti,F,6,11,3.0
1568,3B0018C2F6,not first visit,2025-02-16 15:53:08.016499,treatment,SCARE,0.0,2025-02-16,2025-02-16 15:53:09.806,0.1480000019073486,0.0740001201629638,0.0739998817443847,0.0789999961853027,0.9121621504066808,1.824321361947812,1.82432723968838,1.7088608420099594,1.4400000000000002,8.217646035818213,7.94289255684788e-05,-1.5093658797752028,-1.779330925026683,greti,F,6,11,3.0
1569,3B0018F763,not first visit,2025-02-16 15:54:58.538622,treatment,SCARE,0.0,2025-02-16,2025-02-16 15:55:00.104,0.1480000019073486,0.0739998817443847,0.0690000057220459,0.0680000782012939,0.9121621504066808,1.82432723968838,1.95652157687962,1.985291834523672,1.5041784088380914,8.217707813871431,1.8488733037957423,0.4200035039416624,-1.6488213678845878,bluti,M,5,11,6.0
1570,3B0018F763,not first visit,2025-02-16 15:58:51.098057,treatment,SCARE,0.0,2025-02-16,2025-02-16 15:58:52.660,0.1480000019073486,0.0739998817443847,0.0740001201629638,0.0629999637603759,0.9121621504066808,1.82432723968838,1.824321361947812,2.142858375498125,1.5041784088380914,8.217707813871431,-7.94289255684788e-05,4.650172531697925,-1.455414623760138,bluti,M,5,11,6.0
1571,3B0018F763,not first visit,2025-02-16 16:06:07.813887,treatment,SCARE,0.0,2025-02-16,2025-02-16 16:06:09.158,0.1480000019073486,0.0740001201629638,0.0719997882843017,0.0720000267028808,0.9121621504066808,1.824321361947812,1.875005513445854,1.874999304612736,1.4754100897978328,8.217646035818213,0.6943038805582359,-8.623390410715187e-05,-1.6881351705838956,bluti,M,5,11,6.0
1572,3B0018C2F6,not first visit,2025-02-16 16:06:43.050569,treatment,nah,0.0,2025-02-16,2025-02-16 16:06:46.118,1.6519999504089355,0.0740001201629638,0.0739998817443847,0.0740001201629638,0.0817191307824084,1.824321361947812,1.82432723968838,1.824321361947812,0.2881536708190174,2.019237728753978,7.94289255684788e-05,-7.94289255684788e-05,1.7434913641475411,greti,F,6,11,3.0
1573,3B0018C2F6,not first visit,2025-02-16 16:08:39.142693,treatment,SCARE,0.0,2025-02-16,2025-02-16 16:08:40.639,0.1430001258850097,0.0739998817443847,0.0740001201629638,0.0690000057220459,0.9440551129903,1.82432723968838,1.824321361947812,1.95652157687962,1.4999994436901884,8.113106873262982,-7.94289255684788e-05,1.848952427330212,-1.7602298456629142,greti,F,6,11,3.0
1574,3B0018C2F6,not first visit,2025-02-16 16:11:29.823734,treatment,SCARE,0.0,2025-02-16,2025-02-16 16:11:30.045,0.1480000019073486,0.0739998817443847,0.0740001201629638,0.0739998817443847,0.9121621504066808,1.82432723968838,1.824321361947812,1.82432723968838,1.4594599108700863,8.217707813871431,-7.94289255684788e-05,7.94289255684788e-05,-1.6975351100048686,greti,F,6,11,3.0
1575,3B0018F763,not first visit,2025-02-16 16:12:46.582285,treatment,nah,0.0,2025-02-16,2025-02-16 16:12:47.860,0.1470000743865966,0.0740001201629638,0.0739998817443847,0.0690000057220459,0.918366882216416,1.824321361947812,1.82432723968838,1.95652157687962,1.483516149252617,8.198675857076957,7.94289255684788e-05,1.8488733037957423,-1.630848468762483,bluti,M,5,11,6.0
1576,3B0018C2F6,not first visit,2025-02-16 16:21:12.806537,treatment,nah,0.0,2025-02-16,2025-02-16 16:21:14.955,0.1480000019073486,0.0680000782012939,0.0739998817443847,0.0740001201629638,0.9121621504066808,1.985291834523672,1.82432723968838,1.824321361947812,1.483516149252617,9.936382278906876,-2.267107609000283,-7.94289255684788e-05,-1.7810623327664985,greti,F,6,11,3.0
1577,3B0019248A,not first visit,2025-02-16 16:23:13.136681,treatment,nah,0.0,2025-02-16,2025-02-16 16:23:15.535,0.7760000228881836,0.0739998817443847,0.0740001201629638,0.0729999542236328,0.1739690670337165,1.82432723968838,1.824321361947812,1.8493162281503928,0.5416248860218078,3.883196136046787,-7.94289255684788e-05,0.3400660347537917,1.5454401234661928,bluti,M,6,11,0.0
1578,3B0018C2F6,not first visit,2025-02-16 16:24:24.239852,treatment,SCARE,0.0,2025-02-16,2025-02-16 16:24:24.314,0.1480000019073486,0.0740001201629638,0.0739998817443847,0.0680000782012939,0.9121621504066808,1.824321361947812,1.82432723968838,1.985291834523672,1.483516149252617,8.217646035818213,7.94289255684788e-05,2.267107609000283,-1.5778409814594447,greti,F,6,11,3.0
1579,3B0019248A,not first visit,2025-02-16 16:25:35.599311,treatment,nah,0.0,2025-02-16,2025-02-16 16:25:38.411,0.0739998817443847,0.1480000019073486,0.0680000782012939,0.0740001201629638,1.82432723968838,0.9121621504066808,1.985291834523672,1.824321361947812,1.483516149252617,-8.217707813871431,9.936382278906876,-2.267186587485454,-4.466460464752291,bluti,M,6,11,0.0
1580,3B0018C2F6,not first visit,2025-02-16 16:25:39.767034,treatment,SCARE,0.0,2025-02-16,2025-02-16 16:25:42.165,0.1480000019073486,0.0740001201629638,0.0739998817443847,0.0680000782012939,0.9121621504066808,1.824321361947812,1.82432723968838,1.985291834523672,1.483516149252617,8.217646035818213,7.94289255684788e-05,2.267107609000283,-1.5778409814594447,greti,F,6,11,3.0
1581,3B0018C2F6,not first visit,2025-02-16 16:29:07.978791,treatment,SCARE,0.0,2025-02-16,2025-02-16 16:29:09.478,0.1480000019073486,0.0789999961853027,0.0740001201629638,0.0789999961853027,0.9121621504066808,1.7088608420099594,1.824321361947812,1.7088608420099594,1.4210522036144246,7.019371791167163,1.5092866945935626,-1.5092866945935626,-1.7138849570156502,greti,F,6,11,3.0
1582,3B0019248A,not first visit,2025-02-16 16:29:38.124310,treatment,SCARE,0.0,2025-02-16,2025-02-16 16:29:40.158,0.0740001201629638,0.0690000057220459,0.0739998817443847,0.0739998817443847,1.824321361947812,1.95652157687962,1.82432723968838,1.82432723968838,1.8556708085424345,1.848952427330212,-1.8488733037957423,0.0,-6.582687967692664,bluti,M,6,11,0.0
1583,3B00484043,not first visit,2025-02-19 07:12:41.527849,treatment,nah,0.0,2025-02-19,2025-02-19 07:12:43.729,0.1489999294281005,0.8190000057220459,0.1459999084472656,0.0670001506805419,0.9060406975906912,0.1648351636835233,0.9246581140751968,2.0149208416512763,0.4572396296497427,-1.5314164949653626,1.5747627315505868,10.237205867833897,1.170521273856089,bluti,F,5,12,0.0
1584,3B0019B8CC,first visit,2025-02-19 07:36:18.519195,treatment,SCARE,0.0,2025-02-19,2025-02-19 07:36:18.923,0.309999942779541,0.0729999542236328,0.0740001201629638,0.0739998817443847,0.4354839513502954,1.8493162281503928,1.824321361947812,1.82432723968838,1.0169493461447798,7.3829381567086,-0.3400660347537917,7.94289255684788e-05,0.5397137632820799,greti,F,5,12,0.0
1585,3B00484043,not first visit,2025-02-19 07:47:20.470094,treatment,nah,0.0,2025-02-19,2025-02-19 07:47:20.640,3.0360000133514404,0.1419999599456787,0.0739998817443847,0.0740001201629638,0.0444664029665051,0.950704493519882,1.82432723968838,1.824321361947812,0.162357187019162,0.5703197597029371,8.089105430197979,-7.94289255684788e-05,1.7992132844406308,bluti,F,5,12,0.0
1586,3B0018A99B,first visit,2025-02-19 07:49:50.195014,treatment,SCARE,0.0,2025-02-19,2025-02-19 07:49:51.694,0.1470000743865966,0.0739998817443847,0.0699999332427978,0.0740001201629638,0.918366882216416,1.82432723968838,1.9285732678022216,1.824321361947812,1.4794520161393043,8.198737894183317,1.4478633618122418,-1.4479425998634807,-1.7841941540462318,bluti,M,5,12,0.0
1587,3B0018A99B,not first visit,2025-02-19 07:52:02.722395,treatment,nah,0.0,2025-02-19,2025-02-19 07:52:04.673,0.1469998359680175,0.0810000896453857,0.0789999961853027,0.0629999637603759,0.9183683717128204,1.666664822113446,1.7088608420099594,2.142858375498125,1.4594599108700863,6.564006092435634,0.5274499657602075,6.112643040944363,-1.3226828369086117,bluti,M,5,12,0.0
1588,01103FA4B2,first visit,2025-02-19 07:58:18.093486,treatment,SCARE,0.0,2025-02-19,2025-02-19 07:58:20.687,0.1480000019073486,0.0739998817443847,0.0740001201629638,0.0739998817443847,0.9121621504066808,1.82432723968838,1.824321361947812,1.82432723968838,1.4594599108700863,8.217707813871431,-7.94289255684788e-05,7.94289255684788e-05,-1.6975351100048686,bluti,M,6,12,0.0
1589,3B0018F763,first visit,2025-02-19 08:15:03.927519,treatment,SCARE,0.0,2025-02-19,2025-02-19 08:15:05.245,0.1400001049041748,0.0729999542236328,0.0720000267028808,0.0629999637603759,0.9642849917319906,1.8493162281503928,1.874999304612736,2.142858375498125,1.55172391680563,8.310150147773927,0.3542493771134822,3.968282811964984,-1.7690480425182469,bluti,M,5,12,0.0
1590,3B0018F763,not first visit,2025-02-19 08:19:01.038272,treatment,SCARE,0.0,2025-02-19,2025-02-19 08:19:02.468,0.1480000019073486,0.0740001201629638,0.0739998817443847,0.0729999542236328,0.9121621504066808,1.824321361947812,1.82432723968838,1.8493162281503928,1.4634148005618668,8.217646035818213,7.94289255684788e-05,0.3399866169571803,-1.67935774119584,bluti,M,5,12,0.0
1591,3B0018F763,not first visit,2025-02-19 08:20:13.896942,treatment,nah,0.0,2025-02-19,2025-02-19 08:20:15.818,0.1429998874664306,0.0740001201629638,0.0679998397827148,0.0690000057220459,0.9440566869795012,1.824321361947812,1.9852987952821064,1.95652157687962,1.5254243616743997,8.113038193728356,2.267288432980896,-0.4201058518928999,-1.850160047121516,bluti,M,5,12,0.0
1592,3B0018A99B,not first visit,2025-02-19 08:41:45.740676,treatment,SCARE,0.0,2025-02-19,2025-02-19 08:41:49.546,0.2850000858306885,0.0739998817443847,0.0740001201629638,0.0739998817443847,0.4736840678714749,1.82432723968838,1.824321361947812,1.82432723968838,1.065088821506768,7.524475174413278,-7.94289255684788e-05,7.94289255684788e-05,0.3779636104918227,bluti,M,5,12,0.0
1593,3B0018A99B,not first visit,2025-02-19 08:41:49.340331,treatment,nah,0.0,2025-02-19,2025-02-19 08:41:49.546,0.2850000858306885,0.0739998817443847,0.0740001201629638,0.0739998817443847,0.4736840678714749,1.82432723968838,1.824321361947812,1.82432723968838,1.065088821506768,7.524475174413278,-7.94289255684788e-05,7.94289255684788e-05,0.3779636104918227,bluti,M,5,12,0.0
1594,3B0018A99B,not first visit,2025-02-19 08:42:04.468493,treatment,SCARE,0.0,2025-02-19,2025-02-19 08:42:06.226,0.1540000438690185,0.0739998817443847,0.0740001201629638,0.0629999637603759,0.8766231269052194,1.82432723968838,1.824321361947812,2.142858375498125,1.4794520161393043,8.313196684020747,-7.94289255684788e-05,4.650172531697925,-1.2747755712830098,bluti,M,5,12,0.0
1595,3B0018A99B,not first visit,2025-02-19 08:45:35.098318,treatment,nah,0.0,2025-02-19,2025-02-19 08:45:37.440,0.1449999809265136,0.0729999542236328,0.0669999122619628,0.0670001506805419,0.9310346052281092,1.8493162281503928,2.014928011728786,2.0149208416512763,1.5340909174035404,8.42460455127954,2.3658848788321127,-0.0001070160319703,-1.769773717263743,bluti,M,5,12,0.0
1596,3B001877B5,first visit,2025-02-19 08:47:52.310222,treatment,SCARE,0.0,2025-02-19,2025-02-19 08:47:54.176,0.1449999809265136,0.0729999542236328,0.0789999961853027,0.0679998397827148,0.9310346052281092,1.8493162281503928,1.7088608420099594,1.9852987952821064,1.4794529825203149,8.42460455127954,-1.8480977890131889,3.7610647855728327,-1.6163844028366263,greti,M,5,12,0.0
1597,3B004AB6A7,first visit,2025-02-19 09:01:33.251655,treatment,SCARE,0.0,2025-02-19,2025-02-19 09:01:35.125,0.1480000019073486,0.0739998817443847,0.0690000057220459,0.0740001201629638,0.9121621504066808,1.82432723968838,1.95652157687962,1.824321361947812,1.4794520161393043,8.217707813871431,1.8488733037957423,-1.848952427330212,-1.7668689346950317,bluti,M,5,12,0.0
1598,01103F9664,not first visit,2025-02-19 09:07:08.791934,treatment,nah,0.0,2025-02-19,2025-02-19 09:07:10.017,4.735000133514404,0.0719997882843017,0.062000036239624,0.062000036239624,0.0285110868412585,1.875005513445854,2.177418082115925,2.177418082115925,0.1095112554505431,0.7682523222982144,4.513626338608755,0.0,2.1661600020127745,greti,F,6,12,0.0
1599,3B00484043,not first visit,2025-02-19 09:14:38.655377,treatment,SCARE,0.0,2025-02-19,2025-02-19 09:14:41.208,0.1490001678466797,0.0739998817443847,0.0729999542236328,36.58800005912781,0.9060392478142322,1.82432723968838,1.8493162281503928,0.0036897343331648,0.0146404944983865,8.235764911784516,0.3399866169571803,-0.100686096568292,-0.0452443614399762,bluti,F,5,12,0.0
1600,3B0019B8CC,not first visit,2025-02-19 09:21:49.882711,treatment,nah,0.0,2025-02-19,2025-02-19 09:21:51.035,0.1469998359680175,0.0680000782012939,0.0690000057220459,0.0690000057220459,0.9183683717128204,1.985291834523672,1.95652157687962,1.95652157687962,1.5297453648514208,9.924873383629851,-0.4200035039416624,0.0,-1.791920683687135,greti,F,5,12,0.0
1601,01103F9664,not first visit,2025-02-19 10:03:35.596301,treatment,nah,0.0,2025-02-19,2025-02-19 10:03:37.323,0.1449999809265136,0.0729999542236328,0.0720000267028808,0.0670001506805419,0.9310346052281092,1.8493162281503928,1.874999304612736,2.0149208416512763,1.5126045652134714,8.42460455127954,0.3542493771134822,2.0132569565372043,-1.6943796838162202,greti,F,6,12,0.0
1602,3B0018F763,not first visit,2025-02-19 10:08:58.832403,treatment,nah,0.0,2025-02-19,2025-02-19 10:08:59.606,0.1470000743865966,0.0750000476837158,0.0739998817443847,0.0680000782012939,0.918366882216416,1.799998855591548,1.82432723968838,1.985291834523672,1.483516149252617,7.942626023384791,0.3265556459014513,2.267107609000283,-1.5950857940507177,bluti,M,5,12,0.0
1603,3B004AB6A7,not first visit,2025-02-19 10:40:26.465028,treatment,nah,0.0,2025-02-19,2025-02-19 10:40:27.482,0.1449999809265136,0.0679998397827148,0.0770001411437988,0.0729999542236328,0.9310346052281092,1.9852987952821064,1.7532435394876178,1.8493162281503928,1.4876036497098255,9.899202605369323,-3.2007625699219164,1.2809683677525867,-1.8161750867909257,bluti,M,5,12,0.0
1604,3B004AB6A7,not first visit,2025-02-19 10:40:26.465028,treatment,nah,0.0,2025-02-19,2025-02-19 10:40:27.937,0.8710000514984131,0.1399998664855957,0.0729999542236328,0.0720000267028808,0.1549942503077406,0.9642866339011108,1.8493162281503928,1.874999304612736,0.4671280685309104,1.600974182484891,8.310144030191077,0.3542493771134822,1.648564999205001,bluti,M,5,12,0.0
1605,3B0018F763,not first visit,2025-02-19 10:40:35.651100,treatment,SCARE,1.0,2025-02-19,2025-02-19 10:40:36.440,0.1459999084472656,0.062000036239624,0.0729999542236328,0.0729999542236328,0.9246581140751968,2.177418082115925,1.8493162281503928,1.8493162281503928,1.5254243616743997,12.045772126781635,-4.860768550273817,0.0,-1.932517758841459,bluti,M,5,12,0.0
1606,3B0019B8CC,not first visit,2025-02-19 10:42:32.925813,treatment,SCARE,0.0,2025-02-19,2025-02-19 10:42:32.939,1.882000207901001,0.0669999122619628,0.0859999656677246,0.0740001201629638,0.0717321918633398,2.014928011728786,1.5697680685315074,1.824321361947812,0.2560454941945251,1.9940438174041448,-5.819088867533034,3.18191446079188,1.7608976756507513,greti,F,5,12,0.0
1607,3B0019B8CC,not first visit,2025-02-19 10:43:55.760751,treatment,nah,0.0,2025-02-19,2025-02-19 10:43:57.426,0.2999999523162842,0.0739998817443847,0.0740001201629638,0.0679998397827148,0.4500000715255851,1.82432723968838,1.824321361947812,1.9852987952821064,1.0465120456876715,7.34934640607277,-7.94289255684788e-05,2.267288432980896,0.6298764764955078,greti,F,5,12,0.0
1608,3B0018F763,not first visit,2025-02-19 10:44:10.048094,treatment,SCARE,0.0,2025-02-19,2025-02-19 10:44:10.551,0.1489999294281005,0.0739998817443847,0.0729999542236328,0.0740001201629638,0.9060406975906912,1.82432723968838,1.8493162281503928,1.824321361947812,1.4594599108700863,8.23576071450047,0.3399866169571803,-0.3400660347537917,-1.680673553385809,bluti,M,5,12,1.0
1609,3B0019B8CC,not first visit,2025-02-19 10:46:33.811282,treatment,nah,0.0,2025-02-19,2025-02-19 10:46:34.373,0.1430001258850097,0.0729999542236328,0.064000129699707,0.0689997673034668,0.9440551129903,1.8493162281503928,2.109370725238046,1.9565283373530613,1.54727803843663,8.382044253916666,3.796413690274368,-2.298383552602859,-1.9284716397231103,greti,F,5,12,0.0
1610,3B0019B8CC,not first visit,2025-02-19 10:47:24.354592,treatment,nah,0.0,2025-02-19,2025-02-19 10:47:27.583,0.1419999599456787,0.0690000057220459,0.0740001201629638,0.0729999542236328,0.950704493519882,1.95652157687962,1.824321361947812,1.8493162281503928,1.508379719505235,9.533812767947682,-1.848952427330212,0.3400660347537917,-1.9459100338505184,greti,F,5,12,0.0
1611,3B0019B8CC,not first visit,2025-02-19 10:49:13.532789,treatment,SCARE,0.0,2025-02-19,2025-02-19 10:49:16.560,0.1480000019073486,0.0729999542236328,0.0740001201629638,0.0690000057220459,0.9121621504066808,1.8493162281503928,1.824321361947812,1.95652157687962,1.483516149252617,8.481034061276315,-0.3400660347537917,1.848952427330212,-1.6135835942352026,greti,F,5,12,0.0
1612,3B0019248A,not first visit,2025-02-19 11:18:32.688655,treatment,nah,0.0,2025-02-19,2025-02-19 11:18:33.245,1.6610000133514404,0.0700001716613769,0.0739998817443847,1.821000099182129,0.0812763389011702,1.928566699136927,1.82432723968838,0.0741350865717321,0.1489244278233811,2.1343618287621133,-1.4477697331795036,-1.8471685179236093,0.0310176679126482,bluti,M,6,12,0.0
1613,3B0019248A,not first visit,2025-02-19 11:19:26.042618,treatment,nah,0.0,2025-02-19,2025-02-19 11:19:26.059,2.124000072479248,0.0690000057220459,0.0679998397827148,44.519999980926514,0.0635593198650039,1.95652157687962,1.9852987952821064,0.0030323450147762,0.0115431478841172,1.7263677058937723,0.4201058518928999,-0.0889147958301844,0.0003229660893641,bluti,M,6,12,0.0
1614,3B0019248A,not first visit,2025-02-19 11:20:27.971817,treatment,SCARE,1.0,2025-02-19,2025-02-19 11:20:29.434,0.0729999542236328,0.0690000057220459,0.0740001201629638,0.0749998092651367,1.8493162281503928,1.95652157687962,1.824321361947812,1.8000045776483604,1.8556708085424345,1.5099349150554262,-1.848952427330212,-0.3263999438494475,-6.722189722495468,bluti,M,6,12,0.0
1615,01103F9664,not first visit,2025-02-19 11:21:27.540121,treatment,SCARE,1.0,2025-02-19,2025-02-19 11:21:28.140,4.906999826431274,0.0789999961853027,0.0729999542236328,0.0740001201629638,0.0275117189270784,1.7088608420099594,1.8493162281503928,1.824321361947812,0.1052016385808367,0.6744280717605539,1.8480977890131889,-0.3400660347537917,1.813910115127985,greti,F,6,12,0.0
1616,01103F88A1,first visit,2025-02-19 11:27:23.461373,treatment,SCARE,0.0,2025-02-19,2025-02-19 11:27:24.942,0.2720000743865967,0.1470000743865966,0.0739998817443847,0.0690000057220459,0.4963233936771761,0.918366882216416,1.82432723968838,1.95652157687962,0.9608540305676356,2.014526676302895,8.198737894183317,1.8488733037957423,0.6887734325290411,bluti,M,6,12,0.0
1617,3B004AB6A7,not first visit,2025-02-19 11:30:16.489981,treatment,SCARE,0.0,2025-02-19,2025-02-19 11:30:18.123,0.1430001258850097,0.0739998817443847,0.0740001201629638,0.0739998817443847,0.9440551129903,1.82432723968838,1.824321361947812,1.82432723968838,1.4794520161393043,8.113106873262982,-7.94289255684788e-05,7.94289255684788e-05,-1.8561994345032669,bluti,M,5,12,0.0
1618,3B0018F763,not first visit,2025-02-19 11:43:04.379945,treatment,SCARE,0.0,2025-02-19,2025-02-19 11:43:04.626,0.8459999561309814,0.0740001201629638,0.0739998817443847,0.0789999961853027,0.1595744763597821,1.824321361947812,1.82432723968838,1.7088608420099594,0.5032619040424061,3.619014668551253,7.94289255684788e-05,-1.5093658797752028,1.4474775789582055,bluti,M,5,12,1.0
1619,3B0018F763,not first visit,2025-02-19 11:44:34.764552,treatment,nah,0.0,2025-02-19,2025-02-19 11:44:35.977,0.1489999294281005,0.0680000782012939,0.0739998817443847,0.0740001201629638,0.9060406975906912,1.985291834523672,1.82432723968838,1.824321361947812,1.4794520161393043,9.947014737217795,-2.267107609000283,-7.94289255684788e-05,-1.7498038929930737,bluti,M,5,12,1.0
1620,01103F88A1,not first visit,2025-02-19 11:49:01.348422,treatment,SCARE,0.0,2025-02-19,2025-02-19 11:49:01.868,0.1489999294281005,0.0740001201629638,0.0739998817443847,0.0680000782012939,0.9060406975906912,1.824321361947812,1.82432723968838,1.985291834523672,1.4794520161393043,8.235699194157634,7.94289255684788e-05,2.267107609000283,-1.5470304944376565,bluti,M,6,12,0.0
1621,3B0019248A,not first visit,2025-02-19 11:50:01.526038,treatment,nah,0.0,2025-02-19,2025-02-19 11:50:01.567,1.7910001277923584,0.0789999961853027,0.0690000057220459,1.7769999504089355,0.0753768790437805,1.7088608420099594,1.95652157687962,0.0759707393176532,0.1453175426153953,1.747041555795846,3.346766644296417,-2.03743324187656,0.0369557924005436,bluti,M,6,12,1.0
1622,3B0018F763,not first visit,2025-02-19 11:55:15.109982,treatment,SCARE,0.0,2025-02-19,2025-02-19 11:55:16.620,0.1330001354217529,0.0739998817443847,0.0680000782012939,0.0690000057220459,1.0150365604659377,1.82432723968838,1.985291834523672,1.95652157687962,1.5697669805612675,7.819232967240845,2.267107609000283,-0.4200035039416624,-2.220583085634042,bluti,M,5,12,1.0
1623,3B00185CB8,first visit,2025-02-19 11:55:31.134885,treatment,SCARE,0.0,2025-02-19,2025-02-19 11:55:32.272,0.1429998874664306,0.0740001201629638,0.0739998817443847,0.0740001201629638,0.9440566869795012,1.824321361947812,1.82432723968838,1.824321361947812,1.4794520161393043,8.113038193728356,7.94289255684788e-05,-7.94289255684788e-05,-1.8562114486538384,bluti,F,6,12,0.0
1624,0700ED9568,not first visit,2025-02-19 11:57:40.945076,treatment,nah,0.0,2025-02-19,2025-02-19 11:57:42.329,0.1440000534057617,0.0709998607635498,0.0720000267028808,0.0670001506805419,0.9374996523063678,1.9014121795194685,1.874999304612736,2.0149208416512763,1.5254233343031716,8.96663173971338,-0.3694111285637642,2.0132569565372043,-1.7577137333301305,greti,M,6,12,0.0
1625,0700ED9568,not first visit,2025-02-19 11:57:40.945076,treatment,nah,0.0,2025-02-19,2025-02-19 11:57:44.271,0.1390001773834228,0.0720000267028808,0.0659999847412109,0.0719997882843017,0.9712217821680283,1.874999304612736,2.04545501835101,1.875005513445854,1.54727803843663,8.566603301246499,2.4703724580099986,-2.470286742770861,-2.113585061465549,greti,M,6,12,0.0
1626,3B0018F763,not first visit,2025-02-19 11:59:06.297858,treatment,SCARE,0.0,2025-02-19,2025-02-19 11:59:07.080,0.1480000019073486,0.0759999752044677,0.0740001201629638,0.0739998817443847,0.9121621504066808,1.776316369009339,1.824321361947812,1.82432723968838,1.4516129850969153,7.715663454476958,0.6400661655698638,7.94289255684788e-05,-1.6705464017706348,bluti,M,5,12,1.0
1627,0700ED9568,not first visit,2025-02-19 12:02:27.905332,treatment,nah,0.0,2025-02-19,2025-02-19 12:02:28.940,0.2019999027252197,0.0629999637603759,0.062000036239624,0.0670001506805419,0.6683171535168528,2.142858375498125,2.177418082115925,2.0149208416512763,1.370558189858619,11.128618602994068,0.552955305884808,-2.519333410969604,-0.5604821824187534,greti,M,6,12,0.0
1628,3B0018C2F6,not first visit,2025-02-19 12:03:02.191272,treatment,nah,0.0,2025-02-19,2025-02-19 12:03:03.911,1.0360000133514404,0.1399998664855957,0.0730001926422119,0.0720000267028808,0.1303088786295258,0.9642866339011108,1.8493101882848608,1.874999304612736,0.4087811956519385,1.4183296606920628,8.31007801601317,0.3543321029982201,1.7051050866446071,greti,F,6,12,0.0
1629,0700ED9568,not first visit,2025-02-19 12:04:22.811639,treatment,SCARE,0.0,2025-02-19,2025-02-19 12:04:22.980,0.1470000743865966,0.0739998817443847,0.0740001201629638,0.0679998397827148,0.918366882216416,1.82432723968838,1.824321361947812,1.9852987952821064,1.4876036497098255,8.198737894183317,-7.94289255684788e-05,2.267288432980896,-1.6090927100611698,greti,M,6,12,0.0
1630,0700ED9568,not first visit,2025-02-19 12:04:22.811639,treatment,SCARE,0.0,2025-02-19,2025-02-19 12:04:24.983,1.2660000324249268,0.1429998874664306,0.0740001201629638,0.0699999332427978,0.1066350683588986,0.9440566869795012,1.824321361947812,1.9285732678022216,0.347714107717301,1.1886751827284316,8.113038193728356,1.4479425998634807,1.808081663838384,greti,M,6,12,0.0
1631,3B0018F763,not first visit,2025-02-19 12:04:36.833269,treatment,nah,0.0,2025-02-19,2025-02-19 12:04:38.213,0.1480000019073486,0.0739998817443847,0.0770001411437988,0.0739998817443847,0.9121621504066808,1.82432723968838,1.7532435394876178,1.82432723968838,1.447721542370444,8.217707813871431,-0.941505820213023,0.941505820213023,-1.6572081544183517,bluti,M,5,12,1.0
1632,3B0019B8CC,not first visit,2025-02-19 12:12:40.109699,treatment,SCARE,1.0,2025-02-19,2025-02-19 12:12:43.671,0.1410000324249267,0.0720000267028808,0.0729999542236328,0.0669999122619628,0.9574465883323724,1.874999304612736,1.8493162281503928,2.014928011728786,1.5297453648514208,8.615516071099293,-0.3542493771134822,2.3658848788321127,-1.8302397313122605,greti,F,5,12,0.0
1633,3B0019B8CC,not first visit,2025-02-19 12:15:31.426865,treatment,SCARE,0.0,2025-02-19,2025-02-19 12:15:31.977,0.1459999084472656,0.0720000267028808,0.0729999542236328,0.0720000267028808,0.9246581140751968,1.874999304612736,1.8493162281503928,1.874999304612736,1.4876036497098255,8.718729112309099,-0.3542493771134822,0.3542493771134822,-1.765387709361087,greti,F,5,12,1.0
1634,3B0019B8CC,not first visit,2025-02-19 12:17:46.307728,treatment,SCARE,0.0,2025-02-19,2025-02-19 12:17:46.698,0.2170000076293945,0.0750000476837158,0.0729999542236328,0.0750000476837158,0.6221197937954039,1.799998855591548,1.8493162281503928,1.799998855591548,1.2272725676702283,8.067663278577873,0.6664509719360568,-0.6664509719360568,-0.3160546520159404,greti,F,5,12,1.0
1635,3B0018C2F6,not first visit,2025-02-19 12:24:23.687027,treatment,nah,0.0,2025-02-19,2025-02-19 12:24:23.979,0.304999828338623,0.0670001506805419,0.0679998397827148,0.0720000267028808,0.4426231999387147,2.0149208416512763,1.9852987952821064,1.874999304612736,1.0546878182504822,8.453213604248932,-0.4388451623962503,-1.5757085122751755,0.5067665004220576,greti,F,6,12,0.0
1636,011016B2E1,not first visit,2025-02-19 12:24:42.242818,treatment,nah,0.0,2025-02-19,2025-02-19 12:24:44.253,0.1449999809265136,0.0780000686645507,0.0729999542236328,0.0729999542236328,0.9310346052281092,1.7307677071488832,1.8493162281503928,1.8493162281503928,1.4634148005618668,7.172492592600922,1.5701788481091308,0.0,-1.7315862309967456,bluti,F,6,12,0.0
1637,3B0018C2F6,not first visit,2025-02-19 12:25:54.202397,treatment,nah,0.0,2025-02-19,2025-02-19 12:25:55.946,0.1399998664855957,0.0780000686645507,0.0729999542236328,0.062000036239624,0.9642866339011108,1.7307677071488832,1.8493162281503928,2.177418082115925,1.5297453648514208,7.031938543650134,1.5701788481091308,4.860768550273817,-1.6491165703893995,greti,F,6,12,0.0
1638,01103FD532,first visit,2025-02-19 12:41:09.840470,treatment,SCARE,1.0,2025-02-19,2025-02-19 12:41:11.891,0.1529998779296875,0.0740001201629638,0.0739998817443847,0.0740001201629638,0.8823536451580732,1.824321361947812,1.82432723968838,1.824321361947812,1.4400000000000002,8.299275107529027,7.94289255684788e-05,-7.94289255684788e-05,-1.5498799456628345,greti,M,5,12,0.0
1639,3B00182A81,not first visit,2025-02-19 12:43:00.962962,treatment,nah,0.0,2025-02-19,2025-02-19 12:43:03.064,0.1480000019073486,0.0740001201629638,0.0729999542236328,0.0750000476837158,0.9121621504066808,1.824321361947812,1.8493162281503928,1.799998855591548,1.4594589704315957,8.217646035818213,0.3400660347537917,-0.6664509719360568,-1.7286734864798092,bluti,F,6,12,0.0
1640,01103FD532,not first visit,2025-02-19 12:44:08.436942,treatment,nah,0.0,2025-02-19,2025-02-19 12:44:09.863,0.2220001220703125,0.0739998817443847,0.0730001926422119,0.0739998817443847,0.6081077737301533,1.82432723968838,1.8493101882848608,1.82432723968838,1.218961410103026,8.217698988406823,0.3399038905351528,-0.3399038905351528,-0.2370545110207955,greti,M,5,12,1.0
1641,3B00182A81,not first visit,2025-02-19 12:44:24.861098,treatment,SCARE,1.0,2025-02-19,2025-02-19 12:44:26.453,0.0969998836517334,0.062000036239624,0.0520000457763671,0.0529999732971191,1.3917542466824138,2.177418082115925,2.596151560723325,2.547171094656722,2.04545501835101,9.88256894683149,7.346196093940743,-0.932961088937002,-4.816607579593549,bluti,F,6,12,0.0
1642,3B00182A81,not first visit,2025-02-19 12:45:58.435635,treatment,nah,0.0,2025-02-19,2025-02-19 12:45:59.478,0.1019999980926513,0.0629999637603759,0.0460000038146972,41.20500016212464,1.32352943651404,2.142858375498125,2.934782365319429,0.0032763014068397,0.0130384392103,9.931262162519737,14.530719732111296,-0.1421301811893091,-0.0604698483089645,bluti,F,6,12,1.0
1643,3B0018F763,not first visit,2025-02-19 12:46:41.303136,treatment,nah,0.0,2025-02-19,2025-02-19 12:46:42.547,0.1030001640319824,0.054999828338623,0.0490000247955322,0.0450000762939453,1.310677524339489,2.45455311549032,2.755100646649248,2.999994913745603,2.1428563481288405,14.479438561841846,5.779768376619421,5.210510717711747,-4.363363069189004,bluti,M,5,12,1.0
1644,3B00182A81,not first visit,2025-02-19 12:47:15.316828,treatment,SCARE,1.0,2025-02-19,2025-02-19 12:47:17.402,0.1449999809265136,0.0720000267028808,0.0720000267028808,0.0669999122619628,0.9310346052281092,1.874999304612736,1.874999304612736,2.014928011728786,1.5168541601369434,8.700135172315619,0.0,2.013363576388933,-1.7092104091836502,bluti,F,6,12,1.0
1645,3B001877B5,not first visit,2025-02-19 13:05:57.983724,treatment,nah,0.0,2025-02-19,2025-02-19 13:05:59.030,0.3299999237060547,0.0720000267028808,0.0730001926422119,0.0669999122619628,0.409091003670202,1.874999304612736,1.8493101882848608,2.014928011728786,0.9963098614225142,7.293077023772438,-0.3543321029982201,2.365967133485868,0.8239794233203368,greti,M,5,12,0.0
1646,011016B2E1,not first visit,2025-02-19 13:08:58.094277,treatment,nah,0.0,2025-02-19,2025-02-19 13:08:58.922,0.1490001678466797,0.0739998817443847,0.0729999542236328,0.0740001201629638,0.9060392478142322,1.82432723968838,1.8493162281503928,1.824321361947812,1.4594589704315957,8.235764911784516,0.3399866169571803,-0.3400660347537917,-1.6806663286099586,bluti,F,6,12,0.0
1647,011016B2E1,not first visit,2025-02-19 13:08:58.094277,treatment,nah,0.0,2025-02-19,2025-02-19 13:09:00.524,0.8890001773834229,0.0749998092651367,0.0740001201629638,0.0789999961853027,0.151855987697711,1.8000045776483604,1.824321361947812,1.7088608420099594,0.4834377351901948,3.4193954621941427,0.3263999438494475,-1.5092866945935626,1.468961973434352,bluti,F,6,12,0.0
1648,3B0018C2F6,not first visit,2025-02-19 13:11:04.037139,treatment,nah,0.0,2025-02-19,2025-02-19 13:11:05.832,0.1470000743865966,0.0690000057220459,0.0739998817443847,0.0740001201629638,0.918366882216416,1.95652157687962,1.82432723968838,1.824321361947812,1.483516149252617,9.612539904068909,-1.8488733037957423,-7.94289255684788e-05,-1.7984278983882145,greti,F,6,12,0.0
1649,3B0018F763,not first visit,2025-02-19 13:12:25.873361,treatment,nah,0.0,2025-02-19,2025-02-19 13:12:25.881,0.8829998970031738,0.0729999542236328,0.0740001201629638,0.0739998817443847,0.1528879000531919,1.8493162281503928,1.824321361947812,1.82432723968838,0.4891304998519602,3.5490137909963577,-0.3400660347537917,7.94289255684788e-05,1.5799021255220072,bluti,M,5,12,1.0
1650,3B0018C2F6,not first visit,2025-02-19 13:12:28.800791,treatment,SCARE,1.0,2025-02-19,2025-02-19 13:12:30.657,1.1459999084472656,0.0690000057220459,0.0740001201629638,0.0690000057220459,0.1178010565314213,1.95652157687962,1.824321361947812,1.95652157687962,0.3976435817913522,3.0267006588314387,-1.848952427330212,1.848952427330212,1.7995581611458165,greti,F,6,12,0.0
1651,3B0018C2F6,not first visit,2025-02-19 13:17:03.799600,treatment,nah,0.0,2025-02-19,2025-02-19 13:17:05.106,0.1480000019073486,0.0740001201629638,0.0739998817443847,0.0740001201629638,0.9121621504066808,1.824321361947812,1.82432723968838,1.824321361947812,1.4594589704315957,8.217646035818213,7.94289255684788e-05,-7.94289255684788e-05,-1.6975393667469552,greti,F,6,12,1.0
1652,3B00182A81,not first visit,2025-02-19 13:17:24.536749,treatment,SCARE,0.0,2025-02-19,2025-02-19 13:17:25.250,0.1480000019073486,0.0739998817443847,0.0740001201629638,0.4830000400543213,0.9121621504066808,1.82432723968838,1.824321361947812,0.2795030824113742,0.6931963666112397,8.217707813871431,-7.94289255684788e-05,-5.546922208904953,-1.688484199925253,bluti,F,6,12,2.0
1653,3B00182A81,not first visit,2025-02-19 13:19:03.777985,treatment,nah,0.0,2025-02-19,2025-02-19 13:19:04.557,0.1480000019073486,0.0740001201629638,0.0729999542236328,0.0759999752044677,0.9121621504066808,1.824321361947812,1.8493162281503928,1.776316369009339,1.4555254044279016,8.217646035818213,0.3400660347537917,-0.9798643451878942,-1.745544359685428,bluti,F,6,12,2.0
1654,3B004AB6A7,not first visit,2025-02-19 13:19:58.010429,treatment,nah,0.0,2025-02-19,2025-02-19 13:19:59.465,0.1480000019073486,0.0730001926422119,0.0639998912811279,0.0629999637603759,0.9121621504066808,1.8493101882848608,2.109378583269693,2.142858375498125,1.55172391680563,8.480970252431328,3.7966165791600095,0.5272414242912437,-1.6186339927491926,bluti,M,5,12,0.0
1655,011016B2E1,not first visit,2025-02-19 13:20:12.731652,treatment,SCARE,1.0,2025-02-19,2025-02-19 13:20:14.023,0.1470000743865966,0.0739998817443847,0.0690000057220459,0.0629999637603759,0.918366882216416,1.82432723968838,1.95652157687962,2.142858375498125,1.5297453648514208,8.198737894183317,1.8488733037957423,2.8232854802791363,-1.5602352870335563,bluti,F,6,12,0.0
1656,3B0018F763,not first visit,2025-02-19 13:21:13.776449,treatment,nah,0.0,2025-02-19,2025-02-19 13:21:14.441,0.1430001258850097,0.0729999542236328,0.0739998817443847,0.0740001201629638,0.9440551129903,1.8493162281503928,1.82432723968838,1.824321361947812,1.483516149252617,8.382044253916666,-0.3399866169571803,-7.94289255684788e-05,-1.8706111801738217,bluti,M,5,12,1.0
1657,3B0018C2F6,not first visit,2025-02-19 13:21:16.387743,treatment,nah,0.0,2025-02-19,2025-02-19 13:21:17.575,0.1429998874664306,0.0680000782012939,0.0739998817443847,0.0740001201629638,0.9440566869795012,1.985291834523672,1.82432723968838,1.824321361947812,1.5041784088380914,9.8695290707665,-2.267107609000283,-7.94289255684788e-05,-1.9443685524450285,greti,F,6,12,1.0
1658,011016B2E1,not first visit,2025-02-19 13:21:34.964339,treatment,nah,0.0,2025-02-19,2025-02-19 13:21:38.787,1.3229999542236328,0.0730001926422119,0.0739998817443847,0.0740001201629638,0.1020408198571867,1.8493101882848608,1.82432723968838,1.824321361947812,0.3497408989429596,2.503250980811804,-0.3399038905351528,-7.94289255684788e-05,1.703634423578858,bluti,F,6,12,1.0
1659,3B00182A81,not first visit,2025-02-19 13:23:05.952257,treatment,nah,0.0,2025-02-19,2025-02-19 13:23:07.321,0.1480000019073486,0.0679998397827148,0.0690000057220459,0.0680000782012939,0.9121621504066808,1.9852987952821064,1.95652157687962,1.985291834523672,1.5297453648514208,9.936457698105732,-0.4201058518928999,0.4200035039416624,-1.7378207225502045,bluti,F,6,12,2.0
1660,3B0018F763,not first visit,2025-02-19 13:33:06.407727,treatment,nah,0.0,2025-02-19,2025-02-19 13:33:07.482,0.1389999389648437,0.0720000267028808,0.0720000267028808,0.0709998607635498,0.9712234480487404,1.874999304612736,1.874999304612736,1.9014121795194685,1.5254243616743997,8.566597190705044,0.0,0.3694111285637642,-1.9990843277861703,bluti,M,5,12,1.0
1661,3B0018C2F6,not first visit,2025-02-19 13:33:55.930539,treatment,nah,0.0,2025-02-19,2025-02-19 13:33:57.695,0.1470000743865966,0.0739998817443847,0.0740001201629638,0.0690000057220459,0.918366882216416,1.82432723968838,1.824321361947812,1.95652157687962,1.483516149252617,8.198737894183317,-7.94289255684788e-05,1.848952427330212,-1.630848468762483,greti,F,6,12,1.0
1662,3B0018F763,not first visit,2025-02-19 13:34:38.792402,treatment,nah,0.0,2025-02-19,2025-02-19 13:34:40.412,0.1460001468658447,0.0669999122619628,0.0729999542236328,0.0670001506805419,0.9246566041063478,2.014928011728786,1.8493162281503928,2.0149208416512763,1.5297443316515715,10.237287370593984,-2.3658848788321127,2.365778420155234,-1.7362213363140806,bluti,M,5,12,1.0
1663,3B0018F763,not first visit,2025-02-19 13:35:58.120245,treatment,nah,0.0,2025-02-19,2025-02-19 13:35:59.003,0.1480000019073486,0.0739998817443847,0.0680000782012939,0.0690000057220459,0.9121621504066808,1.82432723968838,1.985291834523672,1.95652157687962,1.5041784088380914,8.217707813871431,2.267107609000283,-0.4200035039416624,-1.6848448198007395,bluti,M,5,12,1.0
1664,3B0018A99B,not first visit,2025-02-19 13:39:37.040476,treatment,SCARE,1.0,2025-02-19,2025-02-19 13:39:39.747,0.1430001258850097,0.0739998817443847,0.0740001201629638,0.0729999542236328,0.9440551129903,1.82432723968838,1.824321361947812,1.8493162281503928,1.483516149252617,8.113106873262982,-7.94289255684788e-05,0.3400660347537917,-1.838398452504426,bluti,M,5,12,0.0
1665,3B0018C2F6,not first visit,2025-02-19 13:44:37.391467,treatment,SCARE,1.0,2025-02-19,2025-02-19 13:44:38.667,0.0779998302459716,0.0520000457763671,0.0420000553131103,0.0399999618530273,1.7307729975088262,2.596151560723325,3.2142814811450893,3.375003218653888,2.547171094656722,13.313529053916854,13.151686290919496,3.9200415576295615,-7.937238806662519,greti,F,6,12,1.0
1666,011016B2E1,not first visit,2025-02-19 13:49:46.051115,treatment,SCARE,0.0,2025-02-19,2025-02-19 13:49:48.427,1.0360000133514404,0.1469998359680175,0.0740001201629638,0.0729999542236328,0.1303088786295258,0.9183683717128204,1.824321361947812,1.8493162281503928,0.4060150608845796,1.332307005003661,8.198671222342279,0.3400660347537917,1.6812841343720013,bluti,F,6,12,1.0
1667,3B0018A99B,not first visit,2025-02-19 13:52:00.856027,treatment,nah,0.0,2025-02-19,2025-02-19 13:52:02.432,0.1480000019073486,0.0740001201629638,0.0729999542236328,0.0740001201629638,0.9121621504066808,1.824321361947812,1.8493162281503928,1.824321361947812,1.4634138550196132,8.217646035818213,0.3400660347537917,-0.3400660347537917,-1.7111889931749442,bluti,M,5,12,1.0
1668,3B0018A99B,not first visit,2025-02-19 13:55:03.803906,treatment,nah,0.0,2025-02-19,2025-02-19 13:55:05.406,0.1450002193450927,0.0669999122619628,0.0729999542236328,0.0669999122619628,0.9310330743618204,2.014928011728786,1.8493162281503928,2.014928011728786,1.5340909174035404,10.225417589607687,-2.3658848788321127,2.3658848788321127,-1.769760324150826,bluti,M,5,12,1.0
1669,3B0018A99B,not first visit,2025-02-19 13:55:03.803906,treatment,nah,0.0,2025-02-19,2025-02-19 13:55:05.970,1.4089999198913574,0.0670001506805419,0.0729999542236328,0.062000036239624,0.0958126385205254,2.0149208416512763,1.8493162281503928,2.177418082115925,0.335195518026871,2.600417495084756,-2.365778420155234,4.860768550273817,2.067980469962272,bluti,M,5,12,1.0
1670,011016B2E1,not first visit,2025-02-19 13:55:08.760682,treatment,SCARE,1.0,2025-02-19,2025-02-19 13:55:11.440,0.1349999904632568,0.0709998607635498,0.1400001049041748,0.062000036239624,1.000000070642547,1.9014121795194685,0.9642849917319906,2.177418082115925,1.32352943651404,8.751580192982402,-8.882723604450561,12.011210324059489,-1.0536001357580873,bluti,F,6,12,1.0
1671,3B0018F763,not first visit,2025-02-19 13:56:31.227323,treatment,SCARE,1.0,2025-02-19,2025-02-19 13:56:32.292,0.1480000019073486,0.0739998817443847,0.0729999542236328,0.0740001201629638,0.9121621504066808,1.82432723968838,1.8493162281503928,1.824321361947812,1.4634148005618668,8.217707813871431,0.3399866169571803,-0.3400660347537917,-1.7111922603520435,bluti,M,5,12,1.0
1672,3B0018C2F6,not first visit,2025-02-19 13:56:41.377313,treatment,nah,0.0,2025-02-19,2025-02-19 13:56:42.333,0.1470000743865966,0.0690000057220459,0.0690000057220459,0.0729999542236328,0.918366882216416,1.95652157687962,1.95652157687962,1.8493162281503928,1.508379719505235,9.612539904068909,0.0,-1.5099349150554262,-1.853775654368712,greti,F,6,12,2.0
1673,3B00484043,not first visit,2025-02-19 13:58:11.515337,treatment,SCARE,0.0,2025-02-19,2025-02-19 13:58:13.118,0.1480000019073486,0.0680000782012939,0.0739998817443847,0.0680000782012939,0.9121621504066808,1.985291834523672,1.82432723968838,1.985291834523672,1.508379719505235,9.936382278906876,-2.267107609000283,2.267107609000283,-1.6633567671030518,bluti,F,5,12,0.0
1674,3B001877B5,not first visit,2025-02-19 13:59:00.043218,treatment,SCARE,0.0,2025-02-19,2025-02-19 13:59:01.045,0.1419999599456787,0.1480000019073486,0.0739998817443847,0.0730001926422119,0.950704493519882,0.9121621504066808,1.82432723968838,1.8493101882848608,1.2356978380292334,-0.2658092978145589,8.217707813871431,0.3399038905351528,-1.035984528220158,greti,M,5,12,0.0
1675,3B0018A99B,not first visit,2025-02-19 14:01:56.045095,treatment,SCARE,0.0,2025-02-19,2025-02-19 14:01:56.948,0.1480000019073486,0.0690000057220459,0.0680000782012939,0.0690000057220459,0.9121621504066808,1.95652157687962,1.985291834523672,1.95652157687962,1.5254233343031716,9.625432163638978,0.4200035039416624,-0.4200035039416624,-1.7590052028094003,bluti,M,5,12,1.0
1676,011016B2E1,not first visit,2025-02-19 14:06:32.798671,treatment,nah,0.0,2025-02-19,2025-02-19 14:06:34.421,0.1429998874664306,0.0730001926422119,0.0739998817443847,0.0740001201629638,0.9440566869795012,1.8493101882848608,1.82432723968838,1.824321361947812,1.483516149252617,8.381973755287868,-0.3399038905351528,-7.94289255684788e-05,-1.870615616645723,bluti,F,6,12,2.0
1677,011016B2E1,not first visit,2025-02-19 14:09:03.467348,treatment,nah,0.0,2025-02-19,2025-02-19 14:09:06.585,0.1449999809265136,0.0680000782012939,0.0669999122619628,0.0729999542236328,0.9310346052281092,1.985291834523672,2.014928011728786,1.8493162281503928,1.5297453648514208,9.899126165622055,0.4390545081287317,-2.3658848788321127,-1.9664000232509795,bluti,F,6,12,2.0
1678,3B0018A99B,not first visit,2025-02-19 14:18:57.203613,treatment,nah,0.0,2025-02-19,2025-02-19 14:18:58.025,0.1719999313354492,0.0789999961853027,0.0739998817443847,0.0730001926422119,0.7848840342657537,1.7088608420099594,1.82432723968838,1.8493101882848608,1.3567839130958297,7.362367127917309,1.5093658797752028,0.3399038905351528,-0.9996342960511116,bluti,M,5,12,1.0
1679,3B0018F763,not first visit,2025-02-19 14:19:36.963472,treatment,SCARE,0.0,2025-02-19,2025-02-19 14:19:37.835,0.1529998779296875,0.0740001201629638,0.0739998817443847,0.0740001201629638,0.8823536451580732,1.824321361947812,1.82432723968838,1.824321361947812,1.4400000000000002,8.299275107529027,7.94289255684788e-05,-7.94289255684788e-05,-1.5498799456628345,bluti,M,5,12,2.0
1680,3B001877B5,not first visit,2025-02-19 14:19:58.684738,treatment,nah,0.0,2025-02-19,2025-02-19 14:20:00.460,0.1429998874664306,0.0740001201629638,0.0729999542236328,0.0739998817443847,0.9440566869795012,1.824321361947812,1.8493162281503928,1.82432723968838,1.4835171209503213,8.113038193728356,0.3400660347537917,-0.3399866169571803,-1.870611462861644,greti,M,5,12,0.0
1681,3B0018A99B,not first visit,2025-02-19 14:21:23.632478,treatment,nah,0.0,2025-02-19,2025-02-19 14:21:24.857,0.1419999599456787,0.0690000057220459,0.0639998912811279,0.0629999637603759,0.950704493519882,1.95652157687962,2.109378583269693,2.142858375498125,1.5976339835533415,9.533812767947682,2.2986033799172896,0.5272414242912437,-1.8941057999258293,bluti,M,5,12,1.0
1682,3B0018F763,not first visit,2025-02-19 14:22:32.858836,treatment,SCARE,0.0,2025-02-19,2025-02-19 14:22:34.198,0.1470000743865966,0.0690000057220459,0.0739998817443847,0.0730001926422119,0.918366882216416,1.95652157687962,1.82432723968838,1.8493101882848608,1.4876026726514302,9.612539904068909,-1.8488733037957423,0.3399038905351528,-1.7805981360546983,bluti,M,5,12,2.0
1683,3B0018C2F6,not first visit,2025-02-19 14:25:00.955689,treatment,SCARE,0.0,2025-02-19,2025-02-19 14:25:02.889,0.1410000324249267,0.0720000267028808,0.0729999542236328,0.0720000267028808,0.9574465883323724,1.874999304612736,1.8493162281503928,1.874999304612736,1.508379719505235,8.615516071099293,-0.3542493771134822,0.3542493771134822,-1.931945221812453,greti,F,6,12,2.0
1684,3B0018C2F6,not first visit,2025-02-19 14:25:00.955689,treatment,SCARE,0.0,2025-02-19,2025-02-19 14:25:04.566,3.6689999103546143,0.1450002193450927,0.0719997882843017,0.0730001926422119,0.0367947678654895,0.9310330743618204,1.875005513445854,1.8493101882848608,0.1363980765119465,0.4689241091172894,8.700206505948202,-0.3544183247033106,1.8316881735226296,greti,F,6,12,2.0
1685,3B00484043,not first visit,2025-02-19 14:28:23.924669,treatment,SCARE,0.0,2025-02-19,2025-02-19 14:28:23.936,4.930999994277954,0.1469998359680175,0.0740001201629638,0.0739998817443847,0.0273778138626357,0.9183683717128204,1.824321361947812,1.82432723968838,0.1033295096332788,0.3509218541297297,8.198671222342279,7.94289255684788e-05,1.8142748016759824,bluti,F,5,12,0.0
1686,3B001877B5,not first visit,2025-02-19 14:37:57.655948,treatment,SCARE,0.0,2025-02-19,2025-02-19 14:38:00.968,0.1330001354217529,0.0729999542236328,0.0739998817443847,0.0740001201629638,1.0150365604659377,1.8493162281503928,1.82432723968838,1.824321361947812,1.5254233343031716,8.099799074074268,-0.3399866169571803,-7.94289255684788e-05,-2.227721381806452,greti,M,5,12,0.0
1687,3B0018A99B,not first visit,2025-02-19 14:39:26.721523,treatment,nah,0.0,2025-02-19,2025-02-19 14:39:27.542,0.5920000076293945,0.0739998817443847,0.0740001201629638,0.0729999542236328,0.2280405376016702,1.82432723968838,1.824321361947812,1.8493162281503928,0.6642066716735548,4.793654556272232,-7.94289255684788e-05,0.3400660347537917,1.3747261225342655,bluti,M,5,12,1.0
1688,3B0018A99B,not first visit,2025-02-19 14:48:31.821253,treatment,SCARE,1.0,2025-02-19,2025-02-19 14:48:33.037,0.1480000019073486,0.064000129699707,0.0729999542236328,0.0739998817443847,0.9121621504066808,2.109370725238046,1.8493162281503928,1.82432723968838,1.5041784088380914,11.294413505840676,-3.796413690274368,-0.3399866169571803,-1.853745565550429,bluti,M,5,12,1.0
1689,3B0018A99B,not first visit,2025-02-19 14:50:01.662767,treatment,SCARE,0.0,2025-02-19,2025-02-19 14:50:02.239,0.1529998779296875,0.0729999542236328,0.0740001201629638,0.0680000782012939,0.8823536451580732,1.8493162281503928,1.824321361947812,1.985291834523672,1.4673911826597146,8.55719735522922,-0.3400660347537917,2.267186587485454,-1.4413235651848435,bluti,M,5,12,2.0
1690,3B004B0F76,not first visit,2025-02-19 14:50:08.282957,treatment,nah,0.0,2025-02-19,2025-02-19 14:50:11.767,0.1510000228881836,0.0740001201629638,0.0739998817443847,0.0740001201629638,0.8940395995831624,1.824321361947812,1.82432723968838,1.824321361947812,1.4477206169989183,8.269165963624978,7.94289255684788e-05,-7.94289255684788e-05,-1.6076914885720692,greti,F,5,12,0.0
1691,3B001877B5,not first visit,2025-02-19 15:01:38.565241,treatment,SCARE,0.0,2025-02-19,2025-02-19 15:01:40.268,0.1480000019073486,0.1420001983642578,0.0739998817443847,0.0740001201629638,0.9121621504066808,0.95070289728539,1.82432723968838,1.824321361947812,1.2328761432383326,0.2657980707779711,8.089111281473405,-7.94289255684788e-05,-0.9651641325112136,greti,M,5,12,0.0
1692,3B0018C2F6,not first visit,2025-02-19 15:02:30.261302,treatment,SCARE,1.0,2025-02-19,2025-02-19 15:02:31.730,0.1480000019073486,0.0739998817443847,0.0740001201629638,0.0690000057220459,0.9121621504066808,1.82432723968838,1.824321361947812,1.95652157687962,1.4794520161393043,8.217707813871431,-7.94289255684788e-05,1.848952427330212,-1.5996660646720842,greti,F,6,12,2.0
1693,3B0018F763,not first visit,2025-02-19 15:08:45.422444,treatment,SCARE,1.0,2025-02-19,2025-02-19 15:08:45.472,2.0440001487731934,0.0729999542236328,0.0740001201629638,0.0739998817443847,0.066046961924649,1.8493162281503928,1.824321361947812,1.82432723968838,0.2384105849844301,1.6847134430474024,-0.3400660347537917,7.94289255684788e-05,1.7695619353640084,bluti,M,5,12,2.0
1694,3B0018F763,not first visit,2025-02-19 15:09:19.309965,treatment,SCARE,1.0,2025-02-19,2025-02-19 15:09:22.632,0.1480000019073486,0.0740001201629638,0.0729999542236328,0.0739998817443847,0.9121621504066808,1.824321361947812,1.8493162281503928,1.82432723968838,1.4634148005618668,8.217646035818213,0.3400660347537917,-0.3399866169571803,-1.7111847490221712,bluti,M,5,12,3.0
1695,3B0018F763,not first visit,2025-02-19 15:10:16.932797,treatment,SCARE,1.0,2025-02-19,2025-02-19 15:10:18.494,0.1430001258850097,0.0690000057220459,0.0729999542236328,0.0639998912811279,0.9440551129903,1.95652157687962,1.8493162281503928,2.109378583269693,1.54727803843663,9.551564484553587,-1.5099349150554262,3.796535013030542,-1.7360602518059745,bluti,M,5,12,4.0
1696,3B0018F763,not first visit,2025-02-19 15:12:21.093464,treatment,SCARE,1.0,2025-02-19,2025-02-19 15:12:22.190,0.0980000495910644,0.1469998359680175,0.0740001201629638,0.0739998817443847,1.3775503233246238,0.9183683717128204,1.824321361947812,1.82432723968838,1.3740461949779206,-3.748425845701638,8.198671222342279,7.94289255684788e-05,-2.6628085069710505,bluti,M,5,12,5.0
1697,3B0018A99B,not first visit,2025-02-19 15:12:47.021173,treatment,nah,0.0,2025-02-19,2025-02-19 15:12:48.293,0.1470000743865966,0.0739998817443847,0.0729999542236328,0.0740001201629638,0.918366882216416,1.82432723968838,1.8493162281503928,1.824321361947812,1.4673911826597146,8.198737894183317,0.3399866169571803,-0.3400660347537917,-1.742152891660959,bluti,M,5,12,2.0
1698,0700ED9568,not first visit,2025-02-19 15:14:24.014256,treatment,SCARE,1.0,2025-02-19,2025-02-19 15:14:25.339,0.1400001049041748,0.0729999542236328,0.0729999542236328,0.0720000267028808,0.9642849917319906,1.8493162281503928,1.8493162281503928,1.874999304612736,1.508379719505235,8.310150147773927,0.0,0.3542493771134822,-1.951528831347796,greti,M,6,12,0.0
1699,3B0018F763,not first visit,2025-02-19 15:15:07.944249,treatment,SCARE,0.0,2025-02-19,2025-02-19 15:15:08.683,0.1449999809265136,0.0669999122619628,0.0680000782012939,0.0729999542236328,0.9310346052281092,2.014928011728786,1.985291834523672,1.8493162281503928,1.5297453648514208,10.225414647139011,-0.4390545081287317,-1.928731561755867,-1.9664000232509795,bluti,M,5,12,6.0
1700,3B0018F763,not first visit,2025-02-19 15:16:10.174824,treatment,SCARE,0.0,2025-02-19,2025-02-19 15:16:10.905,0.1430001258850097,0.0690000057220459,0.0629999637603759,0.0739998817443847,0.9440551129903,1.95652157687962,2.142858375498125,1.82432723968838,1.54727803843663,9.551564484553587,2.8232854802791363,-4.650094817788331,-2.101058281348634,bluti,M,5,12,6.0
1701,3B0018A99B,not first visit,2025-02-19 15:17:05.482345,treatment,nah,0.0,2025-02-19,2025-02-19 15:17:06.936,0.1429998874664306,0.0729999542236328,0.0690000057220459,0.0740001201629638,0.9440566869795012,1.8493162281503928,1.95652157687962,1.824321361947812,1.5041784088380914,8.382038931952945,1.5099349150554262,-1.848952427330212,-1.9443685524450285,bluti,M,5,12,2.0
1702,3B0018F763,not first visit,2025-02-19 15:17:25.401911,treatment,nah,0.0,2025-02-19,2025-02-19 15:17:26.484,0.1480000019073486,0.0629999637603759,0.064000129699707,0.0679998397827148,0.9121621504066808,2.142858375498125,2.109370725238046,1.9852987952821064,1.5743443209795878,11.665368960576057,-0.527364182934315,-1.879878161221272,-1.896242033997868,bluti,M,5,12,6.0
1703,3B0018A99B,not first visit,2025-02-19 15:17:37.719285,treatment,nah,0.0,2025-02-19,2025-02-19 15:17:39.123,0.1430001258850097,0.0739998817443847,0.064000129699707,0.0739998817443847,0.9440551129903,1.82432723968838,2.109370725238046,1.82432723968838,1.5211266788360878,8.113106873262982,4.131064665384407,-4.131064665384407,-2.0055107098110545,bluti,M,5,12,2.0
1704,3B0018A99B,not first visit,2025-02-19 15:18:53.300482,treatment,SCARE,0.0,2025-02-19,2025-02-19 15:18:54.336,0.1440000534057617,0.0629999637603759,0.0740001201629638,0.0739998817443847,0.9374996523063678,2.142858375498125,1.824321361947812,1.82432723968838,1.5211266788360878,11.645977036072797,-4.650172531697925,7.94289255684788e-05,-1.986646158877821,bluti,M,5,12,2.0
1705,3B0018F763,not first visit,2025-02-19 15:20:56.972611,treatment,nah,0.0,2025-02-19,2025-02-19 15:20:58.984,0.1619999408721923,0.0720000267028808,0.0770001411437988,0.0690000057220459,0.8333336374888334,1.874999304612736,1.7532435394876178,1.95652157687962,1.4210522036144246,8.903126593722359,-1.6343037311260449,2.784627848063578,-1.1940765055455276,bluti,M,5,12,6.0
1706,3B001877B5,not first visit,2025-02-19 15:21:23.793363,treatment,nah,0.0,2025-02-19,2025-02-19 15:21:26.173,0.2969999313354492,0.1489999294281005,0.0740001201629638,0.0729999542236328,0.4545455596335578,0.9060406975906912,1.824321361947812,1.8493162281503928,0.9106240456219832,2.024642506319063,8.235699194157634,0.3400660347537917,0.7352339533137977,greti,M,5,12,0.0
1707,3B0018C2F6,not first visit,2025-02-19 15:28:43.912770,treatment,nah,0.0,2025-02-19,2025-02-19 15:28:46.860,0.1480000019073486,0.0740001201629638,0.0789999961853027,0.0729999542236328,0.9121621504066808,1.824321361947812,1.7088608420099594,1.8493162281503928,1.4438499875690871,8.217646035818213,-1.5092866945935626,1.8480977890131889,-1.612398472317118,greti,F,6,12,3.0
1708,3B0018C2F6,not first visit,2025-02-19 15:28:46.679042,treatment,SCARE,0.0,2025-02-19,2025-02-19 15:28:46.860,0.1480000019073486,0.0740001201629638,0.0789999961853027,0.0729999542236328,0.9121621504066808,1.824321361947812,1.7088608420099594,1.8493162281503928,1.4438499875690871,8.217646035818213,-1.5092866945935626,1.8480977890131889,-1.612398472317118,greti,F,6,12,3.0
1709,0700ED9568,not first visit,2025-02-19 15:34:10.195572,treatment,nah,0.0,2025-02-19,2025-02-19 15:34:10.404,0.1410000324249267,0.0739998817443847,0.0680000782012939,0.0739998817443847,0.9574465883323724,1.82432723968838,1.985291834523672,1.82432723968838,1.5126055753903855,8.064009278378993,2.267107609000283,-2.267107609000283,-2.013135312317058,greti,M,6,12,1.0
1710,3B001877B5,not first visit,2025-02-19 15:34:45.574691,treatment,SCARE,0.0,2025-02-19,2025-02-19 15:34:47.669,0.1449999809265136,0.1500000953674316,0.0729999542236328,0.0720000267028808,0.9310346052281092,0.899999427795774,1.8493162281503928,1.874999304612736,1.2272725676702283,-0.2104079281756583,8.514050127750808,0.3542493771134822,-0.93355108825404,greti,M,5,12,0.0
1711,0700ED9568,not first visit,2025-02-19 15:35:54.773024,treatment,SCARE,0.0,2025-02-19,2025-02-19 15:35:57.032,0.0939998626708984,0.0629999637603759,0.0559999942779541,0.0520000457763671,1.436172310938863,2.142858375498125,2.410714532039629,2.596151560723325,2.0377368757253778,9.002380201593517,4.501785730970207,3.434017776112417,-4.88391597690848,greti,M,6,12,1.0
1712,0700ED9568,not first visit,2025-02-19 15:37:40.662736,treatment,SCARE,0.0,2025-02-19,2025-02-19 15:37:41.890,0.0719997882843017,0.0670001506805419,0.053999900817871,0.0470001697540283,1.875005513445854,2.0149208416512763,2.500004591773661,2.8723300512851733,2.2499999105930364,2.0131710739932047,8.017909812687087,7.372776224873294,-7.515510372172569,greti,M,6,12,1.0
1713,3B0018C2F6,not first visit,2025-02-19 16:02:03.098872,treatment,SCARE,0.0,2025-02-19,2025-02-19 16:02:03.100,0.1470000743865966,0.0740001201629638,0.0639998912811279,0.0740001201629638,0.918366882216416,1.824321361947812,2.109378583269693,1.824321361947812,1.5041774098857985,8.198675857076957,4.131263734530435,-4.131263734530435,-1.871318398336412,greti,F,6,12,3.0
1714,3B0018C2F6,not first visit,2025-02-19 16:02:03.098872,treatment,SCARE,0.0,2025-02-19,2025-02-19 16:02:03.688,1.3949999809265137,0.0740001201629638,0.0739998817443847,0.0740001201629638,0.0967741948715564,1.824321361947812,1.82432723968838,1.824321361947812,0.3339517412517196,2.3520041500269846,7.94289255684788e-05,-7.94289255684788e-05,1.7146622241351144,greti,F,6,12,3.0
1715,3B0018C2F6,not first visit,2025-02-19 16:04:21.206925,treatment,SCARE,1.0,2025-02-19,2025-02-19 16:04:22.490,0.1429998874664306,0.0740001201629638,0.0739998817443847,0.0680000782012939,0.9440566869795012,1.824321361947812,1.82432723968838,1.985291834523672,1.5041784088380914,8.113038193728356,7.94289255684788e-05,2.267107609000283,-1.7387978846266263,greti,F,6,12,3.0
1716,3B00484043,not first visit,2025-02-19 16:14:15.937854,treatment,nah,0.0,2025-02-19,2025-02-19 16:14:16.228,8.093000173568726,0.1469998359680175,0.0690000057220459,0.0740001201629638,0.0166810820591481,0.9183683717128204,1.95652157687962,1.824321361947812,0.0644160791216344,0.2188561380121565,9.612536722655909,-1.848952427330212,1.8204415893920387,bluti,F,5,12,0.0
1717,3B001877B5,not first visit,2025-02-19 16:27:03.894779,treatment,nah,0.0,2025-02-19,2025-02-19 16:27:05.483,0.3409998416900635,0.1440000534057617,0.0720000267028808,0.0670001506805419,0.3958946119473633,0.9374996523063678,1.874999304612736,2.0149208416512763,0.8653845148679185,2.23342332992462,8.680549116785782,2.0132569565372043,1.072314793955493,greti,M,5,12,0.0
1718,3B0018A99B,not first visit,2025-02-19 16:27:15.221891,treatment,nah,0.0,2025-02-19,2025-02-19 16:27:16.604,0.1439998149871826,0.0720000267028808,0.0710000991821289,0.0720000267028808,0.9375012045120774,1.874999304612736,1.90140579457078,1.874999304612736,1.5041784088380914,8.680544326008045,0.3693212127558359,-0.3693212127558359,-1.860064559819089,bluti,M,5,12,2.0
1719,3B0018C2F6,not first visit,2025-02-19 16:29:40.167096,treatment,SCARE,0.0,2025-02-19,2025-02-19 16:29:40.263,0.1470000743865966,0.0789999961853027,0.0739998817443847,0.0680000782012939,0.918366882216416,1.7088608420099594,1.82432723968838,1.985291834523672,1.4673911826597146,6.995519583628241,1.5093658797752028,2.267107609000283,-1.5401094844647398,greti,F,6,12,4.0
1720,3B001877B5,not first visit,2025-02-19 16:31:36.975884,treatment,nah,0.0,2025-02-19,2025-02-19 16:31:38.099,0.5469999313354492,0.1480000019073486,0.0730001926422119,0.0690000057220459,0.2468007622421635,0.9121621504066808,1.8493101882848608,1.95652157687962,0.6451611888796124,1.914709214603834,8.480970252431328,1.5100174482818842,1.4899796370699914,greti,M,5,12,0.0
1721,3B001877B5,not first visit,2025-02-19 16:31:36.975884,treatment,nah,0.0,2025-02-19,2025-02-19 16:31:39.501,0.2209999561309814,0.0740001201629638,0.0739998817443847,0.0740001201629638,0.6108598497639008,1.824321361947812,1.82432723968838,1.824321361947812,1.218961410103026,8.22685558206289,7.94289255684788e-05,-7.94289255684788e-05,-0.2428859712613726,greti,M,5,12,0.0
1722,3B0018A99B,not first visit,2025-02-19 16:32:54.976214,treatment,nah,0.0,2025-02-19,2025-02-19 16:32:56.945,0.1410000324249267,0.0729999542236328,0.0740001201629638,0.0690000057220459,0.9574465883323724,1.8493162281503928,1.824321361947812,1.95652157687962,1.5126045652134714,8.33523079870738,-0.3400660347537917,1.848952427330212,-1.8428682375691303,bluti,M,5,12,2.0
1723,3B0018C2F6,not first visit,2025-02-19 16:36:40.353429,treatment,nah,0.0,2025-02-19,2025-02-19 16:36:41.291,0.1420001983642578,0.0739998817443847,0.0690000057220459,0.0680000782012939,0.95070289728539,1.82432723968838,1.95652157687962,1.985291834523672,1.5297443316515715,8.089111281473405,1.8488733037957423,0.4200035039416624,-1.8481871919938555,greti,F,6,12,4.0
1724,3B0018A99B,not first visit,2025-02-19 16:36:54.364519,treatment,SCARE,0.0,2025-02-19,2025-02-19 16:36:55.340,0.1420001983642578,0.0729999542236328,0.0690000057220459,0.0739998817443847,0.95070289728539,1.8493162281503928,1.95652157687962,1.82432723968838,1.508379719505235,8.359187842879845,1.5099349150554262,-1.8488733037957423,-1.97848434945318,bluti,M,5,12,2.0
1725,3B001877B5,not first visit,2025-02-19 16:37:40.714433,treatment,nah,0.0,2025-02-19,2025-02-19 16:37:41.409,0.3230001926422119,0.1469998359680175,0.0740001201629638,0.0739998817443847,0.4179564070710627,0.9183683717128204,1.824321361947812,1.82432723968838,0.873786364618376,2.12941248587348,8.198671222342279,7.94289255684788e-05,0.8280068255710521,greti,M,5,12,0.0
1726,3B001877B5,not first visit,2025-02-19 16:39:28.709616,treatment,SCARE,1.0,2025-02-19,2025-02-19 16:39:30.502,0.6109998226165771,0.0690000057220459,0.0730001926422119,0.0639998912811279,0.2209493276477054,1.95652157687962,1.8493101882848608,2.109378583269693,0.6609547833425646,5.104625551074823,-1.5100174482818842,3.7966165791600095,1.6485875464398283,greti,M,5,12,0.0
1727,3B001877B5,not first visit,2025-02-19 16:39:28.709616,treatment,SCARE,1.0,2025-02-19,2025-02-19 16:39:31.553,3.00600004196167,0.0739998817443847,0.064000129699707,0.0739998817443847,0.0449101790138036,1.82432723968838,2.109370725238046,1.82432723968838,0.1678060941212556,1.155465652436424,4.131064665384407,-4.131064665384407,1.7975631278120496,greti,M,5,12,1.0
