,id,event2,datetime,bodyweight,impulse,duration
0,3B00190DF0,1-2024-12-13,2024-12-13 09:07:05.426,0.1761565842871426,0.02434721968569721,0.05700000000000016
1,3B00192E1E,2-2024-12-13,2024-12-13 09:20:17.427,0.0979150238198056,0.011977762267293185,0.061000000000000054
2,01103F97C4,4-2024-12-13,2024-12-13 09:22:10.425,0.1526942817919549,0.0193419222790847,0.07499999999999996
3,01103FD2E8,6-2024-12-13,2024-12-13 09:23:26.426,0.1381334567734518,0.02355562783737939,0.07200000000000001
4,3B00190DF0,7-2024-12-13,2024-12-13 09:23:31.425,0.1761565842871426,0.02474137054798436,0.051999999999999935
5,01103FD2E8,13-2024-12-13,2024-12-13 09:25:03.424,0.1381334567734518,0.02255159916556204,0.06600000000000003
6,3B001874E8,14-2024-12-13,2024-12-13 09:26:02.424,0.0986890848119866,0.01071806459583146,0.05600000000000005
7,01103F97C4,15-2024-12-13,2024-12-13 09:26:08.426,0.1508958322133002,0.020592972253331374,0.06400000000000006
8,3B00190DF0,16-2024-12-13,2024-12-13 09:27:37.425,0.1761565842871426,0.026364491602955238,0.05699999999999994
9,3B004C5268,19-2024-12-13,2024-12-13 09:29:01.425,0.088198340287581,0.009888486103229841,0.06299999999999994
10,3B00190DF0,20-2024-12-13,2024-12-13 09:29:19.425,0.1684911460387906,0.0252507031805548,0.06899999999999995
11,01103F9A64,21-2024-12-13,2024-12-13 09:29:38.424,0.1902323792443684,0.02669420427502149,0.06299999999999994
12,3B0018A99B,22-2024-12-13,2024-12-13 09:29:48.425,0.0923363193677862,0.029621439289338785,0.07800000000000029
13,3B00192E1E,23-2024-12-13,2024-12-13 09:29:58.424,0.1013994993325588,0.011871580146684475,0.052999999999999936
14,3B0018A99B,26-2024-12-13,2024-12-13 09:30:34.425,0.0953464577083411,0.0042197067904877475,0.040000000000000036
15,3B00190DF0,28-2024-12-13,2024-12-13 09:31:18.425,0.1694606919829961,0.025102760984760452,0.06999999999999984
16,3B001874E8,30-2024-12-13,2024-12-13 09:32:30.424,0.1003348323605246,0.011063868067668192,0.052000000000000046
17,01103F97C4,31-2024-12-13,2024-12-13 09:32:39.424,0.1544235389457985,0.022539433624576694,0.06300000000000017
18,3B001874E8,34-2024-12-13,2024-12-13 09:33:36.425,0.1006000470113841,0.014609402471245017,0.050999999999999934
19,01103F97C4,35-2024-12-13,2024-12-13 09:33:45.425,0.1540809659686908,0.022106546643250766,0.05799999999999983
20,3B0018C2F6,36-2024-12-13,2024-12-13 09:34:08.425,0.1542948495364501,0.02363248621457295,0.050000000000000044
21,3B004AB6A7,38-2024-12-13,2024-12-13 09:34:39.426,0.1007963494076371,0.012494724257732128,0.05900000000000016
22,01103F97C4,39-2024-12-13,2024-12-13 09:34:52.425,0.1573547771801255,0.020558058701970996,0.06300000000000017
23,3B0018C6F9,40-2024-12-13,2024-12-13 09:35:00.426,0.0986842036561584,0.0288793474835006,0.08299999999999996
24,3B001874E8,41-2024-12-13,2024-12-13 09:35:46.425,0.1089447303274795,0.01426765940687119,0.04800000000000004
25,3B001874E8,43-2024-12-13,2024-12-13 09:36:56.424,0.1029209477642702,0.00972312245579601,0.05900000000000016
26,01103FA4B2,45-2024-12-13,2024-12-13 09:37:57.425,0.0955488964198489,0.012594010831145192,0.05399999999999938
27,3B0018A99B,46-2024-12-13,2024-12-13 10:10:22.413,0.108017163899494,0.024555474027666932,0.0950000000000002
28,3B0019B8CC,48-2024-12-13,2024-12-13 10:11:25.414,0.159959731469869,0.026222680494388993,0.05499999999999994
29,3B00192E1E,49-2024-12-13,2024-12-13 10:12:44.416,0.0982758379283035,0.0038116063236196323,0.03500000000000014
30,01103FA4B2,53-2024-12-13,2024-12-13 10:26:50.415,0.0964240240831839,0.013958433290017773,0.07899999999999974
31,01103F97C4,56-2024-12-13,2024-12-13 10:31:49.416,0.1557661099369265,0.02034657614512734,0.06400000000000006
32,01103F97C4,58-2024-12-13,2024-12-13 10:32:43.415,0.1576934889796258,0.021547374402805682,0.05699999999999994
33,3B004AB6A7,59-2024-12-13,2024-12-13 10:36:00.416,0.1020798694285339,0.01333624909688614,0.052000000000000046
34,01103F97C4,60-2024-12-13,2024-12-13 10:37:03.416,0.1580684895313029,0.022594494291116606,0.052999999999999936
35,3B004AB6A7,61-2024-12-13,2024-12-13 10:42:25.412,0.1033396105196004,0.012063128902902391,0.054999999999999716
36,01103F97C4,62-2024-12-13,2024-12-13 10:42:54.413,0.1589131385604813,0.020383319162715085,0.06200000000000028
37,3B00190DF0,63-2024-12-13,2024-12-13 10:44:01.414,0.1717502257699087,0.02634009347966219,0.07599999999999996
38,01103F97C4,64-2024-12-13,2024-12-13 10:44:14.413,0.1627154329015636,0.021742994939647493,0.05800000000000005
39,3B00192E1E,65-2024-12-13,2024-12-13 10:47:35.409,0.1013994993325588,0.012644736352709598,0.05400000000000005
40,01103F97C4,66-2024-12-13,2024-12-13 10:47:51.410,0.1628602208139768,0.021793024471471845,0.04599999999999982
41,3B00190DF0,67-2024-12-13,2024-12-13 10:48:25.410,0.1753688654268071,0.02476342336583273,0.05499999999999994
42,3B0018A99B,68-2024-12-13,2024-12-13 10:50:02.408,0.0953464577083411,0.0022572213448886634,0.030999999999999917
43,3B00190DF0,70-2024-12-13,2024-12-13 10:50:45.408,0.1748228113190651,0.02477106717747173,0.06999999999999984
44,3B00192E1E,71-2024-12-13,2024-12-13 10:50:53.409,0.1013994993325588,0.00825110931093267,0.05399999999999994
45,3B0019B8CC,73-2024-12-13,2024-12-13 10:51:30.407,0.1676409167014241,0.023717298917864997,0.058000000000000274
46,3B00192E1E,77-2024-12-13,2024-12-13 10:52:16.409,0.1013994993325588,0.0034893632207650288,0.03399999999999992
47,3B004CD4DE,79-2024-12-13,2024-12-13 10:52:44.409,0.1039052092457154,0.013379600994784129,0.061000000000000054
48,3B0019B8CC,80-2024-12-13,2024-12-13 10:52:55.407,0.1537967826851558,0.02192649378145207,0.06499999999999995
49,3B00190DF0,81-2024-12-13,2024-12-13 10:53:24.407,0.1761565842871426,0.026863450253603267,0.050000000000000044
50,3B00192E1E,83-2024-12-13,2024-12-13 10:55:42.406,0.1008491137419811,0.010955187541400145,0.05800000000000005
51,3B004CD4DE,85-2024-12-13,2024-12-13 10:56:28.405,0.1039052092457154,0.011233911180422983,0.05699999999999994
52,3B00190DF0,88-2024-12-13,2024-12-13 10:57:56.404,0.1761565842871426,0.02817546347025259,0.051000000000000156
53,01103F97C4,91-2024-12-13,2024-12-13 10:59:02.403,0.165457145742121,0.02217886609038565,0.053999999999999826
54,3B004AB6A7,92-2024-12-13,2024-12-13 11:01:32.403,0.1066743219965796,0.015869997437128757,0.05300000000000038
55,01103FA4B2,96-2024-12-13,2024-12-13 11:08:56.403,0.1022732142130403,0.011431159128245202,0.05500000000000005
56,3B0019B8CC,97-2024-12-13,2024-12-13 11:32:52.406,0.1681614826453031,0.024316542722897596,0.05899999999999994
57,01103F97C4,99-2024-12-13,2024-12-13 11:33:38.406,0.1607008122987119,0.022731553388084202,0.05500000000000016
58,3B00192E1E,100-2024-12-13,2024-12-13 11:33:48.406,0.1012831780449346,0.011652448037730868,0.04800000000000004
59,3B00190DF0,103-2024-12-13,2024-12-13 11:34:48.405,0.1761565842871426,0.023602273771154963,0.06900000000000017
60,01103F97C4,105-2024-12-13,2024-12-13 11:36:23.405,0.1644825224170163,0.019175704060647055,0.05799999999999983
61,3B00192E1E,106-2024-12-13,2024-12-13 11:45:25.402,0.1019736733944462,0.00434501113573019,0.040000000000000036
62,3B0019B8CC,107-2024-12-13,2024-12-13 11:45:29.402,0.159959731469869,0.02039904363883534,0.05400000000000005
63,01103F97C4,110-2024-12-13,2024-12-13 11:53:22.403,0.1614256895772706,0.023457492126959523,0.055000000000000604
64,3B004CD4DE,112-2024-12-13,2024-12-13 11:54:03.402,0.1039052092457154,0.01436466365213937,0.04700000000000015
65,3B0019B8CC,113-2024-12-13,2024-12-13 11:54:28.405,0.1712059321066786,0.020526097002735406,0.05800000000000005
66,3B00190DF0,114-2024-12-13,2024-12-13 11:54:42.403,0.1813243017202291,0.027530434534184973,0.05700000000000016
67,3B0018A99B,115-2024-12-13,2024-12-13 11:55:42.403,0.0951192162962931,0.0029770493557459807,0.07700000000000001
68,01103F97C4,117-2024-12-13,2024-12-13 11:56:25.402,0.1602086391404146,0.024437231762492677,0.07699999999999996
69,3B00190DF0,119-2024-12-13,2024-12-13 11:57:09.403,0.1809161986241253,0.024847508562602216,0.06500000000000017
70,3B00190DF0,120-2024-12-13,2024-12-13 11:58:16.403,0.1825564427889242,0.023000417280582074,0.06099999999999994
71,3B00190DF0,122-2024-12-13,2024-12-13 11:59:00.403,0.1761565842871426,0.026163803834817048,0.050000000000000044
72,01103F97C4,123-2024-12-13,2024-12-13 11:59:43.403,0.1727216869190341,0.02240862196476526,0.052000000000000046
73,3B00190DF0,124-2024-12-13,2024-12-13 12:00:08.404,0.1761565842871426,0.02634662032843632,0.061000000000000054
74,3B004AB6A7,127-2024-12-13,2024-12-13 12:21:14.405,0.1025863851846929,0.012383236812612154,0.05499999999999994
75,01103FA4B2,128-2024-12-13,2024-12-13 12:21:50.405,0.1022732142130403,0.011204272319187284,0.06299999999999994
76,3B004AB6A7,129-2024-12-13,2024-12-13 12:21:57.404,0.1025863851846929,0.014303027320440547,0.06299999999999994
77,3B0019B8CC,130-2024-12-13,2024-12-13 12:22:14.404,0.159959731469869,0.02811204648807997,0.05500000000000016
78,01103F97C4,131-2024-12-13,2024-12-13 12:22:21.404,0.1645190533512198,0.022698791817283778,0.07100000000000017
79,01103F97C4,132-2024-12-13,2024-12-13 12:23:10.406,0.1653905288623084,0.025310669809375973,0.05500000000000016
80,3B00192E1E,133-2024-12-13,2024-12-13 12:23:16.405,0.1013994993325588,0.011437985931309807,0.065
81,01103F97C4,136-2024-12-13,2024-12-13 12:38:14.407,0.1637622585960942,0.023673873539085094,0.05699999999999994
82,3B00190DF0,137-2024-12-13,2024-12-13 12:56:21.408,0.1761565842871426,0.0265451566155864,0.05300000000000005
83,3B00192E1E,139-2024-12-13,2024-12-13 12:58:27.408,0.1022993521235959,0.011554693813173146,0.061000000000000054
84,3B00199DE5,141-2024-12-13,2024-12-13 12:58:47.406,0.1009597415596893,0.016301645697916506,0.04800000000000004
85,3B00192E1E,144-2024-12-13,2024-12-13 13:04:22.404,0.1000743471650401,0.01264083669478233,0.04699999999999993
86,3B0018A99B,145-2024-12-13,2024-12-13 13:04:56.406,0.0953464577083411,0.00508944053078871,0.040000000000000036
87,01103F97C4,146-2024-12-13,2024-12-13 13:05:33.405,0.1631684261619115,0.02073706738155161,0.07000000000000028
88,3B0018A99B,147-2024-12-13,2024-12-13 13:05:44.404,0.0953464577083411,0.004228514119916717,0.03600000000000003
89,3B004AB6A7,148-2024-12-13,2024-12-13 13:32:18.408,0.1025863851846928,0.013073215957377819,0.04899999999999993
90,3B004AB6A7,149-2024-12-13,2024-12-13 13:41:57.409,0.1025863851846928,0.013038398142746243,0.05900000000000016
91,3B00199DE5,150-2024-12-13,2024-12-13 13:42:45.409,0.1002564882618714,0.011943644965462233,0.05399999999999999
92,3B0019B8CC,151-2024-12-13,2024-12-13 13:42:51.409,0.159959731469869,0.024850828354803782,0.05499999999999994
93,3B00192E1E,152-2024-12-13,2024-12-13 13:45:32.408,0.1013994993325588,0.004271327371421467,0.03699999999999998
94,01103F97C4,154-2024-12-13,2024-12-13 13:45:49.407,0.1612499157819422,0.02292367417238325,0.052999999999999936
95,01103F97C4,157-2024-12-13,2024-12-13 13:47:23.406,0.1650727734615411,0.02183416923469079,0.05400000000000005
96,3B00192E1E,159-2024-12-13,2024-12-13 13:47:39.405,0.1013994993325588,0.004032719426835547,0.040000000000000036
97,01103FA4B2,160-2024-12-13,2024-12-13 13:48:14.409,0.1022732142130403,0.012629845155382713,0.06900000000000006
98,3B0018A99B,163-2024-12-13,2024-12-13 13:49:37.407,0.0968020704287522,0.002993851744205647,0.06399999999999995
99,3B0019B8CC,164-2024-12-13,2024-12-13 13:49:44.406,0.159959731469869,0.02515192630950605,0.08099999999999996
100,01103F97C4,165-2024-12-13,2024-12-13 14:04:30.404,0.1659271004532454,0.0216083197142495,0.05800000000000005
101,3B00192E1E,166-2024-12-13,2024-12-13 14:04:47.405,0.1013994993325588,0.013644315318311609,0.050000000000000044
102,3B0019B8CC,167-2024-12-13,2024-12-13 14:05:37.404,0.159959731469869,0.023768823102659008,0.062
103,01103F97C4,168-2024-12-13,2024-12-13 14:06:21.404,0.1658440077120214,0.024407895900923692,0.054999999999999716
104,3B004AB6A7,169-2024-12-13,2024-12-13 14:06:26.404,0.1025863851846929,0.005285339615539629,0.06699999999999995
105,3B00199DE5,172-2024-12-13,2024-12-13 14:33:05.405,0.1002564882618714,0.01680249348510612,0.050999999999999934
106,01103F97C4,173-2024-12-13,2024-12-13 14:34:20.406,0.1630764032154719,0.022536053207853197,0.05799999999999983
107,3B00192E1E,174-2024-12-13,2024-12-13 14:34:30.406,0.1013994993325588,0.012488023540186173,0.04800000000000004
108,01103FA4B2,176-2024-12-13,2024-12-13 14:35:22.405,0.0989233720789709,0.012279689252446956,0.06700000000000017
109,3B00192E1E,179-2024-12-13,2024-12-13 14:36:52.406,0.1013994993325588,0.0038243831584893855,0.033999999999999975
110,01103F97C4,180-2024-12-13,2024-12-13 14:38:06.405,0.1598146914690822,0.023136672700467244,0.06999999999999984
111,3B0019B8CC,182-2024-12-13,2024-12-13 14:39:32.408,0.159959731469869,0.025369406386787446,0.05600000000000005
112,01103FA4B2,183-2024-12-13,2024-12-13 14:40:24.404,0.1001079277544993,0.012985684793434048,0.052999999999999936
113,3B00199DE5,184-2024-12-13,2024-12-13 14:40:27.405,0.1002564882618714,0.003251168887701159,0.041999999999999815
114,01103F97C4,187-2024-12-13,2024-12-13 15:34:04.403,0.1598146914690822,0.02411750959860879,0.052000000000000046
115,3B0018A99B,188-2024-12-13,2024-12-13 15:34:44.404,0.0953464577083411,0.0051106805548888695,0.03699999999999992
116,3B0018A99B,189-2024-12-13,2024-12-13 15:36:38.405,0.0953464577083411,0.004707300781455113,0.03600000000000003
117,3B0018A99B,190-2024-12-13,2024-12-13 15:42:59.402,0.0983172362843738,0.011557393703331954,0.050000000000000266
118,3B0018A99B,191-2024-12-13,2024-12-13 15:45:30.402,0.0953464577083411,0.005039389979795291,0.03700000000000003
119,3B00199DE5,192-2024-12-13,2024-12-13 15:48:37.399,0.1015895208130954,0.013867525928891528,0.05599999999999983
120,3B0018A99B,194-2024-12-13,2024-12-13 15:50:39.400,0.0953464577083411,0.004527090281434568,0.03400000000000003
121,3B00182A81,1-2024-12-16,2024-12-16 07:58:14.016,0.0989691687162382,0.010896554618506039,0.051999999999999935
122,01103F9A64,2-2024-12-16,2024-12-16 08:00:44.014,0.1902323792443685,0.02495351046194521,0.04899999999999993
123,3B00190DF0,4-2024-12-16,2024-12-16 08:02:00.013,0.1761565842871426,0.024114727689982546,0.07199999999999995
124,3B00199DE5,6-2024-12-16,2024-12-16 08:02:37.014,0.1002564882618714,0.010010654189987275,0.07200000000000006
125,3B00182A81,7-2024-12-16,2024-12-16 08:03:39.015,0.0989691687162381,0.011900096955834214,0.050999999999999934
126,3B00190DF0,8-2024-12-16,2024-12-16 08:03:54.013,0.1619807083748232,0.024755574390723126,0.06899999999999995
127,01103F9A64,9-2024-12-16,2024-12-16 08:04:09.013,0.1697686682446322,0.029788868592903445,0.04899999999999993
128,3B00190DF0,11-2024-12-16,2024-12-16 08:05:16.015,0.1642268912110599,0.025126200841303677,0.06399999999999983
129,01103F9A64,12-2024-12-16,2024-12-16 08:05:44.015,0.1692112791828869,0.027414475656297232,0.06699999999999973
130,01103F9A64,13-2024-12-16,2024-12-16 08:08:18.013,0.1902323792443684,0.027650832701458527,0.05400000000000005
131,3B00192E1E,17-2024-12-16,2024-12-16 08:09:32.014,0.1013994993325588,0.008591397829755282,0.05600000000000005
132,3B0018A99B,18-2024-12-16,2024-12-16 08:09:39.013,0.088607092967871,0.005019749330712397,0.039000000000000146
133,3B0018A99B,21-2024-12-16,2024-12-16 08:11:15.015,0.0953464577083411,0.010057064830718132,0.05499999999999994
134,3B00182A81,22-2024-12-16,2024-12-16 08:11:20.013,0.0989691687162381,0.0042831099421540815,0.038999999999999924
135,01103F9A64,24-2024-12-16,2024-12-16 08:12:27.013,0.1902323792443684,0.026086022109630104,0.052999999999999936
136,3B00190DF0,25-2024-12-16,2024-12-16 08:13:12.013,0.1761565842871426,0.02320373586206389,0.04599999999999993
137,3B00192E1E,26-2024-12-16,2024-12-16 08:13:34.016,0.1013994993325588,0.01184625207404601,0.04500000000000015
138,3B00182A81,27-2024-12-16,2024-12-16 08:14:13.014,0.0989691687162381,0.0038650926127867433,0.065
139,01103F9A64,28-2024-12-16,2024-12-16 08:14:33.013,0.1902323792443684,0.027963155478614086,0.07899999999999996
140,01103F9A64,29-2024-12-16,2024-12-16 08:14:41.013,0.1749705941054441,0.028783009479116446,0.06100000000000039
141,3B0019B8CC,32-2024-12-16,2024-12-16 08:17:42.013,0.159959731469869,0.025851392778322237,0.08200000000000002
142,3B0019B8CC,33-2024-12-16,2024-12-16 08:18:38.015,0.159959731469869,0.02216460578727585,0.07699999999999996
143,3B004CD4DE,34-2024-12-16,2024-12-16 08:18:57.013,0.1039052092457154,0.014106591061243423,0.04400000000000004
144,01103F9A64,36-2024-12-16,2024-12-16 08:19:41.012,0.1902323792443684,0.026294412341108155,0.05300000000000016
145,01103F9A64,37-2024-12-16,2024-12-16 08:21:17.014,0.1902323792443684,0.02685686435075235,0.05400000000000005
146,3B00182A81,39-2024-12-16,2024-12-16 08:26:03.014,0.0989691687162381,0.011908214772824386,0.05900000000000005
147,3B00190DF0,41-2024-12-16,2024-12-16 08:28:44.013,0.1761565842871426,0.024509859210486394,0.04699999999999993
148,3B0019B8CC,42-2024-12-16,2024-12-16 08:39:07.016,0.1616516975355147,0.023979260502764912,0.052999999999999936
149,3B0019B8CC,43-2024-12-16,2024-12-16 08:39:54.017,0.159959731469869,0.025501071514815784,0.05700000000000016
150,3B00190DF0,44-2024-12-16,2024-12-16 08:39:58.016,0.1761565842871426,0.027930383276066117,0.049000000000000044
151,01103F9A64,47-2024-12-16,2024-12-16 08:40:20.016,0.1902323792443684,0.02573123675029073,0.05300000000000016
152,3B0018A99B,49-2024-12-16,2024-12-16 08:41:38.018,0.0860545364562341,0.03346320223818789,0.10999999999999999
153,3B00190DF0,50-2024-12-16,2024-12-16 08:41:54.018,0.1761565842871426,0.022767992505481456,0.06899999999999995
154,01103F97C4,51-2024-12-16,2024-12-16 08:42:00.017,0.1519704670322665,0.023802548083405373,0.07399999999999984
155,3B00192E1E,52-2024-12-16,2024-12-16 08:42:07.017,0.0953374859681621,0.01057243735462851,0.06499999999999995
156,01103F9A64,53-2024-12-16,2024-12-16 08:42:29.017,0.174544533083384,0.0338608382076568,0.05600000000000005
157,3B0019B8CC,54-2024-12-16,2024-12-16 08:42:45.018,0.1642954955807564,0.02113550736557609,0.05899999999999994
158,01103F9A64,57-2024-12-16,2024-12-16 08:43:48.017,0.1786741046557768,0.025961628423486878,0.06299999999999972
159,3B001874E8,59-2024-12-16,2024-12-16 08:44:48.017,0.0981198867425568,0.014635125222835062,0.04899999999999993
160,3B001874E8,61-2024-12-16,2024-12-16 08:47:15.018,0.1089447303274795,0.011129486896677906,0.05699999999999994
161,3B001874E8,63-2024-12-16,2024-12-16 08:50:51.019,0.1089447303274795,0.0005131939487353644,0.014999999999999902
162,3B004AB6A7,64-2024-12-16,2024-12-16 08:52:39.019,0.1011094141337203,0.014747363163371465,0.04999999999999982
163,01103F97C4,66-2024-12-16,2024-12-16 08:54:16.017,0.1598146914690822,0.01962786252605669,0.06800000000000006
164,01103F97C4,68-2024-12-16,2024-12-16 08:57:30.016,0.1509008312974237,0.024767491179565292,0.052000000000000046
165,3B0019B8CC,69-2024-12-16,2024-12-16 08:57:57.017,0.1610934171728263,0.021742798293619116,0.052000000000000046
166,3B004C5268,70-2024-12-16,2024-12-16 09:00:11.017,0.0926401262269936,0.010810943644607801,0.049000000000000044
167,0700ED9568,74-2024-12-16,2024-12-16 09:09:12.013,0.1497747864482826,0.022994132775346836,0.06600000000000028
168,3B0019B8CC,75-2024-12-16,2024-12-16 09:09:40.013,0.1627321443364182,0.021032590900896545,0.06200000000000028
169,01103F97C4,76-2024-12-16,2024-12-16 09:10:22.013,0.1548086551531996,0.022961542550214945,0.04800000000000004
170,3B00192E1E,77-2024-12-16,2024-12-16 09:12:05.012,0.0973883942841084,0.004506250799459853,0.07
171,0700ED9568,78-2024-12-16,2024-12-16 09:13:18.012,0.1518238852140165,0.02595631530827172,0.049000000000000155
172,3B00192E1E,79-2024-12-16,2024-12-16 09:13:21.011,0.1013994993325588,0.003487338923444213,0.03200000000000003
173,3B0018A99B,85-2024-12-16,2024-12-16 09:15:19.012,0.0902088569231842,0.0023411783612705523,0.08300000000000002
174,3B00192E1E,86-2024-12-16,2024-12-16 09:17:00.013,0.0979743709641678,0.004044200529092782,0.05499999999999994
175,01103FA4B2,87-2024-12-16,2024-12-16 09:17:16.010,0.0972729372027527,0.011288855203012177,0.052999999999999936
176,0700ED9568,88-2024-12-16,2024-12-16 09:17:32.011,0.152770557804564,0.02163443622814256,0.07099999999999973
177,01103F97C4,90-2024-12-16,2024-12-16 09:20:01.011,0.1504584808553746,0.021993481130477503,0.05899999999999972
178,01103F97C4,91-2024-12-16,2024-12-16 09:22:46.010,0.1557044918703433,0.022648950687721405,0.07100000000000017
179,3B0019B8CC,93-2024-12-16,2024-12-16 09:24:29.011,0.159959731469869,0.0228999349134676,0.05099999999999971
180,01103F97C4,94-2024-12-16,2024-12-16 09:25:00.012,0.155418245772769,0.02477397710940757,0.06400000000000006
181,3B0019B8CC,95-2024-12-16,2024-12-16 09:25:36.011,0.159959731469869,0.024593644589342892,0.05400000000000005
182,3B001857EE,96-2024-12-16,2024-12-16 09:25:53.012,0.10256506244428,0.00488403879431798,0.04299999999999993
183,3B001857EE,98-2024-12-16,2024-12-16 09:28:12.012,0.10256506244428,0.0037627448419467638,0.04999999999999999
184,3B00190DF0,101-2024-12-16,2024-12-16 09:30:11.010,0.1761565842871426,0.02666344117173202,0.04999999999999993
185,3B00191394,102-2024-12-16,2024-12-16 09:30:54.012,0.0918836193868536,0.011638916466246822,0.049000000000000155
186,3B00190DF0,103-2024-12-16,2024-12-16 09:31:42.011,0.1781390449504681,0.02520883871227628,0.0519999999999996
187,3B001857EE,106-2024-12-16,2024-12-16 09:32:37.010,0.10256506244428,0.0023986496113745873,0.04100000000000015
188,3B00190DF0,107-2024-12-16,2024-12-16 09:33:04.011,0.1761565842871426,0.02545194667064611,0.04499999999999993
189,3B00192E1E,109-2024-12-16,2024-12-16 09:33:38.013,0.0975445231354124,0.003530868883566417,0.08099999999999996
190,3B00190DF0,111-2024-12-16,2024-12-16 09:34:54.011,0.175230573386445,0.024823556882445932,0.051000000000000156
191,3B004CD4DE,118-2024-12-16,2024-12-16 09:50:49.015,0.1039052092457154,0.013316880860504116,0.04799999999999982
192,01103FD2E8,119-2024-12-16,2024-12-16 09:51:01.016,0.1381334567734518,0.017413995339299555,0.07799999999999996
193,3B0018A99B,124-2024-12-16,2024-12-16 10:01:37.010,0.0953464577083411,0.03341088905085743,0.08599999999999985
194,01103FD2E8,125-2024-12-16,2024-12-16 10:01:45.010,0.1381334567734518,0.007977249943848321,0.04799999999999999
195,01103F97C4,126-2024-12-16,2024-12-16 10:01:58.009,0.1598146914690822,0.023157137942279832,0.04699999999999993
196,01103FD2E8,127-2024-12-16,2024-12-16 10:02:57.010,0.1381334567734518,0.02049862070608679,0.07300000000000001
197,01103FA4B2,128-2024-12-16,2024-12-16 10:03:26.010,0.0981189559932949,0.012757224729452142,0.06899999999999995
198,3B00190DF0,129-2024-12-16,2024-12-16 10:03:30.009,0.1761565842871426,0.02599629126601863,0.04899999999999993
199,0700ED9568,132-2024-12-16,2024-12-16 10:03:52.009,0.1578993376626478,0.023001829571815388,0.050999999999999934
200,3B001857EE,135-2024-12-16,2024-12-16 10:04:27.009,0.10256506244428,0.005397151890650914,0.04300000000000004
201,3B0019B8CC,137-2024-12-16,2024-12-16 10:05:09.009,0.159959731469869,0.02481478723929836,0.05700000000000005
202,3B001874E8,139-2024-12-16,2024-12-16 10:13:52.011,0.1089447303274795,0.011238555565482014,0.05400000000000005
203,3B00199DE5,140-2024-12-16,2024-12-16 10:15:09.010,0.1002564882618713,0.014308583715306664,0.05400000000000005
204,3B001874E8,141-2024-12-16,2024-12-16 10:15:18.008,0.0998402951568695,0.0037770649248291895,0.07899999999999974
205,3B001857EE,142-2024-12-16,2024-12-16 10:16:06.008,0.0980422482403464,0.004057551254844542,0.04700000000000015
206,3B0019B8CC,144-2024-12-16,2024-12-16 10:16:58.008,0.159959731469869,0.025877226470814287,0.07300000000000006
207,3B00190DF0,146-2024-12-16,2024-12-16 10:19:28.006,0.172769285870328,0.02700843416676984,0.05400000000000027
208,3B001877B5,147-2024-12-16,2024-12-16 10:20:19.006,0.1717600361561726,0.0231830988399467,0.06300000000000017
209,3B001857EE,150-2024-12-16,2024-12-16 10:21:42.006,0.0998425696166619,0.004014639648909175,0.04800000000000004
210,01103FD2E8,151-2024-12-16,2024-12-16 10:21:47.007,0.1381334567734518,0.011683321093640798,0.06999999999999995
211,3B001877B5,152-2024-12-16,2024-12-16 10:21:59.007,0.1717600361561727,0.01958396421386658,0.07200000000000006
212,3B001874E8,153-2024-12-16,2024-12-16 10:22:03.007,0.1089447303274795,0.013276155267346055,0.053999999999999826
213,3B00190DF0,154-2024-12-16,2024-12-16 10:22:30.007,0.1761565842871426,0.025031197941736107,0.05599999999999983
214,3B00186448,155-2024-12-16,2024-12-16 10:22:40.006,0.1724647642951641,0.02535652575869888,0.07499999999999973
215,01103F9A64,156-2024-12-16,2024-12-16 10:23:04.008,0.1831098475799763,0.02679365115891793,0.050000000000000044
216,3B00191394,158-2024-12-16,2024-12-16 10:23:25.007,0.0927476290104631,0.003714953140854325,0.040999999999999925
217,01103FD2E8,160-2024-12-16,2024-12-16 10:24:38.007,0.1381334567734518,0.010524662460595769,0.05699999999999994
218,01103F9A64,164-2024-12-16,2024-12-16 10:26:15.007,0.1902323792443684,0.029214699252806925,0.05300000000000016
219,3B0019B8CC,166-2024-12-16,2024-12-16 10:26:52.006,0.1637393489498949,0.024040649125030823,0.05499999999999994
220,3B00190DF0,168-2024-12-16,2024-12-16 10:27:31.006,0.1761565842871426,0.027401719280673177,0.061000000000000165
221,01103FD2E8,169-2024-12-16,2024-12-16 10:27:51.007,0.1381334567734518,-0.0006666565100204202,0.05899999999999994
222,0700ED9568,171-2024-12-16,2024-12-16 10:29:08.006,0.1578993376626477,0.023035249015511853,0.06800000000000006
223,3B00186448,172-2024-12-16,2024-12-16 10:31:25.010,0.1700328082132505,0.023709259382085235,0.06899999999999995
224,3B00192E1E,174-2024-12-16,2024-12-16 10:32:08.007,0.0997170119431986,0.0040810864211239285,0.06899999999999995
225,3B0018A99B,175-2024-12-16,2024-12-16 10:33:31.008,0.0915397198854178,0.015185188495595765,0.049000000000000155
226,3B00186448,176-2024-12-16,2024-12-16 10:33:40.007,0.1674190821650436,0.028578412606062663,0.06000000000000005
227,01103FA4B2,179-2024-12-16,2024-12-16 10:34:11.006,0.0978537770288816,0.01239104819557429,0.05499999999999994
228,3B00186448,180-2024-12-16,2024-12-16 10:34:55.007,0.1704883203736327,0.025062072492007852,0.06599999999999984
229,01103FD2E8,181-2024-12-16,2024-12-16 10:35:31.007,0.1381334567734518,0.008886136665900782,0.04300000000000015
230,3B001874E8,182-2024-12-16,2024-12-16 10:37:49.008,0.0998592960304281,0.0039481081244966704,0.05499999999999994
231,01103F97C4,183-2024-12-16,2024-12-16 10:38:28.008,0.1598078137187801,0.022257994724407357,0.05600000000000005
232,01103F9A64,184-2024-12-16,2024-12-16 10:38:36.008,0.1803633892531345,0.030965785577916318,0.054999999999999716
233,3B001874E8,185-2024-12-16,2024-12-16 10:38:46.007,0.1012058335951697,0.004040595510943215,0.062000000000000055
234,0700ED9568,186-2024-12-16,2024-12-16 10:38:51.008,0.1578993376626478,0.023416756675892842,0.06199999999999983
235,3B0018A99B,187-2024-12-16,2024-12-16 10:38:54.009,0.0953464577083411,0.0013148580768951301,0.08399999999999999
236,3B0019B8CC,188-2024-12-16,2024-12-16 10:39:12.008,0.1677715391047152,0.023907285372266728,0.05400000000000027
237,01103F97C4,189-2024-12-16,2024-12-16 10:39:33.008,0.1572069635341459,0.02418949114756512,0.07099999999999995
238,3B004AB6A7,190-2024-12-16,2024-12-16 10:39:45.007,0.1025863851846928,0.03422765657048348,0.10899999999999999
239,3B001874E8,191-2024-12-16,2024-12-16 10:40:23.008,0.1008856862246987,0.01172460748623033,0.06100000000000039
240,3B001877B5,192-2024-12-16,2024-12-16 10:40:26.008,0.1717600361561726,0.022795612080038878,0.05700000000000016
241,3B0019B8CC,193-2024-12-16,2024-12-16 10:40:30.008,0.159959731469869,0.02919343778073495,0.08000000000000007
242,01103F97C4,195-2024-12-16,2024-12-16 10:41:01.008,0.1582160065149987,0.029184324632056707,0.053999999999998494
243,3B001877B5,196-2024-12-16,2024-12-16 10:43:57.008,0.1717600361561726,0.021711381073561693,0.06299999999999994
244,3B0019B8CC,197-2024-12-16,2024-12-16 10:44:05.008,0.1665180288442222,0.025026016561961156,0.05300000000000016
245,3B00190DF0,198-2024-12-16,2024-12-16 10:44:33.008,0.178457956568449,0.03246132742994789,0.07100000000000017
246,3B00190DF0,199-2024-12-16,2024-12-16 10:45:13.009,0.1783474242351777,0.026171337008031717,0.051000000000000156
247,01103FD2E8,200-2024-12-16,2024-12-16 10:48:30.009,0.1619875753376576,0.007737212248386162,0.031000000000000583
248,01103FD2E8,201-2024-12-16,2024-12-16 10:49:28.011,0.1588853281862527,0.008668984446618054,0.051999999999999824
249,01103F97C4,207-2024-12-16,2024-12-16 11:02:21.007,0.1598146914690822,0.025564365879881368,0.062000000000000055
250,01103FA4B2,211-2024-12-16,2024-12-16 11:10:17.005,0.0985457948035919,0.01160249535899087,0.07299999999999995
251,3B001877B5,214-2024-12-16,2024-12-16 11:17:01.006,0.1647362289569308,0.025171617744943958,0.06299999999999994
252,3B00191394,215-2024-12-16,2024-12-16 11:17:05.004,0.0976954599171286,0.011993563048864913,0.04599999999999993
253,3B001877B5,219-2024-12-16,2024-12-16 11:19:56.003,0.1717600361561726,0.023883818488851336,0.06800000000000006
254,3B0018A99B,220-2024-12-16,2024-12-16 11:20:46.005,0.0953464577083411,0.005170571710573695,0.03899999999999998
255,01103F8EAC,221-2024-12-16,2024-12-16 11:21:04.005,0.1706482011238342,0.022358758161478483,0.07100000000000001
256,01103F8EAC,223-2024-12-16,2024-12-16 11:23:11.003,0.1706482011238342,0.021767015084963537,0.07499999999999996
257,01103F8EAC,226-2024-12-16,2024-12-16 11:25:37.007,0.170290935126311,0.02345677284229069,0.06399999999999995
258,3B001874E8,227-2024-12-16,2024-12-16 11:26:18.005,0.1089447303274795,0.011672272738237887,0.05400000000000005
259,01103F97C4,229-2024-12-16,2024-12-16 11:26:35.005,0.1598146914690822,0.024481873149864795,0.04600000000000004
260,01103F9A64,230-2024-12-16,2024-12-16 11:26:47.005,0.1902323792443684,0.0351816965942496,0.050999999999999934
261,01103F9A64,231-2024-12-16,2024-12-16 11:27:49.003,0.1902323792443684,0.026650876619403387,0.050000000000000044
262,01103FA4B2,232-2024-12-16,2024-12-16 11:27:57.003,0.0997348037255293,0.01308072186777186,0.052999999999999936
263,01103F8EAC,233-2024-12-16,2024-12-16 11:28:01.004,0.1706482011238342,0.02096015514907008,0.06600000000000006
264,01103F97C4,234-2024-12-16,2024-12-16 11:28:14.004,0.1598146914690822,0.024950938272524235,0.06300000000000017
265,3B001874E8,235-2024-12-16,2024-12-16 11:28:24.005,0.1028414617046453,0.012526222050124871,0.052999999999999936
266,3B004AB6A7,236-2024-12-16,2024-12-16 11:28:29.004,0.1025863851846928,-0.0007261429674443594,0.04899999999999993
267,01103F97C4,241-2024-12-16,2024-12-16 11:30:26.005,0.1583337935458524,0.02249357323034478,0.07299999999999995
268,3B001877B5,243-2024-12-16,2024-12-16 11:30:43.003,0.1717600361561726,0.02341921543591809,0.06499999999999995
269,01103F8EAC,244-2024-12-16,2024-12-16 11:30:47.004,0.1706482011238342,0.0286551751875089,0.05800000000000005
270,3B00192E1E,245-2024-12-16,2024-12-16 11:31:07.006,0.1013994993325588,0.004368342553066376,0.038000000000000034
271,3B00192E1E,246-2024-12-16,2024-12-16 11:31:52.004,0.1013994993325588,0.01313576223279022,0.04899999999999993
272,3B004AB6A7,247-2024-12-16,2024-12-16 11:32:50.004,0.1025863851846928,0.016231318479248153,0.051000000000000156
273,3B004AB6A7,250-2024-12-16,2024-12-16 11:35:42.004,0.1025863851846928,0.0154672972178995,0.04899999999999993
274,01103F9A64,251-2024-12-16,2024-12-16 11:36:32.004,0.1759680014914267,0.0306920942402663,0.06499999999999995
275,3B0019F652,252-2024-12-16,2024-12-16 11:37:10.004,0.0868322299576478,0.011860812667083836,0.07400000000000007
276,01103F9A64,253-2024-12-16,2024-12-16 11:38:04.005,0.1902323792443685,0.034242476927413786,0.052000000000000046
277,3B0019F652,254-2024-12-16,2024-12-16 11:38:14.004,0.0881893569011782,0.004118249436840396,0.03600000000000003
278,01103F8EAC,255-2024-12-16,2024-12-16 11:46:09.008,0.1706482011238341,0.020540163144498223,0.07000000000000006
279,3B001877B5,257-2024-12-16,2024-12-16 11:46:35.007,0.1717600361561726,0.02071059199127203,0.06600000000000006
280,3B001857EE,258-2024-12-16,2024-12-16 11:47:41.008,0.10256506244428,-0.00045450444231179716,0.03299999999999992
281,01103F97C4,259-2024-12-16,2024-12-16 11:47:50.007,0.156757679565686,0.022268907797947917,0.04999999999999982
282,3B001857EE,260-2024-12-16,2024-12-16 11:48:42.008,0.100541913252721,0.005367036342670152,0.06800000000000006
283,01103F97C4,261-2024-12-16,2024-12-16 11:50:31.009,0.1602017355836988,0.020854924379901277,0.07600000000000007
284,3B001877B5,263-2024-12-16,2024-12-16 11:51:07.009,0.1695848545995095,0.02281767868362175,0.06999999999999984
285,3B004CD4DE,264-2024-12-16,2024-12-16 11:51:42.008,0.1039052092457154,0.01405714912882027,0.04799999999999993
286,01103F97C4,265-2024-12-16,2024-12-16 11:52:07.008,0.160101941964729,0.022995647390333156,0.0600000000000005
287,01103F97C4,266-2024-12-16,2024-12-16 11:52:40.008,0.1598146914690822,0.024546049967905492,0.04899999999999993
288,3B00190DF0,267-2024-12-16,2024-12-16 11:52:47.007,0.1812787045226959,0.02717330288210646,0.052999999999999936
289,01103FD2E8,269-2024-12-16,2024-12-16 11:56:03.009,0.1381334567734518,0.011083045799145439,0.052000000000000046
290,01103FD2E8,272-2024-12-16,2024-12-16 11:57:18.006,0.1381334567734518,9.677358113410395e-05,0.01100000000000001
291,3B001874E8,277-2024-12-16,2024-12-16 11:59:19.005,0.1089447303274795,0.014641008917458669,0.04400000000000004
292,01103FD2E8,278-2024-12-16,2024-12-16 11:59:41.005,0.1006360394138767,0.010306847831591649,0.050999999999999934
293,01103FD2E8,280-2024-12-16,2024-12-16 12:01:51.003,0.1601284499498625,0.01988292554976353,0.05700000000000016
294,3B00182A81,281-2024-12-16,2024-12-16 12:02:30.003,0.0984210384885466,0.004596825398164166,0.07300000000000018
295,3B001874E8,282-2024-12-16,2024-12-16 12:06:38.003,0.1015818028062053,0.004427980843298608,0.06800000000000006
296,3B00191394,283-2024-12-16,2024-12-16 12:07:41.001,0.0934732357962849,0.0011746104701518645,0.03200000000000003
297,01103FD2E8,284-2024-12-16,2024-12-16 12:07:45.002,0.1381334567734518,0.009584436681524386,0.04399999999999982
298,01103FD2E8,286-2024-12-16,2024-12-16 12:08:44.001,0.1596557863173721,0.010194681830347494,0.07499999999999973
299,3B00190DF0,287-2024-12-16,2024-12-16 12:08:47.002,0.1761565842871426,0.02917761634382982,0.050000000000000044
300,3B001874E8,291-2024-12-16,2024-12-16 12:09:13.001,0.1089447303274795,0.003318396085962112,0.06800000000000003
301,0700ED9568,295-2024-12-16,2024-12-16 12:10:20.000,0.1624693489655581,0.024971221076616857,0.07299999999999995
302,3B0019F652,296-2024-12-16,2024-12-16 12:10:49.002,0.0881893569011782,0.00017402916904570132,0.010000000000000009
303,3B001874E8,297-2024-12-16,2024-12-16 12:10:57.001,0.102552689074741,0.012478257174468458,0.07400000000000029
304,3B00199DE5,298-2024-12-16,2024-12-16 12:11:14.001,0.0994727290074676,0.015864483024803352,0.050999999999999934
305,3B00190DF0,300-2024-12-16,2024-12-16 12:11:30.001,0.1746520099207244,0.025270246498066504,0.06099999999999994
306,3B00190DF0,305-2024-12-16,2024-12-16 12:13:09.001,0.1743299915543354,0.02399663814063065,0.0600000000000005
307,3B00191394,306-2024-12-16,2024-12-16 12:13:15.001,0.0976954599171286,0.009220206265367863,0.09300000000000003
308,3B0019F652,311-2024-12-16,2024-12-16 12:14:40.001,0.0881893569011782,0.001331845685707322,0.04999999999999999
309,01103FD2E8,313-2024-12-16,2024-12-16 12:15:06.000,0.1598515948069733,0.008524332033176912,0.051999999999999824
310,3B00190DF0,314-2024-12-16,2024-12-16 12:15:57.001,0.1778120980533745,0.025879774100532996,0.051000000000000156
311,01103F9A64,315-2024-12-16,2024-12-16 12:16:22.000,0.1803151422746624,0.030389878003252154,0.04899999999999993
312,3B0019B8CC,316-2024-12-16,2024-12-16 12:16:25.001,0.159959731469869,0.02440372732168367,0.05499999999999999
313,3B00192E1E,317-2024-12-16,2024-12-16 12:17:10.999,0.1003263658510173,0.012759941270769674,0.056999999999999995
314,3B00182A81,318-2024-12-16,2024-12-16 12:17:24.000,0.1002029249662351,0.003402025319530694,0.07100000000000001
315,01103F97C4,321-2024-12-16,2024-12-16 12:18:20.001,0.1598146914690822,0.02305190234780695,0.05699999999999994
316,3B001874E8,322-2024-12-16,2024-12-16 12:19:21.999,0.1089447303274795,0.0037859734417191484,0.06400000000000006
317,3B00190DF0,328-2024-12-16,2024-12-16 12:20:44.000,0.1840595565559392,0.025676849518522678,0.053999999999999826
318,3B00192E1E,329-2024-12-16,2024-12-16 12:20:56.000,0.1013994993325588,0.005107852315482111,0.0690000000000004
319,01103FD2E8,332-2024-12-16,2024-12-16 12:21:10.999,0.1381334567734518,0.008654052098196783,0.0479999999999996
320,01103F9A64,333-2024-12-16,2024-12-16 12:21:16.000,0.1902323792443684,0.027045148522957696,0.052999999999999936
321,3B00190DF0,341-2024-12-16,2024-12-16 12:23:06.000,0.1862423681834628,0.02440040078786033,0.054999999999999716
322,01103F8EAC,343-2024-12-16,2024-12-16 12:40:46.003,0.1774371351258731,0.02210311054914611,0.06799999999999962
323,01103F8EAC,344-2024-12-16,2024-12-16 12:43:24.004,0.1706482011238342,0.0066853148044441445,0.09600000000000009
324,01103F8EAC,345-2024-12-16,2024-12-16 12:45:55.004,0.179801062398084,0.020434670216357313,0.07200000000000006
325,3B0019B8CC,346-2024-12-16,2024-12-16 12:46:07.004,0.1723828966542137,0.020966861788590644,0.05699999999999994
326,3B00485E69,347-2024-12-16,2024-12-16 12:48:31.007,0.104664762822003,0.010960528372488716,0.05699999999999994
327,3B004CD4DE,348-2024-12-16,2024-12-16 12:48:36.006,0.1039052092457154,0.011577022539475849,0.05399999999999999
328,3B004CD4DE,349-2024-12-16,2024-12-16 12:49:02.005,0.0977452549335183,0.014660619948636383,0.053999999999999826
329,01103F8EAC,350-2024-12-16,2024-12-16 12:49:23.005,0.1706482011238341,0.022198556497105146,0.07299999999999995
330,01103F8EAC,355-2024-12-16,2024-12-16 12:51:15.005,0.1770721252755626,0.004182185511569248,0.040000000000000036
331,3B0018C6F9,357-2024-12-16,2024-12-16 12:51:34.006,0.1002952870208639,0.012268500287080663,0.04500000000000015
332,3B004CD4DE,358-2024-12-16,2024-12-16 12:51:47.007,0.1039052092457154,0.014351849392519494,0.04799999999999993
333,3B0019B8CC,359-2024-12-16,2024-12-16 12:52:27.006,0.1699815237441917,0.005636485436546918,0.1030000000000002
334,3B0019B8CC,362-2024-12-16,2024-12-16 12:54:02.004,0.159959731469869,0.0055489499922509004,0.10999999999999988
335,3B004C5268,363-2024-12-16,2024-12-16 12:54:08.004,0.0926401262269936,0.004193795263532629,0.06399999999999995
336,01103F97C4,364-2024-12-16,2024-12-16 12:54:51.005,0.1598146914690822,0.025204180336732246,0.052000000000000046
337,3B0019B8CC,366-2024-12-16,2024-12-16 12:55:48.004,0.159959731469869,0.029423265057935723,0.06499999999999995
338,01103F8EAC,369-2024-12-16,2024-12-16 12:57:37.003,0.1769743037833674,0.0033309507068084634,0.03799999999999981
339,3B00485E69,370-2024-12-16,2024-12-16 12:57:52.002,0.1025105486472505,0.003570661269664633,0.09099999999999997
340,3B0019B8CC,371-2024-12-16,2024-12-16 12:58:05.003,0.1735007787482456,0.023515026576274786,0.051000000000000156
341,3B00192E1E,374-2024-12-16,2024-12-16 12:59:44.001,0.1008290774080974,0.010289105603563465,0.052999999999999714
342,3B001877B5,378-2024-12-16,2024-12-16 13:00:25.002,0.1726887737396217,0.02474753578036882,0.06400000000000006
343,3B0018A99B,379-2024-12-16,2024-12-16 13:00:36.002,0.0942151254413261,0.012883086198700265,0.06299999999999972
344,01103F97C4,383-2024-12-16,2024-12-16 13:01:04.001,0.1094454546086556,0.02933119537592914,0.07400000000000029
345,3B0018A99B,385-2024-12-16,2024-12-16 13:01:31.000,0.0956923442310994,0.003853024900303696,0.08899999999999997
346,3B00190DF0,386-2024-12-16,2024-12-16 13:01:47.002,0.1842213203484408,0.025009135977118888,0.06899999999999973
347,3B001877B5,387-2024-12-16,2024-12-16 13:01:53.001,0.1717600361561726,0.024050460041916973,0.061000000000000165
348,3B0018A99B,390-2024-12-16,2024-12-16 13:03:35.001,0.0953464577083411,5.843647623089848e-05,0.01200000000000001
349,3B00186448,394-2024-12-16,2024-12-16 13:04:33.001,0.1760187298655975,0.014590626701639868,0.05999999999999961
350,3B00190DF0,395-2024-12-16,2024-12-16 13:04:51.000,0.1891625132482612,0.007573144335367328,0.10299999999999976
351,3B00186448,397-2024-12-16,2024-12-16 13:05:45.001,0.1732109759918063,0.02389918349612976,0.06199999999999939
352,01103F8EAC,398-2024-12-16,2024-12-16 13:05:52.999,0.1780494533372378,0.006825371912242527,0.09400000000000003
353,3B001874E8,399-2024-12-16,2024-12-16 13:06:27.000,0.1033329274049257,0.0038201390800918196,0.07899999999999974
354,3B001874E8,400-2024-12-16,2024-12-16 13:06:51.002,0.1089447303274795,0.006451110240633929,0.04300000000000004
355,3B001874E8,403-2024-12-16,2024-12-16 13:07:32.999,0.103812275808206,0.0036327859485576143,0.06599999999999984
356,3B001874E8,406-2024-12-16,2024-12-16 13:09:04.998,0.1089447303274795,-0.0006820460384183303,0.03299999999999992
357,3B001874E8,408-2024-12-16,2024-12-16 13:09:23.999,0.1089447303274795,9.130228651385558e-05,0.006000000000000005
358,3B001874E8,410-2024-12-16,2024-12-16 13:09:37.998,0.1089447303274795,0.013558588831510081,0.07200000000000001
359,3B00190DF0,413-2024-12-16,2024-12-16 13:10:52.998,0.1860645040401037,0.02473908569671584,0.05500000000000149
360,3B004CD4DE,418-2024-12-16,2024-12-16 13:14:41.997,0.0988138522975418,0.0008807921630108437,0.025000000000000133
361,3B00191394,420-2024-12-16,2024-12-16 13:18:23.001,0.0976954599171286,3.276678290041688e-05,0.009000000000000008
362,3B001874E8,423-2024-12-16,2024-12-16 13:21:55.998,0.1089447303274795,0.0041880056890916595,0.06499999999999995
363,01103F97C4,426-2024-12-16,2024-12-16 13:22:44.998,0.1612435687709618,0.02534201207201468,0.07200000000000006
364,3B001877B5,429-2024-12-16,2024-12-16 13:23:44.998,0.1717600361561726,0.022511877109163372,0.063
365,3B001857EE,430-2024-12-16,2024-12-16 13:23:49.998,0.1006051544430453,0.013593791477303207,0.06300000000000017
366,3B001857EE,435-2024-12-16,2024-12-16 13:25:51.999,0.10256506244428,0.0004915596756981274,0.018000000000000016
367,3B001857EE,436-2024-12-16,2024-12-16 13:26:04.999,0.1025644999082379,0.016436896739626998,0.062000000000000055
368,3B001874E8,439-2024-12-16,2024-12-16 13:26:41.998,0.1089447303274795,0.014407356424189954,0.08099999999999996
369,3B00191394,443-2024-12-16,2024-12-16 13:27:56.997,0.0935974495322759,0.0037806045271754265,0.07900000000000018
370,3B004873F2,447-2024-12-16,2024-12-16 13:31:45.998,0.0880262268447344,0.012624987719914101,0.05600000000000005
371,3B00186448,456-2024-12-16,2024-12-16 13:33:56.998,0.1755955617107815,0.030932698353764998,0.06000000000000005
372,01103FA4B2,457-2024-12-16,2024-12-16 13:34:51.999,0.1022732142130403,5.367152868133296e-05,0.008000000000000007
373,01103FD2E8,463-2024-12-16,2024-12-16 13:35:48.999,0.1381334567734518,0.0006596986726641658,0.020999999999999908
374,3B004B0F76,464-2024-12-16,2024-12-16 13:36:00.999,0.1602044626986888,0.023488994979833117,0.07699999999999996
375,3B004C5268,465-2024-12-16,2024-12-16 13:36:17.998,0.0926401262269936,0.014194672693962435,0.07800000000000029
376,01103FA4B2,467-2024-12-16,2024-12-16 13:36:44.998,0.099575168115984,0.028846112616316096,0.08300000000000018
377,3B00199DE5,470-2024-12-16,2024-12-16 13:37:15.999,0.0919429781124098,0.003428952033735825,0.05700000000000016
378,01103F97C4,474-2024-12-16,2024-12-16 13:38:14.000,0.1598146914690822,0.0001672088500923458,0.01499999999999968
379,01103F97C4,479-2024-12-16,2024-12-16 13:39:27.000,0.1683445132184826,0.02215381114393588,0.06000000000000005
380,3B00182A81,484-2024-12-16,2024-12-16 13:41:22.998,0.0989691687162381,0.004441946812064984,0.07500000000000001
381,3B00186448,486-2024-12-16,2024-12-16 13:42:06.999,0.1674190821650436,0.0003374988923042781,0.06799999999999962
382,3B00186448,487-2024-12-16,2024-12-16 13:42:26.999,0.1170091252370885,0.013402703762487707,0.06599999999999984
383,3B00191394,491-2024-12-16,2024-12-16 13:43:07.000,0.0976954599171286,0.004830382901435637,0.06500000000000006
384,01103F9A64,492-2024-12-16,2024-12-16 13:44:00.000,0.1902323792443684,0.0320566344633992,0.06899999999999995
385,01103F9A64,495-2024-12-16,2024-12-16 13:44:40.000,0.1902323792443684,0.02889767331205319,0.06700000000000017
386,3B00182A81,501-2024-12-16,2024-12-16 13:46:16.000,0.0989691687162381,0.004164506130620581,0.07600000000000007
387,3B0018A99B,504-2024-12-16,2024-12-16 13:46:55.001,0.0969074131601341,0.0029581522210349502,0.08000000000000007
388,3B00186448,505-2024-12-16,2024-12-16 13:49:45.002,0.1674190821650436,0.0024571072591414943,0.04499999999999993
389,3B00186448,507-2024-12-16,2024-12-16 13:50:22.002,0.1674190821650436,-0.0009591831591636342,0.04700000000000004
390,01103F8EAC,509-2024-12-16,2024-12-16 13:51:20.001,0.1706482011238341,0.007990087266699022,0.08200000000000007
391,01103F97C4,511-2024-12-16,2024-12-16 13:51:41.001,0.1583858842258341,0.027516910460843577,0.04999999999999982
392,3B004873F2,513-2024-12-16,2024-12-16 13:53:13.001,0.0891318018156419,0.003883217633581235,0.07600000000000007
393,3B00186448,514-2024-12-16,2024-12-16 13:53:23.000,0.1674190821650436,0.02833800813839241,0.05799999999999983
394,3B0018C6F9,517-2024-12-16,2024-12-16 13:53:51.000,0.100721792554833,0.004209483158303347,0.06200000000000028
395,3B00192E1E,519-2024-12-16,2024-12-16 13:54:56.001,0.1013994993325588,0.005002698113549494,0.040999999999999925
396,3B001877B5,523-2024-12-16,2024-12-16 13:56:30.000,0.1717600361561727,0.00024766348991383364,0.01499999999999968
397,3B00182A81,527-2024-12-16,2024-12-16 13:57:33.998,0.1000651489300686,0.003065446505835615,0.09299999999999997
398,3B001877B5,529-2024-12-16,2024-12-16 13:58:33.998,0.1717600361561726,0.026568541981907983,0.06299999999999994
399,01103F8EAC,530-2024-12-16,2024-12-16 13:58:46.999,0.1803743959056816,0.006357675667802765,0.10099999999999998
400,3B0018A99B,535-2024-12-16,2024-12-16 14:00:12.999,0.0827708368463195,2.7214616037933458e-05,0.03500000000000003
401,3B001877B5,542-2024-12-16,2024-12-16 14:01:29.996,0.1717600361561726,0.020950872123418614,0.07000000000000006
402,0700ED9568,545-2024-12-16,2024-12-16 14:02:02.998,0.1578993376626478,0.002471414488048626,0.05999999999999994
403,3B0018A99B,546-2024-12-16,2024-12-16 14:02:12.997,0.0937209933283709,0.011083633620079834,0.06400000000000006
404,3B004CD4DE,547-2024-12-16,2024-12-16 14:02:25.998,0.1006251741771019,0.013919840056606415,0.05300000000000016
405,3B004B0F76,549-2024-12-16,2024-12-16 14:03:22.997,0.1616092100059758,0.025021057304481942,0.06799999999999995
406,01103F97C4,550-2024-12-16,2024-12-16 14:03:43.998,0.1650661923576889,0.026484476549496504,0.0600000000000005
407,3B00485E69,554-2024-12-16,2024-12-16 14:04:24.997,0.104664762822003,0.0008888566354360685,0.018000000000000016
408,3B00199DE5,562-2024-12-16,2024-12-16 14:06:47.995,0.1022390028789796,0.0036617794019875092,0.063
409,3B00190DF0,566-2024-12-16,2024-12-16 14:07:56.996,0.1819143730623635,0.02377267100029757,0.057000000000000384
410,3B0019B8CC,567-2024-12-16,2024-12-16 14:08:03.996,0.159959731469869,0.023029383099871195,0.06800000000000006
411,01103F8EAC,570-2024-12-16,2024-12-16 14:09:33.995,0.1706482011238342,0.02301303374379214,0.07200000000000006
412,01103F97C4,572-2024-12-16,2024-12-16 14:11:50.995,0.1679477426826512,0.02396239538010379,0.07399999999999984
413,3B004AB6A7,573-2024-12-16,2024-12-16 14:11:54.995,0.1052323896299227,0.003069477094057198,0.06899999999999995
414,01103F8EAC,574-2024-12-16,2024-12-16 14:11:59.995,0.1706482011238342,0.028005494445459852,0.06600000000000006
415,3B0019B8CC,576-2024-12-16,2024-12-16 14:13:04.996,0.159959731469869,0.028170423134120434,0.05599999999999983
416,3B00186448,578-2024-12-16,2024-12-16 14:24:06.997,0.1674190821650436,0.029759529267711617,0.062
417,3B00186448,581-2024-12-16,2024-12-16 14:44:45.001,0.1674190821650436,0.031057330956041282,0.07299999999999995
418,3B001877B5,582-2024-12-16,2024-12-16 14:44:49.002,0.1717600361561727,0.025608088759402584,0.05900000000000016
419,3B0019B8CC,584-2024-12-16,2024-12-16 14:45:18.001,0.1762048691859869,0.005391091764824642,0.07699999999999996
420,3B004AB6A7,585-2024-12-16,2024-12-16 14:45:38.003,0.1025863851846928,0.01570480411997109,0.052000000000000046
421,01103F8EAC,587-2024-12-16,2024-12-16 14:46:51.004,0.1773748897126821,0.022081544899659345,0.07600000000000007
422,3B00190DF0,591-2024-12-16,2024-12-16 14:48:15.003,0.1761565842871426,0.0244537621057809,0.05400000000000005
423,3B001877B5,592-2024-12-16,2024-12-16 14:48:20.004,0.1717600361561727,0.023105043619708894,0.06699999999999995
424,01103F97C4,595-2024-12-16,2024-12-16 14:48:37.005,0.1598146914690822,0.02434270684658197,0.06999999999999984
425,01103F9A64,596-2024-12-16,2024-12-16 14:49:20.006,0.1808192877807518,0.030473598780354563,0.05800000000000005
426,3B00199DE5,597-2024-12-16,2024-12-16 14:49:31.003,0.1002564882618714,0.013717569577934473,0.052000000000000046
427,3B004873F2,600-2024-12-16,2024-12-16 14:49:56.004,0.0903229980292097,0.004228740806146146,0.07800000000000007
428,01103F8EAC,601-2024-12-16,2024-12-16 14:50:04.003,0.1471313915991667,0.03123885359501304,0.06299999999999972
429,3B00190DF0,602-2024-12-16,2024-12-16 14:50:09.003,0.1839691625914391,0.022910728899126785,0.06899999999999995
430,3B004CD4DE,604-2024-12-16,2024-12-16 15:03:27.000,0.1039052092457154,0.013134445837047195,0.06999999999999984
431,3B0019B8CC,607-2024-12-16,2024-12-16 15:04:01.001,0.159959731469869,0.024200085505322887,0.05400000000000005
432,01103FD532,608-2024-12-16,2024-12-16 15:04:32.000,0.1643931249202574,0.0002758824497989284,0.010000000000000009
433,3B0019B8CC,609-2024-12-16,2024-12-16 15:04:58.999,0.159959731469869,0.023214408330293465,0.07199999999999995
434,3B00192E1E,610-2024-12-16,2024-12-16 15:05:06.000,0.1013994993325588,0.0028775417864972163,0.08799999999999997
435,01103F9A64,612-2024-12-16,2024-12-16 15:05:35.000,0.1022757094165486,0.03457075941966933,0.07200000000000006
436,01103F97C4,615-2024-12-16,2024-12-16 15:06:06.001,0.1598146914690822,0.022694206582909493,0.069
437,3B00190DF0,616-2024-12-16,2024-12-16 15:06:23.000,0.1862071714833348,0.02543185841832169,0.07099999999999973
438,3B0018A99B,619-2024-12-16,2024-12-16 15:07:04.000,0.0821720026804374,-0.0005093199842164582,0.05899999999999994
439,3B004873F2,620-2024-12-16,2024-12-16 15:07:23.000,0.1189067571122706,0.003840399559730643,0.06299999999999994
440,3B004873F2,630-2024-12-16,2024-12-16 15:09:21.998,0.0905973182510745,0.0037080528534773694,0.07799999999999985
441,3B0019F652,632-2024-12-16,2024-12-16 15:09:45.000,0.0887086218380407,0.011291285097210132,0.07199999999999995
442,3B004873F2,637-2024-12-16,2024-12-16 15:11:13.997,0.1046564999395596,0.0033957716335357613,0.07199999999999984
443,3B00186448,640-2024-12-16,2024-12-16 15:12:28.998,0.1732014494254105,0.02320879056402546,0.0690000000000004
444,01103F8EAC,641-2024-12-16,2024-12-16 15:13:16.999,0.1753748653194025,0.02611069547370136,0.08400000000000007
445,01103F8EAC,642-2024-12-16,2024-12-16 15:13:25.998,0.1784110085319569,0.0061290233484485816,0.07700000000000018
446,3B00190DF0,643-2024-12-16,2024-12-16 15:13:47.999,0.1855239055239976,0.02530532022975776,0.05900000000000105
447,3B0018C6F9,648-2024-12-16,2024-12-16 15:14:23.997,0.1019768883740146,0.0035522553923863923,0.07000000000000006
448,3B00199DE5,651-2024-12-16,2024-12-16 15:14:55.999,0.1017399993846671,0.015721006299327,0.07500000000000007
449,0700ED9568,652-2024-12-16,2024-12-16 15:15:01.997,0.1629577853672265,0.030121072565748516,0.05499999999999994
450,01103FD532,653-2024-12-16,2024-12-16 15:15:05.998,0.159578677066106,0.031166095820729916,0.07400000000000001
451,3B0018C6F9,657-2024-12-16,2024-12-16 15:16:27.996,0.1413150862912436,0.010251196650305168,0.06899999999999995
452,3B004B0F76,658-2024-12-16,2024-12-16 15:16:34.998,0.1616092100059758,0.00020790911114961432,0.016000000000000014
453,3B004B0F76,663-2024-12-16,2024-12-16 15:17:35.998,0.0998383206359963,0.0035948987879442762,0.06299999999999972
454,3B00191394,665-2024-12-16,2024-12-16 15:17:55.998,0.0946925708167353,0.0033788740676479636,0.08299999999999996
455,3B00186448,670-2024-12-16,2024-12-16 15:19:27.997,0.1742688370268579,0.030580521062069276,0.06999999999999984
456,3B00190DF0,674-2024-12-16,2024-12-16 15:24:14.997,0.1867345311127095,0.026226103277044832,0.05900000000000016
457,0700ED9568,676-2024-12-16,2024-12-16 15:25:01.997,0.1578993376626477,-0.0012618674435012857,0.05900000000000005
458,3B00190DF0,678-2024-12-16,2024-12-16 15:25:42.998,0.1829599569895501,0.026905538939718476,0.057000000000000384
459,01103F97C4,680-2024-12-16,2024-12-16 15:26:17.998,0.165354380630018,0.020385277667172474,0.07099999999999973
460,3B00191394,681-2024-12-16,2024-12-16 15:26:21.998,0.0976954599171286,0.01083432608206892,0.07099999999999995
461,3B004CD4DE,684-2024-12-16,2024-12-16 15:28:17.997,0.0996286783794597,0.013354139659081825,0.04400000000000004
462,3B0019B8CC,685-2024-12-16,2024-12-16 15:28:25.998,0.1720849753511641,0.019762792446242496,0.06200000000000028
463,01103F97C4,686-2024-12-16,2024-12-16 15:28:33.998,0.1628249934012823,0.023307062988532915,0.052000000000000046
464,01103FD2E8,689-2024-12-16,2024-12-16 15:41:11.001,0.1381334567734518,0.008016779502743609,0.05400000000000005
465,3B004CD4DE,690-2024-12-16,2024-12-16 15:41:21.002,0.0970933026455717,0.012527659721146677,0.04700000000000015
466,3B00190DF0,695-2024-12-16,2024-12-16 15:42:56.003,0.1761565842871426,0.032952817501835624,0.06400000000000006
467,3B00182A81,697-2024-12-16,2024-12-16 15:43:10.002,0.0989691687162381,0.0058568759868623185,0.043999999999999984
468,3B00186448,699-2024-12-16,2024-12-16 15:45:05.006,0.1674190821650436,0.027490552684642997,0.07600000000000007
469,3B004CD4DE,700-2024-12-16,2024-12-16 15:45:20.003,0.1039052092457154,0.01393398132455242,0.07899999999999996
470,3B00190DF0,701-2024-12-16,2024-12-16 15:45:35.002,0.1761565842871426,0.025624691269689862,0.05600000000000005
471,3B001877B5,702-2024-12-16,2024-12-16 15:45:51.002,0.1717600361561726,0.023088019090603925,0.068
472,3B00186A36,1-2024-12-24,2024-12-24 09:02:36.721,0.0797224595194393,0.0017097124754892545,0.07699999999999996
473,3B004CD4DE,2-2024-12-24,2024-12-24 09:03:13.721,0.1039052092457154,0.009641876567402684,0.05600000000000005
474,01103F97C4,4-2024-12-24,2024-12-24 09:04:12.721,0.147879060074182,0.023347698432786265,0.05899999999999994
475,3B00186A36,6-2024-12-24,2024-12-24 09:10:16.720,0.0955204384809406,0.009389479790697583,0.05700000000000005
476,3B00190DF0,7-2024-12-24,2024-12-24 09:10:33.719,0.1761565842871426,0.022907513013039938,0.04700000000000004
477,3B004CD4DE,8-2024-12-24,2024-12-24 09:10:36.718,0.1039052092457154,0.013607555977165727,0.07900000000000001
478,3B004CD4DE,9-2024-12-24,2024-12-24 09:12:04.719,0.1039052092457154,0.012914300328196833,0.07699999999999996
479,3B00186A36,10-2024-12-24,2024-12-24 09:12:30.718,0.0955204384809406,0.00199237179429955,0.055999999999999966
480,01103F97C4,12-2024-12-24,2024-12-24 09:12:54.719,0.1541254380679661,0.023105201511163714,0.07400000000000007
481,3B00186A36,14-2024-12-24,2024-12-24 09:14:36.716,0.0955204384809406,0.0005351954182445826,0.029000000000000026
482,3B00192E1E,15-2024-12-24,2024-12-24 09:15:32.717,0.1013994993325588,0.012388984191388305,0.04899999999999993
483,3B00190DF0,17-2024-12-24,2024-12-24 09:17:01.718,0.1761565842871426,0.024500841509400458,0.059
484,01103F97C4,18-2024-12-24,2024-12-24 09:20:57.716,0.1535585997455029,0.02448759700155747,0.050999999999999934
485,01103F97C4,20-2024-12-24,2024-12-24 09:23:52.716,0.1565733912960376,0.024571874904398473,0.05300000000000038
486,3B00192E1E,22-2024-12-24,2024-12-24 09:25:17.716,0.1013994993325588,0.013177047466300405,0.050000000000000044
487,3B00192E1E,24-2024-12-24,2024-12-24 09:27:25.717,0.1013994993325588,0.002910593125223179,0.029000000000000137
488,3B0019B8CC,26-2024-12-24,2024-12-24 09:33:32.717,0.159959731469869,0.026184226105084918,0.055999999999999994
489,01103F9A64,27-2024-12-24,2024-12-24 09:34:44.716,0.1902323792443684,0.028846058492674145,0.050000000000000044
490,01103F97C4,28-2024-12-24,2024-12-24 09:35:13.718,0.157600188287086,0.025944149100819165,0.0519999999999996
491,01103F9A64,29-2024-12-24,2024-12-24 09:35:22.717,0.1902323792443684,0.023979342126217506,0.04899999999999993
492,01103F9A64,30-2024-12-24,2024-12-24 09:36:50.718,0.1902323792443685,0.027841669238522368,0.04800000000000004
493,01103F97C4,32-2024-12-24,2024-12-24 09:49:14.720,0.1558899725395764,0.016549425233110895,0.07299999999999995
494,3B004CD4DE,33-2024-12-24,2024-12-24 09:53:07.721,0.1039052092457154,0.012959001757432713,0.04700000000000004
495,3B0018A99B,35-2024-12-24,2024-12-24 10:02:44.714,0.0953464577083411,0.004191578303207776,0.037000000000000144
496,3B00190DF0,38-2024-12-24,2024-12-24 10:08:28.713,0.1761565842871426,0.025894088481886506,0.07
497,01103F9A64,39-2024-12-24,2024-12-24 10:09:05.712,0.1902323792443685,0.027756053838986446,0.05699999999999994
498,3B00190DF0,41-2024-12-24,2024-12-24 10:10:53.713,0.1761565842871426,0.02520245492078671,0.05400000000000005
499,3B00192E1E,45-2024-12-24,2024-12-24 10:11:44.712,0.1013994993325588,0.012644131700351268,0.06699999999999995
500,01103F9A64,46-2024-12-24,2024-12-24 10:13:12.713,0.1902323792443684,0.032331310561419656,0.051000000000000156
501,3B00190DF0,48-2024-12-24,2024-12-24 10:13:23.711,0.1792264598687506,0.024457930802685476,0.062000000000000055
502,01103F97C4,50-2024-12-24,2024-12-24 10:14:17.711,0.1598146914690822,0.0005707729401374571,0.015000000000000124
503,01103F9A64,51-2024-12-24,2024-12-24 10:15:08.711,0.1902323792443684,0.029539924479849853,0.05300000000000005
504,01103F97C4,53-2024-12-24,2024-12-24 10:15:45.711,0.1586141737419704,0.02261347447104283,0.05800000000000005
505,01103F9A64,54-2024-12-24,2024-12-24 10:16:17.713,0.1902323792443684,0.03400965763531774,0.052999999999999936
506,3B00199DE5,55-2024-12-24,2024-12-24 10:16:23.712,0.0992972915237892,0.014665260928750815,0.08300000000000007
507,3B00190DF0,56-2024-12-24,2024-12-24 10:16:35.711,0.1781980256104831,0.025604009150850305,0.07000000000000028
508,3B00192E1E,59-2024-12-24,2024-12-24 10:17:48.710,0.1013994993325588,0.002263877217333897,0.027000000000000135
509,3B00192E1E,61-2024-12-24,2024-12-24 10:19:01.712,0.1013994993325588,0.0007883174283515163,0.10999999999999993
510,01103F9A64,62-2024-12-24,2024-12-24 10:19:36.709,0.1902323792443684,0.03294277378116233,0.052999999999999936
511,01103F9A64,64-2024-12-24,2024-12-24 10:20:02.711,0.1902323792443684,0.026550221764219676,0.052000000000000046
512,3B00192E1E,68-2024-12-24,2024-12-24 10:22:18.714,0.1013994993325588,0.012678912710346164,0.05700000000000005
513,3B0019B8CC,69-2024-12-24,2024-12-24 10:22:41.713,0.159959731469869,6.609704407357744e-05,0.02100000000000002
514,3B004CD4DE,71-2024-12-24,2024-12-24 10:32:44.711,0.1039052092457154,0.014712069316355412,0.045999999999999985
515,3B004CD4DE,73-2024-12-24,2024-12-24 10:33:35.713,0.1003957029762879,0.014534861900443702,0.04600000000000004
516,3B004873F2,74-2024-12-24,2024-12-24 10:41:59.712,0.1046564999395596,0.02693949473485913,0.10899999999999976
517,3B0019B8CC,75-2024-12-24,2024-12-24 10:42:50.713,0.1610898012336357,0.023103476028781992,0.07800000000000007
518,3B0019B8CC,79-2024-12-24,2024-12-24 10:45:00.714,0.1656221013219564,0.02447594902769348,0.07699999999999996
519,3B004873F2,80-2024-12-24,2024-12-24 10:45:09.712,0.1046564999395596,0.01379109750342649,0.044999999999999984
520,3B00186A36,82-2024-12-24,2024-12-24 10:55:28.714,0.0955204384809406,0.0029228610401321182,0.04499999999999993
521,3B00190DF0,83-2024-12-24,2024-12-24 10:55:48.712,0.1816298325313804,0.027918578944949854,0.050000000000000044
522,3B004873F2,84-2024-12-24,2024-12-24 10:56:03.713,0.1046564999395596,0.014124357911537771,0.04799999999999999
523,01103F97C4,85-2024-12-24,2024-12-24 10:58:00.712,0.1601180999108803,0.025123035739130783,0.04800000000000004
524,3B0018A99B,88-2024-12-24,2024-12-24 11:09:51.712,0.0953464577083411,0.004886666462516345,0.03600000000000003
525,3B00192E1E,90-2024-12-24,2024-12-24 12:03:34.721,0.0979528332819931,0.0035237034961123352,0.030000000000000027
526,3B00192E1E,91-2024-12-24,2024-12-24 12:04:07.720,0.1013994993325588,0.0035766089173083237,0.03699999999999992
527,3B00186A36,93-2024-12-24,2024-12-24 12:09:38.719,0.093063423953397,0.010769815854552271,0.07100000000000017
528,01103FA4B2,95-2024-12-24,2024-12-24 12:10:26.718,0.1022732142130403,0.01252162589882087,0.050999999999999934
529,3B00182A81,96-2024-12-24,2024-12-24 12:10:31.719,0.0989691687162381,0.003303157217681787,0.06
530,3B00186A36,97-2024-12-24,2024-12-24 12:11:55.719,0.0955204384809406,-0.0004150573688369795,0.035999999999999976
531,3B00182A81,98-2024-12-24,2024-12-24 12:14:59.721,0.0989691687162381,0.0032426086748637787,0.064
532,3B00192E1E,99-2024-12-24,2024-12-24 12:15:04.719,0.1013994993325588,0.010974329884046721,0.06900000000000006
533,01103F97C4,100-2024-12-24,2024-12-24 12:19:03.718,0.1570343779398801,0.025418656931034348,0.050000000000000044
534,01103F97C4,102-2024-12-24,2024-12-24 12:20:25.718,0.1559805227055397,0.029858562039451364,0.053999999999999826
535,01103F97C4,103-2024-12-24,2024-12-24 12:21:08.718,0.1598146914690822,0.026940854579718083,0.05300000000000005
536,3B00182A81,104-2024-12-24,2024-12-24 12:21:55.718,0.0998143281652848,0.0032189563066376613,0.05699999999999994
537,01103F97C4,105-2024-12-24,2024-12-24 12:26:40.720,0.1598146914690822,0.02797627480949637,0.04800000000000004
538,01103F97C4,106-2024-12-24,2024-12-24 12:27:33.719,0.1598146914690822,0.025443920607262197,0.050000000000000044
539,3B0018A99B,107-2024-12-24,2024-12-24 12:28:35.722,0.0902825402538272,0.014693232819100429,0.04800000000000004
540,01103F97C4,108-2024-12-24,2024-12-24 12:28:47.720,0.1598146914690822,0.02163701862657506,0.06300000000000006
541,01103F97C4,109-2024-12-24,2024-12-24 12:29:58.719,0.1600264100453471,0.027536948471202333,0.06400000000000006
542,3B0018A99B,110-2024-12-24,2024-12-24 12:30:44.720,0.0941531912557333,0.00462028372546178,0.03699999999999992
543,3B004873F2,113-2024-12-24,2024-12-24 12:32:32.721,0.1046564999395596,0.01368959268969996,0.04800000000000004
544,3B00186A36,114-2024-12-24,2024-12-24 12:36:20.720,0.0963673712053707,0.011024636185135231,0.05800000000000005
545,3B004873F2,115-2024-12-24,2024-12-24 12:36:26.720,0.0992308738376422,0.013762047788449803,0.050000000000000044
546,3B004873F2,116-2024-12-24,2024-12-24 12:38:47.720,0.1046564999395596,0.014436586667241859,0.04700000000000015
547,3B004873F2,117-2024-12-24,2024-12-24 12:39:31.721,0.0977111194765592,0.0042048553801017985,0.07399999999999984
548,3B00186A36,118-2024-12-24,2024-12-24 12:41:03.721,0.0998129573233166,0.01259209530902745,0.04800000000000004
549,3B0018A99B,120-2024-12-24,2024-12-24 13:01:25.722,0.0947894834716217,0.00046232191096486953,0.02100000000000002
550,01103F97C4,121-2024-12-24,2024-12-24 13:01:42.719,0.1635295883903047,0.025832530345802022,0.04699999999999993
551,3B004873F2,122-2024-12-24,2024-12-24 13:02:20.720,0.1046564999395596,0.004134527037455731,0.04999999999999999
552,01103F97C4,124-2024-12-24,2024-12-24 13:02:41.719,0.1665297302249412,0.024569516372653383,0.04899999999999993
553,01103F97C4,128-2024-12-24,2024-12-24 13:04:35.719,0.1640903560471573,0.026634438800799336,0.06499999999999995
554,3B00186A36,129-2024-12-24,2024-12-24 13:06:39.721,0.0955204384809406,0.001563980335402568,0.050999999999999934
555,3B00182A81,130-2024-12-24,2024-12-24 13:15:47.721,0.0989691687162381,0.0038946842973972802,0.06700000000000006
556,3B00192E1E,131-2024-12-24,2024-12-24 13:15:52.718,0.1016206874215193,0.0024675567667651116,0.09999999999999998
557,3B0018C6F9,133-2024-12-24,2024-12-24 13:17:12.719,0.0998984242976652,0.01341693939778139,0.04600000000000004
558,3B00186A36,134-2024-12-24,2024-12-24 13:17:44.720,0.0955204384809406,0.0035429682596996312,0.07100000000000001
559,3B0018C6F9,135-2024-12-24,2024-12-24 13:18:06.718,0.1026676202612962,0.012184845863732587,0.04299999999999993
560,3B00182A81,137-2024-12-24,2024-12-24 13:18:17.718,0.0989691687162381,0.004742796450616081,0.07099999999999998
561,3B00199DE5,140-2024-12-24,2024-12-24 13:20:57.719,0.1002564882618714,0.0012877510919966331,0.030000000000000027
562,01103F97C4,142-2024-12-24,2024-12-24 13:38:11.721,0.164112486641123,0.02934935964749186,0.05400000000000005
563,3B004873F2,143-2024-12-24,2024-12-24 13:38:55.721,0.1046564999395596,0.0043677954851547365,0.04600000000000001
564,01103F97C4,144-2024-12-24,2024-12-24 13:39:00.720,0.1598146914690822,0.03155696586641891,0.05600000000000005
565,01103F97C4,146-2024-12-24,2024-12-24 13:41:03.721,0.1599576905808694,0.026240758831379784,0.052999999999999936
566,3B004873F2,147-2024-12-24,2024-12-24 13:41:41.719,0.1008011096588529,0.004271167241864225,0.06999999999999995
567,01103F97C4,148-2024-12-24,2024-12-24 13:41:49.721,0.1609230533796871,0.02621555532330305,0.050000000000000266
568,01103F97C4,150-2024-12-24,2024-12-24 13:43:44.721,0.1682128441974665,0.026352980924131585,0.04699999999999971
569,01103F97C4,155-2024-12-24,2024-12-24 13:52:56.723,0.1598146914690822,0.02651847312523138,0.052000000000000046
570,3B00192E1E,159-2024-12-24,2024-12-24 13:56:57.722,0.1013994993325588,0.003139869879155576,0.031000000000000028
571,3B0019F652,161-2024-12-24,2024-12-24 14:11:44.720,0.0881893569011782,0.0035508045657549896,0.03499999999999992
572,3B0019F652,163-2024-12-24,2024-12-24 14:21:12.974,0.0888831624512221,0.0022941514224571777,0.03499999999999992
573,3B0018C6F9,164-2024-12-24,2024-12-24 14:30:42.974,0.0986842036561584,0.011975486001678665,0.04400000000000004
574,3B0018A99B,166-2024-12-24,2024-12-24 14:34:54.971,0.0959887222945378,0.00395938999217686,0.031999999999999806
575,01103FA4B2,167-2024-12-24,2024-12-24 14:35:49.972,0.1022732142130403,0.016824084645176186,0.04799999999999982
576,3B0018C6F9,168-2024-12-24,2024-12-24 14:36:09.971,0.0986799324575277,0.013447195474314147,0.04899999999999993
577,3B004C5268,170-2024-12-24,2024-12-24 14:37:47.972,0.0922080082044902,0.012081599889289567,0.08000000000000007
578,01103FA4B2,172-2024-12-24,2024-12-24 14:39:57.972,0.1022732142130403,0.016143437930738046,0.052000000000000046
579,3B004873F2,174-2024-12-24,2024-12-24 14:42:18.971,0.1046564999395596,0.0032801674320978532,0.05499999999999999
580,3B004CD4DE,175-2024-12-24,2024-12-24 14:42:24.971,0.1039052092457154,0.015572087477785723,0.04500000000000015
581,3B00192E1E,180-2024-12-24,2024-12-24 14:54:26.972,0.1013994993325588,0.0029177531133824223,0.08400000000000002
582,3B00186A36,181-2024-12-24,2024-12-24 14:54:38.972,0.0955204384809406,0.012341115488371707,0.08000000000000007
583,3B004873F2,184-2024-12-24,2024-12-24 15:00:27.973,0.0997400654435224,0.003969202804053158,0.049000000000000044
584,3B00186A36,185-2024-12-24,2024-12-24 15:04:02.971,0.0972769268976941,0.013196976239274705,0.050999999999999934
585,3B00192E1E,186-2024-12-24,2024-12-24 15:04:27.971,0.1013994993325588,0.0023417635401398007,0.07799999999999985
586,3B004873F2,188-2024-12-24,2024-12-24 15:04:54.972,0.1011875229713105,0.004822815039392271,0.05399999999999994
587,3B0019F652,189-2024-12-24,2024-12-24 15:05:42.972,0.0881893569011782,0.012552472864692583,0.05799999999999994
588,3B0019B8CC,191-2024-12-24,2024-12-24 15:08:59.970,0.159959731469869,0.02700310698395261,0.052000000000000046
589,01103F97C4,192-2024-12-24,2024-12-24 15:09:28.970,0.1679695080026766,0.024005397417501653,0.06700000000000017
590,3B0019B8CC,193-2024-12-24,2024-12-24 15:10:25.970,0.159959731469869,0.029064750733074827,0.08100000000000007
591,01103F97C4,195-2024-12-24,2024-12-24 15:11:14.970,0.1687324561681341,0.024781211573039374,0.053999999999999826
592,3B0019B8CC,196-2024-12-24,2024-12-24 15:11:22.969,0.159959731469869,0.025103448948022505,0.06000000000000005
593,3B0019F652,197-2024-12-24,2024-12-24 15:12:11.969,0.0908864259931982,0.013081098603909016,0.08700000000000019
594,3B0019B8CC,198-2024-12-24,2024-12-24 15:12:34.968,0.1641858179246841,0.028524469278941755,0.052999999999999936
595,3B0019B8CC,199-2024-12-24,2024-12-24 15:13:59.969,0.1680611057475831,0.025615745018093303,0.05300000000000038
596,3B0019B8CC,201-2024-12-24,2024-12-24 15:15:56.969,0.159959731469869,0.024794260928999383,0.05500000000000016
597,3B0019B8CC,203-2024-12-24,2024-12-24 15:17:25.968,0.16481164260148,0.025181613272130674,0.07999999999999963
598,3B0019B8CC,208-2024-12-24,2024-12-24 15:19:19.968,0.159959731469869,0.029467989592411065,0.05499999999999994
599,3B0018C6F9,213-2024-12-24,2024-12-24 15:24:37.968,0.0986842036561584,0.01203713950230444,0.04300000000000004
600,3B004873F2,216-2024-12-24,2024-12-24 15:25:50.969,0.1046564999395596,0.005067800975354171,0.05300000000000005
601,3B00190DF0,219-2024-12-24,2024-12-24 15:26:39.967,0.1761565842871426,0.023954846756709967,0.07100000000000001
602,01103F97C4,220-2024-12-24,2024-12-24 15:27:30.968,0.1743920937668931,0.00801397326386678,0.036999999999999034
603,3B00186A36,221-2024-12-24,2024-12-24 15:27:56.969,0.1642228187041886,0.0013154588686135414,0.06099999999999994
604,3B004873F2,223-2024-12-24,2024-12-24 15:28:40.969,0.1046564999395596,0.004096213873112815,0.043999999999999984
605,3B00190DF0,226-2024-12-24,2024-12-24 15:29:14.967,0.1870370556115993,0.023546608799160075,0.05099999999999971
606,3B00192E1E,227-2024-12-24,2024-12-24 15:29:32.968,0.1048830723329223,0.004024314636690911,0.06800000000000006
607,3B0019B8CC,228-2024-12-24,2024-12-24 15:29:50.969,0.1732642953451508,0.026094172118276304,0.07899999999999974
608,01103F97C4,229-2024-12-24,2024-12-24 15:29:55.968,0.1671883240687228,0.027123030945732287,0.05300000000000016
609,3B004873F2,230-2024-12-24,2024-12-24 15:30:15.968,0.1012129692371453,0.013420003372775728,0.07599999999999985
610,3B00190DF0,232-2024-12-24,2024-12-24 15:30:55.970,0.1872775724625532,0.025423223156999374,0.050000000000000044
611,01103F97C4,234-2024-12-24,2024-12-24 15:31:40.967,0.1598146914690822,0.02532999859194601,0.05500000000000016
612,3B00182A81,235-2024-12-24,2024-12-24 15:31:45.968,0.104133725975949,0.004197989513735909,0.05799999999999997
613,3B0018C6F9,237-2024-12-24,2024-12-24 15:33:45.968,0.1014441761259851,0.0037663807087928497,0.066
614,3B0019B8CC,241-2024-12-24,2024-12-24 15:36:46.967,0.159959731469869,0.02433873019025647,0.05400000000000027
615,3B004CD4DE,242-2024-12-24,2024-12-24 15:37:01.970,0.1039052092457154,2.9070865400957866e-05,0.0040000000000000036
616,3B004CD4DE,243-2024-12-24,2024-12-24 15:38:22.969,0.0977901995683585,0.015775782698513034,0.04700000000000015
617,3B00186A36,4-2025-01-01,2025-01-01 08:33:11.663,0.0955204384809406,0.010491685682701802,0.07700000000000001
618,3B0019B8CC,6-2025-01-01,2025-01-01 08:33:26.662,0.159959731469869,0.0272372780639023,0.052000000000000046
619,3B00190DF0,7-2025-01-01,2025-01-01 08:35:10.662,0.1761565842871426,0.022563886890055885,0.06999999999999995
620,3B0019B8CC,10-2025-01-01,2025-01-01 08:50:00.667,0.159959731469869,0.026561274017242408,0.050000000000000044
621,3B00190DF0,11-2025-01-01,2025-01-01 08:51:08.669,0.1761565842871426,0.023016248131284864,0.06000000000000005
622,3B0019B8CC,12-2025-01-01,2025-01-01 08:51:12.669,0.159959731469869,0.02335172801725311,0.07499999999999996
623,3B00192E1E,13-2025-01-01,2025-01-01 08:51:51.669,0.1013994993325588,0.012086347284278431,0.04999999999999993
624,3B0019B8CC,14-2025-01-01,2025-01-01 08:52:22.667,0.1537417692911293,0.023616335653811805,0.07499999999999996
625,3B0019B8CC,15-2025-01-01,2025-01-01 08:54:04.667,0.159959731469869,0.024960001882893323,0.05299999999999999
626,3B00190DF0,16-2025-01-01,2025-01-01 09:03:52.664,0.1761565842871426,0.02508353982193469,0.051999999999999935
627,3B00182A81,17-2025-01-01,2025-01-01 09:04:03.662,0.0989691687162381,0.012673157654337845,0.05099999999999999
628,3B00192E1E,18-2025-01-01,2025-01-01 09:04:47.663,0.1013994993325588,0.011202563299774156,0.04699999999999993
629,3B00190DF0,19-2025-01-01,2025-01-01 09:05:14.663,0.1761565842871426,0.022049120883450506,0.05800000000000005
630,3B00190DF0,20-2025-01-01,2025-01-01 09:06:46.661,0.1761565842871426,0.02477589213268218,0.05599999999999994
631,3B0019B8CC,21-2025-01-01,2025-01-01 09:07:17.662,0.1541533963042826,0.026315551651133105,0.05400000000000027
632,3B00190DF0,22-2025-01-01,2025-01-01 09:08:32.663,0.1761565842871426,0.02427111896027208,0.04699999999999993
633,3B001857EE,24-2025-01-01,2025-01-01 09:09:12.660,0.10256506244428,0.012638805616382661,0.04899999999999999
634,3B001857EE,27-2025-01-01,2025-01-01 09:11:37.661,0.10256506244428,0.005922989519987067,0.04100000000000015
635,3B001857EE,28-2025-01-01,2025-01-01 09:13:25.661,0.10256506244428,0.012251768206519005,0.052000000000000046
636,3B001857EE,29-2025-01-01,2025-01-01 09:15:02.662,0.10256506244428,0.011286561756961378,0.04999999999999993
637,3B004873F2,32-2025-01-01,2025-01-01 09:28:47.661,0.1046564999395596,0.013067493909791778,0.043999999999999984
638,3B004873F2,37-2025-01-01,2025-01-01 09:31:27.662,0.1046564999395596,0.003113809790340636,0.04200000000000004
639,3B0019B8CC,39-2025-01-01,2025-01-01 09:33:21.661,0.159959731469869,0.027278140222161042,0.052000000000000046
640,3B004C0894,41-2025-01-01,2025-01-01 09:33:56.661,0.0898937694602053,0.012231927921528926,0.051000000000000156
641,3B004873F2,43-2025-01-01,2025-01-01 09:34:10.663,0.1046564999395596,0.012520693595507709,0.04600000000000004
642,3B0019B8CC,44-2025-01-01,2025-01-01 09:34:46.662,0.159959731469869,0.023669463353658115,0.052999999999999936
643,3B0018A99B,46-2025-01-01,2025-01-01 09:35:15.663,0.0953464577083411,0.004316754009768342,0.03299999999999992
644,3B004CD4DE,48-2025-01-01,2025-01-01 09:35:37.662,0.1039052092457154,0.011447514798050727,0.07900000000000001
645,3B001857EE,51-2025-01-01,2025-01-01 09:39:25.663,0.10256506244428,0.005814816250822956,0.04099999999999998
646,3B0019B8CC,52-2025-01-01,2025-01-01 09:39:30.662,0.1573476952844205,0.02619416379054389,0.052000000000000046
647,3B001857EE,56-2025-01-01,2025-01-01 10:05:19.660,0.10256506244428,0.0051797562778307885,0.04400000000000004
648,3B004873F2,59-2025-01-01,2025-01-01 10:12:31.659,0.1046564999395596,0.0031208322071771396,0.043999999999999984
649,3B00190DF0,60-2025-01-01,2025-01-01 10:12:37.660,0.1761565842871426,0.023178533739285224,0.07000000000000006
650,3B004873F2,61-2025-01-01,2025-01-01 10:13:25.658,0.1046564999395596,0.004008716649444744,0.03200000000000003
651,3B004873F2,66-2025-01-01,2025-01-01 10:27:38.658,0.1046564999395596,0.0026047419644364086,0.04099999999999998
652,3B00192E1E,69-2025-01-01,2025-01-01 10:29:02.660,0.1013994993325588,0.011363117082655956,0.052999999999999936
653,3B00192E1E,70-2025-01-01,2025-01-01 10:30:22.658,0.095464292361893,0.002216525188534079,0.10899999999999999
654,3B004873F2,71-2025-01-01,2025-01-01 10:30:32.660,0.1046564999395596,0.013738934797652525,0.04800000000000004
655,3B00190DF0,73-2025-01-01,2025-01-01 10:31:22.660,0.1761565842871426,0.025399597138763153,0.052999999999999936
656,3B004873F2,74-2025-01-01,2025-01-01 10:31:54.660,0.1046564999395596,0.01394616364587672,0.04800000000000004
657,3B00182A81,75-2025-01-01,2025-01-01 10:32:52.660,0.0989691687162381,0.004898175491745155,0.04500000000000004
658,3B004CD4DE,77-2025-01-01,2025-01-01 10:33:24.661,0.1039052092457154,0.013168470105753229,0.04300000000000001
659,3B004CD4DE,78-2025-01-01,2025-01-01 10:35:09.660,0.1039052092457154,0.013655097595552444,0.07200000000000001
660,3B0018A99B,79-2025-01-01,2025-01-01 10:36:33.660,0.0953464577083411,0.00022769758067292417,0.025999999999999968
661,3B00190DF0,80-2025-01-01,2025-01-01 10:36:38.662,0.1761565842871426,0.027188662470067234,0.06499999999999995
662,3B00190DF0,82-2025-01-01,2025-01-01 10:39:16.663,0.1761565842871426,0.028038867511522486,0.06700000000000006
663,3B004873F2,84-2025-01-01,2025-01-01 10:40:01.660,0.1046564999395596,0.0134651114635211,0.04600000000000004
664,3B00192E1E,85-2025-01-01,2025-01-01 10:49:05.664,0.0963096249637781,0.00189899949933966,0.06700000000000006
665,3B004873F2,87-2025-01-01,2025-01-01 10:49:50.664,0.1046564999395596,0.013924436733116843,0.044999999999999984
666,3B0018A99B,88-2025-01-01,2025-01-01 10:50:11.664,0.0953464577083411,0.002787667578876703,0.03200000000000003
667,3B00192E1E,90-2025-01-01,2025-01-01 10:50:42.664,0.1013994993325588,0.003226007704828108,0.07
668,3B0018C2F6,93-2025-01-01,2025-01-01 10:52:59.665,0.1527499213865018,0.02503072527437755,0.05799999999999983
669,3B0018C2F6,95-2025-01-01,2025-01-01 10:54:29.663,0.1571190912084223,0.023464433580425124,0.052999999999999936
670,3B0018C2F6,96-2025-01-01,2025-01-01 10:57:31.661,0.1571190912084223,0.025951556747044247,0.052000000000000046
671,3B0018C2F6,97-2025-01-01,2025-01-01 11:02:19.662,0.1571190912084223,0.024371529559405306,0.051000000000000156
672,3B0018C2F6,101-2025-01-01,2025-01-01 11:05:29.661,0.1571190912084223,0.025244529937686777,0.05399999999999999
673,3B004873F2,102-2025-01-01,2025-01-01 11:05:42.664,0.1046564999395596,0.013306551686075686,0.07100000000000006
674,3B0018C2F6,109-2025-01-01,2025-01-01 11:20:15.664,0.1571190912084223,0.026833252259664413,0.050999999999999934
675,3B0018C2F6,111-2025-01-01,2025-01-01 11:21:59.664,0.1571190912084223,0.021474653211875257,0.05600000000000005
676,3B00182A81,112-2025-01-01,2025-01-01 11:22:05.664,0.0989691687162381,0.004512816836106783,0.07299999999999995
677,3B001857EE,113-2025-01-01,2025-01-01 11:22:15.663,0.0981864243688147,0.0058329015202601584,0.04600000000000004
678,3B0019B8CC,114-2025-01-01,2025-01-01 11:22:46.664,0.159959731469869,0.020631215199373828,0.06700000000000017
679,3B0018C2F6,116-2025-01-01,2025-01-01 11:24:03.664,0.1546806498740925,0.024523415849529554,0.07
680,3B0019B8CC,117-2025-01-01,2025-01-01 11:24:19.664,0.159959731469869,0.022846158106430557,0.051000000000000156
681,3B0018A99B,119-2025-01-01,2025-01-01 11:24:39.665,0.0908020493693927,0.002548358793530329,0.08000000000000007
682,3B0018C2F6,120-2025-01-01,2025-01-01 11:24:45.665,0.1571190912084223,0.025772489110081034,0.05499999999999994
683,3B004873F2,121-2025-01-01,2025-01-01 11:24:51.664,0.1046564999395596,0.003614403558365949,0.04300000000000004
684,3B0019B8CC,125-2025-01-01,2025-01-01 11:32:38.665,0.159959731469869,0.024560199229531694,0.07999999999999985
685,3B0018C2F6,127-2025-01-01,2025-01-01 11:32:49.666,0.1571190912084223,0.024669571333931432,0.05799999999999983
686,3B0019B8CC,128-2025-01-01,2025-01-01 11:33:46.669,0.159959731469869,0.027705212274284463,0.04999999999999982
687,3B0018C2F6,129-2025-01-01,2025-01-01 11:34:17.666,0.1571190912084223,0.02358978311538388,0.053999999999999826
688,3B00190DF0,130-2025-01-01,2025-01-01 11:34:25.665,0.1761565842871426,0.022123987562652596,0.07000000000000006
689,3B0019B8CC,131-2025-01-01,2025-01-01 11:34:49.666,0.159959731469869,0.006603071990609678,0.05800000000000005
690,3B004C0894,133-2025-01-01,2025-01-01 11:35:54.666,0.114762175982298,0.010735074317970137,0.052999999999999936
691,3B0019B8CC,134-2025-01-01,2025-01-01 11:36:18.666,0.159959731469869,0.02529327638162439,0.06199999999999983
692,3B0018C2F6,136-2025-01-01,2025-01-01 11:36:53.666,0.1599148351289141,0.024113902354882616,0.05899999999999994
693,3B0018C2F6,137-2025-01-01,2025-01-01 11:38:59.666,0.1571190912084223,0.02483054504896828,0.062000000000000055
694,3B00192E1E,140-2025-01-01,2025-01-01 11:41:59.668,0.1013994993325588,0.003963618299808432,0.04500000000000004
695,3B0018C2F6,141-2025-01-01,2025-01-01 11:45:31.668,0.1571190912084223,0.026263711614010157,0.05800000000000005
696,3B0018C2F6,143-2025-01-01,2025-01-01 11:48:06.669,0.1599577002912535,0.021704690717646368,0.05699999999999994
697,3B004CD4DE,145-2025-01-01,2025-01-01 11:49:57.669,0.1039052092457154,0.0142406254126067,0.07899999999999996
698,3B0018C2F6,146-2025-01-01,2025-01-01 11:50:07.669,0.1571190912084223,0.026073485212450606,0.052999999999999936
699,3B00182A81,149-2025-01-01,2025-01-01 11:51:41.669,0.0989691687162381,0.0048589671353040315,0.056999999999999995
700,3B00190DF0,150-2025-01-01,2025-01-01 11:51:53.670,0.1761565842871426,0.027428347788470083,0.06799999999999998
701,3B004873F2,151-2025-01-01,2025-01-01 11:52:02.671,0.1046564999395596,0.003604718536519982,0.045999999999999985
702,3B00190DF0,153-2025-01-01,2025-01-01 11:53:05.670,0.1761565842871426,0.02091864234542801,0.07000000000000006
703,3B00190DF0,154-2025-01-01,2025-01-01 11:55:11.598,0.1761565842871426,0.024927046014571817,0.05199999999999999
704,3B0018C2F6,155-2025-01-01,2025-01-01 12:01:40.599,0.1571190912084223,0.021789526622487874,0.05600000000000005
705,3B00192E1E,158-2025-01-01,2025-01-01 12:10:23.598,0.1013994993325588,0.004104683876801935,0.07400000000000001
706,3B004873F2,162-2025-01-01,2025-01-01 12:11:35.598,0.1046564999395596,0.003700902203465253,0.04099999999999998
707,3B0018C2F6,164-2025-01-01,2025-01-01 12:12:04.596,0.160726219686895,0.022922926581758735,0.05500000000000016
708,3B00190DF0,166-2025-01-01,2025-01-01 12:13:09.597,0.1761565842871426,0.024551013210415664,0.04600000000000004
709,3B0019B8CC,167-2025-01-01,2025-01-01 12:13:14.598,0.159959731469869,0.022166098135076463,0.05700000000000016
710,3B001857EE,168-2025-01-01,2025-01-01 12:13:17.598,0.10256506244428,0.005408830186514564,0.04199999999999998
711,3B00190DF0,170-2025-01-01,2025-01-01 12:14:27.599,0.1761565842871426,0.02250977436922932,0.04600000000000004
712,3B0019B8CC,172-2025-01-01,2025-01-01 12:15:03.596,0.159959731469869,0.027232753200884474,0.04699999999999993
713,3B00190DF0,173-2025-01-01,2025-01-01 12:17:26.598,0.1761565842871426,0.02612245603969053,0.05400000000000005
714,3B004CD4DE,175-2025-01-01,2025-01-01 12:18:54.599,0.1039052092457154,0.0020403132867150074,0.07099999999999995
715,3B0018C2F6,176-2025-01-01,2025-01-01 12:19:08.598,0.1571190912084223,0.022240911509738035,0.08299999999999996
716,3B00190DF0,177-2025-01-01,2025-01-01 12:19:13.599,0.1761565842871426,0.024138619566991315,0.06899999999999995
717,3B0018C2F6,179-2025-01-01,2025-01-01 12:21:04.597,0.1549446049607633,0.023519069403842317,0.06399999999999983
718,3B004873F2,180-2025-01-01,2025-01-01 12:21:14.596,0.1046564999395596,0.003099033650754097,0.04999999999999999
719,3B004873F2,181-2025-01-01,2025-01-01 12:22:04.597,0.0941165406379006,0.004579771835262879,0.05199999999999999
720,3B004CD4DE,182-2025-01-01,2025-01-01 12:30:14.597,0.1039052092457154,0.0026650049618013078,0.04899999999999999
721,3B00192E1E,183-2025-01-01,2025-01-01 12:31:36.597,0.1013994993325588,0.0038277707537024224,0.07200000000000006
722,3B0019B8CC,184-2025-01-01,2025-01-01 12:31:59.597,0.1578193923143941,0.02004682586103027,0.04800000000000004
723,3B0019B8CC,185-2025-01-01,2025-01-01 12:33:19.598,0.1623284197490127,0.019987255184209927,0.05600000000000005
724,3B00182A81,186-2025-01-01,2025-01-01 12:33:29.598,0.0989691687162381,0.0041595283099341435,0.03999999999999998
725,3B00192E1E,188-2025-01-01,2025-01-01 12:34:06.597,0.0990352584955225,0.004428083825623485,0.07099999999999995
726,3B001857EE,190-2025-01-01,2025-01-01 12:41:31.599,0.10256506244428,0.0053904976106447094,0.04200000000000004
727,3B001857EE,193-2025-01-01,2025-01-01 12:42:45.598,0.10256506244428,0.005601003205016615,0.040999999999999925
728,3B004CD4DE,194-2025-01-01,2025-01-01 12:43:11.599,0.1039052092457154,0.013749220007846558,0.06599999999999995
729,3B0018C2F6,195-2025-01-01,2025-01-01 12:43:48.599,0.084208082455557,0.026439817408615528,0.06899999999999995
730,3B00192E1E,197-2025-01-01,2025-01-01 12:44:33.600,0.0990094558726645,0.003940035784305706,0.05899999999999994
731,3B0019B8CC,198-2025-01-01,2025-01-01 12:46:18.600,0.159959731469869,0.02012774125371193,0.06299999999999994
732,3B00190DF0,199-2025-01-01,2025-01-01 12:46:27.598,0.1804065681636367,0.02505873281034869,0.05900000000000016
733,3B0019B8CC,201-2025-01-01,2025-01-01 12:47:31.600,0.159959731469869,0.026890497179807748,0.04800000000000004
734,3B00182A81,202-2025-01-01,2025-01-01 12:47:43.601,0.1023450745211842,0.004204867951871586,0.05799999999999983
735,3B0018C2F6,203-2025-01-01,2025-01-01 12:48:03.598,0.1571190912084223,0.02443919231149567,0.052000000000000046
736,3B00190DF0,204-2025-01-01,2025-01-01 12:48:12.599,0.1761565842871426,0.023286069025310583,0.05700000000000005
737,3B004873F2,205-2025-01-01,2025-01-01 12:48:56.598,0.1046564999395596,0.014791787380209604,0.049000000000000044
738,3B004873F2,208-2025-01-01,2025-01-01 12:50:00.600,0.1046564999395596,0.014297630963888783,0.04799999999999999
739,3B0019B8CC,210-2025-01-01,2025-01-01 12:51:08.599,0.159959731469869,0.028937798191752715,0.052000000000000046
740,3B00192E1E,212-2025-01-01,2025-01-01 12:52:02.600,0.1013994993325588,0.0041019289778947265,0.07100000000000001
741,3B00182A81,213-2025-01-01,2025-01-01 12:52:26.600,0.0989691687162381,0.005035532252709226,0.06600000000000003
742,3B00190DF0,214-2025-01-01,2025-01-01 12:52:57.599,0.1761565842871426,0.0253222381681097,0.062000000000000055
743,3B0018C2F6,215-2025-01-01,2025-01-01 12:54:05.599,0.1571190912084223,0.013173952580753155,0.052999999999999936
744,3B0018C2F6,217-2025-01-01,2025-01-01 13:03:18.599,0.1571190912084223,0.022345380156927018,0.064
745,3B0018C2F6,220-2025-01-01,2025-01-01 13:10:42.596,0.1643668513214655,0.02450167732693363,0.050000000000000044
746,3B0018A99B,222-2025-01-01,2025-01-01 13:17:36.595,0.097517425410286,0.010975955713599857,0.08400000000000007
747,3B001857EE,223-2025-01-01,2025-01-01 13:17:51.594,0.10256506244428,0.0037115605832399954,0.063
748,3B004873F2,225-2025-01-01,2025-01-01 13:18:01.595,0.1720352973323102,0.01022354999046129,0.07799999999999996
749,3B004873F2,226-2025-01-01,2025-01-01 13:19:51.596,0.0974667834479013,0.004476591875308435,0.04700000000000004
750,3B0018C2F6,229-2025-01-01,2025-01-01 13:20:20.594,0.1609335855403465,0.021135206536933716,0.05699999999999994
751,3B0019B8CC,230-2025-01-01,2025-01-01 13:24:49.594,0.159959731469869,0.0241037746889873,0.04800000000000004
752,3B0018A99B,231-2025-01-01,2025-01-01 13:25:45.594,0.0953464577083411,0.004419322968521563,0.03400000000000003
753,3B00190DF0,232-2025-01-01,2025-01-01 13:26:04.594,0.1761565842871426,0.031219424017281464,0.07699999999999996
754,3B004C0894,234-2025-01-01,2025-01-01 13:38:53.593,0.114762175982298,0.006214425767933873,0.040999999999999925
755,3B00192E1E,237-2025-01-01,2025-01-01 13:39:43.594,0.1021955748358337,0.004412118619607686,0.04799999999999993
756,3B00192E1E,240-2025-01-01,2025-01-01 13:41:51.594,0.1013994993325588,0.004501570994699798,0.06499999999999995
757,3B0019B8CC,241-2025-01-01,2025-01-01 13:41:56.593,0.159959731469869,0.02595427975386969,0.052999999999999936
758,3B00182A81,242-2025-01-01,2025-01-01 13:42:24.594,0.0989691687162381,0.004497898104242083,0.064
759,3B0018C2F6,243-2025-01-01,2025-01-01 13:47:37.595,0.1571190912084223,0.02996435173980779,0.050000000000000044
760,3B004873F2,245-2025-01-01,2025-01-01 13:48:26.595,0.1000853263568463,0.014758227058021883,0.04800000000000004
761,3B0018C2F6,246-2025-01-01,2025-01-01 13:49:49.594,0.1594016462994898,0.027951940019006305,0.04799999999999993
762,3B0019B8CC,248-2025-01-01,2025-01-01 13:50:01.594,0.159959731469869,0.02706783454836288,0.07299999999999995
763,3B00190DF0,249-2025-01-01,2025-01-01 13:50:25.594,0.1761565842871426,0.024768889585056294,0.05400000000000027
764,3B0018C2F6,250-2025-01-01,2025-01-01 13:51:02.594,0.1571190912084223,0.022398818682000443,0.050000000000000044
765,3B004C0894,253-2025-01-01,2025-01-01 13:51:31.595,0.1052695200649027,0.0031049638554643466,0.061
766,3B0019B8CC,255-2025-01-01,2025-01-01 13:52:25.594,0.159959731469869,0.00217634253794903,0.029000000000000026
767,3B001857EE,256-2025-01-01,2025-01-01 13:53:33.595,0.10256506244428,0.0061131945299967225,0.04299999999999998
768,3B0018C2F6,259-2025-01-01,2025-01-01 13:54:06.595,0.1637343543825744,0.029178428407301893,0.05400000000000027
769,3B00192E1E,261-2025-01-01,2025-01-01 13:55:17.594,0.1013994993325588,0.0036822080634882847,0.068
770,3B00182A81,263-2025-01-01,2025-01-01 13:55:28.596,0.0989691687162381,0.004185620705215587,0.07200000000000001
771,3B0018C2F6,264-2025-01-01,2025-01-01 13:55:34.595,0.1646896387201079,0.022307101239384525,0.06200000000000028
772,3B0018C2F6,265-2025-01-01,2025-01-01 13:57:17.596,0.1641810785001007,0.029659051203286664,0.052000000000000046
773,3B00190DF0,266-2025-01-01,2025-01-01 13:57:25.595,0.1833135275876349,0.020302772467064936,0.06899999999999995
774,3B0018C2F6,268-2025-01-01,2025-01-01 14:02:17.595,0.163546118489205,0.02934681603426712,0.052000000000000046
775,3B001857EE,269-2025-01-01,2025-01-01 14:07:43.598,0.1007058526637179,0.0031249895606514583,0.09099999999999997
776,3B0018A99B,272-2025-01-01,2025-01-01 14:09:59.598,0.0958739966589119,0.0035277012182504553,0.06299999999999994
777,3B0018C2F6,273-2025-01-01,2025-01-01 14:10:54.597,0.1643665921341219,0.029256017825680852,0.05400000000000027
778,3B0018C2F6,276-2025-01-01,2025-01-01 14:12:25.599,0.1660723081362042,0.02876321487562759,0.04800000000000004
779,3B0018C2F6,279-2025-01-01,2025-01-01 14:15:09.601,0.1571190912084223,0.030059409226997385,0.049000000000000044
780,3B0018C2F6,280-2025-01-01,2025-01-01 14:20:32.600,0.1693843512850032,0.02379473299302501,0.05500000000000016
781,3B004873F2,281-2025-01-01,2025-01-01 14:27:35.603,0.1046564999395596,0.012281355970932722,0.07899999999999996
782,3B0018C2F6,283-2025-01-01,2025-01-01 14:29:19.602,0.1655714593930803,0.020144632845597112,0.06000000000000005
783,3B004873F2,284-2025-01-01,2025-01-01 14:29:45.603,0.1046564999395596,0.013565738828501548,0.04400000000000004
784,3B00190DF0,285-2025-01-01,2025-01-01 14:29:57.602,0.1761565842871426,0.02789039754074853,0.052000000000000046
785,3B004CD4DE,286-2025-01-01,2025-01-01 14:30:18.604,0.1039052092457154,0.0034784876280408604,0.04400000000000004
786,3B0019B8CC,287-2025-01-01,2025-01-01 14:30:44.604,0.159959731469869,0.02673792748305874,0.07700000000000001
787,3B004CD4DE,288-2025-01-01,2025-01-01 14:30:55.604,0.1039052092457154,0.0032833311934707815,0.06700000000000006
788,3B00182A81,291-2025-01-01,2025-01-01 14:40:11.606,0.0989691687162381,0.005100060416934913,0.06099999999999997
789,3B0019B8CC,295-2025-01-01,2025-01-01 14:44:40.607,0.159959731469869,0.02304078144314618,0.07600000000000007
790,3B00190DF0,298-2025-01-01,2025-01-01 14:48:42.608,0.1798078274743395,0.027632337774596057,0.06500000000000039
791,3B0019B8CC,299-2025-01-01,2025-01-01 14:49:44.608,0.1613201657985411,0.026660933175461782,0.08400000000000007
792,3B00190DF0,300-2025-01-01,2025-01-01 14:49:53.609,0.1839712285683405,0.024977007673045996,0.052000000000000046
793,3B0019B8CC,307-2025-01-01,2025-01-01 14:53:31.609,0.1655355894851367,0.005579109298103004,0.09800000000000009
794,3B0019B8CC,308-2025-01-01,2025-01-01 14:54:56.608,0.159959731469869,0.026679238227234343,0.04899999999999993
795,3B0018C2F6,309-2025-01-01,2025-01-01 14:55:11.609,0.1571190912084223,0.03140165814798957,0.050000000000000044
796,3B00190DF0,311-2025-01-01,2025-01-01 14:56:55.607,0.1761565842871426,0.023659370498163558,0.05300000000000005
797,3B0019B8CC,312-2025-01-01,2025-01-01 14:57:08.607,0.1646401686280851,0.007448202871546085,0.09000000000000008
798,3B0018C2F6,314-2025-01-01,2025-01-01 14:57:46.605,0.1630231954955807,0.01830405646195178,0.07299999999999951
799,01103FA4B2,315-2025-01-01,2025-01-01 14:57:55.607,0.100866132101319,0.015471501270885655,0.04400000000000004
800,3B00199DE5,316-2025-01-01,2025-01-01 14:58:15.606,0.1002564882618714,0.016988998222675897,0.050000000000000044
801,3B00190DF0,323-2025-01-01,2025-01-01 16:01:45.590,0.1761565842871426,0.0220775831657447,0.05599999999999983
802,3B004CD4DE,324-2025-01-01,2025-01-01 16:01:47.591,0.0984797943978346,0.0038691170428159683,0.07500000000000001
803,3B00190DF0,326-2025-01-01,2025-01-01 16:03:12.589,0.1761565842871426,0.027102437217269796,0.04700000000000015
804,3B00190DF0,327-2025-01-01,2025-01-01 16:04:31.590,0.1761565842871426,0.021914171478033526,0.06400000000000006
805,3B00199DE5,329-2025-01-01,2025-01-01 16:04:42.589,0.1002564882618714,0.003992336274142768,0.03600000000000003
806,3B00190DF0,330-2025-01-01,2025-01-01 16:05:52.590,0.1761565842871426,0.024828347439443902,0.04899999999999993
807,3B00190DF0,331-2025-01-01,2025-01-01 16:07:20.588,0.1761565842871426,0.02169099430853452,0.06300000000000006
808,3B004CD4DE,332-2025-01-01,2025-01-01 16:07:25.588,0.1039052092457154,0.004705088682705041,0.061
809,3B00190DF0,1-2025-01-04,2025-01-04 08:13:36.933,0.1761565842871426,0.023959570727067215,0.05800000000000005
810,3B0019B8CC,2-2025-01-04,2025-01-04 08:13:41.932,0.159959731469869,0.02510442899706971,0.052999999999999936
811,3B00199DE5,3-2025-01-04,2025-01-04 08:14:51.933,0.0950654953023283,0.015015280971331516,0.052000000000000046
812,3B00190DF0,4-2025-01-04,2025-01-04 08:15:21.932,0.1761565842871426,0.02351198232225269,0.05399999999999994
813,3B00182A81,5-2025-01-04,2025-01-04 08:15:27.931,0.0911785410516422,0.01195929880101858,0.05399999999999994
814,3B0018C6F9,6-2025-01-04,2025-01-04 08:15:35.931,0.0986842036561584,0.010125683242050643,0.04899999999999993
815,3B00190DF0,7-2025-01-04,2025-01-04 08:16:25.932,0.1717009209281592,0.024454207659915586,0.050000000000000044
816,3B004CD4DE,8-2025-01-04,2025-01-04 08:25:11.930,0.0962151299130684,0.013726450838157364,0.051999999999999935
817,3B0019B8CC,9-2025-01-04,2025-01-04 08:33:20.931,0.159959731469869,0.025463504277124075,0.05399999999999994
818,3B004873F2,12-2025-01-04,2025-01-04 08:48:30.922,0.1046564999395596,0.013377505091510644,0.04600000000000004
819,3B004873F2,14-2025-01-04,2025-01-04 08:50:17.923,0.1046564999395596,0.012264800847468662,0.06000000000000005
820,3B004873F2,15-2025-01-04,2025-01-04 08:51:20.919,0.1046564999395596,0.013782816624054514,0.04700000000000004
821,3B004C0894,17-2025-01-04,2025-01-04 08:52:28.919,0.1045776054725568,0.012986364572146001,0.07600000000000007
822,3B0018C2F6,19-2025-01-04,2025-01-04 09:01:26.915,0.1523525110790427,0.029346843005922846,0.04800000000000004
823,3B0018C2F6,20-2025-01-04,2025-01-04 09:02:39.915,0.1571190912084223,0.02999558598346028,0.04899999999999993
824,3B004873F2,23-2025-01-04,2025-01-04 09:36:20.915,0.1046564999395596,0.012165272543615404,0.07600000000000001
825,3B00182A81,24-2025-01-04,2025-01-04 09:36:26.915,0.0989691687162381,0.004152144870268447,0.062
826,3B004873F2,25-2025-01-04,2025-01-04 09:38:17.914,0.1046564999395596,0.013427213512878422,0.04700000000000004
827,3B004CD4DE,26-2025-01-04,2025-01-04 09:53:31.904,0.1039052092457154,0.01152269727753091,0.05500000000000005
828,01103F97C4,27-2025-01-04,2025-01-04 09:54:07.904,0.1598146914690822,0.027667019421337823,0.05499999999999994
829,3B004873F2,28-2025-01-04,2025-01-04 09:54:12.902,0.1046564999395596,0.013101936748462774,0.04799999999999993
830,01103F97C4,30-2025-01-04,2025-01-04 09:55:37.902,0.1598146914690822,0.026507703107389376,0.050000000000000044
831,01103F97C4,32-2025-01-04,2025-01-04 09:59:10.900,0.1623878582983141,0.02828252864984058,0.06099999999999994
832,3B001857EE,33-2025-01-04,2025-01-04 10:06:11.898,0.0996024752624285,0.013348221135987734,0.049000000000000155
833,01103F97C4,34-2025-01-04,2025-01-04 10:06:20.898,0.1569578218871006,0.026256916173586414,0.0860000000000003
834,01103F97C4,37-2025-01-04,2025-01-04 10:08:12.897,0.1598146914690822,0.028929789580784893,0.05700000000000005
835,3B001857EE,39-2025-01-04,2025-01-04 10:09:21.897,0.10256506244428,0.0012262708377320923,0.02400000000000002
836,01103F97C4,40-2025-01-04,2025-01-04 10:09:33.896,0.1598146914690822,0.02624575672222487,0.04700000000000015
837,01103F97C4,41-2025-01-04,2025-01-04 10:10:10.898,0.1643013822896085,0.027502488150684106,0.050999999999999934
838,3B001857EE,43-2025-01-04,2025-01-04 10:15:12.895,0.0977987339898284,0.005651644439177271,0.04300000000000015
839,3B004873F2,44-2025-01-04,2025-01-04 10:21:41.896,0.1046564999395596,0.013711406526319149,0.04800000000000004
840,3B0018A99B,45-2025-01-04,2025-01-04 10:22:00.895,0.0953464577083411,0.005123055841602156,0.03699999999999998
841,3B0019B8CC,50-2025-01-04,2025-01-04 11:47:22.038,0.159959731469869,0.025796171209198707,0.07200000000000001
842,3B0019B8CC,51-2025-01-04,2025-01-04 11:48:32.036,0.159959731469869,0.026358313054352576,0.07399999999999984
843,3B0019B8CC,52-2025-01-04,2025-01-04 11:50:16.037,0.1621327612663477,0.028095065057246953,0.051999999999999824
844,3B001857EE,53-2025-01-04,2025-01-04 12:05:31.032,0.10256506244428,0.012616326376672475,0.05299999999999999
845,3B001857EE,54-2025-01-04,2025-01-04 12:06:53.032,0.10256506244428,0.011652840512095402,0.05699999999999994
846,3B001857EE,55-2025-01-04,2025-01-04 12:07:37.032,0.1020841569904272,0.012387739731449994,0.05500000000000016
847,3B0019B8CC,56-2025-01-04,2025-01-04 13:17:02.022,0.1635899148428783,0.025289605246226924,0.052999999999999936
848,3B0019B8CC,58-2025-01-04,2025-01-04 14:30:54.596,0.1612858966867335,0.02694254031820463,0.05700000000000016
849,3B00199DE5,1-2025-01-22,2025-01-22 07:51:40.659,0.1002564882618714,0.013322187282432611,0.08099999999999996
850,3B00484043,2-2025-01-22,2025-01-22 07:54:48.657,0.0933107542597867,1.878259473888466e-05,0.014999999999999902
851,3B0019B8CC,3-2025-01-22,2025-01-22 08:02:54.660,0.159959731469869,0.021967288459616853,0.04899999999999993
852,3B0018C6F9,4-2025-01-22,2025-01-22 08:04:33.660,0.0986842036561584,0.01153895307527598,0.04799999999999999
853,3B0018C6F9,7-2025-01-22,2025-01-22 08:05:57.659,0.0986842036561584,0.0004752158211410755,0.026000000000000245
854,3B00199DE5,8-2025-01-22,2025-01-22 08:06:02.659,0.0953434447750841,0.0034859769186373047,0.030000000000000027
855,3B0019B8CC,9-2025-01-22,2025-01-22 08:06:59.657,0.159959731469869,0.02256553751943551,0.07899999999999996
856,3B0018C6F9,10-2025-01-22,2025-01-22 08:08:08.657,0.0936138662993089,0.011159329317447226,0.04600000000000004
857,3B00484043,12-2025-01-22,2025-01-22 08:10:05.656,0.0907620089821942,0.004727779033637439,0.062
858,3B004873F2,15-2025-01-22,2025-01-22 08:16:02.653,0.1046564999395596,0.013603486987861547,0.04700000000000004
859,3B004873F2,17-2025-01-22,2025-01-22 08:17:03.649,0.1046564999395596,0.0028992868410811007,0.043999999999999984
860,3B004873F2,18-2025-01-22,2025-01-22 08:17:48.652,0.1046564999395596,0.013231072944519367,0.052000000000000046
861,3B0018A99B,21-2025-01-22,2025-01-22 08:24:04.649,0.0901037407505228,0.0001055310056070351,0.05899999999999994
862,3B004CDB63,22-2025-01-22,2025-01-22 08:24:35.645,0.0858497054187163,0.01032051368463005,0.04900000000000038
863,3B004CDB63,23-2025-01-22,2025-01-22 08:25:29.645,0.0886535104106316,0.01032319617403045,0.07100000000000017
864,3B004873F2,31-2025-01-22,2025-01-22 09:15:08.642,0.0930754787592854,0.0047455637008539265,0.04800000000000004
865,3B004873F2,33-2025-01-22,2025-01-22 09:16:18.640,0.1046564999395596,0.014659301343315192,0.045999999999999985
866,3B004AB6A7,34-2025-01-22,2025-01-22 09:16:39.639,0.1025863851846929,0.01535153270749807,0.049000000000000155
867,3B004AB6A7,36-2025-01-22,2025-01-22 09:32:21.635,0.0976826378319838,0.015547107576147006,0.04899999999999993
868,3B004873F2,39-2025-01-22,2025-01-22 09:34:27.634,0.1046564999395596,0.004071503094844413,0.03899999999999998
869,01103FA4B2,42-2025-01-22,2025-01-22 09:48:15.634,0.0938642397490583,0.012284995231493217,0.06899999999999995
870,3B004CEFFE,44-2025-01-22,2025-01-22 09:52:52.633,0.0987295768044446,0.012531484874636874,0.052999999999999936
871,3B004CEFFE,45-2025-01-22,2025-01-22 09:54:25.633,0.0987295768044446,0.0027545492978229445,0.09999999999999998
872,3B0018A99B,46-2025-01-22,2025-01-22 09:58:29.634,0.0911540988482058,0.00251999271427614,0.03400000000000003
873,3B0018A99B,47-2025-01-22,2025-01-22 10:00:41.635,0.0953464577083411,0.003385519486505012,0.028999999999999915
874,3B0018A99B,48-2025-01-22,2025-01-22 10:02:31.634,0.0953464577083411,0.0007801284932945159,0.06
875,01103F88A1,51-2025-01-22,2025-01-22 10:06:24.634,0.1629215913617952,0.008956204161487393,0.04500000000000004
876,3B004AB6A7,53-2025-01-22,2025-01-22 10:21:43.624,0.1025863851846929,0.015983014753843998,0.050000000000000266
877,3B0019F652,54-2025-01-22,2025-01-22 10:22:59.624,0.0837932582665685,0.002413582775400999,0.057999999999999996
878,3B0018F763,55-2025-01-22,2025-01-22 10:23:10.622,0.1047494367619683,0.005839197260742249,0.038000000000000034
879,3B004CEFFE,56-2025-01-22,2025-01-22 10:23:17.622,0.0987295768044446,0.005288754191594201,0.04400000000000004
880,3B0019F652,57-2025-01-22,2025-01-22 10:24:18.623,0.0833387875334513,0.003124754577970711,0.07500000000000018
881,3B0018F763,58-2025-01-22,2025-01-22 10:24:31.624,0.0981324499255642,0.003469408134011587,0.08799999999999997
882,3B004CEFFE,59-2025-01-22,2025-01-22 10:24:41.622,0.0987295768044446,0.005268718876842063,0.041999999999999815
883,3B0019F652,61-2025-01-22,2025-01-22 10:26:33.620,0.0836962562513757,0.012778139417942104,0.045999999999999375
884,3B0019F652,62-2025-01-22,2025-01-22 10:26:56.620,0.0822201675465122,0.0012740618131184354,0.03400000000000003
885,3B004CEFFE,64-2025-01-22,2025-01-22 10:29:40.619,0.0987295768044446,0.004518812121688528,0.03700000000000003
886,3B004AB6A7,65-2025-01-22,2025-01-22 10:30:01.620,0.0992855044964707,0.01348235882663786,0.04800000000000004
887,3B0018F763,67-2025-01-22,2025-01-22 10:30:34.619,0.1047494367619683,0.006046527367244836,0.04299999999999993
888,3B00192E1E,68-2025-01-22,2025-01-22 10:31:10.621,0.0959614073622714,0.012314647819254825,0.05300000000000005
889,3B0018F763,70-2025-01-22,2025-01-22 10:32:39.619,0.1010169301718785,0.0035665672643236885,0.08600000000000008
890,3B0018F763,72-2025-01-22,2025-01-22 10:34:53.619,0.1047494367619683,0.003679554697872265,0.068
891,3B004873F2,74-2025-01-22,2025-01-22 10:51:56.619,0.1046564999395596,0.0032811160661523416,0.041000000000000036
892,3B0018C6F9,75-2025-01-22,2025-01-22 10:52:05.618,0.0943962072324843,0.005587631738333268,0.038000000000000034
893,3B004873F2,79-2025-01-22,2025-01-22 10:56:53.617,0.1046564999395596,0.004701205018756515,0.043999999999999984
894,3B004CD4DE,86-2025-01-22,2025-01-22 11:07:06.617,0.0931328226785593,0.014879875232419406,0.04499999999999993
895,3B0018A99B,89-2025-01-22,2025-01-22 11:08:33.618,0.0953464577083411,0.0029051675167175396,0.06000000000000005
896,3B001857EE,91-2025-01-22,2025-01-22 11:24:10.681,0.0902754748457395,0.01315093182466655,0.05300000000000005
897,3B0018C6F9,93-2025-01-22,2025-01-22 11:26:10.677,0.0986842036561584,0.012764291200421432,0.04500000000000004
898,3B001857EE,95-2025-01-22,2025-01-22 11:28:19.678,0.10256506244428,0.01176350738672447,0.046999999999999986
899,3B0019F652,96-2025-01-22,2025-01-22 11:28:27.678,0.0881893569011782,0.011583760616726025,0.049000000000000155
900,3B0019F652,97-2025-01-22,2025-01-22 11:29:19.677,0.0881893569011782,0.011709451112160051,0.04899999999999993
901,3B0019F652,100-2025-01-22,2025-01-22 11:30:06.676,0.0881893569011782,0.010352589860793711,0.052000000000000046
902,3B0018C6F9,101-2025-01-22,2025-01-22 11:30:13.678,0.0996990607099389,0.014699882756963743,0.053999999999999826
903,3B00484043,103-2025-01-22,2025-01-22 11:30:49.678,0.0933107542597867,0.013127223299719824,0.04800000000000004
904,3B0019F652,105-2025-01-22,2025-01-22 11:31:40.677,0.0857817411779222,0.011516409485406531,0.04800000000000004
905,3B001857EE,107-2025-01-22,2025-01-22 11:32:50.680,0.10256506244428,0.01011102870637887,0.05499999999999994
906,3B0019F652,109-2025-01-22,2025-01-22 11:33:48.677,0.0850075660956939,0.013589076231761303,0.04800000000000004
907,3B00484043,110-2025-01-22,2025-01-22 11:34:22.676,0.0938022742995821,0.011684911568171683,0.07899999999999974
908,3B004AB6A7,111-2025-01-22,2025-01-22 11:34:30.677,0.1025863851846928,0.014804531563169332,0.03600000000000003
909,3B001877B5,114-2025-01-22,2025-01-22 11:38:15.677,0.1717600361561726,0.024671931887385503,0.07299999999999995
910,3B0018C6F9,117-2025-01-22,2025-01-22 11:45:33.677,0.0973788630364516,0.014511030405762456,0.04400000000000004
911,3B001816CC,119-2025-01-22,2025-01-22 11:47:01.679,0.0978809003905252,0.010177076253599876,0.04899999999999971
912,3B0018A99B,120-2025-01-22,2025-01-22 11:47:51.676,0.0953464577083411,0.009975525254752003,0.04999999999999982
913,3B0018A99B,121-2025-01-22,2025-01-22 11:48:54.677,0.0921612568073439,0.004346459145035092,0.038000000000000256
914,3B001877B5,122-2025-01-22,2025-01-22 11:49:37.679,0.1723847210114062,0.02735185025078742,0.06500000000000006
915,3B0018A99B,123-2025-01-22,2025-01-22 11:50:10.677,0.08981386046938,0.010648436176884497,0.05799999999999994
916,3B001877B5,124-2025-01-22,2025-01-22 11:50:19.676,0.1717600361561726,0.02475050332683828,0.07200000000000001
917,3B0018F763,126-2025-01-22,2025-01-22 12:04:54.680,0.1047494367619683,0.013198548358592615,0.06999999999999995
918,3B0018F763,127-2025-01-22,2025-01-22 12:07:09.680,0.1047494367619683,0.01405869240814297,0.06299999999999994
919,3B0018F763,128-2025-01-22,2025-01-22 12:10:55.678,0.0993538168370863,0.011802911811723361,0.05499999999999994
920,3B001857EE,129-2025-01-22,2025-01-22 12:20:22.676,0.10256506244428,0.0048291068980916224,0.040000000000000036
921,3B004CD4DE,130-2025-01-22,2025-01-22 12:20:56.677,0.1039052092457154,0.010320972463970715,0.04899999999999999
922,3B004CD4DE,132-2025-01-22,2025-01-22 12:21:52.675,0.1039052092457154,0.013452473622323914,0.043999999999999984
923,3B0018F763,134-2025-01-22,2025-01-22 12:23:21.678,0.1047494367619683,0.013406747522599065,0.052000000000000046
924,3B004B0F76,137-2025-01-22,2025-01-22 12:28:26.678,0.1573153892686805,0.023025660074095337,0.05900000000000005
925,3B0018C2F6,140-2025-01-22,2025-01-22 12:30:14.674,0.1571190912084223,0.024080046306086286,0.055999999999999994
926,3B001816CC,141-2025-01-22,2025-01-22 12:30:19.675,0.1055382315543659,0.008340603029347743,0.08499999999999996
927,3B004B0F76,142-2025-01-22,2025-01-22 12:30:42.673,0.1627701034716067,0.02332830021606753,0.07299999999999995
928,3B004AB6A7,145-2025-01-22,2025-01-22 12:31:41.677,0.1025863851846928,0.013037740412007852,0.07299999999999995
929,3B004CD4DE,146-2025-01-22,2025-01-22 12:32:03.673,0.1039052092457154,0.01310310947093697,0.04600000000000004
930,3B0018C2F6,147-2025-01-22,2025-01-22 12:32:58.676,0.1571190912084223,0.028548322091623897,0.07100000000000001
931,3B0018A99B,149-2025-01-22,2025-01-22 12:33:21.673,0.0923728546797895,0.0012850436821525214,0.020999999999999908
932,3B001857EE,150-2025-01-22,2025-01-22 12:33:40.676,0.10256506244428,0.0006498042870239526,0.026000000000000023
933,3B004CD4DE,151-2025-01-22,2025-01-22 12:33:57.674,0.0970392569148919,0.013415124526118233,0.04800000000000004
934,3B0018A99B,157-2025-01-22,2025-01-22 12:36:20.676,0.091571797209547,0.01036947425672023,0.04899999999999993
935,3B0019F652,161-2025-01-22,2025-01-22 12:39:50.674,0.0867485125393381,0.011072526739413106,0.05099999999999971
936,3B00182A81,162-2025-01-22,2025-01-22 12:40:19.673,0.0981808064512192,0.012371847183969694,0.050000000000000044
937,3B001857EE,164-2025-01-22,2025-01-22 12:40:46.672,0.10256506244428,0.002495461992709141,0.03899999999999998
938,3B0019F652,166-2025-01-22,2025-01-22 12:49:56.672,0.0881893569011782,0.011851649465165941,0.05800000000000005
939,3B0019F652,168-2025-01-22,2025-01-22 12:51:03.675,0.0881893569011782,0.00557062424069667,0.039000000000000146
940,3B0019B8CC,171-2025-01-22,2025-01-22 12:51:52.673,0.159959731469869,0.02552312524382617,0.07600000000000007
941,3B004873F2,172-2025-01-22,2025-01-22 12:52:48.675,0.0938259079167929,0.013851977941404598,0.06800000000000006
942,3B004CD4DE,177-2025-01-22,2025-01-22 12:55:12.674,0.1039052092457154,0.008236476615229341,0.04799999999999993
943,3B00199DE5,178-2025-01-22,2025-01-22 12:55:15.672,0.0998801814753428,0.014860096494941506,0.08199999999999985
944,3B00192E1E,180-2025-01-22,2025-01-22 12:55:36.673,0.1013994993325588,0.012282025090790375,0.06099999999999994
945,3B00192E1E,182-2025-01-22,2025-01-22 12:57:41.674,0.0990033879210637,0.013042025603375536,0.07800000000000007
946,3B001857EE,185-2025-01-22,2025-01-22 12:58:55.672,0.10256506244428,0.002473486451916818,0.04299999999999998
947,3B001816CC,190-2025-01-22,2025-01-22 13:01:55.673,0.0980675475768424,0.0029890872217685667,0.039000000000000035
948,01103F97C4,191-2025-01-22,2025-01-22 13:02:21.674,0.1598146914690822,0.025881550396510345,0.06899999999999973
949,3B0019F652,192-2025-01-22,2025-01-22 13:02:39.673,0.0881893569011782,0.010811606809287501,0.045999999999999985
950,3B0018A99B,193-2025-01-22,2025-01-22 13:03:01.673,0.0953464577083411,0.003668242008412725,0.03600000000000003
951,01103F97C4,195-2025-01-22,2025-01-22 13:03:42.674,0.1760206192029391,0.022335861064178675,0.07200000000000006
952,3B0018A99B,196-2025-01-22,2025-01-22 13:04:01.672,0.0953464577083411,0.0036225515417275716,0.028999999999999915
953,3B001857EE,199-2025-01-22,2025-01-22 13:06:03.671,0.0986971853877371,0.005355201790926813,0.04500000000000015
954,01103F97C4,201-2025-01-22,2025-01-22 13:06:47.672,0.1694605420305756,0.026957475705689786,0.05400000000000027
955,3B0018A99B,202-2025-01-22,2025-01-22 13:07:42.671,0.0953464577083411,0.003397166740149603,0.031000000000000028
956,01103F97C4,203-2025-01-22,2025-01-22 13:08:16.673,0.1690385257301266,0.025286388755385004,0.06900000000000017
957,3B004CD4DE,204-2025-01-22,2025-01-22 13:09:16.670,0.0978289978552062,0.014338169514801758,0.052000000000000046
958,3B001857EE,205-2025-01-22,2025-01-22 13:09:25.671,0.0791618194345361,0.005094400839800983,0.04599999999999982
959,01103FA4B2,206-2025-01-22,2025-01-22 13:09:35.674,0.1022132831843153,0.012254621508867487,0.05899999999999994
960,3B004CD4DE,208-2025-01-22,2025-01-22 13:10:03.671,0.1039052092457154,0.012998095483526014,0.044999999999999984
961,01103FA4B2,209-2025-01-22,2025-01-22 13:10:39.673,0.1022732142130403,0.009298815825406674,0.05699999999999994
962,3B0018A99B,210-2025-01-22,2025-01-22 13:11:02.672,0.0951808259846373,0.004488680378972976,0.0389999999999997
963,3B0018C6F9,213-2025-01-22,2025-01-22 13:13:27.670,0.0989694945273194,0.01313534538036758,0.05899999999999972
964,3B0019F652,215-2025-01-22,2025-01-22 13:14:22.670,0.0881893569011782,0.01059933988514732,0.07100000000000006
965,3B0018A99B,216-2025-01-22,2025-01-22 13:14:44.671,0.0953464577083411,3.284858483252477e-05,0.008999999999999952
966,3B001816CC,217-2025-01-22,2025-01-22 13:14:59.670,0.0980675475768424,0.01098133111900451,0.052000000000000046
967,3B00192E1E,218-2025-01-22,2025-01-22 13:16:04.672,0.1013994993325588,0.001081053554315305,0.025000000000000022
968,3B0018F763,219-2025-01-22,2025-01-22 13:16:53.673,0.1047494367619683,0.0061483455970792935,0.038000000000000034
969,3B00192E1E,220-2025-01-22,2025-01-22 13:17:27.670,0.1013994993325588,0.004335767272804649,0.040000000000000036
970,3B0018F763,221-2025-01-22,2025-01-22 13:17:33.669,0.1032674242487134,0.01450540612657844,0.052000000000000046
971,3B00192E1E,222-2025-01-22,2025-01-22 13:18:19.668,0.0973593505803088,0.004008522031867156,0.03400000000000003
972,3B00192E1E,223-2025-01-22,2025-01-22 13:19:32.670,0.1013994993325588,0.003762903797230095,0.066
973,3B0018F763,224-2025-01-22,2025-01-22 13:19:56.671,0.1047494367619683,0.012202788828004121,0.07500000000000007
974,3B004C0894,226-2025-01-22,2025-01-22 13:21:18.668,0.1109092146313283,0.010538734252116572,0.06699999999999995
975,3B00484043,227-2025-01-22,2025-01-22 13:21:31.669,0.0934036338521468,0.012154324747563608,0.052999999999999936
976,3B0018F763,228-2025-01-22,2025-01-22 13:21:45.670,0.1047494367619683,0.01341470882350728,0.05400000000000005
977,3B0018F763,229-2025-01-22,2025-01-22 13:22:58.671,0.1047494367619683,0.006564476981306157,0.04599999999999993
978,3B001857EE,231-2025-01-22,2025-01-22 13:24:46.669,0.0980447655823412,0.004931669488288265,0.04300000000000015
979,3B001857EE,234-2025-01-22,2025-01-22 13:26:28.668,0.10256506244428,0.005251085912812704,0.04500000000000004
980,3B0018F763,237-2025-01-22,2025-01-22 13:32:18.668,0.1047494367619683,0.007328292520408871,0.04299999999999993
981,3B004CD4DE,238-2025-01-22,2025-01-22 13:34:10.671,0.1039052092457154,0.013358291113353045,0.04600000000000004
982,01103F97C4,240-2025-01-22,2025-01-22 13:36:02.668,0.1682345858044281,0.02512130886895985,0.05800000000000072
983,3B0018C6F9,242-2025-01-22,2025-01-22 13:37:00.668,0.0998787217155569,0.011827921149649579,0.04699999999999971
984,3B004CD4DE,244-2025-01-22,2025-01-22 13:37:53.669,0.1039052092457154,0.002426332874641415,0.069
985,01103F97C4,245-2025-01-22,2025-01-22 13:38:01.668,0.1731737726765862,0.003745446045550381,0.041999999999999815
986,3B001857EE,249-2025-01-22,2025-01-22 13:41:01.669,0.10256506244428,0.004704138590412924,0.04799999999999999
987,3B0018A99B,252-2025-01-22,2025-01-22 13:44:38.668,0.0944027974961614,0.0038434617294173497,0.03100000000000014
988,3B00192E1E,253-2025-01-22,2025-01-22 13:44:48.669,0.099569408289816,0.003898458150208596,0.05599999999999994
989,3B001857EE,255-2025-01-22,2025-01-22 13:45:24.668,0.10256506244428,6.63118392619563e-05,0.01100000000000012
990,3B00484043,257-2025-01-22,2025-01-22 13:45:48.669,0.0982825482110622,0.013622246213514502,0.06699999999999973
991,3B00192E1E,259-2025-01-22,2025-01-22 13:47:56.668,0.1013994993325588,0.0031077665251220176,0.09199999999999997
992,3B00484043,263-2025-01-22,2025-01-22 13:50:09.669,0.0933107542597867,0.004485480652811824,0.07500000000000001
993,3B001857EE,264-2025-01-22,2025-01-22 13:50:15.669,0.10256506244428,0.005086486502452958,0.04200000000000004
994,3B0019B8CC,266-2025-01-22,2025-01-22 13:54:05.668,0.1585500022594343,0.026815125971807543,0.05600000000000005
995,01103F97C4,267-2025-01-22,2025-01-22 13:54:39.670,0.1534239087761402,0.008842219467721629,0.04999999999999982
996,3B0019B8CC,268-2025-01-22,2025-01-22 13:55:13.669,0.1595841836365417,0.01703754600888345,0.07399999999999984
997,01103F97C4,269-2025-01-22,2025-01-22 13:55:50.669,0.1736648485043246,0.0033284838069369735,0.03399999999999981
998,01103F97C4,270-2025-01-22,2025-01-22 13:56:39.668,0.1716695023328115,0.02771167562557879,0.050000000000000044
999,3B004AB6A7,271-2025-01-22,2025-01-22 13:57:16.671,0.1025863851846928,0.017043570244235532,0.04699999999999993
1000,3B0019B8CC,272-2025-01-22,2025-01-22 13:57:55.671,0.159959731469869,0.02628200434233877,0.05199999999999999
1001,3B0019B8CC,274-2025-01-22,2025-01-22 13:59:07.670,0.1620915276069238,0.006232050249210186,0.09099999999999997
1002,3B0019B8CC,275-2025-01-22,2025-01-22 13:59:35.671,0.159959731469869,0.006296550130976073,0.09000000000000002
1003,3B00484043,278-2025-01-22,2025-01-22 14:02:45.670,0.0975989149936076,0.012518694246464892,0.08000000000000007
1004,3B004CD4DE,279-2025-01-22,2025-01-22 14:07:58.671,0.1039052092457154,0.012370887427684284,0.050000000000000044
1005,3B004CD4DE,281-2025-01-22,2025-01-22 14:08:47.672,0.1039052092457154,0.013290670713423698,0.04999999999999993
1006,3B0019F652,282-2025-01-22,2025-01-22 14:09:37.667,0.0879404268830736,0.012462531196918853,0.051999999999999824
1007,3B004CD4DE,284-2025-01-22,2025-01-22 14:09:47.668,0.1039052092457154,0.00011054061833680725,0.006000000000000005
1008,3B00484043,286-2025-01-22,2025-01-22 14:10:30.667,0.0950422926757028,0.0041068812408398565,0.07000000000000028
1009,3B0019F652,287-2025-01-22,2025-01-22 14:10:54.667,0.0881893569011782,0.005034465439668439,0.04800000000000004
1010,3B0018F763,288-2025-01-22,2025-01-22 14:13:29.668,0.1055223982299363,0.01248688302802208,0.07599999999999962
1011,3B00186448,290-2025-01-22,2025-01-22 14:18:36.665,0.1674190821650436,0.026106275095127286,0.061000000000000054
1012,3B0018A99B,292-2025-01-22,2025-01-22 14:18:59.667,0.0953464577083411,0.0032017940489039334,0.029000000000000026
1013,3B00186448,293-2025-01-22,2025-01-22 14:19:44.667,0.1674190821650436,0.026629210910781857,0.05499999999999994
1014,3B001877B5,296-2025-01-22,2025-01-22 14:20:45.665,0.1717600361561726,0.020568775193922723,0.06800000000000006
1015,3B001877B5,298-2025-01-22,2025-01-22 14:23:02.668,0.1721059568152901,0.024089179605214853,0.06400000000000006
1016,3B004CD4DE,299-2025-01-22,2025-01-22 14:23:09.664,0.1039052092457154,0.013097899852303816,0.04400000000000004
1017,3B0019F652,303-2025-01-22,2025-01-22 14:24:30.663,0.0881893569011782,0.004661856136582486,0.03500000000000014
1018,3B00186448,304-2025-01-22,2025-01-22 14:24:35.666,0.1737730156912868,0.031120417073343294,0.06200000000000028
1019,3B0018F763,307-2025-01-22,2025-01-22 14:25:13.666,0.1047494367619683,0.005743511514421172,0.050000000000000044
1020,3B0019F652,310-2025-01-22,2025-01-22 14:26:54.663,0.0779830066657075,0.011655505617491591,0.06000000000000005
1021,3B0018A99B,311-2025-01-22,2025-01-22 14:27:09.664,0.095376552249246,0.0009000330329186934,0.031999999999999806
1022,3B0018C6F9,312-2025-01-22,2025-01-22 14:27:15.664,0.1021053532782321,0.004472106694471778,0.03600000000000003
1023,3B0019F652,313-2025-01-22,2025-01-22 14:27:20.664,0.0881893569011782,0.0024675342180321192,0.10299999999999998
1024,011016B2E1,314-2025-01-22,2025-01-22 14:28:22.664,0.1065010022786279,0.0031315749514626632,0.09799999999999998
1025,3B004873F2,317-2025-01-22,2025-01-22 14:29:27.663,0.1046564999395596,0.0042338206782745035,0.04899999999999999
1026,3B0018A99B,318-2025-01-22,2025-01-22 14:29:54.661,0.0953464577083411,0.00280405133843802,0.031000000000000028
1027,3B00186448,321-2025-01-22,2025-01-22 14:30:11.662,0.1762324512983168,0.026295917355526492,0.05400000000000027
1028,3B0018F763,322-2025-01-22,2025-01-22 14:34:11.664,0.1088202114700193,0.013581531995649026,0.06000000000000005
1029,3B001877B5,323-2025-01-22,2025-01-22 14:34:35.662,0.1515942145334509,0.023724879593313836,0.06999999999999984
1030,3B0018C2F6,328-2025-01-22,2025-01-22 14:38:33.661,0.1571190912084223,0.021660318960721233,0.05799999999999983
1031,3B00186448,329-2025-01-22,2025-01-22 14:39:39.662,0.175379207236866,0.023992962443720893,0.07299999999999995
1032,011016B2E1,330-2025-01-22,2025-01-22 14:43:17.661,0.0984485607442597,0.005197504132118228,0.03400000000000003
1033,3B0018C2F6,331-2025-01-22,2025-01-22 14:43:21.661,0.1571190912084223,0.02183503980723243,0.051000000000000045
1034,3B00186448,332-2025-01-22,2025-01-22 14:43:30.660,0.1674190821650436,0.02640020081349539,0.06699999999999995
1035,3B004873F2,334-2025-01-22,2025-01-22 14:44:19.663,0.1046564999395596,0.0042825604721170914,0.04200000000000001
1036,3B001877B5,335-2025-01-22,2025-01-22 14:44:36.660,0.1738037379755808,0.026377666926811292,0.06599999999999984
1037,3B004B0F76,336-2025-01-22,2025-01-22 14:45:01.660,0.1616092100059758,0.023572197872088963,0.06000000000000005
1038,3B004CD4DE,338-2025-01-22,2025-01-22 14:48:38.660,0.0972852262537845,0.015497179878525754,0.06800000000000006
1039,3B00484043,342-2025-01-22,2025-01-22 14:49:32.661,0.0933107542597867,0.004534716672563119,0.09199999999999997
1040,01103F97C4,344-2025-01-22,2025-01-22 14:50:13.660,0.1598146914690822,0.02545487797832922,0.07100000000000017
1041,3B0018A99B,345-2025-01-22,2025-01-22 14:50:23.661,0.0964350906506284,0.00045306206539958804,0.0129999999999999
1042,3B00186448,346-2025-01-22,2025-01-22 14:50:27.661,0.1674190821650436,0.02943495585935109,0.05899999999999994
1043,3B0018C2F6,348-2025-01-22,2025-01-22 14:50:45.660,0.1571190912084223,0.02155795204536831,0.05600000000000005
1044,3B004CD4DE,350-2025-01-22,2025-01-22 14:51:17.660,0.1028488977350911,0.01340503876168137,0.050999999999999934
1045,3B004873F2,354-2025-01-22,2025-01-22 14:51:56.661,0.1046564999395596,0.004688943939159668,0.04799999999999999
1046,3B00186448,357-2025-01-22,2025-01-22 14:52:59.660,0.1724153178836874,0.028128830819362734,0.058000000000000274
1047,01103F97C4,359-2025-01-22,2025-01-22 14:53:15.660,0.1598146914690822,0.0001243519823242699,0.010000000000000009
1048,3B001857EE,360-2025-01-22,2025-01-22 14:53:34.659,0.10256506244428,0.007667674109631116,0.04999999999999999
1049,3B0019F652,361-2025-01-22,2025-01-22 14:53:38.659,0.0902366398593005,0.007707937442898374,0.07699999999999996
1050,3B00186448,364-2025-01-22,2025-01-22 14:55:13.660,0.1740191708942717,0.02733899618900832,0.06000000000000005
1051,3B0018C2F6,366-2025-01-22,2025-01-22 14:55:27.661,0.1555785680496015,0.019410680655728867,0.05600000000000005
1052,3B00182A81,370-2025-01-22,2025-01-22 14:57:05.659,0.101082258414931,0.004480699534772527,0.07299999999999995
1053,011016B2E1,371-2025-01-22,2025-01-22 14:57:17.660,0.0984485607442597,0.0023724779457141012,0.03999999999999998
1054,01103FA4B2,372-2025-01-22,2025-01-22 14:58:07.659,0.099028312896911,0.011893641104109957,0.07099999999999973
1055,3B0019F652,373-2025-01-22,2025-01-22 14:58:44.660,0.091374095113199,0.0019031890359110658,0.09699999999999953
1056,011016B2E1,374-2025-01-22,2025-01-22 14:58:58.661,0.1080584735618896,0.0049136173579522385,0.052000000000000046
1057,3B0019F652,377-2025-01-22,2025-01-22 15:00:00.659,0.0881893569011782,0.003025852872436876,0.08699999999999997
1058,3B004CD4DE,378-2025-01-22,2025-01-22 15:00:25.661,0.1039052092457154,0.010809126562861524,0.07099999999999998
1059,3B0019B8CC,380-2025-01-22,2025-01-22 15:03:46.060,0.159515242982618,0.0047802413779505105,0.08100000000000018
1060,3B0018C2F6,381-2025-01-22,2025-01-22 15:03:54.060,0.1582944477493596,0.02183958819595969,0.06400000000000006
1061,3B0019F652,384-2025-01-22,2025-01-22 15:04:38.059,0.0913134742004074,0.0017188922226541014,0.04700000000000015
1062,3B0019B8CC,385-2025-01-22,2025-01-22 15:04:41.059,0.159959731469869,0.002632218502322465,0.04600000000000004
1063,3B00190DF0,386-2025-01-22,2025-01-22 15:05:19.062,0.1761565842871426,0.023353512003098747,0.06999999999999995
1064,3B001877B5,387-2025-01-22,2025-01-22 15:05:27.059,0.1750230250357038,0.02287007833847282,0.06400000000000006
1065,0700ED9568,389-2025-01-22,2025-01-22 15:05:45.058,0.1520214290141345,0.02590990098988454,0.07400000000000029
1066,3B0018C2F6,393-2025-01-22,2025-01-22 15:06:31.059,0.1571190912084223,0.02789075970371835,0.051999999999999824
1067,3B0018C6F9,395-2025-01-22,2025-01-22 15:06:55.059,0.0986842036561584,0.004566516850802037,0.03599999999999981
1068,3B00484043,396-2025-01-22,2025-01-22 15:07:02.059,0.0961619034304674,0.0049651490909597895,0.07200000000000006
1069,011016B2E1,399-2025-01-22,2025-01-22 15:07:35.059,0.1080924678818555,0.004277452794164743,0.08599999999999997
1070,3B00182A81,400-2025-01-22,2025-01-22 15:07:47.058,0.0989691687162381,0.005116043358794151,0.07699999999999996
1071,3B00484043,402-2025-01-22,2025-01-22 15:07:58.057,0.0963769563157062,0.0053016841330556464,0.07500000000000018
1072,3B0018A99B,405-2025-01-22,2025-01-22 15:08:50.058,0.0948727448646594,0.003527025686986153,0.07500000000000007
1073,3B004873F2,407-2025-01-22,2025-01-22 15:09:00.058,0.1046564999395596,0.004523750463356702,0.05499999999999999
1074,3B001857EE,408-2025-01-22,2025-01-22 15:09:11.057,0.1021788737120014,0.011777863128287365,0.050000000000000044
1075,3B001877B5,409-2025-01-22,2025-01-22 15:09:16.059,0.1776155756928932,0.024888825573945603,0.06400000000000006
1076,3B0018C2F6,411-2025-01-22,2025-01-22 15:09:25.056,0.1571190912084223,0.02321932070760473,0.06300000000000017
1077,3B00190DF0,412-2025-01-22,2025-01-22 15:09:34.059,0.1761565842871426,0.01857473483948699,0.06800000000000006
1078,3B0018A99B,416-2025-01-22,2025-01-22 15:16:26.056,0.0973243701566505,0.002552405295790166,0.07099999999999995
1079,3B00484043,417-2025-01-22,2025-01-22 15:17:18.057,0.0966350136310051,0.005644956485918118,0.07299999999999995
1080,3B0018C2F6,418-2025-01-22,2025-01-22 15:18:39.056,0.1597159846095941,0.024651918288410946,0.05099999999999971
1081,3B00186448,419-2025-01-22,2025-01-22 15:19:04.054,0.1750651563908784,0.028735516743961735,0.05699999999999994
1082,3B00484043,420-2025-01-22,2025-01-22 15:19:07.056,0.0933107542597867,0.004981124374471944,0.07099999999999995
1083,3B00186448,421-2025-01-22,2025-01-22 15:20:17.057,0.1761143187071327,0.006383957540371846,0.07899999999999974
1084,3B0018C2F6,423-2025-01-22,2025-01-22 15:20:50.056,0.1579115707083943,0.02732247170506302,0.04999999999999982
1085,3B004AB6A7,424-2025-01-22,2025-01-22 15:20:52.055,0.1068443838846382,0.0031522841149462725,0.06899999999999995
1086,3B001857EE,425-2025-01-22,2025-01-22 15:20:55.055,0.10256506244428,0.0010071903230569937,0.026000000000000023
1087,3B00186448,426-2025-01-22,2025-01-22 15:22:46.056,0.1674190821650436,0.027117093053325384,0.05900000000000005
1088,3B001857EE,427-2025-01-22,2025-01-22 15:22:56.055,0.1012850123522969,0.0015195070065480113,0.052000000000000046
1089,3B0018C2F6,428-2025-01-22,2025-01-22 15:23:07.055,0.1581700377189364,0.025939708211991565,0.06999999999999984
1090,01103F97C4,430-2025-01-22,2025-01-22 15:24:57.053,0.1598146914690822,0.009344358017522666,0.045999999999999985
1091,3B001877B5,431-2025-01-22,2025-01-22 15:25:08.053,0.1744972253454988,0.02226120276736439,0.062000000000000055
1092,3B00190DF0,432-2025-01-22,2025-01-22 15:27:44.053,0.1761565842871426,0.012469481122103903,0.08899999999999997
1093,3B001877B5,434-2025-01-22,2025-01-22 15:28:15.056,0.1730952171022359,0.02347715888712823,0.07000000000000006
1094,3B004CD4DE,435-2025-01-22,2025-01-22 15:28:18.053,0.1039052092457154,0.0046926052332747934,0.04400000000000004
1095,011016B2E1,436-2025-01-22,2025-01-22 15:30:04.052,0.0984485607442597,0.015446094213232939,0.04699999999999993
1096,3B00199DE5,437-2025-01-22,2025-01-22 15:32:04.054,0.1046505702476932,0.01600209536482386,0.053999999999999826
1097,3B0018C2F6,443-2025-01-22,2025-01-22 15:33:41.052,0.1585461617466465,0.02548226592035615,0.062000000000000055
1098,011016B2E1,444-2025-01-22,2025-01-22 15:33:48.052,0.0984485607442597,0.006179821337500153,0.04800000000000004
1099,3B0019F652,447-2025-01-22,2025-01-22 15:35:44.052,0.0881893569011782,0.003046247392633306,0.06800000000000006
1100,3B0049A710,450-2025-01-22,2025-01-22 15:36:39.052,0.1098409808915892,0.01288424893851813,0.04899999999999993
1101,3B0019F652,451-2025-01-22,2025-01-22 15:36:57.052,0.090145756782835,0.0032514018112232103,0.07899999999999996
1102,3B00182A81,452-2025-01-22,2025-01-22 15:37:04.052,0.0989691687162381,0.004412111522899463,0.06000000000000005
1103,3B0018F763,453-2025-01-22,2025-01-22 15:37:09.053,0.1047494367619683,0.006970030871829467,0.04899999999999993
1104,3B004B0F76,455-2025-01-22,2025-01-22 15:37:56.051,0.1587023767089768,0.02483867184025793,0.07800000000000029
1105,3B0019F652,457-2025-01-22,2025-01-22 15:38:09.052,0.0915638740358423,0.004366293303365971,0.0909999999999993
1106,3B00484043,460-2025-01-22,2025-01-22 15:39:14.053,0.0958555167929467,0.004476200460318626,0.07599999999999996
1107,3B0049A710,463-2025-01-22,2025-01-22 15:40:12.052,0.1000199301384948,0.004279244563735961,0.06899999999999995
1108,3B0049A710,468-2025-01-22,2025-01-22 15:41:19.052,0.0947647968445497,0.0030552787778260165,0.06600000000000028
1109,3B00484043,470-2025-01-22,2025-01-22 15:41:45.051,0.0975988898989179,0.003868202336321842,0.09099999999999997
1110,3B0018C2F6,471-2025-01-22,2025-01-22 15:43:19.053,0.1539639327065351,0.023901130774751842,0.05300000000000038
1111,3B00484043,473-2025-01-22,2025-01-22 15:43:36.052,0.0962273756530645,0.004124150689819653,0.07399999999999995
1112,3B00186448,477-2025-01-22,2025-01-22 15:45:05.050,0.1769838917351533,0.006798312138307191,0.10000000000000009
1113,3B0019F652,479-2025-01-22,2025-01-22 15:45:16.051,0.0932198718218599,0.00866478640410909,0.07900000000000018
1114,3B0018F763,480-2025-01-22,2025-01-22 15:45:23.051,0.1047494367619683,-0.00030184958749217365,0.04799999999999993
1115,3B00182A81,482-2025-01-22,2025-01-22 15:45:48.051,0.0989691687162381,0.005073010672585207,0.07100000000000001
1116,3B00186448,483-2025-01-22,2025-01-22 15:46:21.051,0.1803085478720266,0.0067128749211568745,0.08899999999999997
1117,3B004B0F76,487-2025-01-22,2025-01-22 15:47:15.051,0.1616092100059758,0.024658473750673024,0.05499999999999999
1118,3B00186448,489-2025-01-22,2025-01-22 15:47:43.051,0.17856035258164,0.0061467854100204465,0.06700000000000017
1119,3B00190DF0,490-2025-01-22,2025-01-22 15:47:49.051,0.1761565842871426,0.01311512467129474,0.05700000000000016
1120,3B0018A99B,493-2025-01-22,2025-01-22 15:48:45.051,0.0953464577083411,0.0010373534230528776,0.030000000000000027
1121,3B00186448,494-2025-01-22,2025-01-22 15:49:09.052,0.178695959766058,0.005872341848913559,0.09599999999999986
1122,3B0019B8CC,495-2025-01-22,2025-01-22 15:49:20.051,0.159959731469869,0.02936360116676039,0.052999999999999936
1123,3B0019B8CC,499-2025-01-22,2025-01-22 15:54:42.052,0.159959731469869,0.007346133547699831,0.08400000000000007
1124,3B0018A99B,502-2025-01-22,2025-01-22 16:02:27.054,0.0953464577083411,0.0010759821602684865,0.08300000000000002
1125,3B001857EE,503-2025-01-22,2025-01-22 16:02:32.052,0.10256506244428,0.005905301370018167,0.045999999999999985
1126,3B0019B8CC,504-2025-01-22,2025-01-22 16:02:56.053,0.1578352826135725,0.007258960058619699,0.08299999999999996
1127,3B00190DF0,505-2025-01-22,2025-01-22 16:03:14.052,0.1842909015457113,0.031765328056418796,0.052000000000000046
1128,3B0018A99B,506-2025-01-22,2025-01-22 16:03:25.053,0.0975570875794171,0.004774861462411831,0.04100000000000015
1129,3B0019B8CC,508-2025-01-22,2025-01-22 16:04:19.053,0.1630091466239373,0.0065330294546734145,0.09099999999999997
1130,3B004CD4DE,509-2025-01-22,2025-01-22 16:04:27.053,0.0970302817584014,0.004079996098670227,0.06299999999999972
1131,3B00190DF0,510-2025-01-22,2025-01-22 16:04:39.052,0.1761565842871426,0.023779572151774973,0.05500000000000005
1132,3B00484043,511-2025-01-22,2025-01-22 16:04:51.054,0.0983439653396534,0.00540415585956205,0.07100000000000017
1133,3B004CD4DE,515-2025-01-22,2025-01-22 16:05:41.051,0.1018058477548685,0.015302080886995476,0.08199999999999985
1134,3B0018A99B,516-2025-01-22,2025-01-22 16:05:47.053,0.0953464577083411,0.004489181370515863,0.03699999999999992
1135,3B0018C2F6,521-2025-01-22,2025-01-22 16:06:56.053,0.1645016421455975,0.028720316940102,0.04899999999999993
1136,3B00484043,523-2025-01-22,2025-01-22 16:07:17.052,0.0965694904431376,0.005282873470033067,0.08400000000000052
1137,3B004CD4DE,524-2025-01-22,2025-01-22 16:07:58.051,0.1006878997480584,0.0045394201318794195,0.05499999999999994
1138,3B0018C2F6,525-2025-01-22,2025-01-22 16:08:20.051,0.1579196339021334,0.005807386483339974,0.06800000000000006
1139,3B00182A81,528-2025-01-22,2025-01-22 16:11:13.051,0.10292266433138,0.004586569812233724,0.08200000000000002
1140,3B0018F763,530-2025-01-22,2025-01-22 16:11:58.050,0.1047494367619683,0.011976744247969347,0.07000000000000028
1141,3B004CD4DE,531-2025-01-22,2025-01-22 16:13:30.048,0.0984226134790606,0.005264537584284561,0.06800000000000006
1142,3B00182A81,532-2025-01-22,2025-01-22 16:13:55.051,0.1043192694942287,0.005101195105682306,0.05499999999999994
1143,3B0019B8CC,2-2025-01-25,2025-01-25 08:00:35.802,0.159959731469869,0.023212549607076322,0.04700000000000015
1144,3B0019B8CC,3-2025-01-25,2025-01-25 08:01:27.802,0.1489058223085412,0.020609710755562127,0.05600000000000005
1145,3B004B0F76,4-2025-01-25,2025-01-25 08:02:51.806,0.1493407847265887,0.020286879809286548,0.06999999999999984
1146,3B0019B8CC,5-2025-01-25,2025-01-25 08:02:54.803,0.159959731469869,0.022253089769647055,0.049000000000000044
1147,3B0019B8CC,6-2025-01-25,2025-01-25 08:03:40.803,0.1498896220544136,0.024301607912176542,0.052999999999999936
1148,3B0019B8CC,7-2025-01-25,2025-01-25 08:07:08.804,0.159959731469869,0.02123670559222968,0.07800000000000007
1149,3B0018D520,11-2025-01-25,2025-01-25 08:10:23.797,0.0945332514008433,0.012100556562668589,0.051999999999999824
1150,3B001816CC,12-2025-01-25,2025-01-25 08:12:28.796,0.0980675475768424,0.010130396665472175,0.059
1151,3B0018D520,13-2025-01-25,2025-01-25 08:12:31.796,0.0970669001005595,0.011440562198425918,0.05699999999999994
1152,3B004873F2,15-2025-01-25,2025-01-25 08:26:13.788,0.1046564999395596,0.013886321700873401,0.05699999999999994
1153,3B004873F2,17-2025-01-25,2025-01-25 08:28:14.788,0.1046564999395596,0.014143543047230398,0.04600000000000004
1154,3B004873F2,19-2025-01-25,2025-01-25 08:30:06.787,0.1046564999395596,0.01215135568196079,0.04299999999999998
1155,3B004873F2,20-2025-01-25,2025-01-25 08:31:11.788,0.1046564999395596,0.0136170517072715,0.04600000000000004
1156,3B0019B8CC,23-2025-01-25,2025-01-25 08:52:47.786,0.159959731469869,0.021221925778655514,0.056999999999999995
1157,3B0019B8CC,24-2025-01-25,2025-01-25 08:54:31.787,0.159959731469869,0.023866339710496367,0.07800000000000007
1158,3B0019B8CC,26-2025-01-25,2025-01-25 08:56:20.788,0.159959731469869,0.024317284098541527,0.07899999999999996
1159,3B0019B8CC,27-2025-01-25,2025-01-25 08:57:05.787,0.159959731469869,0.02372337961973195,0.07799999999999996
1160,3B0019B8CC,29-2025-01-25,2025-01-25 08:59:11.787,0.1575559379235871,0.022347084808857644,0.050000000000000044
1161,3B004B0F76,31-2025-01-25,2025-01-25 09:37:46.772,0.1563381092699496,0.020628074026653884,0.06899999999999995
1162,3B004B0F76,34-2025-01-25,2025-01-25 09:54:41.772,0.1589675596192346,0.025424339848579558,0.06400000000000006
1163,3B0018F763,35-2025-01-25,2025-01-25 09:56:04.772,0.1047494367619683,0.013138707541986849,0.04899999999999993
1164,3B0018F763,37-2025-01-25,2025-01-25 10:00:51.773,0.1047494367619683,0.013534983322814264,0.04999999999999999
1165,3B004873F2,39-2025-01-25,2025-01-25 10:16:15.760,0.1046564999395596,0.0028528233248724614,0.07600000000000001
1166,3B004873F2,40-2025-01-25,2025-01-25 10:16:58.761,0.1046564999395596,0.013581064500789044,0.04699999999999993
1167,3B0019B8CC,44-2025-01-25,2025-01-25 10:20:09.758,0.1577539592937322,0.025880217358736177,0.07899999999999996
1168,3B0019B8CC,45-2025-01-25,2025-01-25 10:21:28.757,0.157278411516494,0.007139677656524824,0.040000000000000036
1169,3B004873F2,46-2025-01-25,2025-01-25 10:21:36.757,0.1046564999395596,0.013667474157166808,0.04399999999999982
1170,3B0019B8CC,47-2025-01-25,2025-01-25 10:22:49.756,0.159959731469869,0.02612030914556414,0.052000000000000046
1171,011016B2E1,50-2025-01-25,2025-01-25 10:26:32.755,0.0945537545705658,0.014545247204786171,0.0470000000000006
1172,011016B2E1,53-2025-01-25,2025-01-25 10:31:25.753,0.098463835832182,0.013125989531585681,0.0519999999999996
1173,3B004B0F76,55-2025-01-25,2025-01-25 10:34:26.753,0.1617672591770911,0.024170375953486225,0.05599999999999983
1174,3B004B0F76,56-2025-01-25,2025-01-25 10:40:13.754,0.1605807146624263,0.025284073696108085,0.05800000000000005
1175,3B004CD4DE,60-2025-01-25,2025-01-25 11:36:07.024,0.0926685378711133,0.012095005384311634,0.05699999999999994
1176,3B004CD4DE,61-2025-01-25,2025-01-25 11:40:13.026,0.1039052092457154,0.003267334898654958,0.05800000000000005
1177,3B004873F2,62-2025-01-25,2025-01-25 11:41:16.026,0.090178526008241,0.005273456510422722,0.03600000000000003
1178,3B004CD4DE,63-2025-01-25,2025-01-25 11:41:23.025,0.1039052092457154,0.012342032421485,0.07800000000000007
1179,3B004CD4DE,66-2025-01-25,2025-01-25 11:42:50.024,0.0949379016487742,0.015227649093470193,0.04700000000000015
1180,3B001877B5,68-2025-01-25,2025-01-25 11:43:26.025,0.1700714557723443,0.025334796770715363,0.07000000000000006
1181,3B001877B5,69-2025-01-25,2025-01-25 11:44:25.026,0.1717600361561726,0.02406584276711123,0.06899999999999995
1182,3B00199DE5,71-2025-01-25,2025-01-25 11:46:23.025,0.1002564882618713,0.012473204523750404,0.062000000000000055
1183,3B004873F2,72-2025-01-25,2025-01-25 11:46:37.026,0.1046564999395596,0.013976108947170019,0.045999999999999985
1184,3B0018F763,73-2025-01-25,2025-01-25 11:48:16.025,0.1021186273706065,0.0010379121717894865,0.026000000000000023
1185,3B001877B5,76-2025-01-25,2025-01-25 11:54:12.026,0.1738340056040572,0.024233267159103927,0.06800000000000006
1186,3B0019B8CC,77-2025-01-25,2025-01-25 11:54:29.028,0.159959731469869,0.025376473352855027,0.06400000000000006
1187,3B0019B8CC,78-2025-01-25,2025-01-25 11:55:16.028,0.159959731469869,0.023518937859491083,0.04699999999999993
1188,3B0018F763,79-2025-01-25,2025-01-25 11:55:58.029,0.1047494367619683,0.006299851440380795,0.04499999999999993
1189,3B0019B8CC,80-2025-01-25,2025-01-25 11:56:06.027,0.159959731469869,0.023414693404323332,0.07599999999999996
1190,3B001816CC,82-2025-01-25,2025-01-25 11:58:09.028,0.0980675475768424,0.011164864312764936,0.05300000000000016
1191,3B001877B5,85-2025-01-25,2025-01-25 12:00:29.028,0.1726631836586291,0.02461750193773596,0.06600000000000006
1192,3B001857EE,86-2025-01-25,2025-01-25 12:00:41.028,0.10256506244428,0.0056590658499262,0.04400000000000004
1193,3B0019F652,87-2025-01-25,2025-01-25 12:01:21.027,0.0878809888418596,0.0023573687124723744,0.07900000000000018
1194,3B004873F2,88-2025-01-25,2025-01-25 12:01:50.028,0.0968381606317577,0.014562517550854854,0.04800000000000004
1195,3B001877B5,89-2025-01-25,2025-01-25 12:02:37.028,0.1717600361561726,0.0216933863963298,0.06299999999999994
1196,3B004873F2,93-2025-01-25,2025-01-25 12:06:09.028,0.1046564999395596,0.004111340272719794,0.04600000000000004
1197,3B001816CC,96-2025-01-25,2025-01-25 12:07:40.030,0.0989118533460021,0.011806669102953606,0.06100000000000083
1198,3B001816CC,99-2025-01-25,2025-01-25 12:08:52.027,0.0980675475768424,0.012279783563883807,0.05499999999999994
1199,3B001857EE,102-2025-01-25,2025-01-25 12:10:06.028,0.0778740193653077,0.0057127347891779545,0.04499999999999993
1200,3B0018F763,103-2025-01-25,2025-01-25 12:10:42.026,0.1047494367619683,0.005679707620487535,0.04300000000000004
1201,01103F97C4,106-2025-01-25,2025-01-25 12:12:58.027,0.1593043084918757,0.018960869412663808,0.07000000000000006
1202,3B0049A710,112-2025-01-25,2025-01-25 12:17:49.026,0.0961601367448992,0.015793225713756257,0.07699999999999996
1203,3B00191394,113-2025-01-25,2025-01-25 12:18:24.028,0.0976954599171286,0.004539324257560596,0.04400000000000004
1204,3B001877B5,114-2025-01-25,2025-01-25 12:19:08.026,0.1717600361561726,0.024051325733448467,0.07000000000000006
1205,3B004CD4DE,115-2025-01-25,2025-01-25 12:19:16.025,0.1039052092457154,0.013087591706696286,0.04899999999999993
1206,3B001877B5,117-2025-01-25,2025-01-25 12:20:50.026,0.2086007814647302,0.021631905906472158,0.056999999999999496
1207,3B0018C6F9,120-2025-01-25,2025-01-25 12:32:27.023,0.0983170661518298,0.014624847993458083,0.04800000000000004
1208,3B00191394,121-2025-01-25,2025-01-25 12:34:04.025,0.0976954599171286,0.012299980417607255,0.05300000000000016
1209,01103F97C4,123-2025-01-25,2025-01-25 12:43:47.026,0.1598146914690822,0.02537351216962922,0.05499999999999994
1210,01103F97C4,124-2025-01-25,2025-01-25 12:45:23.026,0.1598146914690822,0.024884721902942983,0.05600000000000005
1211,3B0019F652,125-2025-01-25,2025-01-25 12:45:26.026,0.0881893569011782,0.012045771443813759,0.05600000000000005
1212,3B004873F2,126-2025-01-25,2025-01-25 12:45:29.025,0.1046564999395596,0.014414390352868359,0.046999999999999986
1213,3B0019B8CC,127-2025-01-25,2025-01-25 12:46:09.027,0.159959731469869,0.026633067168739886,0.06900000000000006
1214,01103F97C4,129-2025-01-25,2025-01-25 12:46:54.028,0.1598146914690822,0.025085171670049172,0.07399999999999995
1215,01103FD532,130-2025-01-25,2025-01-25 12:48:13.025,0.1643931249202574,0.027802068792629104,0.052999999999999936
1216,3B004873F2,131-2025-01-25,2025-01-25 12:48:36.026,0.0973225353855346,0.015309991207747212,0.04800000000000004
1217,3B0019B8CC,133-2025-01-25,2025-01-25 12:49:31.026,0.1628141114433104,0.02577710140215095,0.05699999999999994
1218,3B0019B8CC,134-2025-01-25,2025-01-25 12:50:48.026,0.159959731469869,0.02474837840624029,0.07499999999999996
1219,3B0019B8CC,136-2025-01-25,2025-01-25 12:54:03.028,0.159959731469869,0.02652573286712037,0.07699999999999996
1220,3B0019B8CC,137-2025-01-25,2025-01-25 12:55:07.026,0.1593623514993629,0.026841070321267983,0.05500000000000016
1221,3B0019F652,138-2025-01-25,2025-01-25 12:55:15.026,0.0873121234770585,0.010944507911044062,0.053999999999999826
1222,3B001877B5,139-2025-01-25,2025-01-25 12:58:07.030,0.1703332148653499,0.025037135097388332,0.07199999999999995
1223,3B001877B5,140-2025-01-25,2025-01-25 13:07:37.027,0.1698675487206644,0.024452329137335076,0.06999999999999984
1224,3B00182A81,141-2025-01-25,2025-01-25 13:08:57.030,0.0989691687162381,0.004457551271407653,0.051000000000000045
1225,3B00182A81,142-2025-01-25,2025-01-25 13:09:52.028,0.0989691687162381,0.011730670732868095,0.05499999999999999
1226,3B001877B5,143-2025-01-25,2025-01-25 13:10:06.026,0.1717600361561726,0.024279952502363356,0.07099999999999998
1227,3B00182A81,144-2025-01-25,2025-01-25 13:11:10.027,0.0951327311050174,0.01081025843590755,0.06800000000000006
1228,3B004873F2,146-2025-01-25,2025-01-25 13:12:38.027,0.0978105971245246,0.014620583919477835,0.053999999999999826
1229,3B001857EE,147-2025-01-25,2025-01-25 13:13:13.028,0.10256506244428,0.014630640614016949,0.05600000000000005
1230,3B00182A81,148-2025-01-25,2025-01-25 13:13:30.027,0.0989691687162381,0.009707887125606727,0.059
1231,3B001857EE,150-2025-01-25,2025-01-25 13:14:42.028,0.0955941109533121,0.011462845524109989,0.05700000000000016
1232,01103F97C4,151-2025-01-25,2025-01-25 13:15:16.027,0.1639315265283346,0.028290351211545797,0.06099999999999994
1233,3B001877B5,152-2025-01-25,2025-01-25 13:15:43.026,0.1760319405800761,0.023616452171812366,0.06099999999999994
1234,3B001857EE,153-2025-01-25,2025-01-25 13:15:48.025,0.0968790494106761,0.013164436033756633,0.06299999999999994
1235,01103F97C4,154-2025-01-25,2025-01-25 13:16:27.027,0.1614165936257314,0.025709934193925553,0.05600000000000005
1236,3B00182A81,155-2025-01-25,2025-01-25 13:16:37.028,0.0979252058138162,0.011946086922705384,0.052999999999999936
1237,01103F97C4,159-2025-01-25,2025-01-25 13:22:03.025,0.1621809162378599,0.024162592714002736,0.05699999999999994
1238,01103F97C4,161-2025-01-25,2025-01-25 13:23:29.025,0.1598383938392212,0.02589931545492006,0.054999999999999716
1239,3B0018C6F9,162-2025-01-25,2025-01-25 13:23:46.024,0.0986842036561584,0.010876779300445826,0.07299999999999995
1240,3B0018F763,165-2025-01-25,2025-01-25 13:28:31.025,0.1047494367619683,0.006580815567810045,0.041000000000000036
1241,3B001877B5,166-2025-01-25,2025-01-25 13:30:34.025,0.1717600361561726,0.021329732880037006,0.07099999999999995
1242,3B00191394,167-2025-01-25,2025-01-25 13:31:13.023,0.0976954599171286,0.010342943661063341,0.07400000000000001
1243,3B00191394,168-2025-01-25,2025-01-25 13:32:00.024,0.0972770586775211,0.012020275242437995,0.05499999999999999
1244,3B00191394,169-2025-01-25,2025-01-25 13:32:27.024,0.1002936277758814,0.011466142229698497,0.049000000000000155
1245,3B00191394,170-2025-01-25,2025-01-25 13:33:39.023,0.0963375307121763,0.011780279106440692,0.06800000000000006
1246,3B004CD4DE,171-2025-01-25,2025-01-25 13:36:49.024,0.1039052092457154,0.011638027960209381,0.05199999999999999
1247,3B004873F2,172-2025-01-25,2025-01-25 13:40:29.024,0.1046564999395596,0.014145423382845834,0.04899999999999993
1248,3B0018D520,173-2025-01-25,2025-01-25 13:43:48.025,0.1003004781962965,0.013276885046286177,0.052999999999999936
1249,3B0018D520,174-2025-01-25,2025-01-25 13:45:01.024,0.1003004781962965,0.013039203705117876,0.06699999999999998
1250,3B001877B5,175-2025-01-25,2025-01-25 13:45:07.024,0.1741152529607654,0.02360652905216956,0.06700000000000017
1251,3B001877B5,176-2025-01-25,2025-01-25 13:48:26.023,0.1717600361561726,0.024969857849164265,0.06300000000000006
1252,3B004CDB63,177-2025-01-25,2025-01-25 13:48:57.025,0.0936794238683758,0.010008076648005827,0.07199999999999984
1253,3B0018D520,179-2025-01-25,2025-01-25 13:50:10.024,0.1003004781962965,0.013074170331963302,0.05699999999999994
1254,3B004873F2,180-2025-01-25,2025-01-25 13:54:04.026,0.1046564999395596,0.014007242005939488,0.051000000000000156
1255,3B004CDB63,181-2025-01-25,2025-01-25 13:54:29.025,0.0936794238683758,0.0005941365437901792,0.06600000000000006
1256,3B004CDB63,184-2025-01-25,2025-01-25 13:56:28.026,0.0973212886364961,0.01154693497546937,0.06600000000000006
1257,3B0019B8CC,189-2025-01-25,2025-01-25 14:07:37.025,0.1586106430644208,0.02628567090518793,0.06499999999999995
1258,3B0019B8CC,190-2025-01-25,2025-01-25 14:08:30.025,0.1599824512307615,0.02672299048939308,0.05900000000000016
1259,3B001877B5,191-2025-01-25,2025-01-25 14:08:59.028,0.1730227489266901,0.02495680103181861,0.06499999999999995
1260,3B0019B8CC,193-2025-01-25,2025-01-25 14:11:12.025,0.159959731469869,0.027752476569857246,0.07700000000000001
1261,3B0019B8CC,194-2025-01-25,2025-01-25 14:12:40.025,0.159959731469869,0.024027985062243663,0.057999999999999996
1262,3B004CDB63,198-2025-01-25,2025-01-25 14:16:17.023,0.0936794238683758,0.012415554291377374,0.07100000000000001
1263,3B0019F652,199-2025-01-25,2025-01-25 14:17:55.023,0.0914251934765695,0.013066757423075769,0.07999999999999985
1264,3B0019F652,200-2025-01-25,2025-01-25 14:18:27.023,0.0881893569011782,0.011161952372486916,0.052999999999999936
1265,3B0019F652,201-2025-01-25,2025-01-25 14:19:23.024,0.0916168843058665,0.009973862564001047,0.06199999999999983
1266,3B004873F2,202-2025-01-25,2025-01-25 14:20:13.024,0.0982760873874729,0.015237677550952148,0.04599999999999993
1267,3B0019F652,204-2025-01-25,2025-01-25 14:20:51.023,0.0881893569011782,0.005673108682323409,0.04400000000000004
1268,3B004873F2,205-2025-01-25,2025-01-25 14:21:21.022,0.0981424666630783,0.014763344871110891,0.04800000000000004
1269,3B001877B5,207-2025-01-25,2025-01-25 14:26:42.025,0.1717600361561726,0.027726634483896548,0.06799999999999995
1270,3B0018C6F9,208-2025-01-25,2025-01-25 14:27:05.022,0.0986842036561584,0.01200774022650738,0.04800000000000004
1271,3B001877B5,209-2025-01-25,2025-01-25 14:28:04.023,0.1717600361561726,0.027076814557425142,0.07100000000000006
1272,3B004CDB63,210-2025-01-25,2025-01-25 14:28:49.024,0.0962842536229965,0.00959419922745257,0.08999999999999986
1273,3B004CDB63,211-2025-01-25,2025-01-25 14:29:23.022,0.0960775113517693,0.0120933717813796,0.050000000000000044
1274,3B001877B5,212-2025-01-25,2025-01-25 14:29:31.024,0.1717600361561726,0.02820602339980814,0.06300000000000006
1275,3B001857EE,216-2025-01-25,2025-01-25 14:37:27.022,0.10256506244428,0.014142390129026782,0.05699999999999994
1276,3B004873F2,217-2025-01-25,2025-01-25 14:38:48.023,0.1046564999395596,0.014853331665371278,0.04800000000000004
1277,3B004873F2,218-2025-01-25,2025-01-25 14:39:31.022,0.0989729866326348,0.004083195004529793,0.061000000000000054
1278,3B004CDB63,219-2025-01-25,2025-01-25 14:39:42.023,0.096909188005776,0.011603770034218872,0.05400000000000005
1279,3B0018D520,220-2025-01-25,2025-01-25 14:41:30.023,0.1003004781962965,0.012103155114296197,0.07400000000000001
1280,3B001877B5,221-2025-01-25,2025-01-25 14:41:43.023,0.1717600361561726,0.02552020472213641,0.06499999999999995
1281,3B0019F652,222-2025-01-25,2025-01-25 14:42:13.022,0.0914071558333477,0.013736700385261686,0.05600000000000005
1282,3B0018C6F9,223-2025-01-25,2025-01-25 14:42:28.022,0.0986842036561584,0.005990668159706058,0.04400000000000004
1283,3B0018D520,224-2025-01-25,2025-01-25 14:42:33.021,0.1003004781962965,0.012768249637130401,0.05800000000000005
1284,3B0019F652,225-2025-01-25,2025-01-25 14:42:51.023,0.0906705998147645,0.007641185023568099,0.06900000000000006
1285,3B0019F652,226-2025-01-25,2025-01-25 14:42:59.022,0.0922819725680582,0.004157126536903688,0.03699999999999992
1286,3B004CDB63,227-2025-01-25,2025-01-25 14:43:24.022,0.095640090763569,0.011274900777835831,0.062000000000000055
1287,3B0018D520,228-2025-01-25,2025-01-25 14:45:19.023,0.1021265883018052,0.01450068423396794,0.050000000000000044
1288,3B0018D520,231-2025-01-25,2025-01-25 14:50:19.022,0.1010873990312488,0.013508422222549865,0.05300000000000005
1289,3B0019F652,232-2025-01-25,2025-01-25 14:51:00.023,0.0881893569011782,0.004073497973221293,0.04499999999999993
1290,3B0019F652,234-2025-01-25,2025-01-25 14:54:38.022,0.0881893569011782,0.001227501831255769,0.028999999999999915
1291,3B004CDB63,235-2025-01-25,2025-01-25 14:54:57.024,0.0936794238683757,0.012152693925082513,0.05599999999999994
1292,3B004CDB63,236-2025-01-25,2025-01-25 14:55:48.026,0.0936794238683757,0.012372980632975407,0.05499999999999994
1293,3B0018F763,237-2025-01-25,2025-01-25 14:59:53.024,0.1072912231000846,0.006380732293836022,0.050999999999999934
1294,3B00191394,238-2025-01-25,2025-01-25 15:04:17.026,0.0976954599171286,0.0034216990912300897,0.067
1295,3B001877B5,239-2025-01-25,2025-01-25 15:06:15.025,0.1752970743683048,0.02471683477995652,0.07000000000000006
1296,011016B2E1,241-2025-01-25,2025-01-25 15:11:14.025,0.0984485607442597,0.007096172334860021,0.09299999999999997
1297,3B0018D520,244-2025-01-25,2025-01-25 15:13:15.023,0.1003004781962965,0.013679048872871448,0.059
1298,3B004CD4DE,245-2025-01-25,2025-01-25 15:13:40.023,0.1039052092457154,0.012684365380690468,0.04800000000000004
1299,3B0019F652,247-2025-01-25,2025-01-25 15:13:59.022,0.0881893569011782,0.010593284664916089,0.06700000000000006
1300,3B0018F763,248-2025-01-25,2025-01-25 15:14:47.023,0.1047494367619683,0.0069534498327153485,0.04099999999999998
1301,3B0018D520,249-2025-01-25,2025-01-25 15:15:43.022,0.1029373375235371,0.0132354251025005,0.058000000000000274
1302,3B0019F652,253-2025-01-25,2025-01-25 15:17:33.021,0.0919165515773483,0.002184707032286407,0.028000000000000025
1303,3B00182A81,255-2025-01-25,2025-01-25 15:18:50.020,0.0989691687162381,0.005363140536502869,0.069
1304,3B004B0F76,256-2025-01-25,2025-01-25 15:20:30.020,0.1645371800756373,0.019653541699121774,0.07100000000000017
1305,3B004873F2,257-2025-01-25,2025-01-25 15:27:03.021,0.0975236959609388,0.004805506432625177,0.051000000000000045
1306,3B0019B8CC,259-2025-01-25,2025-01-25 15:30:09.020,0.1589841992425817,0.02477454203909403,0.07699999999999996
1307,3B0019B8CC,260-2025-01-25,2025-01-25 15:31:25.021,0.159959731469869,0.006343067950524278,0.07299999999999995
1308,3B0018F763,262-2025-01-25,2025-01-25 15:35:21.021,0.1047494367619683,0.014418571846655457,0.05800000000000005
1309,3B004CD4DE,263-2025-01-25,2025-01-25 15:35:28.020,0.0963209539658969,0.014613905531132187,0.07800000000000007
1310,3B0018D520,265-2025-01-25,2025-01-25 15:36:17.019,0.1003004781962965,0.01339475375957049,0.06899999999999995
1311,3B0019B8CC,268-2025-01-25,2025-01-25 15:37:53.021,0.159959731469869,0.02348339543429941,0.07599999999999996
1312,3B0018F763,269-2025-01-25,2025-01-25 15:38:00.019,0.1047494367619683,0.005812153236980056,0.04500000000000004
1313,3B0018F763,271-2025-01-25,2025-01-25 15:39:08.018,0.0776512432344731,0.008856269392686055,0.05400000000000005
1314,3B0018D520,272-2025-01-25,2025-01-25 15:39:34.022,0.1033330993124101,0.006327532828361778,0.04400000000000004
1315,3B0019B8CC,273-2025-01-25,2025-01-25 15:39:41.020,0.159959731469869,0.02552031472388623,0.0770000000000004
1316,3B0019B8CC,276-2025-01-25,2025-01-25 15:42:07.020,0.159959731469869,0.02633344083406481,0.05299999999999999
1317,3B001877B5,280-2025-01-25,2025-01-25 15:49:01.019,0.1717600361561726,0.02472422182390678,0.06799999999999995
1318,3B0018D520,283-2025-01-25,2025-01-25 15:50:00.019,0.1003004781962964,0.004780625404294223,0.04299999999999993
1319,3B001877B5,287-2025-01-25,2025-01-25 15:52:38.020,0.1733874176607404,0.02634727686379069,0.07099999999999995
1320,3B001877B5,288-2025-01-25,2025-01-25 15:54:34.019,0.177339085895275,0.023800189798491727,0.06599999999999984
1321,3B001877B5,290-2025-01-25,2025-01-25 15:55:53.022,0.1764503848186228,0.024098176507747242,0.07000000000000006
1322,3B0018F763,291-2025-01-25,2025-01-25 16:04:37.024,0.1047494367619683,0.014218731760456583,0.05900000000000005
1323,3B0018F763,292-2025-01-25,2025-01-25 16:06:03.020,0.1047494367619683,0.006943329917430705,0.04200000000000004
1324,3B0018F763,293-2025-01-25,2025-01-25 16:08:27.021,0.1093327348395046,0.0061644418255585726,0.04700000000000015
1325,3B0018F763,294-2025-01-25,2025-01-25 16:11:15.021,0.1103040477489226,0.012820265029261467,0.06199999999999983
1326,3B001877B5,295-2025-01-25,2025-01-25 16:11:21.020,0.1717600361561726,0.024824590798151924,0.06799999999999984
1327,3B0019B8CC,297-2025-01-25,2025-01-25 16:12:19.022,0.159959731469869,0.02363866678845264,0.05499999999999994
1328,3B001877B5,298-2025-01-25,2025-01-25 16:12:33.019,0.1768423149794162,0.023094756489167173,0.07800000000000029
1329,3B0018F763,299-2025-01-25,2025-01-25 16:12:41.018,0.1092697079827957,0.0036940965241372427,0.068
1330,3B001877B5,301-2025-01-25,2025-01-25 16:16:17.019,0.1760843214143159,0.02450904371932793,0.06699999999999973
1331,3B0019B8CC,302-2025-01-25,2025-01-25 16:16:53.017,0.159959731469869,0.025645552809401076,0.05500000000000016
1332,3B0019B8CC,303-2025-01-25,2025-01-25 16:16:58.018,0.159959731469869,0.023046681881685308,0.05599999999999994
1333,01103F9A64,304-2025-01-25,2025-01-25 16:17:45.018,0.1902323792443684,0.03381566363555719,0.050000000000000266
1334,01103F9A64,306-2025-01-25,2025-01-25 16:19:09.018,0.1902323792443684,0.029013225454180527,0.04700000000000015
1335,3B0019B8CC,308-2025-01-25,2025-01-25 16:19:35.017,0.1645398479404226,0.00505823997223551,0.08899999999999997
1336,3B001877B5,310-2025-01-25,2025-01-25 16:21:16.018,0.1798514919244369,0.02359134461972929,0.06599999999999984
1337,3B0018C6F9,1-2025-01-31,2025-01-31 07:41:55.058,0.0986842036561584,0.010301082402124129,0.06799999999999995
1338,3B00484043,2-2025-01-31,2025-01-31 07:42:07.056,0.0933107542597867,0.011146421837845278,0.050999999999999934
1339,3B0018C6F9,3-2025-01-31,2025-01-31 07:43:44.057,0.0897038700090837,0.011919765541322059,0.07699999999999996
1340,3B00186A36,5-2025-01-31,2025-01-31 07:46:18.057,0.0955204384809406,0.012091229975439786,0.04999999999999999
1341,3B00484043,7-2025-01-31,2025-01-31 07:47:31.058,0.0933107542597867,0.011706202636175087,0.04899999999999993
1342,3B00185CB8,8-2025-01-31,2025-01-31 07:49:47.058,0.0900280944630061,0.00563340092906041,0.042999999999999705
1343,3B00186A36,9-2025-01-31,2025-01-31 07:50:47.058,0.0955204384809406,-0.0005532928718373908,0.028000000000000025
1344,3B0019B8CC,10-2025-01-31,2025-01-31 07:57:04.057,0.159959731469869,0.023386960526717102,0.05800000000000005
1345,3B0019B8CC,11-2025-01-31,2025-01-31 07:59:22.058,0.159959731469869,0.024519229918917015,0.05099999999999999
1346,3B00186A36,13-2025-01-31,2025-01-31 08:01:19.060,0.0955204384809406,0.01263484306048303,0.049000000000000044
1347,3B0019B8CC,14-2025-01-31,2025-01-31 08:01:30.058,0.149602569881114,0.024650995766777595,0.051000000000000156
1348,3B0019B8CC,15-2025-01-31,2025-01-31 08:03:41.059,0.1527449860684982,0.024543975520747878,0.053999999999999826
1349,3B0018C6F9,16-2025-01-31,2025-01-31 08:20:25.051,0.0926164302323238,0.010834762735044213,0.07299999999999995
1350,3B00192E1E,17-2025-01-31,2025-01-31 08:28:21.047,0.1013994993325588,0.012711388128768552,0.046999999999999986
1351,3B00186A36,18-2025-01-31,2025-01-31 08:28:36.048,0.0921432276037565,0.012037302726938003,0.051000000000000156
1352,3B00192E1E,19-2025-01-31,2025-01-31 08:29:19.047,0.1013994993325588,0.011972906187932108,0.04400000000000004
1353,01101763D0,20-2025-01-31,2025-01-31 08:29:33.049,0.1474870226993786,0.024104133984881423,0.06399999999999995
1354,011016B2E1,21-2025-01-31,2025-01-31 08:48:06.044,0.092276685372018,0.014895435101345658,0.04800000000000004
1355,011016B2E1,24-2025-01-31,2025-01-31 08:49:46.044,0.0913166229526652,0.014252158231771464,0.052000000000000046
1356,011016B2E1,29-2025-01-31,2025-01-31 08:52:33.044,0.0984485607442597,0.01030443939380956,0.066
1357,3B0018A99B,30-2025-01-31,2025-01-31 08:52:47.043,0.0919844762147395,0.0144369688852539,0.04999999999999982
1358,3B004873F2,32-2025-01-31,2025-01-31 08:54:14.045,0.1046564999395596,0.013362681873126564,0.04299999999999998
1359,3B004873F2,35-2025-01-31,2025-01-31 08:55:31.044,0.1046564999395596,0.013409169916863271,0.04499999999999993
1360,01101763D0,39-2025-01-31,2025-01-31 09:06:50.045,0.1537812134531804,0.024363195022148846,0.06099999999999994
1361,3B00185CB8,41-2025-01-31,2025-01-31 09:17:28.042,0.0847507388177156,0.006224406700283666,0.04400000000000004
1362,3B0019F652,42-2025-01-31,2025-01-31 09:19:53.039,0.0881893569011782,0.013250078823071625,0.050999999999999934
1363,3B0019F652,45-2025-01-31,2025-01-31 09:23:43.036,0.0840475774705758,0.009838411390953079,0.050999999999999934
1364,3B0019F652,46-2025-01-31,2025-01-31 09:24:45.036,0.0835098764483629,0.013294498785865784,0.04399999999999982
1365,3B0019B8CC,47-2025-01-31,2025-01-31 09:24:57.035,0.1508463840564676,0.02292019719053362,0.052000000000000046
1366,3B0019B8CC,48-2025-01-31,2025-01-31 09:25:45.035,0.159959731469869,0.024966905484902394,0.052999999999999936
1367,3B0019B8CC,49-2025-01-31,2025-01-31 09:26:42.035,0.1513641382921402,0.023545178086972693,0.05699999999999994
1368,3B0019B8CC,50-2025-01-31,2025-01-31 09:27:05.034,0.154055988105018,0.02459098909765504,0.05500000000000016
1369,3B0019B8CC,52-2025-01-31,2025-01-31 09:29:51.037,0.159959731469869,0.02569927594551055,0.05599999999999994
1370,3B0019B8CC,53-2025-01-31,2025-01-31 09:31:48.033,0.159959731469869,0.02440837124164926,0.05300000000000038
1371,3B004C4B80,54-2025-01-31,2025-01-31 09:32:01.034,0.1029765513061548,0.010783948710769627,0.06700000000000017
1372,3B004CDB63,56-2025-01-31,2025-01-31 09:39:09.031,0.0906934258203435,0.010810170376673383,0.04400000000000004
1373,3B00484043,57-2025-01-31,2025-01-31 09:42:00.030,0.0914079722115431,0.01135995990468953,0.05300000000000016
1374,3B004873F2,58-2025-01-31,2025-01-31 09:45:41.029,0.1046564999395596,0.013379905997262105,0.046999999999999986
1375,3B004873F2,60-2025-01-31,2025-01-31 09:46:23.029,0.1046564999395596,0.014135834755285404,0.044999999999999984
1376,3B0018A99B,61-2025-01-31,2025-01-31 09:46:51.029,0.0939700005948078,0.010599666705052305,0.05499999999999994
1377,3B00484043,63-2025-01-31,2025-01-31 09:48:03.029,0.0933107542597867,0.01093678690890081,0.05099999999999999
1378,3B004873F2,64-2025-01-31,2025-01-31 09:49:05.028,0.1046564999395596,0.014242820779369655,0.04800000000000004
1379,3B004CDB63,65-2025-01-31,2025-01-31 09:49:08.029,0.0936794238683758,0.011196271279438738,0.04799999999999999
1380,3B00484043,66-2025-01-31,2025-01-31 09:52:32.030,0.0926838144699588,0.010445674722798849,0.05599999999999994
1381,3B00192E1E,67-2025-01-31,2025-01-31 09:53:51.029,0.0955905063359831,0.012393613278491923,0.052999999999999936
1382,3B004AE3AB,69-2025-01-31,2025-01-31 10:00:04.028,0.0943049168554313,0.012403368396508647,0.052000000000000046
1383,3B004AE3AB,70-2025-01-31,2025-01-31 10:01:01.029,0.0970450777450959,0.005452701350508013,0.09099999999999997
1384,3B004AE3AB,71-2025-01-31,2025-01-31 10:01:08.028,0.0954261942181964,0.010620668721522218,0.05399999999999999
1385,3B004AE3AB,72-2025-01-31,2025-01-31 10:02:08.029,0.0933097045271625,0.011759155605080451,0.06400000000000006
1386,3B004AE3AB,73-2025-01-31,2025-01-31 10:04:37.030,0.0954261942181964,8.198018605496982e-05,0.009000000000000008
1387,3B0019F652,75-2025-01-31,2025-01-31 10:14:30.028,0.0881893569011782,0.01277532083907475,0.04699999999999971
1388,3B004CDB63,77-2025-01-31,2025-01-31 10:16:18.027,0.0936794238683757,0.011148288161409824,0.04200000000000004
1389,3B0019F652,78-2025-01-31,2025-01-31 10:17:13.026,0.0834389826678262,0.012853826864124876,0.07000000000000028
1390,3B0019F652,79-2025-01-31,2025-01-31 10:17:53.025,0.0829042103000394,0.012687123381022278,0.04400000000000004
1391,3B00484043,82-2025-01-31,2025-01-31 10:20:12.024,0.0920580265011359,0.010608280602235995,0.06400000000000006
1392,01101763D0,83-2025-01-31,2025-01-31 10:20:42.024,0.1562351973024515,0.025922231856739468,0.06099999999999994
1393,3B00484043,84-2025-01-31,2025-01-31 10:21:41.023,0.0933107542597867,0.010805462715361118,0.05899999999999994
1394,3B00192E1E,85-2025-01-31,2025-01-31 10:25:35.020,0.1013994993325588,0.010098473488215591,0.05300000000000005
1395,3B0018A99B,86-2025-01-31,2025-01-31 10:28:26.020,0.128633579767945,0.009321563311207976,0.042999999999999705
1396,3B0018A99B,88-2025-01-31,2025-01-31 10:31:08.019,0.0938837854528282,0.00480373348211925,0.03600000000000003
1397,3B004873F2,89-2025-01-31,2025-01-31 10:31:43.021,0.1046564999395596,0.013665295951460417,0.05999999999999994
1398,3B004873F2,90-2025-01-31,2025-01-31 10:32:34.019,0.1046564999395596,0.013944686326336227,0.04799999999999999
1399,3B004873F2,91-2025-01-31,2025-01-31 10:33:43.021,0.1046564999395596,0.012993795515009265,0.06499999999999995
1400,3B0019B8CC,93-2025-01-31,2025-01-31 10:44:31.018,0.159959731469869,0.02363502333015811,0.05399999999999994
1401,3B0019B8CC,94-2025-01-31,2025-01-31 10:46:52.020,0.159959731469869,0.025757337661238822,0.05499999999999994
1402,3B00484043,97-2025-01-31,2025-01-31 10:48:13.018,0.0933107542597867,0.01104361755295868,0.05400000000000005
1403,3B0019B8CC,98-2025-01-31,2025-01-31 10:48:30.018,0.1584774331043985,0.021617797898505948,0.052999999999999936
1404,011016B2E1,100-2025-01-31,2025-01-31 10:49:54.018,0.0962248743923566,0.015319891860693331,0.04899999999999993
1405,3B00192E1E,103-2025-01-31,2025-01-31 10:51:18.017,0.0971452800634647,0.012573044057609015,0.04700000000000015
1406,3B0019B8CC,104-2025-01-31,2025-01-31 10:51:21.017,0.1590549758286484,0.0239961466330712,0.05500000000000005
1407,011016B2E1,106-2025-01-31,2025-01-31 10:52:24.019,0.0987858216402707,0.014495959463819968,0.0479999999999996
1408,3B0018A99B,108-2025-01-31,2025-01-31 10:53:07.018,0.0953464577083411,0.004755882786677894,0.03799999999999981
1409,011016B2E1,109-2025-01-31,2025-01-31 10:53:14.018,0.0968670988050611,0.01028528782590687,0.07600000000000007
1410,3B004CDB63,110-2025-01-31,2025-01-31 10:53:50.019,0.0914162274721567,0.011633071988520812,0.052999999999999936
1411,3B0018A99B,111-2025-01-31,2025-01-31 10:54:07.019,0.0940511732937998,0.011488825840128121,0.06400000000000006
1412,3B0018A99B,113-2025-01-31,2025-01-31 10:54:54.017,0.0953464577083411,0.004065847439396592,0.03399999999999992
1413,3B00484043,115-2025-01-31,2025-01-31 10:58:54.017,0.0933107542597867,0.01086047485277333,0.05299999999999999
1414,3B001877B5,117-2025-01-31,2025-01-31 11:10:44.019,0.1717600361561726,0.023259134465868084,0.07099999999999995
1415,3B001877B5,118-2025-01-31,2025-01-31 11:12:06.018,0.1660313177398907,0.026432603771818927,0.07399999999999984
1416,3B0019F652,119-2025-01-31,2025-01-31 11:12:20.020,0.0834862615473093,0.004834247259357432,0.037000000000000144
1417,3B001877B5,120-2025-01-31,2025-01-31 11:13:27.018,0.1717600361561726,0.024522090030344272,0.06499999999999995
1418,3B001877B5,121-2025-01-31,2025-01-31 11:14:58.018,0.1717600361561726,0.023880967046667045,0.05399999999999999
1419,01103F97C4,123-2025-01-31,2025-01-31 11:15:07.017,0.1598146914690822,0.02514280350387621,0.08300000000000018
1420,3B00192E1E,126-2025-01-31,2025-01-31 11:16:27.016,0.0953015820513959,0.01286562225076263,0.04899999999999993
1421,3B00192E1E,129-2025-01-31,2025-01-31 11:16:49.016,0.1013994993325588,1.9876578380445277e-05,0.009000000000000008
1422,3B00190DF0,131-2025-01-31,2025-01-31 11:17:46.016,0.1707571719714972,0.02797863973603063,0.07099999999999973
1423,3B001877B5,133-2025-01-31,2025-01-31 11:18:24.017,0.1715005841828687,0.02908179235717228,0.06099999999999994
1424,01103F97C4,134-2025-01-31,2025-01-31 11:18:54.019,0.1598146914690822,0.01257612430023401,0.052000000000000046
1425,3B0019F652,136-2025-01-31,2025-01-31 11:19:02.017,0.0917431094430685,0.011702018444706506,0.05500000000000005
1426,3B001877B5,137-2025-01-31,2025-01-31 11:19:45.015,0.1717705555854094,0.02173420091561955,0.07399999999999984
1427,3B00190DF0,139-2025-01-31,2025-01-31 11:20:12.017,0.1761565842871426,0.021950434391660424,0.04999999999999993
1428,3B001877B5,141-2025-01-31,2025-01-31 11:20:59.015,0.168700064248612,0.026599608501416787,0.052000000000000046
1429,3B00484043,143-2025-01-31,2025-01-31 11:22:16.845,0.0949292890613491,0.010831314052139999,0.07099999999999995
1430,3B0019F652,144-2025-01-31,2025-01-31 11:22:59.846,0.0881893569011782,0.010072487138017545,0.050999999999999934
1431,3B00192E1E,146-2025-01-31,2025-01-31 11:34:49.848,0.096932851501603,0.01305821643042775,0.05300000000000005
1432,3B004873F2,147-2025-01-31,2025-01-31 11:35:44.845,0.0884916429264356,0.014554849874910616,0.04699999999999993
1433,3B0019B8CC,148-2025-01-31,2025-01-31 11:37:11.847,0.159959731469869,0.025260569307227754,0.06
1434,3B004873F2,150-2025-01-31,2025-01-31 11:38:12.849,0.1046564999395596,0.014107240289708608,0.06499999999999995
1435,3B001877B5,153-2025-01-31,2025-01-31 11:38:57.847,0.1717600361561726,0.00025082624179115145,0.019000000000000017
1436,3B00186448,155-2025-01-31,2025-01-31 11:39:42.848,0.1674190821650436,0.022160200899681893,0.06400000000000006
1437,3B00186448,156-2025-01-31,2025-01-31 11:39:52.846,0.1607382158151241,0.024521510889560998,0.05599999999999983
1438,3B001877B5,157-2025-01-31,2025-01-31 11:40:20.847,0.1717600361561726,0.02553428579973867,0.061
1439,3B00484043,158-2025-01-31,2025-01-31 11:41:10.847,0.0933107542597867,0.011479252029199912,0.04799999999999993
1440,3B004CD4DE,159-2025-01-31,2025-01-31 11:41:18.846,0.1039052092457154,0.014061229494663883,0.04600000000000004
1441,3B004873F2,168-2025-01-31,2025-01-31 11:45:36.848,0.1046564999395596,0.01398704685572882,0.04599999999999993
1442,3B004CD4DE,170-2025-01-31,2025-01-31 11:47:22.847,0.1039052092457154,0.011762791424641383,0.04299999999999993
1443,3B00186448,171-2025-01-31,2025-01-31 11:47:33.846,0.1674190821650436,8.175427088927575e-05,0.015000000000000013
1444,3B0018A99B,174-2025-01-31,2025-01-31 11:49:18.847,0.0953464577083411,0.00959607300721133,0.050000000000000044
1445,3B00186448,175-2025-01-31,2025-01-31 11:49:23.846,0.1674190821650436,0.02921074342649993,0.05499999999999994
1446,3B00186448,176-2025-01-31,2025-01-31 11:50:46.847,0.1637449968281153,0.02345736094118788,0.06899999999999995
1447,3B00484043,179-2025-01-31,2025-01-31 11:52:36.846,0.0933107542597867,0.012175074882138247,0.049000000000000044
1448,01103F97C4,181-2025-01-31,2025-01-31 11:53:01.847,0.1598146914690822,0.025621251814199827,0.052000000000000046
1449,3B0019F652,182-2025-01-31,2025-01-31 11:53:11.847,0.0856662129841651,0.004929149189951062,0.040999999999999925
1450,01103F97C4,184-2025-01-31,2025-01-31 11:54:33.848,0.160258922433233,0.02209898242807296,0.06600000000000006
1451,01103F97C4,187-2025-01-31,2025-01-31 11:55:45.846,0.1628653718030762,0.024729011009058992,0.05600000000000005
1452,3B00484043,188-2025-01-31,2025-01-31 11:55:52.846,0.0933107542597867,0.011104656907415052,0.06400000000000006
1453,011016B2E1,189-2025-01-31,2025-01-31 11:56:21.847,0.0995107654569049,0.014794950373186637,0.07399999999999984
1454,011016B2E1,190-2025-01-31,2025-01-31 11:56:27.847,0.0982663332751256,0.013048369646960021,0.058000000000000274
1455,3B004CDB63,191-2025-01-31,2025-01-31 11:56:30.846,0.0936794238683758,0.011250344939071297,0.051000000000000045
1456,01103F97C4,192-2025-01-31,2025-01-31 11:56:54.848,0.1598146914690822,0.02573757787147781,0.06400000000000006
1457,011016B2E1,193-2025-01-31,2025-01-31 12:05:10.848,0.0998483420963702,0.004208858801643734,0.040000000000000036
1458,3B0019F652,194-2025-01-31,2025-01-31 12:05:31.849,0.0881893569011782,0.005091844489280889,0.04099999999999998
1459,011016B2E1,197-2025-01-31,2025-01-31 12:08:20.848,0.0986599035491666,0.011811480426290221,0.06199999999999983
1460,011016B2E1,198-2025-01-31,2025-01-31 12:08:35.848,0.0991877765414238,0.014883626388055023,0.0470000000000006
1461,3B0018A99B,201-2025-01-31,2025-01-31 12:09:47.849,0.0953464577083411,0.002171362075506055,0.02400000000000002
1462,3B00484043,202-2025-01-31,2025-01-31 12:20:21.850,0.0933107542597867,0.010965432970999205,0.04600000000000004
1463,3B00484043,204-2025-01-31,2025-01-31 12:23:24.849,0.0933107542597867,0.011600750010891243,0.056999999999999995
1464,0700ED9568,205-2025-01-31,2025-01-31 12:23:53.852,0.1525782937120855,0.02104346735271302,0.06299999999999994
1465,011016B2E1,206-2025-01-31,2025-01-31 12:25:01.848,0.0978015277958259,0.0037430611716182485,0.06699999999999973
1466,3B001816CC,208-2025-01-31,2025-01-31 12:28:14.849,0.0980675475768424,0.01054582284988275,0.06099999999999994
1467,3B001816CC,211-2025-01-31,2025-01-31 12:31:01.847,0.0980675475768424,0.011895328157542451,0.057999999999999996
1468,3B001857EE,212-2025-01-31,2025-01-31 12:31:18.849,0.0797282174116714,0.0077216603204403106,0.05499999999999999
1469,3B0018A99B,213-2025-01-31,2025-01-31 12:31:51.848,0.0953464577083411,0.012029209794483848,0.07200000000000006
1470,3B001857EE,215-2025-01-31,2025-01-31 12:32:21.851,0.10256506244428,0.0147717826697839,0.05499999999999994
1471,011016B2E1,217-2025-01-31,2025-01-31 12:32:47.847,0.0984485607442597,0.006658403504026456,0.041999999999999815
1472,3B00182A81,219-2025-01-31,2025-01-31 12:33:37.847,0.0989691687162381,0.01023953976749706,0.057999999999999996
1473,3B004C4B80,220-2025-01-31,2025-01-31 12:33:42.847,0.1035182591826658,0.010979657525425388,0.05400000000000005
1474,011016B2E1,221-2025-01-31,2025-01-31 12:33:59.847,0.0992197417577275,0.013854367414832576,0.06700000000000017
1475,3B0019F652,222-2025-01-31,2025-01-31 12:34:15.848,0.0881893569011782,0.009808206729304363,0.052999999999999936
1476,011016B2E1,224-2025-01-31,2025-01-31 12:35:37.847,0.0984485607442596,0.015481183324718949,0.04800000000000004
1477,3B00484043,227-2025-01-31,2025-01-31 12:37:59.847,0.0933107542597867,0.01093945630374688,0.05399999999999999
1478,3B004CD4DE,229-2025-01-31,2025-01-31 12:39:02.848,0.0954289879907062,0.013242966473927047,0.07499999999999996
1479,3B00484043,234-2025-01-31,2025-01-31 12:40:54.847,0.0933107542597867,0.01157689050106946,0.06000000000000005
1480,3B004CD4DE,235-2025-01-31,2025-01-31 12:41:09.849,0.0985570848393109,0.014329778539227142,0.04599999999999982
1481,3B00192E1E,237-2025-01-31,2025-01-31 12:42:25.847,0.1013994993325588,0.003947835200070665,0.045999999999999985
1482,3B00484043,240-2025-01-31,2025-01-31 12:42:54.847,0.0941438776675631,0.010519073941194322,0.050999999999999934
1483,3B004CDB63,241-2025-01-31,2025-01-31 12:43:21.846,0.0921245202131532,0.01143833067297894,0.04899999999999993
1484,3B00192E1E,242-2025-01-31,2025-01-31 12:43:30.846,0.0968557213842655,0.00377974838359242,0.03600000000000003
1485,3B004CD4DE,244-2025-01-31,2025-01-31 12:44:52.848,0.1039052092457154,0.014075475040357815,0.07599999999999996
1486,01103F97C4,245-2025-01-31,2025-01-31 12:45:17.846,0.1632719601477198,0.026807427439778424,0.05999999999999961
1487,011016B2E1,249-2025-01-31,2025-01-31 12:58:23.848,0.0984485607442597,0.003494475198756788,0.05199999999999999
1488,3B004C4B80,254-2025-01-31,2025-01-31 13:04:19.850,0.1035182591826658,0.0029335207929798344,0.05800000000000005
1489,3B004C0894,255-2025-01-31,2025-01-31 13:04:47.850,0.101959464349765,0.013852886521771763,0.050000000000000044
1490,3B00484043,256-2025-01-31,2025-01-31 13:04:56.849,0.0933107542597867,0.010758694801519275,0.051000000000000045
1491,3B0018F763,261-2025-01-31,2025-01-31 13:06:56.850,0.1047494367619683,0.006479032364157985,0.04099999999999998
1492,011016B2E1,262-2025-01-31,2025-01-31 13:07:54.849,0.0895009914453074,0.01603401720928386,0.05099999999999927
1493,3B00192E1E,264-2025-01-31,2025-01-31 13:11:11.851,0.0992011012056234,0.002707827773836478,0.03499999999999992
1494,3B001870F2,265-2025-01-31,2025-01-31 13:11:40.852,0.0994682506570993,0.00066864172805049,0.03400000000000003
1495,3B0019F652,272-2025-01-31,2025-01-31 13:17:14.849,0.0881893569011782,0.005691113947285533,0.041999999999999815
1496,01103F97C4,275-2025-01-31,2025-01-31 13:18:49.848,0.1674838015262583,0.0095554904613219,0.04499999999999993
1497,3B004B0F76,276-2025-01-31,2025-01-31 13:20:08.848,0.1616092100059758,3.492331745662166e-05,0.008999999999999897
1498,3B00186448,279-2025-01-31,2025-01-31 13:21:22.849,0.1674190821650436,0.02285767133228225,0.06899999999999995
1499,3B0019F652,280-2025-01-31,2025-01-31 13:22:08.848,0.0881893569011782,0.005239876780265021,0.038000000000000034
1500,3B00186448,281-2025-01-31,2025-01-31 13:22:16.846,0.1675503252838408,0.029279065556848033,0.05499999999999994
1501,3B004B0F76,282-2025-01-31,2025-01-31 13:22:25.847,0.1603351990469511,0.027977966479622116,0.05799999999999983
1502,3B00186448,283-2025-01-31,2025-01-31 13:23:04.847,0.1597138615369223,0.02206475625526881,0.06800000000000006
1503,3B004C4B80,287-2025-01-31,2025-01-31 13:25:36.846,0.1033426553706047,0.004997949616090274,0.050000000000000044
1504,3B00484043,288-2025-01-31,2025-01-31 13:25:46.848,0.0955314012182419,0.0039863787918807915,0.08100000000000007
1505,3B0018F763,290-2025-01-31,2025-01-31 13:26:13.847,0.1030888359118721,0.006643720180048212,0.040000000000000036
1506,3B0019F652,291-2025-01-31,2025-01-31 13:26:41.848,0.0881893569011782,0.0027058059120862693,0.08200000000000002
1507,01103F97C4,292-2025-01-31,2025-01-31 13:26:45.846,0.1598146914690822,0.028908516808853178,0.05599999999999983
1508,3B0018F763,295-2025-01-31,2025-01-31 13:27:23.846,0.1047494367619683,0.006073602984184613,0.03899999999999998
1509,3B0049A710,296-2025-01-31,2025-01-31 13:27:37.846,0.1098409808915892,2.5647739506355932e-05,0.006999999999999895
1510,01103F97C4,300-2025-01-31,2025-01-31 13:28:43.845,0.1683872414536958,0.009168713861019128,0.041999999999999815
1511,3B00186448,301-2025-01-31,2025-01-31 13:30:13.845,0.1728233479343746,0.01793515198129991,0.07000000000000028
1512,011016B2E1,304-2025-01-31,2025-01-31 13:30:46.847,0.0984485607442597,6.38967221578402e-05,0.006000000000000005
1513,3B00182A81,305-2025-01-31,2025-01-31 13:32:42.847,0.0989424179299414,0.0043167055922411195,0.07100000000000006
1514,01103F97C4,306-2025-01-31,2025-01-31 13:33:30.844,0.1670663560986445,0.025880906751530514,0.05099999999999971
1515,3B001870F2,307-2025-01-31,2025-01-31 13:33:51.846,0.098478992186775,0.01231543674044474,0.05800000000000005
1516,3B00182DFC,308-2025-01-31,2025-01-31 13:35:24.846,0.1417275432048721,0.011868866941450097,0.05499999999999999
1517,3B004C4B80,309-2025-01-31,2025-01-31 13:35:32.845,0.1036936762703353,0.013384656774907326,0.04800000000000004
1518,3B004873F2,310-2025-01-31,2025-01-31 13:38:12.845,0.0952502887753752,0.004203843161915073,0.07299999999999995
1519,01103F88A1,313-2025-01-31,2025-01-31 13:39:29.844,0.0895142861676464,0.005176649894014775,0.04899999999999993
1520,011016B2E1,316-2025-01-31,2025-01-31 13:40:12.844,0.1004414825403114,0.0036875433135251066,0.05500000000000005
1521,3B004C4B80,317-2025-01-31,2025-01-31 13:41:18.846,0.1035182591826658,0.0032682309075594256,0.037000000000000366
1522,3B0019B8CC,318-2025-01-31,2025-01-31 13:41:49.844,0.1612650304495671,0.023135713684037832,0.07700000000000007
1523,011016B2E1,324-2025-01-31,2025-01-31 13:44:43.844,0.0984485607442597,0.0055600245958430956,0.038000000000000006
1524,3B0018A99B,325-2025-01-31,2025-01-31 13:46:03.844,0.0953464577083411,0.0016736016633483813,0.10299999999999998
1525,3B004CDB63,334-2025-01-31,2025-01-31 13:58:24.846,0.0936794238683757,0.0032316905856044505,0.07300000000000001
1526,3B0019B8CC,336-2025-01-31,2025-01-31 14:02:50.846,0.159959731469869,0.02406088750167245,0.053999999999999826
1527,3B004C0894,338-2025-01-31,2025-01-31 14:05:07.847,0.1033072666870228,0.005474824496734939,0.04100000000000037
1528,3B004C4B80,339-2025-01-31,2025-01-31 14:05:13.847,0.1074032703697779,0.004457673277100154,0.04899999999999993
1529,3B004CDB63,340-2025-01-31,2025-01-31 14:05:48.846,0.0943874121738194,0.002939237113253829,0.07899999999999996
1530,3B00199DE5,345-2025-01-31,2025-01-31 14:07:25.847,0.1032811857620407,0.015586578948175578,0.04700000000000015
1531,3B00186448,346-2025-01-31,2025-01-31 14:08:40.847,0.1791399554347681,0.027541105198645548,0.058000000000000274
1532,01103F97C4,347-2025-01-31,2025-01-31 14:09:21.846,0.1581506971001867,0.02822930161112747,0.05099999999999971
1533,3B004873F2,348-2025-01-31,2025-01-31 14:09:43.848,0.0962964114208804,0.0040989469141131185,0.050000000000000044
1534,3B0019B8CC,350-2025-01-31,2025-01-31 14:10:03.847,0.1603939533991483,0.0242165500053832,0.052999999999999936
1535,3B00186448,351-2025-01-31,2025-01-31 14:10:20.847,0.1674190821650436,0.03190336667559401,0.05600000000000005
1536,3B004B0F76,352-2025-01-31,2025-01-31 14:10:30.847,0.1641616729153988,0.02899712779235979,0.057000000000000384
1537,3B001870F2,356-2025-01-31,2025-01-31 14:11:40.847,0.0983799221722565,0.0027550342679865465,0.09000000000000008
1538,01103F97C4,358-2025-01-31,2025-01-31 14:11:49.846,0.1598146914690822,0.007070669430294108,0.03200000000000003
1539,3B00182DFC,359-2025-01-31,2025-01-31 14:12:08.846,0.141727543204872,0.01115523453606655,0.04500000000000004
1540,3B001877B5,360-2025-01-31,2025-01-31 14:12:37.846,0.1744769513863206,0.025924778802682395,0.06000000000000005
1541,3B0019F652,362-2025-01-31,2025-01-31 14:13:13.848,0.0881893569011782,0.003033086104035286,0.07000000000000006
1542,3B00192E1E,365-2025-01-31,2025-01-31 14:13:46.846,0.1013994993325588,0.003821633332744053,0.07600000000000001
1543,3B00484043,367-2025-01-31,2025-01-31 14:14:06.845,0.0933107542597867,0.030747107901790117,0.08499999999999996
1544,3B00484043,368-2025-01-31,2025-01-31 14:14:19.846,0.0962661586340272,0.004181889010399847,0.08699999999999997
1545,3B001877B5,369-2025-01-31,2025-01-31 14:14:30.846,0.1717600361561726,0.026710169613972892,0.07699999999999996
1546,3B0018F763,370-2025-01-31,2025-01-31 14:14:43.845,0.104192425378343,0.0046728599999389326,0.08899999999999997
1547,3B0019F652,372-2025-01-31,2025-01-31 14:15:38.845,0.0881893569011782,0.003515426169242519,0.05299999999999999
1548,3B0019B8CC,374-2025-01-31,2025-01-31 14:15:51.845,0.1634725734878382,0.005902005524524372,0.09099999999999997
1549,3B004873F2,375-2025-01-31,2025-01-31 14:16:22.845,0.1046564999395596,0.0022971488926176874,0.05500000000000005
1550,3B004C4B80,376-2025-01-31,2025-01-31 14:16:33.846,0.1055189984001106,0.005343843707964978,0.04500000000000037
1551,3B001877B5,377-2025-01-31,2025-01-31 14:16:42.847,0.1717600361561726,0.02136228373946136,0.06399999999999995
1552,3B0018F763,379-2025-01-31,2025-01-31 14:17:00.844,0.1047494367619683,0.003097852451637681,0.07299999999999995
1553,3B0018F763,380-2025-01-31,2025-01-31 14:17:35.844,0.1063877876149576,0.0034767688890806896,0.08599999999999997
1554,3B0019B8CC,382-2025-01-31,2025-01-31 14:18:06.844,0.159959731469869,0.005859164148414594,0.10399999999999998
1555,3B001877B5,383-2025-01-31,2025-01-31 14:18:25.844,0.1673938979907175,0.024855353629406742,0.06999999999999851
1556,3B0019F652,384-2025-01-31,2025-01-31 14:18:40.844,0.1078218276186487,-1.9064826317419348e-05,0.05899999999999994
1557,011016B2E1,387-2025-01-31,2025-01-31 14:22:42.846,0.0984485607442597,0.015784287728463384,0.049000000000000155
1558,3B004C0894,388-2025-01-31,2025-01-31 14:23:21.844,0.1031531694533794,0.0028734201366724965,0.08499999999999996
1559,3B00182DFC,389-2025-01-31,2025-01-31 14:23:40.843,0.1071668845375215,0.0022325691093538296,0.10499999999999998
1560,3B00186448,392-2025-01-31,2025-01-31 14:25:46.844,0.1696583883933151,0.006568531577058756,0.07500000000000001
1561,01103F97C4,396-2025-01-31,2025-01-31 14:26:53.843,0.1707935769394798,0.009584971589919323,0.03799999999999981
1562,3B00182DFC,397-2025-01-31,2025-01-31 14:26:55.844,0.141727543204872,0.0001355619376617573,0.010000000000000009
1563,3B00182DFC,399-2025-01-31,2025-01-31 14:27:14.843,0.141727543204872,0.009803050073994332,0.04700000000000015
1564,3B00484043,400-2025-01-31,2025-01-31 14:27:37.843,0.0972533536326816,0.0038832578679354264,0.07499999999999996
1565,3B00186448,403-2025-01-31,2025-01-31 14:28:51.842,0.1674190821650436,0.008083945098895613,0.08600000000000002
1566,3B004CD4DE,404-2025-01-31,2025-01-31 14:30:10.843,0.1002952137157004,0.013445021298545452,0.07799999999999985
1567,3B00186448,405-2025-01-31,2025-01-31 14:30:43.843,0.1767409679074382,0.006246868540588826,0.07999999999999963
1568,3B00185CB8,407-2025-01-31,2025-01-31 14:32:38.842,0.0794733831724251,0.0015335653271748937,0.040000000000000036
1569,3B00182A81,410-2025-01-31,2025-01-31 14:37:06.845,0.1012891417776091,0.004235506146609896,0.06899999999999995
1570,01103FA4B2,411-2025-01-31,2025-01-31 14:37:19.842,0.1022732142130403,0.012776925318694747,0.05700000000000005
1571,3B004CD4DE,414-2025-01-31,2025-01-31 14:38:56.841,0.1004452328148089,0.004599775876658137,0.050999999999999934
1572,3B004873F2,416-2025-01-31,2025-01-31 14:39:59.843,0.0982294363910287,0.003667806295806026,0.07300000000000001
1573,0700ED9568,418-2025-01-31,2025-01-31 14:40:23.841,0.1578993376626477,0.01983218354865695,0.07699999999999996
1574,3B001877B5,421-2025-01-31,2025-01-31 14:48:56.842,0.1725442238429586,0.018112975547275798,0.07500000000000018
1575,3B004C0894,425-2025-01-31,2025-01-31 14:49:43.842,0.114762175982298,0.0028435093105907074,0.053999999999999826
1576,01103F88A1,428-2025-01-31,2025-01-31 14:53:15.843,0.1629215913617952,0.0025427083775348496,0.03300000000000003
1577,3B0018F763,430-2025-01-31,2025-01-31 14:54:02.841,0.1038868009053053,0.006306189664492653,0.040000000000000036
1578,3B004873F2,431-2025-01-31,2025-01-31 14:54:12.843,0.1046564999395596,0.0041052263935761465,0.043999999999999984
1579,3B00484043,1-2025-02-07,2025-02-07 07:33:46.305,0.086809338727506,0.012278724618862721,0.052000000000000046
1580,3B004CD4DE,5-2025-02-07,2025-02-07 07:44:07.303,0.1039052092457154,0.011055217680414188,0.045999999999999985
1581,3B004CA42C,7-2025-02-07,2025-02-07 07:44:42.302,0.1050965973476148,0.009131029091930611,0.06999999999999984
1582,3B004C0894,9-2025-02-07,2025-02-07 07:46:53.302,0.094179900726513,0.011718292303032547,0.052999999999999936
1583,3B004CD4DE,10-2025-02-07,2025-02-07 07:46:59.303,0.1039052092457154,0.012131885746602379,0.042999999999999705
1584,3B0018C6F9,13-2025-02-07,2025-02-07 08:02:55.304,0.0986842036561584,0.012423518054694653,0.061
1585,01103F9A64,21-2025-02-07,2025-02-07 08:15:26.301,0.1709550895537207,0.0262354583416827,0.05900000000000016
1586,3B0018A99B,22-2025-02-07,2025-02-07 08:15:46.301,0.089614690723937,0.004287015262002135,0.0349999999999997
1587,01103F9A64,23-2025-02-07,2025-02-07 08:17:38.299,0.1902323792443684,0.024236058881616417,0.05699999999999994
1588,3B0019B8CC,26-2025-02-07,2025-02-07 08:22:17.297,0.159959731469869,0.02496615644740917,0.051999999999999935
1589,3B004C0894,27-2025-02-07,2025-02-07 08:27:54.291,0.0947758996226739,0.01108585308414495,0.05300000000000005
1590,3B0018C2F6,28-2025-02-07,2025-02-07 08:28:11.291,0.1158804185581609,0.027098349938166802,0.052000000000000046
1591,3B0018C2F6,33-2025-02-07,2025-02-07 08:36:36.288,0.1190105033961822,0.027237031830593665,0.05800000000000005
1592,3B004CDB63,34-2025-02-07,2025-02-07 08:36:55.289,0.0936794238683757,0.010105649291962114,0.04500000000000004
1593,3B0018C2F6,35-2025-02-07,2025-02-07 08:41:59.287,0.1571190912084223,0.023358219280142065,0.052999999999999936
1594,3B0019B8CC,36-2025-02-07,2025-02-07 08:42:14.288,0.159959731469869,0.023980261291505496,0.05899999999999972
1595,3B0018A99B,37-2025-02-07,2025-02-07 08:42:29.286,0.0893561030208952,0.0041218369729858215,0.03599999999999959
1596,3B0019B8CC,39-2025-02-07,2025-02-07 08:43:27.287,0.159959731469869,0.025107975477597144,0.049000000000000044
1597,3B0049A710,41-2025-02-07,2025-02-07 08:44:59.286,0.0929123925126394,0.013834405841300013,0.04899999999999949
1598,3B004CEFFE,42-2025-02-07,2025-02-07 08:45:17.287,0.0987295768044446,0.009713512775965357,0.06899999999999995
1599,3B0018C2F6,46-2025-02-07,2025-02-07 08:47:36.287,0.1571190912084223,0.020889264435297865,0.06099999999999994
1600,3B004CDB63,48-2025-02-07,2025-02-07 08:50:35.286,0.0936794238683758,0.011450820654394992,0.04800000000000004
1601,01101763D0,49-2025-02-07,2025-02-07 08:53:15.286,0.1399267874935327,0.02316383649433573,0.06099999999999994
1602,3B00484043,50-2025-02-07,2025-02-07 08:59:46.287,0.0933107542597867,0.01061521854708407,0.07199999999999995
1603,3B00182DFC,51-2025-02-07,2025-02-07 09:00:33.287,0.141727543204872,0.011998900520989005,0.04400000000000004
1604,3B004CDB63,55-2025-02-07,2025-02-07 09:03:14.287,0.0936794238683758,0.010030691707422079,0.04200000000000004
1605,3B004CDB63,58-2025-02-07,2025-02-07 09:11:47.288,0.0936794238683758,0.009746274819022823,0.052999999999999936
1606,3B004ACEEA,59-2025-02-07,2025-02-07 09:14:32.284,0.0855632580118667,0.01416717631902873,0.07399999999999984
1607,3B004CDB63,66-2025-02-07,2025-02-07 09:24:10.278,0.0936794238683757,0.009794870496285375,0.045999999999999985
1608,3B0018C2F6,67-2025-02-07,2025-02-07 09:24:24.278,0.1571190912084223,0.02108575813987728,0.05700000000000005
1609,3B00182DFC,68-2025-02-07,2025-02-07 09:26:07.276,0.141727543204872,0.0032991604509973794,0.030999999999999917
1610,3B004C4B80,70-2025-02-07,2025-02-07 09:31:35.273,0.1035182591826658,0.00864469119586848,0.06099999999999994
1611,3B0018C2F6,72-2025-02-07,2025-02-07 09:39:00.272,0.1571190912084223,0.020308636611936253,0.07000000000000006
1612,3B0018C2F6,74-2025-02-07,2025-02-07 09:40:51.271,0.1468460367287481,0.024817987797668927,0.052000000000000046
1613,3B004AB6A7,75-2025-02-07,2025-02-07 09:41:01.271,0.1012961699609969,0.012100454498653252,0.07099999999999995
1614,3B004CDB63,76-2025-02-07,2025-02-07 09:41:36.272,0.0936794238683758,0.010707923891259906,0.052000000000000046
1615,3B0018C2F6,77-2025-02-07,2025-02-07 09:43:15.271,0.1231545665867409,0.026457070318089592,0.052999999999999936
1616,3B004C4B80,81-2025-02-07,2025-02-07 09:45:23.271,0.1035182591826658,0.005544831125338606,0.05800000000000005
1617,3B0018C2F6,82-2025-02-07,2025-02-07 09:49:15.270,0.1571190912084223,0.021836566319817816,0.052000000000000046
1618,3B004C4B80,83-2025-02-07,2025-02-07 09:50:27.271,0.1000879353150862,0.004607076161095495,0.052999999999999936
1619,01103FD532,84-2025-02-07,2025-02-07 09:51:48.271,0.1643931249202574,0.02617640663495415,0.04499999999999993
1620,3B00182DFC,85-2025-02-07,2025-02-07 09:52:16.272,0.141727543204872,0.01032012528020019,0.049000000000000044
1621,3B004C4B80,86-2025-02-07,2025-02-07 09:53:02.271,0.0789140624562764,0.007520894159333213,0.05600000000000005
1622,3B0018C2F6,89-2025-02-07,2025-02-07 09:55:34.271,0.1571190912084223,0.024787999700667866,0.059
1623,3B0018C2F6,90-2025-02-07,2025-02-07 09:56:38.272,0.1571190912084223,0.02398247213024995,0.06300000000000006
1624,3B00182DFC,92-2025-02-07,2025-02-07 10:08:44.272,0.141727543204872,0.0030707463819695047,0.03299999999999992
1625,3B0019248A,95-2025-02-07,2025-02-07 10:11:13.273,0.1054396401184419,0.00030911153706187847,0.015000000000000013
1626,3B004C4B80,96-2025-02-07,2025-02-07 10:11:24.272,0.1022693612926606,0.005419788382167958,0.05600000000000005
1627,3B00484043,99-2025-02-07,2025-02-07 10:12:33.272,0.0933107542597867,0.004087009278239579,0.055999999999999994
1628,3B0018C2F6,101-2025-02-07,2025-02-07 10:15:52.269,0.1502153322969774,0.023966145795428363,0.05400000000000005
1629,3B004C4B80,102-2025-02-07,2025-02-07 10:15:54.270,0.1035182591826658,0.00023314399487534915,0.014999999999999958
1630,3B0018C2F6,104-2025-02-07,2025-02-07 10:21:09.267,0.1571190912084223,0.025182459818379153,0.049000000000000044
1631,01103FD532,106-2025-02-07,2025-02-07 10:25:53.264,0.1643931249202574,0.020796351664561365,0.05900000000000016
1632,3B00484043,107-2025-02-07,2025-02-07 10:26:47.264,0.0897670413010332,0.0038301403591703533,0.07899999999999974
1633,3B004C4B80,110-2025-02-07,2025-02-07 10:33:37.261,0.1035182591826658,0.0006004165384571158,0.020000000000000018
1634,3B0018A99B,111-2025-02-07,2025-02-07 10:33:52.260,0.0953464577083411,0.0039976836038599995,0.03400000000000003
1635,01103FD532,114-2025-02-07,2025-02-07 10:38:54.259,0.1643931249202574,0.027192453536160066,0.050000000000000044
1636,3B0019248A,116-2025-02-07,2025-02-07 10:39:40.260,0.1054396401184419,0.005496538574031852,0.040999999999999925
1637,3B004CDB63,117-2025-02-07,2025-02-07 10:41:29.259,0.0920437540265748,0.01005320116346319,0.05699999999999994
1638,011016B2E1,119-2025-02-07,2025-02-07 10:42:46.260,0.0984485607442597,0.0004338800509700119,0.0129999999999999
1639,3B0018C2F6,120-2025-02-07,2025-02-07 10:42:54.259,0.1571190912084223,0.025099365569973213,0.051999999999999935
1640,3B001857EE,121-2025-02-07,2025-02-07 10:43:05.259,0.10256506244428,0.005037775332716732,0.04400000000000004
1641,01103FD532,122-2025-02-07,2025-02-07 10:43:09.260,0.1643931249202574,0.027396145268044736,0.05599999999999983
1642,011016B2E1,129-2025-02-07,2025-02-07 10:50:01.259,0.0947466639725472,0.014966258004212748,0.04700000000000015
1643,3B004AB6A7,131-2025-02-07,2025-02-07 10:51:57.259,0.1025863851846929,5.755680224637183e-06,0.0030000000000001137
1644,3B001816CC,134-2025-02-07,2025-02-07 10:52:57.259,0.0980675475768424,0.00020990829384930624,0.02300000000000002
1645,3B00484043,135-2025-02-07,2025-02-07 10:53:12.260,0.0905691395710147,0.003831702056601664,0.07599999999999996
1646,3B0018C2F6,136-2025-02-07,2025-02-07 10:54:29.259,0.1571190912084223,0.019994843226277717,0.05799999999999983
1647,01103FD532,138-2025-02-07,2025-02-07 10:56:12.260,0.1642306495346784,0.002673690019005357,0.041999999999999926
1648,3B0049A710,141-2025-02-07,2025-02-07 11:00:16.260,0.096856516990455,0.004338714787639365,0.06400000000000006
1649,3B00182DFC,144-2025-02-07,2025-02-07 11:00:40.259,0.141727543204872,0.0032421945135072934,0.03400000000000003
1650,01103FB89E,151-2025-02-07,2025-02-07 11:05:05.260,0.1004212577730306,0.004033812715272382,0.05700000000000016
1651,3B001857EE,154-2025-02-07,2025-02-07 11:05:58.260,0.10256506244428,0.004241663866446556,0.041999999999999815
1652,3B0018C2F6,156-2025-02-07,2025-02-07 11:21:45.257,0.1571190912084223,0.024583781943902313,0.055999999999999994
1653,3B0018C6F9,157-2025-02-07,2025-02-07 11:22:05.257,0.0932932097646788,0.013140780449421505,0.04400000000000004
1654,3B0018C2F6,159-2025-02-07,2025-02-07 11:25:57.256,0.1571190912084223,0.025852342417284204,0.062
1655,01103F88A1,160-2025-02-07,2025-02-07 11:27:19.256,0.1018113453683149,0.01359623550984206,0.05599999999999983
1656,01103F97C4,162-2025-02-07,2025-02-07 11:29:02.257,0.1598146914690822,0.026641731504454688,0.05299999999999999
1657,3B001877B5,163-2025-02-07,2025-02-07 11:29:08.255,0.1717600361561726,0.030070185249173553,0.05500000000000016
1658,3B0019B8CC,164-2025-02-07,2025-02-07 11:29:44.256,0.159959731469869,0.026411530139408605,0.05499999999999999
1659,01103F97C4,166-2025-02-07,2025-02-07 11:30:29.255,0.1622605220093338,0.026141630194601213,0.05500000000000005
1660,3B001877B5,167-2025-02-07,2025-02-07 11:31:30.256,0.1717600361561726,0.02718121868041602,0.07500000000000018
1661,3B0018C2F6,168-2025-02-07,2025-02-07 11:31:36.255,0.1571190912084223,0.026128682024994566,0.052999999999999936
1662,3B0018C2F6,169-2025-02-07,2025-02-07 11:32:12.255,0.1571190912084223,0.024788573556511657,0.04899999999999993
1663,3B0019248A,174-2025-02-07,2025-02-07 11:34:50.256,0.1054396401184419,1.227237196906303e-06,0.0020000000000000018
1664,3B00186448,177-2025-02-07,2025-02-07 11:35:32.256,0.1674190821650436,0.029013552476114417,0.08399999999999996
1665,3B0019B8CC,178-2025-02-07,2025-02-07 11:35:43.255,0.159959731469869,0.024867043616839102,0.05800000000000005
1666,01103F97C4,181-2025-02-07,2025-02-07 11:36:15.254,0.1606507348752453,0.0286045564546242,0.07599999999999985
1667,3B001877B5,182-2025-02-07,2025-02-07 11:36:19.255,0.1717600361561726,0.02897277394268716,0.05899999999999994
1668,3B00186448,183-2025-02-07,2025-02-07 11:36:35.255,0.1673790727222409,0.030118957532161494,0.05699999999999994
1669,3B0019B8CC,184-2025-02-07,2025-02-07 11:37:26.256,0.159959731469869,0.024883819780681965,0.055999999999999994
1670,3B00186448,185-2025-02-07,2025-02-07 11:37:51.254,0.1674190821650436,0.029659404972142978,0.052000000000000046
1671,3B0018C2F6,186-2025-02-07,2025-02-07 11:38:00.254,0.1571190912084223,0.024809259407088665,0.07299999999999995
1672,3B0018A99B,189-2025-02-07,2025-02-07 11:41:30.254,0.0953464577083411,0.004114366040767434,0.03300000000000003
1673,3B0049A710,190-2025-02-07,2025-02-07 11:43:19.256,0.1098409808915892,0.013527298571318768,0.051000000000000045
1674,3B0049A710,191-2025-02-07,2025-02-07 11:44:28.255,0.109926700127394,0.013233405282954335,0.08899999999999997
1675,3B00182DFC,192-2025-02-07,2025-02-07 11:44:41.255,0.141727543204872,0.012060910850305293,0.04300000000000004
1676,3B001857EE,194-2025-02-07,2025-02-07 11:46:57.255,0.10256506244428,0.004122192197285308,0.04700000000000004
1677,3B0019B8CC,195-2025-02-07,2025-02-07 11:47:33.254,0.159959731469869,0.0246935603738607,0.052000000000000046
1678,3B004CD4DE,198-2025-02-07,2025-02-07 11:51:06.255,0.1039052092457154,0.010784376505490694,0.07299999999999995
1679,3B00186448,199-2025-02-07,2025-02-07 11:51:12.255,0.1674190821650436,0.02927566435499824,0.05399999999999994
1680,3B004C0894,202-2025-02-07,2025-02-07 11:52:39.255,0.114762175982298,0.012135261765446114,0.04399999999999982
1681,3B004C4B80,204-2025-02-07,2025-02-07 11:53:53.256,0.1035211193976095,0.012208948943345245,0.050000000000000044
1682,3B00186448,206-2025-02-07,2025-02-07 11:54:01.255,0.1636579320530396,0.030359548849878328,0.05400000000000005
1683,3B0019B8CC,207-2025-02-07,2025-02-07 11:54:30.256,0.159959731469869,0.022111029256376313,0.07899999999999996
1684,01103F97C4,209-2025-02-07,2025-02-07 11:55:38.255,0.1598146914690822,0.027072591026649603,0.05300000000000016
1685,01103F88A1,215-2025-02-07,2025-02-07 12:00:18.256,0.1042908714438695,0.014076266965067929,0.04899999999999993
1686,3B001857EE,218-2025-02-07,2025-02-07 12:06:01.257,0.10256506244428,0.006363938364628927,0.038999999999999924
1687,3B00192E1E,219-2025-02-07,2025-02-07 12:06:56.256,0.1013994993325588,-0.0008649788158605331,0.05699999999999994
1688,3B0019B8CC,224-2025-02-07,2025-02-07 12:09:10.257,0.159959731469869,0.005104376017489193,0.09400000000000008
1689,3B004CD4DE,225-2025-02-07,2025-02-07 12:11:03.258,0.1039052092457154,0.006493627904773942,0.04100000000000015
1690,3B00186448,228-2025-02-07,2025-02-07 12:12:38.256,0.1533872419650833,0.026710179657839787,0.05500000000000016
1691,3B00182DFC,234-2025-02-07,2025-02-07 12:17:57.256,0.141727543204872,0.003292570140673862,0.037000000000000144
1692,3B004C0894,235-2025-02-07,2025-02-07 12:19:45.256,0.1006893104307619,0.006764215625825309,0.04400000000000004
1693,3B00182DFC,236-2025-02-07,2025-02-07 12:20:09.256,0.141727543204872,0.013084351633163493,0.04600000000000004
1694,3B00182DFC,238-2025-02-07,2025-02-07 12:21:09.254,0.141727543204872,0.011948582164417708,0.04899999999999993
1695,01103F97C4,242-2025-02-07,2025-02-07 12:22:26.255,0.1598146914690822,0.02963212902081101,0.052000000000000046
1696,3B0018C2F6,243-2025-02-07,2025-02-07 12:22:31.254,0.1571190912084223,0.02642093604643232,0.049000000000000155
1697,3B001857EE,245-2025-02-07,2025-02-07 12:23:56.253,0.10256506244428,0.005664574074474402,0.040000000000000036
1698,3B0019B8CC,247-2025-02-07,2025-02-07 12:24:38.254,0.159959731469869,0.02560998368110281,0.06000000000000005
1699,3B001877B5,249-2025-02-07,2025-02-07 12:24:51.254,0.1717600361561726,0.029993110615454517,0.05799999999999983
1700,01103F97C4,250-2025-02-07,2025-02-07 12:24:56.254,0.1598146914690822,0.01104902991836024,0.051000000000000156
1701,3B004C0894,252-2025-02-07,2025-02-07 12:25:24.254,0.114762175982298,0.004866404752713144,0.03500000000000014
1702,3B00186448,253-2025-02-07,2025-02-07 12:25:53.255,0.1467076515614108,0.025271069724165734,0.06999999999999995
1703,3B001877B5,254-2025-02-07,2025-02-07 12:26:20.255,0.1717600361561726,0.028309561927066806,0.061000000000000165
1704,3B0018C2F6,255-2025-02-07,2025-02-07 12:26:29.254,0.1571190912084223,0.024876950802620704,0.051000000000000045
1705,01103FB89E,256-2025-02-07,2025-02-07 12:26:38.253,0.1780951229652416,0.009801776112093617,0.03999999999999998
1706,01103FB89E,257-2025-02-07,2025-02-07 12:28:05.254,0.1780951229652416,0.004086746693458445,0.037000000000000144
1707,3B004CD4DE,258-2025-02-07,2025-02-07 12:28:07.254,0.1039052092457154,0.012256015028731089,0.07800000000000001
1708,3B004C0894,259-2025-02-07,2025-02-07 12:36:11.253,0.099450663123039,0.006146932485587311,0.03600000000000003
1709,3B00192E1E,260-2025-02-07,2025-02-07 12:36:41.252,0.1013994993325588,0.0027007210288727056,0.03300000000000014
1710,01103FB89E,262-2025-02-07,2025-02-07 12:36:53.252,0.1780951229652416,0.002495912289518543,0.02699999999999997
1711,3B0019B8CC,263-2025-02-07,2025-02-07 12:37:59.254,0.159959731469869,0.021813847896710956,0.05300000000000005
1712,3B004AB6A7,264-2025-02-07,2025-02-07 12:46:56.252,0.1074966110993834,0.004325986477111389,0.07500000000000018
1713,3B0049A710,265-2025-02-07,2025-02-07 13:02:14.255,0.0992186869007843,0.015241497770661793,0.08299999999999996
1714,3B0019B8CC,266-2025-02-07,2025-02-07 13:03:33.255,0.159959731469869,0.026537921400049316,0.05500000000000005
1715,3B0049A710,267-2025-02-07,2025-02-07 13:03:48.255,0.0984716100318173,0.012151714888558526,0.056999999999999496
1716,3B0018A99B,268-2025-02-07,2025-02-07 13:04:21.256,0.0953464577083411,0.004410443708031392,0.039000000000000146
1717,01103F88A1,269-2025-02-07,2025-02-07 13:04:37.255,0.1045478541947553,0.013794261272503697,0.04800000000000004
1718,3B0018C2F6,270-2025-02-07,2025-02-07 13:04:46.255,0.1571190912084223,0.02384944769460434,0.052999999999999936
1719,3B0049A710,272-2025-02-07,2025-02-07 13:05:02.255,0.0990639464739461,0.004748089130841697,0.05900000000000005
1720,3B00192E1E,273-2025-02-07,2025-02-07 13:08:17.256,0.1013994993325588,0.0122517297075872,0.05600000000000005
1721,3B0019B8CC,275-2025-02-07,2025-02-07 13:09:19.256,0.159959731469869,0.025123590707785706,0.06099999999999994
1722,011016B2E1,276-2025-02-07,2025-02-07 13:09:32.254,0.0984485607442597,7.875363715535517e-05,0.049000000000000155
1723,011016B2E1,281-2025-02-07,2025-02-07 13:15:32.253,0.0984485607442597,0.00010953395056280742,0.008999999999999897
1724,3B0019B8CC,284-2025-02-07,2025-02-07 13:19:31.253,0.1607812089799629,0.021966654147478254,0.04400000000000004
1725,3B004ACEEA,285-2025-02-07,2025-02-07 13:23:15.252,0.0928794846423731,0.012205470302709019,0.04599999999999982
1726,3B004C4B80,286-2025-02-07,2025-02-07 13:24:57.251,0.1035182591826658,0.006833079043847277,0.061000000000000165
1727,3B004ACEEA,293-2025-02-07,2025-02-07 13:28:04.250,0.0928794846423731,0.013623230209736447,0.04700000000000004
1728,3B0019B8CC,294-2025-02-07,2025-02-07 13:28:12.250,0.159959731469869,0.024148819220603947,0.05600000000000005
1729,3B0018C2F6,295-2025-02-07,2025-02-07 13:28:32.250,0.1355425787968767,0.028421534079861126,0.051000000000000156
1730,3B00192E1E,296-2025-02-07,2025-02-07 13:31:36.251,0.0801343395857239,0.0009278613144696819,0.06499999999999995
1731,3B004ACEEA,303-2025-02-07,2025-02-07 13:40:11.247,0.0928794846423731,0.013219158229143288,0.051999999999999824
1732,3B0018C2F6,304-2025-02-07,2025-02-07 13:40:36.248,0.1571190912084223,0.022462403242561855,0.05300000000000016
1733,3B0018A99B,305-2025-02-07,2025-02-07 13:41:24.247,0.0921742621255533,0.004201604864891521,0.030999999999999694
1734,3B0018A99B,307-2025-02-07,2025-02-07 13:43:07.246,0.0930447314300568,0.0037775908764677633,0.03200000000000003
1735,3B0019B8CC,309-2025-02-07,2025-02-07 13:49:12.248,0.159959731469869,0.026331691125601225,0.06999999999999995
1736,3B0018C2F6,313-2025-02-07,2025-02-07 13:54:37.246,0.1571190912084223,0.022473087183617096,0.07299999999999995
1737,01103F88A1,315-2025-02-07,2025-02-07 14:03:30.247,0.1629215913617951,5.41815944792785e-05,0.006000000000000227
1738,3B004C4B80,318-2025-02-07,2025-02-07 14:05:23.248,0.0866017828274829,0.003414416545596398,0.04599999999999993
1739,3B004ACEEA,319-2025-02-07,2025-02-07 14:06:04.248,0.0928794846423731,0.00029033235339550825,0.016999999999999904
1740,3B0019B8CC,320-2025-02-07,2025-02-07 14:06:19.247,0.159959731469869,0.025639203136972318,0.052999999999999936
1741,3B0018C2F6,321-2025-02-07,2025-02-07 14:07:19.247,0.1619695620466411,0.027819778840663688,0.06699999999999995
1742,3B0018A99B,322-2025-02-07,2025-02-07 14:07:33.247,0.0953464577083411,0.007442589896212334,0.08599999999999985
1743,3B0018A99B,323-2025-02-07,2025-02-07 14:09:57.247,0.0953464577083411,0.0029121367342311356,0.029000000000000137
1744,3B004C4B80,324-2025-02-07,2025-02-07 14:10:02.246,0.1035182591826659,0.0024775148378585006,0.025999999999999968
1745,3B00199DE5,325-2025-02-07,2025-02-07 14:10:04.247,0.1037487832376309,0.01425489716689725,0.065
1746,3B0018C2F6,326-2025-02-07,2025-02-07 14:10:17.248,0.1571190912084223,0.0261326009977422,0.06899999999999995
1747,3B004ACEEA,329-2025-02-07,2025-02-07 14:13:45.247,0.0966990762945911,0.010419394173460328,0.052000000000000046
1748,3B0018C2F6,332-2025-02-07,2025-02-07 14:23:19.243,0.1571190912084223,0.026038997058130887,0.05800000000000005
1749,3B00199DE5,335-2025-02-07,2025-02-07 14:23:38.244,0.1002564882618714,0.003300923211984374,0.066
1750,3B001857EE,337-2025-02-07,2025-02-07 14:24:44.243,0.1054705749404586,0.006411085945583917,0.04200000000000004
1751,3B0018C2F6,338-2025-02-07,2025-02-07 14:24:59.242,0.1415783484068366,0.025971077527451546,0.05699999999999994
1752,3B0018A99B,339-2025-02-07,2025-02-07 14:25:05.242,0.0953464577083411,0.01215997289219417,0.04700000000000015
1753,3B001816CC,340-2025-02-07,2025-02-07 14:25:11.242,0.0980675475768424,0.00626100836617894,0.05199999999999999
1754,3B00182A81,341-2025-02-07,2025-02-07 14:25:15.243,0.0989691687162381,0.004357216763402153,0.062
1755,3B0019B8CC,344-2025-02-07,2025-02-07 14:31:14.240,0.1634215844552825,0.01017447347377009,0.054999999999999716
1756,3B004CD4DE,346-2025-02-07,2025-02-07 14:34:21.240,0.0998193183804443,0.004084251390654907,0.09199999999999986
1757,3B00199DE5,347-2025-02-07,2025-02-07 14:34:27.241,0.1002564882618714,0.0036732586252794684,0.038000000000000034
1758,3B0018C2F6,350-2025-02-07,2025-02-07 14:36:54.240,0.1571190912084223,0.02650772781686352,0.04899999999999993
1759,3B0019B8CC,351-2025-02-07,2025-02-07 14:37:29.241,0.1649156861643424,0.008055106251553404,0.03799999999999981
1760,3B004C4B80,352-2025-02-07,2025-02-07 14:41:07.240,0.1083048517491728,0.005985148100651503,0.049000000000000155
1761,3B0018C2F6,353-2025-02-07,2025-02-07 14:43:50.238,0.161162307614342,0.025198856885230995,0.05799999999999994
1762,3B004ACEEA,355-2025-02-07,2025-02-07 14:44:49.238,0.0948680345993005,0.014988670840638528,0.07899999999999974
1763,3B0019B8CC,356-2025-02-07,2025-02-07 14:48:41.240,0.159959731469869,0.026864268833769304,0.05499999999999994
1764,3B0019B8CC,362-2025-02-07,2025-02-07 14:52:26.240,0.1639077174436967,0.020569852477182734,0.07099999999999973
1765,3B001857EE,366-2025-02-07,2025-02-07 14:58:38.240,0.10256506244428,0.007033223834756003,0.04399999999999993
1766,3B001857EE,367-2025-02-07,2025-02-07 14:59:12.239,0.10256506244428,0.005214120670643209,0.04200000000000004
1767,3B00199DE5,368-2025-02-07,2025-02-07 15:00:12.239,0.1002564882618714,0.0036517251997892305,0.03100000000000014
1768,011016B2E1,369-2025-02-07,2025-02-07 15:00:43.239,0.0984485607442597,0.004755078789136489,0.07500000000000001
1769,3B004C4B80,375-2025-02-07,2025-02-07 15:14:42.238,0.1097282328031724,0.005519188817448624,0.06699999999999995
1770,3B001857EE,378-2025-02-07,2025-02-07 15:16:58.237,0.10256506244428,0.005869441136837637,0.04600000000000004
1771,3B004CD4DE,379-2025-02-07,2025-02-07 15:17:01.237,0.1039052092457154,0.004084219319481862,0.09099999999999997
1772,011016B2E1,381-2025-02-07,2025-02-07 15:17:21.237,0.1019494527802198,0.0019049640935476192,0.08899999999999997
1773,3B004C4B80,386-2025-02-07,2025-02-07 15:19:16.237,0.1101773353744288,0.00398214620990996,0.07299999999999995
1774,3B0018C2F6,387-2025-02-07,2025-02-07 15:19:20.236,0.1571190912084223,0.025410764426070945,0.07499999999999996
1775,3B004ACEEA,388-2025-02-07,2025-02-07 15:19:43.237,0.0928794846423731,0.013171971517252608,0.05499999999999994
1776,3B0018A99B,389-2025-02-07,2025-02-07 15:20:02.237,0.0953464577083411,-0.0004153180584498307,0.050000000000000044
1777,011016B2E1,390-2025-02-07,2025-02-07 15:20:14.236,0.1015981778852478,0.004571199839362239,0.043999999999999984
1778,3B001816CC,391-2025-02-07,2025-02-07 15:20:21.236,0.0957777644332044,0.003967476910858631,0.05899999999999994
1779,3B0018A99B,394-2025-02-07,2025-02-07 15:23:21.234,0.0953464577083411,-0.0015930498546987929,0.05499999999999999
1780,3B004AB6A7,395-2025-02-07,2025-02-07 15:24:27.235,0.1025863851846928,0.00309563212189677,0.03999999999999998
1781,3B004C4B80,397-2025-02-07,2025-02-07 15:26:01.234,0.1035182591826659,0.0048296513767052095,0.08699999999999997
1782,3B0049A710,400-2025-02-07,2025-02-07 15:27:14.233,0.1098409808915892,0.0037842648020060287,0.052999999999999936
1783,3B001857EE,401-2025-02-07,2025-02-07 15:28:54.234,0.0995485236920055,0.0046752662571104674,0.07599999999999996
1784,3B0049A710,402-2025-02-07,2025-02-07 15:29:01.233,0.101462635460335,0.004543312519799089,0.07199999999999995
1785,011016B2E1,403-2025-02-07,2025-02-07 15:29:22.236,0.0992696843202265,0.0032994782612711547,0.08900000000000008
1786,011016B2E1,404-2025-02-07,2025-02-07 15:29:25.234,0.0984485607442596,0.014854741418015514,0.06
1787,3B0019B8CC,406-2025-02-07,2025-02-07 15:30:10.235,0.1591989564167166,0.005981630890938878,0.10200000000000004
1788,3B0018C2F6,407-2025-02-07,2025-02-07 15:30:49.232,0.1614984154089513,0.02280080065765167,0.05400000000000005
1789,3B0049A710,408-2025-02-07,2025-02-07 15:31:32.233,0.1007081233291617,0.004531438205274678,0.06299999999999994
1790,3B0018C2F6,409-2025-02-07,2025-02-07 15:31:43.233,0.1571190912084223,0.028141971706661224,0.05099999999999999
1791,3B004C4B80,411-2025-02-07,2025-02-07 15:32:31.233,0.1035182591826659,0.005794722324940476,0.05799999999999983
1792,3B0018C2F6,412-2025-02-07,2025-02-07 15:32:38.232,0.1620425589485088,0.00735312467060063,0.07600000000000051
1793,3B00484043,414-2025-02-07,2025-02-07 15:33:13.232,0.0950568594075755,0.0041094667526114575,0.08400000000000007
1794,3B004C4B80,415-2025-02-07,2025-02-07 15:34:40.232,0.1117537613116015,0.004955371073986677,0.06799999999999984
1795,3B004CD4DE,416-2025-02-07,2025-02-07 15:38:37.230,0.0983468996891526,0.0037949112856022604,0.052999999999999936
1796,01103F97C4,417-2025-02-07,2025-02-07 15:38:48.231,0.1598146914690822,0.02831648063966303,0.07499999999999998
1797,3B0049A710,419-2025-02-07,2025-02-07 15:39:16.231,0.0997488237027234,0.004287552715597599,0.05899999999999994
1798,3B0049A710,425-2025-02-07,2025-02-07 15:45:12.230,0.0964970514819403,0.004613691517863099,0.08800000000000008
1799,3B001870F2,427-2025-02-07,2025-02-07 15:46:59.229,0.0995992533275442,0.0038930617105733677,0.07000000000000006
1800,01103F97C4,430-2025-02-07,2025-02-07 15:47:42.229,0.1598146914690822,0.008898885630683839,0.03499999999999992
1801,3B00182DFC,432-2025-02-07,2025-02-07 15:48:16.230,0.141727543204872,0.0024364043533235025,0.040000000000000036
1802,01103F88A1,434-2025-02-07,2025-02-07 15:48:37.230,0.1089248068395948,0.014391341279845583,0.04899999999999993
1803,011016B2E1,437-2025-02-07,2025-02-07 15:50:45.231,0.0984485607442597,0.004940682088219161,0.08899999999999997
1804,3B001870F2,438-2025-02-07,2025-02-07 15:50:55.230,0.0994723681059039,0.0015920435556258297,0.08700000000000002
1805,3B0018C6F9,439-2025-02-07,2025-02-07 15:51:01.229,0.0986842036561584,0.004411325045436188,0.10200000000000004
1806,011016B2E1,441-2025-02-07,2025-02-07 15:51:54.231,0.0984485607442597,5.363473732648912e-05,0.04600000000000004
1807,3B0018C2F6,443-2025-02-07,2025-02-07 15:52:35.230,0.1571190912084223,0.007248410510003029,0.08800000000000008
1808,3B0049A710,445-2025-02-07,2025-02-07 15:59:30.229,0.1019278404491192,0.014291188765106785,0.05400000000000005
1809,3B0019B8CC,446-2025-02-07,2025-02-07 15:59:37.229,0.159959731469869,0.023454212720400283,0.05899999999999994
1810,3B00182A81,448-2025-02-07,2025-02-07 16:00:19.231,0.0989691687162381,0.011857105183519543,0.05799999999999994
1811,3B00182A81,450-2025-02-07,2025-02-07 16:01:43.231,0.0989691687162381,0.003233418099240821,0.068
1812,3B004C5268,451-2025-02-07,2025-02-07 16:01:59.230,0.0926401262269936,0.012916199510293956,0.061
1813,3B00182DFC,452-2025-02-07,2025-02-07 16:02:02.230,0.1073292215400291,0.01478201038719915,0.04899999999999993
1814,3B004CD4DE,453-2025-02-07,2025-02-07 16:03:17.230,0.1039052092457154,0.013440724524774798,0.08499999999999996
1815,3B00182A81,454-2025-02-07,2025-02-07 16:03:25.231,0.0989691687162381,0.014801595074618288,0.049000000000000044
1816,3B0018C2F6,456-2025-02-07,2025-02-07 16:03:50.230,0.1500981187343072,0.026058775632817357,0.053999999999999826
1817,3B00192E1E,457-2025-02-07,2025-02-07 16:04:27.229,0.099139180027751,0.013469896091144015,0.052000000000000046
1818,3B004ACEEA,458-2025-02-07,2025-02-07 16:04:55.230,0.0928794846423731,0.01496165171398592,0.04700000000000015
1819,3B001816CC,460-2025-02-07,2025-02-07 16:05:18.229,0.0980675475768424,0.011095261074113835,0.05600000000000005
1820,3B001816CC,461-2025-02-07,2025-02-07 16:06:53.229,0.0980675475768424,0.0121345216454715,0.05099999999999999
1821,3B0018C2F6,462-2025-02-07,2025-02-07 16:07:27.229,0.1571190912084223,0.028040821455715154,0.05600000000000005
1822,01103F88A1,463-2025-02-07,2025-02-07 16:07:53.229,0.1629215913617951,0.011109977963923694,0.04700000000000004
1823,3B001816CC,465-2025-02-07,2025-02-07 16:08:24.229,0.0947815923790624,0.012237556572914582,0.052000000000000046
1824,3B0018A99B,466-2025-02-07,2025-02-07 16:08:28.228,0.0964764741878396,0.011458592591599774,0.062000000000000055
1825,3B0018A99B,467-2025-02-07,2025-02-07 16:12:14.229,0.0953204303717614,0.01149608124867223,0.05500000000000016
1826,3B004CD4DE,469-2025-02-07,2025-02-07 16:12:40.228,0.1039052092457154,0.013817568117430979,0.04899999999999999
1827,3B0019B8CC,471-2025-02-07,2025-02-07 16:13:21.228,0.1646003089967578,0.025031904358778743,0.052999999999999936
1828,3B0018C2F6,473-2025-02-07,2025-02-07 16:14:03.229,0.1650791477836219,0.02545512859613102,0.07899999999999996
1829,3B0049A710,475-2025-02-07,2025-02-07 16:14:21.227,0.1005675052295426,0.014469343466613537,0.050000000000000044
1830,3B0018C6F9,1-2025-02-13,2025-02-13 07:40:43.402,0.0986842036561584,0.011494194666968443,0.052999999999999936
1831,3B00199DE5,2-2025-02-13,2025-02-13 07:40:50.402,0.1002564882618714,1.5804902358599673e-05,0.0040000000000000036
1832,3B00484043,3-2025-02-13,2025-02-13 07:42:03.402,0.0874534042580501,0.0047169115989453385,0.08499999999999996
1833,3B00484043,4-2025-02-13,2025-02-13 07:42:23.402,0.0875573350698874,0.01202860525664558,0.051000000000000156
1834,3B00484043,6-2025-02-13,2025-02-13 08:15:38.402,0.0933107542597867,2.0464662220660506e-05,0.02400000000000002
1835,3B00192E1E,8-2025-02-13,2025-02-13 08:23:04.395,0.1013994993325588,0.012521021424343953,0.04699999999999993
1836,3B004CC5C5,13-2025-02-13,2025-02-13 08:28:24.393,0.0865696286282877,0.01249846557830278,0.07200000000000006
1837,01101763D0,14-2025-02-13,2025-02-13 08:29:21.393,0.1474870226993786,0.022383375943690356,0.05900000000000016
1838,3B004CDB63,19-2025-02-13,2025-02-13 08:36:32.390,0.0936794238683758,0.011015993294226192,0.05199999999999999
1839,3B004CDB63,22-2025-02-13,2025-02-13 08:43:19.388,0.0936794238683758,0.01252959982047722,0.04799999999999999
1840,01101763D0,24-2025-02-13,2025-02-13 08:47:44.388,0.1523120264676498,0.02286264664447439,0.05600000000000005
1841,3B004CC5C5,25-2025-02-13,2025-02-13 08:49:15.387,0.0860591878110669,0.011647454039161419,0.04999999999999982
1842,3B00192E1E,27-2025-02-13,2025-02-13 09:03:10.388,0.1013994993325588,0.012724912544434351,0.04600000000000004
1843,3B00192E1E,28-2025-02-13,2025-02-13 09:05:01.389,0.0936545126417016,0.003469786405784436,0.07899999999999996
1844,0700ED9568,31-2025-02-13,2025-02-13 09:08:02.389,0.1578993376626478,0.02323648938139014,0.05700000000000005
1845,0700ED9568,32-2025-02-13,2025-02-13 09:11:57.390,0.1541246342093249,0.02084203834621678,0.06000000000000005
1846,3B00182A81,35-2025-02-13,2025-02-13 09:16:08.387,0.0887646049778323,0.004570428831111913,0.07199999999999995
1847,3B00182A81,36-2025-02-13,2025-02-13 09:17:08.385,0.0925059406750294,0.004696793436481007,0.07999999999999996
1848,3B0019B8CC,37-2025-02-13,2025-02-13 09:23:41.381,0.159959731469869,0.02601026718091061,0.07899999999999996
1849,3B00199DE5,38-2025-02-13,2025-02-13 09:35:59.376,0.0952494764645114,0.0006640770300758668,0.06700000000000006
1850,3B00199DE5,41-2025-02-13,2025-02-13 09:38:06.376,0.094622455375078,0.010628193010455296,0.07900000000000018
1851,3B00199DE5,42-2025-02-13,2025-02-13 09:41:22.376,0.0958076069903739,0.008360980402851425,0.04899999999999993
1852,3B004CDB63,45-2025-02-13,2025-02-13 09:47:52.375,0.0936794238683758,0.011422606656082112,0.061999999999999944
1853,3B00182A81,49-2025-02-13,2025-02-13 10:00:07.375,0.0989691687162381,0.0029079626767658127,0.087
1854,01101763D0,50-2025-02-13,2025-02-13 10:01:41.378,0.1474870226993786,0.023970301825608588,0.05900000000000005
1855,3B00182A81,51-2025-02-13,2025-02-13 10:02:19.377,0.0933211645868356,0.004104783362220544,0.06300000000000017
1856,3B004CC5C5,52-2025-02-13,2025-02-13 10:07:18.376,0.0889210259775478,0.011856261976880413,0.052000000000000046
1857,3B004CC5C5,54-2025-02-13,2025-02-13 10:07:56.378,0.0886148709487575,0.01170141293527593,0.05300000000000005
1858,3B001857EE,55-2025-02-13,2025-02-13 10:14:32.376,0.0947275228243022,0.005357258465014495,0.040000000000000036
1859,3B0018C2F6,56-2025-02-13,2025-02-13 10:15:21.375,0.1571190912084223,0.02452837911685026,0.052000000000000046
1860,3B001857EE,57-2025-02-13,2025-02-13 10:15:50.373,0.10256506244428,0.012236113688338678,0.05100000000000002
1861,3B001857EE,58-2025-02-13,2025-02-13 10:16:38.374,0.10256506244428,0.005489303045473995,0.04300000000000004
1862,3B004ACEEA,59-2025-02-13,2025-02-13 10:17:50.372,0.0928794846423731,0.014838995225659884,0.052000000000000046
1863,3B004ACEEA,60-2025-02-13,2025-02-13 10:22:21.371,0.0928794846423731,0.012473368222217306,0.04800000000000004
1864,3B001857EE,61-2025-02-13,2025-02-13 10:25:33.368,0.10256506244428,0.004585765519255113,0.040000000000000036
1865,3B001857EE,63-2025-02-13,2025-02-13 10:26:08.368,0.10256506244428,0.0059809196163044896,0.04200000000000004
1866,3B001857EE,64-2025-02-13,2025-02-13 10:28:01.368,0.10256506244428,0.005700331543251286,0.04300000000000004
1867,3B004CDB63,65-2025-02-13,2025-02-13 10:28:12.368,0.0936794238683758,0.013694517216104363,0.04899999999999999
1868,0700ED9568,66-2025-02-13,2025-02-13 10:29:11.367,0.1578993376626478,0.021843504554813226,0.06099999999999994
1869,3B004ACEEA,67-2025-02-13,2025-02-13 10:29:25.366,0.0928794846423731,0.013465555902763566,0.04799999999999999
1870,3B00484043,68-2025-02-13,2025-02-13 10:30:54.366,0.0933107542597867,0.00325958246034938,0.057999999999999996
1871,0700ED9568,70-2025-02-13,2025-02-13 10:32:26.364,0.1516629676345342,0.02584595886602645,0.05400000000000027
1872,3B004ACEEA,72-2025-02-13,2025-02-13 10:35:25.364,0.0928794846423731,0.030434946337319337,0.08200000000000002
1873,3B001857EE,74-2025-02-13,2025-02-13 10:36:35.364,0.10256506244428,0.005883532550569919,0.04299999999999998
1874,3B001857EE,79-2025-02-13,2025-02-13 10:38:01.364,0.10256506244428,0.012249442219162453,0.057999999999999996
1875,3B0019248A,80-2025-02-13,2025-02-13 10:42:38.362,0.1054396401184419,0.006634609912339071,0.03799999999999998
1876,3B0019248A,82-2025-02-13,2025-02-13 10:52:02.361,0.1054396401184419,0.0056094369267012025,0.04300000000000015
1877,3B0018F763,84-2025-02-13,2025-02-13 10:53:53.364,0.1047494367619683,0.006952803968417339,0.04099999999999998
1878,3B004CD4DE,85-2025-02-13,2025-02-13 10:53:58.361,0.0958080043516458,0.015023629682855234,0.05499999999999994
1879,3B0018F763,86-2025-02-13,2025-02-13 11:02:12.363,0.1047494367619683,0.01336925155908548,0.05199999999999999
1880,3B004ACEEA,87-2025-02-13,2025-02-13 11:11:11.364,0.0923733141197575,0.011264105434305177,0.07400000000000029
1881,3B004CD4DE,88-2025-02-13,2025-02-13 11:19:19.363,0.1039052092457154,0.014480461720961142,0.04700000000000004
1882,3B004CDB63,93-2025-02-13,2025-02-13 11:56:07.365,0.0936794238683758,0.012555836211485115,0.04700000000000004
1883,3B004CDB63,94-2025-02-13,2025-02-13 11:58:43.366,0.0936794238683758,0.01366403791433865,0.04299999999999998
1884,3B004CC5C5,95-2025-02-13,2025-02-13 11:59:09.366,0.0897776523171274,0.013992624964627887,0.052999999999999936
1885,3B004CDB63,97-2025-02-13,2025-02-13 12:01:02.366,0.0936794238683758,0.013841122206580729,0.05199999999999999
1886,3B004CC5C5,98-2025-02-13,2025-02-13 12:02:35.366,0.0900304896716074,0.011040093543759675,0.04999999999999982
1887,3B001857EE,99-2025-02-13,2025-02-13 12:17:24.367,0.10256506244428,0.004753772603997748,0.04899999999999993
1888,3B001857EE,101-2025-02-13,2025-02-13 12:44:06.364,0.10256506244428,0.005111733289071568,0.044999999999999984
1889,3B001857EE,103-2025-02-13,2025-02-13 12:51:50.363,0.0828725627524795,0.007694620365724062,0.04599999999999982
1890,3B00484043,2-2025-02-17,2025-02-17 07:04:02.223,0.0933107542597867,0.0031425300543661315,0.07299999999999995
1891,3B00199DE5,3-2025-02-17,2025-02-17 07:05:17.225,0.1002564882618714,0.013417231959726002,0.04799999999999999
1892,3B00199DE5,4-2025-02-17,2025-02-17 07:13:56.221,0.1002564882618714,0.012707651539814506,0.049000000000000044
1893,3B0019B8CC,5-2025-02-17,2025-02-17 07:18:41.217,0.159959731469869,9.009792206935899e-05,0.009000000000000008
1894,3B00484043,6-2025-02-17,2025-02-17 07:44:04.205,0.0933107542597868,0.00266882208637431,0.05399999999999999
1895,0700ED9568,8-2025-02-17,2025-02-17 07:46:11.204,0.1578993376626477,0.024626468005771385,0.06700000000000006
1896,01101763D0,9-2025-02-17,2025-02-17 07:47:24.204,0.1474870226993786,0.0060235546090218585,0.04800000000000004
1897,3B00484043,12-2025-02-17,2025-02-17 07:48:11.204,0.0894240509775682,0.009676691404478556,0.05400000000000005
1898,0700ED9568,13-2025-02-17,2025-02-17 07:49:23.202,0.1587796972912849,0.02292891919205073,0.05999999999999983
1899,3B00192E1E,14-2025-02-17,2025-02-17 07:49:37.203,0.1013994993325588,0.0035449642799576606,0.06
1900,3B00484043,16-2025-02-17,2025-02-17 07:50:09.204,0.0933107542597867,0.0004876722422984673,0.02900000000000036
1901,3B00192E1E,17-2025-02-17,2025-02-17 07:50:42.204,0.1013994993325588,0.003757607112313859,0.03299999999999992
1902,3B00192E1E,18-2025-02-17,2025-02-17 07:51:20.204,0.1013994993325588,0.00394904584114115,0.05099999999999999
1903,3B0019B8CC,19-2025-02-17,2025-02-17 08:16:44.198,0.159959731469869,0.009777176180063182,0.04200000000000004
1904,3B0019B8CC,20-2025-02-17,2025-02-17 08:17:32.197,0.159959731469869,0.009617233965046,0.04200000000000004
1905,3B00192E1E,22-2025-02-17,2025-02-17 08:18:43.195,0.0931482238701852,0.003940836348139156,0.07200000000000001
1906,01103F9664,30-2025-02-17,2025-02-17 08:23:23.192,0.1595822489996171,0.02180182610472356,0.06700000000000006
1907,3B00484043,32-2025-02-17,2025-02-17 08:28:55.189,0.0900074823235066,0.00383590551427741,0.07299999999999995
1908,3B00484043,33-2025-02-17,2025-02-17 08:35:18.184,0.0933107542597867,2.1188640235826768e-05,0.006999999999999673
1909,3B0018A99B,35-2025-02-17,2025-02-17 08:36:48.183,0.0953464577083411,0.004149878725896356,0.03399999999999981
1910,3B00484043,36-2025-02-17,2025-02-17 08:37:05.183,0.0925881750095077,0.004275551982914657,0.06399999999999983
1911,3B0018A99B,37-2025-02-17,2025-02-17 08:37:49.184,0.0953464577083411,0.0002343544780200999,0.013000000000000012
1912,3B00192E1E,40-2025-02-17,2025-02-17 08:58:48.179,0.0938157098859178,0.0048778270252856784,0.059
1913,3B00192E1E,41-2025-02-17,2025-02-17 08:59:38.180,0.0936197375685268,0.004295408157526382,0.06999999999999984
1914,3B0018A99B,43-2025-02-17,2025-02-17 09:02:58.180,0.0953464577083411,0.0037950512466164463,0.030000000000000027
1915,3B0018F763,46-2025-02-17,2025-02-17 09:10:52.181,0.1047494367619683,0.006354870732416863,0.03699999999999992
1916,3B0018F763,49-2025-02-17,2025-02-17 09:16:25.175,0.1047494367619683,0.005874403091949085,0.039000000000000146
1917,3B0018F763,50-2025-02-17,2025-02-17 09:17:33.175,0.1047494367619683,0.00565576566199611,0.041999999999999926
1918,3B0018F763,51-2025-02-17,2025-02-17 09:18:46.172,0.1000684828103129,0.005781683024545839,0.039000000000000146
1919,3B00199DE5,52-2025-02-17,2025-02-17 09:26:13.166,0.0936558224285204,0.001962140967540459,0.10699999999999998
1920,3B004CDB63,53-2025-02-17,2025-02-17 09:26:22.166,0.0930489196361385,0.011574799031827222,0.04999999999999982
1921,3B004CDB63,54-2025-02-17,2025-02-17 09:26:52.166,0.0936794238683758,0.012270850427852543,0.05199999999999996
1922,3B004CDB63,55-2025-02-17,2025-02-17 09:27:38.167,0.0936794238683758,0.01221642042980103,0.051000000000000045
1923,3B004CDB63,56-2025-02-17,2025-02-17 09:28:48.166,0.0936794238683758,0.012732059394815302,0.05999999999999994
1924,3B004CDB63,57-2025-02-17,2025-02-17 09:31:12.162,0.0936794238683758,0.011967576665604948,0.06099999999999994
1925,3B00484043,58-2025-02-17,2025-02-17 09:32:09.162,0.0919456735931805,0.004363025956793605,0.06300000000000017
1926,3B00484043,60-2025-02-17,2025-02-17 09:35:31.162,0.0933107542597867,-0.0006177050604783946,0.03400000000000003
1927,3B004CDB63,62-2025-02-17,2025-02-17 09:38:09.161,0.0940556021562451,0.011852570354908236,0.05899999999999994
1928,3B00192E1E,64-2025-02-17,2025-02-17 09:47:57.159,0.0968752016499153,0.002590888539281446,0.10399999999999998
1929,3B004CDB63,65-2025-02-17,2025-02-17 09:48:16.159,0.095335435139267,0.011409290597633574,0.04800000000000004
1930,3B00192E1E,67-2025-02-17,2025-02-17 09:49:22.159,0.0969990055914429,0.004168268238296523,0.05899999999999994
1931,3B004CDB63,68-2025-02-17,2025-02-17 09:50:26.158,0.0967816209902157,0.011787684190636864,0.04700000000000015
1932,3B004CDB63,70-2025-02-17,2025-02-17 09:52:17.159,0.097471153383447,0.004069312171781697,0.07100000000000006
1933,01103F9664,71-2025-02-17,2025-02-17 10:02:22.157,0.1623377681873282,0.02447293280448658,0.05899999999999994
1934,01103F9664,72-2025-02-17,2025-02-17 10:06:05.159,0.1651374457843238,0.021037409774830235,0.08000000000000007
1935,3B00484043,73-2025-02-17,2025-02-17 10:13:04.157,0.0922971752261462,0.00479185645319049,0.07599999999999996
1936,3B00484043,74-2025-02-17,2025-02-17 10:13:13.156,0.0929993427370724,0.011496916079226037,0.052999999999999936
1937,01103F9664,75-2025-02-17,2025-02-17 10:25:32.145,0.1538376330088987,0.024113200028316815,0.06200000000000028
1938,3B0018A99B,76-2025-02-17,2025-02-17 10:26:17.145,0.0902196042769123,0.010226146133027426,0.06099999999999994
1939,3B004CD4DE,81-2025-02-17,2025-02-17 11:03:06.138,0.1039052092457154,0.00865353702634182,0.07399999999999995
1940,01103F9664,84-2025-02-17,2025-02-17 11:16:28.136,0.1874441745791443,0.00019811653597986176,0.010000000000000009
1941,01103F9664,86-2025-02-17,2025-02-17 11:53:12.138,0.1602047268770621,0.025043711671458472,0.06099999999999994
1942,01103F9664,89-2025-02-17,2025-02-17 14:12:31.134,0.1611307223273666,0.02400685586681023,0.06099999999999994
1943,3B0019B8CC,90-2025-02-17,2025-02-17 14:28:42.128,0.159959731469869,0.028224652026954553,0.050999999999999934
1944,01103F9664,92-2025-02-17,2025-02-17 15:10:28.129,0.1874441745791443,1.3789339513480575e-05,0.004999999999999893
1945,01103F9664,93-2025-02-17,2025-02-17 15:11:49.128,0.1874441745791443,0.001125743019997738,0.02300000000000013
1946,3B00182A81,98-2025-02-17,2025-02-17 15:37:55.124,0.0989691687162381,0.00631468145598658,0.04399999999999982
1947,3B0019F652,103-2025-02-17,2025-02-17 15:42:29.123,0.0900970895924531,0.009383794794159208,0.07199999999999984
1948,01103F9664,108-2025-02-17,2025-02-17 16:03:00.122,0.1654303145778039,0.02425958953963877,0.05400000000000027
1949,3B00182A81,111-2025-02-17,2025-02-17 16:51:24.117,0.0989691687162381,0.011383545867224166,0.07700000000000001
1950,3B00182A81,112-2025-02-17,2025-02-17 16:51:44.117,0.0989691687162381,0.01252804733678521,0.06799999999999995
1951,3B00182A81,113-2025-02-17,2025-02-17 16:54:04.116,0.0989691687162381,0.013745875177767436,0.07499999999999996
1952,3B00199DE5,1-2025-02-20,2025-02-20 07:11:53.943,0.09402881746467,0.014446579474455715,0.06700000000000017
1953,3B0018C6F9,6-2025-02-20,2025-02-20 07:20:50.941,0.0986842036561584,0.012285402865842192,0.057999999999999996
1954,3B0018C6F9,7-2025-02-20,2025-02-20 07:21:12.941,0.091672750383348,0.005774092865518064,0.040000000000000036
1955,3B00484043,8-2025-02-20,2025-02-20 07:55:16.938,0.0981843153500809,5.077891889257587e-05,0.05799999999999994
1956,3B00484043,9-2025-02-20,2025-02-20 07:56:24.938,0.0933107542597867,8.180484975185699e-06,0.0030000000000001137
1957,3B00484043,10-2025-02-20,2025-02-20 07:58:09.938,0.0905311469799685,0.011586372635024326,0.04999999999999982
1958,3B00199DE5,11-2025-02-20,2025-02-20 08:12:03.940,0.1002564882618714,0.014850216197902963,0.04700000000000004
1959,3B004CDB63,12-2025-02-20,2025-02-20 08:24:27.936,0.0936794238683758,0.011781348229814755,0.04500000000000015
1960,3B0018A99B,14-2025-02-20,2025-02-20 08:43:29.936,0.0869600340155533,0.004940329494356407,0.037000000000000144
1961,3B0018A99B,16-2025-02-20,2025-02-20 08:45:18.934,0.0953464577083411,0.004803499453551594,0.03799999999999981
1962,3B00484043,17-2025-02-20,2025-02-20 08:47:04.935,0.0897915679644925,0.010447735257903192,0.052000000000000046
1963,3B00484043,19-2025-02-20,2025-02-20 08:51:18.934,0.0933107542597867,-0.000356011986058115,0.030999999999999917
1964,3B004CDB63,22-2025-02-20,2025-02-20 08:56:48.935,0.0909072435071149,0.011446739677775637,0.04500000000000004
1965,3B00484043,23-2025-02-20,2025-02-20 08:57:08.934,0.0933107542597867,4.2112226867828396e-05,0.008999999999999897
1966,3B00484043,24-2025-02-20,2025-02-20 08:59:39.935,0.0933107542597867,0.0016366126340970075,0.064
1967,3B004CDB63,25-2025-02-20,2025-02-20 09:07:18.934,0.0936794238683758,0.011211661840145366,0.04499999999999993
1968,3B004AB6A7,26-2025-02-20,2025-02-20 09:07:56.934,0.0978316981879342,0.012339982459253216,0.052000000000000046
1969,3B00484043,28-2025-02-20,2025-02-20 09:26:53.931,0.0933107542597867,0.0001213149657450074,0.01100000000000001
1970,3B004CDB63,29-2025-02-20,2025-02-20 09:27:08.932,0.0936794238683758,0.011624278823839661,0.04799999999999999
1971,3B00484043,30-2025-02-20,2025-02-20 09:28:17.931,0.0921852408365736,0.012540807319870104,0.05400000000000005
1972,3B00484043,32-2025-02-20,2025-02-20 09:29:51.931,0.0933107542597867,0.0030687948288799912,0.07300000000000001
1973,3B0018A99B,34-2025-02-20,2025-02-20 09:31:29.932,0.0953464577083411,0.002393959821130169,0.02400000000000002
1974,3B0018F763,37-2025-02-20,2025-02-20 09:49:58.931,0.1047494367619683,0.010148837657846726,0.04600000000000004
1975,3B0018F763,38-2025-02-20,2025-02-20 09:50:31.930,0.1047494367619683,0.012153838127797977,0.07200000000000006
1976,3B0018F763,39-2025-02-20,2025-02-20 09:51:46.930,0.1047494367619683,0.00645948695389129,0.04100000000000015
1977,3B004AB6A7,41-2025-02-20,2025-02-20 09:53:24.931,0.1025863851846928,0.012162744097809578,0.04200000000000004
1978,3B004AB6A7,42-2025-02-20,2025-02-20 09:55:22.930,0.0990578084115781,0.014907083807879222,0.051000000000000156
1979,3B004CA42C,43-2025-02-20,2025-02-20 09:55:27.930,0.1050965973476148,0.013749560585584235,0.052999999999999936
1980,3B0018F763,44-2025-02-20,2025-02-20 09:55:41.931,0.1047494367619683,0.007412977257256908,0.04300000000000004
1981,3B0018A99B,48-2025-02-20,2025-02-20 10:26:57.930,0.0953464577083411,0.004679098642678635,0.03700000000000003
1982,3B0018A99B,50-2025-02-20,2025-02-20 10:33:30.929,0.0953464577083411,0.004435706498036359,0.03799999999999981
1983,3B00484043,51-2025-02-20,2025-02-20 10:34:22.929,0.0938117925268735,0.012079851495044463,0.04999999999999982
1984,3B0018A99B,52-2025-02-20,2025-02-20 10:35:25.930,0.0913835813341986,0.010483189086377952,0.04800000000000004
1985,3B00484043,53-2025-02-20,2025-02-20 10:36:29.929,0.095805456596881,0.012800530682609309,0.052999999999999936
1986,3B004CA42C,54-2025-02-20,2025-02-20 10:45:23.930,0.0994871287948247,0.014080984576060425,0.05600000000000005
1987,01103F97C4,55-2025-02-20,2025-02-20 10:46:35.929,0.1503381300530085,0.02527673414910811,0.07399999999999984
1988,3B00484043,56-2025-02-20,2025-02-20 10:48:26.931,0.0933107542597867,-0.00039815513108294243,0.04400000000000004
1989,3B004CA42C,57-2025-02-20,2025-02-20 10:48:55.928,0.1050965973476148,0.013851661375898175,0.05300000000000016
1990,3B004CA42C,58-2025-02-20,2025-02-20 10:51:48.930,0.1033304071452736,0.014467693244641942,0.05700000000000016
1991,3B0018A99B,63-2025-02-20,2025-02-20 11:09:34.931,0.0953464577083411,0.005124738570102641,0.04200000000000004
1992,3B004CA42C,64-2025-02-20,2025-02-20 11:11:58.931,0.1050965973476147,0.0146880442720378,0.04999999999999993
1993,3B00484043,65-2025-02-20,2025-02-20 11:20:01.930,0.0938248143184643,0.012818481742140661,0.05300000000000038
1994,3B0018A99B,66-2025-02-20,2025-02-20 11:21:13.930,0.0953464577083411,0.01027171592427588,0.052000000000000046
1995,3B00484043,67-2025-02-20,2025-02-20 11:21:32.929,0.0950524318760224,0.012033644518888708,0.052999999999999936
1996,3B004CA42C,68-2025-02-20,2025-02-20 11:22:40.929,0.1052829995759653,0.01318162794555726,0.051999999999999824
1997,3B004CA42C,72-2025-02-20,2025-02-20 11:25:01.930,0.1050965973476147,0.014653897228658603,0.052999999999999936
1998,3B0018A99B,73-2025-02-20,2025-02-20 11:26:17.928,0.0923253954854259,0.004748171037103665,0.03599999999999959
1999,3B004AB6A7,77-2025-02-20,2025-02-20 11:47:59.928,0.1025863851846928,0.013022207263289188,0.04299999999999993
2000,3B004CA42C,78-2025-02-20,2025-02-20 11:48:36.929,0.1050965973476147,0.013981280679997347,0.05699999999999994
2001,3B00484043,79-2025-02-20,2025-02-20 11:54:51.930,0.0933107542597867,0.0012337044743938605,0.02400000000000002
2002,3B00484043,80-2025-02-20,2025-02-20 11:57:37.930,0.0933107542597867,-0.0003257433217053434,0.04300000000000015
2003,3B004CA42C,81-2025-02-20,2025-02-20 12:10:24.930,0.1050965973476148,0.014154552293420313,0.053999999999999826
2004,3B004CA42C,82-2025-02-20,2025-02-20 12:21:07.929,0.1050965973476148,0.015342019794053433,0.05499999999999999
2005,3B0018A99B,83-2025-02-20,2025-02-20 12:22:29.930,0.0930532966916632,0.010490933522106796,0.06999999999999984
2006,3B004CA42C,85-2025-02-20,2025-02-20 12:25:54.929,0.1050965973476148,0.015073502248274626,0.04999999999999982
2007,3B004CA42C,87-2025-02-20,2025-02-20 12:44:18.929,0.1050965973476148,0.014556158786241424,0.05600000000000005
2008,3B00484043,88-2025-02-20,2025-02-20 12:45:16.929,0.095393295905724,0.013619470815401944,0.050000000000000044
2009,3B00484043,89-2025-02-20,2025-02-20 12:47:09.929,0.0949824606942119,0.01283882838088056,0.05900000000000016
2010,3B00484043,92-2025-02-20,2025-02-20 12:54:00.929,0.0950110636337323,0.012552185423146813,0.05400000000000005
2011,3B0018A99B,94-2025-02-20,2025-02-20 12:55:40.929,0.0953464577083411,0.003866599373973892,0.038000000000000034
2012,3B0018A99B,95-2025-02-20,2025-02-20 12:57:16.929,0.0953464577083411,0.0045371543158623006,0.03699999999999992
2013,3B004CA42C,97-2025-02-20,2025-02-20 13:43:13.933,0.1050965973476148,0.015126685180307535,0.05099999999999999
2014,3B00484043,98-2025-02-20,2025-02-20 13:48:53.933,0.0849299272322225,0.012733999955593869,0.052999999999999936
2015,3B004CA42C,100-2025-02-20,2025-02-20 14:06:23.938,0.1042199049109614,0.015150621496487174,0.05500000000000005
2016,3B004CA42C,102-2025-02-20,2025-02-20 14:07:58.938,0.1050965973476148,0.01397674042565011,0.06099999999999994
2017,3B0018C2F6,104-2025-02-20,2025-02-20 14:25:37.937,0.1440568605587275,0.026133604297709726,0.062000000000000055
2018,3B00484043,105-2025-02-20,2025-02-20 14:25:57.936,0.0956784993913067,0.012383447656037768,0.051000000000000156
2019,3B00192E1E,107-2025-02-20,2025-02-20 14:31:47.937,0.1013994993325588,0.004788535981656598,0.04300000000000004
2020,3B004AB6A7,108-2025-02-20,2025-02-20 14:32:21.936,0.1025863851846929,0.01401909574512905,0.04700000000000004
2021,3B0018C2F6,110-2025-02-20,2025-02-20 14:34:02.936,0.1571190912084223,0.02378033373682818,0.07800000000000007
2022,3B004AB6A7,111-2025-02-20,2025-02-20 14:40:22.936,0.1073037683181925,0.01656630792052882,0.04800000000000004
2023,3B0018C2F6,113-2025-02-20,2025-02-20 14:54:51.935,0.1571190912084223,0.02365701159470573,0.05399999999999999
2024,3B004CA42C,115-2025-02-20,2025-02-20 14:56:36.937,0.1050965973476148,0.012418559825801246,0.05499999999999994
2025,3B0018C2F6,116-2025-02-20,2025-02-20 14:56:39.936,0.1571190912084223,0.025917389267890997,0.05299999999999999
2026,3B00484043,117-2025-02-20,2025-02-20 15:05:42.934,0.0966376200410041,0.0036660411226894962,0.07299999999999995
2027,3B0018C2F6,120-2025-02-20,2025-02-20 15:16:39.935,0.1454858540494198,0.025027209010634235,0.07699999999999996
2028,3B00192E1E,121-2025-02-20,2025-02-20 15:17:24.935,0.0967938598391221,0.004786817536459586,0.04599999999999982
2029,3B0018C2F6,123-2025-02-20,2025-02-20 15:24:33.936,0.1533584580531357,0.025872572438047223,0.04800000000000004
2030,3B004CA42C,126-2025-02-20,2025-02-20 15:36:12.934,0.1078118255418918,0.013399030794814765,0.07299999999999995
2031,3B0018C2F6,127-2025-02-20,2025-02-20 15:36:15.933,0.1571190912084223,0.023116048391335305,0.07599999999999998
2032,3B004AB6A7,129-2025-02-20,2025-02-20 15:56:53.934,0.1025863851846929,0.015372850169452605,0.07900000000000007
2033,3B0018C2F6,130-2025-02-20,2025-02-20 15:57:17.934,0.1495466800217485,0.02581844199489494,0.05499999999999994
2034,3B00192E1E,131-2025-02-20,2025-02-20 15:58:01.935,0.1013994993325588,0.013433003048585471,0.05400000000000005
2035,3B004CA42C,134-2025-02-20,2025-02-20 16:45:22.941,0.1006368556754845,0.014409215515352748,0.08800000000000002
2036,3B0018C2F6,138-2025-02-20,2025-02-20 16:50:15.943,0.1571190912084223,0.02403677483250804,0.04800000000000004
