,id,event2,datetime,bodyweight,impulse,duration
0,3B00185E23,1-2024-12-11,2024-12-11 07:59:37.234,0.1032697062361606,0.013008502074860493,0.052999999999999936
1,3B0018C6F9,2-2024-12-11,2024-12-11 08:00:49.235,0.098122407562645,0.012753480333355046,0.07500000000000001
2,3B00199DE5,3-2024-12-11,2024-12-11 08:03:18.234,0.0962241320632675,0.014658514004137271,0.04999999999999982
3,3B00185CB8,8-2024-12-11,2024-12-11 08:07:13.231,0.0953970648449805,2.436206060440385e-05,0.006000000000000005
4,3B00185CB8,10-2024-12-11,2024-12-11 08:09:28.232,0.0923368646696707,0.004308536231778676,0.030000000000000027
5,3B00190DF0,11-2024-12-11,2024-12-11 08:09:47.231,0.1858377627654824,0.02280896085792653,0.06800000000000006
6,3B00190DF0,12-2024-12-11,2024-12-11 08:11:09.231,0.1858377627654824,0.022590365265418168,0.05600000000000005
7,01103F9A64,14-2024-12-11,2024-12-11 08:12:23.232,0.1682502769607177,0.024811899580771655,0.06000000000000005
8,3B00185CB8,15-2024-12-11,2024-12-11 08:12:43.232,0.0953970648449805,0.003503837800530388,0.03400000000000003
9,01103F9A64,16-2024-12-11,2024-12-11 08:13:51.230,0.1732299292332734,0.02649049708959985,0.07099999999999973
10,01103FA4B2,17-2024-12-11,2024-12-11 08:14:00.229,0.0968827646702097,0.011443587043782314,0.06499999999999995
11,3B00192E1E,20-2024-12-11,2024-12-11 08:16:00.231,0.1005858192823128,0.010870952643398614,0.04799999999999999
12,01103F9A64,21-2024-12-11,2024-12-11 08:18:16.229,0.17343810965076,0.027605590594156314,0.05600000000000005
13,3B00182A81,22-2024-12-11,2024-12-11 08:19:17.231,0.0991547467342567,0.013258371988893397,0.050000000000000044
14,3B00192E1E,23-2024-12-11,2024-12-11 08:21:52.229,0.0938462928769488,0.011745910066313339,0.052000000000000046
15,3B00199DE5,24-2024-12-11,2024-12-11 08:22:00.229,0.1123533740676661,0.012512778342144645,0.08200000000000002
16,3B00182A81,25-2024-12-11,2024-12-11 08:28:26.230,0.0991547467342567,0.012893145635491732,0.07699999999999996
17,3B00182A81,26-2024-12-11,2024-12-11 08:30:15.229,0.0929029913190344,0.00293440591170541,0.038000000000000256
18,01103F9A64,28-2024-12-11,2024-12-11 08:37:34.233,0.1734381096507601,0.026349769343578928,0.051000000000000156
19,3B0019B8CC,29-2024-12-11,2024-12-11 08:37:45.230,0.1538416953491121,0.020494439120247218,0.05699999999999994
20,3B0018C2F6,30-2024-12-11,2024-12-11 08:38:40.229,0.1485148966946711,0.023268722008331404,0.05899999999999994
21,01103F9A64,31-2024-12-11,2024-12-11 08:40:31.230,0.1739068125158319,0.02805397220833188,0.05499999999999994
22,01103F9A64,32-2024-12-11,2024-12-11 08:41:28.229,0.17343810965076,0.02762119598160211,0.05300000000000016
23,01103F97C4,34-2024-12-11,2024-12-11 08:58:00.219,0.1501898370093083,0.016528341426867973,0.06700000000000017
24,01103F97C4,35-2024-12-11,2024-12-11 10:21:09.837,0.1618435114270358,0.014133402510158608,0.03699999999999992
25,01103F97C4,37-2024-12-11,2024-12-11 10:23:31.836,0.1576122741640823,0.019303099314866273,0.062000000000000055
26,01103F97C4,39-2024-12-11,2024-12-11 10:25:36.837,0.15501903078117,0.01835721007460693,0.06199999999999983
27,01103F97C4,41-2024-12-11,2024-12-11 10:27:11.837,0.1581089919097933,0.020740496806243878,0.06299999999999972
28,3B0018C6F9,42-2024-12-11,2024-12-11 10:27:33.839,0.093805783853227,0.011649634202634505,0.049000000000000044
29,01103FA4B2,43-2024-12-11,2024-12-11 10:27:52.838,0.0978635077665096,0.010982100119337385,0.07200000000000006
30,3B0018A99B,45-2024-12-11,2024-12-11 10:28:09.836,0.0951097925836406,0.010270576946312355,0.052000000000000046
31,01103FA4B2,46-2024-12-11,2024-12-11 10:28:50.837,0.1070560818927257,0.01070789674650626,0.056999999999999995
32,3B0018A99B,48-2024-12-11,2024-12-11 10:29:15.839,0.0951097925836406,0.0129494659223832,0.07800000000000007
33,3B004C5268,50-2024-12-11,2024-12-11 10:29:39.837,0.0869926524590599,0.010173651946513977,0.05900000000000016
34,3B0018C6F9,53-2024-12-11,2024-12-11 10:30:18.837,0.0978337541442573,0.01073923550379576,0.05300000000000016
35,01103F97C4,54-2024-12-11,2024-12-11 10:31:52.837,0.1618435114270358,0.020831434004721656,0.07499999999999996
36,01103FA4B2,55-2024-12-11,2024-12-11 10:32:01.837,0.1070560818927257,0.012308144858254372,0.056999999999999995
37,3B0018C2F6,56-2024-12-11,2024-12-11 10:32:07.836,0.1576520521087552,0.025031839953969338,0.05400000000000005
38,01103FA4B2,57-2024-12-11,2024-12-11 10:32:51.836,0.1070560818927257,0.01424129165819826,0.051000000000000156
39,3B0018A99B,58-2024-12-11,2024-12-11 10:33:13.837,0.0951097925836406,0.002376338676235258,0.03500000000000003
40,3B0019B8CC,60-2024-12-11,2024-12-11 10:44:50.832,0.1538416953491121,0.021962700004007848,0.061000000000000165
41,3B0018C2F6,62-2024-12-11,2024-12-11 10:54:39.826,0.1424231511653939,0.024171846662576636,0.05699999999999994
42,3B00182A81,64-2024-12-11,2024-12-11 11:00:44.826,0.0991547467342567,0.011740641203934211,0.06399999999999995
43,01103FA4B2,65-2024-12-11,2024-12-11 11:02:24.823,0.0996264530551467,0.014060221208986267,0.05500000000000016
44,3B0018A99B,66-2024-12-11,2024-12-11 11:02:26.822,0.0951097925836406,0.001157332643755905,0.07300000000000001
45,01103FA4B2,67-2024-12-11,2024-12-11 11:03:16.823,0.1070560818927257,0.01122611867667927,0.06899999999999995
46,01103F97C4,73-2024-12-11,2024-12-11 11:04:45.821,0.1618435114270357,0.02058471020681083,0.06900000000000017
47,01103F97C4,75-2024-12-11,2024-12-11 11:05:43.822,0.1655765127639601,0.01581431537571303,0.07500000000000018
48,01103F97C4,77-2024-12-11,2024-12-11 11:06:33.820,0.1652516503067811,0.01893326265937203,0.0600000000000005
49,3B004CD4DE,81-2024-12-11,2024-12-11 11:21:03.819,0.0994476367912997,0.011963498861157097,0.050000000000000044
50,3B004CD4DE,84-2024-12-11,2024-12-11 11:22:48.819,0.0994476367912997,0.012403190739497513,0.05900000000000005
51,3B00192E1E,88-2024-12-11,2024-12-11 11:37:38.820,0.1005858192823128,0.013060388051484828,0.06400000000000006
52,01103F97C4,89-2024-12-11,2024-12-11 11:38:32.820,0.1615459787519868,0.019389487473130636,0.07200000000000006
53,01103F97C4,93-2024-12-11,2024-12-11 11:42:07.817,0.1642297648399019,0.0013873361327405467,0.03000000000000025
54,01103F97C4,95-2024-12-11,2024-12-11 11:43:13.817,0.1615317162659896,0.01853181583943798,0.057000000000000384
55,3B00192E1E,96-2024-12-11,2024-12-11 11:43:55.818,0.1005858192823128,0.011289226036405258,0.05899999999999994
56,01103FA4B2,98-2024-12-11,2024-12-11 11:58:36.812,0.0987688529936521,0.013777830793875913,0.08400000000000007
57,01103F9A64,99-2024-12-11,2024-12-11 11:58:44.810,0.17343810965076,0.026536580776963612,0.06299999999999972
58,3B0018A99B,100-2024-12-11,2024-12-11 11:59:22.813,0.0951097925836406,0.0010682602412970413,0.020999999999999963
59,01103FA4B2,101-2024-12-11,2024-12-11 12:00:22.810,0.0990317123021343,0.010469206728992105,0.07799999999999985
60,3B0018C6F9,103-2024-12-11,2024-12-11 12:00:54.811,0.098122407562645,0.013564005079298471,0.07000000000000006
61,01103FA4B2,104-2024-12-11,2024-12-11 12:01:04.811,0.1001558406552321,0.015350242123086525,0.04899999999999993
62,01103F9A64,105-2024-12-11,2024-12-11 12:01:11.811,0.1797481985492579,0.026274689243159333,0.050000000000000266
63,3B00190DF0,106-2024-12-11,2024-12-11 12:02:48.810,0.1858377627654824,0.02327276357580809,0.07099999999999995
64,3B0018A99B,108-2024-12-11,2024-12-11 12:04:09.810,0.0951097925836406,0.011126492780425082,0.07499999999999996
65,01103F9A64,110-2024-12-11,2024-12-11 12:06:00.810,0.17343810965076,0.032606957311236244,0.06500000000000006
66,01103F9A64,111-2024-12-11,2024-12-11 12:06:39.810,0.17343810965076,0.026994018088600868,0.054999999999999716
67,01103FA4B2,112-2024-12-11,2024-12-11 12:06:48.810,0.1070560818927257,0.011487746178247703,0.06300000000000006
68,3B0019B8CC,113-2024-12-11,2024-12-11 12:06:52.810,0.1538416953491121,0.025631814629545977,0.052000000000000046
69,3B00190DF0,115-2024-12-11,2024-12-11 12:07:05.809,0.1858377627654824,0.026823039649260177,0.06300000000000017
70,01103F9A64,116-2024-12-11,2024-12-11 12:07:34.810,0.17343810965076,0.03268552680553837,0.06099999999999972
71,3B00190DF0,118-2024-12-11,2024-12-11 12:14:44.808,0.1858377627654824,0.026164623226943986,0.05699999999999994
72,3B00199DE5,120-2024-12-11,2024-12-11 12:14:59.808,0.1024016389159951,0.015147546877436394,0.052999999999999936
73,3B00190DF0,122-2024-12-11,2024-12-11 12:16:02.810,0.1858377627654824,0.02435253405354181,0.05800000000000005
74,3B00190DF0,126-2024-12-11,2024-12-11 12:18:19.808,0.1858377627654825,0.024867582039938434,0.05599999999999994
75,3B00199DE5,129-2024-12-11,2024-12-11 12:18:56.807,0.1123533740676661,0.014824634376613499,0.050000000000000044
76,3B0018C2F6,130-2024-12-11,2024-12-11 12:24:51.810,0.1672000502891202,0.024270782356499477,0.05099999999999999
77,3B00182A81,132-2024-12-11,2024-12-11 12:38:08.810,0.0991547467342567,0.00318350847836036,0.040000000000000036
78,3B00485E69,133-2024-12-11,2024-12-11 12:38:15.812,0.1057912313863007,0.012753698165363385,0.05400000000000005
79,01103FA4B2,135-2024-12-11,2024-12-11 12:39:29.811,0.0991968820079117,0.011477841198526451,0.05300000000000038
80,3B0018C6F9,138-2024-12-11,2024-12-11 12:40:31.811,0.0981224075626449,0.004303140367196561,0.05299999999999999
81,3B0018C6F9,140-2024-12-11,2024-12-11 12:41:17.813,0.0981224075626449,0.014494729057964855,0.04099999999999998
82,3B00485E69,142-2024-12-11,2024-12-11 12:41:38.812,0.1057912313863007,0.01109214750342848,0.05899999999999994
83,3B00485E69,143-2024-12-11,2024-12-11 12:43:16.814,0.1057912313863007,0.002503522254007456,0.07299999999999998
84,01103F9A64,144-2024-12-11,2024-12-11 12:43:31.812,0.17343810965076,0.027620611873053785,0.05699999999999994
85,3B00199DE5,145-2024-12-11,2024-12-11 12:43:49.812,0.1123533740676661,0.010269726928593242,0.05400000000000005
86,3B00182A81,146-2024-12-11,2024-12-11 12:43:56.813,0.0952088621756973,0.003527320094734719,0.09600000000000009
87,3B00190DF0,147-2024-12-11,2024-12-11 12:44:08.812,0.1908161188634035,0.025555044097882517,0.06800000000000006
88,3B00190DF0,150-2024-12-11,2024-12-11 12:46:12.812,0.1859336781505438,0.02552250874128186,0.052000000000000046
89,3B0018C2F6,151-2024-12-11,2024-12-11 12:46:34.811,0.1576520521087552,0.02474915530371749,0.05299999999999999
90,3B00190DF0,152-2024-12-11,2024-12-11 12:47:39.812,0.1855184282565355,0.02891040589601763,0.05799999999999983
91,01103F9A64,153-2024-12-11,2024-12-11 12:47:46.811,0.1734381096507601,0.029510531236376588,0.052999999999999936
92,01103F9A64,154-2024-12-11,2024-12-11 12:49:12.813,0.1808735453430809,0.028968860585965615,0.058000000000000274
93,01103F97C4,156-2024-12-11,2024-12-11 13:00:04.815,0.1643571035123447,0.01604268490814547,0.08000000000000007
94,01103F9A64,159-2024-12-11,2024-12-11 13:02:04.815,0.1878844739183932,0.02660113530361654,0.06299999999999972
95,3B0018A99B,160-2024-12-11,2024-12-11 13:02:23.815,0.0951097925836406,0.01306348720987639,0.06300000000000017
96,01103FA4B2,162-2024-12-11,2024-12-11 13:02:46.817,0.1070560818927257,0.0037433840174399607,0.040999999999999925
97,3B00190DF0,163-2024-12-11,2024-12-11 13:02:58.817,0.1858377627654824,0.025302883360234854,0.053999999999999826
98,01103F97C4,166-2024-12-11,2024-12-11 13:03:45.819,0.1655845491638308,0.015643147847777972,0.06800000000000006
99,01103F97C4,171-2024-12-11,2024-12-11 13:13:03.818,0.1618435114270357,0.015732674023399267,0.07299999999999995
100,3B00192E1E,174-2024-12-11,2024-12-11 13:15:56.819,0.1003175061405517,0.01072616328510339,0.0699999999999994
101,01103F97C4,180-2024-12-11,2024-12-11 13:27:55.822,0.1618435114270357,0.01797020444596567,0.06200000000000028
102,3B0018C2F6,181-2024-12-11,2024-12-11 13:29:09.823,0.1702798543222825,0.023954307010466268,0.06000000000000005
103,3B004CD4DE,186-2024-12-11,2024-12-11 13:41:47.827,0.0984230140513655,0.013642283669850649,0.07699999999999996
104,01103FA4B2,187-2024-12-11,2024-12-11 13:43:37.828,0.1070560818927257,0.0022219535310650544,0.03699999999999992
105,01103F9A64,189-2024-12-11,2024-12-11 13:44:05.828,0.1773882234495482,0.02899009280553769,0.05799999999999983
106,01103F9A64,192-2024-12-11,2024-12-11 13:45:57.827,0.1817553308944517,0.03372881426232211,0.057000000000000384
107,3B00190DF0,193-2024-12-11,2024-12-11 13:46:15.828,0.1861748586609256,0.024164774099383165,0.05900000000000016
108,3B004CD4DE,196-2024-12-11,2024-12-11 13:47:07.827,0.0994476367912997,0.013200584593350155,0.07499999999999996
109,3B0019B8CC,197-2024-12-11,2024-12-11 13:47:13.828,0.1627008261898372,0.027735725633916197,0.08399999999999985
110,3B00190DF0,198-2024-12-11,2024-12-11 13:47:34.828,0.1801856776903659,0.026034424887293735,0.07099999999999995
111,3B00199DE5,200-2024-12-11,2024-12-11 13:48:29.828,0.1034324197864517,0.01220205748459718,0.06099999999999994
112,01103F9A64,201-2024-12-11,2024-12-11 13:48:41.830,0.1852944007039373,0.030446315781017065,0.052000000000000046
113,01103FA4B2,202-2024-12-11,2024-12-11 13:48:51.828,0.1023517918965001,0.015388384432514687,0.050000000000000266
114,3B00190DF0,203-2024-12-11,2024-12-11 13:49:53.829,0.1862532387156617,0.02605883071608397,0.06099999999999994
115,01103F9A64,204-2024-12-11,2024-12-11 13:50:01.829,0.1863801325626817,0.027475212722417545,0.0600000000000005
116,3B0018C2F6,205-2024-12-11,2024-12-11 13:50:25.829,0.1686109062311112,0.021763088148774264,0.07000000000000006
117,3B00192E1E,206-2024-12-11,2024-12-11 13:51:21.830,0.1005858192823128,0.010384326824755017,0.10899999999999999
118,3B00199DE5,207-2024-12-11,2024-12-11 13:51:58.830,0.1123533740676661,0.01145103382500985,0.040000000000000036
119,01103F9A64,208-2024-12-11,2024-12-11 13:52:04.830,0.17343810965076,0.030994701113919932,0.05900000000000016
120,3B00192E1E,209-2024-12-11,2024-12-11 13:52:08.829,0.0960417513425271,0.010338815911801682,0.06399999999999995
121,3B00192E1E,211-2024-12-11,2024-12-11 13:52:31.830,0.1005858192823128,0.010894368490362636,0.061999999999999944
122,01103F97C4,214-2024-12-11,2024-12-11 13:53:13.830,0.1660520231855164,0.017864286394862875,0.06199999999999939
123,01103F9A64,215-2024-12-11,2024-12-11 13:54:22.830,0.1892463512915307,0.026866692738194,0.06400000000000006
124,3B0018A99B,217-2024-12-11,2024-12-11 13:55:20.830,0.0982566517516468,0.0043176711664314705,0.036000000000001364
125,3B0018C2F6,222-2024-12-11,2024-12-11 14:07:41.833,0.1679941853790762,0.025409733862206022,0.07400000000000007
126,01103F97C4,224-2024-12-11,2024-12-11 14:08:53.835,0.1254116616222481,0.014152545925216944,0.06800000000000006
127,3B0018A99B,227-2024-12-11,2024-12-11 14:14:34.837,0.0971202761538076,0.00299843018131917,0.07200000000000006
128,3B00192E1E,230-2024-12-11,2024-12-11 14:18:01.836,0.1005858192823128,0.009566528115790464,0.05400000000000005
129,3B00199DE5,231-2024-12-11,2024-12-11 14:18:05.837,0.1123533740676661,0.012754488226582516,0.050000000000000044
130,3B0018C2F6,237-2024-12-11,2024-12-11 14:26:10.839,0.1576520521087552,0.024843319281415782,0.05699999999999994
131,01103FA4B2,239-2024-12-11,2024-12-11 14:28:43.840,0.1016864557293515,0.003777166983382009,0.07500000000000018
132,3B0018C2F6,241-2024-12-11,2024-12-11 14:31:28.841,0.1576520521087552,0.02424404617019105,0.05699999999999994
133,01103FA4B2,242-2024-12-11,2024-12-11 14:31:33.841,0.1070560818927257,3.499725561168193e-05,0.008999999999999897
134,3B0019B8CC,244-2024-12-11,2024-12-11 14:33:43.842,0.1538416953491121,0.0002077413454585453,0.01100000000000001
135,01103FA4B2,245-2024-12-11,2024-12-11 14:34:29.841,0.1021515363826306,0.014741305779957152,0.050000000000000266
136,01103FA4B2,247-2024-12-11,2024-12-11 14:36:36.844,0.1115834239001188,0.010289775300990692,0.05700000000000005
137,3B004CD4DE,251-2024-12-11,2024-12-11 14:37:49.842,0.1000422871599006,0.014900552998356423,0.04599999999999982
138,3B00190DF0,254-2024-12-11,2024-12-11 14:41:42.843,0.1847777399683407,0.024603296803943006,0.06899999999999995
139,3B00185CB8,255-2024-12-11,2024-12-11 14:50:55.851,0.0953970648449806,0.004924168960356458,0.07799999999999996
140,3B0019B8CC,258-2024-12-11,2024-12-11 15:02:30.853,0.1649669924279017,0.03465010317790684,0.10400000000000009
141,3B004CD4DE,260-2024-12-11,2024-12-11 15:03:02.851,0.0994476367912997,0.011765599313165872,0.07200000000000006
142,01103F9A64,261-2024-12-11,2024-12-11 15:03:31.852,0.1734381096507601,0.027411879258752492,0.07299999999999995
143,3B0018C6F9,262-2024-12-11,2024-12-11 15:03:49.852,0.0999193233799703,0.0038007806957469736,0.07100000000000001
144,3B00190DF0,266-2024-12-11,2024-12-11 15:04:22.852,0.1858377627654824,0.022205643895735892,0.06899999999999995
145,3B0018C2F6,267-2024-12-11,2024-12-11 15:05:27.853,0.1576520521087552,0.02270176259408128,0.052000000000000046
146,3B0018C2F6,270-2024-12-11,2024-12-11 15:06:56.852,0.1576520521087552,0.027132931866626794,0.05600000000000005
147,3B00190DF0,271-2024-12-11,2024-12-11 15:07:05.854,0.1850272339118908,0.022850580065345294,0.04800000000000004
148,01103F9A64,273-2024-12-11,2024-12-11 15:07:47.853,0.181489918711349,0.027189269562218794,0.06800000000000006
149,3B0018C6F9,275-2024-12-11,2024-12-11 15:08:14.854,0.1001902755021881,0.003990210331192744,0.07500000000000001
150,3B0019F652,278-2024-12-11,2024-12-11 15:14:51.856,0.0869909608772173,0.0009456470930219006,0.07000000000000006
151,3B004CD4DE,279-2024-12-11,2024-12-11 15:15:19.855,0.0994476367912997,0.014512359285844613,0.07800000000000007
152,3B0018C2F6,281-2024-12-11,2024-12-11 15:17:57.858,0.1576520521087552,0.0237055341143372,0.06099999999999994
153,01103F97C4,288-2024-12-11,2024-12-11 15:20:46.858,0.1709534228123002,0.0051469394693303035,0.0900000000000003
154,3B00190DF0,290-2024-12-11,2024-12-11 15:21:51.858,0.1854022392064229,0.022446224137920676,0.05400000000000027
155,3B0019B8CC,292-2024-12-11,2024-12-11 15:22:11.858,0.1538416953491121,0.02526075005622688,0.050000000000000044
156,3B00199DE5,293-2024-12-11,2024-12-11 15:22:13.858,0.1123533740676661,0.0004459786807259436,0.020000000000000018
157,01103F9A64,294-2024-12-11,2024-12-11 15:22:48.859,0.1816831212805308,0.03519417745823713,0.052999999999999936
158,3B00186448,295-2024-12-11,2024-12-11 15:23:12.858,0.177209322198492,0.005095519519101613,0.06499999999999995
159,0700ED9568,296-2024-12-11,2024-12-11 15:23:40.858,0.1662643093547894,0.027174602035761407,0.05600000000000005
160,3B00199DE5,298-2024-12-11,2024-12-11 15:25:00.858,0.1123533740676661,0.013570050699352586,0.05600000000000005
161,3B004CD4DE,299-2024-12-11,2024-12-11 15:25:09.858,0.0994476367912997,0.011997127101242297,0.04999999999999999
162,3B0018C6F9,300-2024-12-11,2024-12-11 15:25:15.859,0.098122407562645,0.005460549373819065,0.063
163,01103F9A64,302-2024-12-11,2024-12-11 15:25:51.858,0.17343810965076,0.028285668668325846,0.05899999999999994
164,01103FA4B2,303-2024-12-11,2024-12-11 15:26:10.859,0.1032675425461734,0.015454985377426273,0.04899999999999993
165,3B0018A99B,306-2024-12-11,2024-12-11 15:28:58.859,0.0951097925836406,0.010131146751323275,0.06700000000000006
166,3B0019B8CC,1-2024-12-14,2024-12-14 07:57:11.145,0.1593272418444766,0.023565439606429324,0.04900000000000038
167,3B0019B8CC,2-2024-12-14,2024-12-14 07:58:10.142,0.1538416953491121,0.02248600844947348,0.061999999999999944
168,3B00199DE5,3-2024-12-14,2024-12-14 07:58:17.140,0.1123533740676661,0.01447735594898149,0.050000000000000044
169,3B0019B8CC,4-2024-12-14,2024-12-14 07:59:50.140,0.158590892614602,0.02574361540999708,0.052000000000000046
170,3B00199DE5,9-2024-12-14,2024-12-14 08:03:12.143,0.1123533740676661,0.011395645937348407,0.049000000000000044
171,01103FA4B2,13-2024-12-14,2024-12-14 08:07:09.142,0.0932780889062833,0.010847528057759164,0.05799999999999983
172,01103FA4B2,14-2024-12-14,2024-12-14 08:07:52.141,0.0932341202848224,0.011732744552908226,0.05900000000000016
173,3B0018A99B,15-2024-12-14,2024-12-14 08:08:02.140,0.0951097925836406,0.0016036007146999736,0.06599999999999984
174,01103F9A64,17-2024-12-14,2024-12-14 08:13:39.141,0.17343810965076,0.025865239572996235,0.05900000000000016
175,3B00199DE5,18-2024-12-14,2024-12-14 08:14:16.140,0.1123533740676661,0.01182800544938117,0.05499999999999999
176,3B00192E1E,19-2024-12-14,2024-12-14 08:14:31.142,0.1005858192823128,0.011712661208767211,0.04799999999999999
177,3B00182A81,21-2024-12-14,2024-12-14 08:14:51.142,0.0991547467342567,0.0029329687191371524,0.06299999999999994
178,01103FA4B2,26-2024-12-14,2024-12-14 08:18:45.140,0.0940758314504466,0.010321440347589996,0.07100000000000017
179,01103F9A64,27-2024-12-14,2024-12-14 08:21:10.140,0.1766210849396992,0.024857848326367026,0.07399999999999984
180,01103FA4B2,28-2024-12-14,2024-12-14 08:21:16.140,0.1666413483592923,0.02095085881388636,0.08999999999999986
181,3B00190DF0,29-2024-12-14,2024-12-14 08:35:55.142,0.1675872815429256,0.026273182883086815,0.05699999999999994
182,01103F9A64,34-2024-12-14,2024-12-14 08:40:35.143,0.17343810965076,0.028768855058980917,0.04699999999999993
183,3B001874E8,35-2024-12-14,2024-12-14 08:50:31.142,0.101336683792403,0.02858801806753512,0.07200000000000001
184,3B0019B8CC,36-2024-12-14,2024-12-14 08:50:41.141,0.1538416953491121,0.02208985407959068,0.06000000000000005
185,01103F9A64,37-2024-12-14,2024-12-14 08:50:45.141,0.17343810965076,0.027153784989367165,0.04699999999999993
186,3B00190DF0,39-2024-12-14,2024-12-14 08:56:11.139,0.1858377627654824,0.024883881752927092,0.061
187,3B0019B8CC,40-2024-12-14,2024-12-14 08:56:57.139,0.1538416953491121,0.02337979448933014,0.06899999999999995
188,3B001874E8,41-2024-12-14,2024-12-14 08:57:31.140,0.1008039731362687,0.014915966432679922,0.050000000000000266
189,3B001874E8,42-2024-12-14,2024-12-14 08:58:54.138,0.1000246283588266,0.014912125026256981,0.051000000000000156
190,3B00190DF0,43-2024-12-14,2024-12-14 08:59:20.139,0.1858377627654824,0.025756682467599976,0.06099999999999994
191,3B0019B8CC,44-2024-12-14,2024-12-14 08:59:28.139,0.1538416953491121,0.023784461524152378,0.061000000000000165
192,3B001874E8,46-2024-12-14,2024-12-14 09:00:00.138,0.1000230244345629,0.014890531372854227,0.04699999999999993
193,3B001874E8,48-2024-12-14,2024-12-14 09:01:06.138,0.1007848233237101,0.008605965741500144,0.05600000000000005
194,3B00190DF0,49-2024-12-14,2024-12-14 09:02:19.137,0.1777675806411158,0.0253144060046462,0.04899999999999993
195,3B0019B8CC,51-2024-12-14,2024-12-14 09:02:52.140,0.1538416953491122,-0.00012087639357676987,0.031000000000000028
196,3B0019B8CC,52-2024-12-14,2024-12-14 09:03:57.138,0.1686846337167999,0.025701633117644132,0.05699999999999994
197,3B004AB6A7,53-2024-12-14,2024-12-14 09:04:47.138,0.0973397457678776,0.003226670583761646,0.07500000000000018
198,3B004AB6A7,56-2024-12-14,2024-12-14 09:08:31.137,0.0981308278633936,0.003913902003393124,0.050999999999999934
199,3B004AB6A7,57-2024-12-14,2024-12-14 09:10:40.137,0.1003335166489211,0.0034967960706215892,0.06999999999999998
200,3B00192E1E,58-2024-12-14,2024-12-14 09:10:48.137,0.1005858192823128,0.0034765062483736644,0.03600000000000003
201,01103F97C4,61-2024-12-14,2024-12-14 09:13:28.137,0.1534167394907418,0.022858992510953732,0.07000000000000028
202,01103F97C4,63-2024-12-14,2024-12-14 09:15:02.136,0.1571538019191632,0.023157287815145994,0.05699999999999994
203,01103F97C4,65-2024-12-14,2024-12-14 09:16:06.137,0.1577337707724455,0.00716721645290107,0.039000000000000146
204,3B0018C2F6,68-2024-12-14,2024-12-14 09:21:28.135,0.1492524816538779,0.023119370033581846,0.05400000000000005
205,3B00190DF0,69-2024-12-14,2024-12-14 09:22:29.138,0.1858377627654824,0.02623783961037913,0.05300000000000005
206,3B0018C2F6,70-2024-12-14,2024-12-14 09:26:11.139,0.1525723162939715,0.025554212768861773,0.05500000000000016
207,3B00192E1E,71-2024-12-14,2024-12-14 09:27:48.136,0.098129205300644,0.011451679194307784,0.050999999999999934
208,3B00192E1E,72-2024-12-14,2024-12-14 09:28:04.136,0.1005858192823128,0.011235393310919375,0.07600000000000001
209,3B0018C2F6,73-2024-12-14,2024-12-14 09:28:12.134,0.1511935864341189,0.026229206945340693,0.05400000000000005
210,01103F97C4,74-2024-12-14,2024-12-14 09:28:26.134,0.1618435114270358,0.023966940912485198,0.051000000000000156
211,3B0019B8CC,76-2024-12-14,2024-12-14 09:28:40.135,0.1538416953491121,0.027608570211240035,0.05600000000000005
212,3B0019B8CC,77-2024-12-14,2024-12-14 09:30:33.134,0.1680089543184794,0.023061273450233254,0.05899999999999994
213,3B00190DF0,81-2024-12-14,2024-12-14 09:35:20.135,0.1858377627654824,0.02622197282458104,0.06299999999999994
214,3B0018C2F6,83-2024-12-14,2024-12-14 09:41:33.134,0.1576520521087552,0.018899665548009467,0.07299999999999995
215,3B0018C2F6,85-2024-12-14,2024-12-14 09:56:24.132,0.1576520521087552,0.0314794108424211,0.052000000000000046
216,3B0018C2F6,86-2024-12-14,2024-12-14 10:04:01.801,0.1576520521087552,0.023370178650761,0.05600000000000005
217,3B0019F652,87-2024-12-14,2024-12-14 10:08:42.801,0.0873858134530414,0.01317471619014306,0.04899999999999993
218,3B0019B8CC,89-2024-12-14,2024-12-14 10:09:49.801,0.1686351736217999,0.025901663324150427,0.07699999999999996
219,3B0019F652,90-2024-12-14,2024-12-14 10:09:52.800,0.0876052159118358,0.011810784774789515,0.05400000000000005
220,3B0018C2F6,91-2024-12-14,2024-12-14 10:11:31.800,0.1278849475460421,0.027852756878530678,0.05600000000000005
221,3B004AB6A7,93-2024-12-14,2024-12-14 10:11:52.800,0.1003335166489211,0.015159500745222048,0.052999999999999936
222,3B0018C2F6,99-2024-12-14,2024-12-14 10:18:49.799,0.1576520521087552,0.025466928460948186,0.051999999999999935
223,3B0018C2F6,101-2024-12-14,2024-12-14 10:30:26.799,0.161994872908492,0.026444267417620466,0.05300000000000016
224,3B00192E1E,103-2024-12-14,2024-12-14 10:35:59.799,0.1005858192823128,0.0019435290226011124,0.038000000000000256
225,3B001874E8,104-2024-12-14,2024-12-14 10:39:55.799,0.102095167713991,0.014196412707010822,0.052000000000000046
226,3B001874E8,105-2024-12-14,2024-12-14 10:41:30.798,0.1013366837924031,0.014333090296228429,0.06099999999999994
227,01103F9A64,108-2024-12-14,2024-12-14 10:48:01.796,0.17343810965076,0.02800858447965924,0.05800000000000005
228,01103F9A64,111-2024-12-14,2024-12-14 10:48:53.798,0.17343810965076,0.027265958448846266,0.05899999999999994
229,01103F97C4,112-2024-12-14,2024-12-14 10:49:15.798,0.1613891723774074,0.021219625314810853,0.04499999999999993
230,01103F97C4,114-2024-12-14,2024-12-14 10:55:55.794,0.1566923299512909,0.024247589877508198,0.051000000000000156
231,01103F9A64,116-2024-12-14,2024-12-14 10:58:22.794,0.17343810965076,0.035770130076812186,0.05699999999999994
232,01103F97C4,118-2024-12-14,2024-12-14 10:59:01.796,0.15595054481058,0.02254531142749545,0.052999999999999936
233,3B0018C2F6,122-2024-12-14,2024-12-14 11:02:56.793,0.1563807003982077,0.02126618919222674,0.07500000000000018
234,3B004AB6A7,123-2024-12-14,2024-12-14 11:03:49.793,0.1003335166489211,0.01396743180381434,0.061000000000000165
235,3B0018A99B,127-2024-12-14,2024-12-14 11:28:54.795,0.0955161569465598,0.0032546680433584007,0.09599999999999997
236,3B0018A99B,128-2024-12-14,2024-12-14 11:30:18.793,0.0951147624138035,0.003242868776500854,0.0779999999999994
237,3B00199DE5,129-2024-12-14,2024-12-14 11:30:25.792,0.1005200364140067,0.015259570928341194,0.04899999999999993
238,01103F97C4,132-2024-12-14,2024-12-14 11:36:14.792,0.1618435114270358,0.011034826270590374,0.06499999999999995
239,3B0018C2F6,138-2024-12-14,2024-12-14 11:38:58.792,0.1581369643628709,0.024248293145182453,0.05099999999999971
240,3B00192E1E,139-2024-12-14,2024-12-14 11:39:58.793,0.1005858192823128,0.0032406182972436657,0.03199999999999997
241,3B001874E8,143-2024-12-14,2024-12-14 12:10:50.790,0.1013366837924031,0.015226902731330628,0.05399999999999999
242,3B004AB6A7,145-2024-12-14,2024-12-14 12:46:46.791,0.1074078059712768,0.011253118722331047,0.08599999999999985
243,3B001874E8,146-2024-12-14,2024-12-14 12:54:39.790,0.1028030170676469,0.015176619331000332,0.06000000000000005
244,3B001874E8,147-2024-12-14,2024-12-14 12:56:43.792,0.1029584793704815,0.011949873993093586,0.07000000000000006
245,3B001874E8,148-2024-12-14,2024-12-14 12:56:59.790,0.1013366837924031,0.012264541065676074,0.06899999999999995
246,3B004AB6A7,149-2024-12-14,2024-12-14 12:57:09.790,0.1003335166489211,0.015503647402997122,0.05299999999999999
247,3B0019F652,151-2024-12-14,2024-12-14 13:14:44.787,0.0905389973583477,0.01303175768468354,0.07799999999999996
248,3B0018A99B,152-2024-12-14,2024-12-14 13:15:40.787,0.0951097925836406,0.014311894521346383,0.05499999999999999
249,3B0018A99B,154-2024-12-14,2024-12-14 13:17:44.787,0.0968748642556969,0.011294846498466316,0.06800000000000006
250,3B0019F652,156-2024-12-14,2024-12-14 13:32:32.785,0.0905389973583477,0.013889325714335765,0.04700000000000015
251,01103F8EAC,160-2024-12-14,2024-12-14 13:41:40.785,0.1622998238879239,0.024715857713624882,0.07699999999999996
252,01103F97C4,161-2024-12-14,2024-12-14 13:41:57.784,0.1610374908449456,0.026220296718296964,0.05800000000000005
253,01103F97C4,165-2024-12-14,2024-12-14 13:50:27.783,0.1618435114270357,0.023401043317132515,0.06499999999999995
254,3B0018C2F6,167-2024-12-14,2024-12-14 13:51:20.785,0.1576520521087552,0.02657882848097218,0.05399999999999994
255,01103F97C4,169-2024-12-14,2024-12-14 13:52:04.784,0.1618435114270358,0.019506482805340196,0.07499999999999996
256,01103F97C4,171-2024-12-14,2024-12-14 13:54:08.783,0.1618435114270358,0.02263579588080655,0.05400000000000005
257,01103F97C4,173-2024-12-14,2024-12-14 13:55:44.783,0.1604417468407833,0.026663478161609553,0.04999999999999982
258,3B001874E8,175-2024-12-14,2024-12-14 13:57:11.782,0.1013366837924031,0.014730277368562049,0.05799999999999983
259,3B001874E8,176-2024-12-14,2024-12-14 13:58:26.781,0.1013366837924031,0.015651859229935304,0.049000000000000044
260,3B001874E8,177-2024-12-14,2024-12-14 13:59:42.782,0.1068481760994502,0.016062222260430324,0.052999999999999936
261,3B001874E8,178-2024-12-14,2024-12-14 14:00:31.782,0.1049755707683813,0.015884305279165647,0.05300000000000016
262,3B001874E8,179-2024-12-14,2024-12-14 14:01:46.782,0.1013366837924031,0.016231862478159758,0.05400000000000005
263,3B0018A99B,180-2024-12-14,2024-12-14 14:03:12.781,0.0951097925836406,0.0038638826445835375,0.04200000000000001
264,3B0018C2F6,182-2024-12-14,2024-12-14 14:03:23.780,0.1576520521087552,0.026300555034717,0.051999999999999824
265,3B00182A81,183-2024-12-14,2024-12-14 14:04:34.782,0.0991547467342567,0.01297667165928187,0.05599999999999983
266,01103F8EAC,185-2024-12-14,2024-12-14 14:06:34.780,0.1622998238879239,0.025654937726482568,0.07
267,01103F97C4,186-2024-12-14,2024-12-14 14:07:59.782,0.1618435114270357,0.025503776795197886,0.052000000000000046
268,01103F97C4,188-2024-12-14,2024-12-14 14:12:43.780,0.1618435114270357,0.026964522587677533,0.05600000000000005
269,01103F97C4,190-2024-12-14,2024-12-14 14:16:15.781,0.1620974053607334,0.025723567914047868,0.052999999999999936
270,01103F8EAC,192-2024-12-14,2024-12-14 14:17:04.780,0.1622998238879239,0.025633384722036696,0.06999999999999995
271,3B004AB6A7,193-2024-12-14,2024-12-14 14:17:18.779,0.1068542708645937,0.008059041304634815,0.06099999999999994
272,01103F8EAC,194-2024-12-14,2024-12-14 14:19:35.782,0.1622998238879239,0.02584997449999099,0.06799999999999995
273,3B0018C2F6,195-2024-12-14,2024-12-14 14:19:50.779,0.1576520521087552,0.026926632495529,0.052000000000000046
274,01103F97C4,197-2024-12-14,2024-12-14 14:21:56.783,0.1618435114270358,0.02448121147700582,0.04799999999999993
275,3B001857EE,201-2024-12-14,2024-12-14 14:33:38.781,0.1022206670076564,0.013679035990998902,0.06400000000000006
276,3B004AB6A7,203-2024-12-14,2024-12-14 14:35:28.780,0.1003335166489211,-0.0005503371664767145,0.04700000000000015
277,01103F8EAC,204-2024-12-14,2024-12-14 14:43:54.781,0.1755584290458361,0.02310742441558699,0.07199999999999984
278,3B0018C6F9,205-2024-12-14,2024-12-14 14:58:44.782,0.0981224075626449,0.012495632426338804,0.06499999999999995
279,3B0018A99B,206-2024-12-14,2024-12-14 15:01:36.778,0.0951097925836406,0.0031979815439032457,0.03600000000000003
280,3B00185CB8,207-2024-12-14,2024-12-14 15:02:16.780,0.0953970648449806,0.0071604361841768,0.04300000000000004
281,3B0018A99B,208-2024-12-14,2024-12-14 15:03:25.780,0.0951097925836406,0.004872443500764594,0.039000000000000035
282,3B0018A99B,212-2024-12-14,2024-12-14 15:07:34.346,0.0951097925836406,0.004718975977310791,0.04200000000000004
283,3B00190DF0,213-2024-12-14,2024-12-14 15:27:18.345,0.1858377627654824,0.026921874734242207,0.04899999999999993
284,01103F8EAC,214-2024-12-14,2024-12-14 15:31:35.345,0.1622998238879239,0.024558985735174923,0.07199999999999995
285,3B00190DF0,215-2024-12-14,2024-12-14 15:31:45.345,0.1788287518626044,0.026266468744089985,0.061000000000000165
286,3B00182A81,217-2024-12-14,2024-12-14 15:33:39.346,0.0991547467342567,0.013013693623472078,0.057999999999999996
287,3B00192E1E,221-2024-12-14,2024-12-14 15:36:18.347,0.1000279597521426,0.013776540065802081,0.05699999999999994
288,01103F8EAC,222-2024-12-14,2024-12-14 15:36:32.345,0.1837347042177931,0.026585463148148327,0.06000000000000005
289,3B00190DF0,223-2024-12-14,2024-12-14 15:36:56.348,0.1858377627654824,0.024613676855182887,0.07100000000000006
290,3B00199DE5,224-2024-12-14,2024-12-14 15:37:53.347,0.1123533740676661,0.015462532177955096,0.046999999999999986
291,3B00190DF0,225-2024-12-14,2024-12-14 15:38:02.346,0.1858377627654824,0.014926132005282167,0.07200000000000006
292,3B00182A81,226-2024-12-14,2024-12-14 15:38:44.346,0.0991547467342567,0.004705246311474596,0.063
293,3B00190DF0,228-2024-12-14,2024-12-14 15:39:42.345,0.1835013040290576,0.025193743114164956,0.05600000000000005
294,01103F8EAC,229-2024-12-14,2024-12-14 15:39:51.345,0.1858519073903788,0.0236075893271875,0.06400000000000006
295,3B0019F652,232-2024-12-14,2024-12-14 15:41:31.345,0.0915875287327503,0.011817355576047892,0.06000000000000005
296,3B00199DE5,235-2024-12-14,2024-12-14 15:42:42.347,0.1123533740676661,0.015551689565824086,0.050000000000000044
297,01103F8EAC,236-2024-12-14,2024-12-14 15:43:16.344,0.1622998238879239,0.022765727280017106,0.07400000000000001
298,3B00190DF0,237-2024-12-14,2024-12-14 15:43:38.346,0.1780357741898643,0.027495709453297407,0.050999999999999934
299,01103F9A64,238-2024-12-14,2024-12-14 15:44:32.345,0.187585103963429,0.023522692238418,0.05800000000000005
300,01103F9A64,240-2024-12-14,2024-12-14 15:49:48.343,0.175154616142388,0.028776478251932552,0.05300000000000038
301,01103F9A64,242-2024-12-14,2024-12-14 15:51:36.345,0.17343810965076,0.02909683666829434,0.052999999999999936
302,01103F9A64,244-2024-12-14,2024-12-14 15:54:31.343,0.17343810965076,0.034645909302169625,0.05699999999999994
303,3B0019B8CC,247-2024-12-14,2024-12-14 15:56:05.343,0.1715556756889568,0.026974136140540127,0.05500000000000016
304,01103F8EAC,253-2024-12-14,2024-12-14 15:58:54.343,0.162299823887924,0.02239945883191932,0.07800000000000007
305,3B0019B8CC,254-2024-12-14,2024-12-14 15:59:00.341,0.1538416953491122,0.026355334487070337,0.052999999999999936
306,01103FA4B2,255-2024-12-14,2024-12-14 15:59:58.344,0.1070560818927257,0.01306721410387981,0.052999999999999936
307,3B00190DF0,256-2024-12-14,2024-12-14 16:00:03.342,0.1833066182255423,0.024419371319191203,0.06099999999999994
308,01103F8EAC,257-2024-12-14,2024-12-14 16:00:30.343,0.162299823887924,0.023049791973206227,0.07400000000000001
309,01103FA4B2,258-2024-12-14,2024-12-14 16:00:48.341,0.1070560818927257,0.012885374369245023,0.04799999999999982
310,3B004873F2,1-2024-12-22,2024-12-22 08:26:58.390,0.0927200920530829,0.012314080920927818,0.08200000000000007
311,3B00182A81,2-2024-12-22,2024-12-22 08:28:13.387,0.0991547467342567,0.012754586655552964,0.07100000000000001
312,3B004CD4DE,3-2024-12-22,2024-12-22 08:31:13.386,0.0994476367912997,0.012994644349583797,0.04300000000000004
313,3B00186A36,4-2024-12-22,2024-12-22 08:31:21.388,0.1177048050359731,0.00309968925490747,0.03300000000000003
314,3B004873F2,5-2024-12-22,2024-12-22 08:38:10.388,0.1000426597534706,0.012565194635416211,0.04400000000000004
315,3B0018A99B,7-2024-12-22,2024-12-22 08:38:27.386,0.0951097925836405,0.0026942117292350545,0.03699999999999992
316,3B004873F2,8-2024-12-22,2024-12-22 08:39:17.384,0.1000426597534706,0.012659960810072575,0.08000000000000007
317,3B0018A99B,9-2024-12-22,2024-12-22 08:39:33.385,0.0951097925836406,0.004267672222606892,0.034999999999999976
318,01103F9A64,13-2024-12-22,2024-12-22 08:43:01.384,0.17343810965076,0.025358107138767915,0.050999999999999934
319,3B004AB6A7,14-2024-12-22,2024-12-22 08:43:04.383,0.0881276611212149,0.013840656514116433,0.05400000000000005
320,3B004873F2,16-2024-12-22,2024-12-22 08:44:04.384,0.1000426597534706,0.012963851385874964,0.04699999999999993
321,3B00182A81,17-2024-12-22,2024-12-22 08:44:16.385,0.0991547467342567,0.0025671461196135116,0.06
322,3B004AB6A7,19-2024-12-22,2024-12-22 08:45:53.385,0.0895870278483071,0.012015272638283225,0.07800000000000029
323,01103F9A64,20-2024-12-22,2024-12-22 08:46:02.384,0.17343810965076,0.034607777534804894,0.051999999999999824
324,3B00192E1E,22-2024-12-22,2024-12-22 08:47:13.383,0.0918372382367766,0.011970636147160646,0.04999999999999999
325,3B0018C2F6,23-2024-12-22,2024-12-22 08:47:33.384,0.1576520521087552,0.02767957444912064,0.04700000000000015
326,01103F97C4,24-2024-12-22,2024-12-22 08:48:24.383,0.1618435114270358,0.022511340495694154,0.052000000000000046
327,01103F9A64,26-2024-12-22,2024-12-22 08:48:45.384,0.17343810965076,0.024146069353279672,0.06599999999999984
328,01103F97C4,28-2024-12-22,2024-12-22 08:49:34.386,0.1618435114270358,0.0011102984431274742,0.019000000000000017
329,011016B2E1,30-2024-12-22,2024-12-22 08:50:19.383,0.1034056593821557,0.012570758562976033,0.06000000000000005
330,01103F97C4,31-2024-12-22,2024-12-22 08:50:27.382,0.1618435114270358,0.024924315669238035,0.05799999999999983
331,3B0018C2F6,35-2024-12-22,2024-12-22 08:53:35.381,0.1576520521087552,0.023040100346104077,0.06000000000000005
332,3B004873F2,36-2024-12-22,2024-12-22 08:54:17.382,0.1000426597534706,0.013030994030256756,0.061
333,011016B2E1,37-2024-12-22,2024-12-22 08:54:22.381,0.1034056593821557,0.013887217512313678,0.07800000000000007
334,01103F9A64,41-2024-12-22,2024-12-22 08:55:06.382,0.17343810965076,0.030712011205986437,0.04799999999999999
335,3B0019B8CC,42-2024-12-22,2024-12-22 08:55:18.380,0.1538416953491121,0.026282385374156086,0.051999999999999824
336,3B0018C2F6,43-2024-12-22,2024-12-22 08:55:28.380,0.1541173452113238,0.023074145072448985,0.052999999999999936
337,01103F97C4,44-2024-12-22,2024-12-22 08:55:38.382,0.1515746321190634,0.023002553779075945,0.05500000000000016
338,01103F97C4,45-2024-12-22,2024-12-22 08:56:18.380,0.1551029700186177,0.02401326692223043,0.05300000000000016
339,01103F9A64,46-2024-12-22,2024-12-22 08:57:13.381,0.1752105108737489,0.028511963182262585,0.06499999999999995
340,3B0018C2F6,48-2024-12-22,2024-12-22 09:01:44.378,0.1581497560645627,0.021926122319637757,0.05600000000000005
341,3B0018D520,49-2024-12-22,2024-12-22 09:03:37.380,0.1013628464497047,0.012083841112482265,0.06599999999999984
342,011016B2E1,50-2024-12-22,2024-12-22 09:04:16.376,0.0992369940173999,0.013034189447877353,0.04699999999999993
343,3B0018C2F6,53-2024-12-22,2024-12-22 09:08:13.375,0.1403229455018428,0.0282172771079371,0.051000000000000156
344,01103FA4B2,57-2024-12-22,2024-12-22 09:16:50.372,0.1070560818927258,0.0036557701546843925,0.038999999999999924
345,3B001857EE,58-2024-12-22,2024-12-22 09:16:56.371,0.0932343928752492,0.014369171941676884,0.05400000000000005
346,3B004CD4DE,62-2024-12-22,2024-12-22 09:17:59.371,0.0994476367912997,2.4821955818765714e-05,0.0050000000000000044
347,01103FA4B2,64-2024-12-22,2024-12-22 09:18:19.371,0.094700592148065,0.004172948402074208,0.04300000000000015
348,01103F97C4,65-2024-12-22,2024-12-22 09:18:48.370,0.1526736660831715,0.022430032253387654,0.052999999999999936
349,3B001857EE,68-2024-12-22,2024-12-22 09:20:00.372,0.0977687392677557,0.00556976273498982,0.04800000000000004
350,011016B2E1,69-2024-12-22,2024-12-22 09:20:09.369,0.0975087086911109,0.003722340372315571,0.056999999999999995
351,3B0018C2F6,72-2024-12-22,2024-12-22 09:20:44.370,0.1511128246712101,0.022557362117647334,0.06099999999999994
352,3B004873F2,73-2024-12-22,2024-12-22 09:21:46.371,0.1000426597534706,0.013166066299651252,0.050000000000000044
353,3B001857EE,75-2024-12-22,2024-12-22 09:23:14.369,0.0977687392677557,0.0012740717473624852,0.03300000000000003
354,3B0019B8CC,76-2024-12-22,2024-12-22 09:23:24.369,0.1538416953491121,0.023162259644821485,0.07400000000000007
355,3B0019B8CC,78-2024-12-22,2024-12-22 09:24:22.369,0.1538416953491122,0.02394354189782273,0.053999999999999826
356,3B001857EE,79-2024-12-22,2024-12-22 09:25:05.368,0.0977687392677557,0.004828835156040838,0.04300000000000015
357,3B0019B8CC,80-2024-12-22,2024-12-22 09:25:55.368,0.1538416953491122,0.023633620608117308,0.062000000000000055
358,3B001857EE,81-2024-12-22,2024-12-22 09:26:13.369,0.0977687392677556,0.03264938243901,0.09700000000000003
359,01103F9A64,82-2024-12-22,2024-12-22 09:27:26.368,0.17343810965076,0.0257805025051564,0.05699999999999994
360,3B0019B8CC,84-2024-12-22,2024-12-22 09:32:02.365,0.1538416953491121,0.02653003062503347,0.05099999999999999
361,3B0018C2F6,88-2024-12-22,2024-12-22 09:34:44.365,0.155012538480509,0.02354492015915019,0.052000000000000046
362,01103F9A64,89-2024-12-22,2024-12-22 09:35:10.365,0.17343810965076,0.026893900482946983,0.05600000000000005
363,011016B2E1,90-2024-12-22,2024-12-22 09:35:38.367,0.0970380859362891,0.01493151898677415,0.04500000000000015
364,3B0018C2F6,92-2024-12-22,2024-12-22 09:37:17.365,0.1576520521087552,0.027940496055801983,0.04899999999999999
365,01103F97C4,96-2024-12-22,2024-12-22 09:38:32.364,0.1618435114270358,0.025336596322492903,0.05899999999999994
366,3B0018C2F6,97-2024-12-22,2024-12-22 09:38:36.364,0.1576520521087552,0.0257171429822569,0.051000000000000156
367,3B004873F2,98-2024-12-22,2024-12-22 09:39:00.365,0.0956289709748087,0.0031334243337809097,0.05699999999999994
368,3B0018C2F6,99-2024-12-22,2024-12-22 09:42:04.364,0.1576520521087552,0.021664804488532752,0.05099999999999999
369,3B004DB16E,105-2024-12-22,2024-12-22 09:53:50.361,0.0991720033477613,0.01129598053254463,0.04899999999999993
370,3B004CD4DE,106-2024-12-22,2024-12-22 09:56:45.361,0.0919371448985171,0.012031610930276989,0.06799999999999995
371,3B0018C2F6,108-2024-12-22,2024-12-22 10:03:09.357,0.1576520521087552,0.02647908756284289,0.05799999999999983
372,01103F97C4,110-2024-12-22,2024-12-22 10:04:44.357,0.1618435114270358,0.024219084455874083,0.05700000000000005
373,01103F97C4,113-2024-12-22,2024-12-22 10:05:45.356,0.1602720077161665,0.015599687525540902,0.08199999999999985
374,3B004873F2,114-2024-12-22,2024-12-22 10:10:33.355,0.1000426597534706,0.0037815440873325223,0.06
375,01103F97C4,119-2024-12-22,2024-12-22 10:13:10.354,0.1465330256810636,0.02583254945364796,0.052000000000000046
376,01103F9A64,120-2024-12-22,2024-12-22 10:13:33.353,0.17343810965076,0.027053856092868388,0.05699999999999994
377,01103F9A64,122-2024-12-22,2024-12-22 10:14:21.352,0.17343810965076,0.02585920674303635,0.05699999999999994
378,3B004CD4DE,126-2024-12-22,2024-12-22 10:21:24.352,0.098340039735647,0.014286844960596486,0.04400000000000004
379,3B004CD4DE,128-2024-12-22,2024-12-22 10:23:45.353,0.0994476367912997,0.01321074982523621,0.07099999999999995
380,3B004CD4DE,129-2024-12-22,2024-12-22 10:24:34.350,0.0994476367912997,0.014405094096120603,0.04499999999999993
381,3B00199DE5,134-2024-12-22,2024-12-22 10:30:13.347,0.1123533740676661,2.150738924966969e-05,0.006000000000000227
382,3B004873F2,136-2024-12-22,2024-12-22 10:38:12.348,0.094269773774899,0.012840688662900656,0.07500000000000001
383,3B00199DE5,137-2024-12-22,2024-12-22 10:39:26.347,0.1123533740676661,0.010829166561171133,0.04999999999999993
384,3B001857EE,138-2024-12-22,2024-12-22 10:39:51.346,0.0977687392677556,0.005065379020785518,0.04499999999999993
385,3B004873F2,139-2024-12-22,2024-12-22 10:40:14.346,0.1000426597534706,0.009812728945617473,0.08099999999999996
386,01103FA4B2,140-2024-12-22,2024-12-22 10:41:38.345,0.1070560818927257,0.015191905902575143,0.050999999999999934
387,3B00199DE5,143-2024-12-22,2024-12-22 10:41:59.345,0.0974486809167252,0.003232295645038929,0.06899999999999995
388,3B004873F2,144-2024-12-22,2024-12-22 10:42:21.346,0.0972068866676387,0.0056428202804315675,0.07800000000000029
389,3B004CD4DE,147-2024-12-22,2024-12-22 10:46:27.345,0.0994476367912997,0.014084009353323414,0.046999999999999986
390,3B004873F2,148-2024-12-22,2024-12-22 10:46:32.345,0.1000426597534706,0.004154249200364485,0.05300000000000005
391,3B0018C6F9,149-2024-12-22,2024-12-22 10:49:56.346,0.0981224075626449,0.010276329137270597,0.05399999999999994
392,3B0018A99B,152-2024-12-22,2024-12-22 10:50:56.344,0.0951097925836406,0.002787326257193203,0.030000000000000027
393,3B0019F652,154-2024-12-22,2024-12-22 10:52:01.346,0.0905389973583477,0.011527684703461334,0.052000000000000046
394,011016B2E1,156-2024-12-22,2024-12-22 10:59:32.342,0.0981873252689785,0.0034557523478506024,0.08899999999999997
395,011016B2E1,158-2024-12-22,2024-12-22 11:02:34.341,0.1034056593821557,0.0048602863002255945,0.038000000000000034
396,3B001857EE,159-2024-12-22,2024-12-22 11:02:39.340,0.0973028300534727,0.014491653078098403,0.04300000000000015
397,3B001857EE,160-2024-12-22,2024-12-22 11:02:53.342,0.0982860670160087,0.005185762354954611,0.04899999999999993
398,01103F97C4,161-2024-12-22,2024-12-22 11:03:13.341,0.1465775826310717,0.021760242533662887,0.07199999999999962
399,3B004873F2,163-2024-12-22,2024-12-22 11:04:58.340,0.0969779387728729,0.013251558406074473,0.052000000000000046
400,3B004873F2,164-2024-12-22,2024-12-22 11:05:09.340,0.1000426597534706,0.00014505768645134797,0.01799999999999996
401,3B004AB6A7,165-2024-12-22,2024-12-22 11:05:38.340,0.1003335166489211,8.871819564476836e-05,0.016999999999999904
402,01103F97C4,169-2024-12-22,2024-12-22 11:08:06.339,0.1618435114270358,0.025050778490619992,0.05799999999999983
403,3B0018C2F6,170-2024-12-22,2024-12-22 11:08:12.339,0.1548872358474068,0.02684930157737434,0.07599999999999996
404,01103F97C4,173-2024-12-22,2024-12-22 11:10:18.337,0.1618435114270358,0.02462131774951926,0.050999999999999934
405,3B0019B8CC,174-2024-12-22,2024-12-22 11:10:33.339,0.1538416953491121,0.02512168599006052,0.05600000000000005
406,3B00192E1E,176-2024-12-22,2024-12-22 11:11:40.338,0.1005858192823128,0.0031114072340463106,0.03500000000000014
407,3B0018C2F6,177-2024-12-22,2024-12-22 11:12:13.337,0.1576520521087552,0.024378724436739167,0.06099999999999994
408,3B004CD4DE,179-2024-12-22,2024-12-22 11:18:44.337,0.0994476367912997,0.014258770720311231,0.08499999999999996
409,3B0019B8CC,181-2024-12-22,2024-12-22 11:18:57.336,0.1594723602318773,0.02447506774003981,0.08099999999999996
410,3B001857EE,182-2024-12-22,2024-12-22 11:19:01.336,0.0812032526829754,0.0067910518198545005,0.06400000000000006
411,3B0019B8CC,184-2024-12-22,2024-12-22 11:20:45.335,0.1538416953491121,0.026105977648382676,0.05499999999999994
412,3B001857EE,186-2024-12-22,2024-12-22 11:22:03.334,0.0977687392677557,0.0032989878568088745,0.045999999999999985
413,3B001857EE,187-2024-12-22,2024-12-22 11:23:29.333,0.0977687392677557,0.004859690445655023,0.04899999999999993
414,3B004873F2,192-2024-12-22,2024-12-22 11:27:01.333,0.1000426597534706,0.013209758845397856,0.04599999999999993
415,3B001857EE,194-2024-12-22,2024-12-22 11:28:07.334,0.0977687392677557,0.005663704195386209,0.04700000000000004
416,3B004873F2,195-2024-12-22,2024-12-22 11:28:53.333,0.1000426597534706,0.012473304938790017,0.05900000000000016
417,3B004873F2,198-2024-12-22,2024-12-22 11:42:54.331,0.0969760482487569,0.0028427094521774137,0.049000000000000044
418,3B001857EE,199-2024-12-22,2024-12-22 11:43:47.332,0.0977687392677557,0.006076421916547274,0.04300000000000015
419,3B004873F2,200-2024-12-22,2024-12-22 11:44:03.331,0.0970627893002384,0.013747872092042914,0.052000000000000046
420,3B004873F2,202-2024-12-22,2024-12-22 11:53:18.329,0.097773528498202,0.01229231499166411,0.08099999999999996
421,3B004873F2,208-2024-12-22,2024-12-22 12:07:09.327,0.0996517654165881,0.014176724739985972,0.04899999999999993
422,01103F97C4,209-2024-12-22,2024-12-22 12:07:28.326,0.1618435114270358,0.023576522990417015,0.05200000000000049
423,01103F97C4,213-2024-12-22,2024-12-22 12:08:38.326,0.1618435114270358,0.023402932460902446,0.052000000000000046
424,3B0018A99B,214-2024-12-22,2024-12-22 12:10:01.324,0.0951097925836406,0.001986374692197709,0.06999999999999984
425,3B004CD4DE,217-2024-12-22,2024-12-22 12:11:31.325,0.0994476367912997,0.010284099140205706,0.07300000000000001
426,3B004CD4DE,218-2024-12-22,2024-12-22 12:14:03.325,0.0994476367912997,0.011479182722982465,0.04899999999999999
427,3B001857EE,219-2024-12-22,2024-12-22 12:19:13.323,0.0977687392677557,0.003134206045049398,0.03999999999999998
428,3B00192E1E,221-2024-12-22,2024-12-22 12:22:07.323,0.1005858192823128,0.0034891132376400633,0.0349999999999997
429,3B004873F2,224-2024-12-22,2024-12-22 12:30:57.320,0.1000426597534706,0.014606563164540638,0.06899999999999995
430,3B0019F652,225-2024-12-22,2024-12-22 12:36:10.318,0.0905389973583477,0.012205913407669801,0.05599999999999983
431,011016B2E1,226-2024-12-22,2024-12-22 12:36:37.319,0.1034056593821557,0.015220365425414542,0.04800000000000004
432,011016B2E1,227-2024-12-22,2024-12-22 12:44:11.320,0.0982545594863731,0.004459668122797874,0.038000000000000256
433,011016B2E1,228-2024-12-22,2024-12-22 12:47:22.319,0.1034056593821557,0.0036357230412687913,0.034999999999999976
434,3B001857EE,229-2024-12-22,2024-12-22 12:47:28.319,0.0977687392677557,0.004941252678890428,0.04800000000000004
435,3B004873F2,230-2024-12-22,2024-12-22 12:48:15.320,0.0971654671624592,0.013972407994149554,0.052000000000000046
436,3B00186A36,231-2024-12-22,2024-12-22 12:48:32.319,0.1177048050359731,0.00030156079758727816,0.017000000000000015
437,01103F97C4,232-2024-12-22,2024-12-22 12:48:44.319,0.1618435114270358,0.02462097512987444,0.05699999999999994
438,3B00192E1E,233-2024-12-22,2024-12-22 12:48:52.318,0.0972512410329318,0.012359953588414992,0.04899999999999993
439,3B001857EE,234-2024-12-22,2024-12-22 12:49:10.319,0.0977687392677557,0.0001451194592989994,0.017000000000000015
440,3B004873F2,235-2024-12-22,2024-12-22 12:49:31.319,0.1000426597534706,0.013638949683319027,0.050000000000000044
441,01103F9A64,236-2024-12-22,2024-12-22 12:49:36.318,0.1734381096507601,0.027270708867608313,0.05300000000000038
442,01103F9A64,240-2024-12-22,2024-12-22 12:54:00.318,0.1742951453380193,0.028679909200399506,0.05600000000000005
443,3B0018A99B,241-2024-12-22,2024-12-22 13:00:09.316,0.0951097925836405,0.004036387210605866,0.040000000000000036
444,3B0019F652,243-2024-12-22,2024-12-22 13:00:18.316,0.0841511374893488,0.012060567329038164,0.062000000000000055
445,3B00182A81,244-2024-12-22,2024-12-22 13:00:24.316,0.0963184177398437,0.01185682916569124,0.04200000000000026
446,3B00192E1E,245-2024-12-22,2024-12-22 13:01:34.315,0.097328791035641,0.010268597886731373,0.06099999999999994
447,01103F97C4,249-2024-12-22,2024-12-22 13:02:37.316,0.1618435114270358,0.023451826892751652,0.07099999999999995
448,3B0019B8CC,250-2024-12-22,2024-12-22 13:02:43.316,0.1538416953491121,0.025325708834351226,0.05699999999999994
449,3B001857EE,252-2024-12-22,2024-12-22 13:03:49.317,0.0977687392677557,0.0041236318336065675,0.052000000000000046
450,3B00192E1E,253-2024-12-22,2024-12-22 13:04:37.315,0.1005858192823128,0.01001380064020459,0.05499999999999994
451,3B004873F2,255-2024-12-22,2024-12-22 13:05:27.316,0.0987796204829241,0.010794215558206186,0.06499999999999995
452,3B0019F652,258-2024-12-22,2024-12-22 13:07:20.315,0.0885666016905213,0.01192832713883208,0.05699999999999994
453,3B001857EE,261-2024-12-22,2024-12-22 13:10:03.314,0.0977687392677557,0.004806431578143194,0.04600000000000004
454,3B001857EE,264-2024-12-22,2024-12-22 13:12:11.314,0.0977687392677557,0.005735811503830561,0.04400000000000004
455,01103F97C4,267-2024-12-22,2024-12-22 13:18:27.314,0.1618435114270358,0.024289810994847907,0.04899999999999999
456,3B004CD4DE,268-2024-12-22,2024-12-22 13:27:46.312,0.0994476367912997,0.009612462127910731,0.07500000000000001
457,3B001857EE,269-2024-12-22,2024-12-22 13:27:50.311,0.0977687392677557,0.005933686021307928,0.05499999999999994
458,3B004CD4DE,270-2024-12-22,2024-12-22 13:31:48.312,0.0958089211313919,0.014713460389298987,0.07799999999999985
459,3B004873F2,272-2024-12-22,2024-12-22 13:37:05.310,0.0967421965190226,0.014227207303386157,0.049000000000000044
460,3B00192E1E,273-2024-12-22,2024-12-22 13:37:11.312,0.1005858192823128,0.003967553120922496,0.03700000000000003
461,3B00182A81,275-2024-12-22,2024-12-22 13:38:27.310,0.0991547467342567,0.0031021304770649507,0.07499999999999996
462,3B00182A81,279-2024-12-22,2024-12-22 13:43:36.311,0.0966200436943591,0.004049437075415481,0.061999999999999944
463,3B004CD4DE,280-2024-12-22,2024-12-22 13:44:15.310,0.0960834636958426,0.013743750983269774,0.04599999999999982
464,3B001857EE,281-2024-12-22,2024-12-22 13:46:13.311,0.0977687392677557,0.006572306121719403,0.04799999999999999
465,3B004CD4DE,282-2024-12-22,2024-12-22 13:46:53.309,0.0994476367912997,0.011030136498438448,0.06800000000000006
466,3B0018C6F9,283-2024-12-22,2024-12-22 13:50:31.311,0.0981224075626449,0.0026289158609001584,0.057999999999999996
467,3B00199DE5,284-2024-12-22,2024-12-22 13:50:37.309,0.1123533740676661,0.012005853931216887,0.05400000000000005
468,01103F9A64,286-2024-12-22,2024-12-22 13:50:56.310,0.176514474418616,0.03639913529450857,0.053999999999999826
469,01103F9A64,289-2024-12-22,2024-12-22 13:54:15.309,0.1734381096507601,0.030023868975451604,0.06800000000000006
470,3B004873F2,290-2024-12-22,2024-12-22 13:54:20.310,0.1000426597534706,0.013818978011862212,0.04999999999999993
471,01103F9A64,293-2024-12-22,2024-12-22 14:03:14.306,0.1803197429806088,0.026007578148270597,0.07899999999999974
472,3B0019F652,297-2024-12-22,2024-12-22 14:08:45.306,0.0905389973583477,0.003484873233642896,0.035999999999999976
473,3B004873F2,301-2024-12-22,2024-12-22 14:22:11.302,0.1000426597534706,0.012407243193564925,0.07500000000000007
474,3B004CD4DE,302-2024-12-22,2024-12-22 14:22:21.301,0.0994476367912997,0.010531284598762607,0.05900000000000005
475,3B0019F652,304-2024-12-22,2024-12-22 14:23:19.302,0.0905389973583477,0.00048343106773882615,0.018000000000000016
476,3B004873F2,305-2024-12-22,2024-12-22 14:24:23.303,0.1000426597534706,0.013795926374388508,0.04899999999999993
477,3B00192E1E,306-2024-12-22,2024-12-22 14:24:37.300,0.1005858192823128,0.012623238531410789,0.050999999999999934
478,3B0019F652,307-2024-12-22,2024-12-22 14:26:13.302,0.0905389973583477,0.0021084187800506095,0.04999999999999999
479,3B00192E1E,309-2024-12-22,2024-12-22 14:28:18.302,0.1005858192823128,0.010878343768631076,0.08200000000000007
480,01103F97C4,311-2024-12-22,2024-12-22 14:28:28.301,0.1618435114270357,0.025573060247299804,0.05300000000000016
481,3B004873F2,312-2024-12-22,2024-12-22 14:28:39.299,0.1000426597534706,0.003956307503831223,0.04800000000000004
482,3B001857EE,313-2024-12-22,2024-12-22 14:29:42.302,0.0977687392677557,0.005698056155721548,0.04599999999999982
483,01103F97C4,316-2024-12-22,2024-12-22 14:30:40.299,0.1633741859577452,0.026218698279170224,0.052000000000000046
484,011016B2E1,320-2024-12-22,2024-12-22 14:34:02.299,0.1034056593821557,0.015467586659478704,0.04699999999999993
485,3B004CD4DE,322-2024-12-22,2024-12-22 14:37:10.298,0.0987031125762391,0.0013896009106422027,0.10999999999999999
486,3B001857EE,323-2024-12-22,2024-12-22 14:37:38.301,0.0977687392677557,0.007212687637832692,0.04799999999999993
487,3B00186A36,325-2024-12-22,2024-12-22 14:40:02.299,0.1177048050359731,0.0006121170420404932,0.04299999999999993
488,3B001857EE,326-2024-12-22,2024-12-22 14:40:41.300,0.0779222616828208,0.0017388883840787294,0.05600000000000005
489,01103F97C4,328-2024-12-22,2024-12-22 14:42:17.299,0.159439337006261,0.024573802497670112,0.04999999999999982
490,3B00192E1E,329-2024-12-22,2024-12-22 14:42:21.298,0.1005858192823128,0.01088783092603859,0.06999999999999984
491,011016B2E1,330-2024-12-22,2024-12-22 14:43:39.299,0.0873207759803356,0.006490974036242864,0.04200000000000004
492,01103F97C4,334-2024-12-22,2024-12-22 14:46:45.299,0.1604116169868989,0.026786414467372895,0.04800000000000004
493,3B004873F2,335-2024-12-22,2024-12-22 14:48:37.298,0.1000426597534706,0.014323940973264157,0.04899999999999999
494,011016B2E1,337-2024-12-22,2024-12-22 14:48:51.298,0.1034056593821557,0.015594811681382412,0.04600000000000004
495,3B004873F2,338-2024-12-22,2024-12-22 14:52:22.298,0.1000426597534706,0.012874273234495977,0.08000000000000007
496,01103F9A64,339-2024-12-22,2024-12-22 14:52:35.298,0.1734381096507601,0.02897864690939492,0.05399999999999994
497,01103F9A64,341-2024-12-22,2024-12-22 14:56:06.296,0.17343810965076,0.031034465396774773,0.05699999999999994
498,011016B2E1,344-2024-12-22,2024-12-22 14:57:05.297,0.1034214401718883,0.014851844017925421,0.04800000000000004
499,01103F97C4,345-2024-12-22,2024-12-22 14:57:23.297,0.1652825512909186,0.02525481414166263,0.07299999999999995
500,3B001857EE,347-2024-12-22,2024-12-22 14:58:25.298,0.0977687392677557,0.012778722634117194,0.05400000000000005
501,3B00192E1E,348-2024-12-22,2024-12-22 14:59:15.296,0.1005858192823128,0.012017216353615948,0.05099999999999999
502,01103F9A64,349-2024-12-22,2024-12-22 14:59:26.296,0.187916408153421,0.027669122902170273,0.04899999999999993
503,3B0019B8CC,350-2024-12-22,2024-12-22 14:59:40.296,0.1538416953491122,0.028097522117240707,0.05499999999999999
504,011016B2E1,352-2024-12-22,2024-12-22 14:59:51.296,0.1034056593821557,0.015434269262727802,0.04699999999999993
505,3B0019B8CC,353-2024-12-22,2024-12-22 15:02:30.296,0.1538416953491121,0.028436139380624614,0.08099999999999996
506,3B0019F652,354-2024-12-22,2024-12-22 15:02:36.296,0.0905389973583477,0.01994972118534379,0.10899999999999999
507,3B00199DE5,355-2024-12-22,2024-12-22 15:02:41.295,0.1123533740676661,0.013247624387883865,0.05699999999999994
508,01103F9A64,360-2024-12-22,2024-12-22 15:13:31.293,0.17343810965076,0.026063252873815702,0.07000000000000006
509,01103F97C4,361-2024-12-22,2024-12-22 15:13:54.294,0.1694913714007045,0.024288641624898976,0.07199999999999918
510,01103F97C4,364-2024-12-22,2024-12-22 15:18:17.292,0.1618435114270358,0.025282140428708723,0.04800000000000004
511,01103F97C4,365-2024-12-22,2024-12-22 15:19:58.292,0.1686447503456519,0.026137290691563606,0.05600000000000005
512,01103F97C4,366-2024-12-22,2024-12-22 15:20:47.292,0.1644931050895774,0.03107028847772076,0.05400000000000005
513,01103F97C4,367-2024-12-22,2024-12-22 15:21:01.293,0.163641148180173,0.02645841403015397,0.051000000000000156
514,3B00199DE5,369-2024-12-22,2024-12-22 15:21:35.293,0.1031094739551505,0.01585375429721251,0.04899999999999993
515,01103F97C4,370-2024-12-22,2024-12-22 15:22:08.292,0.163356767458935,0.026379779009528495,0.05099999999999971
516,3B0019F652,371-2024-12-22,2024-12-22 15:22:56.292,0.0905389973583477,0.0023142781440383354,0.03499999999999992
517,3B004873F2,375-2024-12-22,2024-12-22 15:40:23.292,0.1000426597534706,0.014481134863102986,0.046999999999999986
518,3B004873F2,376-2024-12-22,2024-12-22 15:42:10.292,0.0988056086068905,0.014031364354365165,0.051999999999999824
519,3B00182A81,379-2024-12-22,2024-12-22 15:50:22.290,0.0985212965974723,0.0028217751523589196,0.07600000000000001
520,3B004873F2,381-2024-12-22,2024-12-22 15:51:19.293,0.1000426597534706,0.013197409682377268,0.05600000000000005
521,011016B2E1,383-2024-12-22,2024-12-22 15:56:15.290,0.1034056593821557,0.008371838102099852,0.07599999999999985
522,011016B2E1,384-2024-12-22,2024-12-22 15:57:47.288,0.1028667443772133,0.003772894894562565,0.03599999999999959
523,3B00186A36,387-2024-12-22,2024-12-22 15:59:01.288,0.1177048050359731,0.00072460992063097,0.03200000000000003
524,3B00186A36,388-2024-12-22,2024-12-22 16:00:23.288,0.0956899563311259,0.0027270055250983925,0.06999999999999984
525,3B0018A99B,389-2024-12-22,2024-12-22 16:00:27.288,0.0951097925836405,0.003663364889996953,0.03300000000000014
526,3B0018A99B,392-2024-12-22,2024-12-22 16:02:13.287,0.0951097925836406,0.00383326507185634,0.03299999999999992
527,3B0018A99B,394-2024-12-22,2024-12-22 16:03:02.289,0.0951097925836406,0.004507557797701614,0.03600000000000003
528,3B004CD4DE,4-2024-12-30,2024-12-30 08:11:46.952,0.0994476367912997,0.015058781833769394,0.050000000000000044
529,3B0019B8CC,5-2024-12-30,2024-12-30 08:16:21.948,0.1546928998638901,0.026212181011109226,0.05600000000000005
530,3B0019B8CC,6-2024-12-30,2024-12-30 08:17:23.949,0.1559398976945933,0.023860526088654282,0.05600000000000005
531,3B00182A81,7-2024-12-30,2024-12-30 08:17:33.950,0.0991547467342567,0.011182778418196624,0.044999999999999984
532,3B00199DE5,8-2024-12-30,2024-12-30 08:17:53.950,0.1123533740676661,0.011134356402785667,0.052000000000000046
533,3B00190DF0,9-2024-12-30,2024-12-30 08:17:57.950,0.1858377627654824,0.030226095752807193,0.049000000000000044
534,3B0019B8CC,10-2024-12-30,2024-12-30 08:18:51.948,0.1538416953491121,0.025951414956024516,0.050000000000000044
535,3B0019B8CC,15-2024-12-30,2024-12-30 08:20:52.948,0.1557059583986899,0.003940766987062184,0.08400000000000007
536,3B004CD4DE,17-2024-12-30,2024-12-30 08:21:10.948,0.0979790878148781,0.0136273007542024,0.04600000000000004
537,3B00190DF0,18-2024-12-30,2024-12-30 08:22:15.949,0.1687962978795278,0.02272772451344905,0.05300000000000016
538,3B004CD4DE,19-2024-12-30,2024-12-30 08:22:45.947,0.0976154985712006,0.013576680445175062,0.04400000000000004
539,3B00192E1E,21-2024-12-30,2024-12-30 08:24:17.948,0.1005858192823128,0.0028873044610797562,0.031000000000000028
540,3B00190DF0,22-2024-12-30,2024-12-30 08:24:32.946,0.1858377627654824,0.027559091762047003,0.04599999999999982
541,01103F9A64,23-2024-12-30,2024-12-30 08:24:47.948,0.1686981796187518,0.02547219166477109,0.053999999999999826
542,3B0019B8CC,24-2024-12-30,2024-12-30 08:24:53.950,0.1538416953491121,0.020141649807660165,0.05799999999999994
543,3B00190DF0,27-2024-12-30,2024-12-30 08:25:44.949,0.1684395087544307,0.024542696386109945,0.052999999999999936
544,3B00192E1E,28-2024-12-30,2024-12-30 08:26:19.949,0.0921915103794029,0.0032724501285580744,0.07799999999999996
545,3B00190DF0,30-2024-12-30,2024-12-30 08:26:48.947,0.1699587932385697,0.02327127871570291,0.05699999999999994
546,3B00182A81,33-2024-12-30,2024-12-30 08:42:41.946,0.0991547467342567,0.004123808880262195,0.055999999999999994
547,3B0018D520,34-2024-12-30,2024-12-30 08:42:52.946,0.1021846413898618,0.014423867950559851,0.04800000000000004
548,3B0018D520,38-2024-12-30,2024-12-30 08:46:58.945,0.1021846413898618,0.011823258334512319,0.04799999999999999
549,3B0018D520,40-2024-12-30,2024-12-30 08:55:22.943,0.0965338616511292,0.011790119979946903,0.05099999999999971
550,3B00190DF0,41-2024-12-30,2024-12-30 08:55:39.943,0.1858377627654824,0.030984148607058615,0.04899999999999993
551,01103F9A64,42-2024-12-30,2024-12-30 08:55:49.945,0.17343810965076,0.02850628146888141,0.05399999999999994
552,01103F9A64,44-2024-12-30,2024-12-30 09:00:16.942,0.172243140423553,0.03217352435608404,0.05200000000000049
553,3B00190DF0,45-2024-12-30,2024-12-30 09:01:56.941,0.1858377627654824,0.031332211027856334,0.049000000000000155
554,3B00192E1E,46-2024-12-30,2024-12-30 09:02:07.942,0.1005858192823128,0.009179246509419781,0.05399999999999999
555,01103F9A64,47-2024-12-30,2024-12-30 09:02:19.941,0.1726714738986926,0.03176784492225424,0.051999999999999824
556,3B0018D520,48-2024-12-30,2024-12-30 09:02:23.941,0.0940838217997269,0.01180050986133075,0.05899999999999994
557,3B004873F2,53-2024-12-30,2024-12-30 09:08:14.940,0.1000426597534706,0.010764779600527023,0.04600000000000004
558,3B004873F2,54-2024-12-30,2024-12-30 09:09:08.940,0.1000426597534706,0.011529257439731959,0.07299999999999995
559,011016B2E1,55-2024-12-30,2024-12-30 09:09:49.940,0.1034056593821557,9.025082618432551e-06,0.04800000000000182
560,01103FD2E8,56-2024-12-30,2024-12-30 09:13:29.937,0.1459443602257775,0.029344430266332423,0.05699999999999994
561,3B004873F2,57-2024-12-30,2024-12-30 09:13:36.937,0.1000426597534706,0.013281261255802663,0.051000000000000156
562,011016B2E1,61-2024-12-30,2024-12-30 09:16:07.937,0.1034056593821557,0.014146680397811567,0.04700000000000004
563,3B001857EE,62-2024-12-30,2024-12-30 09:16:30.938,0.0977687392677557,0.006002907780819031,0.04400000000000004
564,3B001857EE,63-2024-12-30,2024-12-30 09:17:27.939,0.0977687392677557,0.011853826919026538,0.06400000000000006
565,01103FD2E8,64-2024-12-30,2024-12-30 09:18:06.941,0.1459443602257775,0.029883347316663252,0.052999999999999936
566,01103FD2E8,65-2024-12-30,2024-12-30 09:19:04.936,0.1459443602257775,0.0276995715594455,0.053999999999999826
567,3B00192E1E,66-2024-12-30,2024-12-30 09:19:15.939,0.1005858192823128,0.003158126959810925,0.03500000000000003
568,3B004873F2,67-2024-12-30,2024-12-30 09:19:36.938,0.1000426597534706,0.014112707465848253,0.046999999999999986
569,01103F9A64,70-2024-12-30,2024-12-30 09:29:23.935,0.1744321086579065,0.031862374889069275,0.051000000000000156
570,3B00190DF0,71-2024-12-30,2024-12-30 09:29:31.935,0.1725912155800689,0.025670403738868884,0.06000000000000005
571,3B0018D520,75-2024-12-30,2024-12-30 09:30:17.935,0.1021846413898618,0.012101327175365655,0.05399999999999999
572,3B001857EE,76-2024-12-30,2024-12-30 09:30:20.935,0.0977687392677557,0.013901796070247746,0.056999999999999995
573,011016B2E1,77-2024-12-30,2024-12-30 09:30:33.935,0.1034056593821557,-0.0012989687882653629,0.07400000000000007
574,3B00192E1E,80-2024-12-30,2024-12-30 09:31:47.934,0.1005858192823128,0.003388986044505926,0.05400000000000005
575,01103F9A64,81-2024-12-30,2024-12-30 09:31:54.934,0.1741438957302248,0.00703886978006417,0.07499999999999996
576,01103F9A64,86-2024-12-30,2024-12-30 09:34:00.934,0.1767184663475563,0.03230236458686409,0.052999999999999936
577,3B001857EE,87-2024-12-30,2024-12-30 09:34:46.934,0.0977687392677557,0.0058480467972318005,0.04200000000000004
578,3B00186448,89-2024-12-30,2024-12-30 09:42:12.933,0.1516095260475985,0.030128733521332197,0.06299999999999972
579,3B00186448,91-2024-12-30,2024-12-30 09:44:04.934,0.1720324744783095,0.026193457878000252,0.05500000000000005
580,3B001877B5,92-2024-12-30,2024-12-30 09:49:57.931,0.1606585764672204,0.023569542586663748,0.05899999999999994
581,3B004CD4DE,96-2024-12-30,2024-12-30 09:53:50.931,0.0994476367912997,0.000369978352671076,0.01200000000000001
582,3B001877B5,100-2024-12-30,2024-12-30 09:55:47.931,0.1632102912015287,0.019061167076335074,0.06400000000000006
583,3B00192E1E,102-2024-12-30,2024-12-30 09:56:42.931,0.0976639243558517,0.00350414367703655,0.06899999999999995
584,01103F97C4,103-2024-12-30,2024-12-30 09:56:51.931,0.1476557653518743,0.02384801162460367,0.05899999999999972
585,011016B2E1,105-2024-12-30,2024-12-30 09:57:45.932,0.1034056593821557,0.014640138343835239,0.04500000000000004
586,011016B2E1,109-2024-12-30,2024-12-30 09:59:53.929,0.1034056593821557,-0.00032880172107278214,0.029999999999999805
587,01103FD532,111-2024-12-30,2024-12-30 10:01:29.928,0.1676166163072031,0.026921230216974935,0.050000000000000044
588,3B0018D520,113-2024-12-30,2024-12-30 10:06:23.928,0.0968490839196881,0.012485787453167163,0.05800000000000005
589,3B001877B5,115-2024-12-30,2024-12-30 10:06:45.928,0.1782068500941566,0.02391316372314449,0.061000000000000054
590,01103F97C4,118-2024-12-30,2024-12-30 10:08:29.928,0.0937837589219317,0.011846317898367697,0.050000000000000266
591,3B0019B8CC,119-2024-12-30,2024-12-30 10:08:41.928,0.1578032486979221,0.025700679280318373,0.08099999999999996
592,3B0019B8CC,122-2024-12-30,2024-12-30 10:09:25.928,0.1524010050891847,0.0253080040025284,0.04800000000000004
593,01103FD2E8,123-2024-12-30,2024-12-30 10:09:37.927,0.1459443602257775,0.028150331768592753,0.05600000000000005
594,3B004873F2,124-2024-12-30,2024-12-30 10:10:13.928,0.1000426597534706,0.01405609458953503,0.049000000000000044
595,3B0019B8CC,126-2024-12-30,2024-12-30 10:11:20.927,0.1538416953491122,0.027100991857863386,0.052000000000000046
596,3B0019B8CC,127-2024-12-30,2024-12-30 10:12:16.928,0.1538416953491122,0.025556176286298506,0.050999999999999934
597,01103FD532,128-2024-12-30,2024-12-30 10:12:26.926,0.1676166163072031,0.029020245279872698,0.06099999999999994
598,3B004873F2,129-2024-12-30,2024-12-30 10:12:33.926,0.1000426597534706,0.01395264800358249,0.04800000000000004
599,01103FD2E8,130-2024-12-30,2024-12-30 10:13:03.926,0.1459443602257775,0.011643242563808708,0.05899999999999972
600,3B00186448,131-2024-12-30,2024-12-30 10:13:41.926,0.1605933771267244,0.026957901439578942,0.07699999999999996
601,01103FD532,135-2024-12-30,2024-12-30 10:15:17.925,0.1676166163072031,0.027241271006605127,0.05999999999999983
602,3B00186448,138-2024-12-30,2024-12-30 10:16:02.925,0.1656995091464558,0.027519466331895448,0.06000000000000005
603,3B0019B8CC,140-2024-12-30,2024-12-30 10:16:22.924,0.1538416953491122,0.025160390221513756,0.05600000000000005
604,3B0019B8CC,141-2024-12-30,2024-12-30 10:17:10.924,0.1538416953491121,0.020577726493968822,0.06800000000000006
605,3B00192E1E,142-2024-12-30,2024-12-30 10:17:25.924,0.1005858192823128,0.0036642233117552252,0.032999999999999974
606,01103FD2E8,143-2024-12-30,2024-12-30 10:18:28.925,0.156467850608837,0.02736445148044667,0.05400000000000027
607,3B0019F652,146-2024-12-30,2024-12-30 10:56:46.923,0.0905389973583477,0.004256275026574783,0.03799999999999998
608,3B004873F2,148-2024-12-30,2024-12-30 11:04:32.922,0.1000426597534706,0.01092551927167068,0.07099999999999995
609,3B001857EE,150-2024-12-30,2024-12-30 11:16:48.919,0.0977687392677556,0.006179880935770304,0.04400000000000004
610,3B004873F2,151-2024-12-30,2024-12-30 11:28:00.919,0.1000426597534706,0.012809018586894516,0.06600000000000006
611,3B00190DF0,152-2024-12-30,2024-12-30 11:28:08.919,0.1858377627654824,0.024161512490560692,0.04700000000000015
612,3B00186448,153-2024-12-30,2024-12-30 11:28:16.918,0.1720324744783095,0.027158755874077817,0.05500000000000016
613,3B001857EE,157-2024-12-30,2024-12-30 11:32:07.917,0.0977687392677557,0.009563523222237575,0.08199999999999996
614,3B00186448,159-2024-12-30,2024-12-30 11:33:37.918,0.1624284777711811,0.028553469974492096,0.05600000000000005
615,3B0019F652,161-2024-12-30,2024-12-30 11:33:52.917,0.0905389973583477,0.0036074519065199774,0.03199999999999997
616,01103F9A64,162-2024-12-30,2024-12-30 11:34:35.919,0.1734381096507601,0.0311223390118245,0.053999999999999826
617,3B00186448,165-2024-12-30,2024-12-30 11:35:01.918,0.1666179776779393,0.027685469550120065,0.05600000000000005
618,3B0019F652,166-2024-12-30,2024-12-30 11:35:21.919,0.0905389973583477,-6.963130620215144e-05,0.040000000000000036
619,3B0019B8CC,167-2024-12-30,2024-12-30 11:35:37.917,0.1538416953491121,0.027465031415342886,0.051999999999999935
620,01103F97C4,168-2024-12-30,2024-12-30 11:36:42.918,0.1618435114270358,0.02370301913450843,0.05499999999999994
621,3B00190DF0,169-2024-12-30,2024-12-30 11:36:45.916,0.1858377627654824,0.023514208068461266,0.04799999999999999
622,01103F9A64,170-2024-12-30,2024-12-30 11:37:05.917,0.17343810965076,0.03327288119575658,0.052000000000000046
623,3B001877B5,171-2024-12-30,2024-12-30 11:37:25.916,0.1614634192786702,0.024674392582999843,0.05999999999999983
624,3B00186448,172-2024-12-30,2024-12-30 11:37:52.917,0.1720324744783095,0.02883519085043116,0.052999999999999936
625,01103F97C4,177-2024-12-30,2024-12-30 11:38:48.916,0.1618435114270358,0.002199983920881089,0.07500000000000018
626,3B0019F652,180-2024-12-30,2024-12-30 11:39:19.917,0.0905389973583477,0.005318679106616322,0.038999999999999924
627,3B004873F2,181-2024-12-30,2024-12-30 11:39:23.916,0.1000426597534706,0.014332419736852975,0.045999999999999985
628,3B0018C2F6,185-2024-12-30,2024-12-30 11:39:54.916,0.1576520521087552,0.022150468939737048,0.057000000000000384
629,3B004873F2,186-2024-12-30,2024-12-30 11:40:16.917,0.1000426597534706,0.014281963769148528,0.04699999999999993
630,3B0019B8CC,187-2024-12-30,2024-12-30 11:40:24.916,0.1538416953491121,0.02726999639720574,0.052000000000000046
631,3B00190DF0,190-2024-12-30,2024-12-30 11:41:40.915,0.1748761283945401,0.02320730289886162,0.04600000000000004
632,01103F9A64,192-2024-12-30,2024-12-30 11:42:08.917,0.17343810965076,0.00743344247850941,0.04399999999999982
633,3B0018C2F6,193-2024-12-30,2024-12-30 11:42:35.916,0.1514174582370624,0.022572957637401102,0.05600000000000005
634,3B004B0F76,195-2024-12-30,2024-12-30 11:44:29.915,0.0930241340811426,0.03192758200731854,0.06600000000000072
635,3B0018C2F6,196-2024-12-30,2024-12-30 11:45:46.915,0.157378110662557,0.029755895188651394,0.04700000000000015
636,3B0018C2F6,197-2024-12-30,2024-12-30 11:46:52.915,0.1576520521087552,0.022816990723800404,0.050000000000000044
637,3B0019B8CC,198-2024-12-30,2024-12-30 11:46:59.916,0.1571752458119988,0.026687207256222843,0.04899999999999993
638,3B00186448,200-2024-12-30,2024-12-30 11:48:13.914,0.1720324744783095,0.0280122867915716,0.05400000000000027
639,01103F97C4,202-2024-12-30,2024-12-30 11:53:15.918,0.1618435114270358,0.02289932370488756,0.07200000000000006
640,3B0019F652,205-2024-12-30,2024-12-30 11:59:22.914,0.0905389973583477,0.00864466681096373,0.06
641,3B001857EE,210-2024-12-30,2024-12-30 12:00:37.914,0.0977687392677556,0.00625091970761437,0.043999999999999984
642,01103F97C4,213-2024-12-30,2024-12-30 12:01:03.912,0.1618435114270358,5.607315267474616e-05,0.006000000000000005
643,01103FD2E8,214-2024-12-30,2024-12-30 12:03:27.912,0.1527308585860836,0.00553532081346741,0.07699999999999996
644,3B0018C2F6,215-2024-12-30,2024-12-30 12:03:35.913,0.1576520521087552,0.023601609445466472,0.06799999999999984
645,3B0019B8CC,216-2024-12-30,2024-12-30 12:03:45.913,0.1538416953491121,0.025434709320572214,0.04899999999999999
646,01103FD2E8,218-2024-12-30,2024-12-30 12:04:36.915,0.1459443602257775,0.006177483551289144,0.09099999999999997
647,3B001857EE,219-2024-12-30,2024-12-30 12:04:42.911,0.0977687392677557,1.5185972828478806e-05,0.0050000000000000044
648,01103FD532,223-2024-12-30,2024-12-30 12:06:18.912,0.1667702398881075,0.025759686436153117,0.05400000000000027
649,3B0018C2F6,224-2024-12-30,2024-12-30 12:06:29.912,0.1576520521087552,0.024558376910824863,0.07199999999999995
650,01103F97C4,225-2024-12-30,2024-12-30 12:06:35.910,0.1575199718508067,0.003530749038482654,0.04800000000000004
651,0700ED9568,229-2024-12-30,2024-12-30 12:07:31.912,0.1575964314210749,0.02078262295152316,0.06600000000000006
652,01103F97C4,230-2024-12-30,2024-12-30 12:07:43.911,0.1618435114270358,0.0043332983918743795,0.08299999999999996
653,3B00190DF0,231-2024-12-30,2024-12-30 12:07:54.911,0.1755099000599881,0.024222647724776822,0.05600000000000005
654,3B00186448,232-2024-12-30,2024-12-30 12:08:01.912,0.1720324744783095,0.025337859098896645,0.07399999999999984
655,01103FD2E8,233-2024-12-30,2024-12-30 12:08:12.911,0.1459443602257775,0.008778845715341738,0.052999999999999936
656,3B00192E1E,234-2024-12-30,2024-12-30 12:08:16.911,0.1005858192823128,0.002185554527957491,0.066
657,3B004873F2,236-2024-12-30,2024-12-30 12:09:10.909,0.0958996061397859,0.014385158470622108,0.05300000000000005
658,3B00190DF0,237-2024-12-30,2024-12-30 12:09:19.910,0.1858377627654824,0.02720854842331274,0.06700000000000017
659,3B001877B5,238-2024-12-30,2024-12-30 12:09:37.911,0.1629480281343632,0.02207561041058619,0.07000000000000028
660,3B0018D520,239-2024-12-30,2024-12-30 12:09:53.912,0.1021846413898618,0.011804085251130346,0.050000000000000044
661,01103F9A64,240-2024-12-30,2024-12-30 12:09:57.910,0.17343810965076,0.005105023351846235,0.07800000000000001
662,01103FD2E8,241-2024-12-30,2024-12-30 12:10:10.910,0.1550225608828028,0.0043144102133489395,0.10499999999999998
663,3B00192E1E,244-2024-12-30,2024-12-30 12:10:28.910,0.1005858192823128,0.011772981635092388,0.05399999999999999
664,3B0018D520,245-2024-12-30,2024-12-30 12:10:49.910,0.0959727523093484,0.0023703891610789636,0.1080000000000001
665,3B001877B5,248-2024-12-30,2024-12-30 12:11:25.910,0.1602042838490591,0.02238324530328348,0.07700000000000007
666,3B00190DF0,249-2024-12-30,2024-12-30 12:11:31.909,0.1806238863294013,0.024024623370423753,0.06899999999999995
667,3B0019F652,251-2024-12-30,2024-12-30 12:12:23.911,0.0905389973583477,0.0025057530585351063,0.032999999999999974
668,3B004CD4DE,254-2024-12-30,2024-12-30 12:12:49.908,0.1701731427370128,0.008286870430941036,0.07500000000000007
669,3B0018D520,258-2024-12-30,2024-12-30 12:13:38.909,0.1021846413898618,0.0007239724079334862,0.016999999999999904
670,01103F9A64,261-2024-12-30,2024-12-30 12:14:05.910,0.1746304733331192,0.0342296089691412,0.0519999999999996
671,3B001877B5,262-2024-12-30,2024-12-30 12:14:10.909,0.1635970566558373,0.019855988520752748,0.08699999999999974
672,3B0018D520,264-2024-12-30,2024-12-30 12:15:16.909,0.086304650173275,0.005284322646644465,0.06499999999999995
673,01103FD532,265-2024-12-30,2024-12-30 12:15:20.908,0.167616616307203,0.00539260573803789,0.10200000000000009
674,3B00190DF0,266-2024-12-30,2024-12-30 12:15:34.908,0.174497907575017,0.03100473133133378,0.07400000000000029
675,3B0019F652,268-2024-12-30,2024-12-30 12:15:47.908,0.0905389973583477,0.003370111382042769,0.038999999999999924
676,3B00186448,269-2024-12-30,2024-12-30 12:16:27.909,0.1720324744783095,0.028156965325946113,0.05499999999999994
677,3B0018C2F6,270-2024-12-30,2024-12-30 12:16:37.909,0.1609012704503494,0.027822913438357473,0.04800000000000004
678,3B004873F2,273-2024-12-30,2024-12-30 12:17:25.908,0.1000426597534706,0.012244085937474185,0.05400000000000005
679,3B0018C2F6,274-2024-12-30,2024-12-30 12:17:51.908,0.1217446457003788,0.024192258560883088,0.07299999999999951
680,01103FD532,276-2024-12-30,2024-12-30 12:18:05.907,0.167616616307203,0.008747276720443885,0.041999999999999926
681,3B00186448,277-2024-12-30,2024-12-30 12:18:24.907,0.1720324744783095,6.014417858469909e-05,0.030999999999998806
682,01103FA4B2,279-2024-12-30,2024-12-30 12:19:14.908,0.1070560818927257,0.013008052164834864,0.051000000000000156
683,3B00186448,280-2024-12-30,2024-12-30 12:19:29.909,0.1720324744783095,6.704306820409725e-05,0.01100000000000001
684,3B004C5268,281-2024-12-30,2024-12-30 12:19:54.909,0.0869926524590599,0.0005385975592342701,0.027000000000000024
685,3B00186448,283-2024-12-30,2024-12-30 12:20:19.907,0.1686700997965013,0.02872645114384314,0.06199999999999983
686,3B001877B5,284-2024-12-30,2024-12-30 12:20:24.907,0.1623070059467591,0.020360756359197967,0.07500000000000018
687,3B0019B8CC,286-2024-12-30,2024-12-30 12:21:35.907,0.1584888706399936,0.020334600410694265,0.07200000000000006
688,01103F9A64,287-2024-12-30,2024-12-30 12:21:47.907,0.1775647431885448,0.005407253122976816,0.07299999999999995
689,3B004873F2,288-2024-12-30,2024-12-30 12:21:53.906,0.1000426597534706,0.014094773864586716,0.04999999999999999
690,3B004873F2,291-2024-12-30,2024-12-30 12:23:48.906,0.1000426597534706,0.003484388487424196,0.052000000000000046
691,3B0019B8CC,292-2024-12-30,2024-12-30 12:24:11.908,0.1538416953491122,0.023480643127766744,0.06299999999999994
692,3B00190DF0,296-2024-12-30,2024-12-30 12:24:53.907,0.1759534309346692,0.0262194769248672,0.05600000000000005
693,3B00190DF0,302-2024-12-30,2024-12-30 12:26:36.906,0.1763622826785386,0.025171047477849432,0.05399999999999938
694,01103FD532,303-2024-12-30,2024-12-30 12:26:41.905,0.167616616307203,0.0006316544263578845,0.02100000000000002
695,01103FD532,308-2024-12-30,2024-12-30 12:29:10.904,0.1706601754849593,0.003233474702620267,0.04899999999999993
696,3B00199DE5,309-2024-12-30,2024-12-30 12:29:15.906,0.1123533740676661,0.00011833766014347529,0.008000000000000007
697,3B00192E1E,310-2024-12-30,2024-12-30 12:29:36.905,0.0963039583699799,0.0012681293943657766,0.06000000000000005
698,3B001877B5,315-2024-12-30,2024-12-30 12:32:21.904,0.1662645648588077,0.022034080049148995,0.0680000000000005
699,3B001857EE,316-2024-12-30,2024-12-30 12:39:17.904,0.0977687392677557,0.0017250621702829593,0.05400000000000005
700,3B0018D520,317-2024-12-30,2024-12-30 12:39:21.904,0.1021846413898618,0.003912931212142012,0.05399999999999999
701,01103FD532,318-2024-12-30,2024-12-30 12:39:45.903,0.1709473024276437,0.022406796076762967,0.04899999999999993
702,3B00191394,322-2024-12-30,2024-12-30 12:40:55.903,0.0955494162184201,0.0008434561128991113,0.05900000000000016
703,3B0019F652,323-2024-12-30,2024-12-30 12:41:09.903,0.0905389973583477,0.003501447716898951,0.06700000000000006
704,01103FD532,324-2024-12-30,2024-12-30 12:41:17.903,0.1723070465555111,0.003913690600301174,0.03699999999999992
705,3B0018D520,325-2024-12-30,2024-12-30 12:41:22.903,0.0981915226872702,0.012378066241321541,0.04999999999999982
706,3B004CD4DE,332-2024-12-30,2024-12-30 12:43:20.902,0.0995943608967469,0.0148879271513642,0.04899999999999993
707,3B0018D520,333-2024-12-30,2024-12-30 12:43:34.903,0.0969389241398493,0.014573147233121655,0.050000000000000044
708,3B0018A99B,336-2024-12-30,2024-12-30 12:52:01.903,0.0951097925836405,0.0049377306034785245,0.038000000000000034
709,0700ED9568,337-2024-12-30,2024-12-30 12:52:52.904,0.1557668900228975,0.023853961170026583,0.07300000000000006
710,3B0018A99B,338-2024-12-30,2024-12-30 12:53:01.903,0.0951097925836406,0.0020666503271532296,0.029999999999999805
711,3B004BF067,340-2024-12-30,2024-12-30 13:09:33.903,0.116182347348253,0.01075863598253248,0.04799999999999993
712,3B004873F2,342-2024-12-30,2024-12-30 13:12:11.900,0.1000426597534706,0.014563158922297814,0.04899999999999999
713,3B001877B5,344-2024-12-30,2024-12-30 13:13:12.902,0.1782068500941566,0.02281043473592629,0.06500000000000017
714,3B0019F652,345-2024-12-30,2024-12-30 13:14:18.899,0.0905389973583477,0.012531917062087035,0.06000000000000005
715,3B004873F2,346-2024-12-30,2024-12-30 13:14:24.899,0.0967565757841882,0.014521008700398472,0.050000000000000266
716,3B0018D520,347-2024-12-30,2024-12-30 13:14:29.900,0.1021846413898618,0.011313662234929758,0.05899999999999994
717,3B001877B5,349-2024-12-30,2024-12-30 13:14:51.899,0.1669381412387889,0.0217090798619783,0.062000000000000055
718,3B00191394,351-2024-12-30,2024-12-30 13:15:03.899,0.0955494162184201,0.01044771229328853,0.050000000000000044
719,3B0019F652,353-2024-12-30,2024-12-30 13:15:42.899,0.0877713008989015,0.010562282317829411,0.05600000000000005
720,3B004873F2,355-2024-12-30,2024-12-30 13:18:18.900,0.1000426597534706,0.012946555849111568,0.051000000000000045
721,01103FD532,356-2024-12-30,2024-12-30 13:18:26.900,0.1709965656822069,0.02339520353853228,0.07200000000000006
722,3B0019F652,358-2024-12-30,2024-12-30 13:18:54.898,0.0905389973583477,0.010199197207145457,0.04700000000000015
723,01103FD532,360-2024-12-30,2024-12-30 13:19:59.899,0.167616616307203,0.023518571829525232,0.05600000000000005
724,3B001877B5,361-2024-12-30,2024-12-30 13:20:04.898,0.1671695192232512,0.024691102627707063,0.06099999999999994
725,3B0018D520,362-2024-12-30,2024-12-30 13:21:12.900,0.1021846413898618,0.01060339859785808,0.07100000000000006
726,3B0018D520,364-2024-12-30,2024-12-30 13:23:28.898,0.1021846413898618,0.008773094922384542,0.07399999999999995
727,3B001877B5,365-2024-12-30,2024-12-30 13:23:33.899,0.1782068500941566,0.02299632223549335,0.061000000000000054
728,3B004BF067,366-2024-12-30,2024-12-30 13:24:16.898,0.116182347348253,0.010850607430801476,0.05399999999999999
729,0700ED9568,367-2024-12-30,2024-12-30 13:25:08.898,0.1596885256536028,0.01492808991248034,0.07200000000000006
730,3B004873F2,368-2024-12-30,2024-12-30 13:25:17.899,0.1012484382530845,0.012764315587644862,0.08000000000000007
731,3B004873F2,369-2024-12-30,2024-12-30 13:25:50.897,0.1000426597534706,0.01432018952252998,0.049000000000000044
732,3B004CD4DE,370-2024-12-30,2024-12-30 13:25:55.898,0.0999574024237536,0.012785846208430781,0.04499999999999993
733,3B004873F2,371-2024-12-30,2024-12-30 13:27:21.900,0.0973845802297542,0.01300661145438324,0.07999999999999996
734,3B00190DF0,372-2024-12-30,2024-12-30 13:27:58.899,0.1858377627654824,0.027378325402499827,0.052999999999999936
735,3B001877B5,373-2024-12-30,2024-12-30 13:28:10.900,0.1679652772530024,0.02280140677045103,0.07600000000000007
736,3B004873F2,374-2024-12-30,2024-12-30 13:28:23.897,0.1000426597534706,0.012241320872180423,0.051000000000000156
737,3B004873F2,375-2024-12-30,2024-12-30 13:28:36.897,0.1000426597534706,0.014839716485483653,0.049000000000000155
738,3B004CD4DE,378-2024-12-30,2024-12-30 13:29:16.898,0.0994476367912997,0.013775547333521926,0.07599999999999996
739,01103F9A64,380-2024-12-30,2024-12-30 13:29:39.898,0.1788043816833048,0.033790042178319386,0.052999999999999936
740,3B00190DF0,381-2024-12-30,2024-12-30 13:29:49.897,0.1858377627654824,0.025945877536382864,0.06700000000000017
741,3B00186448,382-2024-12-30,2024-12-30 13:30:15.897,0.1720324744783095,0.02969184190409219,0.06000000000000005
742,01103FD2E8,384-2024-12-30,2024-12-30 13:30:39.897,0.1459443602257775,0.008181879231527184,0.04600000000000004
743,01103F9A64,386-2024-12-30,2024-12-30 13:30:57.896,0.17343810965076,0.03369372418627407,0.05500000000000016
744,01103F97C4,387-2024-12-30,2024-12-30 13:31:07.897,0.1618435114270358,0.00962389648970358,0.04400000000000004
745,3B0018D520,388-2024-12-30,2024-12-30 13:31:10.897,0.1021846413898617,0.011838128291612765,0.060000000000000026
746,3B001877B5,389-2024-12-30,2024-12-30 13:31:23.896,0.1782068500941566,0.022784106294170464,0.056999999999999995
747,3B0019B8CC,390-2024-12-30,2024-12-30 13:31:26.897,0.1538416953491121,0.02834070014614075,0.05499999999999994
748,01103FD2E8,392-2024-12-30,2024-12-30 13:32:03.896,0.1459443602257775,0.008896296600678798,0.04400000000000004
749,01103F9A64,395-2024-12-30,2024-12-30 13:33:05.897,0.17343810965076,0.030488466847893157,0.054999999999999716
750,3B00190DF0,399-2024-12-30,2024-12-30 13:34:54.898,0.1778340312092599,0.026817166546118855,0.051000000000000045
751,01103F9A64,400-2024-12-30,2024-12-30 13:35:12.896,0.1795765852651256,0.03541515316680584,0.052000000000000046
752,01103FD532,401-2024-12-30,2024-12-30 13:35:16.896,0.167616616307203,0.023547418766999267,0.07800000000000007
753,3B0018D520,402-2024-12-30,2024-12-30 13:35:19.896,0.1021846413898618,0.012044356916165455,0.07000000000000006
754,3B001877B5,403-2024-12-30,2024-12-30 13:35:27.896,0.1782068500941566,0.030712235518826788,0.06400000000000006
755,3B0019B8CC,404-2024-12-30,2024-12-30 13:35:30.897,0.1538416953491121,0.030119909558063263,0.05600000000000005
756,01103F97C4,406-2024-12-30,2024-12-30 13:36:26.896,0.1654128459578713,0.01162432444042768,0.06199999999999983
757,3B0019B8CC,407-2024-12-30,2024-12-30 13:36:28.897,0.1538416953491121,0.023505038693135524,0.07299999999999995
758,01103F9A64,408-2024-12-30,2024-12-30 13:36:52.896,0.1824312117005569,0.035434153769251714,0.05900000000000016
759,3B001877B5,410-2024-12-30,2024-12-30 13:37:13.896,0.1782068500941566,0.0246728352224764,0.06299999999999994
760,01103F97C4,411-2024-12-30,2024-12-30 13:37:30.896,0.1618435114270358,0.0017939272860127223,0.03600000000000003
761,3B0018A99B,416-2024-12-30,2024-12-30 13:54:02.896,0.0951097925836406,0.004750571425943141,0.040000000000000036
762,3B0018D520,418-2024-12-30,2024-12-30 13:54:45.896,0.1021846413898618,0.011555474077400974,0.050000000000000044
763,01103FD2E8,419-2024-12-30,2024-12-30 13:54:56.895,0.1459443602257775,0.0015927302166452192,0.020999999999999908
764,01103FD532,420-2024-12-30,2024-12-30 13:55:52.897,0.1725713265350607,0.027814323663662512,0.05600000000000005
765,3B0018D520,422-2024-12-30,2024-12-30 14:00:02.896,0.1021846413898618,0.01064676110003668,0.05499999999999994
766,3B00182A81,423-2024-12-30,2024-12-30 14:00:09.895,0.0991547467342568,0.003805023878831974,0.06200000000000003
767,01103FD532,424-2024-12-30,2024-12-30 14:00:22.895,0.167616616307203,0.028664063827010575,0.05800000000000005
768,3B0019F652,426-2024-12-30,2024-12-30 14:01:27.894,0.0905389973583477,0.004468010693357825,0.040000000000000036
769,01103FD2E8,427-2024-12-30,2024-12-30 14:01:53.894,0.1459443602257775,0.028815490088913424,0.04900000000000038
770,01103FD532,428-2024-12-30,2024-12-30 14:02:05.895,0.1711230420074075,0.007922865908520196,0.047999999999999154
771,3B004873F2,430-2024-12-30,2024-12-30 14:02:18.894,0.0982398881801371,0.01434955727781973,0.05299999999999999
772,3B00182A81,431-2024-12-30,2024-12-30 14:02:56.896,0.0991547467342568,0.01237120475376765,0.05500000000000005
773,3B004873F2,432-2024-12-30,2024-12-30 14:03:15.894,0.1000426597534706,0.013917097740281981,0.04500000000000004
774,3B00190DF0,435-2024-12-30,2024-12-30 14:03:51.893,0.1769769043041692,0.02587654796397302,0.05400000000000005
775,3B00186448,436-2024-12-30,2024-12-30 14:04:05.893,0.1720324744783095,0.02713610844815819,0.06700000000000017
776,3B00192E1E,438-2024-12-30,2024-12-30 14:04:36.896,0.1005858192823128,0.012357653802883539,0.05400000000000005
777,3B00190DF0,440-2024-12-30,2024-12-30 14:05:02.895,0.1858377627654824,0.023025724904177723,0.07200000000000006
778,3B004BF067,441-2024-12-30,2024-12-30 14:05:07.894,0.1086516294408959,0.004130533347349824,0.04600000000000004
779,3B0018D520,442-2024-12-30,2024-12-30 14:05:12.894,0.0970947057377326,0.012810514004291658,0.05899999999999994
780,3B00192E1E,444-2024-12-30,2024-12-30 14:05:36.893,0.1005858192823128,0.0127274249275657,0.05499999999999999
781,3B0019F652,446-2024-12-30,2024-12-30 14:05:59.893,0.0905389973583477,0.004717654613659635,0.040999999999999925
782,3B00191394,448-2024-12-30,2024-12-30 14:07:14.895,0.0955494162184201,0.008649315365945372,0.10999999999999999
783,3B0019F652,451-2024-12-30,2024-12-30 14:07:44.892,0.0905389973583477,0.004063963300929231,0.03600000000000003
784,3B00191394,452-2024-12-30,2024-12-30 14:08:53.892,0.0922328556878819,0.0032446177218934413,0.039000000000000146
785,3B00190DF0,453-2024-12-30,2024-12-30 14:10:05.893,0.1807569984043656,0.032591534643798034,0.05899999999999994
786,01103FD532,456-2024-12-30,2024-12-30 14:10:38.893,0.1676166163072031,0.029621294165598167,0.052999999999999936
787,3B00191394,458-2024-12-30,2024-12-30 14:11:50.891,0.0955494162184201,0.0127806118949942,0.05499999999999994
788,3B0019F652,460-2024-12-30,2024-12-30 14:14:14.891,0.0905389973583477,0.0035907448094550593,0.03999999999999998
789,01103FD2E8,461-2024-12-30,2024-12-30 14:14:30.891,0.1459443602257775,0.030932475895401348,0.05299999999999999
790,01103FD532,462-2024-12-30,2024-12-30 14:14:55.893,0.1676166163072031,0.028922977057905874,0.05300000000000016
791,0700ED9568,463-2024-12-30,2024-12-30 14:16:08.892,0.1604751081224612,0.024337358584484596,0.06699999999999995
792,3B004873F2,464-2024-12-30,2024-12-30 14:17:25.892,0.1006303318616337,0.013517939963277579,0.052000000000000046
793,3B001857EE,465-2024-12-30,2024-12-30 14:23:43.891,0.0977687392677557,0.005238771085387257,0.04300000000000004
794,3B004C0894,467-2024-12-30,2024-12-30 14:24:24.890,0.1067658805452534,0.012768180466740076,0.04800000000000004
795,3B004873F2,469-2024-12-30,2024-12-30 14:26:10.890,0.1000426597534706,0.014382569371433774,0.04799999999999993
796,3B0019B8CC,473-2024-12-30,2024-12-30 14:31:00.889,0.1538416953491121,0.029136521379417947,0.07099999999999995
797,01103F97C4,474-2024-12-30,2024-12-30 14:31:12.890,0.1618435114270358,0.012362595798810693,0.08099999999999996
798,01103FD532,475-2024-12-30,2024-12-30 14:31:16.889,0.1736785019282978,0.02186039207688008,0.05699999999999994
799,3B001857EE,477-2024-12-30,2024-12-30 14:31:34.890,0.0977687392677557,0.013845832329208396,0.063
800,3B00186448,479-2024-12-30,2024-12-30 14:32:14.888,0.1720324744783095,9.671646831635667e-05,0.01200000000000001
801,3B004B0F76,481-2024-12-30,2024-12-30 14:36:10.890,0.1632701478120788,0.02538430198912673,0.05600000000000005
802,01103F9A64,484-2024-12-30,2024-12-30 14:36:24.890,0.17343810965076,0.018988960367237753,0.07000000000000006
803,3B0018A99B,485-2024-12-30,2024-12-30 14:36:31.889,0.1622017208283497,6.382190606545687e-05,0.05899999999999994
804,3B001877B5,486-2024-12-30,2024-12-30 14:36:36.888,0.1703289761377389,0.022896473164005973,0.07299999999999995
805,01103F9A64,487-2024-12-30,2024-12-30 14:37:28.888,0.1817584408918406,0.03606032827729631,0.055000000000000604
806,3B001877B5,489-2024-12-30,2024-12-30 14:38:03.888,0.1693897630498318,0.025837148715228537,0.06099999999999972
807,3B0018A99B,490-2024-12-30,2024-12-30 14:38:28.889,0.1063625501178201,0.002478769585958672,0.039000000000000146
808,3B004BF067,492-2024-12-30,2024-12-30 14:38:57.889,0.116182347348253,0.004599694602557668,0.04099999999999998
809,3B00192E1E,493-2024-12-30,2024-12-30 14:39:04.888,0.1005858192823128,0.0022119147867723896,0.07599999999999998
810,01103FD532,494-2024-12-30,2024-12-30 14:39:14.889,0.167616616307203,0.007641054419808796,0.04699999999999993
811,3B001877B5,495-2024-12-30,2024-12-30 14:39:19.889,0.1686569105903054,0.02376145750700771,0.06800000000000006
812,01103F97C4,496-2024-12-30,2024-12-30 14:39:24.889,0.1649317431768846,0.004911473723649037,0.07700000000000001
813,3B0019B8CC,497-2024-12-30,2024-12-30 14:39:31.888,0.1538416953491121,0.00646043171954292,0.08999999999999986
814,0700ED9568,500-2024-12-30,2024-12-30 14:39:49.888,0.1557668900228975,0.02626870814666865,0.04999999999999993
815,3B00192E1E,501-2024-12-30,2024-12-30 14:40:10.889,0.1005858192823128,0.0034331705521300905,0.032999999999999974
816,3B001877B5,504-2024-12-30,2024-12-30 14:40:56.888,0.1715336780463753,0.022402092272434806,0.06500000000000039
817,01103FD532,505-2024-12-30,2024-12-30 14:41:03.888,0.1755600418252376,0.027679577629830525,0.05899999999999972
818,01103F9A64,507-2024-12-30,2024-12-30 14:41:36.889,0.17343810965076,0.03113067189965976,0.06099999999999994
819,01103F9A64,510-2024-12-30,2024-12-30 14:42:35.888,0.1809081052479175,0.028329059074024592,0.07599999999999996
820,3B00190DF0,511-2024-12-30,2024-12-30 14:42:46.889,0.1825235225609189,0.024925025144249727,0.052000000000000046
821,01103F97C4,512-2024-12-30,2024-12-30 14:43:05.888,0.1618435114270358,0.002919623001546385,0.040999999999999925
822,3B0019B8CC,514-2024-12-30,2024-12-30 14:44:32.888,0.1538416953491121,0.03039159614809901,0.05599999999999994
823,3B001857EE,515-2024-12-30,2024-12-30 14:44:55.888,0.0977687392677557,0.0040879950311056845,0.04299999999999998
824,3B00190DF0,516-2024-12-30,2024-12-30 14:46:46.888,0.1791350975401886,0.025150782573308876,0.06000000000000005
825,3B0019B8CC,517-2024-12-30,2024-12-30 14:47:06.887,0.1538416953491121,0.027759385103875586,0.051000000000000156
826,3B001877B5,518-2024-12-30,2024-12-30 14:47:17.887,0.1782068500941566,0.025088032400715096,0.06499999999999995
827,3B001877B5,519-2024-12-30,2024-12-30 14:51:41.887,0.1745259086680745,0.02300862055781647,0.06000000000000005
828,3B0019B8CC,521-2024-12-30,2024-12-30 14:52:30.888,0.1538416953491121,0.004731189727193186,0.10999999999999988
829,01103FD532,524-2024-12-30,2024-12-30 14:53:27.887,0.176361317674939,0.028731188542048362,0.052999999999999936
830,3B0019B8CC,526-2024-12-30,2024-12-30 14:53:55.888,0.1538416953491121,0.027433896285397528,0.05600000000000005
831,3B00186448,530-2024-12-30,2024-12-30 14:55:11.887,0.1720324744783095,0.02811449092665665,0.053000000000000824
832,3B001877B5,531-2024-12-30,2024-12-30 14:55:55.886,0.1748428719093422,0.029132498235015233,0.0600000000000005
833,01103FD532,532-2024-12-30,2024-12-30 14:56:08.886,0.1816160330883492,0.02826039633536338,0.05600000000000005
834,3B00182A81,533-2024-12-30,2024-12-30 14:56:21.886,0.0991547467342567,0.004298891351986762,0.063
835,3B00192E1E,534-2024-12-30,2024-12-30 14:56:29.887,0.1009467005279147,0.012331127450760173,0.06399999999999961
836,01103F9A64,535-2024-12-30,2024-12-30 14:56:59.887,0.1734381096507601,0.03492214436911866,0.052999999999999936
837,3B00192E1E,536-2024-12-30,2024-12-30 14:57:16.885,0.1005858192823128,0.001733259824886473,0.025000000000000355
838,01103FD532,537-2024-12-30,2024-12-30 14:57:31.885,0.1788542392215467,0.02801622493330415,0.05799999999999983
839,01103F9A64,538-2024-12-30,2024-12-30 14:58:02.889,0.1820397664761779,0.005387272262577464,0.07499999999999996
840,3B004873F2,541-2024-12-30,2024-12-30 15:01:19.886,0.0978331684949609,0.014550868877708156,0.050000000000000044
841,3B004873F2,543-2024-12-30,2024-12-30 15:02:13.886,0.1000426597534706,0.014657107583710683,0.052999999999999936
842,3B004CD4DE,546-2024-12-30,2024-12-30 15:03:54.885,0.1008409376936862,0.01311519423978777,0.04800000000000004
843,3B004873F2,549-2024-12-30,2024-12-30 15:04:46.884,0.0975596284761052,0.013815082098558024,0.05300000000000016
844,3B0019F652,552-2024-12-30,2024-12-30 15:05:20.884,0.0907325610904745,0.003514005209711923,0.03400000000000003
845,3B00190DF0,553-2024-12-30,2024-12-30 15:05:57.887,0.1858377627654824,0.027099404902216618,0.07100000000000006
846,3B0019F652,554-2024-12-30,2024-12-30 15:06:04.885,0.0905389973583477,0.0031678405119552667,0.03100000000000014
847,3B00191394,555-2024-12-30,2024-12-30 15:06:08.885,0.0925076465863743,0.009887661068033902,0.04699999999999993
848,3B004CD4DE,559-2024-12-30,2024-12-30 15:23:34.884,0.0994476367912997,3.71161905538063e-05,0.008000000000000007
849,3B00186448,564-2024-12-30,2024-12-30 15:26:14.884,0.1674232619183863,0.004751356355543291,0.0950000000000002
850,3B0019B8CC,574-2024-12-30,2024-12-30 15:35:09.886,0.1538416953491121,0.007046642591256897,0.08099999999999996
851,3B0018A99B,575-2024-12-30,2024-12-30 15:35:15.884,0.0951097925836406,0.013255720225925895,0.052999999999999936
852,3B00186448,576-2024-12-30,2024-12-30 15:35:55.883,0.1720324744783095,0.025448679980660045,0.07500000000000018
853,3B00190DF0,577-2024-12-30,2024-12-30 15:35:58.884,0.1858377627654824,0.02689614270772748,0.052000000000000046
854,3B00191394,578-2024-12-30,2024-12-30 15:36:12.884,0.0913183515271847,0.012862991637927578,0.07600000000000007
855,3B0019B8CC,580-2024-12-30,2024-12-30 15:36:24.885,0.1538416953491121,0.028120209248295287,0.053999999999999826
856,3B0018A99B,581-2024-12-30,2024-12-30 15:36:55.884,0.0951097925836406,0.0004485431635903156,0.02699999999999997
857,3B00191394,582-2024-12-30,2024-12-30 15:37:04.884,0.0928304036334207,0.003983851002798698,0.057999999999999996
858,3B00186448,584-2024-12-30,2024-12-30 15:37:40.884,0.1740467396129491,0.0203472121537773,0.05699999999999994
859,3B0018D520,585-2024-12-30,2024-12-30 15:37:53.884,0.1021846413898618,0.011010184280911363,0.053999999999999826
860,3B00182A81,587-2024-12-30,2024-12-30 15:38:49.885,0.0998873923685058,0.004126918281801303,0.05800000000000005
861,3B00192E1E,591-2024-12-30,2024-12-30 15:39:14.884,0.1005858192823128,0.0006778797381013355,0.028000000000000025
862,3B0018D520,592-2024-12-30,2024-12-30 15:39:47.884,0.0981425089369807,0.01265099206077789,0.051999999999999935
863,01103F9A64,598-2024-12-30,2024-12-30 15:41:15.884,0.1734381096507601,0.027043308962796806,0.06299999999999994
864,3B00186A36,599-2024-12-30,2024-12-30 15:41:25.884,0.0979317397787424,0.0066106812398116915,0.040999999999999925
865,3B00192E1E,601-2024-12-30,2024-12-30 15:41:45.883,0.1005858192823128,0.0034209483724414766,0.07600000000000007
866,01103F9A64,602-2024-12-30,2024-12-30 15:42:40.883,0.1866093583916071,0.027605502222611954,0.05500000000000016
867,3B00190DF0,603-2024-12-30,2024-12-30 15:44:34.883,0.1809127353562951,0.027366311082224187,0.06199999999999983
868,01103F9A64,605-2024-12-30,2024-12-30 15:44:59.884,0.17343810965076,0.028634900808805267,0.05299999999999999
869,3B0019F652,606-2024-12-30,2024-12-30 15:48:18.883,0.0905389973583477,0.003571180879287751,0.03400000000000003
870,3B0019F652,607-2024-12-30,2024-12-30 15:50:05.883,0.0905389973583477,1.1613917961373246e-05,0.006000000000000005
871,3B0018D520,608-2024-12-30,2024-12-30 15:50:10.885,0.1021846413898618,0.004063831559919769,0.03500000000000014
872,3B00190DF0,609-2024-12-30,2024-12-30 15:50:19.883,0.1815695098022323,0.026438691846239384,0.052999999999999936
873,3B0019B8CC,610-2024-12-30,2024-12-30 15:50:34.883,0.1538416953491121,0.027774743460130733,0.052000000000000046
874,3B00182A81,613-2024-12-30,2024-12-30 15:51:17.883,0.0989676732594143,0.004354895101386581,0.055999999999999994
875,3B00190DF0,615-2024-12-30,2024-12-30 15:51:35.884,0.1830048244989053,0.022215246056855164,0.05099999999999971
876,3B0019B8CC,616-2024-12-30,2024-12-30 15:51:43.883,0.1631602356249758,0.027991620505432295,0.08699999999999974
877,3B004CD4DE,621-2024-12-30,2024-12-30 15:52:22.883,0.0994476367912997,0.0038207521273118665,0.05400000000000005
878,3B0019B8CC,623-2024-12-30,2024-12-30 15:53:03.883,0.1662040965160216,0.0051603037246076774,0.10000000000000009
879,01103FA4B2,624-2024-12-30,2024-12-30 15:53:11.884,0.100804472277342,0.011358433552795076,0.06499999999999995
880,01103F9A64,631-2024-12-30,2024-12-30 15:54:19.883,0.17343810965076,0.02906302487637643,0.05400000000000005
881,3B001877B5,632-2024-12-30,2024-12-30 15:54:27.883,0.1727423593856938,0.024215122419221326,0.05600000000000005
882,3B004CD4DE,634-2024-12-30,2024-12-30 15:57:10.883,0.0994476367912997,0.003272290716975674,0.07399999999999995
883,3B00191394,635-2024-12-30,2024-12-30 15:57:41.882,0.0955494162184201,0.0032383248085578824,0.06499999999999995
884,3B0018D520,636-2024-12-30,2024-12-30 15:57:49.881,0.1007947895705848,0.0016289663504427613,0.07200000000000006
885,3B004CD4DE,639-2024-12-30,2024-12-30 15:59:05.881,0.0994476367912997,0.014141557440815905,0.08400000000000007
886,3B0018D520,641-2024-12-30,2024-12-30 15:59:30.882,0.101134022296378,0.015149740303285347,0.04699999999999993
887,3B004CD4DE,642-2024-12-30,2024-12-30 15:59:51.884,0.1000085836526818,0.003748664818390526,0.061000000000000165
888,3B004CD4DE,643-2024-12-30,2024-12-30 16:01:06.881,0.0994476367912997,0.0029133216318712653,0.05700000000000016
889,3B00191394,644-2024-12-30,2024-12-30 16:01:10.882,0.0955494162184201,0.0033032385264457984,0.07799999999999999
890,3B001877B5,645-2024-12-30,2024-12-30 16:01:20.881,0.1782068500941566,0.020848447504645574,0.06499999999999995
891,3B004873F2,1-2025-01-02,2025-01-02 08:11:59.619,0.0842701301515383,0.012201560476191899,0.04200000000000026
892,3B00182A81,3-2025-01-02,2025-01-02 08:14:48.618,0.0991547467342567,0.0038210808350493245,0.030000000000000027
893,3B004C5268,4-2025-01-02,2025-01-02 08:15:07.618,0.0831484827160637,0.010499334805939684,0.050999999999999934
894,3B00190DF0,6-2025-01-02,2025-01-02 08:17:40.620,0.163096646779058,0.02442999327492145,0.05500000000000005
895,3B004873F2,9-2025-01-02,2025-01-02 08:18:42.620,0.1000426597534706,0.012921196137760974,0.06799999999999995
896,3B0019B8CC,10-2025-01-02,2025-01-02 08:19:37.619,0.1538416953491121,0.024429697600041756,0.04899999999999993
897,3B00192E1E,11-2025-01-02,2025-01-02 08:19:41.619,0.0915037525301155,0.012230228209048616,0.04799999999999993
898,01103F9A64,12-2025-01-02,2025-01-02 08:27:18.617,0.17343810965076,0.027310867388483904,0.06400000000000006
899,01103F9A64,13-2025-01-02,2025-01-02 08:28:27.618,0.17343810965076,0.03322110464523784,0.05400000000000005
900,3B00190DF0,15-2025-01-02,2025-01-02 08:29:35.617,0.1858377627654824,0.023941970685221223,0.052999999999999936
901,3B00199DE5,16-2025-01-02,2025-01-02 08:29:39.616,0.1123533740676661,0.01445937896231521,0.04200000000000004
902,01103F9A64,18-2025-01-02,2025-01-02 08:30:28.617,0.1709408238970988,0.03289548158094034,0.053999999999999826
903,3B0018C6F9,19-2025-01-02,2025-01-02 08:31:06.617,0.0981224075626449,0.010751546539694847,0.04400000000000004
904,3B00190DF0,20-2025-01-02,2025-01-02 08:31:40.617,0.1858377627654824,0.014587779759279721,0.06399999999999961
905,3B00192E1E,21-2025-01-02,2025-01-02 08:31:45.617,0.1005858192823128,0.0035294317261078782,0.0349999999999997
906,01103F9A64,22-2025-01-02,2025-01-02 08:31:51.618,0.1727188220428621,0.03205242960533498,0.05400000000000005
907,01103FA4B2,24-2025-01-02,2025-01-02 08:32:31.617,0.0868262848202522,0.011801959326531036,0.06999999999999984
908,3B004CD4DE,25-2025-01-02,2025-01-02 08:32:44.616,0.0994476367912997,3.570684113206983e-05,0.008000000000000007
909,3B004C0894,26-2025-01-02,2025-01-02 08:33:02.616,0.1067658805452534,0.011432235877862046,0.052000000000000046
910,3B00190DF0,27-2025-01-02,2025-01-02 08:33:10.616,0.1858377627654824,0.023737911392627858,0.052999999999999936
911,01103F9A64,29-2025-01-02,2025-01-02 08:34:06.617,0.17343810965076,0.030944482583637526,0.050000000000000044
912,3B0019B8CC,30-2025-01-02,2025-01-02 08:34:31.617,0.1538416953491121,0.024404958682303107,0.07899999999999996
913,3B00186A36,32-2025-01-02,2025-01-02 08:35:22.616,0.0895548290511844,0.009883528795572426,0.051000000000000156
914,3B004873F2,34-2025-01-02,2025-01-02 08:36:19.616,0.1000426597534706,0.011555221397256569,0.08000000000000002
915,3B004873F2,35-2025-01-02,2025-01-02 08:37:18.616,0.1000426597534706,0.003974186534889372,0.04899999999999999
916,3B0018C6F9,36-2025-01-02,2025-01-02 08:38:12.616,0.0981224075626449,0.010975202000713329,0.06899999999999995
917,01103F88A1,37-2025-01-02,2025-01-02 08:39:59.615,0.0975647419255526,0.005847426903755862,0.041000000000000036
918,3B004C0894,38-2025-01-02,2025-01-02 08:45:08.615,0.0996242336276853,0.015155324745461368,0.04899999999999993
919,3B00190DF0,39-2025-01-02,2025-01-02 08:46:08.616,0.1858377627654824,0.02283627433199345,0.05800000000000005
920,3B004C5268,41-2025-01-02,2025-01-02 08:46:47.615,0.0869926524590599,0.003916231380387573,0.03699999999999998
921,3B00190DF0,43-2025-01-02,2025-01-02 08:47:23.615,0.1858377627654824,0.022669338527320657,0.052999999999999936
922,3B0018A99B,44-2025-01-02,2025-01-02 08:47:31.615,0.0951097925836406,0.004702843981856719,0.040000000000000036
923,3B004C0894,45-2025-01-02,2025-01-02 08:47:47.616,0.1067658805452534,0.011777894203145008,0.04899999999999993
924,3B00190DF0,46-2025-01-02,2025-01-02 08:48:13.616,0.1858377627654824,0.024779420310457774,0.050000000000000044
925,3B004C0894,47-2025-01-02,2025-01-02 08:49:12.614,0.1067658805452534,0.01205057495488625,0.05800000000000005
926,3B0018C6F9,48-2025-01-02,2025-01-02 08:49:44.614,0.0981224075626449,0.0044272147731449826,0.03500000000000014
927,3B004AB6A7,49-2025-01-02,2025-01-02 08:51:31.615,0.0885037707928097,0.013475439076742693,0.07500000000000018
928,3B0018C6F9,50-2025-01-02,2025-01-02 08:51:43.615,0.0981224075626449,0.004923902577879482,0.03600000000000003
929,3B004AB6A7,53-2025-01-02,2025-01-02 08:56:06.614,0.0957301853559012,0.014135944599253623,0.07100000000000017
930,3B004CD4DE,54-2025-01-02,2025-01-02 08:58:09.615,0.0994476367912997,0.01384425528186049,0.04400000000000004
931,3B0018A99B,55-2025-01-02,2025-01-02 08:58:20.614,0.0951097925836406,0.004154057590582143,0.039000000000000146
932,3B00192E1E,56-2025-01-02,2025-01-02 08:58:41.615,0.0943865482311138,0.011114208861967746,0.08000000000000007
933,3B004AB6A7,60-2025-01-02,2025-01-02 08:59:17.615,0.1003335166489211,0.013327962808230247,0.07400000000000007
934,3B00192E1E,61-2025-01-02,2025-01-02 08:59:40.615,0.1005858192823128,0.012520870832310503,0.04699999999999993
935,3B004C0894,63-2025-01-02,2025-01-02 09:00:19.612,0.1067658805452534,0.004328802917461323,0.040999999999999925
936,3B004ACEEA,69-2025-01-02,2025-01-02 09:04:37.611,0.0977517369156262,0.010847298491562327,0.05099999999999999
937,3B004873F2,71-2025-01-02,2025-01-02 09:04:45.612,0.1000426597534705,0.005553482702000658,0.03700000000000003
938,01103FA4B2,73-2025-01-02,2025-01-02 09:06:15.610,0.0952762507135543,0.012107482999116409,0.05600000000000005
939,01103FA4B2,74-2025-01-02,2025-01-02 09:06:51.612,0.0938673889337303,0.006031235310927897,0.04599999999999982
940,3B004ACEEA,75-2025-01-02,2025-01-02 09:07:30.611,0.0977517369156262,0.009941513723826649,0.05200000000000049
941,01103FA4B2,76-2025-01-02,2025-01-02 09:07:55.613,0.1070560818927257,0.0010374839278287802,0.031000000000000028
942,3B0018C2F6,77-2025-01-02,2025-01-02 09:15:23.609,0.1576520521087552,0.025021482825263387,0.051000000000000156
943,3B004C0894,79-2025-01-02,2025-01-02 09:21:22.607,0.1067658805452534,0.0070781872190801304,0.04999999999999982
944,3B00185CB8,81-2025-01-02,2025-01-02 09:22:29.607,0.0941581997724188,0.00424452581147803,0.03699999999999992
945,3B004CD4DE,82-2025-01-02,2025-01-02 09:22:48.606,0.0994476367912997,0.010771692108822766,0.065
946,3B004C0894,83-2025-01-02,2025-01-02 09:23:00.606,0.1022299081281012,0.005825846298530925,0.039000000000000146
947,3B004873F2,84-2025-01-02,2025-01-02 09:23:59.607,0.1000426597534706,0.013918187505304016,0.04800000000000004
948,3B004873F2,89-2025-01-02,2025-01-02 09:25:50.606,0.0928641803194198,0.014603293969147661,0.04899999999999993
949,3B0018A99B,92-2025-01-02,2025-01-02 09:27:59.606,0.0891708489445692,0.004640829371899529,0.040000000000000036
950,3B0018C2F6,93-2025-01-02,2025-01-02 09:28:08.606,0.153429240853115,0.021264693094304926,0.049000000000000155
951,01103F88A1,96-2025-01-02,2025-01-02 09:41:00.604,0.1019386163201484,0.014297134013016096,0.050999999999999934
952,01103F88A1,97-2025-01-02,2025-01-02 09:42:43.603,0.1019386163201484,0.010664519008745885,0.06999999999999984
953,3B004C0894,99-2025-01-02,2025-01-02 09:44:01.603,0.1067658805452534,0.006687371611837184,0.04500000000000015
954,3B004873F2,100-2025-01-02,2025-01-02 09:44:38.603,0.0942581198121808,0.00316304292045921,0.09500000000000008
955,3B004C0894,101-2025-01-02,2025-01-02 09:45:05.603,0.1009614470480454,0.006009271302216885,0.04599999999999982
956,3B004873F2,102-2025-01-02,2025-01-02 09:45:35.604,0.1000426597534706,0.013580411374295418,0.045999999999999985
957,3B004C0894,103-2025-01-02,2025-01-02 09:46:08.604,0.1067658805452534,0.006055105347517002,0.040999999999999925
958,3B004873F2,104-2025-01-02,2025-01-02 09:46:22.604,0.094944830402485,0.003722835371516805,0.05300000000000016
959,3B0018C2F6,105-2025-01-02,2025-01-02 09:47:29.603,0.1576520521087552,0.025144383541463866,0.062000000000000055
960,3B004873F2,113-2025-01-02,2025-01-02 10:13:22.598,0.1000426597534705,0.013298616354005185,0.04600000000000004
961,3B004CD4DE,115-2025-01-02,2025-01-02 10:15:19.597,0.0994476367912997,0.01511638555185921,0.044999999999999984
962,3B001857EE,117-2025-01-02,2025-01-02 10:22:42.596,0.0977687392677557,0.012747879050231921,0.05099999999999999
963,01103FA4B2,119-2025-01-02,2025-01-02 10:23:31.594,0.1070560818927257,0.013202565817328255,0.05400000000000005
964,3B004AB6A7,121-2025-01-02,2025-01-02 10:23:52.594,0.1003335166489211,0.013562137045024012,0.08699999999999997
965,01103F88A1,122-2025-01-02,2025-01-02 10:24:52.595,0.1019386163201484,0.0115464490068235,0.08399999999999996
966,3B001857EE,124-2025-01-02,2025-01-02 10:25:08.594,0.0977687392677557,0.0028742463603014584,0.03799999999999998
967,3B004873F2,125-2025-01-02,2025-01-02 10:25:45.595,0.1000426597534706,0.014204676805812486,0.045999999999999985
968,3B004BF067,127-2025-01-02,2025-01-02 10:26:26.594,0.116182347348253,0.010198724256912753,0.04699999999999993
969,3B001857EE,131-2025-01-02,2025-01-02 10:29:43.593,0.0977687392677557,0.011957865149716177,0.05299999999999999
970,3B004873F2,132-2025-01-02,2025-01-02 10:30:31.593,0.1000426597534706,0.01426640529851729,0.04800000000000004
971,3B00192E1E,135-2025-01-02,2025-01-02 10:32:19.592,0.1005858192823128,0.012518122766949354,0.05399999999999994
972,3B004AB6A7,136-2025-01-02,2025-01-02 10:32:29.592,0.0946272079715549,0.013519867430780775,0.052999999999999936
973,3B004BF067,140-2025-01-02,2025-01-02 10:33:36.593,0.0994993940516733,0.0038024567532127947,0.04299999999999993
974,3B004873F2,141-2025-01-02,2025-01-02 10:33:42.592,0.0972763624995051,0.014596580513590387,0.04899999999999993
975,3B00192E1E,143-2025-01-02,2025-01-02 10:33:53.593,0.1005858192823128,0.004103179517075826,0.08299999999999999
976,3B004C0894,144-2025-01-02,2025-01-02 10:33:57.592,0.1067658805452534,0.006975994089075463,0.04499999999999993
977,3B004CD4DE,146-2025-01-02,2025-01-02 10:36:07.592,0.0994476367912997,0.013279457488944667,0.08000000000000007
978,3B004C0894,147-2025-01-02,2025-01-02 10:36:15.593,0.1028665162180503,0.00486629820552799,0.040000000000000036
979,3B0019B8CC,148-2025-01-02,2025-01-02 10:48:36.592,0.1538416953491121,0.025340920374179777,0.04899999999999993
980,3B0019B8CC,149-2025-01-02,2025-01-02 10:49:22.591,0.1538416953491121,0.024837508536324354,0.07400000000000001
981,3B004873F2,151-2025-01-02,2025-01-02 11:03:48.589,0.0951853761214166,0.012745462674006879,0.07899999999999996
982,3B004873F2,152-2025-01-02,2025-01-02 11:05:32.587,0.0949928254296818,0.014495835676771634,0.051000000000000156
983,011016B2E1,153-2025-01-02,2025-01-02 11:22:04.584,0.1034056593821557,0.0001050755286291553,0.03699999999999992
984,3B004873F2,157-2025-01-02,2025-01-02 11:58:33.270,0.0941818221819564,0.013409595320541699,0.04299999999999993
985,3B00192E1E,158-2025-01-02,2025-01-02 12:00:48.270,0.1005858192823128,0.012715854883945518,0.04600000000000004
986,3B004AB6A7,159-2025-01-02,2025-01-02 12:00:58.270,0.1003335166489211,0.01610977880846172,0.07699999999999996
987,3B00192E1E,160-2025-01-02,2025-01-02 12:02:58.269,0.1005858192823128,0.013536409520160565,0.04899999999999999
988,3B00192E1E,162-2025-01-02,2025-01-02 12:06:19.267,0.1005858192823128,0.00861784476508567,0.05699999999999994
989,3B004BF067,167-2025-01-02,2025-01-02 12:14:55.265,0.1051238363602725,0.011399674489926364,0.04899999999999993
990,3B0019B8CC,169-2025-01-02,2025-01-02 12:18:46.266,0.1538416953491121,0.028017332011065606,0.08400000000000002
991,3B0019B8CC,171-2025-01-02,2025-01-02 12:26:11.265,0.1538416953491121,0.02746722010031386,0.04999999999999999
992,3B0019B8CC,172-2025-01-02,2025-01-02 12:27:05.265,0.1538416953491121,0.027071335455859144,0.07400000000000001
993,3B0019F652,173-2025-01-02,2025-01-02 12:27:39.264,0.0905389973583477,0.011139237260887634,0.05300000000000005
994,3B004873F2,177-2025-01-02,2025-01-02 12:34:05.263,0.0968401006238244,0.014671887411235665,0.04800000000000004
995,3B00192E1E,178-2025-01-02,2025-01-02 12:36:02.264,0.0944931908843983,0.010472002100396161,0.06600000000000006
996,3B004873F2,179-2025-01-02,2025-01-02 12:36:09.263,0.0984728052183014,0.014733835980241855,0.04800000000000004
997,3B001857EE,182-2025-01-02,2025-01-02 13:04:40.259,0.0977687392677557,0.004753141986515689,0.04200000000000004
998,3B00192E1E,183-2025-01-02,2025-01-02 13:05:41.260,0.1005858192823128,0.00976136273354139,0.064
999,3B0018A99B,187-2025-01-02,2025-01-02 13:07:18.259,0.0940679484196336,0.012216686316095772,0.04899999999999993
1000,3B004BF067,189-2025-01-02,2025-01-02 13:16:00.257,0.1044431652655579,0.00977178553081415,0.06299999999999994
1001,3B001857EE,190-2025-01-02,2025-01-02 13:16:07.257,0.0977687392677557,0.003913436287945424,0.038999999999999924
1002,3B001857EE,191-2025-01-02,2025-01-02 13:18:09.256,0.0977687392677557,0.005385889882623207,0.04199999999999998
1003,3B004BF067,192-2025-01-02,2025-01-02 13:18:15.256,0.116182347348253,0.003594309064936603,0.04499999999999993
1004,3B004CD4DE,194-2025-01-02,2025-01-02 13:25:31.256,0.0994476367912997,0.015113198464450556,0.06599999999999995
1005,3B004ACEEA,196-2025-01-02,2025-01-02 13:27:53.254,0.0958626402949981,0.011326539305189582,0.0600000000000005
1006,3B00182A81,198-2025-01-02,2025-01-02 13:29:14.254,0.0991547467342568,0.0038242895373231402,0.06199999999999997
1007,3B00182A81,203-2025-01-02,2025-01-02 13:32:30.255,0.0991547467342568,0.005087926245576231,0.07600000000000001
1008,3B00199DE5,205-2025-01-02,2025-01-02 13:33:03.254,0.1039066726376801,0.014724609310760948,0.06099999999999994
1009,3B004ACEEA,207-2025-01-02,2025-01-02 13:33:43.253,0.0972593279268455,0.012056956824030103,0.05699999999999994
1010,3B00182A81,213-2025-01-02,2025-01-02 13:41:34.252,0.0991547467342567,0.011701921722125608,0.05800000000000005
1011,3B004BF067,214-2025-01-02,2025-01-02 13:41:38.253,0.116182347348253,0.03674711912325518,0.06800000000000006
1012,3B001857EE,215-2025-01-02,2025-01-02 13:41:57.252,0.0977687392677557,0.005671977060909053,0.043999999999999984
1013,3B0018A99B,216-2025-01-02,2025-01-02 13:43:09.252,0.0951097925836406,0.005372315369753203,0.040999999999999925
1014,3B004ACEEA,218-2025-01-02,2025-01-02 13:43:22.252,0.0973398179060687,0.01053487618088632,0.05999999999999994
1015,3B0019B8CC,221-2025-01-02,2025-01-02 13:44:59.252,0.1538416953491121,0.02803690595377901,0.05199999999999999
1016,3B00182A81,224-2025-01-02,2025-01-02 13:45:25.252,0.0991547467342567,0.00460973266342652,0.07199999999999995
1017,3B004AB6A7,226-2025-01-02,2025-01-02 13:45:43.253,0.1041871435151602,0.014568186676079785,0.04800000000000004
1018,3B0018A99B,227-2025-01-02,2025-01-02 13:46:05.255,0.0951097925836406,0.004539255981918878,0.03499999999999992
1019,3B004ACEEA,229-2025-01-02,2025-01-02 13:47:25.251,0.0969478198680414,0.013133942640433782,0.06000000000000005
1020,3B004CD4DE,231-2025-01-02,2025-01-02 13:48:07.252,0.1045882007075464,0.014654164958367957,0.06899999999999995
1021,3B004BF067,234-2025-01-02,2025-01-02 13:51:30.252,0.116182347348253,0.010515247013265125,0.07
1022,3B004AB6A7,236-2025-01-02,2025-01-02 13:55:10.250,0.1003335166489211,0.014587068445418237,0.051000000000000156
1023,3B004873F2,237-2025-01-02,2025-01-02 13:55:14.251,0.1000426597534706,0.015312757891401145,0.04899999999999999
1024,3B004C0894,238-2025-01-02,2025-01-02 13:56:16.250,0.1067658805452534,0.013738427905084309,0.052000000000000046
1025,3B004873F2,239-2025-01-02,2025-01-02 13:57:02.250,0.1000426597534705,0.01487697587190593,0.04700000000000004
1026,3B004C0894,241-2025-01-02,2025-01-02 13:57:51.249,0.1067658805452534,0.013786366148835997,0.052999999999999936
1027,3B004873F2,243-2025-01-02,2025-01-02 14:09:21.249,0.1000426597534706,0.014454155660554522,0.07899999999999996
1028,3B004BF067,244-2025-01-02,2025-01-02 14:18:03.247,0.104205370289655,0.011235833352576512,0.04800000000000004
1029,3B004AB6A7,245-2025-01-02,2025-01-02 14:18:29.247,0.1037159849188524,0.01316842905808888,0.06499999999999995
1030,3B004C0894,246-2025-01-02,2025-01-02 14:18:37.248,0.1067658805452534,0.013868008410490323,0.06600000000000006
1031,3B004C0894,249-2025-01-02,2025-01-02 14:22:15.246,0.107955195370306,0.013093815296457553,0.050999999999999934
1032,3B0018A99B,250-2025-01-02,2025-01-02 14:23:31.246,0.0951097925836406,0.004039837741598243,0.04399999999999993
1033,3B004873F2,251-2025-01-02,2025-01-02 14:38:56.245,0.1000426597534706,0.014953234375682606,0.064
1034,3B00182A81,253-2025-01-02,2025-01-02 14:42:44.244,0.0991547467342567,0.004217388185850959,0.07299999999999998
1035,3B004873F2,255-2025-01-02,2025-01-02 14:44:38.244,0.1000426597534706,0.015066187855026898,0.04700000000000015
1036,3B004CD4DE,258-2025-01-02,2025-01-02 14:45:44.246,0.0994476367912997,0.015563165744463188,0.04699999999999993
1037,3B004CD4DE,259-2025-01-02,2025-01-02 14:47:44.244,0.0994476367912997,0.015763074071911118,0.067
1038,3B004C0894,260-2025-01-02,2025-01-02 14:48:01.245,0.1067658805452534,0.013443048274637694,0.04999999999999993
1039,3B00192E1E,261-2025-01-02,2025-01-02 14:48:53.245,0.1005858192823128,0.012508771464402673,0.08199999999999996
1040,3B0019F652,263-2025-01-02,2025-01-02 14:49:02.245,0.0905389973583477,0.012935668331126186,0.05300000000000005
1041,3B00190DF0,264-2025-01-02,2025-01-02 14:49:17.244,0.1858377627654824,0.029364843062159952,0.053999999999999826
1042,3B004C0894,266-2025-01-02,2025-01-02 14:58:47.244,0.110069282114889,0.012699584769614436,0.05300000000000005
1043,3B00192E1E,269-2025-01-02,2025-01-02 15:01:55.243,0.1005858192823128,0.014228331362470537,0.06200000000000003
1044,01103F97C4,270-2025-01-02,2025-01-02 15:02:03.243,0.1618435114270357,0.027207031078284125,0.05499999999999994
1045,3B004AB6A7,272-2025-01-02,2025-01-02 15:03:43.242,0.1003335166489211,0.017554388373393612,0.059
1046,3B004ACEEA,276-2025-01-02,2025-01-02 15:09:56.241,0.0977517369156262,0.014468815890018976,0.05400000000000005
1047,3B004AB6A7,277-2025-01-02,2025-01-02 15:11:50.241,0.1100030789284714,0.014715128292387459,0.04800000000000004
1048,3B001857EE,278-2025-01-02,2025-01-02 15:12:07.239,0.0806103352327072,0.007219236016032771,0.04800000000000004
1049,3B004AB6A7,280-2025-01-02,2025-01-02 15:12:45.241,0.1105711687179665,0.01679924698572549,0.049000000000000155
1050,3B001857EE,282-2025-01-02,2025-01-02 15:16:36.239,0.0772926192037774,0.008479223108162038,0.05300000000000005
1051,3B0018A99B,284-2025-01-02,2025-01-02 15:16:55.239,0.0951097925836406,0.003561269414485239,0.03299999999999992
1052,3B00182A81,286-2025-01-02,2025-01-02 15:20:12.238,0.0991547467342567,0.0035691862563174605,0.07700000000000001
1053,3B00190DF0,287-2025-01-02,2025-01-02 15:30:27.238,0.1858377627654824,0.025362295295080845,0.04999999999999999
1054,3B004873F2,288-2025-01-02,2025-01-02 15:30:37.238,0.1000426597534706,0.015665503697161832,0.04600000000000004
1055,3B00190DF0,289-2025-01-02,2025-01-02 15:31:44.238,0.180667810585333,0.026619737351829372,0.051999999999999824
1056,3B0019B8CC,290-2025-01-02,2025-01-02 15:31:49.238,0.1538416953491121,0.02797827379657066,0.08299999999999996
1057,3B004873F2,291-2025-01-02,2025-01-02 15:32:07.237,0.1000426597534706,0.013605210373141025,0.04800000000000004
1058,3B00190DF0,292-2025-01-02,2025-01-02 15:32:34.238,0.1858377627654824,0.02690186835016523,0.04899999999999993
1059,3B00190DF0,299-2025-01-02,2025-01-02 15:35:08.236,0.1824161650609681,0.024150510477083033,0.051000000000000156
1060,3B004ACEEA,301-2025-01-02,2025-01-02 15:36:35.238,0.0977517369156262,0.011744567614968213,0.04800000000000004
1061,3B004C0894,302-2025-01-02,2025-01-02 15:36:41.238,0.1067658805452534,0.006772513650058182,0.07299999999999995
1062,3B00186A36,305-2025-01-02,2025-01-02 15:37:10.237,0.1177048050359731,0.0014175769639762955,0.03500000000000003
1063,3B004ACEEA,307-2025-01-02,2025-01-02 15:49:30.237,0.0977517369156262,8.200697057353265e-05,0.009000000000000341
1064,3B004ACEEA,308-2025-01-02,2025-01-02 15:49:52.237,0.0977517369156262,0.014773986220562665,0.052000000000000046
1065,3B004C0894,311-2025-01-02,2025-01-02 15:59:09.235,0.1082628400144714,0.031090746350883283,0.057999999999999996
1066,3B004ACEEA,312-2025-01-02,2025-01-02 16:00:54.234,0.0977517369156262,0.015370962082089757,0.04899999999999993
1067,3B004C0894,314-2025-01-02,2025-01-02 16:02:20.235,0.1084781431216755,0.012896236434669124,0.052000000000000046
1068,3B0019B8CC,316-2025-01-02,2025-01-02 16:03:06.234,0.1538416953491121,0.028677610668610735,0.05400000000000005
1069,3B0018A99B,317-2025-01-02,2025-01-02 16:03:51.234,0.0951097925836406,0.005090708141314668,0.038000000000000034
1070,3B00182A81,320-2025-01-02,2025-01-02 16:05:08.234,0.1003826099509247,0.0034814529182786657,0.08699999999999997
1071,3B0019B8CC,321-2025-01-02,2025-01-02 16:05:25.232,0.1672683760399494,0.028374858301838446,0.04999999999999982
1072,3B004C0894,323-2025-01-02,2025-01-02 16:05:43.233,0.1067658805452534,0.015100161072035158,0.04899999999999993
1073,3B004ACEEA,324-2025-01-02,2025-01-02 16:07:56.233,0.099435498976271,0.012057883895496337,0.054999999999999716
1074,3B004ACEEA,325-2025-01-02,2025-01-02 16:09:53.231,0.0977517369156262,0.016146341148530176,0.04899999999999999
1075,3B004C0894,326-2025-01-02,2025-01-02 16:10:49.232,0.1077049584392424,0.013100351690169744,0.06600000000000072
1076,3B004ACEEA,328-2025-01-02,2025-01-02 16:11:22.231,0.0977517369156262,0.014644633774056153,0.07699999999999996
1077,3B004CD4DE,1-2025-01-20,2025-01-20 07:58:16.919,0.0994476367912997,0.004150167706068823,0.05499999999999999
1078,3B004C0894,2-2025-01-20,2025-01-20 07:58:43.919,0.0939127313230881,0.0012500178683434457,0.03499999999999992
1079,3B0019B8CC,6-2025-01-20,2025-01-20 08:00:11.919,0.1554298926708327,0.0059227098136617915,0.06799999999999995
1080,3B004CD4DE,7-2025-01-20,2025-01-20 08:00:34.918,0.0922709249517845,0.004925851196145119,0.050000000000000044
1081,3B004C0894,9-2025-01-20,2025-01-20 08:02:13.918,0.103350014323519,0.006160754671134473,0.04499999999999993
1082,3B004D0071,10-2025-01-20,2025-01-20 08:05:07.917,0.088557496467778,0.004153860271098669,0.06
1083,3B0019B8CC,12-2025-01-20,2025-01-20 08:05:28.917,0.1538416953491121,0.00784517323686319,0.06099999999999994
1084,3B00484043,13-2025-01-20,2025-01-20 08:06:09.918,0.0952484497809403,0.004917957276002357,0.06899999999999995
1085,3B0018D520,14-2025-01-20,2025-01-20 08:06:31.916,0.0959216181978099,0.003861087936297277,0.06300000000000061
1086,3B00191394,16-2025-01-20,2025-01-20 08:07:18.918,0.0880950390522702,0.00397979522692794,0.05600000000000005
1087,3B00199DE5,19-2025-01-20,2025-01-20 08:07:46.917,0.1123533740676662,0.012988886412293496,0.06500000000000017
1088,3B0018D520,20-2025-01-20,2025-01-20 08:07:52.916,0.1021846413898617,0.003174015798654089,0.03600000000000003
1089,3B0019B8CC,23-2025-01-20,2025-01-20 08:08:19.917,0.1538416953491121,0.00755573195358406,0.07699999999999999
1090,3B0018C6F9,24-2025-01-20,2025-01-20 08:08:47.917,0.098122407562645,0.004009865101273716,0.07899999999999996
1091,3B00191394,25-2025-01-20,2025-01-20 08:09:27.917,0.0907852317289655,0.0033450215789719976,0.04599999999999993
1092,3B00191394,26-2025-01-20,2025-01-20 08:09:42.916,0.0908996595470017,0.0035690671129421214,0.08299999999999996
1093,3B00191394,27-2025-01-20,2025-01-20 08:09:53.916,0.0933413739378918,0.0018684914385674334,0.066
1094,3B0018D520,30-2025-01-20,2025-01-20 08:11:18.915,0.1021846413898618,0.0009215591060576183,0.03299999999999992
1095,3B0018C6F9,31-2025-01-20,2025-01-20 08:11:45.914,0.0941890571308259,0.004194683827937717,0.09299999999999997
1096,3B004CEFFE,34-2025-01-20,2025-01-20 08:13:31.915,0.0958909222991259,0.00470179674127764,0.06899999999999995
1097,3B004CEFFE,36-2025-01-20,2025-01-20 08:14:49.913,0.0894504035648659,0.010007217867575666,0.051000000000000156
1098,3B001816CC,38-2025-01-20,2025-01-20 08:16:53.912,0.0916886465376473,0.003519392058986271,0.054999999999999716
1099,3B004CEFFE,45-2025-01-20,2025-01-20 08:20:25.910,0.0968863060282778,0.003914066415021556,0.08500000000000041
1100,3B00185CB8,46-2025-01-20,2025-01-20 08:23:05.909,0.0953970648449805,0.011561262392421763,0.04299999999999993
1101,3B004CEFFE,47-2025-01-20,2025-01-20 08:28:28.907,0.1069954981198278,7.705374918726727e-05,0.01200000000000001
1102,3B004CEFFE,54-2025-01-20,2025-01-20 08:32:18.906,0.1069954981198278,0.0012237016020960315,0.03699999999999992
1103,3B0018C6F9,55-2025-01-20,2025-01-20 08:32:55.905,0.0981224075626449,0.003568210269454764,0.061
1104,3B00484043,57-2025-01-20,2025-01-20 08:35:47.905,0.0957330448773143,0.005846859195475715,0.06899999999999995
1105,01103F88A1,64-2025-01-20,2025-01-20 08:43:17.903,0.0997901905949458,0.004370790423601467,0.05300000000000005
1106,3B004CDB63,66-2025-01-20,2025-01-20 08:44:02.901,0.1813364004184234,0.008527945539496285,0.040000000000000036
1107,01103F88A1,67-2025-01-20,2025-01-20 08:44:07.902,0.1037497690173074,0.003683862359846396,0.07499999999999998
1108,3B004C0894,69-2025-01-20,2025-01-20 08:45:05.901,0.1047190782288129,0.0008211519462336283,0.02100000000000035
1109,3B004C0894,70-2025-01-20,2025-01-20 08:45:50.902,0.1067658805452534,0.0026549648107755714,0.039999999999999925
1110,3B00484043,71-2025-01-20,2025-01-20 08:46:17.901,0.0941812955044005,0.004925465728264817,0.06599999999999995
1111,3B004CEFFE,74-2025-01-20,2025-01-20 08:47:56.900,0.0965183326557083,0.013245535107629073,0.052000000000000046
1112,3B00191394,77-2025-01-20,2025-01-20 08:49:03.900,0.0955494162184201,0.0034285292302159904,0.07100000000000001
1113,3B00191394,78-2025-01-20,2025-01-20 08:49:41.900,0.0906073270122726,0.0034596741395086926,0.07899999999999974
1114,3B00185CB8,79-2025-01-20,2025-01-20 08:49:46.899,0.0925223851691955,0.003657717974268654,0.07899999999999996
1115,3B004CEFFE,80-2025-01-20,2025-01-20 08:49:59.899,0.1069954981198278,0.009010200387870385,0.040999999999999925
1116,3B00191394,83-2025-01-20,2025-01-20 08:51:27.898,0.0905843169776478,0.0036776541983280565,0.05500000000000016
1117,3B00191394,84-2025-01-20,2025-01-20 08:51:34.899,0.0907650976461,0.0037166658824312696,0.05799999999999983
1118,3B00185CB8,85-2025-01-20,2025-01-20 08:51:54.899,0.0935639286085422,0.004387248134035249,0.07499999999999996
1119,3B0018C6F9,86-2025-01-20,2025-01-20 08:52:33.898,0.0943538434024817,0.0032516490167672444,0.08299999999999996
1120,3B00186A36,87-2025-01-20,2025-01-20 08:57:39.897,0.0945406447064571,0.0011070571143838583,0.06600000000000028
1121,3B00191394,89-2025-01-20,2025-01-20 08:59:01.897,0.0902074074507404,0.004418846198535757,0.06099999999999994
1122,3B0018C6F9,90-2025-01-20,2025-01-20 08:59:20.897,0.096462641793699,0.003153893111245499,0.08899999999999997
1123,3B004C5268,91-2025-01-20,2025-01-20 08:59:50.897,0.0912717055813623,0.011710275448986238,0.04800000000000004
1124,3B0018C6F9,92-2025-01-20,2025-01-20 09:00:51.895,0.0989641308897329,0.013009229505833327,0.050999999999999934
1125,01103FA4B2,96-2025-01-20,2025-01-20 09:05:39.895,0.0944995839190082,0.013391288305653328,0.07099999999999995
1126,3B0019B8CC,99-2025-01-20,2025-01-20 09:07:04.895,0.1538416953491121,0.027899567772517182,0.05699999999999994
1127,3B004873F2,101-2025-01-20,2025-01-20 09:08:05.893,0.1000426597534706,0.014545309463195372,0.05299999999999999
1128,01103FA4B2,102-2025-01-20,2025-01-20 09:08:10.893,0.0969394484148949,0.012818828943022078,0.06000000000000005
1129,3B004873F2,107-2025-01-20,2025-01-20 09:10:33.891,0.1000426597534706,0.01433757550701497,0.04800000000000004
1130,3B0019B8CC,109-2025-01-20,2025-01-20 09:11:13.891,0.1606413689352712,0.027389652383905387,0.052999999999999936
1131,3B00191394,111-2025-01-20,2025-01-20 09:12:47.891,0.0955494162184201,0.011707238489727299,0.04600000000000004
1132,3B004873F2,112-2025-01-20,2025-01-20 09:13:03.890,0.1000426597534706,0.013543668016471992,0.05399999999999999
1133,3B00192E1E,114-2025-01-20,2025-01-20 09:13:42.892,0.1005858192823128,0.0038901602405481796,0.04400000000000004
1134,3B00192E1E,116-2025-01-20,2025-01-20 09:14:39.891,0.0918897274139437,0.013331990275583483,0.049000000000000044
1135,3B00191394,117-2025-01-20,2025-01-20 09:14:57.890,0.0955494162184201,0.01164403817032249,0.04600000000000004
1136,3B00182DFC,119-2025-01-20,2025-01-20 09:18:03.889,0.1144449634497805,0.01281539116410041,0.04899999999999993
1137,3B00182DFC,120-2025-01-20,2025-01-20 09:19:44.887,0.0993644432235166,0.013337054043045209,0.05600000000000005
1138,3B00182DFC,121-2025-01-20,2025-01-20 09:22:39.887,0.1005110889971253,0.01431333641424171,0.051000000000000156
1139,3B00182DFC,123-2025-01-20,2025-01-20 09:25:09.886,0.101589539199635,0.01452508350530113,0.052999999999999936
1140,3B004CEFFE,125-2025-01-20,2025-01-20 09:27:01.886,0.1069954981198278,0.009705161324369237,0.062000000000000055
1141,3B004AB6A7,126-2025-01-20,2025-01-20 09:29:02.885,0.0993894517633795,0.01302877963264782,0.05600000000000005
1142,3B001816CC,128-2025-01-20,2025-01-20 09:31:23.884,0.0927218667093121,0.01405136423174256,0.05800000000000005
1143,3B004AB6A7,129-2025-01-20,2025-01-20 09:32:26.883,0.1003335166489211,0.016456690904297158,0.06600000000000006
1144,3B001816CC,130-2025-01-20,2025-01-20 09:33:19.883,0.0913088152105386,0.011499256924350817,0.06299999999999994
1145,3B004AB6A7,131-2025-01-20,2025-01-20 09:33:38.884,0.1003335166489211,0.0125275677431016,0.05800000000000005
1146,3B004AB6A7,132-2025-01-20,2025-01-20 09:36:22.882,0.1022665164980078,0.012721159672285919,0.050000000000000044
1147,3B004CD4DE,133-2025-01-20,2025-01-20 09:39:30.881,0.0994476367912997,0.014008597045267634,0.05299999999999999
1148,3B004CD4DE,134-2025-01-20,2025-01-20 09:40:14.881,0.0994476367912997,0.014163291945043477,0.04500000000000004
1149,3B00484043,135-2025-01-20,2025-01-20 09:40:19.880,0.0938045142806377,0.004061377087147383,0.07099999999999995
1150,3B0018D520,136-2025-01-20,2025-01-20 09:46:30.881,0.0957032352459425,0.011344686767069892,0.053999999999999826
1151,01103FD2E8,137-2025-01-20,2025-01-20 09:51:03.879,0.1459443602257775,0.02933645414334396,0.05400000000000027
1152,01103FD2E8,138-2025-01-20,2025-01-20 09:52:12.878,0.1529377838182513,0.03054445706455403,0.051999999999999824
1153,01103FD2E8,139-2025-01-20,2025-01-20 09:53:22.879,0.1459443602257775,0.02556339875279156,0.06500000000000017
1154,3B0018D520,140-2025-01-20,2025-01-20 09:58:51.878,0.1021846413898618,0.01146157918653225,0.04999999999999982
1155,3B00199DE5,141-2025-01-20,2025-01-20 10:00:21.877,0.1123533740676661,0.01070107953114095,0.04899999999999999
1156,01103FD2E8,142-2025-01-20,2025-01-20 10:00:29.877,0.1510547622739331,0.028082355967921874,0.08099999999999996
1157,3B00191394,144-2025-01-20,2025-01-20 10:01:54.878,0.0955494162184201,0.010877737828653696,0.050999999999999934
1158,3B00192E1E,145-2025-01-20,2025-01-20 10:01:57.877,0.1005858192823128,0.012121904217833575,0.051000000000000045
1159,3B00199DE5,146-2025-01-20,2025-01-20 10:02:01.876,0.1123533740676661,0.011571771146521928,0.04799999999999993
1160,01103FD2E8,147-2025-01-20,2025-01-20 10:02:15.877,0.1459443602257775,0.02980727544428551,0.05600000000000005
1161,01103FD2E8,150-2025-01-20,2025-01-20 10:03:16.876,0.1554457550902563,0.02406868137148874,0.05600000000000005
1162,01103FD2E8,153-2025-01-20,2025-01-20 10:04:05.876,0.1459443602257775,0.027545339010773197,0.08000000000000007
1163,3B00191394,154-2025-01-20,2025-01-20 10:04:13.877,0.091793285056911,0.01023211156087543,0.05700000000000016
1164,3B00192E1E,156-2025-01-20,2025-01-20 10:04:50.876,0.0964816615969599,0.012269429922433739,0.051000000000000156
1165,3B00191394,160-2025-01-20,2025-01-20 10:06:25.876,0.0955494162184201,0.011478329286962135,0.04700000000000004
1166,3B00191394,161-2025-01-20,2025-01-20 10:07:45.875,0.0955494162184201,0.002714560149785262,0.030999999999999694
1167,3B00185CB8,162-2025-01-20,2025-01-20 10:08:26.874,0.0953970648449805,0.0038218404374497092,0.04400000000000004
1168,3B00484043,163-2025-01-20,2025-01-20 10:08:29.875,0.0941812955044005,0.012089232183704996,0.05999999999999994
1169,3B00182DFC,164-2025-01-20,2025-01-20 10:08:44.875,0.1144449634497805,0.013470925009773553,0.052000000000000046
1170,3B004CDB63,168-2025-01-20,2025-01-20 10:12:30.872,0.1012702462445025,0.009677978019498013,0.05899999999999994
1171,3B0018D520,169-2025-01-20,2025-01-20 10:12:39.872,0.1021846413898618,0.011327300119229106,0.07200000000000006
1172,3B004CDB63,172-2025-01-20,2025-01-20 10:13:42.873,0.0906034883408599,0.011377176442795902,0.05899999999999972
1173,3B00182DFC,173-2025-01-20,2025-01-20 10:13:58.872,0.1144449634497805,0.013236803510942634,0.05300000000000016
1174,3B004D0071,174-2025-01-20,2025-01-20 10:14:59.872,0.0917740816701959,0.00286592390506671,0.038999999999999924
1175,3B004CEFFE,175-2025-01-20,2025-01-20 10:15:51.872,0.0965857946004626,0.004496216917260563,0.04999999999999982
1176,3B004CDB63,176-2025-01-20,2025-01-20 10:16:19.872,0.0909961955516573,0.01031332518455011,0.06000000000000005
1177,3B004CEFFE,177-2025-01-20,2025-01-20 10:16:54.870,0.1069954981198278,0.009392716006192651,0.06500000000000017
1178,3B004CD4DE,178-2025-01-20,2025-01-20 10:17:02.870,0.0994476367912997,0.013242083842778508,0.04599999999999993
1179,3B004CDB63,179-2025-01-20,2025-01-20 10:17:29.871,0.1012702462445025,0.011589508357259684,0.05299999999999999
1180,3B0049A710,180-2025-01-20,2025-01-20 10:17:35.870,0.0932259526476738,0.003911435797638761,0.08200000000000007
1181,3B004CD4DE,182-2025-01-20,2025-01-20 10:18:35.869,0.0949408181681109,0.004362514190282612,0.03399999999999981
1182,3B004CD4DE,184-2025-01-20,2025-01-20 10:19:34.870,0.0994476367912997,0.014342197945300809,0.04700000000000015
1183,3B00182DFC,185-2025-01-20,2025-01-20 10:19:54.869,0.0894020456382989,0.0009305824380444634,0.06400000000000006
1184,3B00182DFC,186-2025-01-20,2025-01-20 10:20:13.870,0.1048537444566593,0.013565085827413406,0.04899999999999993
1185,3B0049A710,187-2025-01-20,2025-01-20 10:21:31.868,0.1059882406227716,0.013640884140960341,0.08299999999999996
1186,3B004CD4DE,189-2025-01-20,2025-01-20 10:26:54.867,0.0994476367912997,0.014329011228394445,0.07200000000000001
1187,3B00192E1E,193-2025-01-20,2025-01-20 10:28:30.866,0.1005858192823128,0.003859400022186924,0.03599999999999981
1188,3B00186448,195-2025-01-20,2025-01-20 10:28:55.867,0.1720324744783095,0.02702023282451385,0.050999999999999934
1189,3B00192E1E,196-2025-01-20,2025-01-20 10:29:11.868,0.1005858192823128,0.0034289967767474673,0.03400000000000003
1190,3B0049A710,198-2025-01-20,2025-01-20 10:29:40.865,0.1059882406227716,0.01278156510734268,0.06299999999999994
1191,3B00192E1E,199-2025-01-20,2025-01-20 10:29:56.866,0.1005858192823128,0.0033738976127402676,0.03199999999999997
1192,3B00186448,200-2025-01-20,2025-01-20 10:30:13.867,0.1656351178275708,0.029260145280199573,0.05400000000000027
1193,3B00182A81,201-2025-01-20,2025-01-20 10:30:25.865,0.0991547467342568,0.0038623867254770823,0.062
1194,3B00186448,204-2025-01-20,2025-01-20 10:31:24.866,0.1720324744783095,0.02816622694204195,0.06299999999999994
1195,3B0049A710,207-2025-01-20,2025-01-20 10:33:11.865,0.0877796448459452,0.014789993937437563,0.07799999999999985
1196,3B001877B5,209-2025-01-20,2025-01-20 10:38:52.864,0.1623272214296639,0.021915329339707957,0.06899999999999995
1197,3B004AB6A7,211-2025-01-20,2025-01-20 10:48:25.863,0.1003335166489211,0.01656958803861289,0.050000000000000044
1198,01103F8EAC,212-2025-01-20,2025-01-20 10:48:47.862,0.162299823887924,0.022197069829237612,0.07600000000000001
1199,3B00182A81,213-2025-01-20,2025-01-20 10:48:54.862,0.0963299723942132,0.004150208138236294,0.07099999999999995
1200,3B004AB6A7,218-2025-01-20,2025-01-20 10:50:37.862,0.1003335166489211,0.012065272477078042,0.051999999999999824
1201,01103F8EAC,219-2025-01-20,2025-01-20 10:57:59.519,0.1622998238879239,0.020169161238160083,0.06499999999999995
1202,3B001877B5,220-2025-01-20,2025-01-20 10:58:02.521,0.1648231827362868,0.0203244412017103,0.06899999999999995
1203,01103F9A64,221-2025-01-20,2025-01-20 10:58:05.519,0.17343810965076,0.030229820410073112,0.04899999999999993
1204,01103F9A64,222-2025-01-20,2025-01-20 10:59:15.519,0.17343810965076,0.02815975011007702,0.04999999999999982
1205,01103F9A64,225-2025-01-20,2025-01-20 11:00:25.520,0.17343810965076,0.033128176359730296,0.05600000000000005
1206,3B001877B5,226-2025-01-20,2025-01-20 11:00:29.520,0.1694878784051801,0.02288033208879708,0.07099999999999995
1207,01103F8EAC,227-2025-01-20,2025-01-20 11:01:26.518,0.1731222073140373,0.018472574102350474,0.06999999999999984
1208,3B001877B5,228-2025-01-20,2025-01-20 11:01:49.520,0.1639802622960011,0.026058185113175737,0.06999999999999984
1209,3B004CD4DE,229-2025-01-20,2025-01-20 11:01:58.518,0.0994476367912997,0.010518295858470654,0.04300000000000004
1210,01103F9A64,230-2025-01-20,2025-01-20 11:02:04.519,0.17343810965076,0.02920985363907967,0.05899999999999972
1211,01103FA4B2,232-2025-01-20,2025-01-20 11:03:16.518,0.1010571764369905,0.012446121545908819,0.06500000000000006
1212,3B001877B5,233-2025-01-20,2025-01-20 11:03:24.518,0.1656651884888598,0.02414881665920875,0.07100000000000017
1213,3B00190DF0,235-2025-01-20,2025-01-20 11:04:00.518,0.1858377627654824,0.023667941909833408,0.06499999999999995
1214,01103F97C4,236-2025-01-20,2025-01-20 11:04:05.518,0.1618435114270357,0.02597988469148932,0.07799999999999985
1215,3B001877B5,237-2025-01-20,2025-01-20 11:04:30.518,0.1694996645523379,0.024365903068558126,0.06699999999999973
1216,3B0018A99B,238-2025-01-20,2025-01-20 11:04:44.518,0.0938369244372144,0.009178478054715226,0.07199999999999962
1217,01103FA4B2,240-2025-01-20,2025-01-20 11:05:45.519,0.0995647230465705,0.013766418815953798,0.062000000000000055
1218,01103F8EAC,242-2025-01-20,2025-01-20 11:06:54.517,0.1622998238879239,0.02101341201812643,0.07500000000000018
1219,3B0018C6F9,243-2025-01-20,2025-01-20 11:07:07.518,0.0993678039723161,0.012225671845280643,0.05700000000000016
1220,01103F9A64,245-2025-01-20,2025-01-20 11:07:18.517,0.1682912132838222,0.027645264672047188,0.05400000000000027
1221,01103FD2E8,246-2025-01-20,2025-01-20 11:07:56.518,0.1459443602257775,0.030526594471685663,0.05499999999999994
1222,01103F9A64,248-2025-01-20,2025-01-20 11:08:20.516,0.1678418767226315,0.03237885473479747,0.052000000000000046
1223,3B0018D520,250-2025-01-20,2025-01-20 11:08:41.516,0.0988246546870378,0.011183719082119835,0.057999999999999996
1224,01103FD2E8,251-2025-01-20,2025-01-20 11:08:54.517,0.1459443602257775,0.025613112012256935,0.064
1225,3B00190DF0,252-2025-01-20,2025-01-20 11:09:27.516,0.168240941233518,0.023644020930971447,0.05600000000000005
1226,01103F9A64,253-2025-01-20,2025-01-20 11:09:36.515,0.17343810965076,0.03192694887734601,0.05400000000000005
1227,3B00191394,254-2025-01-20,2025-01-20 11:09:46.516,0.0955494162184201,0.011319032958695583,0.043999999999999984
1228,3B00191394,256-2025-01-20,2025-01-20 11:10:44.516,0.0906839021565542,0.00396267287519975,0.03299999999999992
1229,01103FD2E8,258-2025-01-20,2025-01-20 11:11:58.514,0.1459443602257775,0.030126682031940934,0.05799999999999983
1230,3B0018D520,259-2025-01-20,2025-01-20 11:12:02.515,0.1021846413898618,0.011369891972943063,0.051000000000000045
1231,3B00190DF0,261-2025-01-20,2025-01-20 11:13:02.515,0.1858377627654824,0.0231585340919943,0.050000000000000044
1232,3B004CD4DE,266-2025-01-20,2025-01-20 11:16:31.513,0.0953138566799505,0.014519376782365699,0.05600000000000005
1233,3B00186448,269-2025-01-20,2025-01-20 11:17:08.513,0.1593277019967654,0.03028028283892319,0.05400000000000027
1234,3B00186448,270-2025-01-20,2025-01-20 11:17:55.514,0.1720324744783095,6.9858026909166145e-06,0.0030000000000000027
1235,3B004AB6A7,271-2025-01-20,2025-01-20 11:18:18.513,0.1003335166489211,-0.0001004638225957969,0.028999999999999915
1236,01103F8EAC,272-2025-01-20,2025-01-20 11:20:25.513,0.1693465896743778,0.024054880084216638,0.06599999999999984
1237,3B001877B5,274-2025-01-20,2025-01-20 11:23:21.512,0.1782068500941566,0.020284313220401293,0.07
1238,01103F8EAC,275-2025-01-20,2025-01-20 11:23:36.513,0.1622998238879239,0.020322609087982335,0.07299999999999995
1239,011016B2E1,276-2025-01-20,2025-01-20 11:23:42.511,0.1012101392178434,0.01532747012632259,0.04699999999999993
1240,3B00192E1E,277-2025-01-20,2025-01-20 11:24:35.511,0.1005858192823128,0.013241927841639025,0.04699999999999993
1241,3B0049A710,279-2025-01-20,2025-01-20 11:25:01.512,0.0955003214481397,0.013855497429572925,0.06500000000000039
1242,011016B2E1,280-2025-01-20,2025-01-20 11:25:11.511,0.1016619776403348,0.005747075974587987,0.03699999999999992
1243,01103F97C4,281-2025-01-20,2025-01-20 11:25:56.511,0.1618435114270358,0.025944054153277038,0.05499999999999994
1244,3B00192E1E,282-2025-01-20,2025-01-20 11:26:22.510,0.1005858192823128,0.004402115199790152,0.03799999999999981
1245,3B00186448,283-2025-01-20,2025-01-20 11:26:30.512,0.1720324744783095,0.02795394801425638,0.054999999999999716
1246,3B00191394,286-2025-01-20,2025-01-20 11:26:43.510,0.0955494162184201,0.012182582535187898,0.044999999999999984
1247,3B004D0071,287-2025-01-20,2025-01-20 11:27:13.511,0.0844145070589476,0.010982563733449385,0.06899999999999995
1248,3B004CD4DE,289-2025-01-20,2025-01-20 11:27:31.511,0.0994476367912997,0.014541861340700506,0.04700000000000004
1249,3B00191394,290-2025-01-20,2025-01-20 11:28:03.510,0.0955494162184201,0.01205515825044729,0.06400000000000006
1250,01103FA4B2,291-2025-01-20,2025-01-20 11:28:15.510,0.0998456297315621,0.01279161241337318,0.05799999999999983
1251,3B004CDB63,292-2025-01-20,2025-01-20 11:28:23.510,0.1012702462445025,0.009926475850160375,0.05400000000000005
1252,3B00186448,295-2025-01-20,2025-01-20 11:30:13.509,0.1720324744783095,0.02964252773083866,0.051999999999999824
1253,3B004CDB63,296-2025-01-20,2025-01-20 11:30:18.509,0.0926243535832445,0.011368094102355883,0.07499999999999996
1254,3B001877B5,298-2025-01-20,2025-01-20 11:31:18.509,0.1782068500941566,0.020750260024658553,0.06299999999999994
1255,3B001857EE,299-2025-01-20,2025-01-20 11:31:46.510,0.1008818015661151,0.011735658880809517,0.06800000000000006
1256,3B00192E1E,302-2025-01-20,2025-01-20 11:33:01.508,0.1005858192823128,0.0039785386645858675,0.03499999999999992
1257,3B001857EE,304-2025-01-20,2025-01-20 11:33:34.509,0.0977687392677557,0.006879136909615299,0.049000000000000044
1258,011016B2E1,305-2025-01-20,2025-01-20 11:33:46.509,0.1022847820082712,0.014863500220822303,0.04699999999999993
1259,01103F97C4,306-2025-01-20,2025-01-20 11:33:55.509,0.1618435114270358,0.023668087104814894,0.06099999999999994
1260,3B0049A710,307-2025-01-20,2025-01-20 11:34:30.509,0.0978366382424402,0.011700928121028938,0.054999999999999716
1261,01103F8EAC,308-2025-01-20,2025-01-20 11:35:28.509,0.162299823887924,0.019816935710827818,0.07200000000000006
1262,011016B2E1,309-2025-01-20,2025-01-20 11:35:51.508,0.1034056593821557,0.01244914823235076,0.06999999999999995
1263,01103F97C4,310-2025-01-20,2025-01-20 11:35:59.508,0.1728204372205902,0.0266666105673356,0.051000000000000156
1264,0700ED9568,311-2025-01-20,2025-01-20 11:37:06.507,0.1613283166959491,0.023376975202469792,0.07099999999999995
1265,3B004B0F76,312-2025-01-20,2025-01-20 11:37:19.507,0.1774240499055155,0.021061484514259644,0.05600000000000005
1266,01103F97C4,313-2025-01-20,2025-01-20 11:38:12.507,0.1720225509664873,0.027786639776593278,0.06199999999999983
1267,3B0018A99B,314-2025-01-20,2025-01-20 11:38:21.507,0.0941824178758108,0.004134430569686157,0.04499999999999993
1268,3B004CD4DE,315-2025-01-20,2025-01-20 11:39:04.507,0.0994476367912997,0.020731240577404685,0.08499999999999996
1269,3B00186448,316-2025-01-20,2025-01-20 11:39:17.507,0.166255675869415,0.028595622009011397,0.07200000000000006
1270,3B0018C6F9,318-2025-01-20,2025-01-20 11:39:37.508,0.0973789819561331,0.003642122756653316,0.08199999999999996
1271,011016B2E1,319-2025-01-20,2025-01-20 11:39:49.508,0.1034056593821557,0.013138345190402603,0.06099999999999994
1272,3B001877B5,322-2025-01-20,2025-01-20 11:41:14.506,0.1682035063367732,0.020212654475215107,0.06999999999999984
1273,3B004CD4DE,323-2025-01-20,2025-01-20 11:41:32.506,0.0994476367912997,0.01475040460893892,0.08100000000000002
1274,3B00192E1E,324-2025-01-20,2025-01-20 11:41:37.507,0.1005858192823128,5.175226721489105e-05,0.006000000000000005
1275,011016B2E1,325-2025-01-20,2025-01-20 11:42:04.506,0.1034056593821557,0.015393559175637592,0.04499999999999993
1276,3B00191394,328-2025-01-20,2025-01-20 11:57:54.505,0.0955494162184201,0.011670773710144026,0.04499999999999993
1277,01103F8EAC,330-2025-01-20,2025-01-20 12:02:21.504,0.1622998238879239,0.021692326118754317,0.07899999999999996
1278,3B0018C6F9,332-2025-01-20,2025-01-20 12:03:53.504,0.0981224075626449,0.005239514403359619,0.03499999999999992
1279,3B00190DF0,333-2025-01-20,2025-01-20 12:03:56.504,0.1858377627654824,0.024938208815555085,0.05800000000000005
1280,3B001877B5,334-2025-01-20,2025-01-20 12:04:55.504,0.1690608236105072,0.02393561384136466,0.06999999999999984
1281,01103F97C4,335-2025-01-20,2025-01-20 12:05:35.503,0.1618435114270358,0.028267037487509732,0.05500000000000016
1282,3B004AB6A7,337-2025-01-20,2025-01-20 12:06:11.504,0.1049029955762353,0.013934762619516906,0.04800000000000004
1283,01103F8EAC,339-2025-01-20,2025-01-20 12:06:57.502,0.1622998238879239,0.021232705082003,0.07299999999999995
1284,01103F97C4,340-2025-01-20,2025-01-20 12:08:10.502,0.1689613618487944,0.02338538053432839,0.050000000000000266
1285,01103F8EAC,341-2025-01-20,2025-01-20 12:09:33.502,0.1622998238879239,0.020213507365301416,0.06899999999999995
1286,3B004873F2,343-2025-01-20,2025-01-20 12:09:47.501,0.1000426597534706,0.014382965777790557,0.06300000000000006
1287,01103F97C4,344-2025-01-20,2025-01-20 12:10:06.502,0.169710600462396,0.027626766986120214,0.06099999999999994
1288,3B004873F2,345-2025-01-20,2025-01-20 12:10:35.500,0.0958067424613378,0.015793704814507127,0.04499999999999993
1289,3B001877B5,346-2025-01-20,2025-01-20 12:10:40.502,0.1782068500941566,0.022856336580561517,0.06499999999999995
1290,3B004873F2,347-2025-01-20,2025-01-20 12:11:38.500,0.1000426597534706,0.015596652107588722,0.04800000000000004
1291,3B004873F2,349-2025-01-20,2025-01-20 12:13:08.500,0.1000426597534706,0.01499513240537455,0.050000000000000044
1292,3B004873F2,350-2025-01-20,2025-01-20 12:13:59.503,0.1000426597534706,0.015205703942961082,0.049000000000000044
1293,3B001877B5,352-2025-01-20,2025-01-20 12:15:20.502,0.1782068500941566,0.019714598206795865,0.061999999999999944
1294,3B004CD4DE,353-2025-01-20,2025-01-20 12:16:32.501,0.0994476367912997,0.01043478548244328,0.04600000000000004
1295,3B004CD4DE,355-2025-01-20,2025-01-20 12:17:46.499,0.0994476367912997,0.0035762829964251885,0.03300000000000014
1296,3B0018C6F9,356-2025-01-20,2025-01-20 12:18:18.499,0.1013064305157634,0.009501372117909739,0.07000000000000028
1297,3B0018D520,357-2025-01-20,2025-01-20 12:18:59.498,0.0985253224186717,0.01083836628240442,0.06000000000000005
1298,3B0018D520,358-2025-01-20,2025-01-20 12:20:00.498,0.0992458342617828,0.009892414422647114,0.051000000000000156
1299,3B001857EE,359-2025-01-20,2025-01-20 12:21:26.498,0.1005124236609979,0.0050924223072203465,0.04700000000000015
1300,01103FD2E8,360-2025-01-20,2025-01-20 12:23:13.499,0.1459443602257775,0.010876771896982091,0.04899999999999999
1301,3B0019B8CC,361-2025-01-20,2025-01-20 12:23:17.499,0.1538416953491121,0.023752012162984167,0.07800000000000007
1302,3B001857EE,362-2025-01-20,2025-01-20 12:23:23.499,0.0977687392677557,0.004730058507799833,0.04200000000000004
1303,01103FA4B2,363-2025-01-20,2025-01-20 12:24:07.497,0.100307444613546,0.01455848918518564,0.05600000000000005
1304,3B0018D520,364-2025-01-20,2025-01-20 12:24:19.498,0.1021846413898618,0.011813828614058861,0.05499999999999994
1305,01103FD2E8,365-2025-01-20,2025-01-20 12:24:45.497,0.1573554084908281,0.010858879558421328,0.04599999999999982
1306,3B0019B8CC,366-2025-01-20,2025-01-20 12:25:39.498,0.149879086606886,0.02299107498657752,0.052999999999999936
1307,01103FD2E8,367-2025-01-20,2025-01-20 12:30:42.497,0.1459443602257775,0.02125903734839445,0.07300000000000001
1308,3B00191394,369-2025-01-20,2025-01-20 12:33:06.497,0.0955494162184201,0.010461513263620442,0.07799999999999996
1309,3B004CD4DE,372-2025-01-20,2025-01-20 12:34:55.495,0.0994476367912997,0.014953451696703186,0.07200000000000001
1310,3B001857EE,374-2025-01-20,2025-01-20 12:36:20.495,0.0977687392677557,1.2230712788272799e-05,0.006000000000000005
1311,01103FD2E8,375-2025-01-20,2025-01-20 12:36:25.496,0.158865412912794,0.024210214272560128,0.07099999999999973
1312,3B004CD4DE,376-2025-01-20,2025-01-20 12:36:47.495,0.0971920536793138,0.010197749476784862,0.07400000000000029
1313,3B004B0F76,379-2025-01-20,2025-01-20 12:42:07.495,0.1774240499055155,0.022074831335411323,0.06900000000000006
1314,3B00191394,380-2025-01-20,2025-01-20 12:42:13.494,0.0955494162184201,0.011563404433098246,0.053999999999999826
1315,3B0018C6F9,381-2025-01-20,2025-01-20 12:42:30.495,0.098122407562645,0.003582235593709621,0.09200000000000003
1316,3B004873F2,387-2025-01-20,2025-01-20 12:44:45.494,0.1000426597534706,0.014660415515884767,0.052000000000000046
1317,3B004CD4DE,389-2025-01-20,2025-01-20 12:45:30.495,0.0994476367912997,0.015303368606374925,0.04999999999999999
1318,3B0018D520,391-2025-01-20,2025-01-20 12:46:15.492,0.1021846413898618,0.011174286396335326,0.07099999999999995
1319,3B00192E1E,394-2025-01-20,2025-01-20 12:46:57.494,0.0989245808280772,0.003675864883468042,0.03699999999999992
1320,3B001857EE,395-2025-01-20,2025-01-20 12:47:27.493,0.1021838634516159,0.005138852785832695,0.04699999999999993
1321,3B004CDB63,397-2025-01-20,2025-01-20 12:47:42.493,0.0824058756915591,0.011863471065775453,0.07399999999999984
1322,3B004873F2,398-2025-01-20,2025-01-20 12:47:57.495,0.1000426597534706,0.014447027366675117,0.05599999999999983
1323,3B0018D520,400-2025-01-20,2025-01-20 12:48:29.492,0.1021846413898618,0.003175183719594033,0.031999999999999806
1324,3B00192E1E,403-2025-01-20,2025-01-20 12:49:07.494,0.1005858192823128,0.002968682051223096,0.04700000000000015
1325,011016B2E1,404-2025-01-20,2025-01-20 12:49:26.493,0.1034056593821557,0.016047984314448562,0.04899999999999999
1326,3B001877B5,405-2025-01-20,2025-01-20 12:49:33.492,0.1782068500941566,0.02319720999847895,0.06899999999999995
1327,3B0019B8CC,406-2025-01-20,2025-01-20 12:49:36.492,0.1538416953491121,0.02546161006548264,0.08000000000000002
1328,3B004B0F76,407-2025-01-20,2025-01-20 12:49:52.493,0.1774240499055155,0.02522845343344872,0.06700000000000017
1329,01103F97C4,409-2025-01-20,2025-01-20 12:50:23.492,0.1720935021540027,0.012288118185312018,0.05699999999999994
1330,3B001877B5,410-2025-01-20,2025-01-20 12:50:26.493,0.1721024296022581,0.023301103861103952,0.06299999999999994
1331,011016B2E1,411-2025-01-20,2025-01-20 12:50:38.493,0.1044787339349843,0.012608092000087978,0.08599999999999985
1332,01103FA4B2,412-2025-01-20,2025-01-20 12:50:44.493,0.098960792533209,0.013812770651763697,0.06800000000000006
1333,011016B2E1,413-2025-01-20,2025-01-20 12:50:53.492,0.1019215038386709,0.015748251545838976,0.052999999999999936
1334,3B0018D520,414-2025-01-20,2025-01-20 12:51:38.493,0.1021846413898618,0.012247596116223633,0.05800000000000005
1335,3B001877B5,415-2025-01-20,2025-01-20 12:52:03.492,0.1738535783344391,0.020223961162274675,0.06899999999999995
1336,3B004B0F76,416-2025-01-20,2025-01-20 12:52:07.493,0.166754417964252,0.024290596886767945,0.07199999999999984
1337,3B00190DF0,418-2025-01-20,2025-01-20 12:52:16.492,0.1858377627654824,0.02561714721381607,0.052000000000000046
1338,3B00190DF0,422-2025-01-20,2025-01-20 12:56:00.492,0.1858377627654824,0.023648345366344577,0.062000000000000055
1339,3B004CDB63,424-2025-01-20,2025-01-20 12:56:25.491,0.0948287851824152,0.010867148239553122,0.06999999999999984
1340,3B0019B8CC,425-2025-01-20,2025-01-20 12:57:12.492,0.1566895765351043,0.026262580173430725,0.08200000000000007
1341,3B0019B8CC,426-2025-01-20,2025-01-20 12:57:26.491,0.1538416953491121,0.028561669905087763,0.07399999999999995
1342,3B004CDB63,427-2025-01-20,2025-01-20 12:58:10.490,0.1012702462445025,0.010863242650744679,0.055999999999999994
1343,3B00182DFC,428-2025-01-20,2025-01-20 12:58:26.491,0.1144449634497805,0.014032543071614122,0.052999999999999936
1344,3B00190DF0,429-2025-01-20,2025-01-20 12:58:30.491,0.1858377627654824,0.02398050784497303,0.051999999999999935
1345,3B004B0F76,432-2025-01-20,2025-01-20 13:02:31.491,0.1774240499055155,0.019438019466921228,0.06899999999999995
1346,3B0019F652,433-2025-01-20,2025-01-20 13:03:05.490,0.0905389973583477,0.003383348403657894,0.03500000000000003
1347,3B00190DF0,434-2025-01-20,2025-01-20 13:03:12.490,0.1858377627654824,0.02509643052945882,0.049000000000000044
1348,3B001877B5,436-2025-01-20,2025-01-20 13:03:32.489,0.1698145415107292,0.023235368957530415,0.06599999999999984
1349,3B0019F652,439-2025-01-20,2025-01-20 13:04:16.490,0.0857896865734982,0.005905614525967572,0.04699999999999993
1350,3B00190DF0,441-2025-01-20,2025-01-20 13:04:29.490,0.1858377627654824,0.024240562152465225,0.050000000000000044
1351,3B0019F652,443-2025-01-20,2025-01-20 13:05:41.490,0.0905389973583477,0.004109611789416903,0.038000000000000034
1352,3B004D0071,444-2025-01-20,2025-01-20 13:05:45.489,0.0949071936548209,0.0042424578192108275,0.052000000000000046
1353,3B0019F652,445-2025-01-20,2025-01-20 13:06:33.489,0.0905389973583477,0.002215616248989284,0.024999999999999967
1354,01103F97C4,447-2025-01-20,2025-01-20 13:06:53.489,0.1724642421757425,0.023444928060428836,0.052999999999999936
1355,3B00182DFC,449-2025-01-20,2025-01-20 13:08:12.489,0.1144449634497805,0.014461467918226023,0.050000000000000044
1356,01103F97C4,450-2025-01-20,2025-01-20 13:09:15.489,0.15754966119084,0.010723894376074811,0.04700000000000015
1357,3B004CD4DE,458-2025-01-20,2025-01-20 13:12:38.487,0.1585185595518365,9.077654681612238e-05,0.05899999999999994
1358,3B0018C2F6,461-2025-01-20,2025-01-20 13:13:32.488,0.1576520521087552,0.02824192449309442,0.04400000000000004
1359,3B004CD4DE,463-2025-01-20,2025-01-20 13:13:57.487,0.0994476367912997,0.0032176988684582647,0.07200000000000006
1360,3B0018C2F6,467-2025-01-20,2025-01-20 13:16:39.486,0.160709544673348,0.029368314416132427,0.049000000000000155
1361,3B0019F652,468-2025-01-20,2025-01-20 13:16:53.488,0.0885402923995932,0.0010525966318193716,0.036000000000000476
1362,3B0018C2F6,470-2025-01-20,2025-01-20 13:17:44.486,0.1576520521087552,0.029048704201382468,0.07800000000000007
1363,3B004873F2,474-2025-01-20,2025-01-20 13:23:18.486,0.1000144855903411,0.004381086039185196,0.06099999999999994
1364,3B004B0F76,475-2025-01-20,2025-01-20 13:24:08.484,0.1666699208054596,0.024569942808424932,0.06299999999999994
1365,3B00185E23,478-2025-01-20,2025-01-20 13:25:53.485,0.1086580372530637,0.0037327786883742825,0.07299999999999995
1366,3B0019F652,480-2025-01-20,2025-01-20 13:25:59.484,0.0905389973583477,0.002919177785582649,0.03200000000000003
1367,3B00191394,481-2025-01-20,2025-01-20 13:26:13.486,0.0955494162184201,0.0022210482171198882,0.09599999999999997
1368,3B0018D520,483-2025-01-20,2025-01-20 13:28:56.485,0.1021846413898618,0.0037371809883873187,0.06800000000000006
1369,3B004B0F76,484-2025-01-20,2025-01-20 13:30:53.484,0.1774240499055155,0.023151724016286006,0.06899999999999995
1370,3B001877B5,490-2025-01-20,2025-01-20 13:33:36.483,0.1782068500941566,0.022104588003680967,0.06800000000000006
1371,3B001857EE,492-2025-01-20,2025-01-20 13:33:52.483,0.0977687392677557,0.005695718552015377,0.04299999999999993
1372,3B00192E1E,493-2025-01-20,2025-01-20 13:34:37.483,0.0994958078267939,0.004577277726208398,0.06899999999999995
1373,3B0018D520,496-2025-01-20,2025-01-20 13:35:31.483,0.1043523704267213,0.003629485139551094,0.06900000000000006
1374,3B00192E1E,498-2025-01-20,2025-01-20 13:35:53.483,0.100736769063236,0.003742163479575494,0.08600000000000008
1375,3B001877B5,499-2025-01-20,2025-01-20 13:36:06.483,0.1782068500941566,0.023115167974322046,0.06600000000000028
1376,3B004873F2,501-2025-01-20,2025-01-20 13:36:37.482,0.1007326451739639,0.004795884923432111,0.04800000000000004
1377,3B001877B5,504-2025-01-20,2025-01-20 13:37:01.482,0.1739375388998826,0.026550466703859802,0.07599999999999985
1378,3B0018A99B,507-2025-01-20,2025-01-20 13:38:07.483,0.0938189856643421,0.003812842452452669,0.08399999999999996
1379,3B004B0F76,508-2025-01-20,2025-01-20 13:38:30.482,0.1636579580342548,0.02518273953054956,0.06099999999999994
1380,3B00484043,509-2025-01-20,2025-01-20 13:38:36.482,0.0941812955044005,0.009418448332324627,0.05300000000000016
1381,3B004873F2,510-2025-01-20,2025-01-20 13:38:38.482,0.1000426597534706,0.005113434339956277,0.059
1382,3B001857EE,511-2025-01-20,2025-01-20 13:38:55.484,0.0977687392677557,0.0008090692763332189,0.030000000000000027
1383,3B001870F2,512-2025-01-20,2025-01-20 13:39:08.482,0.1033449037589002,0.007426364203792502,0.06099999999999994
1384,3B0018A99B,513-2025-01-20,2025-01-20 13:39:17.481,0.0953925610419349,0.003694834701290235,0.07099999999999973
1385,3B001877B5,514-2025-01-20,2025-01-20 13:39:28.482,0.1713699099798264,0.025606232050632935,0.06400000000000006
1386,3B001877B5,517-2025-01-20,2025-01-20 13:41:11.481,0.1732752950612119,0.025364256588545527,0.0690000000000004
1387,3B004873F2,518-2025-01-20,2025-01-20 13:41:17.482,0.1000426597534706,0.00458146617514228,0.07199999999999995
1388,3B001870F2,519-2025-01-20,2025-01-20 13:43:06.481,0.099070958308261,0.0020408912127107405,0.04500000000000037
1389,3B0018D520,520-2025-01-20,2025-01-20 13:43:49.482,0.1021846413898618,0.003705445743674514,0.06399999999999995
1390,3B004CDB63,522-2025-01-20,2025-01-20 13:44:12.480,0.0947876296985091,0.010674315808618752,0.07099999999999995
1391,3B001877B5,523-2025-01-20,2025-01-20 13:44:28.480,0.1731133964272173,0.009578443154107214,0.04499999999999993
1392,3B00191394,527-2025-01-20,2025-01-20 13:45:49.481,0.1107401214312527,6.236943285131353e-05,0.05899999999999994
1393,3B0018D520,528-2025-01-20,2025-01-20 13:45:56.480,0.1043787578229934,0.0036913244935698596,0.06199999999999983
1394,3B00191394,529-2025-01-20,2025-01-20 13:46:42.480,0.0980990938741269,0.003422455786146697,0.037000000000000144
1395,3B00182A81,530-2025-01-20,2025-01-20 13:46:50.481,0.1024112506862033,0.004142657238342971,0.07799999999999996
1396,3B0018D520,532-2025-01-20,2025-01-20 13:47:43.481,0.1045551712454063,0.012826468860199076,0.051000000000000156
1397,3B00182A81,533-2025-01-20,2025-01-20 13:47:46.480,0.0991547467342567,0.004869648932735501,0.069
1398,3B00182A81,534-2025-01-20,2025-01-20 13:48:52.480,0.0991547467342567,0.005467216540136016,0.063
1399,3B004CDB63,535-2025-01-20,2025-01-20 13:49:52.480,0.0967362303386076,0.0037872701907326846,0.06100000000000039
1400,3B00190DF0,536-2025-01-20,2025-01-20 13:50:39.480,0.1801564921443559,0.029496984486065726,0.07200000000000006
1401,3B00192E1E,538-2025-01-20,2025-01-20 13:51:28.480,0.1021652060853179,0.003799272234159192,0.07799999999999996
1402,011016B2E1,539-2025-01-20,2025-01-20 13:51:43.480,0.1032784248133764,0.01459939485194976,0.08099999999999952
1403,011016B2E1,540-2025-01-20,2025-01-20 13:51:53.479,0.10450444006882,0.015583010826311272,0.04800000000000004
1404,3B0019B8CC,542-2025-01-20,2025-01-20 13:52:17.480,0.1538416953491121,0.026660220996949945,0.07699999999999996
1405,011016B2E1,546-2025-01-20,2025-01-20 13:54:03.480,0.1044158614524459,0.004041190652313136,0.06400000000000006
1406,3B004C0894,547-2025-01-20,2025-01-20 13:54:24.479,0.1099451948965244,0.0008242443680076446,0.022999999999999687
1407,3B004CD4DE,548-2025-01-20,2025-01-20 13:54:56.479,0.0994476367912997,0.013216366264785485,0.07700000000000001
1408,3B004CD4DE,549-2025-01-20,2025-01-20 13:55:51.479,0.0994476367912997,0.011122390556947104,0.07599999999999996
1409,3B00185CB8,550-2025-01-20,2025-01-20 13:56:18.480,0.0953970648449805,0.0027298202333535253,0.039000000000000035
1410,01103FD2E8,552-2025-01-20,2025-01-20 13:59:24.479,0.1459443602257775,0.008248882270642705,0.04200000000000004
1411,011016B2E1,553-2025-01-20,2025-01-20 13:59:36.479,0.1034056593821557,0.014183018571857723,0.052999999999999936
1412,3B00182DFC,554-2025-01-20,2025-01-20 14:00:00.477,0.1045986171478088,0.012451312170004919,0.07800000000000007
1413,01103FD2E8,555-2025-01-20,2025-01-20 14:00:27.478,0.1459443602257775,0.004431389142537389,0.08699999999999997
1414,011016B2E1,556-2025-01-20,2025-01-20 14:02:57.479,0.1034056593821557,0.015472644891220013,0.049000000000000044
1415,01103F97C4,557-2025-01-20,2025-01-20 14:03:05.479,0.1733793186415017,0.027255583576928515,0.0810000000000004
1416,01103FD2E8,558-2025-01-20,2025-01-20 14:03:08.477,0.1459443602257775,0.021579642721186815,0.065
1417,01103F97C4,559-2025-01-20,2025-01-20 14:04:24.479,0.1740378213485231,0.025902171777943243,0.07600000000000007
1418,01103F97C4,562-2025-01-20,2025-01-20 14:05:19.477,0.1737759760363592,0.024212138672598478,0.06199999999999983
1419,3B004CDB63,565-2025-01-20,2025-01-20 14:12:08.006,0.1012702462445025,0.01180387352780539,0.061999999999999944
1420,3B00191394,568-2025-01-20,2025-01-20 14:12:38.005,0.0955494162184201,0.012244347220898635,0.04699999999999993
1421,3B004CEFFE,572-2025-01-20,2025-01-20 14:13:24.006,0.1069954981198278,0.0110101213509098,0.07000000000000006
1422,3B001877B5,574-2025-01-20,2025-01-20 14:14:03.006,0.1782068500941566,0.02433691501213616,0.064
1423,01103FD2E8,576-2025-01-20,2025-01-20 14:14:48.004,0.1459443602257775,0.025028815973896428,0.07099999999999995
1424,3B0019F652,577-2025-01-20,2025-01-20 14:14:59.005,0.0905389973583477,0.010506263580164285,0.07299999999999995
1425,3B00191394,578-2025-01-20,2025-01-20 14:15:03.004,0.0955494162184201,0.011102058416073573,0.04999999999999999
1426,011016B2E1,579-2025-01-20,2025-01-20 14:15:32.004,0.10561727976507,0.015085883291509426,0.04699999999999993
1427,3B004CDB63,580-2025-01-20,2025-01-20 14:16:03.004,0.1012702462445025,0.010541247283019061,0.061
1428,3B001870F2,581-2025-01-20,2025-01-20 14:16:13.004,0.1033449037589002,0.009726077885395343,0.05999999999999983
1429,01103F97C4,584-2025-01-20,2025-01-20 14:16:37.004,0.1618435114270358,0.024612946507564737,0.07000000000000006
1430,3B0019F652,585-2025-01-20,2025-01-20 14:16:42.005,0.0905389973583477,0.01089564113855735,0.052999999999999936
1431,3B0019B8CC,4-2025-01-23,2025-01-23 08:02:26.832,0.1483318349553951,0.006368613305413336,0.08099999999999996
1432,3B00484043,5-2025-01-23,2025-01-23 08:02:46.833,0.0941812955044005,5.0281743611588216e-08,0.0
1433,3B004C0894,7-2025-01-23,2025-01-23 08:03:53.833,0.1003435710796431,0.004262308853179063,0.08300000000000018
1434,3B00484043,8-2025-01-23,2025-01-23 08:04:11.833,0.0892390695916781,0.004355835458679183,0.08699999999999974
1435,3B00199DE5,10-2025-01-23,2025-01-23 08:05:27.832,0.0975016775398295,0.01660977230002184,0.0470000000000006
1436,3B004C0894,11-2025-01-23,2025-01-23 08:06:43.831,0.1021122863686225,0.0021994169480815144,0.08999999999999986
1437,3B004C5268,12-2025-01-23,2025-01-23 08:06:58.832,0.0890541521070664,0.010951143475802368,0.052000000000000046
1438,3B0019B8CC,13-2025-01-23,2025-01-23 08:08:46.832,0.1538416953491121,0.004836383943344286,0.06599999999999995
1439,3B004C0894,14-2025-01-23,2025-01-23 08:08:59.829,0.1067658805452534,0.0010087738268604628,0.029000000000000026
1440,3B0019B8CC,17-2025-01-23,2025-01-23 08:10:38.831,0.1538416953491121,0.005996202265932498,0.09099999999999997
1441,3B00199DE5,18-2025-01-23,2025-01-23 08:11:01.828,0.0949902798224367,0.014553758848444296,0.05500000000000016
1442,01103FA4B2,20-2025-01-23,2025-01-23 08:20:33.825,0.0909962292567467,0.011009260700003019,0.058000000000000274
1443,3B00484043,22-2025-01-23,2025-01-23 08:21:12.827,0.092196617496948,0.004314829655071547,0.06
1444,3B004C0894,23-2025-01-23,2025-01-23 08:23:11.825,0.1030943959208952,0.010320467219236741,0.062000000000000055
1445,3B00185CB8,28-2025-01-23,2025-01-23 08:33:00.823,0.0953970648449805,0.00191591969505551,0.07500000000000001
1446,3B0019B8CC,29-2025-01-23,2025-01-23 08:33:14.826,0.1520444150516947,0.006280459229536217,0.07700000000000007
1447,3B00199DE5,32-2025-01-23,2025-01-23 08:40:10.823,0.097814930709142,0.003193357807337542,0.05600000000000005
1448,01103FA4B2,34-2025-01-23,2025-01-23 08:43:48.823,0.0943163056448282,0.012825986350077572,0.052000000000000046
1449,01103FA4B2,36-2025-01-23,2025-01-23 08:44:44.822,0.0954584215593353,0.012114181402590485,0.07399999999999984
1450,0700ED9568,37-2025-01-23,2025-01-23 08:45:56.822,0.150735995054502,0.016085969332750208,0.07600000000000007
1451,3B0018A99B,39-2025-01-23,2025-01-23 08:48:31.821,0.0922548963106816,0.004479707527157961,0.056999999999999995
1452,3B0018C6F9,41-2025-01-23,2025-01-23 08:49:20.823,0.098542995024965,0.0036024581661024606,0.08299999999999996
1453,0700ED9568,43-2025-01-23,2025-01-23 08:49:41.821,0.1557668900228975,0.011945937974382917,0.0479999999999996
1454,0700ED9568,45-2025-01-23,2025-01-23 08:49:56.822,0.1545368539577682,0.02264380193419875,0.07699999999999996
1455,0700ED9568,48-2025-01-23,2025-01-23 08:51:59.821,0.1557668900228976,0.02115672382732122,0.06899999999999995
1456,3B00185CB8,55-2025-01-23,2025-01-23 08:56:38.819,0.09789542233693,0.014105715619476164,0.053999999999999826
1457,3B004873F2,58-2025-01-23,2025-01-23 09:02:53.818,0.1000426597534706,0.00015598492795262226,0.04899999999999993
1458,3B004873F2,59-2025-01-23,2025-01-23 09:03:45.818,0.1000426597534706,0.000832664640368347,0.02200000000000024
1459,3B004873F2,60-2025-01-23,2025-01-23 09:04:15.818,0.1000426597534706,0.0005989926144000993,0.051000000000000156
1460,3B00185CB8,62-2025-01-23,2025-01-23 09:06:00.818,0.0953970648449805,0.001977636869800472,0.1100000000000001
1461,3B004873F2,64-2025-01-23,2025-01-23 09:07:30.817,0.1000426597534706,0.0004204984929696334,0.016999999999999904
1462,0700ED9568,67-2025-01-23,2025-01-23 09:08:11.816,0.1557668900228975,0.023988096454209004,0.06199999999999983
1463,3B004873F2,70-2025-01-23,2025-01-23 09:09:26.817,0.1000426597534706,0.011964450221313332,0.08800000000000097
1464,3B004873F2,71-2025-01-23,2025-01-23 09:09:44.817,0.0980744519955014,0.011817040336933328,0.056999999999999496
1465,3B00186A36,72-2025-01-23,2025-01-23 09:10:33.816,0.0949001366521732,0.01295412506091029,0.04499999999999993
1466,3B004873F2,74-2025-01-23,2025-01-23 09:17:59.814,0.0973545604046096,0.014449480059959248,0.04800000000000004
1467,3B004AB6A7,75-2025-01-23,2025-01-23 09:22:51.814,0.1003335166489211,0.028861060842268,0.09799999999999986
1468,01103FA4B2,79-2025-01-23,2025-01-23 09:27:42.814,0.0945229772901116,0.012375735942883891,0.05300000000000016
1469,3B00186A36,80-2025-01-23,2025-01-23 09:28:49.812,0.1177048050359731,0.012220616229628018,0.04899999999999993
1470,3B0018A99B,84-2025-01-23,2025-01-23 09:30:16.812,0.0913296672033603,0.011988401715319801,0.04800000000000004
1471,3B0019F652,90-2025-01-23,2025-01-23 09:34:53.812,0.0815533951828139,0.004193291207631679,0.038000000000000034
1472,3B0018A99B,91-2025-01-23,2025-01-23 09:35:06.811,0.091713416500159,0.0017411834125418226,0.06299999999999994
1473,3B0018A99B,92-2025-01-23,2025-01-23 09:36:01.812,0.0908259318468038,0.0036053413371543498,0.05699999999999994
1474,3B0019F652,96-2025-01-23,2025-01-23 09:37:39.812,0.0826687386145923,0.0024218539035431377,0.08999999999999986
1475,3B0019F652,97-2025-01-23,2025-01-23 09:37:50.809,0.0926553869155863,0.0033444047821405954,0.08700000000000008
1476,01103FA4B2,98-2025-01-23,2025-01-23 09:38:29.811,0.098382917312315,0.003616582449800864,0.06899999999999995
1477,3B0019F652,101-2025-01-23,2025-01-23 09:40:50.809,0.0849262486631262,0.003040917700743466,0.06600000000000006
1478,01103F88A1,102-2025-01-23,2025-01-23 09:54:40.811,0.1019386163201484,0.004596148320037059,0.051000000000000045
1479,3B00186A36,107-2025-01-23,2025-01-23 09:57:01.807,0.09541657837371,0.012635360727423934,0.04499999999999993
1480,3B0018A99B,114-2025-01-23,2025-01-23 10:01:43.807,0.0895730632099813,0.0035918879138087494,0.07800000000000007
1481,3B0018C6F9,115-2025-01-23,2025-01-23 10:02:09.807,0.0981224075626449,0.006264180546645352,0.042999999999999705
1482,3B0018A99B,116-2025-01-23,2025-01-23 10:02:56.811,0.0927134087593549,0.0033314942826474367,0.08799999999999986
1483,011016B2E1,119-2025-01-23,2025-01-23 10:21:11.710,0.0977562122813035,0.015053214469253715,0.04800000000000004
1484,011016B2E1,120-2025-01-23,2025-01-23 10:21:40.708,0.0964894386225378,0.01570609610168538,0.04800000000000004
1485,011016B2E1,124-2025-01-23,2025-01-23 10:29:24.708,0.1034056593821557,0.015550884783542638,0.04600000000000004
1486,01103F97C4,126-2025-01-23,2025-01-23 10:32:51.707,0.1618435114270358,0.021554883835411775,0.07499999999999996
1487,3B001877B5,128-2025-01-23,2025-01-23 10:34:24.707,0.1655181675435093,0.02387819222074687,0.066
1488,01103F97C4,129-2025-01-23,2025-01-23 10:35:27.708,0.1618435114270357,-0.000315804942939248,0.04899999999999993
1489,01103FD2E8,131-2025-01-23,2025-01-23 10:38:31.708,0.1459443602257775,0.024934219914968688,0.07200000000000006
1490,3B001877B5,132-2025-01-23,2025-01-23 10:38:40.707,0.1654738069156652,0.02250316840231608,0.06599999999999995
1491,01103F97C4,134-2025-01-23,2025-01-23 10:39:35.707,0.163009293533765,0.024492169581675754,0.055000000000000604
1492,3B001877B5,136-2025-01-23,2025-01-23 10:40:09.707,0.1667416026656578,0.02483812783630474,0.062000000000000055
1493,01103FD2E8,138-2025-01-23,2025-01-23 10:40:40.706,0.1459443602257774,0.02560485462248865,0.06000000000000005
1494,01103F97C4,139-2025-01-23,2025-01-23 10:41:12.707,0.1659941858214166,0.026531380381825197,0.05600000000000005
1495,3B004B0F76,140-2025-01-23,2025-01-23 10:41:48.706,0.1600329372454117,0.024861381211662537,0.05600000000000005
1496,01103FD2E8,141-2025-01-23,2025-01-23 10:41:54.706,0.1459443602257774,0.020521541093468813,0.08299999999999996
1497,01103FD2E8,144-2025-01-23,2025-01-23 10:44:17.709,0.1459443602257775,0.028300745826406584,0.062000000000000055
1498,01103FD2E8,145-2025-01-23,2025-01-23 10:46:39.705,0.1459443602257775,0.02471935793333114,0.06899999999999995
1499,3B001877B5,147-2025-01-23,2025-01-23 10:47:02.705,0.1782068500941566,0.02287102362317339,0.06499999999999995
1500,3B004CD4DE,149-2025-01-23,2025-01-23 10:48:17.706,0.0994476367912997,0.01302487505565619,0.04500000000000004
1501,01103FD2E8,150-2025-01-23,2025-01-23 10:48:26.706,0.150688908237059,0.026643451010215893,0.06599999999999995
1502,3B004873F2,152-2025-01-23,2025-01-23 10:48:40.706,0.1000426597534706,0.014600169495351246,0.04699999999999993
1503,3B004873F2,153-2025-01-23,2025-01-23 10:48:57.706,0.0932208762632485,0.015016757241515093,0.04899999999999993
1504,3B00199DE5,154-2025-01-23,2025-01-23 10:49:04.705,0.0990114634037254,0.016666702045602257,0.052000000000000046
1505,3B004873F2,157-2025-01-23,2025-01-23 10:49:40.710,0.092949336104591,0.015168995034861788,0.04800000000000004
1506,3B004873F2,160-2025-01-23,2025-01-23 10:57:18.706,0.1000426597534706,0.010863290943318421,0.07499999999999996
1507,3B004873F2,161-2025-01-23,2025-01-23 11:09:09.704,0.1000426597534706,0.01328443933400666,0.04500000000000004
1508,3B004873F2,162-2025-01-23,2025-01-23 11:10:17.704,0.1000426597534706,0.01508851059706784,0.049000000000000044
1509,011016B2E1,164-2025-01-23,2025-01-23 11:15:17.703,0.1034056593821557,0.015077670942779805,0.04899999999999993
1510,3B004873F2,166-2025-01-23,2025-01-23 11:15:47.702,0.1000426597534706,0.013351279280881034,0.06499999999999995
1511,01103FD2E8,167-2025-01-23,2025-01-23 11:16:15.702,0.1459443602257774,0.029133431023038454,0.05399999999999994
1512,3B004873F2,169-2025-01-23,2025-01-23 11:16:36.702,0.1000426597534706,0.014327109975892554,0.04899999999999993
1513,3B001870F2,170-2025-01-23,2025-01-23 11:17:22.703,0.1033449037589002,0.009721685718400557,0.07100000000000001
1514,3B001877B5,172-2025-01-23,2025-01-23 11:17:37.702,0.1782068500941566,0.028795943657952926,0.05500000000000016
1515,3B00186448,175-2025-01-23,2025-01-23 11:18:07.701,0.1720324744783095,0.02824896287756886,0.06300000000000006
1516,3B004B0F76,178-2025-01-23,2025-01-23 11:18:33.702,0.1565628804395187,0.025311953186201906,0.05699999999999994
1517,3B0018A99B,182-2025-01-23,2025-01-23 11:20:12.701,0.0951097925836406,0.005066375148399191,0.04400000000000004
1518,3B001857EE,184-2025-01-23,2025-01-23 11:21:09.703,0.0977687392677557,0.0011961370738814913,0.03399999999999992
1519,011016B2E1,186-2025-01-23,2025-01-23 11:22:59.699,0.1001238611988221,0.015182319551860855,0.050999999999999934
1520,011016B2E1,188-2025-01-23,2025-01-23 11:26:29.702,0.1034056593821557,0.01308170692018572,0.05399999999999994
1521,3B0018F763,189-2025-01-23,2025-01-23 11:26:45.699,0.102316053093905,0.013985633093996837,0.051000000000000156
1522,3B00191394,191-2025-01-23,2025-01-23 11:28:41.700,0.0955494162184201,0.012069653435732915,0.061000000000000054
1523,01103F97C4,192-2025-01-23,2025-01-23 11:29:19.699,0.1650688068237487,0.00847774755089626,0.04200000000000159
1524,3B00191394,193-2025-01-23,2025-01-23 11:29:40.701,0.0955494162184201,0.012036512076560788,0.04700000000000004
1525,3B00191394,194-2025-01-23,2025-01-23 11:31:14.700,0.0965114570440128,0.012205798620385828,0.06199999999999983
1526,011016B2E1,196-2025-01-23,2025-01-23 11:33:49.698,0.1005514663402242,0.005652765704092667,0.038000000000000034
1527,3B00186448,198-2025-01-23,2025-01-23 11:34:16.701,0.163599555497762,0.026245164577050666,0.07400000000000007
1528,3B0019B8CC,201-2025-01-23,2025-01-23 11:35:34.701,0.1560844797890678,0.008064798180801453,0.07099999999999995
1529,3B0018F763,202-2025-01-23,2025-01-23 11:36:06.699,0.102316053093905,0.013577434668386788,0.067
1530,01103F97C4,206-2025-01-23,2025-01-23 11:36:53.699,0.1618435114270357,0.023846125939778987,0.07099999999999995
1531,011016B2E1,207-2025-01-23,2025-01-23 11:37:04.698,0.1021779950236473,0.0158555243856228,0.04600000000000004
1532,3B00186448,208-2025-01-23,2025-01-23 11:38:52.697,0.1683855687408986,0.03033864653062794,0.05800000000000005
1533,3B004B0F76,209-2025-01-23,2025-01-23 11:39:10.696,0.1774240499055155,0.02582703654227436,0.05800000000000005
1534,3B001877B5,211-2025-01-23,2025-01-23 11:39:49.697,0.1782068500941566,0.02246961945678558,0.062000000000000055
1535,3B004CD4DE,212-2025-01-23,2025-01-23 11:40:08.696,0.0994476367912997,-3.324421856772223e-05,0.04799999999999999
1536,01103F97C4,215-2025-01-23,2025-01-23 11:41:36.698,0.1618435114270357,0.025344618613526545,0.06599999999999984
1537,3B004873F2,216-2025-01-23,2025-01-23 11:41:49.698,0.1000426597534706,0.014587600654376538,0.049000000000000044
1538,3B0019B8CC,218-2025-01-23,2025-01-23 11:45:54.695,0.1538416953491121,0.006922323209028447,0.03699999999999992
1539,3B00192E1E,221-2025-01-23,2025-01-23 11:53:00.695,0.1005858192823128,0.011180951461359665,0.06499999999999995
1540,3B0019F652,222-2025-01-23,2025-01-23 11:53:06.696,0.0905389973583477,0.0022518698464200236,0.026999999999999913
1541,3B00186448,223-2025-01-23,2025-01-23 11:53:42.697,0.1720324744783095,0.02959159317663282,0.050999999999999934
1542,3B0019F652,224-2025-01-23,2025-01-23 11:53:54.695,0.0845972348341637,0.0008853693838014053,0.06500000000000006
1543,3B001857EE,225-2025-01-23,2025-01-23 11:54:07.698,0.0977687392677557,0.00400386148241223,0.038999999999999924
1544,01103F97C4,226-2025-01-23,2025-01-23 11:54:12.696,0.1618435114270357,0.02742159230202332,0.05899999999999994
1545,3B00182A81,228-2025-01-23,2025-01-23 11:54:25.695,0.0991547467342568,0.002951581521981096,0.051999999999999935
1546,3B001877B5,230-2025-01-23,2025-01-23 11:55:40.696,0.1782068500941566,0.022997107939439106,0.062000000000000055
1547,01103F97C4,231-2025-01-23,2025-01-23 11:55:57.695,0.1618435114270358,0.010714369162297229,0.040000000000000036
1548,3B0019F652,232-2025-01-23,2025-01-23 11:55:59.695,0.0905389973583477,0.011534676414485115,0.056999999999999995
1549,011016B2E1,234-2025-01-23,2025-01-23 11:56:08.696,0.1034056593821557,3.8155963488617775e-06,0.0030000000000001137
1550,3B001877B5,240-2025-01-23,2025-01-23 11:58:14.695,0.1616291005708098,0.023733923084447387,0.06199999999999983
1551,3B0018F763,241-2025-01-23,2025-01-23 11:59:46.696,0.1059907454544647,0.01448208509558901,0.052999999999999936
1552,3B004B0F76,242-2025-01-23,2025-01-23 12:00:42.695,0.1774240499055155,0.02414852326785647,0.057000000000000384
1553,3B001870F2,243-2025-01-23,2025-01-23 12:02:15.696,0.0963827512503533,0.011811412569391824,0.04400000000000004
1554,011016B2E1,244-2025-01-23,2025-01-23 12:02:32.695,0.1034056593821557,0.0007967225057225138,0.019000000000000128
1555,3B00186448,245-2025-01-23,2025-01-23 12:02:43.695,0.1720324744783095,0.02907535146548255,0.05600000000000005
1556,3B004873F2,246-2025-01-23,2025-01-23 12:06:23.694,0.1000426597534706,0.004223486338112191,0.04799999999999999
1557,3B00199DE5,247-2025-01-23,2025-01-23 12:06:51.695,0.1123533740676661,0.015195746833120697,0.04899999999999993
1558,3B001870F2,248-2025-01-23,2025-01-23 12:07:06.698,0.1033449037589002,0.010247771161355218,0.038000000000000034
1559,3B004873F2,249-2025-01-23,2025-01-23 12:07:21.695,0.0955886715276219,0.015280532385465388,0.050000000000000044
1560,3B004873F2,252-2025-01-23,2025-01-23 12:09:22.693,0.0935431676852003,0.014854037104695114,0.052000000000000046
1561,01103F97C4,256-2025-01-23,2025-01-23 12:16:00.692,0.1676111702959538,0.010967056644457312,0.04499999999999993
1562,011016B2E1,258-2025-01-23,2025-01-23 12:16:19.692,0.1028532371694933,0.0062986248454009,0.040999999999999925
1563,3B0018A99B,261-2025-01-23,2025-01-23 12:16:56.692,0.0958782400903417,0.0025392068609278893,0.066
1564,3B001857EE,262-2025-01-23,2025-01-23 12:17:07.693,0.0985374397643724,0.004012757552071694,0.04400000000000004
1565,3B00186448,263-2025-01-23,2025-01-23 12:17:17.691,0.1720324744783095,0.005898769240466838,0.06800000000000006
1566,3B001877B5,265-2025-01-23,2025-01-23 12:17:58.692,0.1584515432356628,0.024819745882741284,0.07200000000000001
1567,01103F97C4,266-2025-01-23,2025-01-23 12:18:10.691,0.1669610377172801,0.024513433449330487,0.05800000000000005
1568,3B004CD4DE,268-2025-01-23,2025-01-23 12:18:27.692,0.0994476367912997,0.003937891918250165,0.06299999999999994
1569,011016B2E1,273-2025-01-23,2025-01-23 12:20:25.692,0.100562629134449,0.002960929474773949,0.09999999999999987
1570,3B00192E1E,278-2025-01-23,2025-01-23 12:29:38.689,0.098993500956094,0.0040347986040696355,0.05399999999999994
1571,3B004CD4DE,281-2025-01-23,2025-01-23 12:30:23.690,0.0994476367912997,0.01230562884831176,0.056999999999999995
1572,3B0019B8CC,283-2025-01-23,2025-01-23 12:31:29.689,0.164786088647443,0.005060778232672649,0.08400000000000007
1573,01103F97C4,286-2025-01-23,2025-01-23 12:32:36.690,0.1672360040021936,0.00924821641854419,0.04400000000000004
1574,3B001857EE,288-2025-01-23,2025-01-23 12:32:46.689,0.0977687392677557,0.005914793954569479,0.04499999999999993
1575,3B0018A99B,289-2025-01-23,2025-01-23 12:33:14.690,0.0951097925836406,0.012122913930454145,0.059
1576,3B00186448,292-2025-01-23,2025-01-23 12:34:51.689,0.1720324744783095,0.02137744471972723,0.07299999999999995
1577,3B0019F652,293-2025-01-23,2025-01-23 12:34:57.690,0.0905389973583477,0.004840490737953414,0.03600000000000003
1578,3B001877B5,296-2025-01-23,2025-01-23 12:36:14.690,0.1782068500941566,0.02251760285912748,0.05700000000000005
1579,3B0018A99B,297-2025-01-23,2025-01-23 12:36:30.689,0.0839363682884378,0.003501044081623659,0.06499999999999995
1580,3B001857EE,298-2025-01-23,2025-01-23 12:36:47.690,0.0989146769963851,0.002066249477369093,0.09699999999999998
1581,3B00186448,300-2025-01-23,2025-01-23 12:39:32.689,0.1720324744783095,5.693745614042734e-05,0.007000000000000006
1582,3B004C0894,304-2025-01-23,2025-01-23 12:40:25.688,0.111877142955957,0.004072811244444374,0.07100000000000017
1583,3B0018A99B,305-2025-01-23,2025-01-23 12:40:52.689,0.0976447839873166,0.0039471593344753905,0.05700000000000005
1584,3B00192E1E,306-2025-01-23,2025-01-23 12:41:35.687,0.1005858192823128,0.0034688511980477707,0.03699999999999992
1585,3B001877B5,310-2025-01-23,2025-01-23 12:43:35.688,0.1733904877703007,0.02442722860544114,0.06399999999999983
1586,3B00191394,311-2025-01-23,2025-01-23 12:43:45.688,0.0955494162184201,0.004491628379597427,0.06299999999999997
1587,3B001857EE,313-2025-01-23,2025-01-23 12:44:38.688,0.0977687392677557,0.0016592485951421082,0.09999999999999998
1588,3B0019B8CC,317-2025-01-23,2025-01-23 12:47:16.689,0.1560715958338713,0.006110753915899088,0.08999999999999997
1589,3B004B0F76,318-2025-01-23,2025-01-23 12:47:54.688,0.1562368398333313,0.0055160237139910235,0.08299999999999996
1590,3B001857EE,319-2025-01-23,2025-01-23 12:47:58.687,0.0977687392677557,0.004033919384937774,0.04300000000000004
1591,3B0018A99B,321-2025-01-23,2025-01-23 12:48:43.688,0.0963689010888513,0.0034945289165506394,0.06099999999999994
1592,3B0019B8CC,322-2025-01-23,2025-01-23 12:48:53.687,0.1538416953491121,0.006175419893873516,0.08300000000000007
1593,3B004B0F76,324-2025-01-23,2025-01-23 12:50:56.688,0.1774240499055155,0.021234311589330805,0.07399999999999984
1594,3B004873F2,325-2025-01-23,2025-01-23 12:51:16.688,0.0975780844606691,0.004480136242685579,0.045999999999999985
1595,3B00186448,327-2025-01-23,2025-01-23 12:51:27.687,0.1701908162823508,0.022206698712433665,0.07199999999999984
1596,011016B2E1,332-2025-01-23,2025-01-23 13:00:40.687,0.1034056593821557,0.006151460245468879,0.039000000000000146
1597,3B001857EE,333-2025-01-23,2025-01-23 13:01:21.686,0.0994073070841184,0.011168444434511466,0.08799999999999986
1598,3B004C0894,334-2025-01-23,2025-01-23 13:01:26.687,0.1103853078531659,0.004445489619521661,0.05899999999999994
1599,3B00484043,336-2025-01-23,2025-01-23 13:04:39.689,0.0963628805061484,0.0041741775807031326,0.08000000000000007
1600,011016B2E1,338-2025-01-23,2025-01-23 13:06:08.687,0.1030354724089068,0.002730001523803737,0.08000000000000007
1601,3B001877B5,339-2025-01-23,2025-01-23 13:06:41.687,0.1782068500941566,0.025938770010883933,0.05599999999999983
1602,3B0018A99B,341-2025-01-23,2025-01-23 13:07:33.685,0.0964937034931366,0.003752237394962716,0.07100000000000001
1603,3B00191394,342-2025-01-23,2025-01-23 13:07:36.687,0.0955494162184201,0.012387049540189283,0.09899999999999998
1604,3B004CD4DE,345-2025-01-23,2025-01-23 13:08:13.685,0.0994476367912997,0.005973557005662303,0.08799999999999986
1605,3B001877B5,346-2025-01-23,2025-01-23 13:08:21.686,0.1714786444965209,0.022710633982213117,0.06099999999999994
1606,3B0018A99B,347-2025-01-23,2025-01-23 13:08:29.687,0.0972384246619161,0.0034852517869636683,0.07700000000000001
1607,01103F97C4,350-2025-01-23,2025-01-23 13:09:58.687,0.1618435114270358,-0.0014348934316770522,0.0600000000000005
1608,3B00192E1E,351-2025-01-23,2025-01-23 13:10:04.685,0.1005858192823128,0.01433036332931087,0.08500000000000002
1609,3B0019F652,352-2025-01-23,2025-01-23 13:15:17.686,0.0867228476187316,0.0031344497715198715,0.04399999999999993
1610,01103F88A1,353-2025-01-23,2025-01-23 13:16:19.684,0.1097695704417189,0.0037759024212785136,0.06099999999999994
1611,3B0018A99B,355-2025-01-23,2025-01-23 13:17:22.684,0.0978809062657393,0.003019805009694289,0.07399999999999984
1612,3B004CD4DE,358-2025-01-23,2025-01-23 13:18:12.685,0.0994476367912997,0.011934570554207902,0.05500000000000005
1613,01103F97C4,359-2025-01-23,2025-01-23 13:18:27.684,0.1618435114270357,0.02588530643381114,0.06600000000000006
1614,011016B2E1,360-2025-01-23,2025-01-23 13:18:39.684,0.1034056593821557,0.00013983712994486774,0.008000000000000007
1615,3B004CD4DE,361-2025-01-23,2025-01-23 13:18:48.683,0.0985204497062859,0.0036199614972807284,0.05699999999999994
1616,3B004B0F76,363-2025-01-23,2025-01-23 13:19:32.683,0.1774240499055155,0.024422886879965505,0.06000000000000005
1617,01103F97C4,364-2025-01-23,2025-01-23 13:19:41.683,0.1618435114270357,0.006720406180604528,0.09900000000000003
1618,3B00484043,366-2025-01-23,2025-01-23 13:20:27.683,0.0948822850803394,0.005477592245724703,0.07599999999999996
1619,011016B2E1,368-2025-01-23,2025-01-23 13:20:52.684,0.1017913730737091,0.013618965625118282,0.07899999999999996
1620,3B00199DE5,370-2025-01-23,2025-01-23 13:21:27.683,0.1123533740676661,0.004394034561915325,0.07399999999999984
1621,3B00186448,374-2025-01-23,2025-01-23 13:29:38.681,0.1720324744783094,0.02776360593255741,0.05400000000000005
1622,3B00182A81,375-2025-01-23,2025-01-23 13:30:38.681,0.0992632740903416,0.012206852542711111,0.04700000000000015
1623,3B001877B5,379-2025-01-23,2025-01-23 13:31:30.682,0.1782068500941566,0.024414172957757153,0.07499999999999996
1624,3B0019B8CC,380-2025-01-23,2025-01-23 13:31:54.682,0.1557857217040515,0.02378905932664769,0.04999999999999982
1625,3B00186448,381-2025-01-23,2025-01-23 13:32:16.681,0.1723577647298019,0.016439282718120906,0.07899999999999996
1626,3B004873F2,382-2025-01-23,2025-01-23 13:32:45.682,0.1000426597534706,0.015125579024374232,0.049000000000000044
1627,01103F88A1,383-2025-01-23,2025-01-23 13:33:01.681,0.1019386163201484,0.008771537689699915,0.07899999999999996
1628,011016B2E1,384-2025-01-23,2025-01-23 13:43:29.681,0.1004115459101954,0.013738247771868656,0.08299999999999996
1629,3B00191394,385-2025-01-23,2025-01-23 13:43:55.681,0.0955494162184201,0.011708146213589869,0.04799999999999999
1630,3B00182DFC,386-2025-01-23,2025-01-23 13:44:12.680,0.1055718753556272,0.016173970476166578,0.05600000000000005
1631,01103F9A64,388-2025-01-23,2025-01-23 13:44:59.681,0.17343810965076,0.02547015375204815,0.052000000000000046
1632,3B00191394,390-2025-01-23,2025-01-23 13:45:10.681,0.0955494162184201,0.011005325174459365,0.04799999999999993
1633,3B0018A99B,391-2025-01-23,2025-01-23 13:45:50.679,0.0964748571583741,0.014750061475322979,0.053999999999999826
1634,3B00186448,392-2025-01-23,2025-01-23 13:46:01.681,0.1689517529289651,0.029214415589571337,0.052999999999999936
1635,3B00182A81,393-2025-01-23,2025-01-23 13:46:34.680,0.0991547467342567,0.004341003079109941,0.069
1636,3B00186448,399-2025-01-23,2025-01-23 13:48:15.681,0.1671330565186299,0.028950598849859645,0.05699999999999994
1637,3B00182A81,400-2025-01-23,2025-01-23 13:49:17.681,0.099993335777221,0.004404022189808953,0.06999999999999984
1638,3B004C0894,401-2025-01-23,2025-01-23 13:50:20.679,0.1067658805452534,0.011331833163173934,0.04899999999999993
1639,3B0018A99B,402-2025-01-23,2025-01-23 13:50:45.680,0.0951097925836406,0.012139438182851002,0.061999999999999944
1640,3B00186448,403-2025-01-23,2025-01-23 13:50:54.679,0.1719035992712184,0.02722719613446043,0.06199999999999983
1641,3B004C0894,404-2025-01-23,2025-01-23 13:51:34.679,0.1067658805452534,0.028596756369072353,0.07099999999999995
1642,01103F9A64,405-2025-01-23,2025-01-23 13:51:41.679,0.17343810965076,0.031166070421126697,0.055000000000000604
1643,3B00182DFC,406-2025-01-23,2025-01-23 13:51:52.679,0.1052468553347653,0.012850291411857733,0.05900000000000005
1644,3B00186448,407-2025-01-23,2025-01-23 13:52:06.679,0.1720324744783095,0.0251449428391904,0.07099999999999973
1645,3B0018A99B,408-2025-01-23,2025-01-23 13:52:12.679,0.0976960383080292,0.004283163064688376,0.03299999999999992
1646,01103F9A64,410-2025-01-23,2025-01-23 13:52:43.679,0.17343810965076,0.02921798732885881,0.062000000000000055
1647,3B0019F652,415-2025-01-23,2025-01-23 13:54:42.680,0.0861984108905421,0.011608111175613448,0.051000000000000156
1648,011016B2E1,416-2025-01-23,2025-01-23 13:55:28.679,0.1034056593821557,5.503802973685557e-05,0.016000000000000014
1649,3B004CD4DE,420-2025-01-23,2025-01-23 14:04:34.631,0.0994476367912997,0.012893997896489371,0.08000000000000002
1650,3B0019F652,421-2025-01-23,2025-01-23 14:04:53.630,0.0885788922090366,0.010384063953644983,0.06299999999999994
1651,3B004CD4DE,422-2025-01-23,2025-01-23 14:05:24.633,0.0994476367912997,0.012442183021689519,0.07899999999999996
1652,3B004CD4DE,423-2025-01-23,2025-01-23 14:06:33.631,0.0994476367912997,0.013893796303781784,0.08199999999999996
1653,01103F88A1,424-2025-01-23,2025-01-23 14:06:45.630,0.1019386163201484,0.013758164155411628,0.051000000000000045
1654,0700ED9568,425-2025-01-23,2025-01-23 14:07:55.630,0.155120330188778,0.02751974191942366,0.053999999999999826
1655,3B00484043,428-2025-01-23,2025-01-23 14:11:44.629,0.0946479547236582,0.012797656192606718,0.06499999999999995
1656,3B00182A81,430-2025-01-23,2025-01-23 14:12:22.629,0.0991547467342567,0.004214889768976416,0.07200000000000001
1657,3B004873F2,432-2025-01-23,2025-01-23 14:20:49.629,0.1000426597534706,0.01369856935125197,0.04800000000000004
1658,3B00191394,433-2025-01-23,2025-01-23 14:21:22.630,0.0955494162184201,0.011700137626298917,0.04600000000000004
1659,3B004873F2,434-2025-01-23,2025-01-23 14:21:46.631,0.1000426597534706,0.014961331696464164,0.04799999999999999
1660,3B00191394,435-2025-01-23,2025-01-23 14:23:50.630,0.0955494162184201,0.012864787102406695,0.05399999999999994
1661,3B004CD4DE,436-2025-01-23,2025-01-23 14:23:53.629,0.0994476367912997,0.014076583264571613,0.049000000000000044
1662,3B004C0894,437-2025-01-23,2025-01-23 14:24:54.630,0.1067658805452534,0.006504858448464674,0.046999999999999986
1663,3B00182A81,439-2025-01-23,2025-01-23 14:25:27.629,0.0991547467342567,0.003804697463975832,0.064
1664,3B0018A99B,440-2025-01-23,2025-01-23 14:27:15.629,0.0951097925836406,0.0036245084871952653,0.03399999999999992
1665,3B00186448,443-2025-01-23,2025-01-23 14:28:58.630,0.1720324744783095,0.03132146133199712,0.05400000000000005
1666,0700ED9568,444-2025-01-23,2025-01-23 14:29:24.627,0.1578717164726878,0.02516905627646701,0.07099999999999995
1667,3B0018F763,445-2025-01-23,2025-01-23 14:29:47.628,0.102316053093905,0.007004274760946748,0.043999999999999984
1668,3B00192E1E,446-2025-01-23,2025-01-23 14:29:50.628,0.1001345110110096,0.013604290320682569,0.04799999999999993
1669,01103F88A1,452-2025-01-23,2025-01-23 14:32:40.627,0.1019386163201484,0.012030992888069903,0.05399999999999999
1670,3B00182A81,456-2025-01-23,2025-01-23 14:41:54.627,0.0991547467342568,0.0044318621427329305,0.07900000000000007
1671,3B00186448,458-2025-01-23,2025-01-23 14:42:46.628,0.1715466760657708,0.03058728265836779,0.054999999999999716
1672,3B00192E1E,461-2025-01-23,2025-01-23 14:44:46.626,0.1012896275137331,0.0039018106730614724,0.03200000000000003
1673,3B00186448,462-2025-01-23,2025-01-23 14:44:55.628,0.1725074001745792,0.029277349492752604,0.05699999999999994
1674,3B004C0894,463-2025-01-23,2025-01-23 14:45:29.626,0.1102225509005475,0.006353979296568684,0.04899999999999993
1675,3B0019B8CC,464-2025-01-23,2025-01-23 14:46:14.631,0.1619438313098368,0.005650835776846933,0.07600000000000007
1676,3B004CD4DE,466-2025-01-23,2025-01-23 14:50:59.629,0.0994476367912997,0.015104071304245735,0.04500000000000004
1677,3B0019F652,467-2025-01-23,2025-01-23 14:51:24.626,0.0905389973583477,0.00013897973947325727,0.02499999999999991
1678,3B0018A99B,469-2025-01-23,2025-01-23 14:51:53.626,0.0951097925836406,0.0012664310874514445,0.07299999999999998
1679,3B0018F763,470-2025-01-23,2025-01-23 14:51:57.627,0.102316053093905,0.014103934648645556,0.07199999999999984
1680,3B004873F2,471-2025-01-23,2025-01-23 14:52:13.627,0.1000426597534706,0.014308024299158797,0.04899999999999993
1681,3B0018F763,472-2025-01-23,2025-01-23 14:54:40.626,0.102316053093905,0.014324706468577331,0.051999999999999824
1682,3B004873F2,473-2025-01-23,2025-01-23 14:54:43.627,0.1000426597534706,0.014549845174675634,0.07400000000000007
1683,3B004C0894,474-2025-01-23,2025-01-23 14:55:08.627,0.1067658805452534,0.006641507049185733,0.04600000000000004
1684,3B0018F763,475-2025-01-23,2025-01-23 14:58:23.627,0.1094027026246487,0.013860921998689301,0.052000000000000046
1685,3B004C0894,476-2025-01-23,2025-01-23 14:58:35.627,0.1106379760762788,0.013260420297507828,0.061000000000000165
1686,3B00182A81,477-2025-01-23,2025-01-23 14:58:57.627,0.1017992641711671,0.004981138609654548,0.05600000000000005
1687,3B004AB6A7,478-2025-01-23,2025-01-23 14:59:07.627,0.1003335166489211,0.013746319649331875,0.052000000000000046
1688,3B0019F652,480-2025-01-23,2025-01-23 14:59:17.627,0.0905389973583477,0.002944524551963655,0.031000000000000028
1689,3B0018A99B,481-2025-01-23,2025-01-23 14:59:25.627,0.0951097925836406,0.002853957308674883,0.028000000000000025
1690,3B00191394,483-2025-01-23,2025-01-23 14:59:46.628,0.096164406084028,0.009260899428225774,0.05300000000000005
1691,3B00186448,484-2025-01-23,2025-01-23 15:00:37.626,0.1765123482081916,0.02938756363939313,0.08100000000000018
1692,3B004C0894,485-2025-01-23,2025-01-23 15:00:59.627,0.1067658805452534,0.006840176462938664,0.04200000000000004
1693,3B00186448,487-2025-01-23,2025-01-23 15:05:47.626,0.1266061614457154,0.0006664909368545773,0.08899999999999997
1694,3B00186448,492-2025-01-23,2025-01-23 15:09:45.626,0.1720324744783095,0.030906286527400812,0.05400000000000005
1695,3B0019F652,493-2025-01-23,2025-01-23 15:09:57.627,0.0886286454417694,0.004565200778720928,0.0349999999999997
1696,3B00191394,494-2025-01-23,2025-01-23 15:09:59.626,0.0955494162184201,0.011932131037517654,0.07300000000000006
1697,3B0019F652,498-2025-01-23,2025-01-23 15:26:04.623,0.0905389973583477,0.0010004999638939629,0.03700000000000003
1698,3B00199DE5,500-2025-01-23,2025-01-23 15:30:44.624,0.1123533740676661,0.0032531901495025297,0.039999999999999925
1699,3B00186448,501-2025-01-23,2025-01-23 15:30:53.624,0.1720324744783095,0.03229978185061457,0.05600000000000005
1700,3B004C0894,502-2025-01-23,2025-01-23 15:32:05.622,0.1067658805452534,0.0077791762757178145,0.04499999999999993
1701,3B0018F763,503-2025-01-23,2025-01-23 15:32:38.623,0.1076436685659436,0.0066818499211628544,0.04999999999999982
1702,3B0019F652,506-2025-01-23,2025-01-23 15:46:11.626,0.0905389973583477,0.0013295812365955247,0.03200000000000003
1703,3B004B0F76,507-2025-01-23,2025-01-23 15:46:19.623,0.1550161290468764,0.024822894308959544,0.06400000000000006
1704,01103F88A1,509-2025-01-23,2025-01-23 15:49:20.624,0.1019386163201484,0.004627504764721993,0.037000000000000144
1705,3B00186448,513-2025-01-23,2025-01-23 15:52:43.622,0.1706789805429898,0.030727588975071933,0.053999999999999826
1706,3B001816CC,514-2025-01-23,2025-01-23 15:53:00.623,0.0938637827692101,0.01330216196832984,0.08299999999999996
1707,3B0018A99B,515-2025-01-23,2025-01-23 15:53:27.623,0.0951097925836406,0.003919519462316314,0.07700000000000001
1708,3B0019B8CC,516-2025-01-23,2025-01-23 15:55:31.623,0.1538416953491121,0.029812649494398005,0.062
1709,3B00186448,518-2025-01-23,2025-01-23 15:55:49.623,0.1720324744783095,0.031098714060006524,0.054999999999999716
1710,3B004B0F76,520-2025-01-23,2025-01-23 15:56:35.622,0.1774240499055155,0.022925311378050404,0.06899999999999995
1711,3B0019F652,521-2025-01-23,2025-01-23 15:57:04.625,0.0894507793951886,0.0038179930163270872,0.065
1712,3B0019B8CC,526-2025-01-23,2025-01-23 16:04:26.623,0.1538416953491121,0.007605921337200348,0.08699999999999997
1713,3B0019B8CC,527-2025-01-23,2025-01-23 16:06:18.625,0.1642573094340412,0.006842916137730192,0.06400000000000006
1714,3B0019F652,528-2025-01-23,2025-01-23 16:06:34.622,0.0905389973583477,0.0043301068044227665,0.03600000000000003
1715,3B0019B8CC,530-2025-01-23,2025-01-23 16:09:49.622,0.1538416953491121,0.028539726035856375,0.05500000000000016
1716,3B0019F652,534-2025-01-23,2025-01-23 16:12:44.622,0.0905389973583477,0.003153757625369793,0.028000000000000025
1717,3B004C0894,535-2025-01-23,2025-01-23 16:13:35.622,0.1091004184571855,0.008199023325509149,0.04499999999999993
1718,3B004B0F76,537-2025-01-23,2025-01-23 16:13:54.621,0.1646461020672047,0.02519124399873447,0.05700000000000016
1719,3B0019B8CC,538-2025-01-23,2025-01-23 16:14:00.622,0.1538416953491122,0.003355949446351481,0.10999999999999999
1720,3B0019F652,539-2025-01-23,2025-01-23 16:15:38.623,0.0905389973583477,0.0001977218963472393,0.014000000000000012
1721,3B00199DE5,541-2025-01-23,2025-01-23 16:16:43.622,0.1123533740676661,0.015759680854434254,0.04799999999999999
1722,3B0019F652,542-2025-01-23,2025-01-23 16:18:06.620,0.0905389973583477,0.004384300555000944,0.03299999999999992
1723,3B004C0894,548-2025-01-23,2025-01-23 16:19:34.621,0.108296312406178,0.0037740147419007787,0.07799999999999985
1724,01103F88A1,554-2025-01-23,2025-01-23 16:23:12.620,0.1019386163201484,0.00481177413914387,0.03700000000000003
1725,01103F88A1,555-2025-01-23,2025-01-23 16:25:57.618,0.1089568640757323,0.004604635889338493,0.07300000000000001
1726,01103F88A1,556-2025-01-23,2025-01-23 16:30:50.618,0.1019386163201484,0.015482979763388298,0.050999999999999934
1727,3B0019B8CC,557-2025-01-23,2025-01-23 16:37:25.618,0.1656443108001034,0.027122017328406228,0.05400000000000027
1728,3B0019B8CC,559-2025-01-23,2025-01-23 16:40:32.619,0.1538416953491121,0.007087318112411431,0.0940000000000003
1729,01103FA4B2,1-2025-01-29,2025-01-29 07:54:34.296,0.0885223679809744,0.012270254374087297,0.05499999999999994
1730,01103FA4B2,2-2025-01-29,2025-01-29 07:58:36.293,0.0862480870932599,0.01382201583323081,0.07199999999999984
1731,3B0019B8CC,4-2025-01-29,2025-01-29 08:32:21.282,0.1538416953491122,0.023060727516413575,0.05800000000000005
1732,3B0019B8CC,5-2025-01-29,2025-01-29 08:33:38.281,0.1538416953491122,0.025346287313189244,0.051999999999999824
1733,3B0019B8CC,7-2025-01-29,2025-01-29 08:34:36.281,0.1538416953491121,0.0261917220432997,0.07699999999999996
1734,3B00192E1E,8-2025-01-29,2025-01-29 08:34:42.282,0.0923911420029187,0.012389450262134427,0.050999999999999934
1735,3B0019B8CC,10-2025-01-29,2025-01-29 08:36:29.282,0.1538416953491121,0.025733565923885444,0.05700000000000005
1736,3B00192E1E,12-2025-01-29,2025-01-29 08:52:33.276,0.1005858192823128,0.012499790868334458,0.051000000000000156
1737,3B00192E1E,13-2025-01-29,2025-01-29 08:53:32.277,0.1005858192823128,0.01344627647463247,0.050000000000000044
1738,3B004873F2,19-2025-01-29,2025-01-29 09:33:53.266,0.0940954715773772,0.014920378692596065,0.08900000000000008
1739,3B004873F2,22-2025-01-29,2025-01-29 09:36:06.264,0.1000426597534706,0.014420397067397273,0.04899999999999999
1740,3B00192E1E,26-2025-01-29,2025-01-29 09:38:54.261,0.1005858192823128,0.011381054479481262,0.061999999999999944
1741,3B00484043,27-2025-01-29,2025-01-29 09:39:03.262,0.0941812955044005,0.010020742746477521,0.05099999999999999
1742,3B00192E1E,28-2025-01-29,2025-01-29 09:40:23.261,0.0957492114828224,0.0041992911667874284,0.06499999999999995
1743,011016B2E1,29-2025-01-29,2025-01-29 09:46:44.261,0.1034056593821557,0.014363758108605558,0.05300000000000016
1744,011016B2E1,30-2025-01-29,2025-01-29 09:47:52.259,0.1034056593821557,6.309874498276183e-05,0.007000000000000117
1745,011016B2E1,31-2025-01-29,2025-01-29 09:48:30.259,0.0947377998126785,0.0037416832298343716,0.056999999999999995
1746,011016B2E1,33-2025-01-29,2025-01-29 09:50:33.257,0.0960398517298536,0.014978896631396928,0.04699999999999993
1747,011016B2E1,34-2025-01-29,2025-01-29 09:51:54.257,0.0966401099129659,0.014646576428389025,0.04600000000000026
1748,011016B2E1,35-2025-01-29,2025-01-29 09:54:12.256,0.0986012728074016,0.015874446235723757,0.04699999999999971
1749,011016B2E1,37-2025-01-29,2025-01-29 09:56:14.255,0.0983212258466596,0.01469151949722618,0.04599999999999982
1750,011016B2E1,38-2025-01-29,2025-01-29 09:58:37.256,0.1002545995080192,0.014521509888610076,0.0470000000000006
1751,3B00190DF0,39-2025-01-29,2025-01-29 10:04:36.254,0.1858377627654824,0.023243616235486556,0.04999999999999999
1752,3B00190DF0,40-2025-01-29,2025-01-29 10:05:42.255,0.1858377627654824,0.02471096621199677,0.050999999999999934
1753,3B00190DF0,41-2025-01-29,2025-01-29 10:06:48.256,0.1602058304468161,0.02554902653447606,0.05399999999999994
1754,3B00192E1E,42-2025-01-29,2025-01-29 10:07:29.254,0.0946356316216093,0.0044150804492277766,0.040000000000000036
1755,3B00190DF0,43-2025-01-29,2025-01-29 10:09:11.255,0.1858377627654825,0.025186004928118327,0.053999999999999826
1756,3B0019B8CC,47-2025-01-29,2025-01-29 10:15:35.253,0.1538416953491122,0.022240797736398574,0.04999999999999982
1757,3B0019B8CC,49-2025-01-29,2025-01-29 10:16:37.253,0.1538416953491121,0.026022423664729902,0.04899999999999993
1758,3B00190DF0,51-2025-01-29,2025-01-29 10:17:58.251,0.1858377627654824,0.024467155447349117,0.04899999999999993
1759,3B00190DF0,52-2025-01-29,2025-01-29 10:20:32.251,0.1858377627654824,0.0208833764842448,0.06499999999999995
1760,3B00484043,53-2025-01-29,2025-01-29 10:21:07.250,0.0941812955044005,0.011358896843275606,0.07000000000000006
1761,01103FD532,54-2025-01-29,2025-01-29 10:21:45.250,0.167616616307203,0.02184902987097012,0.05400000000000005
1762,3B0019B8CC,55-2025-01-29,2025-01-29 10:21:53.249,0.1538416953491121,0.025109691495110067,0.05899999999999994
1763,3B00484043,56-2025-01-29,2025-01-29 10:22:15.249,0.0893694247196363,0.008116441043198103,0.05700000000000016
1764,3B004CDB63,57-2025-01-29,2025-01-29 10:28:49.248,0.1012702462445025,0.010470592432171794,0.050000000000000044
1765,3B0019B8CC,60-2025-01-29,2025-01-29 10:37:41.247,0.1538416953491121,0.02571336424987627,0.04999999999999993
1766,3B0019F652,63-2025-01-29,2025-01-29 10:39:54.246,0.0905389973583477,0.008319814087914214,0.06299999999999994
1767,3B0019F652,64-2025-01-29,2025-01-29 10:40:53.247,0.0905389973583477,0.012005632993974157,0.04400000000000004
1768,3B0019F652,66-2025-01-29,2025-01-29 10:41:55.246,0.0905389973583477,0.009834190847379111,0.052999999999999936
1769,3B00190DF0,67-2025-01-29,2025-01-29 10:43:33.244,0.1858377627654824,0.024327920502674415,0.052000000000000046
1770,3B00192E1E,69-2025-01-29,2025-01-29 10:49:01.244,0.0977512268903166,0.012299515656457488,0.04699999999999993
1771,3B004873F2,71-2025-01-29,2025-01-29 10:49:46.244,0.1000426597534706,0.013777548548699444,0.04600000000000004
1772,3B004CD4DE,72-2025-01-29,2025-01-29 10:49:55.244,0.0994476367912997,0.01499176455525179,0.04499999999999993
1773,3B00192E1E,73-2025-01-29,2025-01-29 10:50:03.245,0.1005858192823128,0.010897523273172498,0.08100000000000007
1774,011016B2E1,75-2025-01-29,2025-01-29 11:08:23.244,0.1034056593821557,0.01315034258894071,0.051000000000000156
1775,3B00186448,81-2025-01-29,2025-01-29 11:10:28.244,0.1477362182433382,0.027387102877798913,0.07400000000000007
1776,3B001816CC,82-2025-01-29,2025-01-29 11:11:23.243,0.0938637827692101,0.005033998527827705,0.04199999999999998
1777,3B0019F652,83-2025-01-29,2025-01-29 11:11:31.244,0.0905389973583477,0.004771426071965859,0.03500000000000003
1778,3B00186448,84-2025-01-29,2025-01-29 11:12:01.247,0.1720324744783095,0.027730422275892574,0.06799999999999995
1779,011016B2E1,85-2025-01-29,2025-01-29 11:12:46.243,0.1002819520978681,0.014015336422339882,0.04599999999999982
1780,011016B2E1,86-2025-01-29,2025-01-29 11:13:57.243,0.1034056593821557,0.014417713373233143,0.05099999999999971
1781,3B00186448,87-2025-01-29,2025-01-29 11:14:14.243,0.1604084882043179,0.015634913494385012,0.06699999999999995
1782,3B00192E1E,88-2025-01-29,2025-01-29 11:15:25.241,0.0998674144533128,0.011882343941188738,0.049000000000000155
1783,3B004CDB63,90-2025-01-29,2025-01-29 11:16:12.244,0.1012702462445025,0.007092255238220159,0.08799999999999997
1784,011016B2E1,93-2025-01-29,2025-01-29 11:16:39.241,0.1001740970604984,0.014407548972947314,0.04900000000000038
1785,3B004CEFFE,96-2025-01-29,2025-01-29 11:17:31.241,0.0949378776715615,0.004728984838712134,0.040000000000000036
1786,3B00484043,100-2025-01-29,2025-01-29 11:18:46.240,0.0905851522925223,0.004041338875590655,0.063
1787,3B004AB6A7,102-2025-01-29,2025-01-29 11:19:13.239,0.0988475616844329,0.013261783109301789,0.04800000000000004
1788,3B00186448,103-2025-01-29,2025-01-29 11:19:31.239,0.1720324744783095,0.023657428002939143,0.07000000000000006
1789,3B00186448,104-2025-01-29,2025-01-29 11:19:42.240,0.1620343337822996,0.019451201181918804,0.06999999999999984
1790,3B0018A99B,107-2025-01-29,2025-01-29 11:21:06.239,0.0952491069618908,0.0017496359261757444,0.02300000000000013
1791,3B0018C2F6,112-2025-01-29,2025-01-29 11:22:36.238,0.1576520521087552,0.02561730269493863,0.04500000000000004
1792,01103FA4B2,113-2025-01-29,2025-01-29 11:23:17.237,0.0969083392354018,0.012224155776634781,0.052999999999999936
1793,3B0018C2F6,114-2025-01-29,2025-01-29 11:24:07.237,0.153247118018245,0.027432151880055683,0.053999999999999826
1794,3B001857EE,115-2025-01-29,2025-01-29 11:24:14.237,0.0977687392677557,0.005422380492846418,0.051000000000000045
1795,3B0018C2F6,117-2025-01-29,2025-01-29 11:26:01.236,0.1576520521087552,0.026279697457458985,0.07100000000000017
1796,3B0018C2F6,119-2025-01-29,2025-01-29 11:28:29.235,0.1528921638354462,0.026353251815711805,0.04999999999999982
1797,3B00182A81,120-2025-01-29,2025-01-29 11:29:30.236,0.0991547467342568,0.0008668514442294942,0.014999999999999902
1798,3B0018C2F6,122-2025-01-29,2025-01-29 11:29:48.235,0.1530645916935034,0.028398344453452604,0.07599999999999985
1799,3B004873F2,123-2025-01-29,2025-01-29 11:30:44.237,0.1000426597534706,0.003630468326741823,0.05099999999999999
1800,3B00186448,124-2025-01-29,2025-01-29 11:31:02.236,0.1676015798946796,0.025087036991286542,0.06299999999999994
1801,3B00484043,125-2025-01-29,2025-01-29 11:31:25.235,0.0941812955044005,0.009801142149863324,0.04899999999999999
1802,3B0018C2F6,126-2025-01-29,2025-01-29 11:31:32.234,0.1576520521087552,0.004269732489118345,0.09
1803,01101763D0,127-2025-01-29,2025-01-29 11:31:45.235,0.1509897005506909,0.00044569107697086307,0.019000000000000017
1804,3B00186448,128-2025-01-29,2025-01-29 11:32:21.234,0.1645471173381085,0.02409562519146922,0.06800000000000006
1805,3B00192E1E,131-2025-01-29,2025-01-29 11:33:27.233,0.1005858192823128,0.012617333333884723,0.04699999999999993
1806,3B0019B8CC,132-2025-01-29,2025-01-29 11:34:36.234,0.1538416953491122,0.005347522044522516,0.06999999999999984
1807,3B00192E1E,134-2025-01-29,2025-01-29 11:34:57.234,0.1005858192823128,0.0037077825443750188,0.03400000000000003
1808,3B0019B8CC,135-2025-01-29,2025-01-29 11:35:16.235,0.1538416953491121,0.006218975561210861,0.09699999999999998
1809,3B00190DF0,138-2025-01-29,2025-01-29 11:36:30.234,0.1858377627654824,0.00883230097662748,0.038999999999999924
1810,01103F97C4,140-2025-01-29,2025-01-29 11:46:53.254,0.1612373857647205,0.026181763742705273,0.04899999999999993
1811,01103F97C4,141-2025-01-29,2025-01-29 11:48:01.252,0.1618435114270357,0.025916829833250166,0.07800000000000007
1812,01103F97C4,143-2025-01-29,2025-01-29 11:49:31.253,0.1618435114270357,0.024875188002974086,0.06099999999999994
1813,01103F97C4,145-2025-01-29,2025-01-29 11:50:41.253,0.1640288522116516,0.02788802263379794,0.06299999999999972
1814,3B0018F763,146-2025-01-29,2025-01-29 11:51:05.253,0.102316053093905,0.00997065949269087,0.07200000000000006
1815,3B00484043,147-2025-01-29,2025-01-29 11:53:38.252,0.0941812955044005,0.010646851047082309,0.058000000000000024
1816,3B0019F652,148-2025-01-29,2025-01-29 11:55:55.251,0.0905389973583477,0.01377395584508832,0.04600000000000004
1817,3B0018C2F6,151-2025-01-29,2025-01-29 11:57:50.251,0.1576520521087552,0.02251867635196416,0.05700000000000016
1818,3B0018C2F6,156-2025-01-29,2025-01-29 12:10:48.252,0.1576520521087552,0.02412844671227842,0.05700000000000016
1819,3B00192E1E,157-2025-01-29,2025-01-29 12:11:46.255,0.1005858192823128,0.013823658276264939,0.050000000000000044
1820,3B0018C2F6,158-2025-01-29,2025-01-29 12:12:53.252,0.1526449126196052,0.02545636947843033,0.051000000000000156
1821,3B004AB6A7,160-2025-01-29,2025-01-29 12:14:12.250,0.1003335166489211,0.016321713648919114,0.04999999999999982
1822,3B0018C2F6,161-2025-01-29,2025-01-29 12:14:53.251,0.1551291239124893,0.02553602642858355,0.05400000000000005
1823,3B004873F2,164-2025-01-29,2025-01-29 12:16:34.250,0.0943470293495633,0.011914156900695467,0.07199999999999984
1824,01103F97C4,165-2025-01-29,2025-01-29 12:16:49.250,0.1625704885813866,0.026344277993537345,0.052000000000000046
1825,011016B2E1,166-2025-01-29,2025-01-29 12:17:15.249,0.0991873462053007,0.015411710592018638,0.04899999999999993
1826,3B00186448,167-2025-01-29,2025-01-29 12:17:21.250,0.1720324744783095,0.026984531713073544,0.06700000000000003
1827,3B00186448,170-2025-01-29,2025-01-29 12:18:48.249,0.1720324744783095,0.030075475806222954,0.05499999999999994
1828,3B00190DF0,171-2025-01-29,2025-01-29 12:18:52.249,0.1858377627654824,0.02429142340537762,0.06299999999999994
1829,3B00190DF0,172-2025-01-29,2025-01-29 12:21:26.250,0.1858377627654824,0.025363977324612975,0.055999999999999994
1830,3B00190DF0,175-2025-01-29,2025-01-29 12:22:51.249,0.1858377627654824,0.024493009409658588,0.05099999999999999
1831,01103F97C4,176-2025-01-29,2025-01-29 12:23:16.248,0.1565393794384286,0.025918456502866175,0.052000000000000046
1832,011016B2E1,177-2025-01-29,2025-01-29 12:24:35.248,0.0988045656084963,0.014886940495931493,0.04599999999999982
1833,3B00190DF0,178-2025-01-29,2025-01-29 12:24:45.248,0.179964986411264,0.025420417299203867,0.05499999999999994
1834,3B004873F2,179-2025-01-29,2025-01-29 12:25:10.249,0.1000426597534706,0.014878993576096589,0.045999999999999985
1835,011016B2E1,182-2025-01-29,2025-01-29 12:25:56.246,0.0987669237325032,0.01403009589248271,0.06800000000000006
1836,3B00190DF0,183-2025-01-29,2025-01-29 12:25:58.247,0.1858377627654824,0.027280750131951872,0.069
1837,3B00186448,185-2025-01-29,2025-01-29 12:26:52.247,0.1667476002561907,0.023885301092798038,0.07099999999999995
1838,3B00484043,187-2025-01-29,2025-01-29 12:27:13.248,0.0941812955044005,0.010740983244904821,0.055999999999999994
1839,3B00190DF0,188-2025-01-29,2025-01-29 12:27:27.246,0.1858377627654824,0.024424926918983854,0.05700000000000005
1840,3B0019F652,189-2025-01-29,2025-01-29 12:27:31.248,0.0905389973583477,0.011156676398034606,0.06
1841,011016B2E1,193-2025-01-29,2025-01-29 12:34:52.246,0.0993014721054453,0.01606229729530137,0.04899999999999993
1842,01103F97C4,196-2025-01-29,2025-01-29 12:37:20.246,0.1618435114270357,0.027109214623322563,0.05900000000000005
1843,3B001857EE,198-2025-01-29,2025-01-29 12:39:14.246,0.0977687392677557,0.005973957245256512,0.04599999999999993
1844,01103F97C4,199-2025-01-29,2025-01-29 12:40:11.245,0.1618435114270357,0.026459204660698003,0.07600000000000007
1845,011016B2E1,200-2025-01-29,2025-01-29 12:40:19.244,0.1000190579836073,0.0032989169067737492,0.04799999999999999
1846,01103F97C4,203-2025-01-29,2025-01-29 12:41:03.244,0.1695850918391352,0.01080532435546584,0.052000000000000046
1847,3B001857EE,207-2025-01-29,2025-01-29 12:42:56.244,0.0977687392677557,0.005457170726324178,0.04299999999999998
1848,3B0018C2F6,208-2025-01-29,2025-01-29 12:45:04.243,0.1576520521087552,0.020811060972049204,0.06
1849,3B00186448,210-2025-01-29,2025-01-29 12:46:15.244,0.1720324744783095,0.029624463105109217,0.052999999999999936
1850,011016B2E1,212-2025-01-29,2025-01-29 12:46:57.243,0.1034056593821557,-0.00034340326347093554,0.030999999999999917
1851,3B00186448,213-2025-01-29,2025-01-29 12:47:23.243,0.1680989492846436,0.030056712969653492,0.05699999999999994
1852,3B0018C2F6,214-2025-01-29,2025-01-29 12:47:36.243,0.1562714936297468,0.023976844725813663,0.04699999999999971
1853,3B00186448,216-2025-01-29,2025-01-29 12:48:29.242,0.1688270486699532,0.03046979037393555,0.05800000000000005
1854,011016B2E1,217-2025-01-29,2025-01-29 12:48:45.244,0.1034056593821557,0.014697653066893527,0.04599999999999982
1855,3B0018F763,220-2025-01-29,2025-01-29 12:49:26.244,0.1006573789637802,0.0060126281853066154,0.04700000000000015
1856,3B00186448,222-2025-01-29,2025-01-29 12:49:48.244,0.1687689794370536,0.02831087445337295,0.052999999999999936
1857,3B0018A99B,225-2025-01-29,2025-01-29 12:50:16.245,0.0981429309280405,0.0036579494434402023,0.03200000000000003
1858,3B0019F652,227-2025-01-29,2025-01-29 12:50:45.243,0.0858377658891988,0.005001768150805056,0.041999999999999815
1859,3B00190DF0,229-2025-01-29,2025-01-29 12:51:22.243,0.1858377627654824,0.024582889550777663,0.05499999999999994
1860,3B004B0F76,231-2025-01-29,2025-01-29 12:51:49.243,0.1774240499055155,0.027493346272667456,0.05799999999999994
1861,3B00190DF0,232-2025-01-29,2025-01-29 12:52:14.243,0.1858377627654824,0.024906617556562115,0.05999999999999983
1862,3B001816CC,237-2025-01-29,2025-01-29 12:54:22.244,0.0960632335086863,0.012954607122009553,0.05400000000000005
1863,3B00190DF0,239-2025-01-29,2025-01-29 12:54:30.243,0.1858377627654824,0.023836988968033015,0.05099999999999999
1864,3B004B0F76,243-2025-01-29,2025-01-29 12:55:58.242,0.1582626817833081,0.024411715077490802,0.07000000000000006
1865,3B001816CC,245-2025-01-29,2025-01-29 12:56:17.243,0.0938637827692101,0.009723735228368202,0.06999999999999995
1866,3B0018F763,247-2025-01-29,2025-01-29 12:56:49.241,0.1023160530939051,0.006704873993027195,0.04499999999999993
1867,3B004CD4DE,249-2025-01-29,2025-01-29 12:57:26.241,0.0989409455489698,0.014368036812454207,0.051000000000000045
1868,3B004CD4DE,250-2025-01-29,2025-01-29 12:59:27.242,0.1008577051711957,0.012526149664534159,0.08000000000000007
1869,011016B2E1,251-2025-01-29,2025-01-29 12:59:35.241,0.1034056593821557,0.014428908133692608,0.052999999999999936
1870,01103F97C4,252-2025-01-29,2025-01-29 12:59:48.243,0.1679576189764658,0.010485713154616678,0.04899999999999993
1871,3B0018F763,253-2025-01-29,2025-01-29 12:59:56.242,0.102316053093905,0.01383731623924672,0.07899999999999996
1872,3B001877B5,254-2025-01-29,2025-01-29 13:00:19.241,0.1782068500941566,0.025825002045851506,0.06499999999999995
1873,3B004CD4DE,255-2025-01-29,2025-01-29 13:00:22.242,0.0994880887505268,0.014284000740364785,0.07699999999999996
1874,3B001877B5,259-2025-01-29,2025-01-29 13:01:22.242,0.1782068500941566,0.025704519335381985,0.06299999999999994
1875,3B0018F763,260-2025-01-29,2025-01-29 13:01:29.241,0.1023160530939051,0.014056730937041722,0.06399999999999995
1876,3B0018C2F6,262-2025-01-29,2025-01-29 13:02:15.242,0.1576520521087552,0.027770553097437457,0.052000000000000046
1877,3B001877B5,263-2025-01-29,2025-01-29 13:02:24.241,0.1684160108894966,0.02266003637232833,0.07000000000000028
1878,3B004CD4DE,264-2025-01-29,2025-01-29 13:02:32.241,0.0960455080066028,0.014000347227708277,0.04999999999999982
1879,3B0018C2F6,266-2025-01-29,2025-01-29 13:04:06.241,0.1576520521087552,0.02900268984584476,0.04800000000000004
1880,3B001877B5,267-2025-01-29,2025-01-29 13:04:15.241,0.1658025346221066,0.022663020914833607,0.06499999999999995
1881,3B00190DF0,268-2025-01-29,2025-01-29 13:04:37.243,0.17539803293045,0.02432551886209932,0.051000000000000156
1882,3B001877B5,270-2025-01-29,2025-01-29 13:05:29.242,0.1682585915795963,0.01976705116891376,0.06399999999999961
1883,3B00192E1E,274-2025-01-29,2025-01-29 13:06:59.241,0.1000908127851327,0.012734581210147682,0.07800000000000001
1884,3B001877B5,275-2025-01-29,2025-01-29 13:07:18.242,0.1712500956911283,0.0237866830145121,0.07099999999999995
1885,3B00186448,276-2025-01-29,2025-01-29 13:07:33.241,0.1665071480782651,0.027984103992711385,0.05600000000000005
1886,3B001816CC,277-2025-01-29,2025-01-29 13:07:45.242,0.0959214557045777,0.01131896795936681,0.07200000000000006
1887,3B0019B8CC,279-2025-01-29,2025-01-29 13:08:31.242,0.1579522563034212,0.024533838404386197,0.07600000000000007
1888,3B00186448,280-2025-01-29,2025-01-29 13:08:45.242,0.170751645456439,0.028665279755904022,0.07699999999999996
1889,3B0019B8CC,281-2025-01-29,2025-01-29 13:09:24.241,0.1538416953491121,0.023927635194326096,0.07499999999999996
1890,3B0019B8CC,284-2025-01-29,2025-01-29 13:10:43.241,0.1538416953491122,0.028620246989049115,0.052000000000000046
1891,3B0018C2F6,288-2025-01-29,2025-01-29 13:12:07.242,0.1546477329785824,0.02387315459700847,0.052000000000000046
1892,3B001877B5,289-2025-01-29,2025-01-29 13:12:21.241,0.1721717646503876,0.0248206672546477,0.06800000000000006
1893,3B0019B8CC,290-2025-01-29,2025-01-29 13:12:25.241,0.1538416953491122,0.025790835431301378,0.04899999999999993
1894,3B001857EE,291-2025-01-29,2025-01-29 13:13:09.243,0.0977687392677557,0.005195799846709489,0.04299999999999993
1895,3B0019B8CC,292-2025-01-29,2025-01-29 13:13:20.240,0.1538416953491122,0.006091619820265987,0.10899999999999999
1896,3B004C4B80,295-2025-01-29,2025-01-29 13:15:15.240,0.1076060234729381,0.004955706490320554,0.04599999999999982
1897,3B0019B8CC,297-2025-01-29,2025-01-29 13:15:32.242,0.1446545374120727,0.012785108577390583,0.04800000000000004
1898,3B0019B8CC,301-2025-01-29,2025-01-29 13:17:21.240,0.1538416953491122,0.007219441581914294,0.08999999999999997
1899,3B00186448,305-2025-01-29,2025-01-29 13:18:08.239,0.1705010582579174,0.02933549279788545,0.05699999999999994
1900,01103F97C4,307-2025-01-29,2025-01-29 13:19:18.239,0.1679048988304076,0.009625448359923532,0.0470000000000006
1901,3B001877B5,308-2025-01-29,2025-01-29 13:19:26.239,0.1744741994333292,0.024710593360244896,0.07200000000000006
1902,3B00182A81,309-2025-01-29,2025-01-29 13:20:13.240,0.0958487865929364,0.0038874811079919235,0.06299999999999994
1903,3B0018A99B,312-2025-01-29,2025-01-29 13:21:58.239,0.0951097925836406,0.0021859383897281526,0.028000000000000025
1904,3B004CD4DE,314-2025-01-29,2025-01-29 13:23:59.238,0.1010593774125685,0.0026037593444971792,0.07500000000000007
1905,3B004C4B80,318-2025-01-29,2025-01-29 13:25:43.238,0.1050795242542134,0.013801316361664803,0.06699999999999995
1906,3B0018F763,326-2025-01-29,2025-01-29 13:29:17.236,0.1043459114134996,0.005878489688262974,0.04299999999999993
1907,3B004DB16E,327-2025-01-29,2025-01-29 13:29:45.236,0.0991720033477613,0.013192476773744074,0.056999999999999995
1908,3B00191394,328-2025-01-29,2025-01-29 13:30:02.236,0.0940022485758673,0.003028773707474704,0.07000000000000006
1909,3B0018F763,329-2025-01-29,2025-01-29 13:30:07.236,0.1057938311363159,0.006051737175789603,0.040999999999999925
1910,3B0019F652,330-2025-01-29,2025-01-29 13:30:41.236,0.088704181632889,0.00048492563225058504,0.02400000000000002
1911,3B004873F2,331-2025-01-29,2025-01-29 13:30:44.236,0.0984652706696183,0.0044621017256075025,0.07400000000000001
1912,3B0018F763,332-2025-01-29,2025-01-29 13:31:08.237,0.1023160530939051,0.007499355322677417,0.05300000000000016
1913,3B00191394,333-2025-01-29,2025-01-29 13:31:30.235,0.0960084316596639,0.0025840567359014556,0.08499999999999996
1914,3B004873F2,335-2025-01-29,2025-01-29 13:32:14.236,0.0964262931013971,0.004563791692845002,0.06900000000000017
1915,01103F97C4,337-2025-01-29,2025-01-29 13:32:42.238,0.170985179408109,0.0103453260769022,0.06599999999999984
1916,3B001877B5,338-2025-01-29,2025-01-29 13:33:05.237,0.17074127489508,0.022435913292282186,0.06499999999999995
1917,3B00190DF0,339-2025-01-29,2025-01-29 13:34:55.236,0.1858377627654824,0.025005423858031492,0.05499999999999999
1918,01103F97C4,340-2025-01-29,2025-01-29 13:35:41.236,0.1618435114270357,0.0003603451620929479,0.010000000000000009
1919,3B004C4B80,341-2025-01-29,2025-01-29 13:35:57.236,0.104786072703446,0.012931665737644229,0.07599999999999985
1920,3B00182A81,342-2025-01-29,2025-01-29 13:36:03.235,0.0991547467342567,0.004500075248893734,0.07500000000000001
1921,3B001857EE,343-2025-01-29,2025-01-29 13:36:09.235,0.0977687392677557,0.004847715062613169,0.04200000000000004
1922,3B00190DF0,346-2025-01-29,2025-01-29 13:36:59.237,0.1858377627654824,0.02847199374901848,0.05500000000000016
1923,01103FA4B2,347-2025-01-29,2025-01-29 13:37:12.235,0.0977866976137428,0.012028003342548438,0.05500000000000016
1924,3B001816CC,348-2025-01-29,2025-01-29 13:37:21.235,0.0973850420809805,0.010663908490142404,0.05899999999999972
1925,3B0018C2F6,349-2025-01-29,2025-01-29 13:37:43.235,0.1576520521087552,0.024288640221226402,0.06300000000000017
1926,3B004C4B80,350-2025-01-29,2025-01-29 13:37:58.236,0.1087939700127973,0.012493360090213193,0.06899999999999995
1927,3B0018C2F6,354-2025-01-29,2025-01-29 13:40:10.234,0.1611763596744759,0.026962667097912722,0.05500000000000016
1928,3B00182A81,355-2025-01-29,2025-01-29 13:40:42.234,0.0991547467342568,0.0043278862465642816,0.06600000000000006
1929,3B0018C2F6,356-2025-01-29,2025-01-29 13:41:16.234,0.1630134605076961,0.02918139780071781,0.052000000000000046
1930,3B00191394,357-2025-01-29,2025-01-29 13:41:21.234,0.0950208330479491,0.003874879125948858,0.06899999999999995
1931,3B0018A99B,361-2025-01-29,2025-01-29 13:42:40.235,0.0953804449015071,0.0017800537415070563,0.11000000000000004
1932,011016B2E1,363-2025-01-29,2025-01-29 13:42:58.236,0.1019162494948319,0.0025703383751226787,0.09699999999999998
1933,3B00190DF0,364-2025-01-29,2025-01-29 13:43:23.234,0.1811501354538468,0.024035075402395863,0.04800000000000004
1934,3B0019F652,366-2025-01-29,2025-01-29 13:43:37.235,0.0905389973583477,0.005989908450978381,0.040999999999999925
1935,3B00186448,367-2025-01-29,2025-01-29 13:44:12.235,0.1697602384057182,0.03108212083729375,0.08400000000000007
1936,3B0019B8CC,368-2025-01-29,2025-01-29 13:44:19.234,0.1538416953491121,0.005026694318383419,0.10799999999999987
1937,3B0018A99B,369-2025-01-29,2025-01-29 13:44:31.234,0.0965513302246573,0.0031805368255893194,0.028000000000000025
1938,011016B2E1,370-2025-01-29,2025-01-29 13:44:35.233,0.101597295898075,0.013905191677979632,0.04499999999999993
1939,011016B2E1,371-2025-01-29,2025-01-29 13:44:51.235,0.0999930020215374,0.004045974545950724,0.06500000000000039
1940,3B00186448,372-2025-01-29,2025-01-29 13:45:07.235,0.1720324744783095,0.03042965880129662,0.06000000000000005
1941,3B001877B5,373-2025-01-29,2025-01-29 13:45:24.234,0.1743504988676598,0.022084115713727592,0.07000000000000028
1942,3B00186448,374-2025-01-29,2025-01-29 13:45:53.234,0.1716352130901554,0.030295696350715304,0.05799999999999983
1943,3B00190DF0,376-2025-01-29,2025-01-29 13:47:12.237,0.1858377627654824,0.024345649233684777,0.05399999999999994
1944,3B001877B5,377-2025-01-29,2025-01-29 13:47:39.234,0.171866330941999,0.01952372023377556,0.07299999999999995
1945,3B00190DF0,381-2025-01-29,2025-01-29 13:48:46.234,0.1850155982565356,0.03231184414715075,0.052999999999999936
1946,3B001877B5,383-2025-01-29,2025-01-29 13:49:19.234,0.1751409259809105,0.021799925070550518,0.07099999999999973
1947,3B00192E1E,384-2025-01-29,2025-01-29 13:49:24.234,0.1024658536187171,0.004346805122486786,0.05699999999999994
1948,3B001877B5,385-2025-01-29,2025-01-29 13:49:51.234,0.1787192032385369,0.022533411697545885,0.07299999999999995
1949,3B004C0894,387-2025-01-29,2025-01-29 13:51:19.236,0.1044432106956203,0.005366424992099853,0.03500000000000014
1950,3B004B0F76,389-2025-01-29,2025-01-29 13:53:30.234,0.1774240499055155,0.02213832612070005,0.05800000000000005
1951,3B0049A710,390-2025-01-29,2025-01-29 13:54:02.235,0.0976375983351212,0.004225100483850881,0.06000000000000005
1952,3B00191394,392-2025-01-29,2025-01-29 13:54:18.234,0.0959496211075908,0.0037338515082075375,0.07
1953,3B001870F2,393-2025-01-29,2025-01-29 13:54:33.233,0.095890747095052,0.012767791418370734,0.05900000000000016
1954,3B0018F763,395-2025-01-29,2025-01-29 13:57:48.913,0.1023160530939051,0.015442461742860679,0.05499999999999999
1955,3B00192E1E,396-2025-01-29,2025-01-29 13:57:58.913,0.1005858192823128,0.01289014658108964,0.051999999999999935
1956,3B00185CB8,398-2025-01-29,2025-01-29 14:00:57.915,0.0953970648449805,0.012110098308717104,0.05199999999999999
1957,3B00182A81,399-2025-01-29,2025-01-29 14:01:40.913,0.0991547467342568,0.011119181120052814,0.05899999999999994
1958,3B0019F652,400-2025-01-29,2025-01-29 14:01:43.914,0.0905389973583477,0.011081079534234555,0.05299999999999999
1959,3B00484043,405-2025-01-29,2025-01-29 14:02:51.912,0.0941812955044005,0.006611084408427953,0.04999999999999982
1960,3B00186448,407-2025-01-29,2025-01-29 14:03:05.914,0.1596673654887581,0.026510069990451798,0.07000000000000028
1961,3B00186448,408-2025-01-29,2025-01-29 14:03:15.913,0.1703100866853766,0.024564401670832875,0.07199999999999984
1962,3B0018F763,409-2025-01-29,2025-01-29 14:03:23.913,0.1023160530939051,0.01472572448590473,0.052999999999999936
1963,3B00190DF0,410-2025-01-29,2025-01-29 14:03:33.913,0.1858377627654824,0.025330085796075538,0.05199999999999999
1964,3B001857EE,411-2025-01-29,2025-01-29 14:03:42.913,0.0977687392677557,0.015526709958523274,0.06099999999999994
1965,3B0019248A,412-2025-01-29,2025-01-29 14:04:05.915,0.1169316465096806,0.011811652953462261,0.09399999999999997
1966,3B004873F2,415-2025-01-29,2025-01-29 14:05:02.913,0.1000426597534706,0.014588403677316827,0.04899999999999993
1967,3B00190DF0,416-2025-01-29,2025-01-29 14:05:31.912,0.1858377627654824,0.025681449914231984,0.05499999999999994
1968,3B001857EE,417-2025-01-29,2025-01-29 14:05:35.913,0.0977687392677557,0.012885048650979936,0.05600000000000005
1969,3B0019248A,419-2025-01-29,2025-01-29 14:06:16.914,0.1057315634145852,0.015674225577426138,0.05800000000000072
1970,3B0018D520,420-2025-01-29,2025-01-29 14:06:48.914,0.1021846413898618,0.012539747746047478,0.04899999999999993
1971,011016B2E1,421-2025-01-29,2025-01-29 14:07:05.914,0.1034056593821557,0.015630319059509852,0.04799999999999999
1972,3B0018A99B,422-2025-01-29,2025-01-29 14:07:25.914,0.0951097925836406,0.004811240985132768,0.041000000000000036
1973,3B00484043,423-2025-01-29,2025-01-29 14:07:33.914,0.0941812955044006,0.012205041896454848,0.050000000000000044
1974,3B004CDB63,424-2025-01-29,2025-01-29 14:08:16.913,0.1012702462445025,0.0098833169143715,0.04400000000000004
1975,01103F97C4,425-2025-01-29,2025-01-29 14:08:57.914,0.169128854599943,0.024470719332815784,0.05500000000000016
1976,011016B2E1,428-2025-01-29,2025-01-29 14:09:37.914,0.1034056593821557,0.012135273431599642,0.08399999999999996
1977,3B004CDB63,430-2025-01-29,2025-01-29 14:10:11.913,0.16968040315829,0.019278632065105265,0.08400000000000007
1978,01103F97C4,431-2025-01-29,2025-01-29 14:12:47.913,0.1706051099274559,0.029969736950778533,0.054999999999999716
1979,3B00191394,432-2025-01-29,2025-01-29 14:12:54.913,0.0955494162184201,0.01185852490812602,0.05299999999999999
1980,01103F97C4,433-2025-01-29,2025-01-29 14:14:03.914,0.1714252662316933,0.024515622934408475,0.06299999999999972
1981,3B00484043,435-2025-01-29,2025-01-29 14:14:26.915,0.0941812955044005,0.012922014842331709,0.07899999999999996
1982,3B0018C2F6,437-2025-01-29,2025-01-29 14:15:13.915,0.1536882353250717,0.025120535292879137,0.05300000000000016
1983,3B00484043,439-2025-01-29,2025-01-29 14:16:24.914,0.0941812955044005,0.010259087580473317,0.06300000000000006
1984,3B0018C2F6,440-2025-01-29,2025-01-29 14:16:55.912,0.1549237684792807,0.024675594068066277,0.05999999999999983
1985,3B00192E1E,441-2025-01-29,2025-01-29 14:17:16.913,0.1005858192823128,0.012834633066482288,0.052999999999999936
1986,3B004B0F76,443-2025-01-29,2025-01-29 14:18:00.914,0.1622026569769313,0.022581429535610865,0.06499999999999995
1987,3B00192E1E,444-2025-01-29,2025-01-29 14:18:18.913,0.1009907245475322,0.004264720357356646,0.040000000000000036
1988,3B004873F2,446-2025-01-29,2025-01-29 14:18:53.915,0.0999593340095974,0.015127255899306372,0.04899999999999993
1989,3B0018F763,447-2025-01-29,2025-01-29 14:19:07.912,0.102316053093905,0.014289989270108612,0.05399999999999994
1990,3B00192E1E,448-2025-01-29,2025-01-29 14:19:23.912,0.1013603134227422,0.013370004329537827,0.05600000000000005
1991,3B0018F763,449-2025-01-29,2025-01-29 14:21:04.913,0.1023160530939051,0.014891594366444326,0.051000000000000045
1992,3B0019248A,450-2025-01-29,2025-01-29 14:22:05.913,0.108023855035572,0.014265175213115093,0.07699999999999996
1993,3B00190DF0,452-2025-01-29,2025-01-29 14:22:48.916,0.1858377627654824,0.023623290401602482,0.05399999999999994
1994,3B0018A99B,455-2025-01-29,2025-01-29 14:23:27.915,0.0951097925836406,0.011830702854634334,0.07200000000000001
1995,011016B2E1,456-2025-01-29,2025-01-29 14:24:16.913,0.1044244905150679,0.014305051036630954,0.05899999999999994
1996,3B00190DF0,457-2025-01-29,2025-01-29 14:24:19.914,0.1858377627654824,0.024696433571079555,0.07
1997,3B004CD4DE,459-2025-01-29,2025-01-29 14:25:11.915,0.0994476367912997,0.014362801640242721,0.052000000000000046
1998,3B0019248A,460-2025-01-29,2025-01-29 14:25:18.912,0.1084129098513937,0.016810855608350543,0.052999999999999936
1999,3B00191394,461-2025-01-29,2025-01-29 14:25:21.912,0.0955494162184201,0.012165552130336668,0.04999999999999999
2000,01103F88A1,462-2025-01-29,2025-01-29 14:25:35.913,0.1108808563780534,0.013087573904063366,0.050999999999999934
2001,3B001857EE,463-2025-01-29,2025-01-29 14:25:40.912,0.0977687392677557,0.006745076397849208,0.052000000000000046
2002,011016B2E1,465-2025-01-29,2025-01-29 14:25:48.913,0.1034358714714401,0.006380771675396902,0.04100000000000015
2003,3B0019F652,470-2025-01-29,2025-01-29 14:30:28.913,0.0921904822716715,0.009983785109041231,0.05899999999999994
2004,3B00186448,471-2025-01-29,2025-01-29 14:31:10.914,0.1719703599392518,0.031009584038177447,0.05400000000000005
2005,3B004873F2,472-2025-01-29,2025-01-29 14:31:32.915,0.1000426597534706,0.014569036034821787,0.05299999999999999
2006,3B001877B5,473-2025-01-29,2025-01-29 14:31:52.914,0.1782068500941566,0.023503992083154714,0.062000000000000055
2007,3B001857EE,475-2025-01-29,2025-01-29 14:32:35.914,0.1051001643028336,0.011935584110283119,0.05899999999999994
2008,3B0019F652,476-2025-01-29,2025-01-29 14:32:38.914,0.0905389973583477,0.009713685630571102,0.07500000000000001
2009,011016B2E1,477-2025-01-29,2025-01-29 14:33:11.915,0.1034056593821557,0.015231998304281333,0.09499999999999997
2010,3B001877B5,478-2025-01-29,2025-01-29 14:33:44.916,0.1782068500941566,0.026025619225595827,0.07300000000000006
2011,3B0019B8CC,1-2025-02-05,2025-02-05 07:30:06.932,0.1538416953491122,0.024305908786242014,0.052999999999999936
2012,3B0019B8CC,4-2025-02-05,2025-02-05 07:44:03.933,0.1538416953491121,0.026394765955385563,0.050999999999999934
2013,3B0019B8CC,5-2025-02-05,2025-02-05 07:45:29.934,0.1511056668593403,0.00614887735866059,0.09200000000000008
2014,3B0019B8CC,6-2025-02-05,2025-02-05 07:46:34.934,0.1538416953491121,0.024256440673583388,0.04999999999999982
2015,3B00484043,8-2025-02-05,2025-02-05 08:02:49.934,0.0863286860891939,0.002451489781806914,0.07499999999999996
2016,3B00484043,9-2025-02-05,2025-02-05 08:05:25.936,0.0861618057634769,0.003731139288118065,0.06499999999999995
2017,0700ED9568,10-2025-02-05,2025-02-05 08:06:01.935,0.1612189725362528,0.02149608876625842,0.06699999999999973
2018,0700ED9568,11-2025-02-05,2025-02-05 08:16:48.933,0.1575071566750209,0.019259859645012263,0.07399999999999984
2019,3B00192E1E,12-2025-02-05,2025-02-05 08:43:46.929,0.0915848510892975,0.010576100288335062,0.05600000000000005
2020,3B00192E1E,14-2025-02-05,2025-02-05 08:45:21.931,0.0922601050709317,0.004245751146361465,0.05999999999999983
2021,3B00484043,15-2025-02-05,2025-02-05 08:51:00.930,0.0941812955044005,0.0027617149189754792,0.062
2022,3B00484043,19-2025-02-05,2025-02-05 09:19:36.928,0.0876088860355683,0.010985943888989299,0.04999999999999982
2023,01101763D0,24-2025-02-05,2025-02-05 09:23:01.927,0.1509897005506909,0.025015918773934432,0.06400000000000006
2024,01103FA4B2,26-2025-02-05,2025-02-05 09:25:10.926,0.1070560818927257,0.012662912371708704,0.07200000000000006
2025,3B004CDB63,27-2025-02-05,2025-02-05 09:27:34.927,0.1012702462445025,0.010106635136128979,0.043999999999999984
2026,3B00182DFC,29-2025-02-05,2025-02-05 09:29:06.926,0.0984615111090755,0.01467628205765589,0.052000000000000046
2027,3B00182DFC,30-2025-02-05,2025-02-05 09:30:38.925,0.0977461474654209,0.01404771718876062,0.04899999999999993
2028,3B00182DFC,31-2025-02-05,2025-02-05 09:32:17.925,0.1024769000533538,0.013459785531855901,0.050000000000000044
2029,3B0019B8CC,32-2025-02-05,2025-02-05 09:33:42.924,0.1538416953491122,0.02526999233134358,0.05800000000000005
2030,011016B2E1,33-2025-02-05,2025-02-05 09:34:02.924,0.1034056593821557,0.0002352280432470718,0.010000000000000009
2031,011016B2E1,35-2025-02-05,2025-02-05 09:34:34.924,0.0904248831514876,0.013156460837686748,0.06300000000000017
2032,011016B2E1,38-2025-02-05,2025-02-05 09:37:59.922,0.093349461678124,0.014154841678250459,0.04600000000000026
2033,3B004AE3AB,39-2025-02-05,2025-02-05 09:45:42.922,0.1002916482453951,0.012076128229403805,0.07800000000000007
2034,3B004AE3AB,41-2025-02-05,2025-02-05 09:48:18.920,0.1002916482453951,0.012704623335238904,0.04899999999999993
2035,3B004AE3AB,44-2025-02-05,2025-02-05 09:49:48.922,0.1002916482453951,0.012261053313812338,0.052000000000000046
2036,3B004CEFFE,45-2025-02-05,2025-02-05 09:50:01.921,0.1069954981198278,0.012345419742395338,0.05299999999999999
2037,3B0019F652,47-2025-02-05,2025-02-05 09:56:15.918,0.0905389973583477,0.01115908842619902,0.050000000000000044
2038,3B004C0894,48-2025-02-05,2025-02-05 09:59:50.919,0.1067658805452534,0.011328335199673778,0.05700000000000016
2039,3B004CDB63,49-2025-02-05,2025-02-05 10:03:40.918,0.1012702462445025,0.01077276085410943,0.04400000000000004
2040,3B004AE3AB,50-2025-02-05,2025-02-05 10:05:56.917,0.1002916482453951,0.0011939084743573564,0.027000000000000024
2041,3B004C0894,51-2025-02-05,2025-02-05 10:09:42.917,0.0975222007274436,0.011790754257670542,0.04699999999999971
2042,3B004C0894,52-2025-02-05,2025-02-05 10:10:57.916,0.1067658805452534,0.01221320806082845,0.049000000000000044
2043,3B004C0894,54-2025-02-05,2025-02-05 10:12:14.916,0.1067658805452534,0.0111971041165811,0.05600000000000005
2044,3B0019B8CC,55-2025-02-05,2025-02-05 10:12:59.916,0.1538416953491121,0.025041166325061016,0.05300000000000016
2045,3B00185CB8,56-2025-02-05,2025-02-05 10:13:04.915,0.0953970648449805,0.00529809271559345,0.040000000000000036
2046,3B00483614,57-2025-02-05,2025-02-05 10:14:15.914,0.1236615983353104,0.01408509909424565,0.07500000000000018
2047,3B0019B8CC,58-2025-02-05,2025-02-05 10:14:48.914,0.1538416953491121,0.02557618003193021,0.052999999999999936
2048,3B00483614,60-2025-02-05,2025-02-05 10:15:53.915,0.1047310482201539,0.016008686425463582,0.051000000000000156
2049,3B00483614,61-2025-02-05,2025-02-05 10:16:23.914,0.1236615983353104,0.013775232757376956,0.04999999999999982
2050,3B0019B8CC,62-2025-02-05,2025-02-05 10:16:31.915,0.1538416953491121,0.026265092477639505,0.052999999999999936
2051,3B00483614,64-2025-02-05,2025-02-05 10:18:57.914,0.1037538222010821,0.015494056867828546,0.05800000000000005
2052,3B0019B8CC,65-2025-02-05,2025-02-05 10:19:02.914,0.1538416953491121,0.02282875506207458,0.051999999999999935
2053,3B0019B8CC,68-2025-02-05,2025-02-05 10:22:05.913,0.1538416953491122,0.024772728156210906,0.05400000000000027
2054,3B0018A99B,69-2025-02-05,2025-02-05 10:22:14.911,0.0951097925836406,0.004590188405884907,0.035999999999999976
2055,3B0018A99B,70-2025-02-05,2025-02-05 10:23:13.912,0.0918206648898593,0.010395560244999665,0.05700000000000016
2056,3B0019B8CC,71-2025-02-05,2025-02-05 10:23:36.912,0.1538416953491122,0.02611434297823555,0.07800000000000001
2057,3B001857EE,72-2025-02-05,2025-02-05 10:25:04.911,0.0977687392677557,0.006326719636574704,0.04400000000000004
2058,3B0019B8CC,73-2025-02-05,2025-02-05 10:25:14.912,0.1538416953491121,0.025944067968293787,0.05499999999999999
2059,3B00483614,74-2025-02-05,2025-02-05 10:26:29.910,0.1053293000417524,0.015659988851934606,0.07200000000000006
2060,3B001857EE,80-2025-02-05,2025-02-05 10:30:15.909,0.098599488387484,0.012132596380071045,0.051999999999999824
2061,3B004CDB63,81-2025-02-05,2025-02-05 10:30:36.910,0.1012702462445025,0.011022519576565273,0.04999999999999999
2062,3B004CEFFE,82-2025-02-05,2025-02-05 10:31:17.910,0.0983491862204705,0.009769945720264978,0.06499999999999995
2063,3B004CD4DE,84-2025-02-05,2025-02-05 10:33:59.909,0.0994476367912997,0.011950174771762271,0.05400000000000005
2064,0700ED9568,86-2025-02-05,2025-02-05 10:35:25.909,0.1557668900228975,0.022128350156590693,0.06199999999999983
2065,3B00484043,88-2025-02-05,2025-02-05 10:42:05.907,0.0910211687468641,0.01248484657806053,0.05600000000000005
2066,3B0019F652,89-2025-02-05,2025-02-05 10:42:39.907,0.0804954842897864,0.011981720466673704,0.04500000000000015
2067,3B0019F652,90-2025-02-05,2025-02-05 10:44:28.906,0.0905389973583477,0.004720632018585887,0.03500000000000014
2068,3B00192E1E,92-2025-02-05,2025-02-05 10:45:08.907,0.1005858192823128,0.00014496799488270123,0.016000000000000014
2069,3B0019F652,93-2025-02-05,2025-02-05 10:45:57.905,0.0905389973583477,0.00500447625621691,0.039000000000000146
2070,3B00484043,95-2025-02-05,2025-02-05 10:46:10.905,0.0916211970150366,0.011873866605565594,0.05799999999999983
2071,3B0019F652,96-2025-02-05,2025-02-05 10:47:36.905,0.0905389973583477,0.003563689121517594,0.029000000000000026
2072,3B004CDB63,97-2025-02-05,2025-02-05 10:49:48.904,0.1012702462445025,0.010738046657952811,0.05199999999999999
2073,01103FA4B2,98-2025-02-05,2025-02-05 10:51:02.905,0.0970263657521321,0.013382673086742963,0.06999999999999984
2074,3B00192E1E,101-2025-02-05,2025-02-05 11:04:17.903,0.0952003734684833,0.004360032769554803,0.06999999999999984
2075,3B004CDB63,106-2025-02-05,2025-02-05 11:20:16.901,0.1012702462445025,0.009390914922878522,0.04499999999999993
2076,3B001816CC,108-2025-02-05,2025-02-05 11:22:20.901,0.0938637827692101,0.011644488532578484,0.05199999999999999
2077,01101763D0,112-2025-02-05,2025-02-05 11:24:46.900,0.1509897005506909,0.009165070897236113,0.04300000000000004
2078,0700ED9568,115-2025-02-05,2025-02-05 11:27:12.898,0.1600227171462243,0.023384417108743127,0.07200000000000006
2079,3B004CEFFE,116-2025-02-05,2025-02-05 11:27:38.898,0.1069954981198278,0.013236478351229687,0.05699999999999994
2080,011016B2E1,117-2025-02-05,2025-02-05 11:28:23.898,0.1034056593821557,0.001414149757873037,0.02899999999999997
2081,01103FA4B2,119-2025-02-05,2025-02-05 11:28:46.898,0.0957403997232415,0.014502547565312237,0.07200000000000006
2082,3B0018A99B,122-2025-02-05,2025-02-05 11:29:51.898,0.0951097925836406,0.00422965223496522,0.03400000000000003
2083,3B0018A99B,124-2025-02-05,2025-02-05 11:38:41.897,0.0951097925836406,0.00026352189825868343,0.013999999999999957
2084,011016B2E1,127-2025-02-05,2025-02-05 11:41:04.895,0.0953644801040807,0.01442166078506004,0.043999999999999595
2085,3B0018F763,129-2025-02-05,2025-02-05 11:44:38.895,0.1023160530939051,0.013579516160530167,0.04799999999999999
2086,01103F97C4,130-2025-02-05,2025-02-05 11:45:43.895,0.1618435114270357,0.028535112109301427,0.05400000000000027
2087,3B001877B5,133-2025-02-05,2025-02-05 11:47:09.895,0.1715989940218408,0.02995819273721093,0.05599999999999994
2088,3B001877B5,134-2025-02-05,2025-02-05 11:48:19.894,0.1782068500941566,0.028480603552678792,0.07599999999999996
2089,3B004CD4DE,137-2025-02-05,2025-02-05 11:49:14.895,0.0927766189280843,0.010677189783422086,0.04600000000000004
2090,3B0019B8CC,138-2025-02-05,2025-02-05 11:49:19.894,0.1538416953491122,0.009756819209403026,0.040999999999999925
2091,3B004CD4DE,142-2025-02-05,2025-02-05 11:51:04.895,0.0994476367912997,0.0037367617791063314,0.07299999999999995
2092,01103F97C4,144-2025-02-05,2025-02-05 11:51:33.893,0.162834061081251,0.008740104789104754,0.04299999999999926
2093,3B001877B5,145-2025-02-05,2025-02-05 11:51:39.894,0.1745611644960132,0.02804947838306489,0.06000000000000005
2094,01103F97C4,147-2025-02-05,2025-02-05 11:52:43.894,0.1616452604405898,0.026494220113380186,0.053999999999999826
2095,3B00192E1E,148-2025-02-05,2025-02-05 11:53:26.894,0.1005858192823128,0.004289250465503712,0.03600000000000003
2096,3B00192E1E,150-2025-02-05,2025-02-05 11:54:12.893,0.0959326174598193,0.013351030292916745,0.052000000000000046
2097,3B00182DFC,152-2025-02-05,2025-02-05 11:56:26.894,0.1144449634497805,0.011393478749886832,0.04899999999999999
2098,3B00182DFC,154-2025-02-05,2025-02-05 11:57:07.893,0.1002705409279605,0.004419318004985645,0.04499999999999993
2099,3B00182DFC,159-2025-02-05,2025-02-05 12:00:34.892,0.1144449634497805,0.013803680099089888,0.050999999999999934
2100,3B00182DFC,160-2025-02-05,2025-02-05 12:01:21.892,0.1144449634497805,0.01295821519066035,0.04499999999999993
2101,3B00182DFC,161-2025-02-05,2025-02-05 12:01:37.893,0.1144449634497805,0.014013061299138574,0.04600000000000004
2102,3B001877B5,165-2025-02-05,2025-02-05 12:03:20.893,0.1782068500941566,0.027922652479034814,0.052999999999999714
2103,3B001877B5,167-2025-02-05,2025-02-05 12:04:19.893,0.1752625825644163,0.03025275717822614,0.05599999999999983
2104,3B00182DFC,169-2025-02-05,2025-02-05 12:07:05.891,0.1144449634497805,0.004919547082038093,0.040000000000000036
2105,3B00483614,173-2025-02-05,2025-02-05 12:08:21.892,0.1236615983353104,0.011689693814821992,0.052000000000000046
2106,3B00182DFC,174-2025-02-05,2025-02-05 12:08:33.891,0.1144449634497806,0.0048356170615119435,0.040000000000000036
2107,3B00483614,176-2025-02-05,2025-02-05 12:09:19.891,0.1074083946921337,0.015465215385885472,0.05600000000000005
2108,3B001857EE,177-2025-02-05,2025-02-05 12:09:22.891,0.0977687392677557,0.0064047828964409114,0.049000000000000044
2109,3B00483614,178-2025-02-05,2025-02-05 12:09:58.891,0.1056352652428333,0.016059768582213783,0.054999999999999716
2110,3B00483614,180-2025-02-05,2025-02-05 12:10:52.891,0.1236615983353104,0.013296491636184826,0.07699999999999996
2111,3B001857EE,181-2025-02-05,2025-02-05 12:11:41.892,0.0977687392677557,0.004847739497403997,0.040999999999999925
2112,0700ED9568,182-2025-02-05,2025-02-05 12:14:31.892,0.1625043296272102,0.02443178666036274,0.07399999999999995
2113,3B00192E1E,185-2025-02-05,2025-02-05 12:16:39.889,0.0964289878576731,0.0031164515625435505,0.03600000000000003
2114,3B00192E1E,189-2025-02-05,2025-02-05 12:18:23.890,0.0974417711798576,0.010293635275639467,0.05300000000000016
2115,3B00484043,190-2025-02-05,2025-02-05 12:18:34.889,0.0941812955044005,0.003212352515958868,0.07200000000000001
2116,3B004CDB63,192-2025-02-05,2025-02-05 12:19:37.889,0.0912250732586327,0.011262932461140051,0.04800000000000004
2117,3B00192E1E,194-2025-02-05,2025-02-05 12:20:00.890,0.0982711709913729,0.0031844536415958848,0.08900000000000041
2118,3B004AE3AB,198-2025-02-05,2025-02-05 12:21:28.888,0.1002916482453951,0.0005324704342402249,0.02699999999999997
2119,3B004CDB63,200-2025-02-05,2025-02-05 12:21:43.888,0.1012702462445025,0.01175837275092903,0.05300000000000005
2120,3B004AE3AB,201-2025-02-05,2025-02-05 12:21:58.888,0.1002916482453951,0.003011409162053405,0.03100000000000014
2121,3B001870F2,202-2025-02-05,2025-02-05 12:23:02.889,0.1033449037589002,0.0017830840703007213,0.08700000000000002
2122,3B004C4B80,204-2025-02-05,2025-02-05 12:23:35.887,0.1046228413837501,0.004446677075749693,0.08000000000000007
2123,3B001870F2,206-2025-02-05,2025-02-05 12:24:40.887,0.1033449037589002,0.0033701778263316934,0.05999999999999994
2124,3B001877B5,207-2025-02-05,2025-02-05 12:25:12.889,0.1782068500941566,0.024875621091682114,0.06699999999999995
2125,3B001877B5,209-2025-02-05,2025-02-05 12:27:30.887,0.174071825294107,0.028611057451921277,0.052999999999999936
2126,3B004CDB63,210-2025-02-05,2025-02-05 12:28:08.887,0.0983464774509382,0.011361501285392725,0.050000000000000044
2127,3B001877B5,211-2025-02-05,2025-02-05 12:28:56.888,0.1782068500941566,0.02106930466363352,0.06799999999999984
2128,3B0018C6F9,213-2025-02-05,2025-02-05 12:30:02.886,0.0966709162778869,0.0014865707394694154,0.04100000000000015
2129,3B001877B5,214-2025-02-05,2025-02-05 12:30:11.887,0.1782068500941566,0.03161298370518974,0.05999999999999983
2130,3B001877B5,215-2025-02-05,2025-02-05 12:32:31.886,0.1794287917170733,0.029733922476808804,0.058000000000000274
2131,3B004CDB63,216-2025-02-05,2025-02-05 12:36:52.887,0.0987535092508807,0.012241027892691513,0.052999999999999936
2132,3B00483614,217-2025-02-05,2025-02-05 12:37:08.886,0.1236615983353104,8.47783799217605e-05,0.008000000000000007
2133,3B00483614,219-2025-02-05,2025-02-05 12:37:55.886,0.1077373426544085,0.013195996658775416,0.07899999999999974
2134,3B004CD4DE,221-2025-02-05,2025-02-05 12:38:41.885,0.0971307599424228,0.0032671522231600314,0.06599999999999984
2135,011016B2E1,225-2025-02-05,2025-02-05 12:41:10.886,0.0770187289969213,0.006607096156132091,0.0389999999999997
2136,3B004CD4DE,227-2025-02-05,2025-02-05 12:53:34.886,0.0947304023683573,0.002800568235234687,0.09899999999999998
2137,3B00483614,229-2025-02-05,2025-02-05 12:54:12.885,0.1236615983353104,0.012111107110035203,0.04700000000000015
2138,3B004AE3AB,231-2025-02-05,2025-02-05 12:55:11.884,0.1033106851493661,0.012668211027790297,0.05699999999999994
2139,3B00483614,232-2025-02-05,2025-02-05 12:55:23.886,0.1074756532490226,0.004683562722902031,0.06600000000000006
2140,011016B2E1,234-2025-02-05,2025-02-05 12:56:11.885,0.1034056593821557,0.0004650986109965025,0.02299999999999991
2141,3B0018A99B,235-2025-02-05,2025-02-05 12:56:18.884,0.0951097925836406,0.0001964838551847383,0.019000000000000017
2142,3B004CD4DE,236-2025-02-05,2025-02-05 12:57:42.886,0.0954872943207469,0.004256915336548655,0.06000000000000005
2143,3B0018F763,237-2025-02-05,2025-02-05 12:58:31.886,0.0980027967126879,0.0047393625855774914,0.05400000000000005
2144,01103FA4B2,241-2025-02-05,2025-02-05 13:02:05.885,0.0988483066194942,0.01296578128882448,0.052000000000000046
2145,011016B2E1,244-2025-02-05,2025-02-05 13:04:00.886,0.0999124065243537,0.0016179740786262905,0.030000000000000027
2146,3B0018F763,247-2025-02-05,2025-02-05 13:05:38.885,0.1030297136140037,0.004318850027904943,0.07000000000000006
2147,3B004AE3AB,248-2025-02-05,2025-02-05 13:05:56.887,0.1002916482453951,0.005142469524587621,0.04800000000000004
2148,3B004CDB63,251-2025-02-05,2025-02-05 13:08:16.884,0.1012702462445025,0.011870141967034774,0.04800000000000004
2149,3B004AE3AB,252-2025-02-05,2025-02-05 13:09:34.886,0.1002916482453951,0.004512011200842261,0.056999999999999995
2150,3B0019F652,253-2025-02-05,2025-02-05 13:10:04.884,0.0859965016058772,0.0025661295230021276,0.07299999999999973
2151,3B0019248A,255-2025-02-05,2025-02-05 13:12:11.885,0.103832849240733,0.006996539118725231,0.04500000000000015
2152,3B0019F652,258-2025-02-05,2025-02-05 13:14:41.886,0.0905389973583477,0.0041808646771106265,0.03599999999999992
2153,3B0019248A,259-2025-02-05,2025-02-05 13:14:48.884,0.1030128353482465,0.006114036251546887,0.04400000000000004
2154,3B0019B8CC,260-2025-02-05,2025-02-05 13:14:56.885,0.1538416953491122,0.02604622350973014,0.05400000000000005
2155,3B0018A99B,261-2025-02-05,2025-02-05 13:15:08.885,0.0919374715810739,0.012432897864245293,0.049000000000000155
2156,3B0018C6F9,262-2025-02-05,2025-02-05 13:15:25.884,0.0981224075626449,0.008190368595876468,0.05500000000000002
2157,3B0018C2F6,263-2025-02-05,2025-02-05 13:15:34.884,0.1521596823229448,0.02892732821485379,0.05399999999999994
2158,3B001870F2,268-2025-02-05,2025-02-05 13:18:16.883,0.1033449037589002,0.00321778151854269,0.029000000000000137
2159,3B004C0894,269-2025-02-05,2025-02-05 13:18:19.884,0.1067658805452534,0.005537102983279245,0.040000000000000036
2160,3B004CDB63,270-2025-02-05,2025-02-05 13:18:31.884,0.1012702462445025,0.012104545575634456,0.049000000000000044
2161,3B0018C2F6,273-2025-02-05,2025-02-05 13:19:09.883,0.1576520521087552,0.02827835979076308,0.052000000000000046
2162,0700ED9568,274-2025-02-05,2025-02-05 13:19:41.885,0.1557668900228975,0.02662028445315175,0.050999999999999934
2163,3B00483614,275-2025-02-05,2025-02-05 13:19:47.883,0.1236615983353104,0.014070014794009995,0.053999999999999826
2164,3B00483614,277-2025-02-05,2025-02-05 13:20:43.883,0.1236615983353104,0.014438517509096775,0.07500000000000018
2165,3B0019B8CC,278-2025-02-05,2025-02-05 13:20:52.883,0.156739009310985,0.008503634602290781,0.040000000000000036
2166,3B0018C2F6,279-2025-02-05,2025-02-05 13:21:14.883,0.1576520521087552,0.029547826490957118,0.04899999999999993
2167,3B004C0894,280-2025-02-05,2025-02-05 13:21:40.883,0.1067658805452534,0.00587566945116155,0.038000000000000034
2168,3B004C0894,283-2025-02-05,2025-02-05 13:22:02.882,0.1015897918652162,0.006775191975761983,0.04400000000000004
2169,3B00483614,285-2025-02-05,2025-02-05 13:22:37.882,0.1102431737943087,0.005820332357505828,0.06899999999999995
2170,3B0018C2F6,286-2025-02-05,2025-02-05 13:24:27.883,0.1576520521087552,0.028122837271169605,0.04899999999999993
2171,3B0018C2F6,288-2025-02-05,2025-02-05 13:26:47.882,0.1576520521087552,0.028469184015236182,0.05400000000000005
2172,3B0018C2F6,290-2025-02-05,2025-02-05 13:27:55.881,0.1542975444247713,0.029624546420319166,0.051000000000000156
2173,3B004AE3AB,291-2025-02-05,2025-02-05 13:28:16.881,0.1013391917520349,0.01221109582620384,0.05200000000000049
2174,01101763D0,294-2025-02-05,2025-02-05 13:31:01.882,0.163936604513718,0.010645682959610023,0.052999999999999936
2175,3B0018F763,296-2025-02-05,2025-02-05 13:31:36.882,0.0982239116382509,0.006704982962804265,0.04100000000000037
2176,3B0018A99B,297-2025-02-05,2025-02-05 13:31:40.883,0.0762018584475289,0.001203884671425856,0.061999999999999944
2177,3B0018C2F6,299-2025-02-05,2025-02-05 13:32:47.881,0.1576520521087552,0.01994958177441084,0.06999999999999984
2178,3B001870F2,303-2025-02-05,2025-02-05 13:34:07.881,0.09620056461508,0.005045729603381404,0.03699999999999992
2179,3B0019248A,304-2025-02-05,2025-02-05 13:35:24.880,0.0782099176427099,0.006088362368869055,0.051000000000000156
2180,3B001857EE,305-2025-02-05,2025-02-05 13:36:23.881,0.0977687392677557,0.0057067113589554215,0.04600000000000004
2181,3B0018C2F6,306-2025-02-05,2025-02-05 13:38:20.881,0.1381408015964689,0.02577470644044228,0.05699999999999994
2182,3B004CEFFE,307-2025-02-05,2025-02-05 13:38:59.879,0.1069954981198278,0.0036152262278499425,0.03799999999999992
2183,3B004CDB63,311-2025-02-05,2025-02-05 13:40:01.881,0.1012702462445025,0.012440927611572956,0.04700000000000004
2184,3B001870F2,313-2025-02-05,2025-02-05 13:40:47.880,0.097349517893657,0.0005215341280371183,0.016000000000000014
2185,3B004C0894,315-2025-02-05,2025-02-05 13:41:41.879,0.1007673917965327,0.005866093084815262,0.04200000000000004
2186,011016B2E1,317-2025-02-05,2025-02-05 13:44:07.880,0.1034056593821557,1.0011854218257843e-06,0.0020000000000000018
2187,3B004CEFFE,318-2025-02-05,2025-02-05 13:44:42.880,0.1069954981198278,0.004911853429766156,0.040000000000000036
2188,3B0018F763,319-2025-02-05,2025-02-05 13:44:46.881,0.1029133148199565,0.006595312013939191,0.04300000000000015
2189,01103F88A1,322-2025-02-05,2025-02-05 13:47:35.879,0.1019386163201484,0.001577334536772372,0.07499999999999996
2190,01103F97C4,323-2025-02-05,2025-02-05 13:47:48.880,0.1627417691629261,0.02812355642865009,0.052000000000000046
2191,3B004AE3AB,324-2025-02-05,2025-02-05 13:48:11.879,0.1002916482453951,0.01187515573356062,0.05499999999999994
2192,3B004CEFFE,325-2025-02-05,2025-02-05 13:48:32.879,0.1069954981198278,0.014071650836179174,0.05500000000000016
2193,011016B2E1,326-2025-02-05,2025-02-05 13:49:20.880,0.1034056593821557,0.004339211958067347,0.03500000000000003
2194,3B004CDB63,329-2025-02-05,2025-02-05 13:50:54.879,0.1012702462445025,0.011600457677011745,0.04899999999999999
2195,3B00483614,330-2025-02-05,2025-02-05 13:51:08.881,0.1236615983353104,0.016031088771690537,0.05499999999999994
2196,3B00483614,332-2025-02-05,2025-02-05 13:52:03.879,0.1236615983353104,0.012918616698467262,0.05699999999999994
2197,01103F97C4,336-2025-02-05,2025-02-05 13:52:36.880,0.1618435114270357,0.009553474195756688,0.04200000000000026
2198,011016B2E1,338-2025-02-05,2025-02-05 13:53:06.879,0.1034056593821557,0.014270421331373774,0.050000000000000044
2199,011016B2E1,339-2025-02-05,2025-02-05 13:53:12.880,0.1071779622465152,4.3636657192713546e-05,0.050000000000000044
2200,3B00483614,341-2025-02-05,2025-02-05 13:54:37.879,0.1236615983353104,3.303168773438087e-05,0.006000000000000005
2201,3B0019F652,345-2025-02-05,2025-02-05 13:56:06.880,0.0882142313445148,0.003488516419927787,0.06800000000000006
2202,3B0018C2F6,348-2025-02-05,2025-02-05 13:59:51.880,0.1576520521087552,0.027824071515918744,0.07699999999999996
2203,3B0018A99B,350-2025-02-05,2025-02-05 14:00:11.879,0.0951097925836406,0.004175873196140895,0.03200000000000003
2204,3B00192E1E,351-2025-02-05,2025-02-05 14:00:18.878,0.1009055878374175,0.012543345385659297,0.050000000000000044
2205,3B0018C2F6,357-2025-02-05,2025-02-05 14:01:57.880,0.1602901718036791,0.029643712290604012,0.052999999999999936
2206,3B0019B8CC,358-2025-02-05,2025-02-05 14:02:24.880,0.1599494276743979,0.00894629231900254,0.040000000000000036
2207,3B0049A710,361-2025-02-05,2025-02-05 14:04:42.879,0.098818046842603,0.003549006986768761,0.08499999999999996
2208,3B004C0894,363-2025-02-05,2025-02-05 14:04:57.879,0.0820232432421451,0.0013506822443694786,0.07299999999999995
2209,3B001857EE,365-2025-02-05,2025-02-05 14:05:18.879,0.093880527374788,0.0065752900371164645,0.051000000000000156
2210,3B0019B8CC,366-2025-02-05,2025-02-05 14:05:41.879,0.1538416953491121,0.01051137784435993,0.04299999999999993
2211,3B004C0894,368-2025-02-05,2025-02-05 14:06:01.878,0.1047451337105093,0.0014776367001377985,0.07799999999999996
2212,3B00483614,369-2025-02-05,2025-02-05 14:06:27.880,0.1099483105138261,0.005610883259553418,0.0600000000000005
2213,3B004CDB63,371-2025-02-05,2025-02-05 14:07:12.878,0.0990227091240683,0.010931622757916218,0.05699999999999994
2214,3B0049A710,372-2025-02-05,2025-02-05 14:07:39.880,0.1005025541908935,0.004966687370898888,0.06500000000000017
2215,3B004AE3AB,374-2025-02-05,2025-02-05 14:08:15.879,0.1002916482453951,0.004979355388806517,0.06099999999999994
2216,3B0019B8CC,375-2025-02-05,2025-02-05 14:09:21.878,0.1613908517734437,0.003824562124829084,0.10000000000000009
2217,0700ED9568,376-2025-02-05,2025-02-05 14:10:07.879,0.1557668900228975,0.023678058005473943,0.06799999999999995
2218,3B00182A81,379-2025-02-05,2025-02-05 14:11:06.880,0.0989599354581426,0.005179934868947018,0.061000000000000054
2219,01103F88A1,381-2025-02-05,2025-02-05 14:11:54.880,0.1019386163201484,-0.0004066277251045593,0.04999999999999999
2220,01103F97C4,382-2025-02-05,2025-02-05 14:18:28.877,0.1618435114270357,0.0112806134637038,0.04400000000000004
2221,3B004CEFFE,383-2025-02-05,2025-02-05 14:18:31.878,0.1069954981198278,0.00487778648487275,0.040999999999999925
2222,3B001877B5,384-2025-02-05,2025-02-05 14:18:42.879,0.1752246902430038,0.02417752143094648,0.07000000000000028
2223,3B001877B5,386-2025-02-05,2025-02-05 14:19:41.878,0.1762280784881746,0.0224781255523686,0.06899999999999995
2224,01103F97C4,388-2025-02-05,2025-02-05 14:20:15.878,0.1669183467062103,0.026358748024073356,0.051000000000000156
2225,011016B2E1,391-2025-02-05,2025-02-05 14:20:46.878,0.1034056593821557,0.0040418540261955875,0.05299999999999999
2226,3B001877B5,392-2025-02-05,2025-02-05 14:21:10.879,0.1766564991329758,0.025832487670668133,0.062
2227,3B004AE3AB,394-2025-02-05,2025-02-05 14:21:40.878,0.1022149880526551,0.005228211327470999,0.04400000000000004
2228,3B004AE3AB,396-2025-02-05,2025-02-05 14:22:26.878,0.1039787042903142,0.005252793400650177,0.049000000000000044
2229,011016B2E1,397-2025-02-05,2025-02-05 14:22:44.877,0.0993649683097544,0.002143832074736205,0.10299999999999998
2230,3B001877B5,398-2025-02-05,2025-02-05 14:23:19.879,0.1782068500941566,0.023561276926503623,0.06800000000000006
2231,3B0019F652,400-2025-02-05,2025-02-05 14:23:47.878,0.1559083440221388,0.00019568669390132514,0.009000000000000119
2232,3B00186448,402-2025-02-05,2025-02-05 14:24:28.877,0.1650458503423301,0.030882378486551527,0.05699999999999994
2233,3B00182DFC,403-2025-02-05,2025-02-05 14:24:32.877,0.1038267622592481,0.005507462403084297,0.041000000000000036
2234,3B001870F2,407-2025-02-05,2025-02-05 14:25:21.877,0.1698314630532134,6.490534094638808e-05,0.05899999999999994
2235,01103F97C4,409-2025-02-05,2025-02-05 14:25:33.877,0.1618435114270357,0.010131334544271314,0.039000000000000146
2236,3B00483614,412-2025-02-05,2025-02-05 14:25:53.877,0.1236615983353104,0.0052661914708373465,0.05899999999999972
2237,3B001870F2,415-2025-02-05,2025-02-05 14:27:41.878,0.0958876821354619,0.0028460773077742794,0.08600000000000008
2238,3B004CDB63,416-2025-02-05,2025-02-05 14:27:59.877,0.0936209917504848,0.00383472353201795,0.06700000000000017
2239,3B00182DFC,417-2025-02-05,2025-02-05 14:28:02.877,0.1144449634497805,-0.0002970136128789086,0.02400000000000002
2240,3B0018C2F6,419-2025-02-05,2025-02-05 14:28:24.876,0.1576520521087552,0.02556443458941542,0.07699999999999996
2241,3B00483614,422-2025-02-05,2025-02-05 14:29:03.876,0.111933467783987,0.006319298370767908,0.07099999999999995
2242,3B00182DFC,423-2025-02-05,2025-02-05 14:31:32.878,0.1144449634497805,0.004077256887676167,0.039000000000000035
2243,3B004CDB63,424-2025-02-05,2025-02-05 14:31:56.878,0.1012702462445025,0.010880420315428891,0.052000000000000046
2244,3B00182DFC,426-2025-02-05,2025-02-05 14:32:23.877,0.1144449634497806,0.004150485416649094,0.044999999999999984
2245,3B00186448,427-2025-02-05,2025-02-05 14:32:33.877,0.1719864905302977,0.02395730320083924,0.06800000000000006
2246,3B004ACEEA,430-2025-02-05,2025-02-05 14:33:43.877,0.0977517369156262,0.014049905487844818,0.06899999999999995
2247,3B00186448,431-2025-02-05,2025-02-05 14:34:06.878,0.1720324744783095,0.03064996607690379,0.08000000000000007
2248,3B004CD4DE,432-2025-02-05,2025-02-05 14:34:09.877,0.0994476367912997,0.006006682729040815,0.03700000000000003
2249,3B001877B5,434-2025-02-05,2025-02-05 14:35:21.877,0.1782068500941566,0.029307621022800292,0.050999999999999934
2250,3B00483614,435-2025-02-05,2025-02-05 14:35:26.877,0.1115535606013609,0.006442515038545315,0.05500000000000016
2251,3B0018C2F6,438-2025-02-05,2025-02-05 14:36:03.876,0.1576520521087552,0.02913815677498167,0.05299999999999999
2252,3B001877B5,440-2025-02-05,2025-02-05 14:37:04.876,0.1782068500941566,0.027732825183970473,0.07299999999999995
2253,3B001877B5,443-2025-02-05,2025-02-05 14:38:10.876,0.1841857182268704,0.02744237608963858,0.05600000000000005
2254,3B001857EE,444-2025-02-05,2025-02-05 14:38:24.877,0.0977687392677557,0.0001012467610759041,0.01100000000000001
2255,01103F9A64,446-2025-02-05,2025-02-05 14:39:02.877,0.17343810965076,0.030656470281214883,0.07299999999999995
2256,01103F97C4,447-2025-02-05,2025-02-05 14:39:08.875,0.1618435114270357,0.010349403450111507,0.04499999999999993
2257,3B0018A99B,449-2025-02-05,2025-02-05 14:39:33.875,0.0951097925836406,0.00372483033225951,0.03600000000000003
2258,3B004CEFFE,450-2025-02-05,2025-02-05 14:39:35.877,0.1069954981198278,0.004296141453684484,0.040000000000000036
2259,01103F9A64,451-2025-02-05,2025-02-05 14:40:07.876,0.17343810965076,0.030178519998715993,0.07700000000000007
2260,01103F9A64,452-2025-02-05,2025-02-05 14:40:29.876,0.17343810965076,0.028064607836054713,0.06200000000000028
2261,3B00182DFC,453-2025-02-05,2025-02-05 14:40:35.876,0.1144449634497806,0.004149337554594864,0.041000000000000036
2262,3B00483614,455-2025-02-05,2025-02-05 14:41:09.877,0.1098100495973226,0.00614954901049934,0.07600000000000007
2263,3B001857EE,456-2025-02-05,2025-02-05 14:41:17.876,0.0801362607958163,0.007024518408896479,0.04899999999999993
2264,3B004AE3AB,458-2025-02-05,2025-02-05 14:41:56.876,0.1002916482453951,0.009235501247655013,0.06899999999999973
2265,3B00186448,459-2025-02-05,2025-02-05 14:42:00.876,0.1720324744783095,0.030859523377478333,0.05700000000000016
2266,3B004ACEEA,460-2025-02-05,2025-02-05 14:42:12.876,0.0977517369156262,0.011538208401864725,0.050999999999999934
2267,3B00182DFC,462-2025-02-05,2025-02-05 14:42:27.876,0.1144449634497806,0.005560497144599864,0.04400000000000004
2268,3B004CD4DE,467-2025-02-05,2025-02-05 14:43:22.877,0.0997790675899556,0.0053393058871839365,0.038999999999999924
2269,3B00484043,469-2025-02-05,2025-02-05 14:44:12.875,0.0941812955044006,0.0001666754473456454,0.04799999999999993
2270,01103F9A64,473-2025-02-05,2025-02-05 14:45:07.877,0.17343810965076,0.028771949719388602,0.05600000000000005
2271,3B004CD4DE,474-2025-02-05,2025-02-05 14:45:15.875,0.0994476367912997,0.006234904670416555,0.040000000000000036
2272,3B00192E1E,475-2025-02-05,2025-02-05 14:46:25.876,0.1014904500252328,0.004526104565470508,0.06899999999999995
2273,3B001870F2,478-2025-02-05,2025-02-05 14:48:22.876,0.0964576949484369,0.004672077205299665,0.03699999999999992
2274,3B00191394,479-2025-02-05,2025-02-05 14:48:56.876,0.0944414337397898,0.0017368287650231667,0.027000000000000135
2275,3B001870F2,482-2025-02-05,2025-02-05 15:02:12.876,0.0935865610603252,0.003344613555850455,0.08500000000000041
2276,3B004CD4DE,483-2025-02-05,2025-02-05 15:02:26.876,0.0982056286863137,0.004753934329320156,0.05300000000000005
2277,3B004CA42C,2-2025-02-11,2025-02-11 07:56:43.506,0.0964756114643599,0.013990850016525906,0.05699999999999994
2278,3B00484043,6-2025-02-11,2025-02-11 08:11:47.508,0.0941812955044005,-0.0005085633355372473,0.03100000000000014
2279,3B004C0894,7-2025-02-11,2025-02-11 08:11:58.507,0.1067658805452534,0.013254866708323003,0.04400000000000004
2280,3B00484043,8-2025-02-11,2025-02-11 08:12:41.506,0.0909301797060959,0.012096556154754518,0.05000000000000071
2281,3B004C0894,9-2025-02-11,2025-02-11 08:13:28.504,0.0911264070705276,0.013249657739904852,0.053999999999999826
2282,3B00484043,10-2025-02-11,2025-02-11 08:14:07.506,0.0918896609015742,0.005263853570555827,0.04600000000000004
2283,3B004C0894,11-2025-02-11,2025-02-11 08:14:15.504,0.1067658805452534,0.010781048382120491,0.04700000000000015
2284,3B00484043,15-2025-02-11,2025-02-11 08:23:16.496,0.091616957734608,0.004532874759605996,0.06099999999999994
2285,3B00192E1E,16-2025-02-11,2025-02-11 08:23:35.495,0.1005858192823128,0.01229287825311332,0.050000000000000044
2286,3B004CDB63,17-2025-02-11,2025-02-11 08:31:52.493,0.1012702462445025,0.0093856718335677,0.04699999999999993
2287,3B004CDB63,20-2025-02-11,2025-02-11 08:40:03.490,0.091525485229146,0.011822304593510675,0.049000000000000155
2288,3B004CDB63,21-2025-02-11,2025-02-11 08:42:54.490,0.090705587924809,0.012300718923377555,0.04700000000000004
2289,0700ED9568,22-2025-02-11,2025-02-11 08:46:11.491,0.1557668900228975,0.02288600548134155,0.05199999999999999
2290,3B004CDB63,24-2025-02-11,2025-02-11 08:51:12.490,0.1012702462445025,0.010656304554149943,0.04199999999999998
2291,3B004C0894,25-2025-02-11,2025-02-11 08:52:37.489,0.1067658805452534,0.012553073350459139,0.05300000000000016
2292,3B00484043,27-2025-02-11,2025-02-11 08:56:08.489,0.0941812955044005,-0.0007758286556706813,0.04299999999999998
2293,01103FD532,30-2025-02-11,2025-02-11 09:11:15.492,0.1654789914992586,0.027352752588540363,0.053999999999999826
2294,3B00192E1E,31-2025-02-11,2025-02-11 09:11:38.491,0.1005858192823128,0.004892600211248716,0.041999999999999926
2295,3B004CDB63,32-2025-02-11,2025-02-11 09:12:08.492,0.0926729580916357,0.011776947505386283,0.05600000000000005
2296,3B00192E1E,34-2025-02-11,2025-02-11 09:13:55.491,0.1005858192823128,0.013011340683231315,0.05399999999999994
2297,01103FD532,35-2025-02-11,2025-02-11 09:14:41.489,0.167616616307203,0.027949054194462686,0.052000000000000046
2298,3B00192E1E,36-2025-02-11,2025-02-11 09:14:45.490,0.1005858192823128,0.002212825363564365,0.05099999999999999
2299,3B004CDB63,37-2025-02-11,2025-02-11 09:23:12.483,0.1012702462445025,0.012071833398470233,0.04600000000000004
2300,3B004CDB63,38-2025-02-11,2025-02-11 09:25:17.481,0.1012702462445025,0.01188408116389652,0.052000000000000046
2301,3B0018A99B,40-2025-02-11,2025-02-11 09:26:07.481,0.0903979561297386,0.011205112762931752,0.04800000000000004
2302,3B004CDB63,41-2025-02-11,2025-02-11 09:26:37.482,0.1012702462445025,0.010917425055631735,0.04899999999999999
2303,3B00192E1E,42-2025-02-11,2025-02-11 09:27:24.481,0.0957752017579086,0.013233449446213623,0.04799999999999993
2304,3B00484043,43-2025-02-11,2025-02-11 09:30:17.478,0.092696597917849,0.002915126773911011,0.07
2305,3B00186448,45-2025-02-11,2025-02-11 09:37:26.477,0.158606301917711,0.024870685503218522,0.07199999999999984
2306,3B00182DFC,46-2025-02-11,2025-02-11 09:37:30.477,0.1144449634497805,0.012163020332875333,0.04700000000000015
2307,3B00182A81,50-2025-02-11,2025-02-11 09:39:56.476,0.0991547467342568,0.004142576600362037,0.04999999999999999
2308,3B00182A81,51-2025-02-11,2025-02-11 09:41:12.476,0.0991547467342568,0.0028890565118115446,0.066
2309,3B004CA42C,52-2025-02-11,2025-02-11 09:44:50.475,0.1004282908627936,0.014008250462734418,0.052999999999999936
2310,3B00186448,54-2025-02-11,2025-02-11 09:45:35.476,0.1332245304449698,0.02910769681840247,0.05600000000000005
2311,3B00186448,55-2025-02-11,2025-02-11 09:46:32.476,0.1610299355494885,0.02629470374705584,0.06600000000000028
2312,3B004CDB63,56-2025-02-11,2025-02-11 09:47:07.476,0.1012702462445025,0.011607490390579008,0.04500000000000015
2313,3B004CA42C,57-2025-02-11,2025-02-11 09:47:31.475,0.1048851228157439,-0.0007518105522646092,0.05800000000000005
2314,3B00186448,58-2025-02-11,2025-02-11 09:47:49.476,0.1602802902848028,0.026804717206985393,0.056999999999999496
2315,3B004CDB63,60-2025-02-11,2025-02-11 09:49:02.476,0.1012702462445025,0.011794140980331358,0.052000000000000046
2316,3B00186448,61-2025-02-11,2025-02-11 09:49:43.474,0.1640699610188496,0.027993744302829762,0.05500000000000016
2317,3B00186448,62-2025-02-11,2025-02-11 09:52:28.474,0.1636258061841055,0.02713173104114218,0.054999999999999716
2318,3B00186448,64-2025-02-11,2025-02-11 09:55:31.475,0.1608728275777056,0.027160720781680765,0.05300000000000038
2319,3B0018A99B,65-2025-02-11,2025-02-11 09:59:05.474,0.0951097925836406,0.002592695662505644,0.039000000000000035
2320,3B004ACEEA,66-2025-02-11,2025-02-11 10:01:25.474,0.0930878322369969,0.01456512547949031,0.04700000000000015
2321,3B00484043,67-2025-02-11,2025-02-11 10:02:54.475,0.0941812955044005,0.004855368082290431,0.05699999999999994
2322,3B00192E1E,68-2025-02-11,2025-02-11 10:03:01.476,0.1086223048110751,0.0004147627707925153,0.01200000000000001
2323,3B00186448,70-2025-02-11,2025-02-11 10:04:19.475,0.1720324744783095,0.025837497838646153,0.05499999999999994
2324,3B00484043,71-2025-02-11,2025-02-11 10:04:34.476,0.0941812955044005,-0.0005054580759239814,0.03200000000000003
2325,3B00484043,73-2025-02-11,2025-02-11 10:05:18.476,0.0962926344478096,0.010840263845519805,0.052999999999999936
2326,3B004ACEEA,75-2025-02-11,2025-02-11 10:05:35.476,0.0922332468555172,0.012214504905921532,0.049000000000000155
2327,011016B2E1,84-2025-02-11,2025-02-11 10:08:05.475,0.0927120292063771,0.01517916499539551,0.04600000000000004
2328,3B00185CB8,88-2025-02-11,2025-02-11 10:10:24.476,0.0953970648449805,0.0034321570748585533,0.03500000000000003
2329,01103F88A1,89-2025-02-11,2025-02-11 10:10:45.476,0.0994463706738426,0.011549146489107409,0.049000000000000155
2330,011016B2E1,90-2025-02-11,2025-02-11 10:11:02.475,0.0949083412810809,0.001445162628024049,0.03299999999999992
2331,011016B2E1,91-2025-02-11,2025-02-11 10:11:08.477,0.0956063950704356,0.005246271746546512,0.0690000000000004
2332,3B004CDB63,95-2025-02-11,2025-02-11 10:14:31.474,0.1012702462445025,0.0114416254865005,0.04899999999999999
2333,3B00186448,96-2025-02-11,2025-02-11 10:14:41.474,0.1720324744783095,0.023221334630588727,0.07000000000000006
2334,0700ED9568,97-2025-02-11,2025-02-11 10:16:03.472,0.153157673517962,0.02158083554567811,0.07299999999999995
2335,3B00191394,98-2025-02-11,2025-02-11 10:16:16.472,0.0955494162184201,0.01085286148653146,0.04899999999999999
2336,3B00186448,99-2025-02-11,2025-02-11 10:16:25.472,0.1720324744783095,0.016991862291573494,0.09299999999999997
2337,3B004CDB63,102-2025-02-11,2025-02-11 10:17:11.471,0.1012702462445025,0.010732902820469266,0.05199999999999999
2338,0700ED9568,103-2025-02-11,2025-02-11 10:17:23.471,0.154120661262357,0.021528635139398393,0.06199999999999983
2339,3B00484043,105-2025-02-11,2025-02-11 10:22:38.467,0.0941812955044005,-0.000668936308112619,0.03200000000000003
2340,3B00484043,107-2025-02-11,2025-02-11 10:23:09.467,0.0943435213271142,0.004238181669791178,0.08599999999999985
2341,3B00182A81,108-2025-02-11,2025-02-11 10:23:18.466,0.0991547467342567,0.00466580985331829,0.067
2342,3B001870F2,109-2025-02-11,2025-02-11 10:25:48.467,0.0937163855659743,0.0045710858767531795,0.028999999999999915
2343,3B004ACEEA,110-2025-02-11,2025-02-11 10:29:08.466,0.0977517369156262,0.01426056487001479,0.04799999999999993
2344,3B004CDB63,112-2025-02-11,2025-02-11 10:31:24.465,0.1012702462445025,0.011733146736290816,0.04699999999999993
2345,3B00484043,113-2025-02-11,2025-02-11 10:31:42.463,0.0955875558335725,0.003942542705083043,0.05299999999999999
2346,3B0019B8CC,115-2025-02-11,2025-02-11 10:31:59.462,0.1538416953491122,0.025679946240888634,0.04800000000000004
2347,3B0018A99B,117-2025-02-11,2025-02-11 10:33:00.463,0.0924900298942661,0.004906050680838485,0.040000000000000036
2348,3B0019B8CC,118-2025-02-11,2025-02-11 10:33:16.463,0.1509131933851243,0.023518579352996102,0.05600000000000005
2349,3B0019B8CC,119-2025-02-11,2025-02-11 10:35:57.462,0.1531993234443132,0.023844371466475892,0.050000000000000044
2350,3B004CA42C,124-2025-02-11,2025-02-11 10:39:15.460,0.1004524936996119,0.01386250614913571,0.05499999999999994
2351,3B00192E1E,125-2025-02-11,2025-02-11 10:39:18.461,0.1005858192823128,0.003938465618580725,0.03500000000000003
2352,3B004ACEEA,126-2025-02-11,2025-02-11 10:39:24.462,0.0934130269255086,0.011370171759805967,0.04799999999999993
2353,3B00484043,127-2025-02-11,2025-02-11 10:39:45.462,0.095523781880893,0.0032286152151945937,0.0730000000000004
2354,3B004C4B80,131-2025-02-11,2025-02-11 10:51:17.461,0.0979805643888555,0.007332590907426496,0.06000000000000005
2355,3B0019B8CC,132-2025-02-11,2025-02-11 10:51:38.461,0.155932638058171,0.02572627792268056,0.05500000000000016
2356,3B004CDB63,133-2025-02-11,2025-02-11 10:51:47.461,0.1012702462445025,0.01195591760036169,0.050999999999999934
2357,3B0019B8CC,137-2025-02-11,2025-02-11 10:52:53.460,0.1554402374471896,0.02693733235081475,0.052000000000000046
2358,3B00191394,138-2025-02-11,2025-02-11 10:53:03.462,0.0955494162184201,0.01164943448012864,0.04700000000000004
2359,3B001870F2,139-2025-02-11,2025-02-11 10:53:15.463,0.1033449037589002,0.004337325420178161,0.03600000000000003
2360,3B00191394,141-2025-02-11,2025-02-11 10:54:37.462,0.0955494162184201,0.002821105164511276,0.07599999999999996
2361,0700ED9568,142-2025-02-11,2025-02-11 10:55:09.461,0.1546346944838091,0.026502791218203658,0.05499999999999994
2362,3B00182DFC,143-2025-02-11,2025-02-11 10:57:09.461,0.1144449634497805,0.013803138510681155,0.049000000000000155
2363,3B00484043,144-2025-02-11,2025-02-11 11:05:56.461,0.0941812955044005,-0.000397298125663977,0.04300000000000015
2364,3B00182DFC,147-2025-02-11,2025-02-11 11:08:27.463,0.1168913813797432,0.011423961120498573,0.07299999999999995
2365,3B00484043,149-2025-02-11,2025-02-11 11:09:04.462,0.0941812955044005,8.980612381182849e-05,0.014000000000000234
2366,3B004CD4DE,152-2025-02-11,2025-02-11 11:09:37.463,0.0939231295662485,0.015139456110878628,0.04800000000000004
2367,3B004CD4DE,155-2025-02-11,2025-02-11 11:10:03.461,0.0940124532697265,0.014227600534358453,0.050000000000000266
2368,3B001857EE,156-2025-02-11,2025-02-11 11:10:09.462,0.0977687392677557,0.00602249680611059,0.04299999999999993
2369,3B001857EE,158-2025-02-11,2025-02-11 11:14:44.460,0.0977687392677557,0.005231186718131315,0.03999999999999998
2370,01103FD532,163-2025-02-11,2025-02-11 11:19:12.458,0.167616616307203,0.026598829706291457,0.05499999999999994
2371,3B004AB6A7,164-2025-02-11,2025-02-11 11:19:41.457,0.1003335166489211,0.01275868140779122,0.06000000000000005
2372,3B004C4B80,165-2025-02-11,2025-02-11 11:19:44.457,0.104786072703446,0.009753220841492634,0.07800000000000007
2373,3B004CD4DE,166-2025-02-11,2025-02-11 11:19:59.457,0.0994476367912997,0.014808832267492598,0.051000000000000156
2374,01103FD532,167-2025-02-11,2025-02-11 11:20:05.457,0.167616616307203,0.025662079589501775,0.06400000000000006
2375,3B004CEFFE,168-2025-02-11,2025-02-11 11:20:24.459,0.1069954981198278,0.011460492006845156,0.051999999999999935
2376,3B0049A710,169-2025-02-11,2025-02-11 11:20:46.457,0.096014331399359,0.0034955684528102087,0.07899999999999974
2377,3B00484043,170-2025-02-11,2025-02-11 11:21:00.458,0.0941812955044005,8.843713586358673e-06,0.0040000000000000036
2378,3B004CDB63,171-2025-02-11,2025-02-11 11:21:09.458,0.1012702462445025,0.011815962817115644,0.04599999999999993
2379,01103FD532,172-2025-02-11,2025-02-11 11:21:13.457,0.1426206052146434,0.008451609707223261,0.04400000000000004
2380,011016B2E1,173-2025-02-11,2025-02-11 11:21:40.459,0.0937063469279575,0.015046437554861868,0.050999999999999934
2381,3B004C4B80,174-2025-02-11,2025-02-11 11:21:49.458,0.104786072703446,0.005757536567161935,0.05700000000000016
2382,0700ED9568,179-2025-02-11,2025-02-11 11:23:13.457,0.1535340598180722,0.022570634874910286,0.07399999999999984
2383,3B004CDB63,181-2025-02-11,2025-02-11 11:23:57.458,0.0961401079992465,0.0130575915450373,0.04700000000000015
2384,3B004CD4DE,182-2025-02-11,2025-02-11 11:24:06.458,0.0994476367912997,0.00450329454593359,0.03200000000000003
2385,3B004C4B80,187-2025-02-11,2025-02-11 11:25:13.457,0.083379161657623,0.007957855090202163,0.06600000000000006
2386,01103FD532,191-2025-02-11,2025-02-11 11:27:06.456,0.1672320439750963,0.008632973995858759,0.04599999999999982
2387,3B004CDB63,196-2025-02-11,2025-02-11 11:30:29.456,0.1012702462445025,0.012949011030786462,0.049000000000000044
2388,3B0019248A,197-2025-02-11,2025-02-11 11:30:35.456,0.1169316465096806,0.007088488168860098,0.041999999999999815
2389,3B001877B5,201-2025-02-11,2025-02-11 11:31:24.456,0.1782068500941566,0.023901496726543424,0.06199999999999983
2390,3B00192E1E,203-2025-02-11,2025-02-11 11:31:46.455,0.1005858192823128,0.004730640816035393,0.039000000000000035
2391,3B004CDB63,204-2025-02-11,2025-02-11 11:31:58.456,0.0998658465728526,0.0056698252696356375,0.040999999999999925
2392,01103F97C4,205-2025-02-11,2025-02-11 11:32:06.455,0.1618435114270358,0.0240158810572286,0.06099999999999994
2393,3B0018C2F6,207-2025-02-11,2025-02-11 11:32:55.456,0.1533628193086654,0.029080140521270094,0.04999999999999982
2394,3B001857EE,211-2025-02-11,2025-02-11 11:33:44.455,0.0977687392677557,0.013533734057528094,0.07500000000000001
2395,3B004CA42C,214-2025-02-11,2025-02-11 11:35:23.455,0.1048851228157439,0.0024810515100889452,0.063
2396,3B00182A81,223-2025-02-11,2025-02-11 11:38:35.454,0.0991547467342568,0.004093327802688799,0.07100000000000006
2397,3B00191394,224-2025-02-11,2025-02-11 11:38:45.454,0.0920424305072888,0.011592712444716729,0.052000000000000046
2398,3B0019B8CC,227-2025-02-11,2025-02-11 11:39:56.454,0.0811443650394535,0.013066470153986078,0.10000000000000009
2399,3B0018A99B,230-2025-02-11,2025-02-11 11:49:57.456,0.0786454013667889,0.0058291700171470475,0.04599999999999982
2400,3B004CD4DE,232-2025-02-11,2025-02-11 11:50:38.456,0.0950333892642226,0.015259469065331724,0.07299999999999995
2401,3B004B0F76,234-2025-02-11,2025-02-11 11:52:25.455,0.1514425501738351,0.021722417943610548,0.06600000000000028
2402,3B004ACEEA,235-2025-02-11,2025-02-11 11:52:43.455,0.0977517369156262,0.012320221185488013,0.04299999999999998
2403,3B00192E1E,236-2025-02-11,2025-02-11 11:53:02.455,0.0991138074709622,0.002192523116492728,0.06999999999999995
2404,3B00182A81,237-2025-02-11,2025-02-11 11:53:40.455,0.0991547467342567,0.004221916114983205,0.040000000000000036
2405,3B004CD4DE,238-2025-02-11,2025-02-11 11:53:59.456,0.1012753963744162,0.012744250765289818,0.042999999999999705
2406,01103FD532,239-2025-02-11,2025-02-11 11:54:35.456,0.1719147837154982,0.027391662232879317,0.050999999999999934
2407,3B00484043,240-2025-02-11,2025-02-11 11:54:42.457,0.0958423357681073,0.004691240202859122,0.06500000000000017
2408,01103FA4B2,242-2025-02-11,2025-02-11 11:55:37.455,0.1070560818927257,0.013138394804475382,0.04999999999999993
2409,01103F97C4,243-2025-02-11,2025-02-11 11:56:11.456,0.1618435114270357,0.027873091288025776,0.052999999999999936
2410,3B00192E1E,244-2025-02-11,2025-02-11 11:56:18.456,0.0968462281385537,0.004669129095637102,0.040000000000000036
2411,3B00191394,249-2025-02-11,2025-02-11 11:59:34.457,0.093557924195779,0.011541584633188485,0.050000000000000044
2412,3B0018A99B,250-2025-02-11,2025-02-11 11:59:43.456,0.0951097925836406,0.0045900191093165505,0.03700000000000003
2413,3B001857EE,252-2025-02-11,2025-02-11 12:00:01.456,0.0977687392677557,0.013146089149165239,0.07000000000000006
2414,01101763D0,253-2025-02-11,2025-02-11 12:00:05.457,0.1590250730066665,0.02500491382691967,0.058000000000000274
2415,3B004C4B80,254-2025-02-11,2025-02-11 12:00:31.455,0.1027118844940598,0.010753008755490526,0.07199999999999984
2416,3B001870F2,255-2025-02-11,2025-02-11 12:00:44.456,0.1033449037589002,0.011534932662076213,0.05599999999999994
2417,3B004C4B80,257-2025-02-11,2025-02-11 12:02:01.455,0.1042506796801448,0.006231596246199421,0.052000000000000046
2418,01103FD532,259-2025-02-11,2025-02-11 12:02:36.458,0.167616616307203,0.02858700275407591,0.07300000000000006
2419,3B00191394,260-2025-02-11,2025-02-11 12:02:40.455,0.0955494162184201,0.004515059020866999,0.03600000000000003
2420,3B00484043,261-2025-02-11,2025-02-11 12:02:56.455,0.0961111720458468,0.003727911107802706,0.08799999999999986
2421,3B00191394,262-2025-02-11,2025-02-11 12:03:32.456,0.0943942409695602,0.011847323959646341,0.050000000000000044
2422,3B001877B5,263-2025-02-11,2025-02-11 12:04:31.455,0.1659572452507337,0.026978678629892634,0.06299999999999972
2423,3B001877B5,265-2025-02-11,2025-02-11 12:05:23.455,0.1602352096916216,0.025465434402544833,0.06300000000000006
2424,3B001877B5,267-2025-02-11,2025-02-11 12:06:28.457,0.184575677669265,0.023029801118572384,0.07100000000000017
2425,3B0018C2F6,269-2025-02-11,2025-02-11 12:06:56.457,0.1576520521087552,0.00017005287477797065,0.008000000000000007
2426,3B001877B5,270-2025-02-11,2025-02-11 12:07:35.456,0.1782068500941566,0.021514764749465228,0.06800000000000006
2427,3B0018C2F6,271-2025-02-11,2025-02-11 12:07:46.456,0.1585542400593537,0.028441614753509877,0.050000000000000044
2428,3B004CA42C,272-2025-02-11,2025-02-11 12:08:04.456,0.1048227682314749,0.013775304003134273,0.05699999999999994
2429,3B001857EE,273-2025-02-11,2025-02-11 12:08:25.456,0.0977687392677557,0.013227132572452055,0.052000000000000046
2430,3B00182A81,275-2025-02-11,2025-02-11 12:09:25.458,0.096818645294865,0.010778606200746619,0.051000000000000156
2431,3B0018F763,276-2025-02-11,2025-02-11 12:09:30.455,0.1032428703261533,0.005874669498929117,0.07299999999999995
2432,3B0018F763,279-2025-02-11,2025-02-11 12:10:27.457,0.0766693285428336,0.008622626917852472,0.046999999999999986
2433,011016B2E1,280-2025-02-11,2025-02-11 12:10:34.456,0.1034056593821557,0.000977399823600202,0.03699999999999998
2434,3B004CD4DE,288-2025-02-11,2025-02-11 12:12:37.457,0.0994476367912997,0.011688133363162823,0.04100000000000015
2435,01103F97C4,289-2025-02-11,2025-02-11 12:12:51.455,0.1668118382445718,0.012076975864973985,0.04599999999999982
2436,3B0019248A,294-2025-02-11,2025-02-11 12:16:56.455,0.1169316465096806,0.006350386783425871,0.04300000000000015
2437,3B00192E1E,297-2025-02-11,2025-02-11 12:18:29.455,0.1005858192823128,0.00410625460213387,0.03600000000000003
2438,01103FD532,299-2025-02-11,2025-02-11 12:20:24.456,0.1726728019969935,0.025291028811108427,0.07900000000000018
2439,3B004C4B80,301-2025-02-11,2025-02-11 12:21:01.454,0.1058864571207989,0.006184654404608543,0.051999999999999824
2440,011016B2E1,305-2025-02-11,2025-02-11 12:22:43.453,0.1034056593821557,-0.0003598042893358627,0.04699999999999993
2441,3B0018C2F6,306-2025-02-11,2025-02-11 12:23:26.453,0.1574153037560051,0.028539682716968023,0.051000000000000156
2442,011016B2E1,307-2025-02-11,2025-02-11 12:24:29.452,0.1000651285441095,0.0025006018474577757,0.07799999999999985
2443,3B00191394,308-2025-02-11,2025-02-11 12:24:36.452,0.0944322208824541,0.010672382050641787,0.04400000000000004
2444,3B004C4B80,310-2025-02-11,2025-02-11 12:25:14.452,0.104786072703446,0.010662548023502558,0.07000000000000006
2445,01103FA4B2,312-2025-02-11,2025-02-11 12:26:02.454,0.1070560818927257,0.010850644010285933,0.064
2446,3B00484043,314-2025-02-11,2025-02-11 12:26:39.452,0.0983658342495217,0.004508911484942826,0.07399999999999984
2447,3B001857EE,317-2025-02-11,2025-02-11 12:27:28.452,0.1059478250481687,0.012539107565858314,0.049000000000000155
2448,3B004B0F76,319-2025-02-11,2025-02-11 12:28:32.453,0.1534846461268717,0.009253954359405637,0.06300000000000017
2449,0700ED9568,320-2025-02-11,2025-02-11 12:28:53.452,0.1568052713136062,0.024311322164262236,0.07099999999999973
2450,3B001877B5,321-2025-02-11,2025-02-11 12:29:02.452,0.1782068500941566,0.02025198201329159,0.06799999999999995
2451,01103F97C4,323-2025-02-11,2025-02-11 12:29:14.452,0.1618435114270358,0.011715562293506359,0.04599999999999982
2452,3B0018F763,324-2025-02-11,2025-02-11 12:29:33.453,0.1023160530939051,0.012346090572834839,0.04699999999999993
2453,3B00191394,326-2025-02-11,2025-02-11 12:37:03.451,0.0955494162184201,0.009406475429330038,0.07200000000000006
2454,3B00484043,329-2025-02-11,2025-02-11 12:37:52.452,0.0941812955044005,0.006335380732794702,0.06300000000000017
2455,3B00191394,330-2025-02-11,2025-02-11 12:38:39.452,0.0955494162184201,0.00388802864306264,0.040000000000000036
2456,3B0019B8CC,333-2025-02-11,2025-02-11 12:40:26.452,0.1538416953491122,0.026817995378916097,0.05400000000000005
2457,3B004ACEEA,334-2025-02-11,2025-02-11 12:40:54.450,0.0977517369156262,9.098460061916668e-06,0.004999999999999893
2458,3B0018A99B,336-2025-02-11,2025-02-11 12:41:15.451,0.0951097925836406,0.004924437029731246,0.038000000000000034
2459,3B0018F763,338-2025-02-11,2025-02-11 12:41:54.450,0.1023160530939051,0.006075491122336641,0.03999999999999998
2460,3B00192E1E,339-2025-02-11,2025-02-11 12:42:30.451,0.1005858192823128,0.004360461976815614,0.04799999999999999
2461,011016B2E1,350-2025-02-11,2025-02-11 12:45:09.450,0.097622697824945,0.014292530503642738,0.052999999999999936
2462,01103F97C4,352-2025-02-11,2025-02-11 12:45:30.451,0.1618435114270358,0.026979345425715395,0.07500000000000018
2463,3B0018C2F6,353-2025-02-11,2025-02-11 12:45:50.450,0.1576520521087552,0.027722941106643386,0.07600000000000007
2464,3B001870F2,358-2025-02-11,2025-02-11 12:46:45.451,0.1033449037589002,0.004019777034691422,0.039999999999999925
2465,3B0018C2F6,360-2025-02-11,2025-02-11 12:47:42.451,0.1600850404634607,0.028754785517216414,0.07900000000000018
2466,3B00484043,363-2025-02-11,2025-02-11 12:48:17.451,0.0941812955044005,0.0036526562855043873,0.07600000000000001
2467,0700ED9568,364-2025-02-11,2025-02-11 12:48:29.451,0.1557668900228975,0.024529421000937218,0.06599999999999995
2468,3B00484043,365-2025-02-11,2025-02-11 12:49:07.449,0.0971816027314199,0.004566305916776382,0.06899999999999995
2469,3B00191394,367-2025-02-11,2025-02-11 12:49:38.451,0.0955494162184201,0.011523204693088148,0.05199999999999999
2470,0700ED9568,368-2025-02-11,2025-02-11 12:49:56.449,0.1598910701496883,0.02069860027687437,0.06400000000000006
2471,011016B2E1,369-2025-02-11,2025-02-11 12:50:03.450,0.1034056593821557,-1.69308772960138e-05,0.030999999999999694
2472,3B004CDB63,373-2025-02-11,2025-02-11 12:54:06.449,0.1012702462445025,0.013000663783921956,0.05400000000000005
2473,011016B2E1,374-2025-02-11,2025-02-11 12:54:26.450,0.1010970528897498,0.015255884767194146,0.04899999999999993
2474,3B00186448,375-2025-02-11,2025-02-11 12:54:40.449,0.1707405312214129,0.006775216096882408,0.06300000000000061
2475,3B001857EE,377-2025-02-11,2025-02-11 12:55:29.450,0.0977687392677557,0.005801427460134544,0.04800000000000004
2476,3B00186448,378-2025-02-11,2025-02-11 12:55:33.449,0.1697569640862065,0.008147002695271943,0.05600000000000005
2477,3B0018A99B,379-2025-02-11,2025-02-11 12:55:48.450,0.0785784922556033,0.005934171065358333,0.041999999999999815
2478,3B004C4B80,382-2025-02-11,2025-02-11 12:56:40.449,0.104786072703446,0.01618669834033979,0.04799999999999993
2479,3B00186448,389-2025-02-11,2025-02-11 12:58:21.449,0.1720324744783095,0.026061453020671928,0.05400000000000005
2480,3B00484043,390-2025-02-11,2025-02-11 12:58:43.451,0.0967181535692228,0.003973121694243013,0.07499999999999996
2481,3B004CD4DE,392-2025-02-11,2025-02-11 12:59:18.449,0.0994476367912997,0.004818712890531508,0.03400000000000003
2482,3B00186448,393-2025-02-11,2025-02-11 12:59:31.450,0.1703743881687936,0.029477590007875473,0.05699999999999994
2483,011016B2E1,394-2025-02-11,2025-02-11 12:59:38.450,0.1000352528975516,0.014805327130842325,0.04600000000000026
2484,3B00186448,399-2025-02-11,2025-02-11 13:01:11.450,0.1691964446967839,0.019532370801195673,0.06899999999999995
2485,01103F9A64,403-2025-02-11,2025-02-11 13:02:40.450,0.17343810965076,0.026565631426380253,0.062000000000000055
2486,3B001877B5,404-2025-02-11,2025-02-11 13:02:54.450,0.1782068500941566,0.0209279941866533,0.06700000000000017
2487,01103F97C4,406-2025-02-11,2025-02-11 13:03:13.449,0.1704170472198048,0.0256545596678585,0.07800000000000029
2488,01103F9A64,407-2025-02-11,2025-02-11 13:03:45.449,0.17343810965076,0.02339948527763924,0.06999999999999984
2489,3B001857EE,408-2025-02-11,2025-02-11 13:03:49.449,0.0977687392677557,0.00537587102343415,0.04400000000000004
2490,3B001877B5,410-2025-02-11,2025-02-11 13:04:07.448,0.1754208748627391,0.021080244967793416,0.06899999999999995
2491,01103F9A64,415-2025-02-11,2025-02-11 13:05:08.450,0.17343810965076,0.025324123317933718,0.05500000000000016
2492,3B001877B5,416-2025-02-11,2025-02-11 13:05:18.449,0.1717966127604066,0.029729100334406695,0.055999999999999606
2493,3B0018F763,418-2025-02-11,2025-02-11 13:05:59.449,0.102316053093905,0.014103386557953769,0.05399999999999999
2494,3B001857EE,419-2025-02-11,2025-02-11 13:06:07.449,0.0977687392677557,0.013633714841311753,0.07
2495,3B001877B5,421-2025-02-11,2025-02-11 13:06:41.449,0.1743119424575044,0.02858939695699813,0.06400000000000006
2496,0700ED9568,422-2025-02-11,2025-02-11 13:08:14.450,0.1557668900228975,0.023295458752629207,0.07000000000000006
2497,3B00191394,429-2025-02-11,2025-02-11 13:09:52.448,0.0955494162184201,0.011236283220857221,0.050999999999999934
2498,01103F9A64,430-2025-02-11,2025-02-11 13:10:08.450,0.17343810965076,0.024807445486903945,0.06099999999999994
2499,3B00484043,431-2025-02-11,2025-02-11 13:10:15.451,0.0986991081934143,0.0020733546361777436,0.068
2500,3B004CA42C,433-2025-02-11,2025-02-11 13:11:05.450,0.1058690120595986,0.0013291267004445293,0.08499999999999996
2501,3B004C4B80,435-2025-02-11,2025-02-11 13:17:34.447,0.104786072703446,0.007189570917210134,0.05600000000000005
2502,3B0018C2F6,437-2025-02-11,2025-02-11 13:19:23.447,0.1588170532992759,0.023686790771402177,0.06500000000000017
2503,3B00186448,441-2025-02-11,2025-02-11 13:20:32.448,0.1720324744783095,0.02673561072403428,0.05300000000000005
2504,3B00484043,443-2025-02-11,2025-02-11 13:20:55.446,0.0941812955044005,0.00014433252626079517,0.05400000000000027
2505,3B0018F763,445-2025-02-11,2025-02-11 13:21:31.447,0.1023160530939051,0.016192411741933675,0.05900000000000005
2506,3B00186448,446-2025-02-11,2025-02-11 13:21:39.447,0.168506460786792,0.024482812705592712,0.07100000000000017
2507,3B00191394,447-2025-02-11,2025-02-11 13:22:07.447,0.0955494162184201,0.003615387374358794,0.06300000000000006
2508,3B0019248A,448-2025-02-11,2025-02-11 13:22:40.446,0.1169316465096806,0.006311794530918964,0.04299999999999993
2509,3B001870F2,450-2025-02-11,2025-02-11 13:23:18.446,0.1033449037589002,0.004958334232857465,0.04400000000000004
2510,011016B2E1,453-2025-02-11,2025-02-11 13:25:35.446,0.0998688575221227,0.0025385886247357597,0.09499999999999997
2511,3B001857EE,456-2025-02-11,2025-02-11 13:26:50.445,0.0977687392677557,0.006195356064452256,0.04600000000000004
2512,3B00186448,458-2025-02-11,2025-02-11 13:27:22.446,0.1773003292202828,0.023746487592132163,0.05600000000000005
2513,011016B2E1,459-2025-02-11,2025-02-11 13:27:33.445,0.0978727910876259,0.016298985254748925,0.04899999999999993
2514,3B0018C2F6,461-2025-02-11,2025-02-11 13:28:11.445,0.1576520521087552,0.023849979313600687,0.05600000000000005
2515,3B00191394,465-2025-02-11,2025-02-11 13:29:10.445,0.0955494162184201,0.0035207100243497967,0.06400000000000006
2516,011016B2E1,466-2025-02-11,2025-02-11 13:29:19.446,0.1034056593821557,0.0050962893788094,0.05999999999999983
2517,3B0018C2F6,467-2025-02-11,2025-02-11 13:29:35.444,0.1576520521087552,0.02958327166892341,0.04899999999999993
2518,3B004CDB63,476-2025-02-11,2025-02-11 13:33:30.445,0.1012702462445025,0.011291891765373369,0.043999999999999984
2519,3B0018F763,479-2025-02-11,2025-02-11 13:36:36.443,0.1023160530939051,0.006149648349614076,0.040000000000000036
2520,3B001857EE,480-2025-02-11,2025-02-11 13:36:40.443,0.0977687392677557,0.006149591559313929,0.050999999999999934
2521,3B0018F763,481-2025-02-11,2025-02-11 13:37:48.443,0.1065521526884628,0.006005435634290337,0.03799999999999981
2522,3B004C4B80,482-2025-02-11,2025-02-11 13:37:58.443,0.1001661918964642,0.011262972839439372,0.06300000000000017
2523,011016B2E1,484-2025-02-11,2025-02-11 13:38:30.443,0.097572456405685,0.011549304405480625,0.07999999999999985
2524,3B00192E1E,485-2025-02-11,2025-02-11 13:38:45.442,0.0991449814148585,0.015804664948647643,0.049000000000000044
2525,011016B2E1,486-2025-02-11,2025-02-11 13:38:52.443,0.1034056593821557,0.0010494491794043937,0.029000000000000026
2526,3B004C4B80,487-2025-02-11,2025-02-11 13:39:13.445,0.0891651998478511,0.0025601246998663532,0.04499999999999993
2527,3B001857EE,488-2025-02-11,2025-02-11 13:39:37.443,0.0977687392677557,0.005898135665493473,0.05199999999999999
2528,3B004B0F76,489-2025-02-11,2025-02-11 13:39:49.443,0.1774240499055155,0.02085219149356556,0.05900000000000016
2529,3B0018D520,490-2025-02-11,2025-02-11 13:39:53.443,0.1013230068350355,0.002879270864030434,0.07
2530,3B004CDB63,491-2025-02-11,2025-02-11 13:39:58.443,0.1012702462445025,0.011210827410934167,0.06400000000000006
2531,3B0018F763,493-2025-02-11,2025-02-11 13:40:46.443,0.1023160530939051,0.006260789700470328,0.041999999999999926
2532,3B001877B5,498-2025-02-11,2025-02-11 13:42:46.443,0.1748564458348508,0.02547503239474905,0.07099999999999995
2533,01103F97C4,500-2025-02-11,2025-02-11 13:43:14.442,0.1618435114270358,0.010765623718750504,0.04100000000000015
2534,3B004CA42C,501-2025-02-11,2025-02-11 13:43:25.443,0.104885122815744,0.0037127657787987766,0.10000000000000003
2535,3B001870F2,503-2025-02-11,2025-02-11 13:44:04.442,0.0969353579843316,0.005380508137938335,0.04300000000000015
2536,01103F97C4,504-2025-02-11,2025-02-11 13:44:30.443,0.1618435114270358,0.012700268361906375,0.04299999999999993
2537,3B0018C2F6,506-2025-02-11,2025-02-11 13:47:07.443,0.1598774189778447,0.02166088431411439,0.06600000000000006
2538,3B0018C2F6,511-2025-02-11,2025-02-11 13:48:47.442,0.1623312391687969,0.028200849707365517,0.054999999999999716
2539,3B0019B8CC,515-2025-02-11,2025-02-11 13:49:29.442,0.0974889775959634,0.014087626624713663,0.07200000000000006
2540,3B0018A99B,516-2025-02-11,2025-02-11 13:49:58.441,0.0978367737030918,0.002954655517320917,0.07300000000000006
2541,3B00192E1E,518-2025-02-11,2025-02-11 13:50:24.444,0.100599018454701,0.003999764783544222,0.05800000000000005
2542,3B004ACEEA,520-2025-02-11,2025-02-11 13:51:10.442,0.0980064050062425,0.003823579163669456,0.05599999999999983
2543,3B00186448,522-2025-02-11,2025-02-11 13:52:29.442,0.170212787135742,0.007600326475141392,0.063
2544,0700ED9568,523-2025-02-11,2025-02-11 13:52:44.441,0.1557668900228975,0.02761997132249803,0.05400000000000005
2545,3B004CDB63,525-2025-02-11,2025-02-11 13:53:38.442,0.1012702462445025,0.012795532903248827,0.05499999999999994
2546,3B00186448,527-2025-02-11,2025-02-11 13:54:21.441,0.1714216268912033,0.006947951824800189,0.05699999999999994
2547,3B0018D520,528-2025-02-11,2025-02-11 13:54:37.442,0.1001458240674359,0.007484404924028241,0.07800000000000029
2548,3B004C4B80,531-2025-02-11,2025-02-11 13:55:09.442,0.104786072703446,0.008066178599813763,0.05899999999999994
2549,3B0019B8CC,534-2025-02-11,2025-02-11 14:09:02.442,0.1538416953491121,0.009311540789045754,0.04300000000000015
2550,3B001857EE,543-2025-02-11,2025-02-11 14:13:19.443,0.0977687392677557,0.005604768029169784,0.04400000000000004
2551,3B0018F763,544-2025-02-11,2025-02-11 14:13:26.443,0.1082808005828431,0.006843194532709732,0.04399999999999982
2552,3B00191394,545-2025-02-11,2025-02-11 14:13:34.443,0.0955494162184201,0.012324197772105092,0.05899999999999994
2553,3B001877B5,546-2025-02-11,2025-02-11 14:13:43.443,0.1709461440764388,0.022278664209250496,0.06600000000000006
2554,3B0019B8CC,547-2025-02-11,2025-02-11 14:13:49.442,0.1538416953491121,0.027418947214962075,0.05800000000000005
2555,3B00186448,548-2025-02-11,2025-02-11 14:14:04.443,0.1704145697250023,0.028621231850274646,0.05799999999999983
2556,3B0018F763,550-2025-02-11,2025-02-11 14:14:40.442,0.0798775813932895,0.006832188043412059,0.04200000000000004
2557,01103F97C4,551-2025-02-11,2025-02-11 14:14:47.443,0.1418243720840563,0.013804133134949421,0.04599999999999982
2558,3B004ACEEA,557-2025-02-11,2025-02-11 14:19:06.441,0.0987252947801623,0.004273496720912953,0.067
2559,3B00192E1E,558-2025-02-11,2025-02-11 14:19:13.441,0.099926930836815,0.004011771579130677,0.07499999999999996
2560,3B0018C2F6,562-2025-02-11,2025-02-11 14:21:15.441,0.1576520521087552,0.029665797481252518,0.050000000000000044
2561,3B00186448,563-2025-02-11,2025-02-11 14:21:48.441,0.1720324744783095,0.029740665001391494,0.05699999999999994
2562,3B004C4B80,564-2025-02-11,2025-02-11 14:25:04.440,0.104786072703446,0.0031846085943326636,0.038000000000000034
2563,011016B2E1,565-2025-02-11,2025-02-11 14:25:07.440,0.1034056593821557,0.0041325815030637805,0.04999999999999999
2564,3B004C4B80,571-2025-02-11,2025-02-11 14:27:56.438,0.104786072703446,0.003925553972985169,0.051000000000000045
2565,3B0018C2F6,577-2025-02-11,2025-02-11 14:29:56.438,0.1576520521087552,0.007481444144841039,0.07900000000000001
2566,3B00192E1E,585-2025-02-11,2025-02-11 14:31:27.438,0.1005858192823128,0.01009072731915734,0.069
2567,3B0018C2F6,586-2025-02-11,2025-02-11 14:31:44.440,0.1589723641996694,0.0070122272209631135,0.08400000000000007
2568,0700ED9568,589-2025-02-11,2025-02-11 14:32:01.439,0.1581975064061959,0.027858228751561256,0.052000000000000046
2569,3B0018C2F6,591-2025-02-11,2025-02-11 14:33:32.439,0.1576520521087552,0.030276158962893148,0.07599999999999985
2570,01103F88A1,592-2025-02-11,2025-02-11 14:34:34.438,0.1104861502870718,0.0027334170319651806,0.10199999999999998
2571,0700ED9568,594-2025-02-11,2025-02-11 14:35:16.437,0.1638262209082591,0.02723418909835893,0.051000000000000156
2572,3B004CDB63,601-2025-02-11,2025-02-11 14:40:52.437,0.1012702462445025,0.003922580972939158,0.07699999999999996
2573,3B004CDB63,603-2025-02-11,2025-02-11 14:44:32.437,0.1012702462445025,0.0034399471500157932,0.09300000000000003
2574,3B00484043,604-2025-02-11,2025-02-11 14:44:36.437,0.0941812955044005,0.003526374795378633,0.09399999999999986
2575,3B00186448,605-2025-02-11,2025-02-11 14:47:47.438,0.1720324744783095,0.013402394921523406,0.08599999999999985
2576,3B004CDB63,607-2025-02-11,2025-02-11 14:48:32.436,0.1084090436033468,0.004423517720457882,0.059
2577,3B00186448,609-2025-02-11,2025-02-11 14:49:08.437,0.1563646098366683,0.020635639485113634,0.08199999999999985
2578,3B00191394,611-2025-02-11,2025-02-11 14:49:44.436,0.0955494162184201,0.003713382835477414,0.07199999999999998
2579,3B0018C2F6,613-2025-02-11,2025-02-11 14:50:01.437,0.1576520521087552,0.026624029939889216,0.06599999999999984
2580,3B0049A710,617-2025-02-11,2025-02-11 14:50:52.438,0.1993455259049701,0.009237179307910966,0.04200000000000004
2581,3B004B0F76,618-2025-02-11,2025-02-11 14:51:00.436,0.15801125913816,0.024697935921989256,0.05499999999999994
2582,3B0018C2F6,619-2025-02-11,2025-02-11 14:51:11.437,0.1599726782375821,0.006674288465803355,0.10000000000000009
2583,3B004CA42C,620-2025-02-11,2025-02-11 14:51:21.437,0.104885122815744,0.0036681268782496152,0.08400000000000002
2584,3B00186448,622-2025-02-11,2025-02-11 14:52:20.436,0.1732527966009513,0.007648064703448861,0.08999999999999986
2585,3B00186448,623-2025-02-11,2025-02-11 14:52:35.437,0.1720324744783095,0.021350176792360166,0.06799999999999984
2586,3B004C4B80,624-2025-02-11,2025-02-11 14:52:48.438,0.104786072703446,0.006223963781883494,0.05300000000000016
2587,01103F97C4,627-2025-02-11,2025-02-11 14:53:09.436,0.1618435114270358,0.030831488163892983,0.05500000000000016
2588,3B00186448,631-2025-02-11,2025-02-11 14:54:34.436,0.1742941156972351,0.024570966608405517,0.06999999999999984
2589,01103F97C4,632-2025-02-11,2025-02-11 14:55:10.435,0.1618435114270357,0.027047575924691744,0.05600000000000005
2590,01103F97C4,633-2025-02-11,2025-02-11 14:56:31.436,0.167620109703469,0.029626214186949287,0.05300000000000038
2591,3B004CDB63,634-2025-02-11,2025-02-11 14:57:45.437,0.1012702462445025,0.012194119483433314,0.05399999999999999
2592,3B001857EE,637-2025-02-11,2025-02-11 14:59:33.437,0.0977687392677557,0.005621777862861951,0.04400000000000004
2593,0700ED9568,638-2025-02-11,2025-02-11 15:00:11.437,0.1557668900228975,0.024658443241109447,0.07299999999999995
2594,3B0018D520,639-2025-02-11,2025-02-11 15:00:24.435,0.1003034877910492,0.004075518434418414,0.05899999999999994
2595,3B001870F2,640-2025-02-11,2025-02-11 15:00:36.437,0.1033449037589002,0.0017475063729841913,0.08000000000000007
2596,3B004CDB63,641-2025-02-11,2025-02-11 15:01:24.436,0.1012702462445025,0.004187382795385614,0.03499999999999992
2597,3B001857EE,642-2025-02-11,2025-02-11 15:01:32.436,0.0977687392677557,0.006159024318662454,0.04299999999999993
2598,3B001877B5,647-2025-02-11,2025-02-11 15:03:03.435,0.1718441264305187,0.023114115213042744,0.07200000000000006
2599,3B00182A81,651-2025-02-11,2025-02-11 15:04:11.436,0.0991547467342567,0.004631940473739365,0.038000000000000034
2600,3B004ACEEA,652-2025-02-11,2025-02-11 15:17:55.435,0.0977517369156262,0.015544536671819388,0.05400000000000005
2601,3B004C4B80,654-2025-02-11,2025-02-11 15:18:19.435,0.104786072703446,0.007417461453077625,0.06500000000000006
2602,3B0018C2F6,655-2025-02-11,2025-02-11 15:18:39.434,0.1636298458431016,0.028524449002065435,0.04899999999999993
2603,3B00484043,656-2025-02-11,2025-02-11 15:18:46.437,0.0979172042806073,0.003274947302059693,0.07700000000000018
2604,3B0018A99B,658-2025-02-11,2025-02-11 15:20:07.434,0.0963451005977867,0.0034591080544292357,0.03100000000000014
2605,3B0019B8CC,659-2025-02-11,2025-02-11 15:21:07.434,0.1538416953491121,0.010291716600365885,0.049000000000000155
2606,3B00484043,660-2025-02-11,2025-02-11 15:21:16.434,0.0962528809499412,0.0033970083281478626,0.08599999999999985
2607,011016B2E1,662-2025-02-11,2025-02-11 15:21:32.434,0.1034056593821557,0.015363448474108083,0.04700000000000015
2608,3B001857EE,666-2025-02-11,2025-02-11 15:30:28.435,0.0977687392677557,0.005902890519165137,0.04200000000000004
2609,3B0019B8CC,667-2025-02-11,2025-02-11 15:31:07.432,0.1721906584725064,0.02683623034189542,0.05599999999999983
2610,3B004AB6A7,668-2025-02-11,2025-02-11 15:31:15.433,0.1052707982987058,0.015055232020906969,0.07200000000000006
2611,3B004CD4DE,669-2025-02-11,2025-02-11 15:31:34.433,0.0994476367912997,0.0006425822640061804,0.03699999999999998
2612,3B0018F763,678-2025-02-11,2025-02-11 15:54:54.434,0.102316053093905,0.007045492385769202,0.04300000000000004
2613,3B004CA42C,679-2025-02-11,2025-02-11 16:02:26.435,0.1056236479925338,0.004606875078741764,0.05699999999999994
2614,3B004C4B80,681-2025-02-11,2025-02-11 16:02:55.433,0.104786072703446,0.00029851461448993045,0.017999999999999905
2615,3B001870F2,682-2025-02-11,2025-02-11 16:03:03.434,0.1033449037589002,0.003038478301859173,0.028999999999999915
2616,3B00186448,684-2025-02-11,2025-02-11 16:03:38.435,0.1536275912151268,0.030318395426821007,0.058000000000000274
2617,3B0018C2F6,687-2025-02-11,2025-02-11 16:08:03.435,0.1576520521087552,0.026628034981522962,0.04600000000000026
2618,3B001870F2,690-2025-02-11,2025-02-11 16:08:58.434,0.0948903959561004,0.01300152816917089,0.053999999999999826
2619,3B0018C2F6,692-2025-02-11,2025-02-11 16:09:22.434,0.158451764527465,0.029329119108861868,0.057000000000000384
2620,3B00186448,693-2025-02-11,2025-02-11 16:09:36.434,0.1705374869255549,0.028512419800896676,0.08300000000000018
2621,3B0019B8CC,695-2025-02-11,2025-02-11 16:10:51.435,0.1632991494980518,0.008641321528159038,0.03699999999999992
2622,3B004C4B80,696-2025-02-11,2025-02-11 16:10:56.435,0.104786072703446,0.005501148136023409,0.05499999999999994
2623,3B004CA42C,698-2025-02-11,2025-02-11 16:11:12.434,0.1048851228157439,0.0024012975784247236,0.064
2624,3B00186448,699-2025-02-11,2025-02-11 16:12:03.435,0.1720324744783095,0.028774037375032837,0.05600000000000005
2625,3B0019B8CC,701-2025-02-11,2025-02-11 16:12:48.435,0.1538416953491121,0.02866997684416731,0.055999999999999994
2626,3B001877B5,704-2025-02-11,2025-02-11 16:13:34.435,0.1741027323522488,0.020555293597365052,0.06699999999999995
2627,3B00186448,711-2025-02-11,2025-02-11 16:20:31.432,0.1720324744783095,2.6405477049567248e-06,0.0029999999999992255
2628,3B00186448,712-2025-02-11,2025-02-11 16:20:35.430,0.1720324744783095,0.027841111399114857,0.05600000000000005
2629,3B0019B8CC,713-2025-02-11,2025-02-11 16:21:15.430,0.1538416953491121,0.010024961548217177,0.038999999999999924
2630,3B004CA42C,714-2025-02-11,2025-02-11 16:21:31.431,0.1048851228157439,0.003686098094836904,0.068
2631,3B001816CC,715-2025-02-11,2025-02-11 16:21:53.430,0.0938637827692101,0.01165658178267136,0.07199999999999995
2632,3B001870F2,716-2025-02-11,2025-02-11 16:22:02.431,0.1033449037589002,0.004179469439268603,0.030999999999999917
2633,3B00484043,1-2025-02-15,2025-02-15 07:18:54.034,0.0894083933997697,0.011693750891167568,0.051000000000000156
2634,3B00199DE5,2-2025-02-15,2025-02-15 07:34:16.029,0.1123533740676661,0.011627028142003873,0.04899999999999993
2635,3B00484043,3-2025-02-15,2025-02-15 07:37:55.028,0.0892311558309406,0.011481044739851395,0.05400000000000005
2636,01103FD532,5-2025-02-15,2025-02-15 07:51:15.024,0.1616013383182653,0.024513237268161195,0.07600000000000007
2637,3B00192E1E,6-2025-02-15,2025-02-15 08:10:09.021,0.1005858192823128,0.0036508078304142056,0.03799999999999981
2638,3B00192E1E,7-2025-02-15,2025-02-15 08:11:13.020,0.1005858192823128,0.01287645211829418,0.051000000000000045
2639,3B0018A99B,9-2025-02-15,2025-02-15 08:21:33.017,0.0951097925836406,0.004467995052039656,0.03600000000000003
2640,3B00483614,10-2025-02-15,2025-02-15 09:09:05.006,0.100336911014489,0.0069432534329871174,0.062000000000000055
2641,3B00483614,12-2025-02-15,2025-02-15 09:11:10.006,0.1236615983353104,0.013385513489090856,0.04899999999999993
2642,3B00483614,14-2025-02-15,2025-02-15 09:21:46.004,0.0998471186297652,0.013434803026688164,0.04299999999999993
2643,3B00483614,16-2025-02-15,2025-02-15 09:26:43.002,0.1236615983353104,0.015727074484882638,0.04800000000000004
2644,3B00483614,17-2025-02-15,2025-02-15 09:32:44.001,0.100028201388366,0.007451930923503047,0.06199999999999983
2645,3B00483614,18-2025-02-15,2025-02-15 09:35:17.001,0.1025504796753985,0.012484024363973674,0.07599999999999985
2646,3B004CA42C,19-2025-02-15,2025-02-15 09:36:07.000,0.1048851228157439,0.013883112292394018,0.05400000000000005
2647,0700ED9568,20-2025-02-15,2025-02-15 09:48:25.998,0.1374352915161968,0.023043868010030295,0.06699999999999995
2648,3B0018A99B,22-2025-02-15,2025-02-15 09:53:55.998,0.0920518580593473,0.011529867496372269,0.052000000000000046
2649,0700ED9568,24-2025-02-15,2025-02-15 10:15:42.995,0.1557668900228975,0.025201652306944045,0.059
2650,3B004AB6A7,25-2025-02-15,2025-02-15 10:18:44.995,0.1003335166489211,0.015136849210266978,0.06
2651,3B0018A99B,28-2025-02-15,2025-02-15 10:23:59.992,0.0951097925836406,0.004305917458161738,0.03499999999999992
2652,3B004ACEEA,30-2025-02-15,2025-02-15 10:25:25.993,0.0977517369156262,0.01215421085909132,0.050000000000000044
2653,3B004CA42C,31-2025-02-15,2025-02-15 10:42:47.988,0.104885122815744,0.015083453678109609,0.05500000000000016
2654,3B004CA42C,32-2025-02-15,2025-02-15 10:46:05.990,0.1048851228157439,-0.00027202343313762845,0.03400000000000003
2655,3B004CA42C,35-2025-02-15,2025-02-15 11:29:17.985,0.1045251206654987,0.014871459912837896,0.05399999999999994
2656,3B004CA42C,36-2025-02-15,2025-02-15 11:31:17.983,0.10512507809805,0.01487565562545434,0.05500000000000016
2657,3B00182A81,39-2025-02-15,2025-02-15 12:23:10.975,0.0991547467342568,0.011414857001128629,0.07499999999999996
2658,3B0018A99B,41-2025-02-15,2025-02-15 12:27:30.975,0.0951097925836406,0.011632223501441502,0.05199999999999999
2659,3B004CA42C,42-2025-02-15,2025-02-15 12:28:19.974,0.1048851228157439,0.013767296903460461,0.05699999999999997
2660,3B00182DFC,43-2025-02-15,2025-02-15 12:28:45.973,0.1144449634497806,0.011946902688557633,0.06400000000000003
2661,3B0018A99B,44-2025-02-15,2025-02-15 12:28:49.974,0.0951097925836406,0.011236209345578584,0.06799999999999995
2662,3B00182A81,45-2025-02-15,2025-02-15 12:29:04.974,0.0991547467342568,0.01327920768165187,0.05199999999999999
2663,3B004AE3AB,46-2025-02-15,2025-02-15 12:29:25.972,0.1002916482453951,0.01402436484151378,0.04700000000000015
2664,3B0019F652,47-2025-02-15,2025-02-15 12:30:15.972,0.0905389973583477,0.009256999815407767,0.05499999999999994
2665,3B004AE3AB,48-2025-02-15,2025-02-15 12:31:37.974,0.1002916482453951,0.009281017244083093,0.08399999999999996
2666,3B004ACEEA,50-2025-02-15,2025-02-15 12:33:28.974,0.0977517369156262,0.013092924351231603,0.04999999999999999
2667,3B004CA42C,51-2025-02-15,2025-02-15 12:39:24.971,0.1045169610374492,0.014770257047645355,0.05600000000000005
2668,3B004CC5C5,53-2025-02-15,2025-02-15 12:41:32.971,0.0968329106914685,0.014494392890096745,0.04400000000000004
2669,3B004C4B80,59-2025-02-15,2025-02-15 12:59:32.967,0.104786072703446,0.013195352184692661,0.061
2670,3B004AE3AB,60-2025-02-15,2025-02-15 13:03:11.969,0.1002916482453951,0.01693131906484426,0.052999999999999936
2671,3B001870F2,61-2025-02-15,2025-02-15 13:03:26.967,0.1033449037589002,0.014700236266227741,0.04800000000000004
2672,3B00182DFC,66-2025-02-15,2025-02-15 13:05:04.968,0.1144449634497805,0.01470659223611284,0.04700000000000004
2673,3B001870F2,67-2025-02-15,2025-02-15 13:05:29.966,0.1033449037589002,0.014066669587230522,0.04999999999999982
2674,3B0018C2F6,71-2025-02-15,2025-02-15 13:07:05.965,0.1576520521087552,0.025634168837695242,0.06500000000000017
2675,3B0019F652,72-2025-02-15,2025-02-15 13:07:36.965,0.0893996356419717,0.007673307696022982,0.05800000000000005
2676,3B00182DFC,74-2025-02-15,2025-02-15 13:07:53.965,0.1144449634497806,0.014887263619763322,0.04899999999999999
2677,3B001870F2,75-2025-02-15,2025-02-15 13:07:59.967,0.1033449037589002,0.012186645610992655,0.052000000000000046
2678,3B0018C2F6,76-2025-02-15,2025-02-15 13:08:33.966,0.1576520521087552,0.023973164104988873,0.052000000000000046
2679,3B0018A99B,77-2025-02-15,2025-02-15 13:09:23.965,0.0951542990283925,0.0035357190700926492,0.03400000000000025
2680,3B004CA42C,78-2025-02-15,2025-02-15 13:09:32.965,0.107514089797784,0.014744380848181077,0.05500000000000016
2681,3B0018C2F6,80-2025-02-15,2025-02-15 13:10:30.965,0.1546594912398242,0.02578460032008369,0.05499999999999994
2682,3B004CDB63,81-2025-02-15,2025-02-15 13:10:47.966,0.1012702462445025,0.014191105729013142,0.043999999999999984
2683,3B00199DE5,83-2025-02-15,2025-02-15 13:11:45.965,0.1123533740676661,0.014952558996361994,0.05399999999999994
2684,3B0018C2F6,88-2025-02-15,2025-02-15 13:13:18.965,0.1576520521087552,0.024956354232771188,0.052999999999999936
2685,3B00182DFC,91-2025-02-15,2025-02-15 13:14:48.964,0.1144449634497805,0.012146866246125675,0.061
2686,3B0018C2F6,92-2025-02-15,2025-02-15 13:15:34.963,0.1590066457197369,0.027314463147550858,0.06500000000000006
2687,3B0019F652,93-2025-02-15,2025-02-15 13:16:02.963,0.1095377891801565,0.0097409734438398,0.07599999999999985
2688,3B0019248A,94-2025-02-15,2025-02-15 13:17:26.961,0.1169316465096806,0.016547649548074507,0.050000000000000044
2689,3B0018C2F6,95-2025-02-15,2025-02-15 13:17:38.964,0.1576520521087552,0.010932448819116885,0.039000000000000035
2690,3B0019F652,97-2025-02-15,2025-02-15 13:18:33.963,0.0905389973583477,0.008175434059667539,0.05399999999999994
2691,3B004ACEEA,99-2025-02-15,2025-02-15 13:21:16.961,0.0977517369156262,0.012397295266462893,0.04300000000000004
2692,3B00182A81,100-2025-02-15,2025-02-15 13:22:30.961,0.0991547467342567,0.01373983121024759,0.050000000000000044
2693,3B004CA42C,102-2025-02-15,2025-02-15 13:27:09.958,0.1100705817455566,0.015390202024092412,0.05800000000000005
2694,3B004CA42C,104-2025-02-15,2025-02-15 13:30:55.958,0.1048851228157439,0.006321378403895479,0.04700000000000004
2695,3B0048BD5D,107-2025-02-15,2025-02-15 13:35:03.957,0.0870752363281584,0.013304367834806185,0.05699999999999994
2696,3B00484043,109-2025-02-15,2025-02-15 13:36:09.955,0.0941812955044005,0.012519792585251445,0.05500000000000016
2697,3B004CDB63,110-2025-02-15,2025-02-15 13:36:30.955,0.1012702462445025,0.013099187469578293,0.064
2698,3B004CC5C5,113-2025-02-15,2025-02-15 13:37:01.955,0.0968329106914685,0.013004288680810647,0.052999999999999936
2699,01103F97C4,114-2025-02-15,2025-02-15 13:37:05.954,0.1618435114270357,0.02514395299073736,0.06299999999999994
2700,3B004ACEEA,115-2025-02-15,2025-02-15 13:37:15.955,0.0977517369156262,0.012137943482026037,0.04699999999999993
2701,3B004CDB63,119-2025-02-15,2025-02-15 13:38:22.953,0.1012702462445025,0.013491370395167469,0.04499999999999993
2702,3B00199DE5,121-2025-02-15,2025-02-15 13:38:34.954,0.1123533740676661,0.013371502292314685,0.051000000000000045
2703,3B004ACEEA,122-2025-02-15,2025-02-15 13:39:17.954,0.0977517369156262,0.0131948165828847,0.05400000000000005
2704,01103F97C4,126-2025-02-15,2025-02-15 13:41:57.953,0.1720649001371197,0.02415060787366873,0.05499999999999994
2705,3B004AE3AB,131-2025-02-15,2025-02-15 13:47:02.952,0.1002916482453951,0.01360745189131479,0.04499999999999993
2706,3B00182DFC,133-2025-02-15,2025-02-15 13:48:02.952,0.1144449634497806,0.01433856858343954,0.04799999999999993
2707,3B004CDB63,137-2025-02-15,2025-02-15 13:49:03.951,0.1012702462445025,0.013389189658994351,0.04400000000000004
2708,01103F97C4,141-2025-02-15,2025-02-15 13:51:51.951,0.1722231966154233,0.025581172350416095,0.04899999999999993
2709,3B004C4B80,143-2025-02-15,2025-02-15 13:52:49.950,0.104786072703446,0.007530649600624031,0.05499999999999994
2710,3B004CC5C5,144-2025-02-15,2025-02-15 13:52:52.950,0.0968329106914685,0.012170012327597885,0.04999999999999999
2711,01103F97C4,145-2025-02-15,2025-02-15 13:52:58.949,0.1618435114270357,0.02846647911872301,0.052999999999999936
2712,3B004CC5C5,148-2025-02-15,2025-02-15 13:54:24.949,0.0968329106914685,0.011529371007432133,0.06899999999999995
2713,3B00192E1E,149-2025-02-15,2025-02-15 13:54:35.950,0.1005858192823128,0.005169113864448479,0.040000000000000036
2714,01103F97C4,151-2025-02-15,2025-02-15 13:55:01.950,0.1618435114270357,0.026534685723491967,0.07300000000000018
2715,3B004ACEEA,154-2025-02-15,2025-02-15 14:08:07.947,0.0977517369156262,0.0116013712126361,0.059
2716,3B004CD4DE,155-2025-02-15,2025-02-15 14:08:56.947,0.0990014173695566,0.016051433330969353,0.08400000000000007
2717,3B00182DFC,156-2025-02-15,2025-02-15 14:09:22.947,0.1144449634497806,0.015883805747351022,0.052999999999999936
2718,3B004AE3AB,158-2025-02-15,2025-02-15 14:12:26.947,0.1002916482453951,0.012813897213904989,0.07800000000000001
2719,3B004ACEEA,160-2025-02-15,2025-02-15 14:13:24.947,0.0977517369156262,0.01679190166385588,0.06400000000000006
2720,3B004C4B80,161-2025-02-15,2025-02-15 14:13:53.946,0.104786072703446,0.014109696944066006,0.05400000000000005
2721,3B004CEFFE,162-2025-02-15,2025-02-15 14:14:29.945,0.1069954981198278,0.012442218269855547,0.055999999999999994
2722,3B004ACEEA,164-2025-02-15,2025-02-15 14:15:22.946,0.0977517369156262,0.01306202553533998,0.05300000000000005
2723,3B004CC5C5,168-2025-02-15,2025-02-15 14:16:56.945,0.0968329106914685,0.0124719856153418,0.052000000000000046
2724,3B00192E1E,170-2025-02-15,2025-02-15 14:17:07.946,0.1011623513519421,0.005263433096183803,0.06300000000000006
2725,3B0019F652,172-2025-02-15,2025-02-15 14:17:18.945,0.0898579650841941,0.009750052080868795,0.06499999999999995
2726,3B0019F652,174-2025-02-15,2025-02-15 14:18:08.945,0.0905389973583477,0.009520354447391839,0.06800000000000006
2727,3B0019F652,175-2025-02-15,2025-02-15 14:18:35.943,0.0907560709640019,0.00851059147938349,0.05999999999999983
2728,3B00192E1E,177-2025-02-15,2025-02-15 14:18:55.944,0.1005858192823128,0.0014147775197481457,0.028000000000000025
2729,3B004ACEEA,178-2025-02-15,2025-02-15 14:19:40.944,0.0977517369156262,0.01293427916192715,0.04899999999999993
2730,01103F97C4,181-2025-02-15,2025-02-15 14:21:03.943,0.1618435114270358,0.028350923807429568,0.05600000000000005
2731,3B0018C2F6,182-2025-02-15,2025-02-15 14:21:29.942,0.1576520521087552,0.02654103510613966,0.052000000000000046
2732,3B00484043,183-2025-02-15,2025-02-15 14:21:33.944,0.0941812955044005,0.0007857100366976807,0.033
2733,3B0019248A,184-2025-02-15,2025-02-15 14:21:50.943,0.1169316465096806,0.007687339828799968,0.04899999999999993
2734,3B00484043,185-2025-02-15,2025-02-15 14:21:55.944,0.0941812955044005,0.001773988426521848,0.028000000000000025
2735,3B0018A99B,186-2025-02-15,2025-02-15 14:22:08.942,0.0966278097854231,0.0038389085104913157,0.03100000000000014
2736,3B0018C2F6,187-2025-02-15,2025-02-15 14:22:16.943,0.1574835926931547,0.02458996593647194,0.05600000000000005
2737,3B00185CB8,188-2025-02-15,2025-02-15 14:22:54.943,0.0953970648449805,0.005373047115142807,0.03499999999999992
2738,3B004CC5C5,189-2025-02-15,2025-02-15 14:23:05.942,0.0968329106914685,0.00992282371716406,0.04499999999999993
2739,3B0019F652,192-2025-02-15,2025-02-15 14:23:25.942,0.0905389973583477,0.0002315341852083535,0.016000000000000014
2740,3B0018C2F6,193-2025-02-15,2025-02-15 14:24:01.943,0.1618070924415674,0.02124528700551705,0.052999999999999936
2741,3B004CC5C5,194-2025-02-15,2025-02-15 14:25:00.942,0.0978568493129568,0.011506704918467104,0.04899999999999993
2742,3B0018A99B,195-2025-02-15,2025-02-15 14:25:35.943,0.0971212494811428,0.00515426424981689,0.03500000000000014
2743,3B0018C2F6,196-2025-02-15,2025-02-15 14:25:49.941,0.1549563503713128,0.024006980440064645,0.051000000000000156
2744,3B004CC5C5,199-2025-02-15,2025-02-15 14:32:39.940,0.0968329106914685,0.011291871127888448,0.06800000000000006
2745,3B0018C2F6,201-2025-02-15,2025-02-15 14:34:06.939,0.1596302646586536,0.023726439304348066,0.052000000000000046
2746,3B004CA42C,202-2025-02-15,2025-02-15 14:34:24.939,0.104885122815744,0.00014388331329426594,0.01100000000000001
2747,3B00192E1E,205-2025-02-15,2025-02-15 14:39:47.938,0.1005858192823128,0.005473460650732506,0.06800000000000006
2748,3B004CDB63,207-2025-02-15,2025-02-15 14:43:01.938,0.1012702462445025,0.012850828216331376,0.062000000000000055
2749,3B0018C2F6,211-2025-02-15,2025-02-15 14:46:08.937,0.163314977328442,0.02346603331018203,0.08199999999999985
2750,0700ED9568,213-2025-02-15,2025-02-15 14:47:03.936,0.1625732025334959,0.01898092414434336,0.06899999999999995
2751,3B0018C2F6,216-2025-02-15,2025-02-15 14:47:45.936,0.160808492969248,0.021757859189304906,0.05300000000000016
2752,3B004C4B80,217-2025-02-15,2025-02-15 14:48:13.937,0.104786072703446,0.006886407021741709,0.05600000000000005
2753,3B004ACEEA,218-2025-02-15,2025-02-15 14:48:17.935,0.0977517369156262,0.01307558561193187,0.049000000000000044
2754,3B001877B5,219-2025-02-15,2025-02-15 14:48:33.937,0.1782068500941566,0.01378034808181989,0.10400000000000009
2755,3B0018C2F6,220-2025-02-15,2025-02-15 14:48:53.936,0.1601058899379357,0.023355391728235975,0.053999999999999826
2756,3B001877B5,221-2025-02-15,2025-02-15 14:49:27.936,0.1655761827262246,0.028424788005486902,0.05699999999999994
2757,3B0019248A,223-2025-02-15,2025-02-15 14:50:05.935,0.1169316465096806,0.007021359799386065,0.051000000000000156
2758,3B0018C2F6,224-2025-02-15,2025-02-15 14:50:49.936,0.1628201231029958,0.02915282380900153,0.06000000000000005
2759,3B00484043,225-2025-02-15,2025-02-15 14:51:11.937,0.0941812955044005,0.013033124473713293,0.05299999999999999
2760,3B0019248A,226-2025-02-15,2025-02-15 14:51:50.937,0.1169316465096806,0.006883705593709986,0.03699999999999992
2761,3B001857EE,227-2025-02-15,2025-02-15 14:53:39.935,0.1057600196306483,0.006696359340983321,0.04599999999999982
2762,3B00484043,229-2025-02-15,2025-02-15 14:55:06.934,0.0941812955044005,0.010644571472692783,0.08399999999999985
2763,3B00199DE5,230-2025-02-15,2025-02-15 14:56:24.935,0.1074054713945411,0.005302615653476124,0.041999999999999815
2764,3B0018A99B,232-2025-02-15,2025-02-15 15:00:51.934,0.0959777956202586,0.0038930275337441416,0.026000000000000245
2765,3B004CD4DE,233-2025-02-15,2025-02-15 15:01:10.935,0.1011789166131887,0.0074040607421087925,0.06299999999999994
2766,01103FD532,234-2025-02-15,2025-02-15 15:01:14.933,0.167616616307203,0.00035857896951977053,0.02400000000000002
2767,3B0019248A,238-2025-02-15,2025-02-15 15:02:31.934,0.0930775859677137,0.0007241340775912141,0.03600000000000003
2768,3B004ACEEA,240-2025-02-15,2025-02-15 15:03:13.935,0.1015130982857347,0.011403939299207575,0.04499999999999971
2769,01103FD532,242-2025-02-15,2025-02-15 15:03:35.933,0.1755620609637247,0.010666503065576238,0.04999999999999982
2770,3B001870F2,246-2025-02-15,2025-02-15 15:04:28.934,0.1025107161392871,0.00517851942847729,0.038000000000000034
2771,3B004CC5C5,247-2025-02-15,2025-02-15 15:04:34.934,0.0968329106914685,0.011258072049097206,0.05400000000000005
2772,3B004C6A69,249-2025-02-15,2025-02-15 15:05:22.934,0.1014339700451651,0.014719682000725248,0.05499999999999994
2773,3B0048BD5D,250-2025-02-15,2025-02-15 15:05:27.932,0.0870752363281584,0.006255503758417654,0.05400000000000005
2774,01103FD532,251-2025-02-15,2025-02-15 15:06:06.933,0.1775444758243383,0.028229522933284294,0.05699999999999994
2775,3B0018A99B,252-2025-02-15,2025-02-15 15:06:11.932,0.0755130476417889,0.005135752015885315,0.03400000000000003
2776,3B0018C2F6,253-2025-02-15,2025-02-15 15:06:13.934,0.1576520521087552,0.028876179442543597,0.049000000000000044
2777,3B004CC5C5,254-2025-02-15,2025-02-15 15:06:46.934,0.097007520967414,0.010411726186052864,0.06500000000000017
2778,3B004CC5C5,260-2025-02-15,2025-02-15 15:09:31.934,0.0968329106914685,0.003731764497480863,0.07199999999999995
2779,3B004C6A69,261-2025-02-15,2025-02-15 15:10:00.933,0.1073837635770911,0.01263170401442606,0.06299999999999972
2780,3B004ACEEA,262-2025-02-15,2025-02-15 15:10:29.933,0.1016295381827981,0.012685055081751492,0.05600000000000005
2781,01103FD532,263-2025-02-15,2025-02-15 15:13:38.932,0.1811392134934428,0.028766747497690835,0.05499999999999994
2782,01103FD532,264-2025-02-15,2025-02-15 15:15:38.931,0.1807714233380946,0.02735419750987754,0.05899999999999994
2783,3B004CA42C,265-2025-02-15,2025-02-15 15:16:56.931,0.1048851228157439,0.005564829025839259,0.04700000000000004
2784,3B00484043,266-2025-02-15,2025-02-15 15:17:11.931,0.0941812955044005,0.004195657947466071,0.07200000000000001
2785,01103FD532,267-2025-02-15,2025-02-15 15:17:20.931,0.1726853664628528,0.02550286467239419,0.06999999999999984
2786,3B0019248A,268-2025-02-15,2025-02-15 15:17:32.932,0.1169316465096806,0.006966903680031312,0.04700000000000004
2787,3B0019248A,273-2025-02-15,2025-02-15 15:20:59.930,0.1169316465096806,0.007633183961513567,0.04600000000000004
2788,3B004CA42C,275-2025-02-15,2025-02-15 15:21:32.930,0.1089943847744435,0.001308563400646582,0.06600000000000006
2789,3B0019F652,277-2025-02-15,2025-02-15 15:22:09.929,0.0915825235519636,0.003564754692867928,0.07199999999999995
2790,0700ED9568,281-2025-02-15,2025-02-15 15:23:59.929,0.1650496174196482,0.02178251499862969,0.07000000000000006
2791,3B0018C2F6,282-2025-02-15,2025-02-15 15:24:10.929,0.1576520521087552,0.025758471059122406,0.07499999999999996
2792,3B001870F2,284-2025-02-15,2025-02-15 15:25:07.929,0.0808935272314993,0.004876253098921697,0.08400000000000007
2793,3B0019F652,285-2025-02-15,2025-02-15 15:26:08.930,0.0921416259321189,0.003296522649702111,0.06000000000000005
2794,3B004CD4DE,286-2025-02-15,2025-02-15 15:29:09.927,0.0994476367912997,0.0050607717183231435,0.03299999999999992
2795,3B004C4B80,287-2025-02-15,2025-02-15 15:29:28.926,0.1118100584200111,0.004758356930913535,0.07799999999999985
2796,3B004ACEEA,292-2025-02-15,2025-02-15 15:32:16.926,0.0977517369156262,0.013170784337741175,0.05699999999999994
2797,3B00182DFC,293-2025-02-15,2025-02-15 15:32:29.927,0.1144449634497806,0.01442668045602491,0.04799999999999999
2798,3B004CA42C,294-2025-02-15,2025-02-15 15:32:49.927,0.10944552959269,0.00531917818381606,0.04499999999999993
2799,3B0019248A,296-2025-02-15,2025-02-15 15:33:24.926,0.1169316465096806,0.0067635979738915,0.04300000000000015
2800,3B0018C2F6,297-2025-02-15,2025-02-15 15:33:26.927,0.1576520521087552,0.02539874805582808,0.05800000000000005
2801,3B0018A99B,300-2025-02-15,2025-02-15 15:34:26.925,0.0951097925836406,3.1498500708974265e-05,0.006000000000000005
2802,3B0018C2F6,302-2025-02-15,2025-02-15 15:35:06.926,0.1667966461702404,0.024388364898784372,0.052999999999999936
2803,3B0019F652,303-2025-02-15,2025-02-15 15:35:16.927,0.0884837471341603,0.0022847377359285826,0.06999999999999995
2804,3B00182DFC,304-2025-02-15,2025-02-15 15:36:41.926,0.1067046956382834,0.013035700574870178,0.05400000000000005
2805,3B0018C2F6,305-2025-02-15,2025-02-15 15:37:04.925,0.1749106591224572,0.022147750847302722,0.055000000000000604
2806,3B00182DFC,306-2025-02-15,2025-02-15 15:37:57.925,0.1144449634497806,0.012097935582230596,0.049000000000000044
2807,3B004ACEEA,307-2025-02-15,2025-02-15 15:38:02.925,0.0977517369156262,0.013842930644351303,0.08000000000000007
2808,0700ED9568,308-2025-02-15,2025-02-15 15:38:13.926,0.1670764858075056,0.02787535287239647,0.05600000000000005
2809,3B004CD4DE,309-2025-02-15,2025-02-15 15:38:17.926,0.0994476367912997,0.014285079598807426,0.04899999999999993
2810,3B0018C2F6,310-2025-02-15,2025-02-15 15:38:27.924,0.1696621477684666,0.027813586214560457,0.07800000000000029
2811,3B0019F652,311-2025-02-15,2025-02-15 15:38:31.925,0.0905389973583477,0.0008602739405310045,0.026000000000000023
2812,3B0019F652,313-2025-02-15,2025-02-15 15:39:37.925,0.0905389973583477,0.0008776823748977003,0.030999999999999972
2813,0700ED9568,314-2025-02-15,2025-02-15 15:39:57.925,0.1686889558741966,0.025299352486121543,0.06499999999999995
2814,3B0018C2F6,315-2025-02-15,2025-02-15 15:40:38.925,0.1680865011110235,0.029601284826891606,0.051000000000000156
2815,3B004C6A69,316-2025-02-15,2025-02-15 15:40:50.923,0.1070849130238741,0.0158239093086412,0.056999999999999496
2816,3B00185CB8,320-2025-02-15,2025-02-15 15:42:25.924,0.0953970648449805,0.005026112505882485,0.08199999999999996
2817,3B004CC5C5,322-2025-02-15,2025-02-15 15:42:54.924,0.0954965688257457,0.0044133435650392985,0.06000000000000005
2818,01103FD532,323-2025-02-15,2025-02-15 15:43:11.925,0.167616616307203,0.008556421865050333,0.052000000000000046
2819,3B0019B8CC,324-2025-02-15,2025-02-15 15:43:20.924,0.1579559820112443,0.02734897504630494,0.06199999999999983
2820,3B00199DE5,326-2025-02-15,2025-02-15 15:43:54.923,0.1063133247510903,0.0145031558282523,0.04999999999999982
2821,3B0019B8CC,328-2025-02-15,2025-02-15 15:44:23.924,0.1538416953491121,0.028256676584375584,0.05600000000000005
2822,01103FD532,330-2025-02-15,2025-02-15 15:44:46.923,0.1806266221326917,0.02702661864474809,0.05500000000000016
2823,3B00182DFC,331-2025-02-15,2025-02-15 15:44:51.924,0.1084187801655709,0.015937120475058096,0.07400000000000007
2824,3B00199DE5,334-2025-02-15,2025-02-15 15:45:43.923,0.1068079790181391,0.004912551066116493,0.04200000000000026
2825,01103F97C4,336-2025-02-15,2025-02-15 15:46:38.923,0.171845608404316,0.029446382166266633,0.05400000000000027
2826,3B0019B8CC,338-2025-02-15,2025-02-15 15:46:58.923,0.1538416953491121,0.01047118556097086,0.04899999999999993
2827,3B0019B8CC,339-2025-02-15,2025-02-15 15:47:45.923,0.1538416953491121,0.02696230881497226,0.05499999999999999
2828,3B0018A99B,341-2025-02-15,2025-02-15 15:48:06.923,0.0951097925836406,0.002423622765903614,0.022999999999999687
2829,3B0018A99B,344-2025-02-15,2025-02-15 15:49:28.923,0.098288997662487,0.0043735882290417225,0.03400000000000025
2830,01103FD532,345-2025-02-15,2025-02-15 15:49:40.923,0.1782841610163822,0.028439611919985997,0.05400000000000005
2831,01103F97C4,346-2025-02-15,2025-02-15 15:49:51.923,0.1618435114270358,0.029642978418220955,0.05300000000000016
2832,3B0018C2F6,347-2025-02-15,2025-02-15 15:49:59.922,0.1648256947656341,0.030100789554077263,0.06699999999999995
2833,3B004CD4DE,349-2025-02-15,2025-02-15 15:50:54.921,0.1028540172199161,0.0016468770733793462,0.11000000000000032
2834,01103FD532,350-2025-02-15,2025-02-15 15:51:09.922,0.1807612536998323,0.020971148752637257,0.06599999999999984
2835,01103F97C4,351-2025-02-15,2025-02-15 15:51:21.922,0.1618435114270358,0.030477358443223797,0.053999999999999826
2836,3B0018C6F9,352-2025-02-15,2025-02-15 15:51:27.922,0.0981224075626449,0.015293137816878143,0.04799999999999999
2837,3B001870F2,353-2025-02-15,2025-02-15 15:51:43.922,0.1032207681558748,0.00556251878018496,0.04100000000000015
2838,3B004C6A69,356-2025-02-15,2025-02-15 15:52:32.921,0.0776996747075167,0.01900865338541271,0.08999999999999986
2839,3B0019248A,357-2025-02-15,2025-02-15 15:53:38.923,0.1169316465096806,0.004956287303056845,0.041000000000000036
2840,3B0019B8CC,358-2025-02-15,2025-02-15 15:54:35.922,0.1538416953491121,0.030908419077950527,0.05799999999999994
2841,3B0019248A,359-2025-02-15,2025-02-15 15:55:23.921,0.1169316465096806,0.00643143158499614,0.04500000000000004
2842,3B004CD4DE,361-2025-02-15,2025-02-15 15:56:30.920,0.1096501574165991,0.014357971812958878,0.04599999999999982
2843,3B004C6A69,362-2025-02-15,2025-02-15 15:57:09.922,0.1014339700451651,0.00025827038961497814,0.02099999999999902
2844,0700ED9568,363-2025-02-15,2025-02-15 15:57:30.921,0.1666820966932789,0.024223514166913873,0.062000000000000055
2845,3B004C6A69,364-2025-02-15,2025-02-15 15:58:12.920,0.1014339700451651,0.00014982802278906834,0.010999999999999677
2846,3B00182A81,365-2025-02-15,2025-02-15 16:00:38.920,0.1062367898939623,0.00564939090692789,0.06
2847,3B00484043,368-2025-02-15,2025-02-15 16:09:13.920,0.0941812955044005,0.0032383253603834863,0.10099999999999998
2848,3B001870F2,371-2025-02-15,2025-02-15 16:09:53.921,0.1033449037589002,0.00011653317803596981,0.020000000000000018
2849,3B0018C2F6,372-2025-02-15,2025-02-15 16:09:58.921,0.1576520521087552,0.029257188805950796,0.050000000000000266
2850,3B0018C2F6,374-2025-02-15,2025-02-15 16:12:05.921,0.1576520521087552,0.030555561352257017,0.050000000000000044
2851,3B004CA42C,380-2025-02-15,2025-02-15 16:24:07.917,0.1048851228157439,0.0036620924703757865,0.08000000000000002
2852,3B0019B8CC,389-2025-02-15,2025-02-15 16:29:18.917,0.1538416953491121,0.029338831119467428,0.05500000000000016
2853,3B0018A99B,390-2025-02-15,2025-02-15 16:29:28.918,0.0951097925836406,0.0056721209539484455,0.03799999999999992
2854,3B0018C2F6,391-2025-02-15,2025-02-15 16:29:51.918,0.1647504478977695,0.022646866971177015,0.07200000000000006
2855,3B004CD4DE,392-2025-02-15,2025-02-15 16:30:05.917,0.0994476367912997,3.3080541865917786e-05,0.006000000000000227
2856,3B00484043,393-2025-02-15,2025-02-15 16:30:27.918,0.0980553539745153,0.00257025982105374,0.10799999999999998
2857,3B0018A99B,394-2025-02-15,2025-02-15 16:30:41.916,0.0985654803031704,0.0020452222195522112,0.06500000000000039
2858,3B00484043,2-2025-02-18,2025-02-18 08:28:35.012,0.0941812955044005,0.009520178466044615,0.06000000000000005
2859,3B0018C6F9,3-2025-02-18,2025-02-18 08:33:10.010,0.0981224075626449,0.014368208527202029,0.04400000000000004
2860,3B00484043,5-2025-02-18,2025-02-18 08:38:25.009,0.0941812955044005,3.5708928544267684e-05,0.018000000000000016
2861,3B00192E1E,8-2025-02-18,2025-02-18 08:51:02.009,0.1005858192823128,0.0038798884134122304,0.03600000000000003
2862,3B00192E1E,10-2025-02-18,2025-02-18 08:52:03.007,0.1005858192823128,0.0041371794760878934,0.03600000000000003
2863,3B0019B8CC,12-2025-02-18,2025-02-18 08:57:31.008,0.1538416953491121,0.027120837045704765,0.04999999999999993
2864,3B0019B8CC,13-2025-02-18,2025-02-18 08:58:10.008,0.1538416953491121,0.0003213672518655749,0.015000000000000013
2865,3B0019B8CC,14-2025-02-18,2025-02-18 08:59:02.008,0.1538416953491121,0.02594767180314744,0.050999999999999934
2866,3B00199DE5,16-2025-02-18,2025-02-18 09:01:29.006,0.0963757324183143,0.014479257071477476,0.04899999999999993
2867,3B0019F652,17-2025-02-18,2025-02-18 09:07:01.008,0.0905389973583477,0.007525687238434996,0.06599999999999995
2868,3B0018F763,18-2025-02-18,2025-02-18 09:07:37.005,0.1023160530939051,0.012468102618607892,0.04600000000000004
2869,3B0019F652,19-2025-02-18,2025-02-18 09:08:07.007,0.0827192887802589,0.006020216577897775,0.05300000000000005
2870,3B0018F763,21-2025-02-18,2025-02-18 09:08:55.005,0.1023160530939051,0.005811234911340161,0.040000000000000036
2871,3B004AE3AB,22-2025-02-18,2025-02-18 09:09:20.005,0.1002916482453951,0.005671931442800932,0.038000000000000034
2872,3B0019F652,24-2025-02-18,2025-02-18 09:09:40.005,0.0905389973583477,0.00573616039350376,0.07200000000000006
2873,3B004AE3AB,26-2025-02-18,2025-02-18 09:10:01.005,0.1002916482453951,0.00017755299221003439,0.02300000000000013
2874,3B0018F763,27-2025-02-18,2025-02-18 09:11:13.005,0.1023160530939051,0.013864631601869225,0.052000000000000046
2875,3B004CC5C5,28-2025-02-18,2025-02-18 09:11:29.006,0.0968329106914685,0.006057172297711897,0.06599999999999984
2876,3B0019F652,30-2025-02-18,2025-02-18 09:12:10.005,0.0905389973583477,0.00788209257461847,0.05799999999999983
2877,3B004C4B80,31-2025-02-18,2025-02-18 09:13:18.005,0.104786072703446,0.005727082533131225,0.04899999999999993
2878,3B0018F763,32-2025-02-18,2025-02-18 09:13:58.004,0.1023160530939051,0.006273792680916923,0.039000000000000146
2879,3B0019F652,35-2025-02-18,2025-02-18 09:21:07.001,0.083380954515097,0.0052873819226918264,0.06799999999999984
2880,3B0019F652,36-2025-02-18,2025-02-18 09:23:58.001,0.0905389973583477,4.219076708050953e-05,0.004999999999999893
2881,3B004CDB63,38-2025-02-18,2025-02-18 09:49:06.996,0.0933311072492451,0.01128492947202454,0.04599999999999982
2882,3B0019B8CC,40-2025-02-18,2025-02-18 10:15:18.992,0.1538416953491121,0.009173825186946842,0.040000000000000036
2883,3B0019B8CC,41-2025-02-18,2025-02-18 10:16:13.991,0.1538416953491121,0.02540220413104937,0.063
2884,3B0018A99B,43-2025-02-18,2025-02-18 10:18:51.990,0.0951097925836406,0.00035615999897189575,0.02899999999999997
2885,3B0019B8CC,44-2025-02-18,2025-02-18 10:18:57.990,0.1538416953491121,0.00966313608785561,0.040999999999999925
2886,3B0019B8CC,46-2025-02-18,2025-02-18 10:21:36.991,0.1538416953491121,0.009627184386270086,0.040000000000000036
2887,3B0019B8CC,48-2025-02-18,2025-02-18 10:24:59.987,0.1538416953491121,0.007824233549867575,0.038000000000000256
2888,3B0018A99B,49-2025-02-18,2025-02-18 10:25:03.987,0.0951097925836406,0.004466453362576793,0.03600000000000003
2889,3B004AE3AB,53-2025-02-18,2025-02-18 10:29:31.988,0.097844278788518,0.014631795558333155,0.04499999999999993
2890,3B004AE3AB,56-2025-02-18,2025-02-18 10:33:36.986,0.0850181680119525,0.012122127972666827,0.07600000000000007
2891,3B0018C6F9,58-2025-02-18,2025-02-18 10:43:53.982,0.0981224075626449,0.006714997326384691,0.04199999999999998
2892,3B0019F652,60-2025-02-18,2025-02-18 10:45:37.982,0.0835350434549036,0.007134418142454717,0.06999999999999984
2893,3B0019F652,61-2025-02-18,2025-02-18 10:46:36.981,0.0828915074657486,0.00686002736607607,0.06899999999999995
2894,3B004C4B80,65-2025-02-18,2025-02-18 10:55:51.980,0.104786072703446,0.006089130172601129,0.061000000000000054
2895,3B0018C2F6,66-2025-02-18,2025-02-18 11:02:33.979,0.1576520521087552,0.025903254878592213,0.04800000000000004
2896,3B0019F652,67-2025-02-18,2025-02-18 11:03:02.978,0.0829603928817881,0.007170684719026435,0.07000000000000006
2897,3B0019F652,68-2025-02-18,2025-02-18 11:03:50.980,0.0905389973583477,0.00699324410143354,0.06700000000000017
2898,3B0019F652,70-2025-02-18,2025-02-18 11:04:17.978,0.0822662765695931,0.003358689188536265,0.068
2899,3B0018C2F6,71-2025-02-18,2025-02-18 11:09:31.978,0.1576520521087552,0.01899133199089618,0.04200000000000004
2900,3B0018C2F6,73-2025-02-18,2025-02-18 11:10:59.976,0.1576520521087552,0.023012772561567803,0.050000000000000044
2901,3B0018C2F6,74-2025-02-18,2025-02-18 11:15:13.974,0.1576520521087552,0.02461948916349131,0.050999999999999934
2902,3B0019F652,78-2025-02-18,2025-02-18 11:21:11.972,0.0905389973583477,0.006324770132554821,0.07299999999999995
2903,3B0018A99B,79-2025-02-18,2025-02-18 11:22:25.973,0.0951097925836406,0.003746004581370848,0.029000000000000026
2904,3B004C4B80,82-2025-02-18,2025-02-18 11:28:07.970,0.1035139844130563,0.004666847934455657,0.06400000000000006
2905,3B004CD4DE,83-2025-02-18,2025-02-18 11:28:30.971,0.0941259543810773,0.002132774291601227,0.08699999999999997
2906,01103F97C4,84-2025-02-18,2025-02-18 11:28:57.972,0.1618435114270358,0.025055377942917272,0.05600000000000005
2907,3B004CD4DE,86-2025-02-18,2025-02-18 11:29:18.972,0.0994476367912997,0.0015340292700077238,0.052000000000000046
2908,3B00192E1E,87-2025-02-18,2025-02-18 11:29:55.972,0.0955236568072986,0.004582095585416336,0.06
2909,3B0018C2F6,90-2025-02-18,2025-02-18 11:51:01.967,0.1576520521087552,0.024689167878930204,0.04999999999999999
2910,3B0018C2F6,91-2025-02-18,2025-02-18 11:52:49.967,0.1576520521087552,0.021000191475948563,0.07800000000000001
2911,01103F97C4,92-2025-02-18,2025-02-18 11:54:05.968,0.1494418092338611,0.022265072682901094,0.06099999999999994
2912,3B0018F763,96-2025-02-18,2025-02-18 11:55:14.967,0.1017381110672882,0.006830031393034365,0.04299999999999993
2913,3B0019F652,99-2025-02-18,2025-02-18 11:58:26.965,0.0846230488608579,0.008486889473217952,0.06199999999999983
2914,3B0019F652,102-2025-02-18,2025-02-18 12:00:21.966,0.0854845554025494,0.008553038859562916,0.07500000000000018
2915,3B0048BD5D,103-2025-02-18,2025-02-18 12:00:45.966,0.0951864099006578,0.013622987375065272,0.07299999999999995
2916,3B0018C2F6,104-2025-02-18,2025-02-18 12:03:28.966,0.1576520521087552,0.025162751393017557,0.052000000000000046
2917,3B004CD4DE,106-2025-02-18,2025-02-18 12:04:05.966,0.0994476367912997,0.0034487119924205565,0.029000000000000026
2918,3B004CD4DE,108-2025-02-18,2025-02-18 12:05:53.965,0.0954994270649692,0.012219804678213615,0.052000000000000046
2919,3B0018C2F6,109-2025-02-18,2025-02-18 12:06:00.966,0.1557208161094397,0.02258301572069675,0.052999999999999936
2920,3B004C4B80,111-2025-02-18,2025-02-18 12:08:07.966,0.1038251271582589,0.004477479180675386,0.08399999999999985
2921,01101763D0,112-2025-02-18,2025-02-18 12:09:05.965,0.1509897005506909,0.027815932479263835,0.061000000000000054
2922,3B00484043,115-2025-02-18,2025-02-18 12:10:46.966,0.0941812955044005,0.0041034171794077905,0.07100000000000006
2923,3B004AE3AB,116-2025-02-18,2025-02-18 12:13:32.965,0.1035814014140868,0.00398770195699122,0.051000000000000156
2924,3B004C4B80,120-2025-02-18,2025-02-18 12:15:43.963,0.082806412319679,0.002515741412081234,0.04800000000000004
2925,3B004AE3AB,121-2025-02-18,2025-02-18 12:16:10.964,0.1028940353342406,0.01539595556687004,0.05300000000000016
2926,3B0018F763,122-2025-02-18,2025-02-18 12:16:16.964,0.1023160530939051,0.006039505905924127,0.040999999999999925
2927,3B0018F763,123-2025-02-18,2025-02-18 12:17:22.964,0.102316053093905,0.005837781259752422,0.04200000000000004
2928,3B004C4B80,124-2025-02-18,2025-02-18 12:17:36.964,0.1069121156235012,0.00375746771744543,0.08500000000000019
2929,3B004C4B80,126-2025-02-18,2025-02-18 12:18:21.964,0.1054832927130345,0.004545365786046462,0.062000000000000055
2930,3B004AE3AB,128-2025-02-18,2025-02-18 12:20:32.964,0.101018891163361,0.002762064076500018,0.09099999999999997
2931,3B0018F763,129-2025-02-18,2025-02-18 12:20:39.962,0.1023160530939051,0.006377952874358356,0.040000000000000036
2932,3B004AE3AB,130-2025-02-18,2025-02-18 12:21:33.963,0.1025606429173074,0.004635670462034864,0.05599999999999994
2933,3B004C4B80,134-2025-02-18,2025-02-18 12:30:19.963,0.105398930534571,0.004578191107915953,0.06299999999999994
2934,3B00186A36,135-2025-02-18,2025-02-18 12:30:32.960,0.094253182691933,0.012071142832633412,0.06100000000000039
2935,01103F9664,137-2025-02-18,2025-02-18 12:37:45.960,0.1621197192003166,0.006251553712091752,0.09600000000000009
2936,01103F9664,140-2025-02-18,2025-02-18 12:41:03.959,0.1626820416249327,0.023983288746002945,0.05999999999999961
2937,3B0018C2F6,145-2025-02-18,2025-02-18 12:59:08.958,0.1538890314082392,0.024459929299250817,0.05400000000000005
2938,3B0018C2F6,147-2025-02-18,2025-02-18 13:01:06.958,0.1576520521087552,0.024628441589723018,0.050999999999999934
2939,3B004C4B80,148-2025-02-18,2025-02-18 13:10:24.959,0.104786072703446,1.0626894398676575e-05,0.0040000000000000036
2940,3B0018C2F6,149-2025-02-18,2025-02-18 13:12:11.960,0.1576520521087552,0.022898462753786226,0.049000000000000044
2941,3B0019F652,150-2025-02-18,2025-02-18 13:13:57.958,0.0905389973583477,1.7823429250714147e-06,0.002000000000000224
2942,3B004CD4DE,151-2025-02-18,2025-02-18 13:15:42.957,0.0994476367912997,0.001607851644530938,0.064
2943,3B0019F652,152-2025-02-18,2025-02-18 13:21:04.957,0.0905389973583477,0.004141217214510656,0.07099999999999995
2944,3B0018C2F6,153-2025-02-18,2025-02-18 13:21:15.956,0.1576520521087552,0.023966652445263248,0.05399999999999999
2945,3B0019F652,154-2025-02-18,2025-02-18 13:22:56.956,0.0859112441232531,0.004283422505326391,0.07900000000000018
2946,3B0018A99B,156-2025-02-18,2025-02-18 13:24:54.957,0.0951097925836406,0.004875098256694992,0.03699999999999992
2947,3B00484043,157-2025-02-18,2025-02-18 13:25:29.955,0.0941812955044005,2.2709091766441646e-05,0.006000000000000005
2948,3B0018C2F6,165-2025-02-18,2025-02-18 13:35:41.953,0.1550790351723895,0.005806873584515704,0.10499999999999998
2949,3B0018C2F6,166-2025-02-18,2025-02-18 13:37:21.955,0.1580526680535592,0.005559441166415243,0.08700000000000019
2950,3B00199DE5,170-2025-02-18,2025-02-18 13:47:16.953,0.1074943822637392,0.004424494192295995,0.059
2951,3B0019B8CC,171-2025-02-18,2025-02-18 13:47:32.954,0.1070479787731116,0.012435955615276368,0.07199999999999984
2952,3B00484043,173-2025-02-18,2025-02-18 13:51:09.953,0.0957714861009438,0.0003794975778788224,0.02400000000000002
2953,3B0018C2F6,175-2025-02-18,2025-02-18 13:51:57.953,0.1576599685438971,0.020527999786440775,0.06199999999999983
2954,3B0019B8CC,176-2025-02-18,2025-02-18 13:54:24.955,0.1538416953491121,0.01128853663754241,0.04600000000000004
2955,3B0018C2F6,179-2025-02-18,2025-02-18 14:00:44.953,0.1552876200787219,0.02471611603560776,0.07699999999999996
2956,3B004CEFFE,180-2025-02-18,2025-02-18 14:01:54.953,0.1069954981198278,0.004092956096127801,0.03399999999999981
2957,3B00192E1E,183-2025-02-18,2025-02-18 14:05:57.953,0.0948737868207194,0.00477192545627828,0.07699999999999996
2958,3B00199DE5,184-2025-02-18,2025-02-18 14:06:09.953,0.1052724968860974,0.003937629200421146,0.06799999999999995
2959,01103FD532,187-2025-02-18,2025-02-18 14:10:04.954,0.167616616307203,0.005601272974115968,0.10999999999999988
2960,3B0018C2F6,188-2025-02-18,2025-02-18 14:11:49.953,0.1276828660033893,0.026473879347667553,0.07499999999999996
2961,3B0048BD5D,189-2025-02-18,2025-02-18 14:13:03.952,0.0870752363281584,0.012046191598383577,0.05500000000000016
2962,3B0048BD5D,192-2025-02-18,2025-02-18 14:15:38.952,0.0870752363281584,0.004028938727133401,0.09399999999999997
2963,3B0019B8CC,194-2025-02-18,2025-02-18 14:16:59.952,0.1538416953491122,0.009403058018866825,0.040999999999999925
2964,3B00484043,195-2025-02-18,2025-02-18 14:17:20.952,0.0990300305238986,3.177306871007847e-05,0.05899999999999994
2965,3B0019B8CC,197-2025-02-18,2025-02-18 14:18:39.951,0.1538416953491121,0.010613690139993758,0.04099999999999998
2966,3B0019F652,198-2025-02-18,2025-02-18 14:20:11.952,0.0905389973583477,0.00015353232949016872,0.018999999999999906
2967,3B0018C2F6,199-2025-02-18,2025-02-18 14:20:37.952,0.1547282755153572,0.027193124488824758,0.05300000000000016
2968,01103F9664,200-2025-02-18,2025-02-18 14:24:23.950,0.1690095148824365,0.00019965288543601932,0.03200000000000003
2969,01103F9664,202-2025-02-18,2025-02-18 14:26:26.950,0.1643448440953994,0.007565410382119602,0.06500000000000017
2970,01103F9664,203-2025-02-18,2025-02-18 14:26:45.950,0.1690095148824365,0.003963469636852508,0.08899999999999986
2971,3B004C4B80,204-2025-02-18,2025-02-18 14:28:57.950,0.1121708709094871,0.0046025528389482704,0.06900000000000017
2972,3B00182A81,205-2025-02-18,2025-02-18 14:37:42.950,0.0991547467342567,0.007969671527287244,0.07500000000000001
2973,3B0018C2F6,206-2025-02-18,2025-02-18 14:38:08.950,0.1509146935934374,0.026527528748544908,0.07
2974,3B0019F652,208-2025-02-18,2025-02-18 14:41:40.950,0.0905389973583477,0.009310863748932688,0.05699999999999994
2975,3B004C4B80,209-2025-02-18,2025-02-18 14:44:28.950,0.104786072703446,0.013705506370128202,0.05300000000000016
2976,3B0018C2F6,210-2025-02-18,2025-02-18 14:44:59.951,0.1576520521087552,0.02418992911714985,0.07999999999999996
2977,3B001877B5,211-2025-02-18,2025-02-18 14:45:11.949,0.1681872601799892,0.02286106642189821,0.06900000000000017
2978,3B0018A99B,212-2025-02-18,2025-02-18 14:45:37.950,0.0951097925836406,0.005738036624346509,0.04200000000000004
2979,3B0019F652,213-2025-02-18,2025-02-18 14:45:46.950,0.0905389973583477,0.00911846956318677,0.05799999999999983
2980,3B004C4B80,214-2025-02-18,2025-02-18 14:46:27.950,0.1103000758626098,0.011407564253685765,0.07399999999999984
2981,3B00484043,215-2025-02-18,2025-02-18 14:46:54.950,0.0941812955044005,-0.0002083266292519625,0.04299999999999998
2982,3B00484043,216-2025-02-18,2025-02-18 14:48:46.950,0.0973055170168435,0.004309724689853772,0.04600000000000004
2983,3B0018C2F6,219-2025-02-18,2025-02-18 14:52:25.949,0.1576520521087552,0.028353664683063586,0.05199999999999999
2984,3B00182A81,220-2025-02-18,2025-02-18 14:52:57.951,0.0991547467342568,0.013191492051760267,0.061999999999999944
2985,3B001870F2,221-2025-02-18,2025-02-18 14:54:33.949,0.1033449037589002,0.01231450644693279,0.050999999999999934
2986,01103F9664,222-2025-02-18,2025-02-18 14:56:11.949,0.1690095148824365,-0.0014293249679557783,0.06399999999999961
2987,01103F9664,223-2025-02-18,2025-02-18 14:56:37.949,0.1662972580587964,0.025173757290525768,0.06000000000000005
2988,3B00199DE5,225-2025-02-18,2025-02-18 14:57:33.950,0.1071051521962075,0.016449588990431682,0.051999999999999935
2989,3B00199DE5,227-2025-02-18,2025-02-18 14:58:34.949,0.1123533740676661,0.011537805653509878,0.05299999999999999
2990,3B001870F2,229-2025-02-18,2025-02-18 14:59:01.950,0.1033449037589002,0.01213987596333257,0.052999999999999936
2991,01103F97C4,230-2025-02-18,2025-02-18 15:00:47.948,0.1618435114270358,0.023238109193680793,0.04400000000000004
2992,3B0018F763,231-2025-02-18,2025-02-18 15:02:53.950,0.1023160530939051,0.014445325928084299,0.05399999999999999
2993,01103F97C4,233-2025-02-18,2025-02-18 15:04:01.950,0.1618435114270358,0.027225999658320545,0.059
2994,3B00182A81,234-2025-02-18,2025-02-18 15:04:59.948,0.103733047348044,0.012313042293781773,0.052999999999999936
2995,01103F97C4,235-2025-02-18,2025-02-18 15:05:55.949,0.1252080092284484,0.026804943122853857,0.06299999999999994
2996,01103F97C4,236-2025-02-18,2025-02-18 15:06:04.950,0.1615253393573496,0.026656288974048297,0.06999999999999984
2997,3B00182DFC,238-2025-02-18,2025-02-18 15:06:49.949,0.1144449634497806,0.01426534320864235,0.04999999999999993
2998,3B0018C2F6,239-2025-02-18,2025-02-18 15:07:19.950,0.1525362561302305,0.021925351651253925,0.07899999999999996
2999,01103F97C4,240-2025-02-18,2025-02-18 15:07:45.948,0.1618435114270358,0.02643962584504362,0.051999999999999824
3000,3B00199DE5,241-2025-02-18,2025-02-18 15:10:27.950,0.1123533740676661,0.015604985925152668,0.046999999999999986
3001,3B00199DE5,244-2025-02-18,2025-02-18 15:12:21.949,0.1052840818741695,0.01647739772464077,0.052999999999999936
3002,3B0018C2F6,246-2025-02-18,2025-02-18 15:12:40.948,0.1222838564521354,0.024516310588526415,0.07499999999999996
3003,3B0018C2F6,247-2025-02-18,2025-02-18 15:12:56.950,0.1549022406402843,0.02510811889512526,0.050999999999999934
3004,3B0018C2F6,248-2025-02-18,2025-02-18 15:13:33.949,0.1576520521087552,0.02373583593614845,0.07499999999999996
3005,3B00182DFC,249-2025-02-18,2025-02-18 15:14:38.948,0.1144449634497805,0.014197752338126667,0.05999999999999983
3006,3B004CD4DE,253-2025-02-18,2025-02-18 15:17:19.949,0.0994476367912997,0.01361666949646402,0.08900000000000002
3007,01103F9664,254-2025-02-18,2025-02-18 15:18:31.948,0.1690095148824365,0.00010949706552673069,0.008000000000000007
3008,01103F9664,255-2025-02-18,2025-02-18 15:19:49.948,0.1690095148824365,0.00017272368390272382,0.008999999999999897
3009,3B0048BD5D,259-2025-02-18,2025-02-18 15:24:48.948,0.0789640627556589,0.01332073997000052,0.07099999999999995
3010,3B001870F2,260-2025-02-18,2025-02-18 15:24:51.946,0.1033449037589002,0.011484043150706377,0.04800000000000004
3011,01103F97C4,261-2025-02-18,2025-02-18 15:25:02.947,0.1618435114270357,0.025290545000100046,0.07299999999999995
3012,01103F97C4,262-2025-02-18,2025-02-18 15:26:14.946,0.1618435114270357,0.021913468988618377,0.04500000000000015
3013,3B0018C2F6,263-2025-02-18,2025-02-18 15:26:26.947,0.1576520521087552,0.02188685107210394,0.07399999999999995
3014,3B001857EE,264-2025-02-18,2025-02-18 15:27:08.948,0.1059394479832269,0.005995738030379113,0.04400000000000004
3015,3B001877B5,266-2025-02-18,2025-02-18 15:27:51.947,0.1782068500941566,0.024144932118138777,0.061000000000000054
3016,3B00484043,267-2025-02-18,2025-02-18 15:28:09.947,0.0941812955044005,0.013165313826726503,0.05199999999999999
3017,3B001870F2,269-2025-02-18,2025-02-18 15:29:50.946,0.1019553035630421,0.01270325843602755,0.06099999999999994
3018,3B004CD4DE,271-2025-02-18,2025-02-18 15:30:11.947,0.0994476367912997,0.013764751446374438,0.04200000000000004
3019,3B00484043,272-2025-02-18,2025-02-18 15:30:24.945,0.0941812955044005,-0.00023980230795706703,0.044999999999999984
3020,3B001877B5,273-2025-02-18,2025-02-18 15:30:41.945,0.1714199018420999,0.024336681525072325,0.07000000000000006
3021,3B001857EE,274-2025-02-18,2025-02-18 15:30:59.945,0.1076914486531538,0.012105446135010032,0.052999999999999936
3022,3B00182A81,276-2025-02-18,2025-02-18 15:33:31.945,0.0991547467342568,0.002458843672141265,0.029000000000000137
3023,3B00199DE5,278-2025-02-18,2025-02-18 15:35:28.945,0.1123533740676661,0.014054633250188185,0.08199999999999985
3024,3B0019F652,279-2025-02-18,2025-02-18 15:36:03.946,0.0883674487530287,0.007806879745287779,0.06300000000000017
3025,3B0019F652,280-2025-02-18,2025-02-18 15:37:28.945,0.0905389973583477,0.006943479434510727,0.05399999999999999
3026,3B004C4B80,281-2025-02-18,2025-02-18 15:38:26.945,0.109537810381256,0.012409395606033827,0.06799999999999984
3027,3B00185CB8,283-2025-02-18,2025-02-18 15:39:15.946,0.0953970648449805,0.003880477344447726,0.07900000000000001
3028,011016B2E1,285-2025-02-18,2025-02-18 15:39:45.944,0.1034056593821557,0.014577943825711405,0.05400000000000005
3029,3B0019F652,287-2025-02-18,2025-02-18 15:41:06.946,0.0905389973583477,0.009866917522784551,0.05800000000000005
3030,01103F97C4,290-2025-02-18,2025-02-18 15:42:45.944,0.1618435114270358,0.02442755569068353,0.05800000000000005
3031,3B00192E1E,291-2025-02-18,2025-02-18 15:43:59.944,0.1019274349644982,0.01402559105645932,0.05800000000000005
3032,3B001877B5,294-2025-02-18,2025-02-18 15:44:47.945,0.1666565839791693,0.01809248839173168,0.08099999999999996
3033,3B00192E1E,295-2025-02-18,2025-02-18 15:45:13.945,0.1011682369507769,0.004786492952514925,0.07299999999999984
3034,3B0018A99B,297-2025-02-18,2025-02-18 15:45:51.945,0.0951097925836405,0.004326113027849752,0.040000000000000036
3035,3B00182DFC,298-2025-02-18,2025-02-18 15:45:58.946,0.1144449634497805,0.015367681106799253,0.05500000000000005
3036,3B0018A99B,299-2025-02-18,2025-02-18 15:46:52.946,0.0951097925836405,0.0026961292009470123,0.03700000000000003
3037,3B00182DFC,301-2025-02-18,2025-02-18 15:47:19.943,0.1144449634497806,0.014508224898666636,0.051000000000000045
3038,3B004C4B80,302-2025-02-18,2025-02-18 15:48:12.944,0.1102690892990805,0.011720554026652398,0.08099999999999996
3039,3B0018C2F6,303-2025-02-18,2025-02-18 15:52:49.943,0.1576520521087552,0.024973652075235813,0.052999999999999936
3040,3B00182DFC,304-2025-02-18,2025-02-18 15:53:18.946,0.1144449634497806,0.01541515710726266,0.07300000000000006
3041,01103F97C4,306-2025-02-18,2025-02-18 15:53:44.944,0.1618435114270358,0.02526913483840137,0.07400000000000007
3042,3B004C4B80,307-2025-02-18,2025-02-18 15:53:55.943,0.104786072703446,0.012742508643507315,0.05499999999999994
3043,0700ED9568,309-2025-02-18,2025-02-18 15:55:02.944,0.1557668900228975,0.029166234571472473,0.07300000000000001
3044,01103F97C4,310-2025-02-18,2025-02-18 15:55:10.945,0.1692482248154224,0.0286403139342466,0.04899999999999993
3045,01103F97C4,312-2025-02-18,2025-02-18 15:57:46.945,0.1674629752159977,0.023118886104314878,0.07299999999999995
3046,3B0018C2F6,313-2025-02-18,2025-02-18 15:57:51.944,0.1576520521087552,0.023721036968960038,0.052999999999999936
3047,3B0019B8CC,315-2025-02-18,2025-02-18 15:58:37.944,0.1538416953491121,0.010826159012100744,0.038000000000000034
3048,3B0019B8CC,318-2025-02-18,2025-02-18 15:59:47.944,0.1353121352309782,0.008191701695776843,0.04700000000000015
3049,3B0019B8CC,324-2025-02-18,2025-02-18 16:03:58.943,0.1606878244748948,0.027500146372277826,0.05400000000000005
3050,3B0018F763,326-2025-02-18,2025-02-18 16:04:45.942,0.102316053093905,0.007266224565151429,0.043999999999999984
3051,01103F9664,327-2025-02-18,2025-02-18 16:05:12.944,0.1690095148824365,0.0008138885595223025,0.03600000000000003
3052,01101763D0,328-2025-02-18,2025-02-18 16:07:11.944,0.1219720516757126,0.027337179110718226,0.06999999999999984
3053,3B001870F2,332-2025-02-18,2025-02-18 16:12:04.943,0.112005440855995,0.011949822295671333,0.05600000000000005
3054,01103F9664,334-2025-02-18,2025-02-18 16:13:10.941,0.1690095148824365,0.0011208771263595404,0.024999999999999467
3055,3B0018C2F6,335-2025-02-18,2025-02-18 16:13:45.942,0.1576520521087552,0.02787112566551571,0.04800000000000004
3056,01103F97C4,337-2025-02-18,2025-02-18 16:14:08.941,0.1691076993952627,0.02726518744231299,0.05899999999999994
3057,3B0018C2F6,339-2025-02-18,2025-02-18 16:15:24.942,0.1606911374820059,0.02366009688696975,0.051000000000000156
3058,3B0019B8CC,340-2025-02-18,2025-02-18 16:15:31.942,0.1345522851651302,0.01028555371501267,0.04300000000000015
3059,3B001877B5,342-2025-02-18,2025-02-18 16:16:50.942,0.1607601805565526,0.017359242111959,0.07000000000000006
3060,3B0019B8CC,343-2025-02-18,2025-02-18 16:16:54.942,0.1436886488191919,0.012124569440741006,0.053999999999999826
3061,3B0019F652,346-2025-02-18,2025-02-18 16:17:58.941,0.0905389973583477,0.007947091950988113,0.05800000000000005
3062,3B0019B8CC,347-2025-02-18,2025-02-18 16:18:07.941,0.1325711231962235,0.013126430865625146,0.05500000000000016
3063,3B0019B8CC,349-2025-02-18,2025-02-18 16:19:36.942,0.1624039065169137,0.003987991132582305,0.09799999999999998
3064,3B0018C2F6,355-2025-02-18,2025-02-18 16:22:06.941,0.1576520521087552,0.02527784611927659,0.05600000000000005
3065,3B0018A99B,358-2025-02-18,2025-02-18 16:22:54.940,0.0951097925836405,0.0046398046724754095,0.03400000000000003
3066,3B001877B5,359-2025-02-18,2025-02-18 16:25:28.940,0.1696121548774658,0.019844455772939026,0.07099999999999995
3067,3B00484043,360-2025-02-18,2025-02-18 16:31:33.941,0.0941812955044005,0.012571335449828663,0.052999999999999936
3068,3B001877B5,361-2025-02-18,2025-02-18 16:32:09.939,0.1736831382385876,0.01987520393841075,0.05699999999999994
3069,3B00199DE5,363-2025-02-18,2025-02-18 16:33:12.940,0.1123533740676661,0.013728567948695,0.08500000000000002
3070,3B004CA42C,365-2025-02-18,2025-02-18 16:33:41.940,0.1135645445763191,0.01337620672586564,0.04499999999999993
3071,3B0018C2F6,366-2025-02-18,2025-02-18 16:34:00.940,0.1612564802516777,0.023654083156683343,0.05599999999999983
3072,3B0019248A,367-2025-02-18,2025-02-18 16:34:04.940,0.1169316465096806,0.0069933695659230985,0.04600000000000004
3073,3B004CA42C,369-2025-02-18,2025-02-18 16:36:08.939,0.1048851228157439,0.01482702785857986,0.07600000000000007
3074,3B0019248A,370-2025-02-18,2025-02-18 16:36:13.940,0.0751803579670528,0.008315321282644086,0.05400000000000027
3075,3B001870F2,377-2025-02-18,2025-02-18 16:42:36.938,0.1033449037589002,0.005152144018426041,0.04500000000000015
3076,3B00182A81,381-2025-02-18,2025-02-18 16:45:02.937,0.0991547467342568,0.012507291369608759,0.06600000000000006
3077,3B00182A81,382-2025-02-18,2025-02-18 16:46:39.938,0.0991547467342568,0.006316223160775028,0.069
3078,3B0018C2F6,383-2025-02-18,2025-02-18 16:46:59.937,0.1612749891800654,0.024405024091592478,0.054999999999999716
3079,3B001877B5,384-2025-02-18,2025-02-18 16:47:32.938,0.1719732996187409,0.02390427386622345,0.06099999999999994
3080,3B0018C2F6,386-2025-02-18,2025-02-18 16:51:50.938,0.1446156995140541,0.025811051834002695,0.06400000000000006
3081,3B001877B5,387-2025-02-18,2025-02-18 16:53:20.936,0.1782068500941566,0.019999645958947293,0.05400000000000005
3082,01103F9664,390-2025-02-18,2025-02-18 16:55:20.936,0.1690095148824365,-0.0021446732702026547,0.06400000000000006
3083,01103F9664,392-2025-02-18,2025-02-18 17:00:30.937,0.1690095148824365,-0.001420930990388002,0.04899999999999949
3084,3B001877B5,393-2025-02-18,2025-02-18 17:01:42.935,0.1707674232372151,0.024995645633071054,0.05799999999999983
3085,01103F9664,399-2025-02-18,2025-02-18 17:16:46.934,0.1690095148824365,-0.0012019272046731376,0.04899999999999949
