,id,event2,datetime,bodyweight,impulse,duration
0,3B00485E69,2-2024-12-12,2024-12-12 08:10:02.198,0.1003716349868282,0.011352113455113375,0.056999999999999995
1,3B0018A99B,3-2024-12-12,2024-12-12 08:10:08.199,0.0957532417517765,0.012700426938607366,0.052999999999999936
2,3B0019B8CC,6-2024-12-12,2024-12-12 08:10:49.196,0.15180369451217,0.023051487022251356,0.06099999999999994
3,3B00485E69,7-2024-12-12,2024-12-12 08:10:57.198,0.1003716349868282,0.010503565626444165,0.061999999999999944
4,3B00190DF0,8-2024-12-12,2024-12-12 08:11:14.199,0.1906751993966664,0.02272536286122101,0.05500000000000005
5,3B0018A99B,10-2024-12-12,2024-12-12 08:11:52.199,0.0900283078525872,0.010540216392180439,0.04899999999999993
6,3B0019B8CC,12-2024-12-12,2024-12-12 08:12:39.199,0.1236071218042097,0.025090184349418156,0.062000000000000055
7,3B00192E1E,15-2024-12-12,2024-12-12 08:14:10.200,0.0925595481434056,0.01012698839165552,0.07000000000000006
8,3B00190DF0,16-2024-12-12,2024-12-12 08:14:18.199,0.1690468732225562,0.023653547341802847,0.06700000000000017
9,3B00190DF0,19-2024-12-12,2024-12-12 08:15:47.203,0.171130492337593,0.02559596205343963,0.06299999999999994
10,3B00199DE5,21-2024-12-12,2024-12-12 08:17:06.201,0.1056314595246609,0.010971172777363957,0.052999999999999936
11,01103F9A64,23-2024-12-12,2024-12-12 08:18:14.203,0.1759666147760053,0.02704112684082053,0.05400000000000005
12,3B00192E1E,24-2024-12-12,2024-12-12 08:18:29.204,0.1007525158752752,0.008220055327462403,0.07500000000000007
13,01103F97C4,26-2024-12-12,2024-12-12 08:19:02.204,0.1563245354636973,0.021326610655879173,0.08099999999999996
14,3B0018C6F9,27-2024-12-12,2024-12-12 08:19:21.203,0.0940380930727395,0.011895822482597036,0.04999999999999999
15,01103F9A64,28-2024-12-12,2024-12-12 08:19:59.203,0.1759666147760053,0.02618786702024092,0.053999999999999826
16,01103F97C4,31-2024-12-12,2024-12-12 08:21:12.205,0.155154530578441,0.02150895882992688,0.06299999999999972
17,01103F97C4,32-2024-12-12,2024-12-12 08:46:08.931,0.1541020392611531,0.020469257776507956,0.07000000000000006
18,01103F97C4,33-2024-12-12,2024-12-12 08:47:29.793,0.1454097309290527,0.024064010316938486,0.07100000000000017
19,01103F97C4,34-2024-12-12,2024-12-12 08:48:53.707,0.1538276144547512,0.019869556936608565,0.05400000000000027
20,3B0018A99B,36-2024-12-12,2024-12-12 08:49:48.708,0.0909047652974699,0.01420484271926937,0.052000000000000046
21,01103F97C4,38-2024-12-12,2024-12-12 08:52:20.710,0.1830689426539151,0.01993951062263819,0.05300000000000016
22,01103F97C4,40-2024-12-12,2024-12-12 08:54:56.712,0.1551487991080589,0.020288935748825437,0.05799999999999983
23,3B0018C6F9,42-2024-12-12,2024-12-12 09:02:52.718,0.0960000556949006,0.010864598129039584,0.050999999999999934
24,3B00192E1E,43-2024-12-12,2024-12-12 09:03:12.719,0.0948046991302478,0.011997703874356327,0.05800000000000005
25,01103FA4B2,44-2024-12-12,2024-12-12 09:05:17.720,0.0957187474240355,0.01226463916097815,0.05899999999999994
26,3B00190DF0,46-2024-12-12,2024-12-12 09:07:29.723,0.1906751993966664,0.02485233987198962,0.05800000000000005
27,3B00190DF0,48-2024-12-12,2024-12-12 09:09:07.721,0.1906751993966663,0.02345502903414167,0.07000000000000006
28,3B0018C2F6,51-2024-12-12,2024-12-12 09:12:09.725,0.1599103303268931,0.029416909389271686,0.05799999999999983
29,3B0018A99B,52-2024-12-12,2024-12-12 09:13:07.728,0.0957532417517765,0.00429689213645098,0.03399999999999992
30,3B0019B8CC,55-2024-12-12,2024-12-12 09:15:44.728,0.1572272238629591,0.019823794924567727,0.05399999999999994
31,3B0019B8CC,56-2024-12-12,2024-12-12 09:17:05.727,0.1571938658585049,0.02042558087346327,0.06799999999999984
32,01103F97C4,62-2024-12-12,2024-12-12 09:20:09.730,0.1830689426539151,0.018262227460644716,0.06500000000000017
33,3B0019B8CC,63-2024-12-12,2024-12-12 09:21:57.731,0.1655222122526258,0.023474556528505875,0.05899999999999994
34,3B0019B8CC,64-2024-12-12,2024-12-12 09:22:29.731,0.1518122563305938,0.024131833635533607,0.07299999999999995
35,01103FA4B2,66-2024-12-12,2024-12-12 09:24:27.732,0.098222119807347,0.012349971032841108,0.04899999999999993
36,3B00192E1E,68-2024-12-12,2024-12-12 09:29:07.737,0.1007525158752752,0.012165160702977556,0.05500000000000016
37,3B0019B8CC,70-2024-12-12,2024-12-12 09:29:57.738,0.1321772210951913,0.024166133802084603,0.07000000000000006
38,01103FA4B2,71-2024-12-12,2024-12-12 09:30:00.736,0.0998638530150309,0.012590964714427184,0.06299999999999994
39,3B0018C6F9,73-2024-12-12,2024-12-12 09:32:23.738,0.0977696388825897,0.011950828988370852,0.07499999999999996
40,3B0018C6F9,74-2024-12-12,2024-12-12 09:32:55.737,0.0987089112257854,0.014134783923131444,0.040000000000000036
41,3B00192E1E,75-2024-12-12,2024-12-12 09:33:02.739,0.0965485915430936,0.009737180969509991,0.06599999999999995
42,3B001874E8,76-2024-12-12,2024-12-12 09:33:26.738,0.0996212151425038,0.012783700120631614,0.07099999999999973
43,3B001874E8,77-2024-12-12,2024-12-12 09:34:33.739,0.1009690872903297,0.010945288879656637,0.05699999999999994
44,3B001874E8,78-2024-12-12,2024-12-12 09:35:57.740,0.1018111252855716,0.009257422085626112,0.062000000000000055
45,3B001874E8,79-2024-12-12,2024-12-12 09:37:03.741,0.1012087837868147,0.009862930018571765,0.06699999999999973
46,3B001874E8,80-2024-12-12,2024-12-12 09:38:57.734,0.1017470288828172,0.011715602863735717,0.057000000000000384
47,3B0019B8CC,82-2024-12-12,2024-12-12 09:43:21.690,0.1633288520650801,0.02232904743078881,0.05699999999999994
48,3B0019B8CC,86-2024-12-12,2024-12-12 09:45:59.691,0.157227223862959,0.01953436545048936,0.05899999999999994
49,3B004CD4DE,87-2024-12-12,2024-12-12 09:46:09.694,0.0976341387270341,0.012225580074367285,0.052999999999999936
50,3B00192E1E,88-2024-12-12,2024-12-12 09:47:10.693,0.0987010746926538,0.009339743174828545,0.07099999999999995
51,3B00192E1E,89-2024-12-12,2024-12-12 09:48:32.693,0.0966401887879415,0.009505484112699775,0.06999999999999984
52,3B00192E1E,90-2024-12-12,2024-12-12 09:49:22.695,0.1007525158752752,0.012811460699884905,0.062000000000000055
53,01103FA4B2,91-2024-12-12,2024-12-12 09:49:38.696,0.1028782571970058,0.012139886857911699,0.06300000000000006
54,3B0018C2F6,93-2024-12-12,2024-12-12 09:50:15.694,0.1667305440480093,0.02482870319880014,0.05500000000000016
55,3B0018A99B,96-2024-12-12,2024-12-12 09:57:00.699,0.0957532417517765,0.0046607841388472335,0.035999999999999976
56,3B0018A99B,98-2024-12-12,2024-12-12 09:57:23.699,0.0957532417517765,0.00034502475460818283,0.02299999999999991
57,01103FA4B2,99-2024-12-12,2024-12-12 09:58:46.700,0.1028782571970058,0.004255121161659462,0.03400000000000003
58,3B00199DE5,102-2024-12-12,2024-12-12 10:04:24.703,0.1056314595246609,0.015015477966213567,0.08200000000000002
59,3B0018C6F9,103-2024-12-12,2024-12-12 10:04:31.703,0.0940380930727395,0.006058164015691645,0.038000000000000034
60,01103F97C4,105-2024-12-12,2024-12-12 10:05:33.705,0.1830689426539151,0.022190484833471184,0.07299999999999995
61,3B0019F652,106-2024-12-12,2024-12-12 10:19:32.939,0.0882824483691724,0.005249941860904107,0.04800000000000004
62,01103F97C4,107-2024-12-12,2024-12-12 10:27:21.946,0.1830689426539151,0.017745197467553767,0.05600000000000005
63,3B0019F652,108-2024-12-12,2024-12-12 10:28:13.944,0.0878671600002787,0.009402937130591326,0.06099999999999994
64,3B0019F652,109-2024-12-12,2024-12-12 10:29:28.948,0.0887226556464631,0.008892077340279511,0.05600000000000005
65,3B001857EE,110-2024-12-12,2024-12-12 10:29:36.947,0.0917963177164509,0.010799996224786656,0.06599999999999984
66,3B00190DF0,114-2024-12-12,2024-12-12 10:34:24.949,0.1906751993966664,0.028540266603958066,0.06699999999999995
67,01103F88A1,116-2024-12-12,2024-12-12 11:15:18.921,0.1192401311160238,0.012535626043591945,0.07
68,3B00190DF0,118-2024-12-12,2024-12-12 11:18:48.924,0.1887009468288907,0.031503876710360555,0.052000000000000046
69,01103FA4B2,119-2024-12-12,2024-12-12 11:47:52.900,0.1028782571970057,0.023569165991329535,0.07200000000000006
70,01103FD2E8,121-2024-12-12,2024-12-12 11:48:39.901,0.1370626531250129,0.016761100933249427,0.09499999999999997
71,3B0019B8CC,122-2024-12-12,2024-12-12 11:48:54.901,0.157227223862959,0.024002650120724417,0.08099999999999996
72,3B0019B8CC,126-2024-12-12,2024-12-12 11:50:32.902,0.157227223862959,0.022044912868551456,0.07899999999999996
73,3B00192E1E,127-2024-12-12,2024-12-12 11:50:50.901,0.1007525158752752,0.009974823604722526,0.061
74,01103FD2E8,129-2024-12-12,2024-12-12 11:51:02.902,0.1370626531250129,0.0156167557329336,0.088
75,01103F97C4,132-2024-12-12,2024-12-12 11:52:30.902,0.1560198741991211,0.022188846643188348,0.07000000000000006
76,3B0019F652,134-2024-12-12,2024-12-12 11:53:06.902,0.0897305857900529,0.009747146211585823,0.06499999999999995
77,3B001874E8,138-2024-12-12,2024-12-12 11:55:16.903,0.1021516515268415,0.011500510971355146,0.0690000000000004
78,3B00190DF0,141-2024-12-12,2024-12-12 11:56:08.903,0.1906751993966663,0.026173563585234778,0.050000000000000044
79,3B0018A99B,142-2024-12-12,2024-12-12 11:56:12.905,0.0957532417517765,0.004624989299905695,0.038000000000000034
80,3B0018A99B,144-2024-12-12,2024-12-12 11:58:39.904,0.0957532417517765,0.0033547963404138184,0.03300000000000003
81,01103FD2E8,145-2024-12-12,2024-12-12 11:59:12.905,0.1370626531250129,0.02096365200043435,0.07100000000000006
82,01103FA4B2,146-2024-12-12,2024-12-12 11:59:59.907,0.1028782571970057,0.011402825240003552,0.06700000000000006
83,3B0019B8CC,148-2024-12-12,2024-12-12 12:00:45.905,0.1572272238629591,0.023448613114314617,0.063
84,01103FD2E8,150-2024-12-12,2024-12-12 12:01:42.907,0.1641585967103815,0.020144577804059254,0.06899999999999995
85,3B001874E8,151-2024-12-12,2024-12-12 12:02:25.906,0.1010654899708271,0.01607152457782266,0.05600000000000005
86,3B00190DF0,152-2024-12-12,2024-12-12 12:02:58.907,0.1833090116461869,0.026587635344657502,0.06000000000000005
87,3B00192E1E,153-2024-12-12,2024-12-12 12:03:56.906,0.1007525158752752,0.011748159936851325,0.05899999999999994
88,01103F9A64,155-2024-12-12,2024-12-12 12:04:49.908,0.1878729204617691,0.03369258151748769,0.08299999999999996
89,3B0018A99B,158-2024-12-12,2024-12-12 12:06:17.907,0.0947375906657602,0.012570687228406775,0.04899999999999993
90,3B00190DF0,159-2024-12-12,2024-12-12 12:06:42.908,0.1855193357304989,0.025007229022028253,0.07000000000000006
91,3B0018A99B,160-2024-12-12,2024-12-12 12:07:02.908,0.0957532417517765,0.01047230019683084,0.05300000000000016
92,3B004AB6A7,161-2024-12-12,2024-12-12 12:08:59.909,0.1102171940244457,0.011969057502496758,0.057999999999999996
93,01103F97C4,162-2024-12-12,2024-12-12 12:10:05.911,0.1830689426539151,0.017132756636702964,0.06499999999999995
94,01103F97C4,163-2024-12-12,2024-12-12 12:11:47.909,0.1830689426539151,0.018574304757377758,0.05699999999999994
95,3B0019B8CC,164-2024-12-12,2024-12-12 12:13:07.910,0.1572272238629591,0.024979613011185946,0.08399999999999985
96,3B004AB6A7,165-2024-12-12,2024-12-12 12:13:33.912,0.1076777756434533,0.01405306612193438,0.05300000000000005
97,3B004AB6A7,167-2024-12-12,2024-12-12 12:14:26.910,0.1069624060132615,0.012050595800765685,0.052999999999999936
98,3B00191394,169-2024-12-12,2024-12-12 12:26:48.916,0.0939742604749692,0.011588191487360986,0.05500000000000016
99,3B00182A81,170-2024-12-12,2024-12-12 12:26:52.917,0.1189321598688551,0.011873215080244491,0.046999999999999986
100,01103F97C4,171-2024-12-12,2024-12-12 12:27:04.918,0.1830689426539151,0.01763106516473463,0.052000000000000046
101,01103FA4B2,172-2024-12-12,2024-12-12 12:28:03.917,0.1028782571970058,0.005841149119037142,0.04400000000000004
102,3B00485E69,174-2024-12-12,2024-12-12 12:28:53.917,0.1003716349868282,0.003464457971703447,0.09700000000000003
103,01103FA4B2,175-2024-12-12,2024-12-12 12:29:04.917,0.1006549970875143,0.01276702605173005,0.05800000000000005
104,3B00190DF0,176-2024-12-12,2024-12-12 12:30:26.917,0.1856133638589373,0.0271942068788023,0.050999999999999934
105,3B00190DF0,181-2024-12-12,2024-12-12 12:32:22.918,0.1906751993966664,0.02427808062885514,0.07199999999999984
106,01103FD2E8,185-2024-12-12,2024-12-12 12:37:50.921,0.1619570809674008,0.005680763298980349,0.04600000000000004
107,3B00182A81,186-2024-12-12,2024-12-12 12:37:57.921,0.1189321598688551,0.0012373255588964342,0.05099999999999999
108,3B001874E8,188-2024-12-12,2024-12-12 12:39:04.920,0.1018111252855716,0.011505329771640165,0.07
109,3B00192E1E,189-2024-12-12,2024-12-12 12:39:11.918,0.1007525158752752,0.013486938199802866,0.07300000000000001
110,01103FD2E8,191-2024-12-12,2024-12-12 12:40:23.915,0.137062653125013,0.02422215338273016,0.07200000000000006
111,3B004CD4DE,193-2024-12-12,2024-12-12 12:41:10.912,0.09922631168994,0.01206706154115714,0.051000000000000156
112,3B001874E8,194-2024-12-12,2024-12-12 12:41:17.912,0.1059989521269484,0.010238567387338424,0.06800000000000006
113,3B001874E8,197-2024-12-12,2024-12-12 12:42:02.909,0.1018111252855716,0.015235355183457948,0.05400000000000005
114,3B00182A81,198-2024-12-12,2024-12-12 12:42:30.906,0.1189321598688551,0.0030121982173390467,0.02899999999999997
115,3B00192E1E,199-2024-12-12,2024-12-12 12:42:51.905,0.1007525158752752,0.009638508828681884,0.052000000000000046
116,01103FD2E8,200-2024-12-12,2024-12-12 12:43:07.905,0.165386588875609,0.018529788810892026,0.06899999999999995
117,3B0018C2F6,201-2024-12-12,2024-12-12 12:43:32.904,0.1600543004895258,0.0242147566209926,0.05400000000000005
118,01103F97C4,204-2024-12-12,2024-12-12 12:44:13.904,0.1830689426539151,0.014164220483013412,0.05099999999999971
119,3B00190DF0,205-2024-12-12,2024-12-12 12:44:48.904,0.1857658365385454,0.026617680307623834,0.054999999999999716
120,3B001874E8,206-2024-12-12,2024-12-12 12:45:01.902,0.1063067217352558,0.012678336777663939,0.07099999999999995
121,3B00190DF0,207-2024-12-12,2024-12-12 12:46:06.901,0.1875455709430434,0.0253099892949375,0.07100000000000017
122,3B0019B8CC,208-2024-12-12,2024-12-12 12:47:16.899,0.1703393821483474,0.01716946596435973,0.06099999999999994
123,3B00192E1E,210-2024-12-12,2024-12-12 12:48:09.897,0.103452274492277,0.003677841813901746,0.036000000000000476
124,01103FA4B2,211-2024-12-12,2024-12-12 12:50:12.897,0.1005708211810748,0.015333177439873518,0.06600000000000006
125,01103FA4B2,212-2024-12-12,2024-12-12 12:50:48.897,0.1013297269824831,0.0140069682831808,0.07000000000000006
126,3B004CD4DE,214-2024-12-12,2024-12-12 12:52:36.897,0.1003986183690209,0.013378238446117002,0.050999999999999934
127,3B0018C6F9,215-2024-12-12,2024-12-12 12:52:58.896,0.0988657983328012,0.012632113372898181,0.052000000000000046
128,01103FA4B2,216-2024-12-12,2024-12-12 12:54:09.897,0.1014764006437628,0.013838208500337068,0.04699999999999993
129,3B0018C2F6,217-2024-12-12,2024-12-12 12:54:22.897,0.1589415771497812,0.018979329858633688,0.06899999999999995
130,3B001874E8,218-2024-12-12,2024-12-12 12:54:55.897,0.106831938806446,0.010154205361063711,0.06800000000000006
131,3B00192E1E,219-2024-12-12,2024-12-12 12:57:17.897,0.1007525158752752,0.00031787778146802565,0.02200000000000002
132,3B00191394,221-2024-12-12,2024-12-12 12:57:28.898,0.0969058694292921,0.010329894598339325,0.06999999999999984
133,3B00191394,224-2024-12-12,2024-12-12 12:58:28.899,0.0983799553102634,0.01128448206911283,0.07700000000000007
134,3B00185CB8,226-2024-12-12,2024-12-12 12:59:14.898,0.0985461603137759,0.0035820302615902073,0.03400000000000003
135,01103F97C4,227-2024-12-12,2024-12-12 13:00:02.898,0.1830689426539151,0.02260394448638242,0.05399999999999999
136,01103FA4B2,228-2024-12-12,2024-12-12 13:00:19.899,0.1029305934338792,0.012217109030580991,0.05799999999999983
137,3B00190DF0,229-2024-12-12,2024-12-12 13:01:05.897,0.1906751993966664,0.025766561749933425,0.06999999999999995
138,3B001874E8,231-2024-12-12,2024-12-12 13:02:15.898,0.1018111252855716,0.015400303561798764,0.05799999999999994
139,3B00190DF0,233-2024-12-12,2024-12-12 13:02:39.899,0.1906751993966663,0.02530395317306353,0.055999999999999994
140,01103F9A64,235-2024-12-12,2024-12-12 13:03:17.900,0.1845973332583454,0.025405919634594078,0.05899999999999972
141,3B0018A99B,236-2024-12-12,2024-12-12 13:04:07.899,0.0957532417517765,0.004033836998937469,0.03600000000000003
142,01103F9A64,237-2024-12-12,2024-12-12 13:06:12.018,0.1759666147760053,0.029954081594161703,0.050000000000000044
143,3B0019F652,240-2024-12-12,2024-12-12 13:13:28.022,0.0897976306630789,0.008969122139522327,0.05900000000000016
144,3B00191394,242-2024-12-12,2024-12-12 13:15:06.024,0.0977810845168654,0.015261570342941781,0.04799999999999982
145,01103F97C4,244-2024-12-12,2024-12-12 13:16:26.024,0.1604687247171869,0.01978308586043412,0.07099999999999973
146,3B00192E1E,245-2024-12-12,2024-12-12 13:17:40.028,0.1035851593236415,0.0034718181492760652,0.03599999999999981
147,3B0018C6F9,247-2024-12-12,2024-12-12 13:18:20.025,0.0940380930727395,0.03215126148226794,0.07600000000000001
148,01103F9A64,248-2024-12-12,2024-12-12 13:19:01.025,0.1759666147760053,0.0305311519962198,0.05600000000000005
149,3B00190DF0,250-2024-12-12,2024-12-12 13:20:25.028,0.1906751993966663,0.026455483819547772,0.061
150,3B004AB6A7,251-2024-12-12,2024-12-12 13:21:02.027,0.1069156508181117,0.017584885871599357,0.04999999999999982
151,3B004AB6A7,252-2024-12-12,2024-12-12 13:21:11.028,0.1102171940244457,0.013178350473940021,0.05600000000000005
152,3B00190DF0,255-2024-12-12,2024-12-12 13:22:23.027,0.1883814240494643,0.024395289295342494,0.05600000000000005
153,3B00192E1E,257-2024-12-12,2024-12-12 13:22:47.027,0.1007525158752752,0.011426930692683683,0.07499999999999996
154,3B004AB6A7,258-2024-12-12,2024-12-12 13:22:57.028,0.1102171940244457,9.52282623925456e-05,0.016000000000000014
155,01103FD2E8,259-2024-12-12,2024-12-12 13:23:15.030,0.137062653125013,0.009083688301731941,0.07299999999999995
156,01103FA4B2,261-2024-12-12,2024-12-12 13:24:12.030,0.1028782571970058,0.01289379791069648,0.05500000000000005
157,3B00199DE5,262-2024-12-12,2024-12-12 13:24:27.028,0.1056314595246609,0.0022028913154052664,0.03400000000000003
158,3B00182A81,267-2024-12-12,2024-12-12 13:26:01.029,0.1189321598688551,0.002962757870251378,0.061
159,3B0018A99B,268-2024-12-12,2024-12-12 13:26:34.029,0.0967036963055047,0.0028560172609385205,0.06599999999999998
160,01103FD2E8,271-2024-12-12,2024-12-12 13:28:15.031,0.137062653125013,0.00827398147609938,0.06799999999999995
161,3B00190DF0,272-2024-12-12,2024-12-12 13:28:46.031,0.1906751993966663,0.024310532659360853,0.05999999999999983
162,3B00190DF0,275-2024-12-12,2024-12-12 13:30:05.031,0.1887798959631551,0.0289112310056237,0.07100000000000017
163,3B00190DF0,276-2024-12-12,2024-12-12 13:32:25.036,0.1872158195033762,0.02653916196515823,0.06999999999999984
164,3B0018C2F6,277-2024-12-12,2024-12-12 13:33:04.032,0.1600543004895258,0.01173946084175503,0.07300000000000018
165,01103F97C4,279-2024-12-12,2024-12-12 13:34:09.033,0.1830689426539151,0.02193139912026955,0.052999999999999936
166,3B00190DF0,280-2024-12-12,2024-12-12 13:34:27.033,0.1929587225660126,0.026243551626615402,0.05400000000000005
167,3B0018C2F6,281-2024-12-12,2024-12-12 13:34:45.033,0.1600543004895258,0.030156122004132674,0.07200000000000006
168,3B001874E8,282-2024-12-12,2024-12-12 13:35:11.032,0.1069505851189074,0.01582482251115686,0.05400000000000027
169,01103FD2E8,283-2024-12-12,2024-12-12 13:35:22.033,0.137062653125013,0.00025640305741279977,0.016000000000000014
170,01103F97C4,284-2024-12-12,2024-12-12 13:35:31.033,0.1618735390415308,0.023263501854242905,0.04400000000000004
171,01103F97C4,286-2024-12-12,2024-12-12 13:36:35.034,0.1672016585165173,0.022788295566052223,0.051000000000000156
172,3B00182A81,287-2024-12-12,2024-12-12 13:36:42.033,0.1189321598688551,0.0018663495175117607,0.03500000000000014
173,3B001874E8,289-2024-12-12,2024-12-12 13:38:53.032,0.1071421793435863,0.010783906849006548,0.06300000000000061
174,01103F97C4,290-2024-12-12,2024-12-12 13:39:36.030,0.1662749270029335,0.0221564576810293,0.052000000000000046
175,3B001877B5,291-2024-12-12,2024-12-12 13:40:00.028,0.1807590243133703,0.019600584325710192,0.07199999999999984
176,3B00191394,296-2024-12-12,2024-12-12 13:45:26.017,0.0966894107571034,0.010696443712234431,0.06099999999999994
177,3B004AB6A7,298-2024-12-12,2024-12-12 13:48:12.013,0.1073551889897953,0.013666826971228055,0.05799999999999983
178,01103F97C4,300-2024-12-12,2024-12-12 13:50:15.012,0.1694552779815086,0.02312913256923023,0.07099999999999973
179,3B00191394,303-2024-12-12,2024-12-12 13:54:51.011,0.0987111231988293,0.011836398486796873,0.07299999999999995
180,3B00192E1E,304-2024-12-12,2024-12-12 13:55:08.013,0.1056489895020206,0.010272260391090212,0.05600000000000005
181,01103FA4B2,308-2024-12-12,2024-12-12 13:57:47.012,0.1027022749953175,0.005452841468259186,0.043999999999999595
182,3B00191394,309-2024-12-12,2024-12-12 13:58:53.012,0.0966894107571034,0.011141258447844887,0.06699999999999995
183,01103FA4B2,310-2024-12-12,2024-12-12 13:59:30.013,0.1029657960890344,0.015104290002520764,0.051000000000000156
184,3B0019B8CC,311-2024-12-12,2024-12-12 14:00:33.013,0.157227223862959,0.023760774064592465,0.05900000000000016
185,01103FD2E8,312-2024-12-12,2024-12-12 14:00:53.012,0.137062653125013,0.007360028262266574,0.049000000000000044
186,3B00182A81,313-2024-12-12,2024-12-12 14:00:58.013,0.1054244479146065,0.004305179536518062,0.065
187,3B0018A99B,315-2024-12-12,2024-12-12 14:16:58.022,0.0957532417517765,0.01393586492398411,0.052000000000000046
188,3B0018A99B,316-2024-12-12,2024-12-12 14:19:30.026,0.0957532417517765,0.012601940174040491,0.06500000000000006
189,3B0019F652,317-2024-12-12,2024-12-12 14:19:42.024,0.0989041678712658,0.0138566597185988,0.05499999999999999
190,3B0018A99B,318-2024-12-12,2024-12-12 14:20:50.025,0.0980324180450671,0.01059918340042223,0.05999999999999983
191,3B0019F652,319-2024-12-12,2024-12-12 14:21:09.024,0.0898887910065373,0.014223141747913552,0.04700000000000015
192,3B004CD4DE,321-2024-12-12,2024-12-12 14:21:55.026,0.0985805693196186,0.014933370199592412,0.062000000000000055
193,3B00191394,325-2024-12-12,2024-12-12 14:22:57.027,0.0966894107571034,0.013497416129676048,0.05699999999999994
194,3B00192E1E,326-2024-12-12,2024-12-12 14:23:05.027,0.1007525158752752,0.008865496579399442,0.10999999999999999
195,01103F97C4,327-2024-12-12,2024-12-12 14:23:14.026,0.1830689426539151,0.021551071361862264,0.05699999999999994
196,01103F97C4,332-2024-12-12,2024-12-12 14:24:48.026,0.1830689426539151,0.024027191194168435,0.057999999999999996
197,01103F97C4,333-2024-12-12,2024-12-12 14:24:55.028,0.1830689426539151,0.022725984414751238,0.052999999999999936
198,3B004AB6A7,336-2024-12-12,2024-12-12 14:25:49.027,0.1065488670434615,0.012874647485652512,0.04999999999999982
199,01103F9A64,338-2024-12-12,2024-12-12 14:26:21.027,0.1860436544664862,0.036694412108528286,0.05400000000000027
200,3B00182A81,342-2024-12-12,2024-12-12 14:27:39.027,0.1189321598688551,0.012387514089617661,0.052000000000000046
201,3B0019B8CC,344-2024-12-12,2024-12-12 14:28:58.028,0.157227223862959,0.024780426060645535,0.06900000000000017
202,01103F97C4,345-2024-12-12,2024-12-12 14:29:27.029,0.1668191371425,0.02136145104297221,0.058000000000000274
203,3B00191394,347-2024-12-12,2024-12-12 14:30:19.030,0.0966894107571034,0.01284836839347586,0.05299999999999999
204,3B0018C2F6,350-2024-12-12,2024-12-12 14:30:51.029,0.1579836347057105,0.02691173699644982,0.06000000000000005
205,01103F9A64,352-2024-12-12,2024-12-12 14:33:15.031,0.1905944625752329,0.023148716914170735,0.05600000000000005
206,3B00191394,353-2024-12-12,2024-12-12 14:38:21.034,0.0966894107571034,0.012162721503592731,0.064
207,3B00192E1E,355-2024-12-12,2024-12-12 14:57:49.009,0.1007525158752752,0.01297039338208701,0.051000000000000156
208,01103FD2E8,357-2024-12-12,2024-12-12 14:58:21.009,0.137062653125013,0.007222211426900283,0.06
209,3B00191394,358-2024-12-12,2024-12-12 14:58:25.009,0.0985641506037786,0.011553581916962562,0.07099999999999973
210,3B00192E1E,359-2024-12-12,2024-12-12 14:58:49.010,0.1007525158752752,0.012727851425592478,0.07899999999999996
211,3B00190DF0,363-2024-12-12,2024-12-12 15:00:50.011,0.1826895456930283,0.030852093744993515,0.052999999999999936
212,3B00190DF0,364-2024-12-12,2024-12-12 15:06:18.013,0.1906751993966663,0.026441261942206362,0.062
213,3B00190DF0,365-2024-12-12,2024-12-12 15:10:00.015,0.1819863804116777,0.02444466920518927,0.06000000000000005
214,3B0019F652,366-2024-12-12,2024-12-12 15:10:06.015,0.0898887910065372,0.003978780271191396,0.04099999999999998
215,01103FD2E8,367-2024-12-12,2024-12-12 15:10:59.016,0.137062653125013,0.023406837518145783,0.07200000000000001
216,3B0019F652,368-2024-12-12,2024-12-12 15:11:58.015,0.0905078592913948,0.004420477577521717,0.04299999999999993
217,3B0018A99B,369-2024-12-12,2024-12-12 15:12:05.015,0.0957532417517765,0.0027898906467684046,0.08699999999999997
218,3B00190DF0,372-2024-12-12,2024-12-12 15:12:53.015,0.1906751993966664,0.025730162177786082,0.06300000000000006
219,3B0019B8CC,373-2024-12-12,2024-12-12 15:13:03.017,0.157227223862959,0.025621572458979405,0.05500000000000016
220,3B0019F652,374-2024-12-12,2024-12-12 15:20:01.021,0.0910449637066649,0.01436683230481505,0.0519999999999996
221,3B0019F652,375-2024-12-12,2024-12-12 15:26:33.025,0.0904993389762163,0.01355047973191009,0.04699999999999971
222,3B0019F652,376-2024-12-12,2024-12-12 15:28:36.026,0.0920682189195945,0.005233832543442299,0.039000000000000146
223,3B004CD4DE,377-2024-12-12,2024-12-12 15:31:16.030,0.1003986183690209,0.011648594247274791,0.04500000000000004
224,3B0019F652,378-2024-12-12,2024-12-12 15:31:37.028,0.0898887910065372,0.004862619732068581,0.039000000000000146
225,01103FD2E8,379-2024-12-12,2024-12-12 15:31:59.028,0.1370626531250129,0.02242407694180886,0.06600000000000006
226,3B004CD4DE,381-2024-12-12,2024-12-12 15:33:20.028,0.0959210986177343,0.012253989192229853,0.04800000000000004
227,3B0018A99B,383-2024-12-12,2024-12-12 15:35:54.031,0.0957532417517765,0.004284682986387011,0.03600000000000003
228,3B0018A99B,385-2024-12-12,2024-12-12 15:38:12.031,0.0994755670134286,0.004031448777913699,0.03500000000000014
229,01103F97C4,386-2024-12-12,2024-12-12 15:38:27.030,0.1830689426539151,0.021060037396029418,0.052000000000000046
230,3B004CD4DE,387-2024-12-12,2024-12-12 15:38:34.029,0.088518748992174,0.011560275866930083,0.05600000000000005
231,3B001877B5,391-2024-12-12,2024-12-12 15:40:23.021,0.1756930881379383,0.020946131733372838,0.07700000000000001
232,01103FD2E8,395-2024-12-12,2024-12-12 15:41:05.019,0.1663771642090179,0.026721807553807285,0.05899999999999994
233,3B001877B5,396-2024-12-12,2024-12-12 15:42:46.011,0.1756930881379383,0.020188975445179832,0.06800000000000006
234,3B0019B8CC,2-2024-12-15,2024-12-15 08:29:04.798,0.157227223862959,0.02646693727023772,0.08499999999999996
235,3B0019B8CC,3-2024-12-15,2024-12-15 08:30:32.799,0.157227223862959,0.025870443063572175,0.051000000000000045
236,3B0018C2F6,8-2024-12-15,2024-12-15 08:54:51.799,0.1500125646148875,0.0255681865702664,0.05800000000000005
237,01103F97C4,9-2024-12-15,2024-12-15 08:55:50.786,0.1570954972985261,0.024632865262054975,0.06099999999999994
238,3B001874E8,10-2024-12-15,2024-12-15 08:56:16.782,0.1018111252855716,0.00040079235768529433,0.015000000000000124
239,3B001874E8,11-2024-12-15,2024-12-15 08:57:23.775,0.0965974718049906,0.01325000544355092,0.07999999999999996
240,01103F97C4,12-2024-12-15,2024-12-15 08:58:40.769,0.1676441888996202,0.021780796157072586,0.05600000000000005
241,3B00192E1E,16-2024-12-15,2024-12-15 09:02:22.773,0.1007525158752752,0.0036872722761568505,0.03300000000000003
242,01103F97C4,17-2024-12-15,2024-12-15 09:03:46.771,0.15845130723957,0.02164011353978728,0.05600000000000094
243,3B004AB6A7,18-2024-12-15,2024-12-15 09:04:15.771,0.1102171940244457,0.014858752909331755,0.04700000000000015
244,3B004AB6A7,19-2024-12-15,2024-12-15 09:05:05.774,0.1102171940244457,0.012449462875436535,0.04500000000000004
245,3B00190DF0,20-2024-12-15,2024-12-15 09:21:30.784,0.1906751993966663,0.022473344074868992,0.06499999999999995
246,3B00190DF0,24-2024-12-15,2024-12-15 09:23:00.784,0.1906751993966664,0.025209956492893947,0.05299999999999999
247,3B004CD4DE,25-2024-12-15,2024-12-15 09:23:41.785,0.0959946523732898,0.014529854322372068,0.04899999999999993
248,3B0018C2F6,26-2024-12-15,2024-12-15 09:23:57.785,0.1498287259016785,0.02302560070593466,0.05400000000000005
249,3B001874E8,27-2024-12-15,2024-12-15 09:24:30.784,0.1018111252855716,0.013402838136077722,0.052000000000000046
250,3B001874E8,28-2024-12-15,2024-12-15 09:28:07.787,0.0988976123570469,0.013793720169028868,0.05099999999999971
251,3B0018C2F6,29-2024-12-15,2024-12-15 09:55:46.777,0.1500125646148875,0.02586239613653168,0.052000000000000046
252,3B0018C2F6,30-2024-12-15,2024-12-15 10:09:39.766,0.1500125646148875,0.026018292972234652,0.06000000000000005
253,3B0018C6F9,31-2024-12-15,2024-12-15 10:11:36.764,0.0995207441742754,0.013608947785399736,0.03999999999999998
254,3B004CD4DE,33-2024-12-15,2024-12-15 10:11:43.763,0.095072996479498,0.01513789302384643,0.07599999999999996
255,3B0019B8CC,34-2024-12-15,2024-12-15 10:11:47.764,0.1572272238629591,0.026249617959457846,0.050999999999999934
256,3B0018A99B,36-2024-12-15,2024-12-15 10:15:23.766,0.0957532417517765,0.002676330838382694,0.03600000000000003
257,3B0019B8CC,37-2024-12-15,2024-12-15 10:15:27.766,0.157227223862959,0.024557062071393975,0.05600000000000005
258,3B0018C2F6,38-2024-12-15,2024-12-15 10:15:38.766,0.136922474772736,0.026799931258820207,0.053999999999999826
259,3B0018A99B,40-2024-12-15,2024-12-15 10:16:34.768,0.0918648232933337,0.013316840574046076,0.052000000000000046
260,01103F97C4,41-2024-12-15,2024-12-15 10:16:43.767,0.1491690762762079,0.025194033192654022,0.07000000000000006
261,3B0019B8CC,42-2024-12-15,2024-12-15 10:17:29.768,0.157227223862959,0.026858947961535717,0.05400000000000005
262,3B0019B8CC,43-2024-12-15,2024-12-15 10:18:43.769,0.157227223862959,0.025260431272246364,0.052000000000000046
263,3B00192E1E,44-2024-12-15,2024-12-15 10:19:27.770,0.1007525158752752,0.010151892717012816,0.04300000000000004
264,01103F97C4,45-2024-12-15,2024-12-15 10:20:39.769,0.1399459667099785,0.02648870999146836,0.07299999999999995
265,01103F97C4,46-2024-12-15,2024-12-15 10:21:22.771,0.1357066304064012,0.02595825748125514,0.052999999999999936
266,01103F97C4,47-2024-12-15,2024-12-15 10:23:05.772,0.1591361166975348,0.020988716378561593,0.05900000000000016
267,3B0019B8CC,48-2024-12-15,2024-12-15 10:27:31.776,0.157227223862959,0.02679150995681677,0.05699999999999994
268,01103F97C4,49-2024-12-15,2024-12-15 10:27:58.777,0.1416803225936452,0.022805506452960818,0.07600000000000007
269,3B001874E8,52-2024-12-15,2024-12-15 10:31:14.776,0.0996332921258633,0.013196012866896695,0.05599999999999983
270,3B0019F652,53-2024-12-15,2024-12-15 10:31:28.779,0.0898887910065372,0.013424317236267637,0.04500000000000004
271,3B0019B8CC,54-2024-12-15,2024-12-15 10:31:50.776,0.1615608598490173,0.025103659018936703,0.05899999999999994
272,3B001857EE,59-2024-12-15,2024-12-15 10:46:10.785,0.0917963177164509,0.01589135194061603,0.05700000000000016
273,3B001857EE,61-2024-12-15,2024-12-15 11:00:18.753,0.0917963177164509,0.012800585451931124,0.07199999999999984
274,3B001874E8,62-2024-12-15,2024-12-15 11:11:38.761,0.1018111252855716,0.013850229878215492,0.07299999999999995
275,3B00192E1E,63-2024-12-15,2024-12-15 11:12:04.762,0.1007525158752752,0.011712394116645312,0.052999999999999936
276,3B001874E8,64-2024-12-15,2024-12-15 11:12:34.761,0.1018111252855716,0.013289456498747836,0.06899999999999995
277,3B0018A99B,65-2024-12-15,2024-12-15 11:17:56.764,0.0957532417517765,0.003953480337944599,0.038999999999999924
278,3B001874E8,66-2024-12-15,2024-12-15 11:17:58.765,0.1013060802392113,0.014545445111189784,0.051999999999999935
279,3B001874E8,67-2024-12-15,2024-12-15 11:18:53.764,0.101614034963308,0.013918230580206798,0.04899999999999993
280,3B00182A81,71-2024-12-15,2024-12-15 11:20:35.765,0.1200314724929308,0.011384624110134352,0.07800000000000001
281,3B00182A81,72-2024-12-15,2024-12-15 11:21:18.765,0.1200314724929308,0.010942771889505916,0.05199999999999999
282,3B004AB6A7,73-2024-12-15,2024-12-15 11:22:25.766,0.1102171940244457,0.015285260481093462,0.051000000000000156
283,3B0018A99B,74-2024-12-15,2024-12-15 11:22:38.766,0.0957532417517765,0.003644436098024499,0.037000000000000144
284,01103F9A64,78-2024-12-15,2024-12-15 11:24:40.767,0.1892092603376109,0.0284501203305206,0.05300000000000016
285,3B0019B8CC,79-2024-12-15,2024-12-15 11:24:53.768,0.157227223862959,0.02221345793256827,0.07
286,01103F9A64,80-2024-12-15,2024-12-15 11:25:19.768,0.1892092603376109,0.028683318121637966,0.04699999999999993
287,01103F9A64,82-2024-12-15,2024-12-15 11:27:03.768,0.1738235221679402,0.02862413175746034,0.051999999999999824
288,3B0019B8CC,83-2024-12-15,2024-12-15 11:27:14.769,0.1572272238629591,0.02620934562377179,0.05499999999999999
289,01103F9A64,84-2024-12-15,2024-12-15 11:27:46.769,0.1791115006749826,0.027585413281318603,0.053999999999999826
290,01103F9A64,85-2024-12-15,2024-12-15 11:29:10.769,0.1892092603376109,0.029576107587548153,0.052999999999999936
291,3B0019B8CC,86-2024-12-15,2024-12-15 11:29:22.770,0.1702046040202312,0.025266134389820123,0.050999999999999934
292,3B0019F652,87-2024-12-15,2024-12-15 11:30:10.769,0.0898887910065372,0.003958539564046014,0.04200000000000004
293,01103F9A64,88-2024-12-15,2024-12-15 11:30:42.770,0.1892092603376109,0.030611573031755684,0.04800000000000004
294,01103F9A64,89-2024-12-15,2024-12-15 11:31:25.771,0.1892092603376109,0.031037280147853678,0.04799999999999999
295,3B00192E1E,90-2024-12-15,2024-12-15 11:32:17.773,0.1007525158752752,0.0012516251703259108,0.06599999999999995
296,01103F9A64,91-2024-12-15,2024-12-15 11:32:27.770,0.1766655439062339,0.027841748924107144,0.052000000000000046
297,3B001857EE,92-2024-12-15,2024-12-15 11:33:15.773,0.0917963177164509,0.012615581360759631,0.05899999999999994
298,01103F9A64,93-2024-12-15,2024-12-15 11:34:58.772,0.1892092603376109,0.029108262015864195,0.04800000000000004
299,01103F9A64,96-2024-12-15,2024-12-15 11:36:15.773,0.1892092603376109,0.02690650292786204,0.06500000000000039
300,3B0019B8CC,97-2024-12-15,2024-12-15 11:36:27.772,0.1572272238629591,0.02765689502459257,0.05099999999999971
301,3B001857EE,98-2024-12-15,2024-12-15 11:36:35.774,0.0899060627808703,0.004891932222227169,0.04699999999999993
302,3B0019F652,100-2024-12-15,2024-12-15 11:39:58.775,0.0898887910065372,0.013712705538260653,0.05300000000000016
303,01103F8EAC,101-2024-12-15,2024-12-15 11:40:44.775,0.1759518000517584,0.019487633745971632,0.05600000000000005
304,3B00192E1E,103-2024-12-15,2024-12-15 11:40:58.775,0.0995733518645976,0.0009486787994376692,0.07800000000000007
305,01103F8EAC,106-2024-12-15,2024-12-15 11:43:00.777,0.1759518000517584,0.022334688686597808,0.06499999999999995
306,3B00182A81,107-2024-12-15,2024-12-15 11:44:01.779,0.1200314724929308,0.003152115321215346,0.03300000000000003
307,01103F8EAC,109-2024-12-15,2024-12-15 11:47:21.779,0.1759518000517584,0.02205506662179412,0.07400000000000007
308,3B00192E1E,116-2024-12-15,2024-12-15 12:05:11.760,0.0990709934980141,0.01265659612946934,0.04899999999999993
309,3B00182A81,119-2024-12-15,2024-12-15 12:16:18.761,0.1200314724929308,0.010269396926415432,0.05000000000000002
310,01103F8EAC,120-2024-12-15,2024-12-15 12:16:21.760,0.1600863066991963,0.022832598234874393,0.062000000000000055
311,3B0019B8CC,121-2024-12-15,2024-12-15 12:16:27.760,0.157227223862959,0.025131216713526736,0.05099999999999999
312,3B00192E1E,122-2024-12-15,2024-12-15 12:16:32.759,0.0994485061068525,0.0038823370923376246,0.03600000000000003
313,3B0019F652,123-2024-12-15,2024-12-15 12:17:32.761,0.0874555223793916,0.012414320938415498,0.04900000000000038
314,01103F8EAC,125-2024-12-15,2024-12-15 12:19:49.258,0.1775539465936011,0.026156523994238477,0.06299999999999972
315,3B0019F652,126-2024-12-15,2024-12-15 12:20:04.258,0.087855648370936,0.013064572720680631,0.056999999999999496
316,3B00199DE5,128-2024-12-15,2024-12-15 12:23:28.260,0.1056314595246609,0.013228479457617083,0.08399999999999985
317,3B0019B8CC,130-2024-12-15,2024-12-15 12:24:09.263,0.157227223862959,0.02597354365550889,0.04899999999999993
318,3B0018A99B,131-2024-12-15,2024-12-15 12:24:31.260,0.0957532417517765,0.004213483875412701,0.03600000000000003
319,01103F8EAC,133-2024-12-15,2024-12-15 12:26:17.262,0.1746873906978441,0.02413853649597212,0.06499999999999995
320,3B0019B8CC,135-2024-12-15,2024-12-15 12:26:36.262,0.157227223862959,0.02727768025198928,0.07299999999999995
321,3B00182A81,136-2024-12-15,2024-12-15 12:26:54.261,0.1002300359171897,0.003778000026131802,0.051000000000000045
322,3B00192E1E,137-2024-12-15,2024-12-15 12:28:42.263,0.1007525158752752,0.012440832499816703,0.049000000000000044
323,01103F9A64,138-2024-12-15,2024-12-15 12:30:30.263,0.1722796395607924,0.027876587991133784,0.06099999999999994
324,01103F9A64,143-2024-12-15,2024-12-15 12:33:03.265,0.1892092603376109,0.029528334368788173,0.05699999999999994
325,01103F97C4,145-2024-12-15,2024-12-15 12:33:23.265,0.1564676672190986,0.021352563707125422,0.07000000000000006
326,01103F9A64,146-2024-12-15,2024-12-15 12:33:55.265,0.1892092603376109,0.028220067633351636,0.051999999999999824
327,3B0018C2F6,147-2024-12-15,2024-12-15 12:34:26.266,0.1536003643760272,0.024858902160136736,0.04300000000000015
328,01103F9A64,148-2024-12-15,2024-12-15 12:35:11.266,0.18045405558681,0.029029939043317788,0.05600000000000005
329,01103F97C4,149-2024-12-15,2024-12-15 12:35:16.265,0.1605584857909996,0.026191626535897624,0.050000000000000044
330,01103F8EAC,151-2024-12-15,2024-12-15 12:35:33.266,0.1790246860597878,0.021250986406610762,0.06899999999999995
331,01103F9A64,152-2024-12-15,2024-12-15 12:36:33.267,0.1892092603376109,0.029119886493595096,0.052000000000000046
332,01103F8EAC,155-2024-12-15,2024-12-15 12:38:53.268,0.1758234334051996,0.020844862681642432,0.05600000000000005
333,01103F97C4,156-2024-12-15,2024-12-15 12:39:05.270,0.1676441888996201,0.02469241149388251,0.04699999999999993
334,3B0018C2F6,157-2024-12-15,2024-12-15 12:39:13.268,0.1366107793254442,0.0267601081745696,0.07399999999999984
335,3B0019B8CC,158-2024-12-15,2024-12-15 12:39:25.267,0.1657258056213554,0.025725390216890905,0.06099999999999994
336,01103F9A64,159-2024-12-15,2024-12-15 12:39:42.268,0.1866464719996206,0.03223487088229413,0.051000000000000156
337,3B00182A81,160-2024-12-15,2024-12-15 12:39:49.268,0.1200314724929308,0.011285328967350542,0.05099999999999999
338,3B00199DE5,161-2024-12-15,2024-12-15 12:40:33.268,0.1032001034158162,0.0034367844104454593,0.03399999999999981
339,3B0018C2F6,162-2024-12-15,2024-12-15 12:40:47.270,0.1500125646148875,0.026155640368142653,0.05099999999999999
340,3B0018C2F6,164-2024-12-15,2024-12-15 12:42:33.268,0.1587804191371041,0.025570670144035808,0.05499999999999994
341,3B0018C2F6,165-2024-12-15,2024-12-15 12:44:18.270,0.1500125646148875,0.024047951032342488,0.07099999999999995
342,3B0018C2F6,166-2024-12-15,2024-12-15 12:45:35.272,0.1500125646148875,0.02589765306298193,0.05400000000000005
343,01103F8EAC,167-2024-12-15,2024-12-15 12:46:41.272,0.1793456143803024,0.01998023735223915,0.07099999999999995
344,3B0018C2F6,168-2024-12-15,2024-12-15 12:46:50.273,0.1500125646148875,0.022738191223313147,0.05999999999999994
345,01103F97C4,170-2024-12-15,2024-12-15 12:47:45.271,0.1676441888996202,0.024388902078523535,0.04999999999999982
346,3B00485E69,171-2024-12-15,2024-12-15 12:48:07.273,0.1037549080401284,0.012797928033204958,0.050000000000000044
347,3B0018C2F6,172-2024-12-15,2024-12-15 12:48:19.271,0.1607293546064952,0.025958572183597706,0.052000000000000046
348,01103F8EAC,174-2024-12-15,2024-12-15 12:50:22.273,0.1774061856026035,0.02693620864365298,0.05899999999999972
349,01103F97C4,175-2024-12-15,2024-12-15 12:50:35.273,0.1676441888996201,0.02438059311022612,0.050000000000000044
350,01103F8EAC,177-2024-12-15,2024-12-15 12:54:50.268,0.1741403040773304,0.025781757880535765,0.06300000000000017
351,3B00182A81,178-2024-12-15,2024-12-15 12:55:24.266,0.1200314724929308,0.002327886938610736,0.05500000000000005
352,3B0018C2F6,179-2024-12-15,2024-12-15 12:56:09.263,0.1559004501092226,0.027306591757913737,0.057000000000000384
353,3B00182A81,180-2024-12-15,2024-12-15 13:01:04.257,0.0993757522311285,0.003260515897757754,0.06599999999999998
354,3B00190DF0,182-2024-12-15,2024-12-15 13:02:06.254,0.1906751993966663,0.02597977054184146,0.06099999999999994
355,3B0018C2F6,183-2024-12-15,2024-12-15 13:06:11.256,0.1500125646148875,0.02545971148433212,0.05899999999999994
356,0700ED9568,184-2024-12-15,2024-12-15 13:08:58.254,0.1629727087519889,0.026715756849156135,0.06500000000000003
357,3B00192E1E,185-2024-12-15,2024-12-15 13:11:57.256,0.1007525158752752,0.0030782731420605407,0.03200000000000003
358,0700ED9568,187-2024-12-15,2024-12-15 13:13:52.255,0.1412823079578174,0.033159988797399224,0.07099999999999995
359,3B00485E69,190-2024-12-15,2024-12-15 13:15:40.256,0.1037549080401284,0.012591781155108148,0.054999999999999716
360,3B00199DE5,191-2024-12-15,2024-12-15 13:16:20.259,0.1054009325462842,0.004718652109300487,0.03599999999999992
361,3B00190DF0,192-2024-12-15,2024-12-15 13:17:03.257,0.1906751993966663,0.02517320016620493,0.04399999999999982
362,3B0018C2F6,193-2024-12-15,2024-12-15 13:17:22.259,0.1500125646148875,0.02265943637273788,0.07599999999999996
363,01103F97C4,194-2024-12-15,2024-12-15 13:17:38.257,0.1665192888358107,0.02200019835653187,0.057000000000000384
364,3B00190DF0,195-2024-12-15,2024-12-15 13:19:31.257,0.1807575577926863,0.02691315426493929,0.052999999999999936
365,3B001857EE,198-2024-12-15,2024-12-15 13:20:51.258,0.1018442057155447,0.011728465157739927,0.051999999999999824
366,3B001857EE,200-2024-12-15,2024-12-15 13:21:56.257,0.0917963177164509,0.003026712771023002,0.10999999999999988
367,3B0019B8CC,206-2024-12-15,2024-12-15 13:26:33.260,0.1670612955582878,0.023817915186108325,0.05799999999999983
368,0700ED9568,207-2024-12-15,2024-12-15 13:26:50.261,0.162972708751989,0.02931400898321143,0.07
369,01103F9A64,209-2024-12-15,2024-12-15 13:27:41.262,0.1892092603376109,0.028314353580401394,0.052000000000000046
370,01103F9A64,211-2024-12-15,2024-12-15 13:36:04.266,0.1892092603376109,0.029679985084414294,0.050000000000000044
371,3B0019B8CC,212-2024-12-15,2024-12-15 13:36:07.265,0.157227223862959,0.015322815509825899,0.07100000000000001
372,01103F9A64,214-2024-12-15,2024-12-15 13:37:44.267,0.1892092603376109,0.036071067893115955,0.052999999999999936
373,01103F9A64,216-2024-12-15,2024-12-15 13:38:40.267,0.1892092603376109,0.03007658909790408,0.04999999999999993
374,3B0019F652,218-2024-12-15,2024-12-15 13:39:10.268,0.0898887910065372,0.012032980500189252,0.07299999999999995
375,3B00485E69,219-2024-12-15,2024-12-15 13:54:45.268,0.1037549080401284,0.0029788072496724533,0.10999999999999999
376,3B004CD4DE,220-2024-12-15,2024-12-15 13:55:34.266,0.095072996479498,0.014116739338113356,0.04799999999999993
377,01103F97C4,221-2024-12-15,2024-12-15 13:56:18.264,0.1676441888996202,0.025239699226573053,0.04899999999999993
378,3B00192E1E,222-2024-12-15,2024-12-15 13:56:39.264,0.1007525158752752,0.0363989564065947,0.10900000000000004
379,3B0019B8CC,223-2024-12-15,2024-12-15 13:56:44.263,0.157227223862959,0.027631449554400916,0.052999999999999936
380,3B0019F652,225-2024-12-15,2024-12-15 13:57:40.259,0.0898887910065373,0.010242677084401294,0.050000000000000044
381,01103F97C4,226-2024-12-15,2024-12-15 13:57:56.259,0.1676441888996202,0.027265797915905516,0.04899999999999993
382,01103F9A64,227-2024-12-15,2024-12-15 13:58:05.257,0.1778509755674217,0.03484427548659137,0.05799999999999983
383,3B0019F652,229-2024-12-15,2024-12-15 13:58:39.257,0.0898887910065373,0.012446884566067939,0.06500000000000006
384,01103F8EAC,230-2024-12-15,2024-12-15 13:59:17.256,0.1759518000517584,0.023696888597804812,0.067
385,3B0019F652,238-2024-12-15,2024-12-15 14:17:10.254,0.0898887910065372,0.010053150387152711,0.05400000000000005
386,01103F9A64,239-2024-12-15,2024-12-15 14:17:21.253,0.1892092603376109,0.029173670822485814,0.049000000000000044
387,3B0019B8CC,240-2024-12-15,2024-12-15 14:17:33.254,0.157227223862959,0.02610902330835123,0.052999999999999936
388,3B0018C2F6,241-2024-12-15,2024-12-15 14:17:59.256,0.1500125646148875,0.02680111150139094,0.07099999999999995
389,01103F97C4,242-2024-12-15,2024-12-15 14:18:23.257,0.1676441888996202,0.02733887152826567,0.06299999999999994
390,3B004CD4DE,243-2024-12-15,2024-12-15 14:18:27.255,0.095072996479498,0.015711281127739018,0.07999999999999996
391,01103F9A64,244-2024-12-15,2024-12-15 14:19:55.254,0.1770354205239366,0.02812218022013427,0.05400000000000005
392,3B0018C2F6,245-2024-12-15,2024-12-15 14:20:47.256,0.1500125646148875,0.0276099844277223,0.05400000000000005
393,3B0019B8CC,246-2024-12-15,2024-12-15 14:21:03.256,0.157227223862959,0.00036395889506953666,0.028999999999999915
394,01103F9A64,247-2024-12-15,2024-12-15 14:21:09.256,0.1815350915616796,0.029882943091984242,0.07399999999999984
395,3B0019B8CC,248-2024-12-15,2024-12-15 14:21:14.255,0.157227223862959,0.025970047486605738,0.06299999999999994
396,3B0019F652,250-2024-12-15,2024-12-15 14:23:27.256,0.0898887910065372,0.011898509602140167,0.04600000000000004
397,01103F8EAC,253-2024-12-15,2024-12-15 14:29:11.260,0.1759518000517584,0.024225970112778335,0.06300000000000017
398,01103F9A64,256-2024-12-15,2024-12-15 14:30:12.260,0.1892092603376109,0.03160270282002221,0.05699999999999994
399,3B0019F652,257-2024-12-15,2024-12-15 14:30:21.261,0.0898887910065372,0.012225382439305687,0.05099999999999999
400,01103F8EAC,258-2024-12-15,2024-12-15 14:32:29.262,0.1759518000517584,0.021560675020153134,0.07300000000000001
401,3B0019F652,259-2024-12-15,2024-12-15 14:32:58.261,0.0898887910065373,0.012413675754340981,0.05800000000000005
402,01103F9A64,260-2024-12-15,2024-12-15 14:33:45.261,0.1892092603376109,0.030881043829001417,0.07200000000000001
403,3B00190DF0,263-2024-12-15,2024-12-15 14:35:10.263,0.1906751993966664,0.024784099579940176,0.05699999999999994
404,3B0019B8CC,265-2024-12-15,2024-12-15 14:35:30.262,0.1572272238629591,0.02432160425562724,0.07299999999999995
405,01103F97C4,266-2024-12-15,2024-12-15 14:35:38.262,0.1676441888996202,0.025544374809701276,0.06000000000000005
406,3B0019B8CC,269-2024-12-15,2024-12-15 14:36:12.263,0.157227223862959,0.025286828300347675,0.05899999999999994
407,3B00199DE5,270-2024-12-15,2024-12-15 14:36:36.263,0.1056314595246609,0.013590295781557623,0.051999999999999935
408,01103F97C4,271-2024-12-15,2024-12-15 14:36:43.263,0.1369445452917881,0.02808338237784502,0.06899999999999995
409,0700ED9568,272-2024-12-15,2024-12-15 14:37:07.263,0.1629727087519889,0.023663942489494223,0.07499999999999996
410,3B00190DF0,275-2024-12-15,2024-12-15 14:38:17.263,0.1906751993966664,0.023758086456312808,0.069
411,3B0018A99B,276-2024-12-15,2024-12-15 14:38:29.266,0.0957532417517765,0.004194040866809609,0.03599999999999981
412,3B0019B8CC,277-2024-12-15,2024-12-15 14:38:35.264,0.157227223862959,0.02563999952732884,0.061000000000000054
413,3B001857EE,280-2024-12-15,2024-12-15 14:39:56.265,0.0917963177164509,0.0055907720246411415,0.05100000000000002
414,3B0019B8CC,281-2024-12-15,2024-12-15 14:40:01.265,0.1671428952138169,0.026378345004844497,0.05699999999999994
415,3B0019B8CC,283-2024-12-15,2024-12-15 14:41:30.265,0.1689675432715787,0.025011513127375182,0.05499999999999994
416,01103F97C4,285-2024-12-15,2024-12-15 14:41:53.265,0.1676441888996201,0.024131869024281594,0.04899999999999949
417,01103F97C4,286-2024-12-15,2024-12-15 14:42:40.265,0.1578056141868498,0.024431602255392915,0.051000000000000156
418,01103F8EAC,287-2024-12-15,2024-12-15 14:45:56.270,0.1759518000517584,0.02364039872950467,0.07000000000000006
419,01103F8EAC,289-2024-12-15,2024-12-15 14:49:55.271,0.1759518000517584,0.024690977822608155,0.06400000000000006
420,3B00485E69,290-2024-12-15,2024-12-15 14:50:47.271,0.1037549080401284,0.0031568094434924763,0.07400000000000001
421,3B0018C2F6,291-2024-12-15,2024-12-15 14:51:10.271,0.161843915270995,0.02838644818241135,0.049000000000000044
422,01103F8EAC,294-2024-12-15,2024-12-15 14:56:01.262,0.1759518000517584,0.022115451521987548,0.07000000000000006
423,3B0018C2F6,297-2024-12-15,2024-12-15 14:59:56.257,0.1633946508405222,0.016120695772974716,0.05999999999999983
424,3B001874E8,298-2024-12-15,2024-12-15 15:00:59.257,0.1018111252855717,0.016057559204741993,0.04899999999999999
425,3B00192E1E,301-2024-12-15,2024-12-15 15:03:18.255,0.0993462662724388,0.0022149378248963658,0.07899999999999996
426,3B00192E1E,306-2024-12-15,2024-12-15 15:13:47.258,0.1007525158752752,0.003594935462792871,0.07600000000000001
427,3B00192E1E,308-2024-12-15,2024-12-15 15:15:04.257,0.1025424514865412,0.0046899383470384755,0.07499999999999984
428,01103F97C4,309-2024-12-15,2024-12-15 15:17:11.259,0.1676441888996202,0.027155315300909203,0.05399999999999994
429,3B00192E1E,310-2024-12-15,2024-12-15 15:18:42.259,0.1034271221515451,0.004514086038332056,0.06
430,3B00190DF0,312-2024-12-15,2024-12-15 15:22:10.258,0.1906751993966664,0.026277952965725295,0.05799999999999983
431,01103F97C4,314-2024-12-15,2024-12-15 15:23:50.261,0.1619028596250599,0.030011784917641202,0.07300000000000006
432,3B00191394,316-2024-12-15,2024-12-15 15:24:17.260,0.0925870852449767,0.013011597511318702,0.04899999999999993
433,01103F8EAC,317-2024-12-15,2024-12-15 15:32:40.264,0.1775638911997314,0.02681648120689491,0.06800000000000006
434,3B004CD4DE,318-2024-12-15,2024-12-15 15:32:49.263,0.095072996479498,0.01548306100852554,0.04600000000000004
435,3B00199DE5,319-2024-12-15,2024-12-15 15:32:55.263,0.1056314595246609,0.012544688435448394,0.04499999999999993
436,3B004CD4DE,321-2024-12-15,2024-12-15 15:34:48.264,0.0950729964794981,0.012147088892445715,0.07
437,3B0019B8CC,322-2024-12-15,2024-12-15 15:35:04.265,0.157227223862959,0.026352182112351043,0.052999999999999936
438,01103F8EAC,323-2024-12-15,2024-12-15 15:35:12.264,0.1759518000517584,0.023327675412254598,0.06600000000000028
439,3B00182A81,324-2024-12-15,2024-12-15 15:35:24.264,0.1200314724929308,0.002767717715454438,0.04799999999999999
440,3B00199DE5,325-2024-12-15,2024-12-15 15:36:15.265,0.1056314595246609,0.015609021800422182,0.04800000000000004
441,3B0019B8CC,327-2024-12-15,2024-12-15 15:36:39.265,0.1748921348095429,0.02917832389995805,0.062000000000000055
442,3B0018C2F6,328-2024-12-15,2024-12-15 15:36:50.266,0.1500125646148875,0.028795330541316486,0.05500000000000005
443,3B00190DF0,329-2024-12-15,2024-12-15 15:37:14.265,0.1741347718611551,0.027120527857844565,0.07099999999999995
444,3B004CD4DE,330-2024-12-15,2024-12-15 15:37:30.267,0.095072996479498,0.013400487784965148,0.06599999999999995
445,3B00190DF0,331-2024-12-15,2024-12-15 15:37:51.266,0.1906751993966664,0.026055551668810423,0.04800000000000004
446,01103F8EAC,333-2024-12-15,2024-12-15 15:39:10.268,0.1759518000517584,0.023085237612825577,0.06699999999999995
447,3B0018C2F6,335-2024-12-15,2024-12-15 15:39:27.267,0.1500125646148875,0.026954130635581122,0.049000000000000155
448,3B00199DE5,336-2024-12-15,2024-12-15 15:39:55.268,0.1056314595246609,0.012362370892311056,0.06000000000000005
449,01103F8EAC,337-2024-12-15,2024-12-15 15:43:15.268,0.1814517556540144,0.0265654101372217,0.05899999999999972
450,01103F8EAC,339-2024-12-15,2024-12-15 15:51:29.271,0.1794227309425039,0.020529843017664567,0.07100000000000017
451,01103F8EAC,340-2024-12-15,2024-12-15 15:52:27.272,0.1759518000517584,0.027790412824340496,0.05699999999999994
452,3B00190DF0,341-2024-12-15,2024-12-15 15:52:53.274,0.1906751993966664,0.02332948033520683,0.06400000000000006
453,3B004CD4DE,342-2024-12-15,2024-12-15 15:53:15.274,0.095072996479498,0.013096596737816142,0.07699999999999996
454,3B00190DF0,343-2024-12-15,2024-12-15 15:55:32.269,0.1758180642405241,0.024202692706188928,0.06899999999999995
455,3B00182A81,2-2024-12-23,2024-12-23 08:17:13.163,0.1189321598688551,0.00904478146741912,0.061999999999999944
456,3B00186A36,3-2024-12-23,2024-12-23 08:20:33.166,0.1028402715052756,0.0042195093673606235,0.03300000000000014
457,3B0019B8CC,7-2024-12-23,2024-12-23 08:25:35.169,0.1509517637885716,0.025013662141207448,0.06600000000000006
458,3B00182A81,8-2024-12-23,2024-12-23 08:26:01.170,0.1189321598688551,0.009940813184735693,0.051000000000000045
459,3B0019B8CC,9-2024-12-23,2024-12-23 08:26:35.169,0.1540612059399421,0.027261269942756777,0.054999999999999966
460,01103FA4B2,10-2024-12-23,2024-12-23 08:26:39.168,0.1028782571970058,0.012003333858512835,0.052000000000000046
461,3B0019B8CC,11-2024-12-23,2024-12-23 08:27:56.170,0.1540612059399421,0.02681017221098595,0.05400000000000005
462,3B00192E1E,12-2024-12-23,2024-12-23 08:28:18.172,0.1007525158752752,0.011066582560536829,0.061999999999999944
463,01103F9A64,13-2024-12-23,2024-12-23 08:28:24.172,0.1892092603376109,0.02297473807727581,0.051000000000000045
464,3B0018C6F9,14-2024-12-23,2024-12-23 08:28:46.170,0.0913814598709635,0.01324422731841373,0.04700000000000015
465,01103F9A64,16-2024-12-23,2024-12-23 08:30:48.171,0.1892092603376109,0.02638659376518904,0.04800000000000004
466,01103F9A64,17-2024-12-23,2024-12-23 08:31:59.173,0.1892092603376109,0.02351127674156375,0.06300000000000017
467,3B00182A81,18-2024-12-23,2024-12-23 08:32:28.174,0.1189321598688551,0.003153087027837268,0.036000000000000004
468,3B004CD4DE,19-2024-12-23,2024-12-23 08:36:01.175,0.1003986183690209,0.013547968140533554,0.04800000000000004
469,3B00192E1E,20-2024-12-23,2024-12-23 08:36:39.175,0.1007525158752752,0.010887447734195706,0.057999999999999996
470,011016B2E1,22-2024-12-23,2024-12-23 08:37:23.175,0.093739817962191,0.014022286180862271,0.04600000000000026
471,011016B2E1,27-2024-12-23,2024-12-23 08:40:47.179,0.0976091307030263,0.014261192551295392,0.04800000000000004
472,011016B2E1,28-2024-12-23,2024-12-23 08:40:56.178,0.1014097522133409,0.013812192910637944,0.04699999999999993
473,3B0018D520,29-2024-12-23,2024-12-23 08:42:44.180,0.0967763563862768,0.012081120680118119,0.07800000000000007
474,3B004873F2,31-2024-12-23,2024-12-23 08:47:27.182,0.0909228299072967,0.013635859811514286,0.04699999999999993
475,3B004873F2,32-2024-12-23,2024-12-23 08:48:57.187,0.0931862285874362,0.01347670762212032,0.04600000000000004
476,3B004873F2,33-2024-12-23,2024-12-23 08:50:40.186,0.1059223398213607,0.013892825485595648,0.045999999999999985
477,01103F9A64,34-2024-12-23,2024-12-23 08:52:15.178,0.1892092603376109,0.026329758279511936,0.04800000000000004
478,3B004873F2,38-2024-12-23,2024-12-23 09:02:14.131,0.1059223398213607,0.01294569948712114,0.04499999999999993
479,01103F9A64,39-2024-12-23,2024-12-23 09:03:22.133,0.1892092603376109,0.02546500661561994,0.07200000000000006
480,3B0018C6F9,42-2024-12-23,2024-12-23 09:05:13.133,0.0915729526840035,0.011103368628973773,0.05799999999999983
481,3B0018D520,43-2024-12-23,2024-12-23 09:05:44.132,0.0967763563862768,0.011029953134848605,0.07400000000000007
482,3B004873F2,44-2024-12-23,2024-12-23 09:17:32.842,0.1059223398213607,0.013079398405199158,0.04800000000000004
483,01103F9A64,45-2024-12-23,2024-12-23 09:18:55.841,0.1892092603376109,0.02837384452345835,0.04899999999999993
484,3B0018A99B,47-2024-12-23,2024-12-23 09:19:33.841,0.0957532417517765,0.0016849884585659791,0.02300000000000002
485,01103F97C4,48-2024-12-23,2024-12-23 09:20:19.842,0.1544614135255227,0.024574655491647522,0.051000000000000156
486,01103F97C4,49-2024-12-23,2024-12-23 09:21:11.842,0.1559761581216949,0.02402691485707543,0.052000000000000046
487,3B004873F2,50-2024-12-23,2024-12-23 09:23:43.846,0.0944341642691134,0.012667139833385967,0.07899999999999996
488,3B004873F2,51-2024-12-23,2024-12-23 09:25:18.846,0.1059223398213607,0.01301190585086053,0.04500000000000004
489,3B004873F2,52-2024-12-23,2024-12-23 09:26:39.847,0.1059223398213607,0.012318398347090746,0.08100000000000002
490,3B004CD4DE,53-2024-12-23,2024-12-23 09:33:13.851,0.0959796482090267,0.014747027800670442,0.04800000000000004
491,3B004873F2,55-2024-12-23,2024-12-23 09:34:08.851,0.1059223398213607,0.012568964098665565,0.053999999999999826
492,3B00190DF0,56-2024-12-23,2024-12-23 09:34:25.852,0.1743258769738473,0.02470407488519784,0.050000000000000044
493,3B004CD4DE,57-2024-12-23,2024-12-23 09:35:20.853,0.1003986183690209,0.01371378751422916,0.046999999999999986
494,3B00190DF0,58-2024-12-23,2024-12-23 09:35:42.852,0.1732102861960218,0.02513430224978166,0.052999999999999936
495,3B00192E1E,60-2024-12-23,2024-12-23 09:37:00.853,0.1007525158752752,0.011474251871861383,0.051000000000000045
496,3B0019F652,61-2024-12-23,2024-12-23 09:37:33.854,0.0885024370460512,0.004149085241415928,0.03899999999999998
497,3B004AB6A7,62-2024-12-23,2024-12-23 09:38:11.853,0.1102171940244457,0.013807653770518319,0.07
498,3B0019F652,64-2024-12-23,2024-12-23 09:40:19.855,0.0885024370460512,0.0003557037667505183,0.013999999999999957
499,011016B2E1,65-2024-12-23,2024-12-23 09:43:26.857,0.1014097522133409,0.014627475881377843,0.04600000000000004
500,011016B2E1,66-2024-12-23,2024-12-23 09:44:43.857,0.0950046993710664,0.014781802048581674,0.04299999999999926
501,3B0019F652,68-2024-12-23,2024-12-23 09:46:11.857,0.0885024370460512,0.004936768931265454,0.037000000000000144
502,3B0019F652,69-2024-12-23,2024-12-23 09:47:29.859,0.0885024370460512,0.0021876794875481656,0.03200000000000003
503,3B004873F2,71-2024-12-23,2024-12-23 09:47:58.862,0.1059223398213607,0.013698587689976319,0.049000000000000044
504,011016B2E1,73-2024-12-23,2024-12-23 09:50:27.859,0.1014097522133409,0.0053214096863573555,0.03400000000000003
505,3B00186A36,75-2024-12-23,2024-12-23 09:51:42.861,0.1028402715052756,0.0023768654823470136,0.068
506,3B0018A99B,76-2024-12-23,2024-12-23 10:01:14.823,0.0957532417517765,0.0031401585774338764,0.031000000000000028
507,01103F97C4,77-2024-12-23,2024-12-23 10:01:22.822,0.1558864770649923,0.02433755444811669,0.06300000000000017
508,01103F9A64,79-2024-12-23,2024-12-23 10:04:12.824,0.1892092603376109,0.027658577496021897,0.051000000000000156
509,01103F9A64,82-2024-12-23,2024-12-23 10:05:10.824,0.1776695121239383,0.027948021197012906,0.052999999999999936
510,3B00190DF0,83-2024-12-23,2024-12-23 10:05:17.824,0.1732102861960218,0.026498810385453292,0.05600000000000005
511,01103F9A64,84-2024-12-23,2024-12-23 10:05:47.827,0.1892092603376109,0.028325267482583356,0.052000000000000046
512,01103F97C4,85-2024-12-23,2024-12-23 10:06:12.824,0.1576335356365914,0.024767630304591053,0.06099999999999994
513,3B00190DF0,86-2024-12-23,2024-12-23 10:06:20.825,0.1815137153910027,0.02545280207832013,0.05600000000000005
514,01103F9A64,87-2024-12-23,2024-12-23 10:06:42.825,0.1892092603376109,0.02749416125504444,0.06400000000000006
515,3B00190DF0,91-2024-12-23,2024-12-23 10:08:19.827,0.1809910937361683,0.014126513999035663,0.05900000000000016
516,01103F97C4,92-2024-12-23,2024-12-23 10:08:24.826,0.1830689426539151,0.023634213075166534,0.07699999999999996
517,01103F9A64,93-2024-12-23,2024-12-23 10:09:07.825,0.1892092603376109,0.029490577595061247,0.05699999999999994
518,3B00190DF0,96-2024-12-23,2024-12-23 10:10:32.827,0.1760210128572649,0.024053196373639903,0.05999999999999983
519,3B001877B5,98-2024-12-23,2024-12-23 10:22:51.835,0.1720534263134757,0.022115283909598375,0.05699999999999994
520,3B004873F2,100-2024-12-23,2024-12-23 10:24:42.836,0.1059223398213607,0.010988268837560764,0.07000000000000006
521,3B004CD4DE,103-2024-12-23,2024-12-23 10:25:27.837,0.1003986183690209,0.01294941244934354,0.04300000000000004
522,3B001877B5,104-2024-12-23,2024-12-23 10:25:32.835,0.1713048339622624,0.026172622259230033,0.062000000000000055
523,01103FA4B2,105-2024-12-23,2024-12-23 10:26:06.836,0.1028782571970058,0.0119832593817097,0.07099999999999995
524,01103F97C4,108-2024-12-23,2024-12-23 10:28:45.838,0.1830689426539151,0.02348604549934587,0.051000000000000156
525,01103F97C4,110-2024-12-23,2024-12-23 10:31:33.839,0.1549510551162245,0.025448821420719747,0.050000000000000044
526,01103F97C4,112-2024-12-23,2024-12-23 10:32:55.840,0.1830689426539151,0.023741105678032164,0.04700000000000015
527,3B001877B5,115-2024-12-23,2024-12-23 10:37:37.841,0.1655823298643489,0.021320436875387705,0.07099999999999973
528,3B0019B8CC,117-2024-12-23,2024-12-23 10:38:09.843,0.1540612059399421,0.023225818196167498,0.050000000000000044
529,3B0019B8CC,118-2024-12-23,2024-12-23 10:39:16.843,0.1540612059399421,0.02231302362242309,0.05399999999999994
530,3B00190DF0,119-2024-12-23,2024-12-23 10:39:45.842,0.1732102861960218,0.02697786286169266,0.05900000000000016
531,3B001877B5,121-2024-12-23,2024-12-23 10:39:58.844,0.1751151383277505,0.023185155649253796,0.06499999999999995
532,01103F97C4,123-2024-12-23,2024-12-23 10:40:35.843,0.1830689426539151,0.02496221877187028,0.050000000000000044
533,01103F9A64,128-2024-12-23,2024-12-23 10:42:07.845,0.1892092603376109,0.02818263202396504,0.05900000000000016
534,3B001877B5,129-2024-12-23,2024-12-23 10:42:46.844,0.1725913927791745,0.023559374483512113,0.06300000000000006
535,01103F9A64,130-2024-12-23,2024-12-23 10:43:11.845,0.1892092603376109,0.03397595198255097,0.054999999999999716
536,3B004873F2,131-2024-12-23,2024-12-23 10:43:17.846,0.1059223398213607,0.013863247717395059,0.04700000000000004
537,3B00190DF0,132-2024-12-23,2024-12-23 10:43:56.845,0.1776681135273257,0.026057436705704647,0.05500000000000016
538,3B001877B5,133-2024-12-23,2024-12-23 10:44:15.845,0.1720534263134757,0.0239877111511045,0.06299999999999994
539,3B0019F652,134-2024-12-23,2024-12-23 10:44:47.848,0.0885024370460512,0.0027476104895719855,0.030999999999999972
540,01103F9A64,135-2024-12-23,2024-12-23 10:44:51.846,0.1892092603376109,0.028885383250817485,0.05999999999999983
541,3B0019B8CC,136-2024-12-23,2024-12-23 10:44:55.847,0.1540612059399421,0.010508274050013953,0.10199999999999998
542,01103F9A64,140-2024-12-23,2024-12-23 10:46:19.848,0.1892092603376109,0.028365519779259874,0.05899999999999994
543,3B0019F652,141-2024-12-23,2024-12-23 10:46:25.846,0.0885024370460512,0.011768568299176102,0.05399999999999999
544,01103F9A64,142-2024-12-23,2024-12-23 10:46:59.846,0.1892092603376109,0.027448975163168705,0.05499999999999994
545,3B001857EE,143-2024-12-23,2024-12-23 10:47:13.846,0.1069375408356136,0.004395252823402964,0.04199999999999998
546,3B0019F652,145-2024-12-23,2024-12-23 10:47:52.849,0.0885024370460512,0.013368455858838633,0.051000000000000045
547,3B0019F652,146-2024-12-23,2024-12-23 10:48:58.847,0.087896646258373,0.010704353283229528,0.05600000000000005
548,3B00190DF0,152-2024-12-23,2024-12-23 10:52:02.846,0.1834975432838451,0.024433532066423146,0.04599999999999982
549,01103F97C4,155-2024-12-23,2024-12-23 10:53:09.839,0.1581213048669333,0.027621705335609547,0.05400000000000005
550,3B00190DF0,156-2024-12-23,2024-12-23 10:53:22.836,0.1788010527315007,0.027741916548301826,0.06200000000000028
551,011016B2E1,160-2024-12-23,2024-12-23 10:53:47.833,0.1014097522133409,0.02844283712860432,0.07400000000000007
552,3B00192E1E,161-2024-12-23,2024-12-23 10:53:54.832,0.1007525158752752,0.0036184709846115563,0.040000000000000036
553,3B0018A99B,162-2024-12-23,2024-12-23 10:54:00.830,0.0957532417517765,0.0037005062415136534,0.039000000000000035
554,01103F9A64,168-2024-12-23,2024-12-23 10:56:55.811,0.1892092603376109,0.02875767268542958,0.05600000000000005
555,3B001877B5,169-2024-12-23,2024-12-23 10:57:02.812,0.1720534263134757,0.02424997536244161,0.062000000000000055
556,01103F9A64,170-2024-12-23,2024-12-23 10:57:36.812,0.1909335607157824,0.029397532907826623,0.05500000000000016
557,01103F9A64,172-2024-12-23,2024-12-23 10:58:11.814,0.1892092603376109,0.030308251570386857,0.05799999999999983
558,3B0019B8CC,174-2024-12-23,2024-12-23 10:58:24.812,0.1540612059399421,0.027265031593883,0.05400000000000005
559,3B00190DF0,175-2024-12-23,2024-12-23 10:58:30.812,0.1732102861960218,0.02451565254331977,0.06400000000000006
560,3B00190DF0,177-2024-12-23,2024-12-23 11:02:14.815,0.1732102861960218,0.0260117910517367,0.050999999999999934
561,3B0019B8CC,178-2024-12-23,2024-12-23 11:04:54.816,0.1573147000685547,0.027305860071350482,0.07899999999999996
562,3B00182A81,182-2024-12-23,2024-12-23 11:17:17.821,0.1189321598688551,0.011970583209451685,0.04700000000000015
563,01103F97C4,183-2024-12-23,2024-12-23 11:17:36.821,0.1363640182002287,0.02317528869936844,0.06099999999999994
564,3B004873F2,184-2024-12-23,2024-12-23 11:18:28.822,0.1059223398213607,0.013971018157968857,0.046999999999999986
565,3B004873F2,185-2024-12-23,2024-12-23 11:19:17.822,0.1059223398213607,0.013717246716329486,0.04600000000000004
566,3B00192E1E,186-2024-12-23,2024-12-23 11:22:54.826,0.1007525158752752,0.01112044038255954,0.07400000000000007
567,3B004CD4DE,188-2024-12-23,2024-12-23 11:25:03.826,0.0944910407866634,0.013375233475181492,0.07199999999999995
568,3B00192E1E,189-2024-12-23,2024-12-23 11:26:04.827,0.1007525158752752,0.012568756637546663,0.04599999999999993
569,3B00186448,195-2024-12-23,2024-12-23 11:35:50.832,0.1499705050319192,0.03020310553832236,0.06299999999999994
570,011016B2E1,196-2024-12-23,2024-12-23 11:35:57.832,0.1006036686048787,0.01469567652876777,0.04699999999999993
571,01103FD2E8,197-2024-12-23,2024-12-23 11:36:05.832,0.1450978894709438,0.027226191459602173,0.062
572,01103FD2E8,199-2024-12-23,2024-12-23 11:37:21.832,0.1450978894709438,0.029693420793972556,0.05699999999999994
573,3B0019B8CC,200-2024-12-23,2024-12-23 11:37:33.832,0.1540612059399421,0.025659561090475957,0.04799999999999999
574,3B00186448,201-2024-12-23,2024-12-23 11:38:03.832,0.1695725482300766,0.030100328684546804,0.06300000000000017
575,011016B2E1,202-2024-12-23,2024-12-23 11:38:09.832,0.1012352618056847,0.014443671538871643,0.052999999999999936
576,3B0019F652,205-2024-12-23,2024-12-23 11:38:58.832,0.0926315872225367,0.012130207594940719,0.06399999999999983
577,01103F97C4,207-2024-12-23,2024-12-23 11:39:54.833,0.1571284076054635,0.024619541495428672,0.04999999999999982
578,01103F9A64,209-2024-12-23,2024-12-23 11:40:22.834,0.1892092603376109,0.029401793182354603,0.07299999999999995
579,3B004873F2,211-2024-12-23,2024-12-23 11:40:47.834,0.0981655120134232,0.014281836918238623,0.051000000000000045
580,01103FD2E8,213-2024-12-23,2024-12-23 11:41:13.833,0.1450978894709438,0.031010816830792962,0.05399999999999999
581,3B00186448,214-2024-12-23,2024-12-23 11:41:36.835,0.1667086257340426,0.02920721671694785,0.05600000000000005
582,01103F97C4,215-2024-12-23,2024-12-23 11:41:41.834,0.1830689426539151,0.02042137460937941,0.04299999999999993
583,011016B2E1,216-2024-12-23,2024-12-23 11:41:47.833,0.1045526130937398,0.015090869719720188,0.04499999999999993
584,3B004CD4DE,217-2024-12-23,2024-12-23 11:42:01.835,0.1003986183690209,0.015061448703720653,0.04599999999999993
585,01103F9A64,218-2024-12-23,2024-12-23 11:42:08.834,0.1877460770616763,0.027202857827298556,0.05300000000000016
586,3B00190DF0,219-2024-12-23,2024-12-23 11:42:24.834,0.1732102861960218,0.024617393746460978,0.06499999999999995
587,3B0019F652,221-2024-12-23,2024-12-23 11:42:39.835,0.0885024370460512,0.003944947276269017,0.03600000000000003
588,3B00182A81,225-2024-12-23,2024-12-23 11:44:13.835,0.1189321598688551,0.002396463595361465,0.04799999999999999
589,3B00186448,227-2024-12-23,2024-12-23 11:44:31.835,0.1740993882573007,0.025206592783986816,0.08099999999999996
590,01103F9A64,233-2024-12-23,2024-12-23 11:46:04.836,0.1860883130202703,0.03144562876169683,0.04999999999999982
591,01103F9A64,234-2024-12-23,2024-12-23 11:46:35.837,0.1849201110495422,0.030902948175057517,0.06400000000000006
592,3B00186448,235-2024-12-23,2024-12-23 11:46:52.836,0.1499705050319192,0.027205004400983508,0.07099999999999973
593,3B00191394,237-2024-12-23,2024-12-23 11:47:30.838,0.0979645594476272,0.009087749359106612,0.10999999999999999
594,3B00199DE5,238-2024-12-23,2024-12-23 11:47:38.836,0.1023766071076851,0.004849664644493949,0.07600000000000007
595,3B00186448,240-2024-12-23,2024-12-23 11:48:31.836,0.1604071587631612,0.030190600929070548,0.06099999999999994
596,3B00186A36,242-2024-12-23,2024-12-23 11:49:01.838,0.0969838297836515,0.012683515172576019,0.06400000000000006
597,3B004B0F76,243-2024-12-23,2024-12-23 11:49:44.836,0.1469688858707359,0.02273435251492301,0.06800000000000006
598,3B00192E1E,245-2024-12-23,2024-12-23 11:50:20.839,0.1007525158752752,0.011130037390903262,0.052999999999999936
599,01103F97C4,249-2024-12-23,2024-12-23 11:52:22.835,0.1830689426539151,0.022770070750665748,0.04700000000000015
600,01103F97C4,250-2024-12-23,2024-12-23 11:53:11.833,0.1830689426539151,0.02351244865810956,0.05499999999999994
601,3B0018A99B,254-2024-12-23,2024-12-23 11:54:52.825,0.0957532417517765,0.003265195711855113,0.03200000000000003
602,3B00186448,255-2024-12-23,2024-12-23 11:55:10.825,0.1660664126348696,0.01836674440218145,0.06899999999999995
603,3B004AB6A7,256-2024-12-23,2024-12-23 11:56:12.824,0.1102171940244457,0.013367318064880123,0.04800000000000004
604,3B0018A99B,257-2024-12-23,2024-12-23 11:56:33.821,0.0750048933251892,0.005194628739566927,0.03899999999999998
605,3B00186448,259-2024-12-23,2024-12-23 11:56:56.818,0.161069116906341,0.02635954307686191,0.07099999999999995
606,3B0018A99B,260-2024-12-23,2024-12-23 11:57:20.821,0.0835207782343234,0.006021865280778206,0.04700000000000004
607,3B001877B5,262-2024-12-23,2024-12-23 11:58:10.817,0.1702998617353986,0.024756440752596587,0.06899999999999995
608,3B001877B5,263-2024-12-23,2024-12-23 11:58:21.818,0.1720534263134757,0.025619222946277578,0.06599999999999984
609,3B001877B5,264-2024-12-23,2024-12-23 12:00:27.814,0.1735579446179824,0.024585003543297092,0.06099999999999994
610,3B00186448,265-2024-12-23,2024-12-23 12:00:48.813,0.1391490059152244,0.026332680152343833,0.07099999999999995
611,3B004873F2,266-2024-12-23,2024-12-23 12:05:21.811,0.1059223398213607,0.013440925131397703,0.050000000000000044
612,3B004873F2,268-2024-12-23,2024-12-23 12:06:51.811,0.0997941598095968,0.01352474850819153,0.04999999999999993
613,01103FD2E8,276-2024-12-23,2024-12-23 12:18:15.816,0.1613325689268071,0.007732339693387664,0.04700000000000015
614,3B001877B5,277-2024-12-23,2024-12-23 12:18:28.815,0.1720534263134757,0.024608486343817973,0.06600000000000006
615,3B00191394,283-2024-12-23,2024-12-23 12:19:54.817,0.0979645594476272,0.01088399951973449,0.04800000000000004
616,3B001877B5,284-2024-12-23,2024-12-23 12:20:24.816,0.1720534263134757,0.02519541090639918,0.06899999999999995
617,01103F97C4,285-2024-12-23,2024-12-23 12:20:41.816,0.1596554782145956,0.023762038301053997,0.07200000000000006
618,3B001877B5,286-2024-12-23,2024-12-23 12:21:17.815,0.1720534263134757,0.021929509484566137,0.06099999999999994
619,3B0019B8CC,288-2024-12-23,2024-12-23 12:21:25.817,0.1540612059399421,0.02344051130072444,0.07599999999999996
620,3B004CD4DE,291-2024-12-23,2024-12-23 12:21:50.818,0.1003986183690209,0.008659214644106935,0.07399999999999995
621,3B001857EE,293-2024-12-23,2024-12-23 12:22:07.816,0.1069375408356136,0.00499540071242746,0.051999999999999935
622,3B00190DF0,295-2024-12-23,2024-12-23 12:22:25.818,0.1732102861960218,0.023333304684472297,0.056999999999999995
623,3B0019B8CC,297-2024-12-23,2024-12-23 12:23:12.818,0.1540612059399421,0.02681990175123044,0.08099999999999996
624,01103FD2E8,298-2024-12-23,2024-12-23 12:23:25.817,0.1450978894709438,0.009427100071743721,0.04400000000000004
625,3B00191394,299-2024-12-23,2024-12-23 12:23:43.817,0.0979645594476272,0.011418503460524431,0.056999999999999995
626,3B001857EE,300-2024-12-23,2024-12-23 12:23:57.818,0.1069375408356136,0.012125774233210993,0.051000000000000045
627,3B00190DF0,301-2024-12-23,2024-12-23 12:24:08.817,0.1732102861960218,0.02462197541815885,0.06999999999999984
628,3B00182A81,302-2024-12-23,2024-12-23 12:24:13.818,0.0999710247662372,0.014769911714196846,0.06800000000000006
629,3B00190DF0,305-2024-12-23,2024-12-23 12:25:34.819,0.1794948203302424,0.024765283419530736,0.07000000000000006
630,011016B2E1,309-2024-12-23,2024-12-23 12:26:58.818,0.1060777193461193,0.008391912243970285,0.06000000000000005
631,3B00190DF0,310-2024-12-23,2024-12-23 12:27:21.819,0.1732102861960218,0.02307984460213803,0.05500000000000005
632,011016B2E1,311-2024-12-23,2024-12-23 12:27:35.819,0.102285280280765,0.015111009586894333,0.04700000000000015
633,3B00191394,313-2024-12-23,2024-12-23 12:27:48.818,0.0978423013265359,0.011761135915708912,0.06399999999999983
634,0700ED9568,314-2024-12-23,2024-12-23 12:27:58.819,0.131171366887946,0.031324613113039634,0.07299999999999995
635,3B004CD4DE,316-2024-12-23,2024-12-23 12:28:41.819,0.1003986183690209,0.014228275476787861,0.07800000000000007
636,3B00182A81,317-2024-12-23,2024-12-23 12:29:22.819,0.1018318583741856,0.0033492172157872932,0.05700000000000016
637,01103FD2E8,318-2024-12-23,2024-12-23 12:29:29.819,0.1450978894709438,0.007433090750473162,0.04600000000000004
638,3B0019F652,319-2024-12-23,2024-12-23 12:29:35.820,0.0908972337634662,0.011016936699108993,0.06000000000000005
639,3B00186448,320-2024-12-23,2024-12-23 12:30:41.823,0.1499705050319192,0.023667800570313896,0.06999999999999995
640,3B00191394,321-2024-12-23,2024-12-23 12:31:04.820,0.0979645594476272,0.0037568651171301327,0.040000000000000036
641,3B004CD4DE,322-2024-12-23,2024-12-23 12:31:38.819,0.1003986183690209,0.010387766055826418,0.06699999999999995
642,3B0019B8CC,326-2024-12-23,2024-12-23 12:32:28.821,0.1540612059399421,0.0230093447908112,0.052000000000000046
643,3B0019B8CC,327-2024-12-23,2024-12-23 12:33:59.823,0.1540612059399421,0.025829900446284967,0.07099999999999995
644,3B001877B5,328-2024-12-23,2024-12-23 12:34:04.822,0.1720534263134757,0.02633393050231251,0.06899999999999995
645,3B004873F2,331-2024-12-23,2024-12-23 12:37:59.824,0.1012511333242894,0.011998425692101999,0.07899999999999996
646,3B00182A81,334-2024-12-23,2024-12-23 12:44:56.826,0.1038654033857272,0.003915818041816048,0.04800000000000004
647,3B0019B8CC,335-2024-12-23,2024-12-23 12:45:04.828,0.1540612059399421,0.023193604399884563,0.05900000000000005
648,3B0019F652,337-2024-12-23,2024-12-23 12:45:57.828,0.087757404349175,0.009417239958718427,0.06499999999999995
649,3B0018A99B,338-2024-12-23,2024-12-23 12:46:36.828,0.0942619930327316,0.0015565508968477385,0.07200000000000006
650,3B0019F652,339-2024-12-23,2024-12-23 12:46:39.828,0.0885024370460512,0.0007935979241283665,0.02299999999999991
651,3B004873F2,342-2024-12-23,2024-12-23 12:47:24.828,0.1059223398213607,0.0033719026209772206,0.04299999999999998
652,3B001857EE,344-2024-12-23,2024-12-23 12:48:27.830,0.1069375408356136,0.0026084383860831327,0.054999999999999966
653,3B00186448,345-2024-12-23,2024-12-23 12:48:40.830,0.1676981804367758,0.02380263188122589,0.06000000000000005
654,3B001877B5,347-2024-12-23,2024-12-23 12:48:56.830,0.1719020700363483,0.02285754417690225,0.07100000000000017
655,3B0019B8CC,349-2024-12-23,2024-12-23 12:49:49.830,0.1540612059399421,0.029212337058168163,0.05899999999999994
656,3B00186448,350-2024-12-23,2024-12-23 12:50:22.829,0.1499705050319192,0.025408650255106722,0.07799999999999996
657,3B001857EE,352-2024-12-23,2024-12-23 12:50:56.831,0.1069375408356136,0.002675872122305505,0.061
658,3B00192E1E,357-2024-12-23,2024-12-23 12:51:56.829,0.1007525158752752,0.004615882421680196,0.04800000000000004
659,3B00186448,361-2024-12-23,2024-12-23 12:53:46.822,0.1721707882732852,0.028294903129994137,0.05699999999999994
660,3B00186448,362-2024-12-23,2024-12-23 12:54:52.818,0.1712075065057929,0.030227985877595096,0.06099999999999994
661,3B00186448,364-2024-12-23,2024-12-23 12:56:42.810,0.1745079706044114,0.022357198175719604,0.06700000000000017
662,3B004CD4DE,365-2024-12-23,2024-12-23 12:57:06.811,0.1003986183690209,0.014714920295264495,0.04899999999999993
663,3B00182A81,366-2024-12-23,2024-12-23 12:57:11.811,0.1189321598688551,0.0034905164539269576,0.049000000000000044
664,01103F9A64,367-2024-12-23,2024-12-23 12:58:19.809,0.1892092603376109,0.027497427655013097,0.06100000000000083
665,3B00192E1E,368-2024-12-23,2024-12-23 12:58:30.808,0.1007525158752752,0.002834083200382095,0.030999999999999972
666,01103F9A64,370-2024-12-23,2024-12-23 13:03:37.020,0.1892092603376109,0.03505020073503732,0.05400000000000005
667,01103F9A64,372-2024-12-23,2024-12-23 13:04:28.018,0.177587044573214,0.028970585249338647,0.05999999999999961
668,3B00186A36,373-2024-12-23,2024-12-23 13:04:44.019,0.0954787419361777,0.010122641092233762,0.06999999999999984
669,01103F9A64,374-2024-12-23,2024-12-23 13:05:09.019,0.1851875151161028,0.028902367754844192,0.05499999999999994
670,3B00186A36,376-2024-12-23,2024-12-23 13:05:33.018,0.1028402715052756,0.010958852483854687,0.05800000000000005
671,01103F9A64,377-2024-12-23,2024-12-23 13:05:53.020,0.1892092603376109,0.02832390912192749,0.05899999999999994
672,3B00199DE5,378-2024-12-23,2024-12-23 13:06:10.018,0.1009046222100344,0.011198351462985473,0.08299999999999996
673,3B00190DF0,380-2024-12-23,2024-12-23 13:07:15.018,0.1732102861960218,0.02626550325678101,0.050000000000000044
674,01103F9A64,381-2024-12-23,2024-12-23 13:07:43.018,0.1892092603376109,0.02844683425053046,0.052000000000000046
675,3B001857EE,383-2024-12-23,2024-12-23 13:39:10.036,0.1069375408356136,0.012637395514107145,0.07499999999999996
676,01103FD2E8,386-2024-12-23,2024-12-23 13:40:09.035,0.1450978894709438,0.025517627695391235,0.062000000000000055
677,01103F97C4,387-2024-12-23,2024-12-23 13:40:16.036,0.1830689426539151,0.025354515819290883,0.05399999999999994
678,01103F97C4,389-2024-12-23,2024-12-23 13:41:09.036,0.1830689426539151,0.025675443041689797,0.051000000000000156
679,3B004873F2,390-2024-12-23,2024-12-23 13:42:30.037,0.1059223398213607,0.0132366289063914,0.04700000000000004
680,3B0019B8CC,391-2024-12-23,2024-12-23 13:43:16.036,0.1540612059399421,0.026192336885457766,0.052999999999999936
681,3B0019F652,392-2024-12-23,2024-12-23 13:52:49.038,0.0885024370460512,0.012602795338066691,0.07199999999999995
682,3B004873F2,394-2024-12-23,2024-12-23 13:53:21.035,0.1059223398213607,0.012853666544205914,0.05199999999999999
683,3B001857EE,395-2024-12-23,2024-12-23 13:54:14.030,0.1069375408356136,0.029442744760961682,0.07600000000000001
684,3B004873F2,396-2024-12-23,2024-12-23 13:54:29.030,0.1008260149334566,0.014647497873597712,0.04799999999999982
685,3B0019F652,397-2024-12-23,2024-12-23 13:54:35.030,0.086747880463214,0.011718794758745401,0.07200000000000006
686,3B004873F2,400-2024-12-23,2024-12-23 13:55:22.027,0.1059223398213607,0.012623967940668172,0.05500000000000005
687,3B0019F652,401-2024-12-23,2024-12-23 13:55:46.025,0.0885024370460512,0.0004935137482405201,0.02100000000000002
688,01103F97C4,403-2024-12-23,2024-12-23 13:56:16.022,0.158401142853079,0.02760961875137575,0.052999999999999936
689,3B0019B8CC,405-2024-12-23,2024-12-23 14:23:21.563,0.1540612059399421,0.025054725859454306,0.08500000000000002
690,3B001857EE,410-2024-12-23,2024-12-23 14:25:36.565,0.1069375408356136,0.004839186658676421,0.04300000000000004
691,3B001857EE,411-2024-12-23,2024-12-23 14:27:08.566,0.1069375408356136,0.012773329372225849,0.07300000000000006
692,3B00186A36,414-2024-12-23,2024-12-23 14:28:17.564,0.0939986987616776,0.012197980227193182,0.05799999999999983
693,3B001857EE,416-2024-12-23,2024-12-23 14:28:55.566,0.0881587794583343,0.006510527781236602,0.04699999999999993
694,3B001857EE,421-2024-12-23,2024-12-23 14:30:09.569,0.1069375408356136,0.00491033223419026,0.04300000000000004
695,3B0019B8CC,424-2024-12-23,2024-12-23 14:30:45.566,0.1540612059399421,0.02890668584191586,0.06000000000000005
696,3B004873F2,426-2024-12-23,2024-12-23 14:31:30.568,0.1059223398213607,0.014570172594669075,0.050999999999999934
697,3B004873F2,428-2024-12-23,2024-12-23 14:32:52.568,0.1059223398213607,0.012538180409895043,0.08200000000000002
698,0700ED9568,429-2024-12-23,2024-12-23 14:35:13.568,0.1472719543382934,0.025905473087287176,0.07200000000000006
699,3B0019F652,430-2024-12-23,2024-12-23 14:40:52.570,0.0885024370460512,0.01296141761994593,0.04500000000000015
700,3B00199DE5,433-2024-12-23,2024-12-23 14:45:39.574,0.0990299224512173,0.01468913151126675,0.053999999999999826
701,3B0019F652,434-2024-12-23,2024-12-23 14:45:46.574,0.0885024370460512,0.0039129500742520465,0.038000000000000034
702,3B004CD4DE,439-2024-12-23,2024-12-23 14:58:25.563,0.1003986183690209,0.013159768368435278,0.04200000000000004
703,3B004CD4DE,440-2024-12-23,2024-12-23 14:58:31.561,0.1003986183690209,0.011624690027425087,0.05400000000000005
704,01103F97C4,441-2024-12-23,2024-12-23 14:58:50.562,0.1830689426539151,0.02446270255237204,0.04899999999999993
705,3B004CD4DE,443-2024-12-23,2024-12-23 15:00:44.562,0.1003986183690209,0.014413262135709641,0.08100000000000007
706,3B0018C6F9,446-2024-12-23,2024-12-23 15:01:20.562,0.0955598648193898,0.0032994563822645005,0.07799999999999996
707,3B0019B8CC,447-2024-12-23,2024-12-23 15:01:52.562,0.1540612059399421,0.028201581663022595,0.05399999999999994
708,3B0019F652,448-2024-12-23,2024-12-23 15:03:29.562,0.0885024370460512,0.011196803969012742,0.07800000000000001
709,3B0019B8CC,449-2024-12-23,2024-12-23 15:03:40.561,0.1605965347279056,0.007804005625600025,0.05899999999999994
710,3B0019F652,451-2024-12-23,2024-12-23 15:04:11.561,0.0885024370460512,0.00473965135905684,0.038000000000000034
711,3B0019B8CC,452-2024-12-23,2024-12-23 15:05:46.563,0.1540612059399421,0.026531771519712696,0.05500000000000005
712,01103F97C4,455-2024-12-23,2024-12-23 15:09:49.564,0.1585347072117773,0.0269537795127085,0.04899999999999971
713,01103F97C4,456-2024-12-23,2024-12-23 15:11:13.561,0.1830689426539151,0.026579917548496545,0.04899999999999993
714,3B0019F652,458-2024-12-23,2024-12-23 15:13:54.562,0.0885024370460512,0.004479637883398083,0.039000000000000146
715,3B004873F2,461-2024-12-23,2024-12-23 15:17:31.562,0.1003261079613544,0.014486157499515056,0.04700000000000015
716,3B004873F2,462-2024-12-23,2024-12-23 15:17:35.562,0.0993119085153844,0.0032720779067332765,0.06800000000000006
717,3B004873F2,463-2024-12-23,2024-12-23 15:22:01.564,0.1059223398213607,0.0042773088519,0.044999999999999984
718,3B004CD4DE,464-2024-12-23,2024-12-23 15:24:28.565,0.096969175523405,0.01599647415629027,0.04799999999999993
719,3B004CD4DE,466-2024-12-23,2024-12-23 15:26:27.565,0.1027892292519862,0.014905079057851532,0.04499999999999993
720,3B0018A99B,468-2024-12-23,2024-12-23 15:27:00.565,0.0957532417517765,0.0034430514681419006,0.029999999999999805
721,01103F9A64,472-2024-12-23,2024-12-23 15:28:50.567,0.1892092603376109,0.030017613757361186,0.052999999999999936
722,3B0019B8CC,474-2024-12-23,2024-12-23 15:29:22.566,0.1540612059399421,0.025182051518511245,0.05299999999999999
723,0700ED9568,475-2024-12-23,2024-12-23 15:29:38.568,0.1498734187692246,0.026498328301653072,0.07099999999999995
724,01103F9A64,477-2024-12-23,2024-12-23 15:29:53.567,0.181628443411361,0.029258179719313885,0.04999999999999982
725,3B0019B8CC,479-2024-12-23,2024-12-23 15:30:25.567,0.1650951029840039,0.02683277793769306,0.05500000000000016
726,3B0018A99B,480-2024-12-23,2024-12-23 15:30:42.568,0.0957532417517765,0.004317925393334717,0.038999999999999924
727,3B00186A36,481-2024-12-23,2024-12-23 15:38:59.570,0.1028402715052756,0.0028584981796358788,0.04600000000000004
728,3B00182A81,482-2024-12-23,2024-12-23 15:39:10.572,0.1189321598688551,0.0035577769857637635,0.04799999999999999
729,0700ED9568,484-2024-12-23,2024-12-23 15:39:41.571,0.1497160467463363,0.026760072125089327,0.07699999999999996
730,3B004CD4DE,485-2024-12-23,2024-12-23 15:40:18.571,0.1034326171547298,0.01180577422984236,0.07600000000000007
731,3B00182A81,487-2024-12-23,2024-12-23 15:40:32.572,0.1189321598688551,0.002457899621434412,0.055999999999999994
732,3B0019B8CC,490-2024-12-23,2024-12-23 15:41:49.573,0.1540612059399422,0.028008643457168185,0.06400000000000006
733,3B0018A99B,491-2024-12-23,2024-12-23 15:42:51.573,0.0957532417517765,0.005104457277308329,0.038999999999999924
734,01103F9A64,492-2024-12-23,2024-12-23 15:43:05.573,0.1853716572721727,0.027289716327247783,0.050000000000000266
735,3B00186A36,493-2024-12-23,2024-12-23 15:43:37.573,0.0955266871541333,0.005792304030389279,0.038000000000000034
736,3B0019B8CC,494-2024-12-23,2024-12-23 15:44:00.572,0.1540612059399421,0.02571769740110182,0.06600000000000006
737,3B004873F2,497-2024-12-23,2024-12-23 15:44:32.572,0.1031627272980638,0.0149251257520151,0.04899999999999993
738,3B00199DE5,499-2024-12-23,2024-12-23 15:45:06.573,0.1019592322300963,0.0030091905927059496,0.03200000000000003
739,01103F97C4,500-2024-12-23,2024-12-23 15:46:04.574,0.1402819492071508,0.026872865259350273,0.07399999999999984
740,3B0018A99B,503-2024-12-23,2024-12-23 15:46:21.573,0.099142441305581,0.003155322250366217,0.06299999999999994
741,3B00186A36,504-2024-12-23,2024-12-23 15:46:59.573,0.0855400064861547,0.0020329077656208996,0.05399999999999999
742,3B004873F2,507-2024-12-23,2024-12-23 15:47:46.574,0.1036663224090489,0.004229945006518806,0.051999999999999935
743,3B00199DE5,508-2024-12-23,2024-12-23 15:47:56.573,0.1023231990211289,0.0011598978040517807,0.066
744,01103FA4B2,510-2024-12-23,2024-12-23 15:48:22.574,0.0988942699725931,0.01253144126153399,0.04899999999999993
745,3B0019B8CC,511-2024-12-23,2024-12-23 15:54:21.570,0.1540612059399422,0.006717905335866348,0.08899999999999997
746,3B004CD4DE,1-2024-12-31,2024-12-31 08:22:03.340,0.1003986183690209,0.014274657741427619,0.04999999999999982
747,3B00182A81,2-2024-12-31,2024-12-31 08:22:47.340,0.1200314724929308,0.00934568825394175,0.04300000000000004
748,3B004CD4DE,3-2024-12-31,2024-12-31 08:23:02.342,0.0945731089516625,0.01405234091049817,0.04800000000000004
749,3B0019B8CC,5-2024-12-31,2024-12-31 08:26:15.343,0.157227223862959,0.026076848213440335,0.049000000000000044
750,3B004CD4DE,7-2024-12-31,2024-12-31 08:26:39.345,0.0930963873781696,0.014023815281299985,0.04800000000000004
751,3B00190DF0,9-2024-12-31,2024-12-31 08:28:30.344,0.1732102861960218,0.023729470011858853,0.057999999999999996
752,3B00192E1E,12-2024-12-31,2024-12-31 08:35:37.350,0.1007525158752752,0.011543046362357052,0.05099999999999999
753,3B00182A81,15-2024-12-31,2024-12-31 08:38:57.353,0.1200314724929308,0.0017701232157929976,0.04299999999999998
754,3B0018D520,16-2024-12-31,2024-12-31 08:39:50.353,0.0924686648354224,0.011859466780837467,0.053999999999999826
755,3B004CD4DE,18-2024-12-31,2024-12-31 08:40:49.355,0.1003986183690209,0.013205148516216623,0.04799999999999999
756,3B00182A81,20-2024-12-31,2024-12-31 08:41:07.355,0.1200314724929308,0.003301044113215536,0.02400000000000002
757,3B00190DF0,21-2024-12-31,2024-12-31 08:41:18.355,0.1732102861960218,0.026696539526057876,0.05600000000000005
758,3B004CD4DE,22-2024-12-31,2024-12-31 08:42:08.355,0.1003986183690209,0.014630386394748786,0.04700000000000004
759,3B0018D520,24-2024-12-31,2024-12-31 08:43:08.356,0.0967763563862768,0.012640925794916023,0.06799999999999984
760,3B00190DF0,25-2024-12-31,2024-12-31 08:43:31.356,0.1732102861960218,0.024642889498955253,0.05299999999999999
761,3B0019B8CC,29-2024-12-31,2024-12-31 08:50:12.361,0.157227223862959,0.02362061697705774,0.05199999999999999
762,3B001857EE,36-2024-12-31,2024-12-31 09:20:21.337,0.1069375408356136,0.004020666055861628,0.04299999999999998
763,3B004873F2,37-2024-12-31,2024-12-31 09:20:32.336,0.0974450136848188,0.013051643638502667,0.04899999999999993
764,3B004873F2,38-2024-12-31,2024-12-31 09:20:49.336,0.0974450136848188,0.013562176066993574,0.04599999999999993
765,3B004873F2,40-2024-12-31,2024-12-31 09:21:41.337,0.0974450136848188,0.012369042949303749,0.04999999999999999
766,3B0018D520,41-2024-12-31,2024-12-31 09:22:11.339,0.0967763563862768,0.012484590836777484,0.07000000000000006
767,3B00190DF0,47-2024-12-31,2024-12-31 09:26:47.342,0.1684949677699671,0.02625210919810506,0.052999999999999936
768,3B00190DF0,50-2024-12-31,2024-12-31 09:29:57.342,0.1732102861960218,0.02613553262417943,0.04899999999999993
769,3B004873F2,52-2024-12-31,2024-12-31 09:30:17.345,0.0974450136848188,0.013482436339901075,0.046999999999999986
770,3B00190DF0,53-2024-12-31,2024-12-31 09:31:11.344,0.1732102861960218,0.02528547297061773,0.05400000000000005
771,3B0018D520,54-2024-12-31,2024-12-31 09:31:27.346,0.0967763563862768,0.012712430025220552,0.05300000000000005
772,3B004AB6A7,55-2024-12-31,2024-12-31 09:32:31.345,0.0822700432833303,0.01466299319075707,0.06999999999999984
773,3B0018D520,56-2024-12-31,2024-12-31 09:33:18.345,0.0967763563862768,0.005054457793330418,0.04300000000000015
774,3B00190DF0,60-2024-12-31,2024-12-31 09:37:42.348,0.1713539676936147,0.02483879642541329,0.051999999999999824
775,3B0019F652,62-2024-12-31,2024-12-31 09:37:58.350,0.0898887910065372,0.0028717248448429026,0.03499999999999992
776,3B004C0894,64-2024-12-31,2024-12-31 09:39:21.352,0.0990572167725178,0.002523730194261014,0.07399999999999984
777,3B00190DF0,65-2024-12-31,2024-12-31 09:39:27.350,0.1732102861960218,0.023377909763258587,0.05599999999999994
778,3B0019F652,67-2024-12-31,2024-12-31 09:40:18.351,0.0898887910065372,0.009333841290631214,0.05900000000000016
779,3B0019F652,69-2024-12-31,2024-12-31 09:44:09.354,0.0898887910065373,0.008373166515541148,0.05900000000000005
780,3B00190DF0,71-2024-12-31,2024-12-31 09:45:22.355,0.1732102861960218,0.02450917342540339,0.04899999999999999
781,3B0019F652,76-2024-12-31,2024-12-31 09:47:25.356,0.0898887910065372,0.005230269963665831,0.035999999999999976
782,3B00190DF0,78-2024-12-31,2024-12-31 09:47:41.357,0.1736168308885863,0.022683961383168305,0.05699999999999994
783,3B0019F652,79-2024-12-31,2024-12-31 09:48:06.355,0.0829123087276767,0.0009808920054755266,0.07299999999999995
784,3B0018A99B,80-2024-12-31,2024-12-31 09:48:40.357,0.0876992789970469,0.001448700989577695,0.10899999999999999
785,3B004C0894,82-2024-12-31,2024-12-31 09:48:52.357,0.1073732115839449,0.003118666762069929,0.06
786,3B004BF067,83-2024-12-31,2024-12-31 10:08:07.323,0.0957450151183924,0.010781442615393736,0.052999999999999936
787,0700ED9568,84-2024-12-31,2024-12-31 10:10:05.324,0.153827234463089,0.023235971951787456,0.06400000000000006
788,3B004873F2,86-2024-12-31,2024-12-31 10:11:28.323,0.0897782246374922,0.012576052514161518,0.06900000000000006
789,3B004873F2,88-2024-12-31,2024-12-31 10:13:33.329,0.0974450136848188,0.011933022553780894,0.07500000000000007
790,3B004873F2,91-2024-12-31,2024-12-31 10:14:54.326,0.0974450136848188,0.013547507283341356,0.04600000000000004
791,3B004CD4DE,92-2024-12-31,2024-12-31 10:15:39.327,0.1003986183690209,0.013319173993454008,0.039000000000000035
792,3B0018A99B,93-2024-12-31,2024-12-31 10:16:19.327,0.0957532417517765,0.0025828061618435737,0.030999999999999917
793,3B004873F2,95-2024-12-31,2024-12-31 10:16:56.327,0.0974450136848188,0.013110097933485962,0.052000000000000046
794,3B0018D520,97-2024-12-31,2024-12-31 10:17:52.328,0.0961814613766423,0.011977709225939433,0.052999999999999936
795,3B00192E1E,98-2024-12-31,2024-12-31 10:17:56.328,0.1007525158752752,0.011870607916192131,0.050999999999999934
796,3B00190DF0,99-2024-12-31,2024-12-31 10:18:44.329,0.1713633252671145,0.024708575873114022,0.049000000000000044
797,3B0018D520,102-2024-12-31,2024-12-31 10:20:02.330,0.0967763563862768,0.01228186154745552,0.05600000000000005
798,3B0018D520,103-2024-12-31,2024-12-31 10:23:01.332,0.0955387196128532,0.01307642306515176,0.06000000000000005
799,3B0019F652,105-2024-12-31,2024-12-31 10:28:33.337,0.0898887910065373,0.012663699820166711,0.04800000000000004
800,3B0019F652,106-2024-12-31,2024-12-31 10:28:42.336,0.0898887910065373,0.010437079446403083,0.05199999999999999
801,3B0018A99B,107-2024-12-31,2024-12-31 10:31:17.339,0.0957532417517765,0.004812181729215568,0.03700000000000003
802,3B0019F652,109-2024-12-31,2024-12-31 10:33:03.340,0.0898887910065372,0.004685841912143271,0.03200000000000003
803,3B0018A99B,113-2024-12-31,2024-12-31 11:04:27.786,0.0932163224752143,0.002697249809953427,0.08599999999999997
804,3B0019B8CC,114-2024-12-31,2024-12-31 11:04:30.786,0.157227223862959,0.027047436077266056,0.049000000000000044
805,3B001857EE,117-2024-12-31,2024-12-31 11:17:02.793,0.1069375408356136,0.004826792260421397,0.04299999999999998
806,3B0018D520,119-2024-12-31,2024-12-31 11:17:42.794,0.0981909590459599,0.012834307796633372,0.04400000000000004
807,3B001857EE,120-2024-12-31,2024-12-31 11:18:24.793,0.1069375408356136,0.004878573514206139,0.04200000000000004
808,3B004BF067,121-2024-12-31,2024-12-31 11:19:03.794,0.0999514682150728,0.012153401733323887,0.06
809,3B0018D520,122-2024-12-31,2024-12-31 11:22:25.796,0.0979969670166867,0.0045165797329595695,0.039000000000000146
810,3B001857EE,123-2024-12-31,2024-12-31 11:22:30.795,0.1069375408356136,0.005030962356849093,0.039999999999999925
811,3B0018D520,124-2024-12-31,2024-12-31 11:23:04.795,0.0967763563862768,0.014849544963115678,0.04899999999999993
812,3B0018D520,127-2024-12-31,2024-12-31 11:25:32.799,0.0967763563862768,0.012366425978150027,0.06800000000000006
813,3B001857EE,128-2024-12-31,2024-12-31 11:26:16.797,0.1069375408356136,0.005886047733003318,0.04299999999999998
814,3B00186A36,129-2024-12-31,2024-12-31 11:30:57.800,0.0877669772732889,0.004184360062674367,0.06699999999999995
815,3B00192E1E,131-2024-12-31,2024-12-31 11:33:57.803,0.0984365927944631,0.003942611961435901,0.07399999999999984
816,3B004873F2,132-2024-12-31,2024-12-31 11:34:01.801,0.0963810800155139,0.013208843044077016,0.04800000000000004
817,3B004873F2,133-2024-12-31,2024-12-31 11:35:04.802,0.0974450136848188,0.00945022301449189,0.05299999999999999
818,3B004873F2,135-2024-12-31,2024-12-31 11:39:12.807,0.0974450136848188,0.013467900376394861,0.04300000000000015
819,3B004BF067,137-2024-12-31,2024-12-31 11:40:11.807,0.0999514682150728,0.011666884909030666,0.04099999999999998
820,3B004873F2,139-2024-12-31,2024-12-31 11:40:41.806,0.0974450136848188,0.014436976709654372,0.04400000000000004
821,3B004873F2,141-2024-12-31,2024-12-31 11:42:23.809,0.0974450136848188,0.011260407506205626,0.050000000000000044
822,3B004873F2,142-2024-12-31,2024-12-31 11:44:18.809,0.0974450136848188,0.014441440472301026,0.07800000000000007
823,3B0018D520,143-2024-12-31,2024-12-31 11:46:41.811,0.0967763563862768,0.011799274242726691,0.07099999999999995
824,3B00182A81,145-2024-12-31,2024-12-31 11:47:06.811,0.1200314724929308,0.002360037114130819,0.046999999999999986
825,3B0018D520,146-2024-12-31,2024-12-31 11:48:14.812,0.0967763563862768,0.013458498199533445,0.061000000000000054
826,3B004873F2,149-2024-12-31,2024-12-31 11:49:32.813,0.0974450136848188,0.014440083148851842,0.06699999999999995
827,3B004BF067,151-2024-12-31,2024-12-31 11:50:26.813,0.0999514682150728,0.005328592559211733,0.04899999999999993
828,3B004873F2,153-2024-12-31,2024-12-31 11:51:57.814,0.0974450136848188,0.014237740897595438,0.05499999999999994
829,3B004873F2,155-2024-12-31,2024-12-31 11:52:39.815,0.0974450136848188,0.014590600749757349,0.04600000000000004
830,3B004CD4DE,157-2024-12-31,2024-12-31 11:53:58.812,0.1003986183690209,0.013489631554486911,0.04400000000000004
831,0700ED9568,158-2024-12-31,2024-12-31 11:54:11.810,0.158192465064319,0.02414183053147692,0.06300000000000006
832,3B00182A81,162-2024-12-31,2024-12-31 11:58:56.794,0.0979749402452956,0.003674218148054392,0.08800000000000008
833,3B0018A99B,166-2024-12-31,2024-12-31 12:13:34.788,0.0957532417517764,0.004050769684335506,0.032999999999999974
834,3B0018A99B,167-2024-12-31,2024-12-31 12:16:49.141,0.0957532417517765,0.004174543091218805,0.03200000000000003
835,3B0019B8CC,168-2024-12-31,2024-12-31 12:25:42.144,0.1572272238629591,0.02274722575452794,0.05899999999999994
836,3B00190DF0,169-2024-12-31,2024-12-31 12:26:41.146,0.1732102861960218,0.02723486652025655,0.05199999999999999
837,3B0019B8CC,171-2024-12-31,2024-12-31 12:28:25.149,0.157227223862959,0.025138146369708965,0.05300000000000016
838,3B00190DF0,172-2024-12-31,2024-12-31 12:28:49.146,0.1732102861960218,0.026207485190881435,0.052999999999999936
839,3B00190DF0,173-2024-12-31,2024-12-31 12:29:47.146,0.1732102861960218,0.026131201032195746,0.051999999999999824
840,3B0019B8CC,174-2024-12-31,2024-12-31 12:29:54.147,0.1572272238629591,0.025794962758358273,0.04799999999999982
841,3B00190DF0,175-2024-12-31,2024-12-31 12:30:41.149,0.1732102861960218,0.02790018159357763,0.05199999999999999
842,3B0019B8CC,176-2024-12-31,2024-12-31 12:31:37.149,0.157227223862959,0.026509617937921684,0.07600000000000007
843,3B00190DF0,177-2024-12-31,2024-12-31 12:31:58.148,0.1732102861960218,0.02199262938930761,0.06300000000000006
844,3B0019B8CC,178-2024-12-31,2024-12-31 12:32:18.149,0.160177706122097,0.02765823081086106,0.06400000000000006
845,3B00190DF0,179-2024-12-31,2024-12-31 12:32:57.149,0.1732102861960218,0.026725499824187315,0.052999999999999936
846,3B0019B8CC,180-2024-12-31,2024-12-31 12:33:18.150,0.1570698100979121,0.02421204985212838,0.050000000000000044
847,3B00190DF0,181-2024-12-31,2024-12-31 12:34:51.150,0.1732102861960218,0.02273296480036445,0.05899999999999994
848,3B0019B8CC,183-2024-12-31,2024-12-31 12:40:40.154,0.157227223862959,0.024307244343946377,0.051000000000000156
849,3B00190DF0,184-2024-12-31,2024-12-31 12:41:11.156,0.1732102861960218,0.02455045578280869,0.053999999999999826
850,3B0019B8CC,186-2024-12-31,2024-12-31 12:45:23.156,0.1580300304552159,0.02368120858095461,0.052000000000000046
851,3B00192E1E,188-2024-12-31,2024-12-31 12:47:37.159,0.0978270277775211,0.002110722937283058,0.10299999999999998
852,3B0019B8CC,193-2024-12-31,2024-12-31 13:17:59.141,0.157227223862959,0.020318059300360236,0.059
853,3B0019B8CC,194-2024-12-31,2024-12-31 13:19:33.143,0.1647698382088122,0.020110245568078815,0.05599999999999994
854,3B00192E1E,195-2024-12-31,2024-12-31 13:19:39.143,0.101782170092885,0.001948779698829052,0.09199999999999997
855,3B00190DF0,196-2024-12-31,2024-12-31 13:19:53.142,0.1732102861960218,0.02674419495632367,0.04700000000000004
856,3B004873F2,197-2024-12-31,2024-12-31 13:20:24.142,0.0974450136848188,0.014058185331009627,0.056999999999999995
857,3B0019B8CC,199-2024-12-31,2024-12-31 13:21:03.144,0.1572272238629591,0.023503498284141618,0.05600000000000005
858,3B00186A36,203-2024-12-31,2024-12-31 13:22:40.144,0.0877669772732889,0.003505499433100343,0.07000000000000006
859,3B0019B8CC,207-2024-12-31,2024-12-31 13:23:56.144,0.157227223862959,0.02388056671163876,0.05800000000000005
860,3B00186A36,208-2024-12-31,2024-12-31 13:24:19.144,0.0877669772732889,0.003610810021654784,0.06499999999999997
861,3B00190DF0,210-2024-12-31,2024-12-31 13:24:40.145,0.1842777726463952,0.024268256570464167,0.050999999999999934
862,3B004873F2,211-2024-12-31,2024-12-31 13:26:52.145,0.0974450136848188,0.014740720996261192,0.07899999999999996
863,3B0018D520,213-2024-12-31,2024-12-31 13:27:10.147,0.0996406740980805,0.01229697583615951,0.04899999999999993
864,3B00190DF0,214-2024-12-31,2024-12-31 13:27:32.146,0.1780416460107605,0.02629955010812264,0.05900000000000016
865,3B0019B8CC,218-2024-12-31,2024-12-31 13:29:15.147,0.157227223862959,0.025197342306287965,0.051999999999999824
866,3B004CD4DE,220-2024-12-31,2024-12-31 13:30:48.148,0.1003986183690209,0.01341155510277463,0.07999999999999985
867,3B004CD4DE,221-2024-12-31,2024-12-31 14:01:12.140,0.1003986183690209,0.012388051606894431,0.07099999999999995
868,3B001857EE,222-2024-12-31,2024-12-31 14:01:46.138,0.1069375408356136,0.012596461462970155,0.046999999999999986
869,3B00182A81,223-2024-12-31,2024-12-31 14:01:57.139,0.1200314724929308,0.009203384006443886,0.05399999999999999
870,3B00192E1E,227-2024-12-31,2024-12-31 14:03:28.136,0.1007525158752752,0.007349235018507329,0.07000000000000006
871,3B001857EE,228-2024-12-31,2024-12-31 14:05:00.137,0.0978300152613901,0.012417620245812864,0.05699999999999994
872,3B00182A81,230-2024-12-31,2024-12-31 14:05:17.137,0.1200314724929308,0.008489823322267822,0.04299999999999998
873,3B001857EE,234-2024-12-31,2024-12-31 14:21:18.141,0.1069375408356136,0.004305882738224054,0.041000000000000036
874,3B004873F2,236-2024-12-31,2024-12-31 14:21:50.141,0.0974450136848188,0.014968748020926343,0.07099999999999995
875,3B001857EE,237-2024-12-31,2024-12-31 14:24:06.143,0.1069375408356136,0.01228883890848362,0.04999999999999999
876,3B00190DF0,238-2024-12-31,2024-12-31 14:24:36.145,0.1732102861960218,0.02647746090733215,0.050999999999999934
877,3B004873F2,239-2024-12-31,2024-12-31 14:24:41.143,0.0974450136848188,0.014441446774143163,0.04500000000000004
878,3B001857EE,240-2024-12-31,2024-12-31 14:24:59.144,0.1069375408356136,0.013230158640095914,0.051999999999999935
879,3B0019B8CC,241-2024-12-31,2024-12-31 14:26:16.144,0.1572272238629591,0.02757678744302214,0.05500000000000005
880,3B001857EE,242-2024-12-31,2024-12-31 14:26:35.145,0.1069375408356136,0.013297678452629235,0.07
881,3B004873F2,243-2024-12-31,2024-12-31 14:26:55.145,0.0974450136848188,0.014621596282156812,0.045999999999999985
882,3B00190DF0,244-2024-12-31,2024-12-31 14:28:11.145,0.1732102861960218,0.025102201565625863,0.06999999999999984
883,3B004873F2,245-2024-12-31,2024-12-31 14:28:19.145,0.0974450136848188,0.014668742553016608,0.04800000000000004
884,3B004873F2,248-2024-12-31,2024-12-31 14:29:44.146,0.0974450136848188,0.013697468110973048,0.08199999999999996
885,3B00190DF0,249-2024-12-31,2024-12-31 14:29:51.148,0.1732102861960218,0.025696335307296994,0.05400000000000005
886,3B0019B8CC,252-2024-12-31,2024-12-31 14:40:54.153,0.1569165666495078,0.02497372463538174,0.050999999999999934
887,3B004CD4DE,254-2024-12-31,2024-12-31 15:38:22.152,0.1003986183690209,0.01355457841248048,0.044999999999999984
888,3B0019B8CC,256-2024-12-31,2024-12-31 15:38:46.154,0.1654902258572067,0.0264917448835229,0.053999999999999826
889,3B004873F2,257-2024-12-31,2024-12-31 15:38:49.153,0.0974450136848188,0.013562428584746777,0.04899999999999993
890,3B004CD4DE,258-2024-12-31,2024-12-31 15:38:55.153,0.1003986183690209,0.014459000541276043,0.07500000000000001
891,3B00182A81,259-2024-12-31,2024-12-31 15:39:01.153,0.1200314724929308,0.0011949666463278285,0.039000000000000035
892,3B004CD4DE,260-2024-12-31,2024-12-31 15:39:39.154,0.0977243827783934,0.006445140194914838,0.06300000000000006
893,3B0019B8CC,262-2024-12-31,2024-12-31 15:39:54.154,0.1537191198974374,0.029076204433543123,0.05600000000000005
894,3B004CD4DE,264-2024-12-31,2024-12-31 15:40:24.154,0.1003986183690208,0.01388133964819455,0.04799999999999999
895,3B004873F2,266-2024-12-31,2024-12-31 15:40:44.153,0.0974450136848188,0.014969678389519762,0.04400000000000004
896,3B0019B8CC,267-2024-12-31,2024-12-31 15:41:59.155,0.1607841409218128,0.027203949520884216,0.051000000000000156
897,3B00192E1E,271-2024-12-31,2024-12-31 15:42:44.156,0.1007525158752752,0.01327673165325769,0.05800000000000005
898,3B004CD4DE,272-2024-12-31,2024-12-31 15:50:32.161,0.0969546599840325,0.012773831521145225,0.04700000000000015
899,3B00182A81,273-2024-12-31,2024-12-31 15:51:29.160,0.1200314724929308,0.01338505556845673,0.07900000000000001
900,3B00190DF0,274-2024-12-31,2024-12-31 15:52:01.159,0.1796882872181655,0.027782179951602773,0.05799999999999994
901,3B0019B8CC,276-2024-12-31,2024-12-31 15:53:23.161,0.1572272238629591,0.029278637388679557,0.051999999999999935
902,3B00190DF0,277-2024-12-31,2024-12-31 15:53:56.160,0.1732102861960218,0.02669542795149958,0.05499999999999994
903,3B00190DF0,278-2024-12-31,2024-12-31 15:56:38.154,0.1732102861960218,0.025314260875681418,0.062000000000000055
904,3B004CD4DE,280-2024-12-31,2024-12-31 15:56:52.155,0.1003986183690208,0.015308363501827979,0.04500000000000004
905,3B00182A81,1-2025-01-03,2025-01-03 08:03:58.694,0.1200314724929308,0.012069371531877517,0.06
906,3B0018C6F9,2-2025-01-03,2025-01-03 08:04:16.695,0.0879159972220203,0.01206652974179886,0.04800000000000004
907,3B0019B8CC,3-2025-01-03,2025-01-03 08:04:54.695,0.157227223862959,-0.0016534073383756374,0.03500000000000014
908,3B0018C6F9,4-2025-01-03,2025-01-03 08:05:49.696,0.0910997830293018,0.011929864752448694,0.05099999999999971
909,3B00190DF0,5-2025-01-03,2025-01-03 08:05:58.696,0.1732102861960218,0.023551608330335053,0.06199999999999983
910,3B00190DF0,6-2025-01-03,2025-01-03 08:06:39.696,0.1631333538433672,0.02221067418408755,0.06899999999999995
911,3B0019B8CC,7-2025-01-03,2025-01-03 08:06:45.695,0.157227223862959,0.022300080266972923,0.05900000000000016
912,3B0018A99B,9-2025-01-03,2025-01-03 08:11:02.699,0.0873123313796066,0.0051350438054075095,0.04300000000000015
913,3B00182A81,11-2025-01-03,2025-01-03 08:12:49.699,0.1200314724929308,0.011424337933214257,0.04899999999999999
914,3B00192E1E,12-2025-01-03,2025-01-03 08:19:27.703,0.0912188383636036,0.009853467808574573,0.05400000000000005
915,3B004CD4DE,13-2025-01-03,2025-01-03 08:19:41.705,0.1003986183690209,0.014124458399824848,0.04699999999999993
916,3B00192E1E,16-2025-01-03,2025-01-03 08:20:14.705,0.1007525158752752,0.010654928473129854,0.05400000000000005
917,3B00182A81,17-2025-01-03,2025-01-03 08:20:19.704,0.1200314724929308,0.003506310927709043,0.03500000000000014
918,3B004CD4DE,18-2025-01-03,2025-01-03 08:20:48.705,0.1003986183690209,0.013479906170050213,0.04899999999999999
919,3B0018A99B,20-2025-01-03,2025-01-03 08:21:19.705,0.0957532417517765,0.004836957233049282,0.040000000000000036
920,3B00192E1E,23-2025-01-03,2025-01-03 08:22:23.707,0.1007525158752752,0.012000058963433324,0.045999999999999985
921,3B004CD4DE,25-2025-01-03,2025-01-03 08:22:52.705,0.0972057525794403,0.014349531762058946,0.04599999999999982
922,3B00182A81,26-2025-01-03,2025-01-03 08:22:57.705,0.1200314724929308,0.00333563235007847,0.05800000000000005
923,3B004873F2,28-2025-01-03,2025-01-03 08:23:36.706,0.1059223398213607,0.011231576073211756,0.04600000000000004
924,3B004BF067,29-2025-01-03,2025-01-03 08:23:54.707,0.0947584698282505,0.010084022417702995,0.07
925,3B004873F2,30-2025-01-03,2025-01-03 08:24:19.706,0.1059223398213607,0.012904351186748628,0.04500000000000015
926,3B004873F2,34-2025-01-03,2025-01-03 08:25:59.708,0.1059223398213607,0.013281632801180023,0.04400000000000004
927,3B0019B8CC,35-2025-01-03,2025-01-03 08:27:21.708,0.1572272238629591,0.022556799607131247,0.04799999999999999
928,3B004CD4DE,36-2025-01-03,2025-01-03 08:37:20.921,0.1003986183690209,0.013229988794950985,0.05499999999999999
929,3B00186A36,37-2025-01-03,2025-01-03 08:38:14.921,0.0899897453561215,0.012200419985817333,0.050000000000000044
930,3B00182A81,40-2025-01-03,2025-01-03 08:38:38.916,0.1200314724929308,0.002898804528048494,0.04299999999999998
931,3B004CD4DE,41-2025-01-03,2025-01-03 08:39:25.908,0.1003986183690209,0.014637139417054038,0.05499999999999994
932,3B0018A99B,43-2025-01-03,2025-01-03 09:05:59.884,0.0872947005610255,0.011553501980325752,0.050000000000000044
933,3B00192E1E,44-2025-01-03,2025-01-03 09:06:52.884,0.1007525158752752,0.012033596243974713,0.04600000000000004
934,3B0018A99B,46-2025-01-03,2025-01-03 09:09:06.887,0.0957532417517765,0.005295652428939701,0.037000000000000144
935,01103F88A1,47-2025-01-03,2025-01-03 09:09:39.888,0.1015371097703245,0.011219681132546391,0.07899999999999996
936,3B00192E1E,48-2025-01-03,2025-01-03 09:09:45.887,0.1007525158752752,0.012566366717926712,0.051000000000000045
937,3B004AB6A7,49-2025-01-03,2025-01-03 09:10:04.887,0.0890334167258134,0.013619906117964556,0.050000000000000044
938,3B004C0894,50-2025-01-03,2025-01-03 09:10:49.887,0.0984286319816433,0.012104136695241144,0.05800000000000005
939,01103F88A1,51-2025-01-03,2025-01-03 09:11:36.887,0.1015371097703245,0.013472039705509026,0.052000000000000046
940,3B004AB6A7,52-2025-01-03,2025-01-03 09:11:47.889,0.1010865170433355,0.013576760090898093,0.05800000000000005
941,3B00185CB8,54-2025-01-03,2025-01-03 09:16:11.890,0.0961713399170973,0.006620923279710768,0.03699999999999998
942,3B004873F2,55-2025-01-03,2025-01-03 09:16:31.890,0.1059223398213607,0.012692251757865229,0.04799999999999999
943,3B004BF067,56-2025-01-03,2025-01-03 09:16:51.891,0.0999514682150728,0.010563659829766361,0.04799999999999999
944,01103F88A1,58-2025-01-03,2025-01-03 09:17:03.890,0.1015371097703245,0.013464170752952491,0.05200000000000049
945,3B004873F2,59-2025-01-03,2025-01-03 09:17:41.892,0.1059223398213607,0.013352047943309138,0.04899999999999993
946,3B004ACEEA,61-2025-01-03,2025-01-03 09:18:19.892,0.1340366575653846,0.010516626042203405,0.04100000000000015
947,3B004873F2,62-2025-01-03,2025-01-03 09:18:53.892,0.1059223398213607,0.013498967534722158,0.045999999999999985
948,3B004873F2,63-2025-01-03,2025-01-03 09:19:40.893,0.1059223398213607,0.012941585756793368,0.04500000000000004
949,3B004873F2,64-2025-01-03,2025-01-03 09:25:47.896,0.1059223398213607,0.012938180108049445,0.05199999999999999
950,3B00190DF0,65-2025-01-03,2025-01-03 09:29:52.898,0.1732102861960218,0.02584493047466669,0.05299999999999999
951,3B00190DF0,66-2025-01-03,2025-01-03 09:31:41.901,0.1732102861960218,0.024567848804849395,0.05300000000000016
952,3B00190DF0,67-2025-01-03,2025-01-03 09:33:16.901,0.1732102861960218,0.024309052443818865,0.04999999999999993
953,3B00190DF0,68-2025-01-03,2025-01-03 09:35:31.903,0.1732102861960218,0.024262409871714817,0.05500000000000005
954,3B00190DF0,69-2025-01-03,2025-01-03 09:36:45.902,0.1732102861960218,0.025760473224197437,0.051999999999999824
955,3B004BF067,70-2025-01-03,2025-01-03 09:37:36.904,0.0999514682150728,0.002655956807938485,0.03600000000000003
956,3B004873F2,71-2025-01-03,2025-01-03 09:37:42.902,0.1059223398213607,0.005382490695846464,0.06900000000000006
957,3B00190DF0,73-2025-01-03,2025-01-03 09:38:52.898,0.1732102861960218,0.025848379593498172,0.049000000000000044
958,3B004C0894,76-2025-01-03,2025-01-03 09:48:49.857,0.1073732115839449,0.01323465938384299,0.05499999999999999
959,3B00192E1E,77-2025-01-03,2025-01-03 09:48:54.856,0.1007525158752752,0.010034668968708912,0.057999999999999996
960,3B00192E1E,80-2025-01-03,2025-01-03 09:50:01.856,0.093775226228236,0.013313702399967422,0.04699999999999993
961,3B004C0894,82-2025-01-03,2025-01-03 10:03:38.864,0.1073732115839449,0.012471642409748358,0.062
962,3B004873F2,83-2025-01-03,2025-01-03 10:04:00.865,0.1059223398213607,0.013247860713323744,0.045999999999999985
963,3B004C0894,86-2025-01-03,2025-01-03 10:07:36.866,0.1021874219325076,0.013162591723431087,0.052999999999999936
964,3B0018A99B,88-2025-01-03,2025-01-03 10:07:55.866,0.0957532417517765,0.004254424370902807,0.040000000000000036
965,3B004BF067,89-2025-01-03,2025-01-03 10:08:01.866,0.0999514682150728,0.011114232428590817,0.05300000000000016
966,3B004C0894,90-2025-01-03,2025-01-03 10:08:52.867,0.107373211583945,0.005795648486640351,0.04700000000000004
967,01103F88A1,92-2025-01-03,2025-01-03 10:09:07.867,0.1015371097703245,0.014746242534476692,0.052000000000000046
968,3B004873F2,93-2025-01-03,2025-01-03 10:09:15.868,0.1059223398213607,0.013797701785704098,0.04899999999999999
969,3B0018A99B,95-2025-01-03,2025-01-03 10:10:12.867,0.0957532417517765,0.0005892505140742456,0.014999999999999902
970,3B004C0894,97-2025-01-03,2025-01-03 10:10:22.868,0.0809049251067951,0.008347267613385102,0.04500000000000015
971,3B004BF067,99-2025-01-03,2025-01-03 10:11:53.871,0.1002016487976269,0.0047285117193130765,0.039999999999999925
972,3B004CD4DE,100-2025-01-03,2025-01-03 10:12:11.868,0.1003986183690209,0.012009016629735948,0.07700000000000001
973,3B004CD4DE,101-2025-01-03,2025-01-03 10:13:07.869,0.0964437109110938,0.014519729970326085,0.07499999999999996
974,3B004AB6A7,102-2025-01-03,2025-01-03 10:13:15.870,0.1047696848872961,0.015253786943874383,0.05799999999999994
975,3B0018A99B,108-2025-01-03,2025-01-03 10:36:22.881,0.0957532417517765,0.004802964256908188,0.03699999999999992
976,3B00190DF0,109-2025-01-03,2025-01-03 10:36:38.882,0.1732102861960218,0.02472146654808626,0.055999999999999994
977,01103F88A1,110-2025-01-03,2025-01-03 10:36:47.883,0.1015371097703245,0.013967318218311266,0.08300000000000002
978,3B0019B8CC,111-2025-01-03,2025-01-03 10:39:00.875,0.1572272238629591,0.026572724041457975,0.04899999999999999
979,3B004C0894,113-2025-01-03,2025-01-03 10:40:43.861,0.1073732115839449,0.01204594327163644,0.06599999999999984
980,3B0018A99B,114-2025-01-03,2025-01-03 10:40:49.859,0.0957532417517765,0.005162483868215379,0.038999999999999924
981,3B0018A99B,116-2025-01-03,2025-01-03 10:41:59.850,0.0957532417517765,0.005458804072156961,0.040999999999999925
982,3B004C0894,117-2025-01-03,2025-01-03 10:42:28.845,0.107373211583945,0.005920848417281831,0.041000000000000036
983,3B00190DF0,118-2025-01-03,2025-01-03 10:42:49.842,0.1721048235730665,0.017611403773565754,0.040999999999999925
984,3B0018A99B,119-2025-01-03,2025-01-03 10:42:56.840,0.0957532417517765,0.0043668524043662055,0.03699999999999998
985,3B0019B8CC,120-2025-01-03,2025-01-03 10:43:55.840,0.1572272238629591,0.024906996491100113,0.05099999999999999
986,3B004873F2,121-2025-01-03,2025-01-03 10:43:57.838,0.1059223398213607,0.013175991675389855,0.07300000000000001
987,3B004C0894,122-2025-01-03,2025-01-03 10:44:08.838,0.1073732115839449,0.01297728020426893,0.07699999999999996
988,3B004AB6A7,123-2025-01-03,2025-01-03 10:45:41.838,0.0992837123082035,0.012412364877150847,0.07299999999999995
989,3B004ACEEA,125-2025-01-03,2025-01-03 10:53:04.843,0.0935488315014605,0.011345106108638212,0.04700000000000015
990,3B004873F2,129-2025-01-03,2025-01-03 10:55:10.845,0.09418394391946,0.012555241877684377,0.07899999999999996
991,3B004AB6A7,130-2025-01-03,2025-01-03 10:58:58.846,0.0994110699768331,0.012520002143414314,0.054999999999999716
992,3B004AB6A7,133-2025-01-03,2025-01-03 11:02:20.847,0.1010865170433355,0.013926085401327835,0.04800000000000004
993,3B004C0894,135-2025-01-03,2025-01-03 11:03:34.848,0.1073732115839449,0.010329525412245797,0.052999999999999936
994,3B004C0894,136-2025-01-03,2025-01-03 11:03:45.848,0.1057603355099062,0.006459288121496103,0.04300000000000015
995,3B00192E1E,137-2025-01-03,2025-01-03 11:04:36.849,0.1087772732042058,7.49021379832745e-05,0.05799999999999994
996,3B00182A81,138-2025-01-03,2025-01-03 11:04:53.848,0.1200314724929308,0.0036643897488440043,0.044999999999999984
997,3B00192E1E,140-2025-01-03,2025-01-03 11:08:53.851,0.1007525158752752,0.0036505692405599762,0.063
998,3B004873F2,141-2025-01-03,2025-01-03 11:09:34.851,0.095793075018867,0.01436506601980782,0.06199999999999983
999,3B00192E1E,143-2025-01-03,2025-01-03 11:25:24.861,0.1007525158752752,0.012507457224112119,0.04800000000000004
1000,3B004CD4DE,144-2025-01-03,2025-01-03 11:25:31.859,0.1003986183690209,0.01220306143905205,0.07900000000000001
1001,3B00192E1E,145-2025-01-03,2025-01-03 11:27:13.861,0.1007525158752752,0.012190962250436418,0.04700000000000004
1002,3B004CD4DE,146-2025-01-03,2025-01-03 11:27:28.860,0.1003986183690209,0.01486660590633848,0.04399999999999982
1003,3B004C0894,148-2025-01-03,2025-01-03 11:27:45.860,0.1073732115839449,0.013155998521139748,0.05599999999999983
1004,3B00192E1E,149-2025-01-03,2025-01-03 11:28:13.860,0.1007525158752752,0.012739636115902016,0.05899999999999994
1005,3B004CD4DE,150-2025-01-03,2025-01-03 11:28:43.862,0.1003986183690209,0.014894191064499171,0.07999999999999985
1006,3B004C0894,151-2025-01-03,2025-01-03 11:29:06.861,0.1066408169221115,0.011648576945509337,0.05400000000000005
1007,3B004873F2,153-2025-01-03,2025-01-03 11:33:14.864,0.1059223398213607,0.014503138326480664,0.04800000000000004
1008,3B004C0894,156-2025-01-03,2025-01-03 11:35:45.863,0.1081134840149025,0.012941875282100867,0.05600000000000005
1009,3B004BF067,158-2025-01-03,2025-01-03 11:40:07.858,0.0998500748327199,0.011297514862426495,0.04899999999999993
1010,3B004BF067,159-2025-01-03,2025-01-03 11:41:42.852,0.0999514682150728,0.004532386693643812,0.041000000000000036
1011,3B0018A99B,160-2025-01-03,2025-01-03 11:42:02.849,0.0957532417517765,0.003758689897208804,0.034999999999999976
1012,3B0018A99B,161-2025-01-03,2025-01-03 11:43:24.843,0.0926901115149445,0.011876921232919804,0.052999999999999936
1013,3B004BF067,162-2025-01-03,2025-01-03 11:43:30.842,0.1024361703387523,0.009581878049954994,0.06099999999999994
1014,3B0018A99B,163-2025-01-03,2025-01-03 11:44:33.840,0.0957532417517765,0.00528156423665543,0.03600000000000003
1015,3B0018A99B,165-2025-01-03,2025-01-03 11:47:12.838,0.0937742446131034,0.011845138709494664,0.05400000000000005
1016,3B004BF067,166-2025-01-03,2025-01-03 11:49:46.835,0.100689503771341,0.0042430801986492045,0.04200000000000004
1017,3B004BF067,167-2025-01-03,2025-01-03 11:55:48.836,0.0999514682150728,0.010743380703544183,0.05700000000000005
1018,3B004873F2,168-2025-01-03,2025-01-03 11:56:14.834,0.1059223398213607,0.013789837833145132,0.04599999999999993
1019,3B004873F2,169-2025-01-03,2025-01-03 11:57:13.835,0.1059223398213607,0.01407249595723545,0.04899999999999993
1020,3B001857EE,173-2025-01-03,2025-01-03 12:02:53.836,0.1069375408356136,0.001817267239174382,0.03199999999999992
1021,3B004873F2,178-2025-01-03,2025-01-03 12:07:34.292,0.1059223398213607,0.014612623463933602,0.04899999999999999
1022,3B00192E1E,179-2025-01-03,2025-01-03 12:08:42.294,0.1007525158752752,-0.0007341922026450192,0.066
1023,3B001857EE,180-2025-01-03,2025-01-03 12:08:46.292,0.1069375408356136,0.007355422930509613,0.052000000000000046
1024,3B00192E1E,183-2025-01-03,2025-01-03 12:09:48.293,0.1007525158752752,0.0014772206273680184,0.02400000000000002
1025,3B004873F2,184-2025-01-03,2025-01-03 12:10:04.294,0.1059223398213607,0.014342229999692525,0.045999999999999985
1026,3B0018A99B,185-2025-01-03,2025-01-03 12:11:22.295,0.0957532417517765,0.004800340822158108,0.037000000000000144
1027,3B00192E1E,186-2025-01-03,2025-01-03 12:11:31.295,0.1007525158752752,0.004153789577237455,0.03500000000000003
1028,3B004C0894,187-2025-01-03,2025-01-03 12:12:22.295,0.107373211583945,0.012363509744140383,0.05499999999999994
1029,3B0018A99B,188-2025-01-03,2025-01-03 12:12:27.295,0.0957532417517765,0.005403084123172569,0.038000000000000034
1030,3B001857EE,191-2025-01-03,2025-01-03 12:17:56.297,0.1069375408356136,0.01308595357752831,0.04700000000000004
1031,3B004AB6A7,197-2025-01-03,2025-01-03 12:31:03.305,0.1010865170433356,0.015601331214911529,0.050999999999999934
1032,3B004CD4DE,198-2025-01-03,2025-01-03 12:31:55.306,0.1003986183690209,0.013348617599935875,0.04299999999999993
1033,3B004CD4DE,199-2025-01-03,2025-01-03 12:32:56.305,0.1003986183690209,0.015105100384510453,0.07600000000000007
1034,3B00199DE5,202-2025-01-03,2025-01-03 12:44:24.285,0.0968859410861864,0.014499416794005652,0.04600000000000004
1035,3B004873F2,203-2025-01-03,2025-01-03 12:44:44.285,0.1059223398213607,0.013848485682766434,0.04499999999999993
1036,3B004C0894,206-2025-01-03,2025-01-03 12:47:56.281,0.107373211583945,0.01369180554031282,0.05199999999999999
1037,3B004873F2,209-2025-01-03,2025-01-03 12:49:11.281,0.1059223398213607,0.013891141652162774,0.050999999999999934
1038,3B0018A99B,210-2025-01-03,2025-01-03 12:49:42.279,0.0915005225135316,0.005399713471608402,0.038000000000000034
1039,3B004873F2,212-2025-01-03,2025-01-03 12:50:16.281,0.1059223398213607,0.01481696272189157,0.04799999999999999
1040,3B0018A99B,213-2025-01-03,2025-01-03 12:50:39.280,0.0957532417517765,0.004460477294976311,0.03500000000000003
1041,3B004873F2,214-2025-01-03,2025-01-03 12:51:02.279,0.0981751902180576,0.01497509317853294,0.04700000000000015
1042,3B00199DE5,215-2025-01-03,2025-01-03 13:05:59.789,0.1021527338347408,0.009248942815530058,0.06099999999999994
1043,3B004C0894,217-2025-01-03,2025-01-03 13:07:36.789,0.1073732115839449,0.0003319024551156379,0.02100000000000002
1044,3B004C0894,219-2025-01-03,2025-01-03 13:21:50.797,0.1073732115839449,0.013163710092417616,0.05499999999999994
1045,3B00192E1E,220-2025-01-03,2025-01-03 13:23:29.798,0.1007525158752752,0.003630632931090219,0.03200000000000003
1046,3B004C0894,227-2025-01-03,2025-01-03 13:26:52.800,0.1092538316843421,0.014476224832600571,0.050999999999999934
1047,3B004AB6A7,228-2025-01-03,2025-01-03 13:27:33.800,0.1092123378089057,0.012849986537513057,0.06099999999999994
1048,3B0018A99B,231-2025-01-03,2025-01-03 13:29:31.801,0.0957532417517765,0.005147437136283238,0.03600000000000003
1049,3B0018A99B,233-2025-01-03,2025-01-03 13:30:19.803,0.0957532417517765,0.011587026562487312,0.05900000000000005
1050,3B004873F2,234-2025-01-03,2025-01-03 13:43:13.785,0.1059223398213607,0.013880821987172576,0.04800000000000004
1051,3B004873F2,235-2025-01-03,2025-01-03 13:44:03.786,0.1059223398213607,0.013588224202386827,0.052000000000000046
1052,3B004873F2,237-2025-01-03,2025-01-03 13:46:40.780,0.1059223398213607,0.014459719022150812,0.04800000000000004
1053,3B00192E1E,239-2025-01-03,2025-01-03 14:16:28.787,0.1007525158752752,0.012321640894613062,0.04499999999999993
1054,3B00192E1E,241-2025-01-03,2025-01-03 14:28:10.793,0.1007525158752752,0.01341297062485695,0.07599999999999996
1055,3B00192E1E,242-2025-01-03,2025-01-03 14:29:19.793,0.1007525158752752,0.01416100656772053,0.08299999999999996
1056,3B004873F2,243-2025-01-03,2025-01-03 14:30:12.795,0.1059223398213607,0.014699843215738428,0.04699999999999993
1057,3B004873F2,245-2025-01-03,2025-01-03 14:31:12.795,0.1059223398213607,0.012387245166387274,0.054999999999999966
1058,3B00192E1E,246-2025-01-03,2025-01-03 14:32:02.795,0.1007525158752752,0.013729730304431975,0.08100000000000002
1059,3B004873F2,247-2025-01-03,2025-01-03 14:32:40.796,0.1059223398213607,0.015297528370172052,0.05699999999999994
1060,3B00192E1E,248-2025-01-03,2025-01-03 14:59:57.776,0.1011923704226445,0.013917329445309304,0.08000000000000007
1061,3B004873F2,250-2025-01-03,2025-01-03 15:09:10.779,0.1059223398213607,0.015170481284560855,0.04800000000000004
1062,3B004873F2,251-2025-01-03,2025-01-03 15:10:58.779,0.0971731191831945,0.01575406895768685,0.04599999999999993
1063,3B0019B8CC,1-2025-01-21,2025-01-21 08:13:32.485,0.157227223862959,0.025538468516605694,0.05300000000000005
1064,3B00192E1E,2-2025-01-21,2025-01-21 08:19:02.583,0.1049138643041158,0.012793507701768304,0.05599999999999994
1065,3B00192E1E,3-2025-01-21,2025-01-21 08:20:17.582,0.0941609374487042,0.013251663395705097,0.05499999999999994
1066,3B00192E1E,4-2025-01-21,2025-01-21 08:21:31.583,0.0941992070502693,0.012858627894104713,0.04800000000000004
1067,3B004873F2,5-2025-01-21,2025-01-21 08:26:20.588,0.0974450136848188,0.013781640837895232,0.050000000000000044
1068,3B0019B8CC,7-2025-01-21,2025-01-21 08:28:14.587,0.1566399888052052,0.026148044007564562,0.08299999999999974
1069,3B004873F2,8-2025-01-21,2025-01-21 08:28:38.590,0.0974450136848188,0.014278507933919092,0.049000000000000044
1070,3B0018A99B,9-2025-01-21,2025-01-21 08:29:39.589,0.0884373526902054,0.011305969561723646,0.06099999999999994
1071,3B0019B8CC,11-2025-01-21,2025-01-21 08:30:04.590,0.1572272238629591,0.026195836396859483,0.051999999999999824
1072,3B004873F2,12-2025-01-21,2025-01-21 08:30:30.592,0.0974450136848188,0.014372013002584626,0.04800000000000004
1073,3B0019B8CC,13-2025-01-21,2025-01-21 08:31:31.592,0.1572272238629591,0.026632269060885123,0.07000000000000006
1074,3B0018C6F9,15-2025-01-21,2025-01-21 08:35:37.594,0.0974200797363696,0.011076551370589428,0.050999999999999934
1075,3B0018C6F9,16-2025-01-21,2025-01-21 08:36:29.596,0.0995207441742754,0.001219969086974336,0.06599999999999995
1076,3B00484043,20-2025-01-21,2025-01-21 08:38:54.598,0.0938208148313449,0.011219985207990012,0.07600000000000007
1077,3B00192E1E,21-2025-01-21,2025-01-21 08:39:06.598,0.1049138643041158,0.011333116144346239,0.04799999999999999
1078,01103FA4B2,22-2025-01-21,2025-01-21 08:40:56.599,0.0992665071658885,0.013615381026023343,0.053999999999999826
1079,3B004873F2,23-2025-01-21,2025-01-21 08:42:52.601,0.0924481817781715,0.014879432956070127,0.051000000000000156
1080,3B004873F2,24-2025-01-21,2025-01-21 08:43:20.605,0.0974450136848188,0.013088345893602615,0.07900000000000007
1081,3B004873F2,26-2025-01-21,2025-01-21 08:44:19.601,0.0930010722413287,0.014684273642127177,0.04899999999999993
1082,3B0018C6F9,27-2025-01-21,2025-01-21 09:04:28.621,0.0995207441742754,0.01234060323405569,0.04299999999999993
1083,3B00484043,28-2025-01-21,2025-01-21 09:05:17.617,0.0939797632726364,0.012407500163032836,0.052999999999999936
1084,01103F9A64,29-2025-01-21,2025-01-21 09:06:03.606,0.1644964452172014,0.032563759973035386,0.053999999999999826
1085,3B004CEFFE,30-2025-01-21,2025-01-21 09:06:12.604,0.0982721086608514,0.012736044886354271,0.05600000000000005
1086,3B004CEFFE,31-2025-01-21,2025-01-21 09:07:36.586,0.1020544328593473,0.03547855522035546,0.06099999999999994
1087,3B0018A99B,32-2025-01-21,2025-01-21 09:09:00.568,0.0889940178995809,0.01062371157382661,0.05900000000000016
1088,3B00192E1E,33-2025-01-21,2025-01-21 09:14:26.559,0.0937926432635391,0.012237348595534636,0.04899999999999993
1089,3B00192E1E,35-2025-01-21,2025-01-21 09:15:14.561,0.1049138643041158,0.004329693767622594,0.03600000000000003
1090,3B00192E1E,36-2025-01-21,2025-01-21 09:16:19.561,0.0940886036408608,0.012674548577794245,0.052000000000000046
1091,01103FD532,37-2025-01-21,2025-01-21 09:16:28.560,0.1619357416275735,0.026964764169672917,0.05099999999999971
1092,3B00192E1E,38-2025-01-21,2025-01-21 09:17:14.562,0.1049138643041158,0.013407595103746632,0.050000000000000044
1093,01103FA4B2,39-2025-01-21,2025-01-21 09:19:58.564,0.0902860927205339,0.014608086970822436,0.06899999999999995
1094,01103FA4B2,42-2025-01-21,2025-01-21 09:23:40.565,0.096282467710652,0.012107461830753258,0.062000000000000055
1095,3B0019F652,46-2025-01-21,2025-01-21 09:25:30.567,0.0898887910065372,0.004425534720119998,0.04299999999999993
1096,3B0019F652,47-2025-01-21,2025-01-21 09:26:17.568,0.0898887910065372,0.004016260544440668,0.03400000000000003
1097,3B0019F652,49-2025-01-21,2025-01-21 09:27:41.568,0.0814592301512718,0.01145546243263344,0.051000000000000156
1098,3B004AB6A7,50-2025-01-21,2025-01-21 09:28:48.568,0.0990630523759452,0.013935539564937559,0.04499999999999993
1099,3B004C0894,54-2025-01-21,2025-01-21 09:30:49.570,0.1049278516983249,0.010719317671423503,0.06499999999999995
1100,3B0018C6F9,56-2025-01-21,2025-01-21 09:40:40.578,0.0995207441742754,0.012339532751363038,0.07200000000000006
1101,3B0018C6F9,57-2025-01-21,2025-01-21 09:41:38.578,0.0978611217466811,0.011396118022986203,0.04800000000000004
1102,3B0018C6F9,60-2025-01-21,2025-01-21 09:43:09.579,0.0995207441742754,0.013964401383403992,0.050000000000000044
1103,3B004AB6A7,61-2025-01-21,2025-01-21 09:43:37.578,0.1029496109663312,0.01209797321825136,0.06600000000000006
1104,3B0018A99B,62-2025-01-21,2025-01-21 09:44:30.580,0.0957532417517765,0.008729664983214067,0.05800000000000005
1105,3B004873F2,66-2025-01-21,2025-01-21 09:46:10.580,0.0974450136848188,0.013518199681309215,0.050000000000000044
1106,3B00192E1E,70-2025-01-21,2025-01-21 09:49:25.583,0.1049138643041158,0.012250891496936613,0.04499999999999993
1107,3B0019B8CC,72-2025-01-21,2025-01-21 09:50:03.583,0.1572272238629591,0.027223015818591437,0.04899999999999993
1108,3B0019F652,76-2025-01-21,2025-01-21 10:05:02.592,0.0898887910065372,0.01008848837896049,0.07100000000000001
1109,3B004CEFFE,77-2025-01-21,2025-01-21 10:05:11.592,0.1020544328593473,0.012028409112314828,0.062000000000000055
1110,3B00484043,78-2025-01-21,2025-01-21 10:10:46.541,0.0962109209635638,0.013685817758676364,0.05999999999999983
1111,3B004CEFFE,79-2025-01-21,2025-01-21 10:11:44.542,0.1020544328593473,0.010897208328280924,0.07000000000000006
1112,3B0018A99B,81-2025-01-21,2025-01-21 10:16:53.545,0.0914709963532996,0.004010142143174603,0.05999999999999983
1113,0700ED9568,82-2025-01-21,2025-01-21 10:17:42.544,0.1573249759340745,0.018112210611093974,0.06799999999999984
1114,3B0018A99B,83-2025-01-21,2025-01-21 10:17:59.544,0.0957532417517765,0.0045266438472733725,0.03399999999999981
1115,3B0018C6F9,84-2025-01-21,2025-01-21 10:19:06.545,0.0997127500990987,0.011837616643185235,0.051000000000000156
1116,3B0019F652,87-2025-01-21,2025-01-21 10:32:19.553,0.0898887910065372,0.0045006477514321725,0.03799999999999981
1117,3B0019F652,88-2025-01-21,2025-01-21 10:33:27.555,0.0898887910065372,0.0051185267402665885,0.03799999999999981
1118,3B00192E1E,92-2025-01-21,2025-01-21 10:39:02.558,0.0970411905319603,0.004022296778825868,0.037000000000000144
1119,3B0018A99B,93-2025-01-21,2025-01-21 10:39:19.557,0.0957532417517765,0.004087693023620104,0.03400000000000003
1120,3B004873F2,94-2025-01-21,2025-01-21 10:53:25.567,0.0974450136848188,0.01228273492168334,0.07600000000000001
1121,3B0018A99B,96-2025-01-21,2025-01-21 10:55:17.568,0.0957532417517765,0.0008926221790866183,0.016999999999999904
1122,3B004CD4DE,98-2025-01-21,2025-01-21 10:56:10.568,0.0950729964794981,0.014450622932960767,0.04799999999999999
1123,01103FA4B2,100-2025-01-21,2025-01-21 10:58:40.684,0.1028782571970058,0.012479679792587059,0.05800000000000005
1124,3B0018A99B,101-2025-01-21,2025-01-21 10:58:53.685,0.0957532417517765,0.004744032220938011,0.03700000000000003
1125,3B00185E23,102-2025-01-21,2025-01-21 10:59:32.683,0.1095793226193186,0.011255193644538976,0.05400000000000027
1126,3B0018A99B,103-2025-01-21,2025-01-21 11:00:46.684,0.0921935224551604,0.0040968633322472515,0.03699999999999992
1127,3B004873F2,104-2025-01-21,2025-01-21 11:01:04.686,0.0953736969473375,0.014000953948753012,0.04399999999999982
1128,3B004873F2,105-2025-01-21,2025-01-21 11:02:05.685,0.0974450136848188,0.012971362187622007,0.043999999999999984
1129,3B004C0894,106-2025-01-21,2025-01-21 11:03:28.686,0.1057248365407667,0.012113066781015768,0.06400000000000006
1130,3B004AB6A7,107-2025-01-21,2025-01-21 11:03:45.687,0.1034287160234241,0.013633657571859137,0.053999999999999826
1131,3B004CEFFE,108-2025-01-21,2025-01-21 11:05:08.686,0.1003488835764342,0.011186028466727642,0.07099999999999995
1132,3B00192E1E,109-2025-01-21,2025-01-21 11:05:30.683,0.0964516592343214,0.01296785238061888,0.04899999999999993
1133,3B00192E1E,111-2025-01-21,2025-01-21 11:08:31.656,0.0993742620129479,0.013141394515840734,0.06299999999999994
1134,3B004CEFFE,113-2025-01-21,2025-01-21 11:13:47.413,0.1020544328593473,0.011713052085361279,0.05700000000000005
1135,3B00484043,114-2025-01-21,2025-01-21 11:15:26.414,0.0938208148313449,0.005409516623386148,0.09999999999999998
1136,3B004AB6A7,116-2025-01-21,2025-01-21 11:19:25.416,0.1043931452940003,0.014357276465010822,0.04899999999999993
1137,3B0018F763,117-2025-01-21,2025-01-21 11:22:49.419,0.1094391649153988,0.012636337425371475,0.057999999999999996
1138,3B004CEFFE,118-2025-01-21,2025-01-21 11:26:13.420,0.1020384989225554,0.011435416609835209,0.07099999999999995
1139,3B004CEFFE,119-2025-01-21,2025-01-21 11:28:40.420,0.1020544328593473,0.012253065575190514,0.055999999999999994
1140,3B004AB6A7,122-2025-01-21,2025-01-21 11:31:02.422,0.1102171940244457,0.012824916237982603,0.052000000000000046
1141,3B004AB6A7,123-2025-01-21,2025-01-21 11:35:00.426,0.1102171940244457,0.014231557611616359,0.051999999999999935
1142,3B0018F763,124-2025-01-21,2025-01-21 11:35:10.425,0.1094391649153988,0.012707010446263243,0.05099999999999999
1143,3B00484043,125-2025-01-21,2025-01-21 11:35:55.426,0.0981795894282892,0.013664054542203164,0.052000000000000046
1144,3B0018A99B,126-2025-01-21,2025-01-21 11:37:02.426,0.093047906283621,0.004666026963454536,0.041999999999999815
1145,3B004AB6A7,127-2025-01-21,2025-01-21 11:37:17.426,0.1057072735724107,0.013916377455919098,0.049000000000000155
1146,3B0018A99B,129-2025-01-21,2025-01-21 11:38:13.429,0.092801173827548,0.0015157337366664557,0.05899999999999994
1147,3B004AB6A7,130-2025-01-21,2025-01-21 11:39:07.428,0.1102171940244457,0.01413460675685583,0.050000000000000044
1148,3B00192E1E,132-2025-01-21,2025-01-21 11:40:12.428,0.1049138643041158,0.011832199754167097,0.05699999999999994
1149,0700ED9568,134-2025-01-21,2025-01-21 11:40:42.429,0.1629727087519889,0.024232512824798737,0.059
1150,3B004CEFFE,136-2025-01-21,2025-01-21 11:41:56.428,0.1024694658779084,0.014302863864591394,0.05500000000000016
1151,3B0018F763,138-2025-01-21,2025-01-21 11:42:50.430,0.1094391649153988,0.014274414603764234,0.07300000000000001
1152,3B004CEFFE,140-2025-01-21,2025-01-21 11:43:47.429,0.1020544328593473,0.0049547175291283175,0.04800000000000004
1153,3B0018F763,141-2025-01-21,2025-01-21 11:44:31.431,0.1094391649153988,0.014188460364857367,0.054999999999999716
1154,3B0019B8CC,143-2025-01-21,2025-01-21 11:56:51.438,0.155397000114219,0.008007518822101722,0.07600000000000007
1155,3B0019B8CC,144-2025-01-21,2025-01-21 11:57:39.439,0.157227223862959,0.026573580521521093,0.052000000000000046
1156,3B00484043,145-2025-01-21,2025-01-21 11:57:52.438,0.0938208148313449,0.0117873366390633,0.07199999999999995
1157,3B0019B8CC,146-2025-01-21,2025-01-21 11:58:29.442,0.1541899882926863,0.022582771867187244,0.07400000000000007
1158,3B0019B8CC,147-2025-01-21,2025-01-21 11:58:34.439,0.157227223862959,0.024855522027042706,0.05600000000000005
1159,3B0019B8CC,148-2025-01-21,2025-01-21 12:00:48.439,0.157227223862959,0.02437281677234331,0.055999999999999994
1160,3B0019B8CC,149-2025-01-21,2025-01-21 12:01:41.439,0.1549723316970701,0.026892993461999526,0.07000000000000006
1161,3B004CEFFE,151-2025-01-21,2025-01-21 12:02:40.442,0.1029335402522383,0.012023885159937972,0.05499999999999994
1162,3B0019B8CC,152-2025-01-21,2025-01-21 12:02:52.440,0.157227223862959,0.026018533299456918,0.057999999999999996
1163,3B004873F2,157-2025-01-21,2025-01-21 12:07:29.431,0.0954017434434813,0.004495694652376331,0.04800000000000004
1164,3B004873F2,158-2025-01-21,2025-01-21 12:09:05.423,0.0974450136848188,0.0010873782817622856,0.02100000000000013
1165,3B00192E1E,159-2025-01-21,2025-01-21 12:09:16.422,0.0977573391800929,0.012042500550388548,0.058000000000000274
1166,3B004873F2,161-2025-01-21,2025-01-21 12:10:21.417,0.0974450136848188,0.014560772251329925,0.05099999999999999
1167,0700ED9568,163-2025-01-21,2025-01-21 12:10:57.418,0.1565004791291423,0.028868059899705492,0.07999999999999985
1168,3B004873F2,164-2025-01-21,2025-01-21 12:11:04.416,0.0974450136848188,0.014738924543622052,0.04600000000000004
1169,3B0018A99B,165-2025-01-21,2025-01-21 12:14:59.410,0.0957532417517765,0.0031668905776766295,0.041000000000000036
1170,3B004873F2,166-2025-01-21,2025-01-21 12:15:04.410,0.0949541102763399,0.004568542952051138,0.05500000000000005
1171,3B004873F2,171-2025-01-21,2025-01-21 12:20:23.407,0.0974450136848188,0.004385537963557335,0.05499999999999999
1172,3B004CEFFE,172-2025-01-21,2025-01-21 12:25:11.408,0.102372895590943,0.014011575484001325,0.05799999999999983
1173,3B004CEFFE,174-2025-01-21,2025-01-21 12:27:36.410,0.1046387556347316,0.011376487966379283,0.06499999999999995
1174,3B004CEFFE,175-2025-01-21,2025-01-21 12:28:21.409,0.1044140815013097,0.011294004640403749,0.06000000000000005
1175,3B004CEFFE,176-2025-01-21,2025-01-21 12:29:09.410,0.1020544328593473,0.013447119590962654,0.05900000000000016
1176,01103FA4B2,177-2025-01-21,2025-01-21 12:41:00.416,0.1000643237995917,0.0130898235834844,0.05600000000000005
1177,3B0018A99B,178-2025-01-21,2025-01-21 12:42:29.420,0.0957532417517765,0.004310109759918901,0.03299999999999992
1178,3B004AB6A7,181-2025-01-21,2025-01-21 12:47:30.421,0.1102171940244457,0.016170669359903057,0.04500000000000004
1179,3B001857EE,182-2025-01-21,2025-01-21 12:49:45.422,0.0917963177164509,0.0041343439690620185,0.04600000000000004
1180,3B001857EE,183-2025-01-21,2025-01-21 12:50:52.423,0.0917963177164509,0.003924900150903354,0.04600000000000004
1181,3B004CD4DE,185-2025-01-21,2025-01-21 12:51:28.423,0.095072996479498,0.0003253499299717352,0.01799999999999996
1182,3B004AB6A7,188-2025-01-21,2025-01-21 12:53:02.424,0.1102171940244457,0.013258958572879832,0.053999999999999826
1183,3B004CD4DE,189-2025-01-21,2025-01-21 12:54:36.424,0.0968566090060241,0.0027870068004476507,0.10699999999999998
1184,3B001857EE,190-2025-01-21,2025-01-21 12:54:53.424,0.0917963177164509,0.005929102926793964,0.04699999999999993
1185,3B00192E1E,194-2025-01-21,2025-01-21 12:57:22.428,0.1049138643041158,0.004118949687376913,0.061000000000000054
1186,3B0019B8CC,195-2025-01-21,2025-01-21 12:57:27.427,0.157227223862959,0.022809984893215552,0.05800000000000005
1187,3B00199DE5,196-2025-01-21,2025-01-21 12:58:39.430,0.1056314595246609,0.012296800960596608,0.050000000000000044
1188,3B00192E1E,199-2025-01-21,2025-01-21 12:59:52.428,0.0992532005162151,0.004305285931657799,0.063
1189,3B00182A81,200-2025-01-21,2025-01-21 13:07:44.420,0.1200314724929308,0.003448976653796859,0.05199999999999999
1190,3B004CEFFE,201-2025-01-21,2025-01-21 13:09:00.415,0.1020544328593473,0.009089434677538432,0.06599999999999995
1191,3B004CEFFE,203-2025-01-21,2025-01-21 13:12:34.405,0.1011110125537389,0.010782254765129302,0.06600000000000006
1192,3B004CEFFE,204-2025-01-21,2025-01-21 13:15:52.400,0.1037004915149653,0.014048368783196947,0.05600000000000005
1193,3B0018F763,205-2025-01-21,2025-01-21 13:16:34.400,0.1094391649153988,0.005711708986393,0.04299999999999993
1194,3B00484043,207-2025-01-21,2025-01-21 13:18:02.400,0.0938208148313449,0.004280676764524873,0.08999999999999986
1195,3B004CEFFE,209-2025-01-21,2025-01-21 13:19:06.400,0.1020544328593473,0.014389281349613104,0.05700000000000016
1196,3B00484043,210-2025-01-21,2025-01-21 13:19:52.400,0.096426900323822,0.013955523379129076,0.05200000000000049
1197,3B0018A99B,211-2025-01-21,2025-01-21 13:20:25.400,0.0957532417517765,0.0029953588706954433,0.03100000000000014
1198,3B0018A99B,212-2025-01-21,2025-01-21 13:21:45.400,0.0957532417517765,0.0045823069605228665,0.03799999999999981
1199,3B004CEFFE,214-2025-01-21,2025-01-21 13:22:46.400,0.1075453510513881,0.013107212984371818,0.07799999999999985
1200,3B0018A99B,216-2025-01-21,2025-01-21 13:23:19.399,0.0957532417517765,0.004118659774534674,0.03400000000000003
1201,3B004CEFFE,217-2025-01-21,2025-01-21 13:24:11.400,0.1049705022046141,0.004448846350300229,0.04800000000000004
1202,3B0018F763,218-2025-01-21,2025-01-21 13:24:16.400,0.1094391649153988,0.012959380850086001,0.05800000000000005
1203,3B0018F763,219-2025-01-21,2025-01-21 13:26:13.402,0.1080644727917889,0.006900083318995916,0.04299999999999993
1204,3B00484043,221-2025-01-21,2025-01-21 13:27:30.402,0.0976249341098986,0.004730227873931569,0.07199999999999984
1205,3B001857EE,223-2025-01-21,2025-01-21 13:30:03.402,0.0917963177164509,0.004991109594545153,0.03599999999999981
1206,3B001857EE,228-2025-01-21,2025-01-21 13:54:31.650,0.0917963177164509,0.013133880059962884,0.05500000000000005
1207,3B004873F2,231-2025-01-21,2025-01-21 13:56:24.651,0.0974450136848188,0.01500926832224655,0.06199999999999997
1208,3B001857EE,232-2025-01-21,2025-01-21 13:58:27.652,0.0917963177164509,0.013675905107181367,0.05199999999999999
1209,3B00484043,234-2025-01-21,2025-01-21 14:00:18.653,0.0938208148313449,0.013095040685462325,0.08099999999999996
1210,3B004873F2,236-2025-01-21,2025-01-21 14:02:16.655,0.0974450136848188,0.015020902446591683,0.04400000000000004
1211,3B0018A99B,237-2025-01-21,2025-01-21 14:02:46.654,0.0957532417517765,0.0134878843106428,0.05400000000000005
1212,3B004873F2,238-2025-01-21,2025-01-21 14:04:49.657,0.0974450136848188,0.011508031721487842,0.07299999999999995
1213,3B00199DE5,239-2025-01-21,2025-01-21 14:04:58.656,0.1056314595246609,0.013597235281002608,0.05899999999999994
1214,3B0018A99B,241-2025-01-21,2025-01-21 14:06:24.649,0.0960716684021727,0.003694853351945185,0.03100000000000014
1215,3B00192E1E,242-2025-01-21,2025-01-21 14:07:01.648,0.1049138643041158,0.014287106530364928,0.07300000000000006
1216,3B00484043,243-2025-01-21,2025-01-21 14:08:22.641,0.0919317101071912,0.011444540634589604,0.05500000000000016
1217,3B004873F2,244-2025-01-21,2025-01-21 14:08:26.642,0.0974450136848188,0.013646785910025399,0.05499999999999999
1218,3B00192E1E,245-2025-01-21,2025-01-21 14:08:29.641,0.1049138643041158,0.004269744036143271,0.035999999999999976
1219,3B004AB6A7,247-2025-01-21,2025-01-21 14:09:00.640,0.1102171940244457,0.012923826739328553,0.05500000000000016
1220,3B004CEFFE,249-2025-01-21,2025-01-21 14:13:39.630,0.1020544328593473,0.011344516344409746,0.05900000000000016
1221,3B004CEFFE,250-2025-01-21,2025-01-21 14:15:36.626,0.1020544328593473,0.01382113522684037,0.05800000000000005
1222,3B0018F763,253-2025-01-21,2025-01-21 14:35:49.633,0.1094391649153988,0.012766820005977094,0.05700000000000005
1223,3B00484043,255-2025-01-21,2025-01-21 14:36:32.635,0.0938208148313449,0.013427371192949022,0.052000000000000046
1224,3B004AB6A7,256-2025-01-21,2025-01-21 14:37:35.634,0.1102171940244457,0.013797645128778308,0.05199999999999999
1225,3B004AB6A7,258-2025-01-21,2025-01-21 14:39:39.637,0.102941960760245,0.011362186859950451,0.07299999999999995
1226,3B004CEFFE,259-2025-01-21,2025-01-21 14:40:54.635,0.1020544328593473,0.011747407565826828,0.06900000000000006
1227,3B004AB6A7,261-2025-01-21,2025-01-21 14:42:41.636,0.1059934084820989,0.013887643997726167,0.06600000000000006
1228,3B00484043,263-2025-01-21,2025-01-21 14:43:01.636,0.0938208148313449,0.004857414587116362,0.08399999999999996
1229,3B001857EE,264-2025-01-21,2025-01-21 14:43:22.637,0.1015028381218336,0.014603879411947556,0.06600000000000006
1230,3B004AB6A7,266-2025-01-21,2025-01-21 14:44:15.640,0.1066948016794061,0.013447225135189634,0.052000000000000046
1231,3B001857EE,268-2025-01-21,2025-01-21 14:59:32.650,0.0917963177164509,0.0051633312901368305,0.039000000000000035
1232,3B0018F763,269-2025-01-21,2025-01-21 14:59:49.648,0.1094391649153988,0.014644153121776514,0.05199999999999999
1233,3B001857EE,271-2025-01-21,2025-01-21 15:00:55.647,0.0917963177164509,0.004856084134534953,0.046999999999999986
1234,3B004873F2,274-2025-01-21,2025-01-21 15:01:48.649,0.1000986027238223,0.014198009208528001,0.053999999999999826
1235,3B00484043,276-2025-01-21,2025-01-21 15:02:42.649,0.0969196283640548,0.012308774914124365,0.05600000000000005
1236,3B00484043,279-2025-01-21,2025-01-21 15:04:40.651,0.0938208148313449,0.013396221830008126,0.051000000000000156
1237,3B001857EE,282-2025-01-21,2025-01-21 15:09:10.634,0.1001958048854594,0.004392934717765963,0.04800000000000004
1238,3B0018C6F9,284-2025-01-21,2025-01-21 15:09:54.629,0.0995207441742754,0.013174712067194269,0.04400000000000004
1239,3B001857EE,286-2025-01-21,2025-01-21 15:10:45.628,0.0786341371094407,0.007087817044325006,0.050000000000000044
1240,3B0018F763,287-2025-01-21,2025-01-21 15:11:04.627,0.1102124780319227,0.011173679186012524,0.05500000000000016
1241,3B00484043,288-2025-01-21,2025-01-21 15:11:31.628,0.0938208148313449,0.004516958283167745,0.08299999999999974
1242,3B004CEFFE,290-2025-01-21,2025-01-21 15:12:54.627,0.103349739969039,0.01477152083493797,0.052000000000000046
1243,3B004AB6A7,292-2025-01-21,2025-01-21 15:13:53.629,0.1102171940244457,0.012797539750792593,0.07300000000000006
1244,3B00199DE5,294-2025-01-21,2025-01-21 15:14:00.627,0.1038402411738291,0.014437002657099613,0.05400000000000005
1245,3B004CEFFE,295-2025-01-21,2025-01-21 15:15:02.626,0.1020544328593473,0.012531222339286734,0.05599999999999983
1246,3B0018F763,296-2025-01-21,2025-01-21 15:15:34.628,0.1094391649153988,0.0055878639847936175,0.04300000000000004
1247,3B004CEFFE,297-2025-01-21,2025-01-21 15:17:01.625,0.1020544328593473,0.011681940144905551,0.06999999999999984
1248,3B0018F763,299-2025-01-21,2025-01-21 15:22:34.626,0.1099020382867598,0.00698167896589541,0.049000000000000155
1249,3B004AB6A7,300-2025-01-21,2025-01-21 15:22:46.627,0.1083597776911627,0.01374783732198654,0.04500000000000037
1250,3B004AB6A7,301-2025-01-21,2025-01-21 15:23:52.628,0.1102171940244457,0.016858447613132682,0.08299999999999996
1251,3B00484043,302-2025-01-21,2025-01-21 15:55:37.640,0.0974960067991381,0.014993048942605818,0.05499999999999994
1252,3B0018C6F9,305-2025-01-21,2025-01-21 16:09:24.637,0.0993805005059138,0.016057972583905268,0.0479999999999996
1253,3B004CD4DE,1-2025-01-24,2025-01-24 08:00:28.874,0.0954009697521773,0.013187514747569283,0.04799999999999982
1254,3B004CD4DE,2-2025-01-24,2025-01-24 08:01:20.876,0.095072996479498,0.013437204451763902,0.041000000000000036
1255,3B004CD4DE,3-2025-01-24,2025-01-24 08:09:06.886,0.095072996479498,0.014367839235798596,0.04400000000000004
1256,3B0018C6F9,4-2025-01-24,2025-01-24 08:09:42.883,0.0995207441742754,0.01171216869297735,0.04400000000000004
1257,3B004CD4DE,5-2025-01-24,2025-01-24 08:10:02.879,0.095072996479498,0.014310204422163285,0.04400000000000004
1258,3B00182A81,6-2025-01-24,2025-01-24 08:10:18.856,0.1189321598688551,-6.168801501978703e-05,0.07400000000000007
1259,3B004C0894,7-2025-01-24,2025-01-24 08:11:05.784,0.1014213919746171,0.013305780038610633,0.05899999999999994
1260,3B004CD4DE,8-2025-01-24,2025-01-24 08:11:14.768,0.0929535354844331,0.01442134483135057,0.04900000000000038
1261,3B00182A81,10-2025-01-24,2025-01-24 08:13:40.544,0.1189321598688551,0.01084034929153465,0.04600000000000004
1262,3B00182A81,11-2025-01-24,2025-01-24 08:15:28.423,0.0918271996192558,0.01260225295062442,0.052999999999999936
1263,3B00182A81,12-2025-01-24,2025-01-24 08:17:39.425,0.1189321598688551,0.010209703451084587,0.05999999999999994
1264,3B001816CC,14-2025-01-24,2025-01-24 08:18:44.426,0.1005748409386277,0.013830277093244976,0.04600000000000004
1265,3B0019B8CC,15-2025-01-24,2025-01-24 08:18:53.426,0.157227223862959,0.022744069584884404,0.053999999999999826
1266,3B0019B8CC,16-2025-01-24,2025-01-24 08:20:29.427,0.157227223862959,0.02341878103451581,0.050000000000000044
1267,3B0019B8CC,17-2025-01-24,2025-01-24 08:24:17.431,0.1502127003836361,0.022529987695461332,0.05400000000000005
1268,3B0019B8CC,18-2025-01-24,2025-01-24 08:28:39.434,0.1479309137417345,0.018940102796591543,0.07699999999999996
1269,3B00192E1E,19-2025-01-24,2025-01-24 08:29:24.436,0.1007525158752752,0.011451074993783426,0.07899999999999996
1270,3B004C0894,20-2025-01-24,2025-01-24 08:29:32.435,0.1014213919746171,0.010847829229061893,0.05800000000000005
1271,3B004B0F76,22-2025-01-24,2025-01-24 08:32:16.438,0.1469688858707359,0.023611068364069367,0.06400000000000006
1272,3B0018C6F9,28-2025-01-24,2025-01-24 08:37:47.443,0.0995207441742754,0.011083251233491175,0.045999999999999985
1273,01103F9A64,29-2025-01-24,2025-01-24 08:55:37.461,0.1759666147760054,0.02437011589292795,0.05300000000000005
1274,01103F9A64,30-2025-01-24,2025-01-24 08:56:39.461,0.1631978919395285,0.025012979156098885,0.05699999999999994
1275,01101763D0,31-2025-01-24,2025-01-24 08:56:50.461,0.1497460806109001,0.02456552596013331,0.06199999999999983
1276,3B0018A99B,32-2025-01-24,2025-01-24 08:57:02.463,0.0883273548306758,0.0019418226171124227,0.022999999999999965
1277,3B001816CC,33-2025-01-24,2025-01-24 08:57:06.461,0.1005748409386277,0.01096753824596188,0.05400000000000005
1278,3B004CDB63,34-2025-01-24,2025-01-24 08:58:27.464,0.0918532097116226,0.010198235123856578,0.05399999999999999
1279,3B0018A99B,35-2025-01-24,2025-01-24 08:58:45.462,0.0895763656433693,0.003734538918559908,0.03299999999999992
1280,3B004CDB63,36-2025-01-24,2025-01-24 09:00:08.464,0.0918532097116226,0.00961240500930295,0.046999999999999986
1281,3B00192E1E,39-2025-01-24,2025-01-24 09:10:40.411,0.1007525158752752,0.011706192891311673,0.07899999999999996
1282,3B00192E1E,40-2025-01-24,2025-01-24 09:11:41.412,0.1007525158752752,0.010951914634642363,0.07899999999999996
1283,3B004CDB63,42-2025-01-24,2025-01-24 09:12:18.413,0.0864513185439579,0.009822703352460016,0.05699999999999994
1284,01103F9A64,45-2025-01-24,2025-01-24 09:13:40.413,0.1759666147760054,0.024387334149212955,0.05699999999999994
1285,3B00484043,46-2025-01-24,2025-01-24 09:20:41.420,0.0932078621326897,0.009979340828596172,0.061
1286,3B00484043,47-2025-01-24,2025-01-24 09:23:25.422,0.0932078621326897,0.011703776076446544,0.07200000000000001
1287,3B00182DFC,48-2025-01-24,2025-01-24 09:23:31.422,0.087753712300349,0.015236492577370772,0.09999999999999964
1288,0700ED9568,49-2025-01-24,2025-01-24 09:23:42.423,0.1426875413042908,0.020479591148871556,0.06899999999999995
1289,3B00182DFC,50-2025-01-24,2025-01-24 09:23:46.422,0.0960316735637712,0.013937423261107336,0.050000000000000044
1290,011016B2E1,52-2025-01-24,2025-01-24 09:30:34.429,0.0935473754560207,0.014658077010772477,0.04699999999999993
1291,01103F88A1,53-2025-01-24,2025-01-24 09:33:09.431,0.1192401311160237,0.011292695835558442,0.059
1292,3B001816CC,54-2025-01-24,2025-01-24 09:34:50.434,0.1005748409386277,0.010373048920111962,0.051000000000000045
1293,3B00186448,55-2025-01-24,2025-01-24 09:35:02.432,0.1499705050319192,0.02861162202809726,0.08200000000000007
1294,01103F88A1,57-2025-01-24,2025-01-24 09:44:05.439,0.1192401311160238,0.013101214990646438,0.052000000000000046
1295,3B001870F2,58-2025-01-24,2025-01-24 09:46:41.441,0.0914143014635716,0.008874435751195014,0.062000000000000055
1296,3B00186448,60-2025-01-24,2025-01-24 09:56:31.449,0.1531922379955738,0.0279966285161346,0.07799999999999985
1297,011016B2E1,61-2025-01-24,2025-01-24 09:56:53.451,0.0936024234538928,0.015447155061861114,0.04700000000000015
1298,3B00186448,63-2025-01-24,2025-01-24 09:59:43.453,0.1499705050319192,0.026857123095953447,0.04899999999999993
1299,3B00484043,64-2025-01-24,2025-01-24 09:59:51.453,0.0918602690151077,0.012753608837892809,0.04899999999999993
1300,011016B2E1,67-2025-01-24,2025-01-24 10:01:46.455,0.0951110295951802,0.004092942245642635,0.04699999999999993
1301,3B0019B8CC,69-2025-01-24,2025-01-24 10:07:19.434,0.157227223862959,0.023899449930311033,0.050000000000000044
1302,011016B2E1,70-2025-01-24,2025-01-24 10:08:21.425,0.1014097522133409,0.014448765290493657,0.04800000000000004
1303,3B00186448,72-2025-01-24,2025-01-24 10:09:34.414,0.1499705050319192,0.029278580118924657,0.05500000000000005
1304,3B0019B8CC,74-2025-01-24,2025-01-24 10:10:35.406,0.157227223862959,0.024646235609084365,0.06000000000000005
1305,3B004873F2,76-2025-01-24,2025-01-24 10:19:08.417,0.0974450136848188,0.012799835947275792,0.07700000000000007
1306,011016B2E1,77-2025-01-24,2025-01-24 10:19:30.416,0.1014097522133409,1.9900623960207157e-05,0.004999999999999893
1307,3B004C0894,79-2025-01-24,2025-01-24 10:19:42.414,0.1001805639040807,0.010050834995517044,0.06800000000000006
1308,3B004873F2,80-2025-01-24,2025-01-24 10:19:53.414,0.0974450136848188,0.013355354100109487,0.052000000000000046
1309,3B004873F2,81-2025-01-24,2025-01-24 10:20:44.416,0.0917762215505627,0.01443167776141982,0.052000000000000046
1310,3B004873F2,82-2025-01-24,2025-01-24 10:21:56.415,0.0974450136848188,0.01295501527270823,0.04500000000000015
1311,3B004C0894,84-2025-01-24,2025-01-24 10:22:54.417,0.1031678455755288,0.007258001848164016,0.054999999999999716
1312,011016B2E1,86-2025-01-24,2025-01-24 10:23:48.417,0.1014097522133409,0.004647477372151198,0.039000000000000146
1313,011016B2E1,87-2025-01-24,2025-01-24 10:24:34.422,0.1014097522133409,0.0006440181947604131,0.03500000000000003
1314,011016B2E1,88-2025-01-24,2025-01-24 10:24:50.419,0.1014097522133409,0.001219604667312045,0.030999999999999694
1315,011016B2E1,89-2025-01-24,2025-01-24 10:25:07.419,0.0974365356242137,0.0008091261255007755,0.02300000000000013
1316,3B0018A99B,91-2025-01-24,2025-01-24 10:31:37.424,0.0899554836421169,0.0032975081677438776,0.06999999999999984
1317,3B00484043,92-2025-01-24,2025-01-24 10:31:49.425,0.0932078621326897,0.013147539173045609,0.07399999999999995
1318,3B0019F652,94-2025-01-24,2025-01-24 10:33:41.424,0.0885024370460512,0.0025864656714210403,0.03400000000000003
1319,3B00186448,100-2025-01-24,2025-01-24 10:35:06.426,0.1647609871233388,0.019327240312301028,0.043999999999999984
1320,3B004873F2,103-2025-01-24,2025-01-24 10:37:02.428,0.0974450136848188,0.012919143188578102,0.07799999999999996
1321,3B0018F763,105-2025-01-24,2025-01-24 10:39:05.429,0.0967428328636749,0.006446858816818049,0.04200000000000004
1322,3B0018A99B,106-2025-01-24,2025-01-24 10:39:13.429,0.0883273548306758,0.003098887891810953,0.026999999999999913
1323,3B001857EE,107-2025-01-24,2025-01-24 10:39:21.430,0.0926824547264136,0.005420119514498542,0.04299999999999993
1324,3B001857EE,108-2025-01-24,2025-01-24 10:40:58.430,0.1069375408356136,0.0057034090988983726,0.04499999999999993
1325,011016B2E1,111-2025-01-24,2025-01-24 10:44:58.434,0.0991538458807284,0.01295867965020192,0.07799999999999985
1326,01103F88A1,112-2025-01-24,2025-01-24 10:47:36.435,0.1192401311160238,0.013194502522150821,0.046999999999999986
1327,3B001816CC,113-2025-01-24,2025-01-24 10:48:41.437,0.1005748409386277,0.0006831435287047732,0.03999999999999998
1328,3B001816CC,115-2025-01-24,2025-01-24 10:49:52.438,0.0937607725336921,0.014802895742694316,0.04800000000000004
1329,3B00484043,116-2025-01-24,2025-01-24 10:49:56.437,0.0920537312653389,0.013378037173500324,0.08199999999999985
1330,3B001816CC,117-2025-01-24,2025-01-24 10:50:56.438,0.0927008794343104,0.011675552613676006,0.05800000000000005
1331,011016B2E1,118-2025-01-24,2025-01-24 10:51:08.438,0.1014097522133409,0.014043142762547858,0.050000000000000044
1332,3B004B0F76,119-2025-01-24,2025-01-24 10:51:16.438,0.1318183747774623,0.02370874967137834,0.07299999999999995
1333,3B004873F2,120-2025-01-24,2025-01-24 10:51:24.438,0.0916852455620553,0.0038479094259737763,0.052000000000000046
1334,3B0018F763,121-2025-01-24,2025-01-24 10:51:38.440,0.1015587149439397,0.013754935215432631,0.05400000000000005
1335,3B001857EE,122-2025-01-24,2025-01-24 10:52:17.438,0.1069375408356136,0.005673662812436732,0.04599999999999982
1336,011016B2E1,123-2025-01-24,2025-01-24 10:53:26.439,0.0980436842101753,0.013986622118472994,0.07899999999999974
1337,3B001857EE,125-2025-01-24,2025-01-24 10:55:49.443,0.1069375408356136,0.005803994295283726,0.04400000000000004
1338,3B00186448,127-2025-01-24,2025-01-24 11:01:53.446,0.1453791519668594,0.02699478573039042,0.05499999999999994
1339,3B0018F763,128-2025-01-24,2025-01-24 11:02:33.447,0.1094391649153988,0.005722719515976016,0.037000000000000144
1340,3B00484043,131-2025-01-24,2025-01-24 11:03:41.447,0.0932078621326897,0.004185223463241835,0.06400000000000006
1341,3B0018A99B,134-2025-01-24,2025-01-24 11:04:55.450,0.0935706757481167,0.005401287559649873,0.03600000000000003
1342,011016B2E1,136-2025-01-24,2025-01-24 11:05:03.447,0.1014097522133409,0.014648733134963959,0.04800000000000004
1343,011016B2E1,138-2025-01-24,2025-01-24 11:07:12.429,0.0980039298369037,0.014417802275489406,0.07899999999999996
1344,3B00186448,140-2025-01-24,2025-01-24 11:10:00.404,0.1216366221274811,0.026224808323601065,0.07599999999999985
1345,01103F88A1,144-2025-01-24,2025-01-24 11:12:33.406,0.1192401311160238,0.004510618953254052,0.03700000000000003
1346,3B004873F2,146-2025-01-24,2025-01-24 11:13:06.406,0.0974450136848188,0.012685393365229279,0.07899999999999996
1347,3B001816CC,149-2025-01-24,2025-01-24 11:13:35.405,0.1005748409386277,0.011112234407950818,0.04899999999999993
1348,3B004B0F76,151-2025-01-24,2025-01-24 11:15:40.408,0.1559734111077591,0.024390759494782067,0.05600000000000005
1349,3B004CD4DE,152-2025-01-24,2025-01-24 11:15:45.407,0.095072996479498,0.012672874587649131,0.051999999999999824
1350,011016B2E1,154-2025-01-24,2025-01-24 11:19:05.410,0.0965200900366463,0.016365927231835692,0.04999999999999982
1351,3B004CDB63,155-2025-01-24,2025-01-24 11:20:32.412,0.0918532097116226,0.010815506290603545,0.07300000000000006
1352,3B004CDB63,158-2025-01-24,2025-01-24 11:22:30.413,0.0892715601302366,0.011879731273783566,0.05400000000000027
1353,3B0018F763,160-2025-01-24,2025-01-24 11:22:42.413,0.1094391649153988,0.005231191679101736,0.04200000000000004
1354,3B004CD4DE,161-2025-01-24,2025-01-24 11:24:37.414,0.0950729964794981,0.003277725898242407,0.061000000000000054
1355,3B0019B8CC,162-2025-01-24,2025-01-24 11:24:49.413,0.157227223862959,0.022138806392216274,0.050999999999999934
1356,3B00186448,163-2025-01-24,2025-01-24 11:26:40.415,0.1499705050319192,0.020450169333331877,0.06800000000000006
1357,011016B2E1,166-2025-01-24,2025-01-24 11:26:53.415,0.100367838579041,0.00156759270202382,0.03600000000000003
1358,3B001816CC,167-2025-01-24,2025-01-24 11:28:17.417,0.0955326019906877,0.013580649709139532,0.06099999999999994
1359,3B004CD4DE,169-2025-01-24,2025-01-24 11:28:47.416,0.0950729964794981,0.011481928500206101,0.04700000000000015
1360,3B0018F763,170-2025-01-24,2025-01-24 11:29:48.416,0.1094391649153988,0.006177147431158592,0.040000000000000036
1361,3B004CDB63,171-2025-01-24,2025-01-24 11:30:28.420,0.0918532097116226,0.011584135797247964,0.07500000000000001
1362,3B00186448,172-2025-01-24,2025-01-24 11:30:35.419,0.1499705050319192,0.020402910762726215,0.07500000000000007
1363,3B004CD4DE,173-2025-01-24,2025-01-24 11:30:41.418,0.0950729964794981,0.004735091373880816,0.06799999999999998
1364,3B00182A81,176-2025-01-24,2025-01-24 11:41:24.170,0.1189321598688551,0.010533745443391055,0.046999999999999986
1365,3B0018A99B,178-2025-01-24,2025-01-24 11:42:29.170,0.0883273548306758,0.011944889598875056,0.06999999999999998
1366,3B00182A81,179-2025-01-24,2025-01-24 11:42:47.171,0.1189321598688551,0.010488653312485956,0.051000000000000045
1367,3B0018F763,180-2025-01-24,2025-01-24 11:45:21.174,0.1094391649153988,0.012480761023880573,0.07200000000000001
1368,3B004CD4DE,181-2025-01-24,2025-01-24 11:53:58.180,0.095072996479498,0.011705691310119358,0.049000000000000044
1369,3B0019F652,182-2025-01-24,2025-01-24 11:54:08.179,0.0885024370460512,0.010632148651942853,0.04700000000000015
1370,01103F9A64,183-2025-01-24,2025-01-24 11:54:14.180,0.1758149978376075,0.02382343704724457,0.05700000000000016
1371,3B001816CC,184-2025-01-24,2025-01-24 11:56:44.181,0.1005748409386277,0.01057928040998318,0.05800000000000005
1372,3B0019B8CC,185-2025-01-24,2025-01-24 11:56:49.182,0.157227223862959,0.021727001086007797,0.05499999999999999
1373,3B00182A81,187-2025-01-24,2025-01-24 11:58:08.184,0.1189321598688551,0.011558505754464304,0.04700000000000004
1374,3B00182A81,191-2025-01-24,2025-01-24 12:04:25.189,0.1189321598688551,0.011661672644278748,0.045999999999999985
1375,011016B2E1,194-2025-01-24,2025-01-24 12:11:36.162,0.1014097522133409,0.015528355926630369,0.051000000000000045
1376,3B004CD4DE,195-2025-01-24,2025-01-24 12:13:00.160,0.0950729964794981,0.012709162891369308,0.04999999999999999
1377,3B004B0F76,197-2025-01-24,2025-01-24 12:13:24.158,0.1469688858707359,0.027188244538033923,0.07300000000000001
1378,3B004CD4DE,198-2025-01-24,2025-01-24 12:15:00.157,0.0950729964794981,0.012731913237910621,0.043999999999999984
1379,01103F9A64,199-2025-01-24,2025-01-24 12:15:06.155,0.1744220565652868,0.027798106189566043,0.05899999999999994
1380,3B001877B5,200-2025-01-24,2025-01-24 12:15:26.155,0.1756930881379383,0.023580962463378298,0.07100000000000006
1381,3B004873F2,201-2025-01-24,2025-01-24 12:16:11.157,0.0974450136848188,0.0003867306050654735,0.015000000000000013
1382,3B004CD4DE,202-2025-01-24,2025-01-24 12:20:06.155,0.095072996479498,0.014140173882994616,0.07800000000000001
1383,01103F97C4,203-2025-01-24,2025-01-24 12:20:48.155,0.1830689426539151,0.02494234300433167,0.06000000000000005
1384,3B00186448,205-2025-01-24,2025-01-24 12:21:01.155,0.1499705050319192,0.02429385649270157,0.07200000000000006
1385,3B004873F2,206-2025-01-24,2025-01-24 12:21:05.154,0.0974450136848188,0.013749167374811999,0.049000000000000044
1386,011016B2E1,208-2025-01-24,2025-01-24 12:22:06.156,0.1014097522133409,0.04029527923341749,0.09000000000000008
1387,3B0018F763,209-2025-01-24,2025-01-24 12:22:11.156,0.1094391649153988,0.013590375518485574,0.05399999999999994
1388,3B0018A99B,210-2025-01-24,2025-01-24 12:22:27.155,0.0883273548306758,0.010515018982743415,0.052999999999999936
1389,3B00186448,212-2025-01-24,2025-01-24 12:23:00.155,0.1384505944112683,0.023467258425428173,0.07000000000000028
1390,3B0018F763,214-2025-01-24,2025-01-24 12:24:25.156,0.1094391649153988,0.013512801874855436,0.050000000000000044
1391,3B004873F2,216-2025-01-24,2025-01-24 12:24:45.157,0.0974450136848188,0.01499682803897809,0.04700000000000004
1392,01103F9A64,221-2025-01-24,2025-01-24 12:27:35.158,0.1759666147760054,0.029057543782203824,0.054999999999999716
1393,3B004CD4DE,222-2025-01-24,2025-01-24 12:27:47.157,0.0950729964794981,0.011549445964877504,0.05100000000000002
1394,3B0019F652,223-2025-01-24,2025-01-24 12:27:50.157,0.0885024370460512,0.01200088105082266,0.049000000000000044
1395,3B004CDB63,224-2025-01-24,2025-01-24 12:28:26.159,0.0918532097116226,0.010907616779454564,0.04799999999999993
1396,3B001877B5,226-2025-01-24,2025-01-24 12:29:55.158,0.1756930881379383,0.02311061716551346,0.06999999999999995
1397,3B0019F652,227-2025-01-24,2025-01-24 12:29:58.159,0.0885024370460512,0.008358858666838533,0.06600000000000006
1398,3B00192E1E,232-2025-01-24,2025-01-24 12:32:50.159,0.1007525158752752,0.012005837084191076,0.04699999999999993
1399,3B004B0F76,236-2025-01-24,2025-01-24 12:36:21.162,0.1469688858707359,0.025165676346620744,0.06600000000000006
1400,3B0019B8CC,241-2025-01-24,2025-01-24 12:41:33.165,0.157227223862959,0.026095358641311035,0.05400000000000005
1401,3B0018F763,242-2025-01-24,2025-01-24 12:41:58.168,0.1030409615660174,0.012663590169706083,0.04699999999999993
1402,3B004CDB63,243-2025-01-24,2025-01-24 12:42:20.166,0.0918532097116226,0.011499658032819724,0.049000000000000016
1403,3B00182A81,247-2025-01-24,2025-01-24 12:43:06.170,0.0965064443012303,0.012137633367446311,0.06700000000000006
1404,3B00484043,248-2025-01-24,2025-01-24 12:43:12.168,0.0932078621326897,0.012285650036842309,0.067
1405,01103F97C4,249-2025-01-24,2025-01-24 12:43:55.167,0.1830689426539151,0.02246482984076694,0.05400000000000005
1406,3B004873F2,250-2025-01-24,2025-01-24 12:44:14.169,0.0974450136848188,0.014507091259580992,0.04600000000000004
1407,3B001857EE,251-2025-01-24,2025-01-24 12:44:49.169,0.1069375408356136,0.012646990530068961,0.04999999999999993
1408,01103F9A64,252-2025-01-24,2025-01-24 12:44:54.167,0.1759666147760053,0.03200489945068656,0.05300000000000016
1409,3B00186448,257-2025-01-24,2025-01-24 12:46:06.169,0.1499705050319192,0.026209176584724814,0.07100000000000001
1410,01103F9A64,258-2025-01-24,2025-01-24 12:46:13.170,0.1752497386711856,0.034537569218422826,0.05600000000000005
1411,3B004B0F76,259-2025-01-24,2025-01-24 12:47:03.170,0.1469688858707359,0.025617288925041806,0.05800000000000005
1412,01103F9A64,261-2025-01-24,2025-01-24 12:47:16.170,0.1759666147760053,0.0249287727823602,0.05199999999999999
1413,3B001857EE,266-2025-01-24,2025-01-24 12:49:31.170,0.1069375408356136,0.006122700661380699,0.04400000000000004
1414,3B0018A99B,270-2025-01-24,2025-01-24 12:54:55.175,0.0883273548306758,0.00412162057928804,0.043999999999999984
1415,3B0019F652,272-2025-01-24,2025-01-24 12:55:24.175,0.0885024370460512,0.004081396074135461,0.040000000000000036
1416,3B001877B5,273-2025-01-24,2025-01-24 12:55:29.175,0.1756930881379383,0.024293414117498108,0.06299999999999994
1417,011016B2E1,277-2025-01-24,2025-01-24 12:56:48.176,0.1024468947720883,0.0017975461668214223,0.09999999999999987
1418,011016B2E1,278-2025-01-24,2025-01-24 12:57:03.176,0.0996107806005154,0.003338032018061721,0.09799999999999998
1419,3B001877B5,279-2025-01-24,2025-01-24 12:57:07.177,0.1706271519625064,0.024338567616726446,0.06999999999999984
1420,3B0019B8CC,280-2025-01-24,2025-01-24 12:57:17.178,0.157227223862959,0.023887298576731594,0.04600000000000004
1421,3B001816CC,281-2025-01-24,2025-01-24 12:57:27.177,0.1005748409386277,0.0110448353412886,0.056999999999999995
1422,3B001816CC,282-2025-01-24,2025-01-24 12:59:08.180,0.097313695997967,0.010404808364184613,0.07199999999999995
1423,3B00186448,284-2025-01-24,2025-01-24 12:59:20.177,0.1340369825047836,0.025737394796301678,0.07100000000000017
1424,011016B2E1,285-2025-01-24,2025-01-24 12:59:27.178,0.1012645600472899,0.004112623104285332,0.07299999999999951
1425,3B00484043,287-2025-01-24,2025-01-24 13:00:00.177,0.0937204586219026,0.012874938281267529,0.06000000000000005
1426,3B00186448,288-2025-01-24,2025-01-24 13:00:31.178,0.1499705050319192,0.0258623725429923,0.07000000000000006
1427,3B004873F2,289-2025-01-24,2025-01-24 13:02:34.181,0.0960306330500498,0.004504985402126736,0.052999999999999936
1428,01103F9A64,292-2025-01-24,2025-01-24 13:03:47.181,0.1759666147760053,0.02780860312823288,0.06499999999999995
1429,3B004CD4DE,293-2025-01-24,2025-01-24 13:04:45.182,0.0950729964794981,0.011990350406930377,0.05399999999999994
1430,01103F97C4,295-2025-01-24,2025-01-24 13:06:27.178,0.1830689426539151,0.022665151290681754,0.04899999999999993
1431,01103F9A64,299-2025-01-24,2025-01-24 13:11:14.157,0.1759666147760054,0.028459416781765348,0.06099999999999994
1432,01103F9A64,303-2025-01-24,2025-01-24 13:13:02.154,0.1759666147760054,0.026711454600398695,0.050999999999999934
1433,3B004CDB63,304-2025-01-24,2025-01-24 13:13:21.155,0.0942170413325287,0.012145007979965452,0.04699999999999993
1434,3B001877B5,305-2025-01-24,2025-01-24 13:13:49.154,0.1756930881379383,0.02370275875079081,0.06299999999999994
1435,3B004CD4DE,306-2025-01-24,2025-01-24 13:21:42.152,0.0950729964794981,0.012986611229588779,0.05499999999999994
1436,011016B2E1,307-2025-01-24,2025-01-24 13:22:22.154,0.0998675524919148,0.0035300841502173648,0.06199999999999983
1437,3B004CD4DE,308-2025-01-24,2025-01-24 13:23:52.155,0.095072996479498,0.003547507316017951,0.08100000000000002
1438,3B0019F652,309-2025-01-24,2025-01-24 13:24:02.152,0.0885024370460512,0.004143878975685002,0.03699999999999992
1439,3B001816CC,310-2025-01-24,2025-01-24 13:24:43.153,0.1005748409386277,0.011155562880074877,0.067
1440,3B001877B5,311-2025-01-24,2025-01-24 13:24:46.153,0.1756930881379384,0.023098233727609177,0.064
1441,01103F97C4,314-2025-01-24,2025-01-24 13:27:52.154,0.1830689426539151,0.02530967492748977,0.05699999999999994
1442,011016B2E1,315-2025-01-24,2025-01-24 13:37:46.165,0.1014097522133409,0.0051172190759467065,0.05400000000000005
1443,3B00182A81,317-2025-01-24,2025-01-24 13:38:04.161,0.0970911891000736,0.004088466435368437,0.07299999999999995
1444,3B00186448,318-2025-01-24,2025-01-24 13:38:18.162,0.1499705050319192,0.026641834084086328,0.07100000000000006
1445,3B00484043,320-2025-01-24,2025-01-24 13:38:24.162,0.0932078621326897,0.015581033715694604,0.05399999999999994
1446,3B001877B5,322-2025-01-24,2025-01-24 13:39:46.163,0.1756930881379384,0.022642754427146822,0.07000000000000006
1447,3B00186448,324-2025-01-24,2025-01-24 13:40:09.163,0.1499705050319192,0.02613515125026229,0.07099999999999995
1448,3B0018A99B,325-2025-01-24,2025-01-24 13:40:12.163,0.0883273548306758,0.0034379247652530412,0.030000000000000027
1449,011016B2E1,326-2025-01-24,2025-01-24 13:40:19.162,0.1001248765013539,0.014928511653747374,0.050000000000000266
1450,3B004CDB63,328-2025-01-24,2025-01-24 13:40:55.163,0.0917507597482029,0.011901906463338855,0.06600000000000006
1451,3B0018F763,329-2025-01-24,2025-01-24 13:41:16.163,0.1094391649153988,0.006530487806625572,0.038000000000000034
1452,3B001877B5,330-2025-01-24,2025-01-24 13:41:20.164,0.1756930881379383,0.023384890464254907,0.07099999999999995
1453,3B0018F763,331-2025-01-24,2025-01-24 13:42:19.164,0.1002018489430774,0.012689181481351305,0.05599999999999983
1454,011016B2E1,332-2025-01-24,2025-01-24 13:42:37.164,0.1014097522133409,0.014981752121907181,0.05299999999999999
1455,3B0019F652,333-2025-01-24,2025-01-24 13:42:43.167,0.0885024370460512,0.01059362823138239,0.04600000000000004
1456,3B001877B5,334-2025-01-24,2025-01-24 13:42:47.164,0.1756930881379383,0.02548318559286628,0.07100000000000006
1457,3B004CDB63,337-2025-01-24,2025-01-24 13:43:49.164,0.0933622100867007,0.01203753230881468,0.04299999999999993
1458,3B0019F652,338-2025-01-24,2025-01-24 13:43:55.165,0.0885024370460512,0.004082615713631056,0.03400000000000025
1459,3B0018F763,341-2025-01-24,2025-01-24 13:44:45.167,0.1094391649153988,0.006045710056644867,0.05700000000000016
1460,3B0019F652,342-2025-01-24,2025-01-24 13:45:11.169,0.0874891545311005,0.0039660386956937195,0.041999999999999815
1461,3B004873F2,345-2025-01-24,2025-01-24 13:47:34.169,0.09474865407314,0.0037824670087681575,0.07200000000000006
1462,01103F9A64,346-2025-01-24,2025-01-24 13:48:06.168,0.1759666147760054,0.033358759067479364,0.05400000000000027
1463,3B00186448,347-2025-01-24,2025-01-24 13:48:13.169,0.1672044276787037,0.024099063723619484,0.07000000000000006
1464,3B0019F652,348-2025-01-24,2025-01-24 13:48:20.168,0.0885024370460512,0.010804406647924208,0.08100000000000002
1465,3B004B0F76,349-2025-01-24,2025-01-24 13:48:24.169,0.1469688858707359,0.02752290331861518,0.064
1466,3B00186448,352-2025-01-24,2025-01-24 13:49:16.170,0.1499705050319192,0.025294867809975412,0.06700000000000006
1467,3B004CDB63,353-2025-01-24,2025-01-24 13:49:33.168,0.0938224784669022,0.010277732247360753,0.04699999999999993
1468,3B0019B8CC,355-2025-01-24,2025-01-24 13:49:51.170,0.157227223862959,0.025354139480229156,0.05099999999999999
1469,3B00484043,356-2025-01-24,2025-01-24 13:50:27.169,0.0932078621326897,0.012695854539465064,0.06099999999999994
1470,3B00182A81,357-2025-01-24,2025-01-24 13:50:52.170,0.1189321598688551,0.003347130697590318,0.05299999999999999
1471,3B00186448,358-2025-01-24,2025-01-24 13:51:24.169,0.171424492359348,0.029241859415244518,0.08099999999999996
1472,3B0018F763,361-2025-01-24,2025-01-24 13:52:20.172,0.1094391649153988,0.0068654569610523105,0.04299999999999993
1473,3B001857EE,362-2025-01-24,2025-01-24 13:53:57.174,0.0848727229504296,0.007270303788896364,0.04400000000000004
1474,3B001857EE,364-2025-01-24,2025-01-24 13:55:44.176,0.1069375408356136,0.004460315935984438,0.04700000000000004
1475,3B0019B8CC,365-2025-01-24,2025-01-24 13:57:29.174,0.157227223862959,0.027522309730690253,0.07800000000000007
1476,3B00186448,366-2025-01-24,2025-01-24 13:57:49.175,0.1499705050319192,0.02606610140682546,0.07100000000000001
1477,3B0019F652,372-2025-01-24,2025-01-24 14:37:46.162,0.0858414506918732,0.004629797098511402,0.04600000000000004
1478,3B004CD4DE,377-2025-01-24,2025-01-24 14:45:24.168,0.0950729964794981,0.01590520964473832,0.04799999999999993
1479,01103F9A64,378-2025-01-24,2025-01-24 14:45:40.168,0.1759666147760054,0.028062066059537358,0.06000000000000005
1480,3B001857EE,379-2025-01-24,2025-01-24 14:46:11.170,0.1069375408356136,0.014210221180216984,0.04800000000000004
1481,01103F97C4,380-2025-01-24,2025-01-24 14:46:58.169,0.1830689426539151,0.025045533806558554,0.05499999999999994
1482,01103F97C4,386-2025-01-24,2025-01-24 14:48:26.169,0.1830689426539151,0.024011222016837735,0.04600000000000004
1483,3B001857EE,387-2025-01-24,2025-01-24 14:48:41.169,0.1069375408356136,0.0029880808917567806,0.049000000000000044
1484,3B00192E1E,388-2025-01-24,2025-01-24 14:48:51.170,0.1007525158752752,0.012898120688689112,0.05499999999999994
1485,01103F9A64,391-2025-01-24,2025-01-24 14:59:12.177,0.1759666147760054,0.027635435705489927,0.07099999999999995
1486,3B00484043,392-2025-01-24,2025-01-24 14:59:25.177,0.0933196859962006,0.013589988020545332,0.052999999999999936
1487,3B001816CC,393-2025-01-24,2025-01-24 14:59:51.177,0.1005748409386277,0.008879047398179097,0.069
1488,3B00484043,397-2025-01-24,2025-01-24 15:02:17.180,0.0932078621326897,0.012895612272858552,0.06099999999999994
1489,3B004873F2,400-2025-01-24,2025-01-24 15:03:20.180,0.0974450136848188,0.01573984562040483,0.050000000000000044
1490,3B00185E23,404-2025-01-24,2025-01-24 15:05:39.180,0.1095793226193186,0.013933821554057953,0.05400000000000005
1491,01103F97C4,405-2025-01-24,2025-01-24 15:05:51.177,0.1830689426539151,0.02635193453508402,0.05500000000000016
1492,3B004CD4DE,406-2025-01-24,2025-01-24 15:05:56.175,0.095072996479498,0.014169316150251085,0.07900000000000001
1493,3B0018A99B,411-2025-01-24,2025-01-24 15:08:53.162,0.0883273548306758,0.012910637160370515,0.05899999999999994
1494,01103F97C4,413-2025-01-24,2025-01-24 15:09:15.160,0.1663848251224612,0.02709091111780291,0.05800000000000005
1495,3B0019B8CC,417-2025-01-24,2025-01-24 15:10:48.156,0.157227223862959,0.0292428866048556,0.07999999999999996
1496,011016B2E1,420-2025-01-24,2025-01-24 15:20:33.156,0.1014097522133409,0.000931003229135573,0.02200000000000002
1497,3B004CD4DE,421-2025-01-24,2025-01-24 15:21:17.155,0.095072996479498,0.015531058056478395,0.04600000000000004
1498,3B004873F2,422-2025-01-24,2025-01-24 15:21:23.155,0.0974450136848188,0.014722686418974831,0.051999999999999935
1499,011016B2E1,423-2025-01-24,2025-01-24 15:21:34.155,0.1030081745584953,0.004517136771516624,0.04899999999999993
1500,3B0019B8CC,424-2025-01-24,2025-01-24 15:22:40.158,0.157227223862959,0.025215220441994937,0.04999999999999993
1501,01103F9A64,425-2025-01-24,2025-01-24 15:22:52.154,0.1759666147760054,0.03272738024325967,0.05499999999999994
1502,011016B2E1,427-2025-01-24,2025-01-24 15:23:17.155,0.1023233650038326,0.004729340148942264,0.05500000000000016
1503,01103F9A64,429-2025-01-24,2025-01-24 15:24:47.155,0.1759666147760054,0.02806722780046637,0.050999999999999934
1504,3B00484043,430-2025-01-24,2025-01-24 15:27:09.156,0.0932078621326897,0.01129778405021195,0.04800000000000004
1505,3B00199DE5,431-2025-01-24,2025-01-24 15:27:16.155,0.1016935767340032,0.016441736223794464,0.04800000000000004
1506,3B004CD4DE,434-2025-01-24,2025-01-24 15:28:10.156,0.0950729964794981,0.015453544617045876,0.04700000000000004
1507,01103F97C4,436-2025-01-24,2025-01-24 15:30:35.157,0.1830689426539151,0.02205223395611688,0.07199999999999995
1508,3B0019F652,437-2025-01-24,2025-01-24 15:33:44.158,0.0884640342904555,0.014370294486581826,0.07200000000000006
1509,3B0019F652,438-2025-01-24,2025-01-24 15:36:32.159,0.0885024370460512,0.005986710723564079,0.04800000000000004
1510,3B0019F652,439-2025-01-24,2025-01-24 15:39:08.163,0.090226824566624,0.013356670748913444,0.06400000000000006
1511,3B0019F652,442-2025-01-24,2025-01-24 15:43:04.163,0.0885024370460512,0.0047634266288618604,0.040999999999999925
1512,3B0018F763,443-2025-01-24,2025-01-24 15:43:32.166,0.1094391649153988,0.006921218600935349,0.050000000000000044
1513,3B004CD4DE,445-2025-01-24,2025-01-24 15:56:15.794,0.0950729964794981,0.012932083296489736,0.07200000000000006
1514,3B0018F763,447-2025-01-24,2025-01-24 15:56:39.795,0.1094391649153988,0.005593387217367835,0.050999999999999934
1515,3B004CD4DE,448-2025-01-24,2025-01-24 15:58:44.795,0.095072996479498,0.015041776002501247,0.05299999999999999
1516,3B004CDB63,449-2025-01-24,2025-01-24 15:58:51.795,0.0918532097116226,0.010766116042392991,0.061000000000000165
1517,3B001816CC,450-2025-01-24,2025-01-24 16:00:10.800,0.1005748409386277,0.011392988637725669,0.05400000000000005
1518,3B001816CC,452-2025-01-24,2025-01-24 16:01:47.797,0.1005748409386277,0.011583440211804482,0.05299999999999999
1519,3B004CDB63,453-2025-01-24,2025-01-24 16:05:21.799,0.0918532097116226,0.011571275887735181,0.051000000000000045
1520,3B001857EE,454-2025-01-24,2025-01-24 16:19:45.782,0.1069375408356136,0.004371190019939847,0.04099999999999998
1521,3B004CD4DE,455-2025-01-24,2025-01-24 16:20:21.782,0.095072996479498,0.0056857532210743715,0.03499999999999992
1522,3B001857EE,456-2025-01-24,2025-01-24 16:22:54.782,0.0965931649835368,0.004679174494765628,0.04200000000000004
1523,3B001857EE,460-2025-01-24,2025-01-24 16:29:54.781,0.1069375408356136,0.00024285845698239999,0.014000000000000012
1524,3B004CD4DE,463-2025-01-24,2025-01-24 16:31:16.781,0.095072996479498,0.014327128309959615,0.052000000000000046
1525,3B001857EE,464-2025-01-24,2025-01-24 16:31:36.781,0.1069375408356136,0.011601716092521593,0.055999999999999994
1526,3B0019B8CC,465-2025-01-24,2025-01-24 16:32:06.782,0.1571071818045724,0.025399530310967675,0.05600000000000005
1527,3B004CD4DE,466-2025-01-24,2025-01-24 16:32:09.780,0.095072996479498,0.013282178296446914,0.06599999999999995
1528,3B001857EE,467-2025-01-24,2025-01-24 16:32:32.782,0.1069375408356136,0.014735250823732457,0.05899999999999972
1529,3B004CD4DE,468-2025-01-24,2025-01-24 16:33:07.781,0.0979966012654917,0.014955606605960365,0.07499999999999996
1530,3B0019B8CC,469-2025-01-24,2025-01-24 16:33:23.784,0.157227223862959,0.02284601610233851,0.05500000000000005
1531,3B004CD4DE,472-2025-01-24,2025-01-24 16:40:43.785,0.0950729964794981,0.014802000532206098,0.07899999999999996
1532,3B001857EE,473-2025-01-24,2025-01-24 16:41:10.784,0.0867489200154994,0.005775695040775625,0.04299999999999993
1533,3B004CD4DE,474-2025-01-24,2025-01-24 16:42:36.786,0.0950729964794981,0.004929461925707046,0.05199999999999999
1534,3B00192E1E,1-2025-01-30,2025-01-30 07:59:32.603,0.1007525158752752,0.011228131773035173,0.05499999999999994
1535,3B001816CC,2-2025-01-30,2025-01-30 07:59:41.602,0.0890337103336595,0.011611428785611352,0.07099999999999995
1536,3B00192E1E,3-2025-01-30,2025-01-30 08:01:10.603,0.1007525158752752,0.012188934722981075,0.04899999999999999
1537,3B00190DF0,4-2025-01-30,2025-01-30 08:01:30.608,0.1631986275622963,0.02813241601054321,0.06899999999999995
1538,3B00190DF0,7-2025-01-30,2025-01-30 08:03:36.609,0.1687165362175089,0.02602949229367733,0.05400000000000005
1539,3B00190DF0,8-2025-01-30,2025-01-30 08:05:53.607,0.1906751993966664,0.022354479605114885,0.04899999999999993
1540,3B00190DF0,13-2025-01-30,2025-01-30 08:34:35.161,0.1906751993966664,0.024272628163890725,0.051999999999999935
1541,3B00190DF0,14-2025-01-30,2025-01-30 08:37:31.165,0.1906751993966664,0.023907110833632346,0.05099999999999999
1542,3B0018A99B,18-2025-01-30,2025-01-30 08:56:52.179,0.0883273548306758,0.0002876094535877024,0.013000000000000012
1543,3B00484043,21-2025-01-30,2025-01-30 09:11:03.189,0.0913809150547075,0.010639748781338004,0.06600000000000028
1544,3B00484043,22-2025-01-30,2025-01-30 09:25:20.136,0.0938208148313449,0.009174931154625652,0.05099999999999999
1545,01101763D0,23-2025-01-30,2025-01-30 09:26:44.138,0.155886493745153,0.021725662192488157,0.07100000000000017
1546,3B004CDB63,25-2025-01-30,2025-01-30 09:32:14.142,0.1001657141423627,0.010188006102390922,0.040999999999999925
1547,3B0019B8CC,26-2025-01-30,2025-01-30 09:36:07.144,0.157227223862959,0.02564044470892601,0.05400000000000005
1548,3B004873F2,31-2025-01-30,2025-01-30 09:58:30.161,0.0974450136848188,0.005988981918865095,0.041000000000000036
1549,3B0019F652,32-2025-01-30,2025-01-30 10:03:29.163,0.0885024370460512,0.009497460337900629,0.05099999999999999
1550,3B004CDB63,33-2025-01-30,2025-01-30 10:04:35.165,0.1001657141423627,0.010029801274937905,0.052999999999999936
1551,3B0018A99B,34-2025-01-30,2025-01-30 10:04:48.165,0.091550743031425,0.0030908583869047254,0.043999999999999595
1552,3B0019F652,35-2025-01-30,2025-01-30 10:04:53.164,0.0885024370460512,0.01054775760393435,0.05300000000000016
1553,3B0018C6F9,36-2025-01-30,2025-01-30 10:05:51.166,0.0940380930727395,0.010878341382629459,0.04400000000000004
1554,3B004CDB63,37-2025-01-30,2025-01-30 10:06:09.166,0.0875982682332598,0.010646963230825526,0.04799999999999993
1555,3B0019B8CC,38-2025-01-30,2025-01-30 10:07:59.165,0.157227223862959,0.02559724514998357,0.05600000000000005
1556,3B0019F652,39-2025-01-30,2025-01-30 10:08:07.165,0.0885024370460512,0.0039008150278346584,0.03500000000000003
1557,3B0019F652,41-2025-01-30,2025-01-30 10:12:46.158,0.0834886886866683,0.011767908488015793,0.050999999999999934
1558,011016B2E1,42-2025-01-30,2025-01-30 10:23:57.126,0.0943802428219512,0.015253792361922617,0.04999999999999982
1559,011016B2E1,43-2025-01-30,2025-01-30 10:25:26.126,0.1014097522133409,0.015412451752921118,0.04699999999999993
1560,011016B2E1,45-2025-01-30,2025-01-30 10:28:06.128,0.1014097522133409,0.00018903917281994353,0.010999999999999233
1561,011016B2E1,46-2025-01-30,2025-01-30 10:31:20.133,0.1014097522133409,0.0003509462978563337,0.01100000000000012
1562,3B0019B8CC,47-2025-01-30,2025-01-30 10:48:26.144,0.157227223862959,0.026028641218365595,0.052999999999999936
1563,3B004AB6A7,51-2025-01-30,2025-01-30 11:04:12.269,0.098951376525483,0.012445710198257968,0.05700000000000005
1564,3B0019F652,54-2025-01-30,2025-01-30 11:05:38.269,0.0835631401964113,0.009858914010693519,0.050000000000000266
1565,3B004AB6A7,55-2025-01-30,2025-01-30 11:05:47.270,0.1010865170433355,0.017005875448952604,0.04699999999999993
1566,3B0019F652,57-2025-01-30,2025-01-30 11:13:40.256,0.0885024370460512,0.010954697246139377,0.06600000000000006
1567,3B004CDB63,59-2025-01-30,2025-01-30 11:38:26.245,0.1001657141423628,0.011534903104581166,0.055999999999999966
1568,3B0019F652,60-2025-01-30,2025-01-30 11:40:59.246,0.0885024370460512,0.009579061314956588,0.07000000000000006
1569,3B004CDB63,61-2025-01-30,2025-01-30 11:41:06.246,0.1001657141423627,0.011809699989178761,0.044999999999999984
1570,3B004873F2,64-2025-01-30,2025-01-30 11:47:28.249,0.0974450136848188,0.013952302263633335,0.04600000000000004
1571,3B0019F652,66-2025-01-30,2025-01-30 11:49:30.251,0.0885024370460512,0.014408858412247231,0.052000000000000046
1572,3B001857EE,70-2025-01-30,2025-01-30 12:03:12.262,0.1069375408356136,0.012926134678777639,0.07899999999999996
1573,3B0019F652,72-2025-01-30,2025-01-30 12:06:11.263,0.0885024370460512,0.013539652366592173,0.07800000000000007
1574,3B004CDB63,73-2025-01-30,2025-01-30 12:14:55.252,0.0882193502919738,0.011849410532958644,0.05400000000000005
1575,3B0018F763,75-2025-01-30,2025-01-30 12:31:41.653,0.0952179107055789,0.016982576706881712,0.04799999999999993
1576,3B0018F763,76-2025-01-30,2025-01-30 12:34:55.656,0.1094391649153988,0.014927821651343022,0.051000000000000045
1577,3B0019F652,80-2025-01-30,2025-01-30 12:37:37.657,0.0885024370460512,0.010385168583978739,0.04499999999999993
1578,3B004873F2,81-2025-01-30,2025-01-30 12:38:13.655,0.0915614886938245,0.014630449400647784,0.050999999999999934
1579,3B0018F763,82-2025-01-30,2025-01-30 12:38:34.657,0.1094391649153988,0.01412970102615956,0.07199999999999995
1580,3B0019F652,85-2025-01-30,2025-01-30 12:43:51.659,0.0866254243021469,0.013265682044147574,0.07899999999999996
1581,3B004873F2,86-2025-01-30,2025-01-30 12:45:15.660,0.0974450136848188,0.014741341671411218,0.05099999999999999
1582,3B0019F652,88-2025-01-30,2025-01-30 12:47:31.663,0.0885024370460512,0.010242526831504823,0.059
1583,3B0018F763,90-2025-01-30,2025-01-30 12:48:39.663,0.101496143644644,0.015267479886181478,0.053999999999999826
1584,3B0018F763,91-2025-01-30,2025-01-30 12:49:32.663,0.1094391649153988,0.01247893693251935,0.052000000000000046
1585,3B001857EE,93-2025-01-30,2025-01-30 12:56:28.667,0.1069375408356136,0.005670409121494257,0.04500000000000004
1586,3B001857EE,96-2025-01-30,2025-01-30 13:11:44.676,0.1069375408356136,0.01410813646642158,0.08400000000000002
1587,3B001857EE,98-2025-01-30,2025-01-30 13:15:38.661,0.1069375408356136,0.0059970599229150195,0.04299999999999998
1588,3B004AB6A7,99-2025-01-30,2025-01-30 13:29:58.651,0.1002479782896697,0.008893747358678847,0.05800000000000005
1589,3B004873F2,103-2025-01-30,2025-01-30 13:42:24.658,0.0974450136848188,0.014640301736404033,0.04899999999999993
1590,3B004873F2,105-2025-01-30,2025-01-30 13:45:36.659,0.0974450136848188,0.013488065824198833,0.05099999999999999
1591,3B0018F763,106-2025-01-30,2025-01-30 13:46:41.662,0.1094391649153988,0.015354553047490156,0.06399999999999995
1592,3B004CDB63,109-2025-01-30,2025-01-30 13:53:37.666,0.1001657141423628,0.011663117271193308,0.04600000000000004
1593,3B004CDB63,110-2025-01-30,2025-01-30 13:55:58.668,0.1001657141423627,0.011042003542476937,0.045999999999999985
1594,3B0018F763,112-2025-01-30,2025-01-30 14:16:11.658,0.1094391649153988,0.014162591205202866,0.049000000000000044
1595,3B0018F763,115-2025-01-30,2025-01-30 14:23:16.648,0.1094391649153988,0.013662533605477502,0.049000000000000044
1596,3B004873F2,117-2025-01-30,2025-01-30 14:25:41.647,0.0974450136848188,0.015485573690928343,0.07800000000000007
1597,3B004CDB63,119-2025-01-30,2025-01-30 14:49:18.658,0.093934468386301,0.010125485181493615,0.054999999999999716
1598,3B004873F2,120-2025-01-30,2025-01-30 14:59:11.667,0.0974450136848188,0.009495619255141976,0.05899999999999994
1599,3B004873F2,121-2025-01-30,2025-01-30 15:00:55.666,0.0974450136848188,0.015624742661901447,0.07800000000000001
1600,3B0018F763,122-2025-01-30,2025-01-30 15:06:42.670,0.1094391649153988,0.015741356732391725,0.06399999999999995
1601,3B0018F763,124-2025-01-30,2025-01-30 15:13:30.664,0.1094391649153988,0.01624211410628836,0.05399999999999994
1602,3B004873F2,127-2025-01-30,2025-01-30 15:30:02.648,0.0974450136848188,0.015210987493631397,0.046999999999999986
1603,3B004873F2,128-2025-01-30,2025-01-30 15:39:13.649,0.0974450136848188,0.016139342667303304,0.051999999999999824
1604,3B004873F2,129-2025-01-30,2025-01-30 15:41:26.651,0.0970079023096443,0.013023211399677626,0.08099999999999996
1605,3B0019B8CC,132-2025-01-30,2025-01-30 16:02:30.662,0.157227223862959,0.025810723779083222,0.05400000000000027
1606,3B0019B8CC,133-2025-01-30,2025-01-30 16:03:27.663,0.1663664111521794,0.027575523774551497,0.05600000000000005
1607,3B00484043,134-2025-01-30,2025-01-30 16:06:32.664,0.0938208148313449,0.012280501059581292,0.07
1608,3B00484043,135-2025-01-30,2025-01-30 16:09:57.666,0.0938208148313449,0.011774090789782449,0.07199999999999995
1609,3B0019B8CC,136-2025-01-30,2025-01-30 16:10:02.666,0.1662768873689161,0.02673722951307751,0.05499999999999994
1610,3B0019B8CC,137-2025-01-30,2025-01-30 16:11:19.667,0.1627246152146042,0.026942398436558997,0.054999999999999716
1611,3B00484043,138-2025-01-30,2025-01-30 16:12:21.668,0.0938208148313449,0.011510977317982117,0.07100000000000006
1612,3B0019B8CC,139-2025-01-30,2025-01-30 16:12:46.665,0.1640575073468027,0.024013422850506196,0.054999999999999716
1613,3B0018F763,140-2025-01-30,2025-01-30 16:15:43.661,0.1094391649153988,0.014898898466086139,0.05199999999999999
1614,3B0018F763,142-2025-01-30,2025-01-30 16:22:17.657,0.1064745729156054,0.00682532909517853,0.039999999999999925
1615,3B0018F763,143-2025-01-30,2025-01-30 16:22:56.651,0.1061718129569338,0.01597697393711795,0.04999999999999982
1616,3B0018F763,146-2025-01-30,2025-01-30 16:24:11.652,0.1054766157250653,0.01450038641489221,0.07199999999999984
1617,3B0018F763,147-2025-01-30,2025-01-30 16:25:16.652,0.1094391649153988,0.013924639881311915,0.05499999999999994
1618,3B0018F763,149-2025-01-30,2025-01-30 16:31:33.648,0.1094391649153988,0.014633398634254221,0.04799999999999993
1619,3B00484043,150-2025-01-30,2025-01-30 16:33:03.649,0.0938208148313449,0.0117221515981368,0.05300000000000005
1620,3B0018F763,153-2025-01-30,2025-01-30 16:34:44.651,0.1094391649153988,0.013467565942283155,0.04899999999999993
1621,3B0019B8CC,154-2025-01-30,2025-01-30 16:35:02.648,0.157227223862959,0.026731611169745925,0.052000000000000046
1622,3B004C0894,1-2025-02-06,2025-02-06 07:44:07.534,0.1014213919746171,0.010872473080733866,0.050999999999999934
1623,3B0019B8CC,2-2025-02-06,2025-02-06 07:46:20.537,0.1540612059399422,0.025708450410625774,0.05499999999999994
1624,3B004C0894,3-2025-02-06,2025-02-06 07:46:41.535,0.0945136584412913,0.01047226698464536,0.07100000000000017
1625,3B004CDB63,4-2025-02-06,2025-02-06 08:01:43.550,0.0918532097116226,0.01029200989412632,0.05399999999999999
1626,3B00192E1E,5-2025-02-06,2025-02-06 08:02:32.550,0.1049138643041158,0.011596433094876854,0.04699999999999993
1627,01101763D0,6-2025-02-06,2025-02-06 08:10:48.558,0.134210261998243,0.023188346101289517,0.07299999999999995
1628,3B004CDB63,7-2025-02-06,2025-02-06 08:28:21.496,0.0918532097116226,0.011082585696084276,0.04600000000000004
1629,3B004CDB63,8-2025-02-06,2025-02-06 08:30:33.497,0.0918532097116226,0.01128655117297033,0.046999999999999986
1630,3B004CEFFE,9-2025-02-06,2025-02-06 08:45:10.509,0.0940569293366078,0.012559504099123603,0.05700000000000005
1631,3B004CEFFE,10-2025-02-06,2025-02-06 08:46:06.510,0.1020544328593473,0.013167765343123314,0.05600000000000005
1632,3B0049A710,12-2025-02-06,2025-02-06 08:48:04.510,0.0961196086202998,2.1049292164835724e-06,0.0030000000000000027
1633,3B0018A99B,14-2025-02-06,2025-02-06 08:48:32.510,0.0957532417517765,0.004308508767413261,0.037000000000000144
1634,3B00192E1E,16-2025-02-06,2025-02-06 08:50:00.514,0.1049138643041158,0.011909037447927229,0.05300000000000005
1635,3B004CEFFE,17-2025-02-06,2025-02-06 08:50:17.512,0.0959541332413888,0.012628227628170166,0.07899999999999996
1636,3B0018A99B,18-2025-02-06,2025-02-06 08:50:29.513,0.0957532417517765,0.004798380173903577,0.039999999999999813
1637,3B00192E1E,19-2025-02-06,2025-02-06 08:51:07.514,0.0982175938275838,0.012127445528482042,0.062000000000000055
1638,3B001905E9,20-2025-02-06,2025-02-06 08:51:12.514,0.1663425377801035,0.021339508629571124,0.05900000000000016
1639,3B0049A710,25-2025-02-06,2025-02-06 08:53:58.517,0.0946615307055298,0.011477928007015461,0.052999999999999936
1640,3B001905E9,26-2025-02-06,2025-02-06 08:54:39.516,0.1677626719951774,0.025386091405932506,0.06500000000000017
1641,3B00484043,27-2025-02-06,2025-02-06 08:55:51.516,0.0938208148313449,0.011036542302453425,0.04799999999999999
1642,3B001905E9,28-2025-02-06,2025-02-06 08:56:21.517,0.1677626719951774,0.0007368757030479901,0.029999999999999805
1643,3B0019B8CC,30-2025-02-06,2025-02-06 09:00:05.521,0.1540612059399421,0.024159540396039115,0.04800000000000004
1644,3B001905E9,31-2025-02-06,2025-02-06 09:00:14.521,0.1687132238257404,0.021697753510529612,0.062000000000000055
1645,3B001905E9,33-2025-02-06,2025-02-06 09:15:26.483,0.1682322543796882,0.02234280344143048,0.0600000000000005
1646,3B004CDB63,35-2025-02-06,2025-02-06 09:18:17.467,0.0918532097116226,0.011323389994739669,0.05400000000000005
1647,3B001905E9,36-2025-02-06,2025-02-06 09:19:45.469,0.1677626719951774,0.018981209554272675,0.05899999999999972
1648,3B004CDB63,37-2025-02-06,2025-02-06 09:20:34.470,0.0918532097116226,0.01164612745070691,0.05599999999999994
1649,3B004CDB63,39-2025-02-06,2025-02-06 09:23:11.469,0.093913772012771,0.010989689673450874,0.040999999999999925
1650,3B004CDB63,40-2025-02-06,2025-02-06 09:23:54.471,0.0918532097116226,0.010792634355856439,0.041000000000000036
1651,3B0018A99B,41-2025-02-06,2025-02-06 09:26:56.472,0.0957532417517765,0.0044194163903074945,0.03699999999999992
1652,3B0019F652,45-2025-02-06,2025-02-06 09:35:42.479,0.0885024370460512,0.0056752900204307625,0.040000000000000036
1653,3B00484043,46-2025-02-06,2025-02-06 09:40:21.481,0.0904248251902776,0.011720314415357367,0.052999999999999936
1654,3B00192E1E,48-2025-02-06,2025-02-06 09:42:12.481,0.1049138643041157,0.0039610497705438235,0.03499999999999992
1655,01103FD532,50-2025-02-06,2025-02-06 09:42:43.482,0.16529051621313,0.028119593630492646,0.052999999999999936
1656,3B00192E1E,51-2025-02-06,2025-02-06 09:42:56.483,0.0973414960981648,0.0034381635122148553,0.03200000000000047
1657,3B00192E1E,54-2025-02-06,2025-02-06 09:43:54.482,0.1049138643041157,0.011930763484665648,0.067
1658,01103FD532,55-2025-02-06,2025-02-06 09:44:23.483,0.1642542613904343,0.02770384924709776,0.05599999999999983
1659,3B0018C2F6,56-2025-02-06,2025-02-06 09:52:03.489,0.1500125646148875,0.027723907612059718,0.04899999999999993
1660,3B0019B8CC,57-2025-02-06,2025-02-06 09:52:20.489,0.1540612059399421,0.025122603457362794,0.08199999999999996
1661,3B0018C2F6,58-2025-02-06,2025-02-06 09:53:11.491,0.1500125646148875,0.025690097059352008,0.05600000000000005
1662,3B0019B8CC,59-2025-02-06,2025-02-06 09:54:08.489,0.1540612059399421,0.025946648397403328,0.05499999999999999
1663,3B0018A99B,63-2025-02-06,2025-02-06 10:00:00.494,0.0957532417517765,0.00415935854859254,0.03600000000000003
1664,011016B2E1,66-2025-02-06,2025-02-06 10:04:07.497,0.1014097522133409,8.076079581801417e-05,0.005000000000000782
1665,3B0018C2F6,67-2025-02-06,2025-02-06 10:04:57.496,0.1500125646148875,0.021731482315125016,0.08200000000000007
1666,011016B2E1,70-2025-02-06,2025-02-06 10:06:04.498,0.1014097522133409,0.0002813146618797394,0.008999999999999453
1667,011016B2E1,71-2025-02-06,2025-02-06 10:06:38.496,0.0939177780900766,0.01463841086160685,0.04700000000000015
1668,011016B2E1,73-2025-02-06,2025-02-06 10:08:53.498,0.1014097522133409,-0.0003906572878262062,0.02999999999999936
1669,01103F88A1,75-2025-02-06,2025-02-06 10:09:53.498,0.1192401311160238,0.013005560279445159,0.04699999999999993
1670,3B0018C2F6,76-2025-02-06,2025-02-06 10:10:21.498,0.1500125646148876,0.02318820167906781,0.051999999999999824
1671,3B004C4B80,78-2025-02-06,2025-02-06 10:13:09.484,0.1007843212103876,0.010792046922122923,0.05899999999999994
1672,3B0018C6F9,79-2025-02-06,2025-02-06 10:13:14.482,0.0940380930727395,0.005184078692478661,0.03699999999999992
1673,3B0018C2F6,81-2025-02-06,2025-02-06 10:14:21.470,0.1520107980242603,0.024654184095359657,0.052000000000000046
1674,3B0018C2F6,83-2025-02-06,2025-02-06 10:15:41.454,0.1515552931924922,0.022525685554651786,0.053999999999999826
1675,3B004ACEEA,87-2025-02-06,2025-02-06 10:17:18.444,0.0932909608222865,0.012171676758249733,0.04800000000000004
1676,3B00192E1E,88-2025-02-06,2025-02-06 10:17:22.444,0.0973115263627444,0.0035475049692259317,0.07800000000000007
1677,3B0019B8CC,89-2025-02-06,2025-02-06 10:17:32.445,0.1540612059399421,0.024206701421419615,0.07699999999999996
1678,3B0019B8CC,91-2025-02-06,2025-02-06 10:19:10.447,0.155530935476714,0.025781534848194097,0.06700000000000017
1679,3B0018C2F6,92-2025-02-06,2025-02-06 10:20:30.445,0.1533339199233836,0.02280702837930057,0.05899999999999972
1680,3B0019B8CC,94-2025-02-06,2025-02-06 10:21:21.446,0.1540612059399421,0.02406726757789952,0.051999999999999935
1681,3B001857EE,95-2025-02-06,2025-02-06 10:21:52.447,0.1069375408356136,0.004565258500200028,0.038000000000000034
1682,3B0019B8CC,96-2025-02-06,2025-02-06 10:22:50.447,0.1540612059399421,0.025714585957113796,0.07600000000000007
1683,3B001857EE,97-2025-02-06,2025-02-06 10:22:59.447,0.1069375408356136,0.005135012559972955,0.039999999999999925
1684,3B0019B8CC,99-2025-02-06,2025-02-06 10:24:11.447,0.1540612059399422,0.028354248381321907,0.05400000000000027
1685,3B0018C2F6,100-2025-02-06,2025-02-06 10:24:17.448,0.1500125646148875,0.02333298797979354,0.052000000000000046
1686,3B0019B8CC,101-2025-02-06,2025-02-06 10:25:05.449,0.1540612059399421,0.010410041874910469,0.040000000000000036
1687,3B004CD4DE,103-2025-02-06,2025-02-06 10:30:46.454,0.1003986183690209,0.012556504686299045,0.07899999999999996
1688,3B004CD4DE,104-2025-02-06,2025-02-06 10:32:00.452,0.1003986183690209,0.013961250474374813,0.04400000000000004
1689,3B0018A99B,105-2025-02-06,2025-02-06 10:32:08.453,0.0912801952237108,0.00529662170314182,0.04100000000000015
1690,3B004CD4DE,108-2025-02-06,2025-02-06 10:33:39.452,0.0925196743481069,0.014476707769897137,0.07899999999999996
1691,3B0018C2F6,109-2025-02-06,2025-02-06 10:35:22.454,0.1538614109052687,0.023923980017201814,0.07400000000000007
1692,3B0018C2F6,110-2025-02-06,2025-02-06 10:36:17.454,0.1500125646148875,0.024230295223212454,0.05099999999999999
1693,3B0018C2F6,111-2025-02-06,2025-02-06 10:37:42.454,0.1500125646148875,0.022552164801861802,0.05900000000000016
1694,3B00192E1E,113-2025-02-06,2025-02-06 10:50:42.464,0.0949756839421492,0.004697748810133241,0.05799999999999994
1695,3B00484043,115-2025-02-06,2025-02-06 10:54:41.466,0.0938208148313449,0.012670459490643016,0.04899999999999993
1696,3B00484043,116-2025-02-06,2025-02-06 10:56:19.465,0.0938208148313449,0.012535891258806416,0.04899999999999993
1697,3B004C0894,117-2025-02-06,2025-02-06 11:03:57.470,0.0952258418093786,0.012680652057517141,0.04600000000000004
1698,3B0019B8CC,118-2025-02-06,2025-02-06 11:11:08.476,0.1540612059399421,0.00948487414144575,0.038999999999999924
1699,3B0019B8CC,119-2025-02-06,2025-02-06 11:12:05.472,0.1540612059399422,0.024826388392975098,0.04699999999999993
1700,01103FD532,121-2025-02-06,2025-02-06 11:13:17.464,0.16529051621313,0.028092179504343225,0.05600000000000005
1701,01103FD532,122-2025-02-06,2025-02-06 11:14:16.455,0.1707515000119706,0.027626746267530724,0.052999999999999936
1702,3B0019B8CC,123-2025-02-06,2025-02-06 11:14:22.455,0.1562710676229745,0.021804329378120234,0.05599999999999983
1703,3B0019B8CC,125-2025-02-06,2025-02-06 11:17:33.439,0.1524388623111543,0.023899704408859593,0.05699999999999994
1704,3B00192E1E,126-2025-02-06,2025-02-06 11:17:56.440,0.1049138643041158,0.01233916165439523,0.07999999999999985
1705,3B00192E1E,127-2025-02-06,2025-02-06 11:18:57.440,0.1049138643041157,0.00810806306278445,0.069
1706,3B0018C2F6,136-2025-02-06,2025-02-06 15:49:43.426,0.1590664692891086,0.02915575091454558,0.06199999999999983
1707,3B001857EE,137-2025-02-06,2025-02-06 15:50:58.426,0.1069375408356136,0.013080214267995544,0.07
1708,3B00182A81,138-2025-02-06,2025-02-06 15:51:31.425,0.1189321598688551,0.003189131483122316,0.05400000000000005
1709,3B0018C2F6,139-2025-02-06,2025-02-06 15:52:22.426,0.1655543020250316,0.02355614408795826,0.051000000000000156
1710,3B0018C2F6,140-2025-02-06,2025-02-06 15:52:42.427,0.1500125646148875,0.027661492550544703,0.06399999999999995
1711,3B001857EE,142-2025-02-06,2025-02-06 15:53:37.426,0.1090705009326899,0.01589538932841234,0.06000000000000005
1712,3B0018C2F6,147-2025-02-06,2025-02-06 15:58:08.429,0.160896873627601,0.02862257357418829,0.05400000000000005
1713,3B00182DFC,149-2025-02-06,2025-02-06 15:59:29.429,0.103894248890132,0.029687699184143865,0.07200000000000006
1714,3B001857EE,150-2025-02-06,2025-02-06 16:00:27.429,0.1069375408356136,0.005410611359151557,0.04699999999999993
1715,3B00182DFC,155-2025-02-06,2025-02-06 16:03:30.432,0.1104333106434218,0.015509865485417457,0.07899999999999996
1716,3B00185CB8,158-2025-02-06,2025-02-06 16:05:35.432,0.0961713399170973,0.0040990976428937065,0.038999999999999924
1717,3B004C0894,159-2025-02-06,2025-02-06 16:06:07.432,0.103400267216305,0.004807026772640501,0.03500000000000014
1718,3B00185CB8,161-2025-02-06,2025-02-06 16:06:25.433,0.0961713399170973,0.005565446147341848,0.03499999999999992
1719,3B004C0894,162-2025-02-06,2025-02-06 16:06:55.431,0.1050307354240935,0.0030240692261637096,0.03300000000000036
1720,3B004C0894,166-2025-02-06,2025-02-06 16:09:31.433,0.1014213919746171,0.012649934966005664,0.055999999999999994
1721,3B0019B8CC,170-2025-02-06,2025-02-06 16:19:16.422,0.1540612059399422,0.02566470613712818,0.07499999999999996
1722,3B004C4B80,171-2025-02-06,2025-02-06 16:20:26.422,0.1060021955153034,0.012709810882503602,0.056999999999999995
1723,3B00484043,172-2025-02-06,2025-02-06 16:23:22.418,0.0938208148313449,0.0012910557806729197,0.040000000000000036
1724,3B004CEFFE,174-2025-02-06,2025-02-06 16:23:57.419,0.1020544328593473,0.010470516003769453,0.056999999999999995
1725,3B00484043,175-2025-02-06,2025-02-06 16:24:35.417,0.0938208148313449,0.012634071662972176,0.07499999999999996
1726,3B0019248A,176-2025-02-06,2025-02-06 16:25:32.418,0.1238041149837782,0.01630159969375867,0.06299999999999994
1727,3B004C4B80,177-2025-02-06,2025-02-06 16:25:46.416,0.1099337507693508,0.011010590582908864,0.05999999999999994
1728,3B0019B8CC,178-2025-02-06,2025-02-06 16:26:26.417,0.1540612059399421,0.028704345277540226,0.07800000000000029
1729,3B001816CC,179-2025-02-06,2025-02-06 16:26:52.416,0.1005748409386277,0.010545113347217808,0.07299999999999995
1730,3B004C4B80,181-2025-02-06,2025-02-06 16:27:35.416,0.1094318725263909,0.010779626142927521,0.07599999999999985
1731,3B0019B8CC,184-2025-02-06,2025-02-06 16:30:10.414,0.1540612059399421,0.026904587204884433,0.05499999999999999
1732,3B004C4B80,186-2025-02-06,2025-02-06 16:31:51.414,0.1060021955153034,0.01196993789120188,0.06400000000000006
1733,3B0019B8CC,188-2025-02-06,2025-02-06 16:32:40.414,0.1540612059399421,0.028099322232622306,0.06000000000000005
1734,3B0019248A,190-2025-02-06,2025-02-06 16:36:40.413,0.1238041149837782,0.005150350566197345,0.03400000000000003
1735,3B0019248A,191-2025-02-06,2025-02-06 16:39:07.413,0.1238041149837782,0.00023783514016262363,0.014000000000000234
1736,3B00182A81,192-2025-02-06,2025-02-06 16:45:33.416,0.1189321598688551,0.012677575139642731,0.059
1737,3B00484043,198-2025-02-06,2025-02-06 16:50:55.417,0.0938208148313449,-0.0004864145611370465,0.04599999999999993
1738,3B00182A81,200-2025-02-06,2025-02-06 16:51:50.418,0.1189321598688551,0.003409009225147594,0.04600000000000004
1739,01101763D0,2-2025-02-12,2025-02-12 08:07:36.108,0.1497460806109001,0.024093249558768015,0.066
1740,3B004CDB63,3-2025-02-12,2025-02-12 08:08:43.109,0.0918532097116226,0.01167506911223853,0.04499999999999993
1741,3B004CDB63,4-2025-02-12,2025-02-12 08:09:54.112,0.0918532097116226,0.010939817178020998,0.044999999999999984
1742,3B00484043,5-2025-02-12,2025-02-12 08:15:36.115,0.0938208148313449,0.003143453812467478,0.057999999999999996
1743,3B00484043,7-2025-02-12,2025-02-12 08:16:51.092,0.0938208148313449,0.011243353849492318,0.059
1744,3B00484043,11-2025-02-12,2025-02-12 08:18:11.930,0.0938208148313449,0.010082750058312035,0.04200000000000004
1745,3B00484043,12-2025-02-12,2025-02-12 08:18:33.886,0.0884407371382871,0.004797295471467809,0.05300000000000005
1746,3B0018D520,15-2025-02-12,2025-02-12 08:26:53.515,0.0922120727919626,0.011492921255249486,0.07500000000000018
1747,3B0018D520,16-2025-02-12,2025-02-12 08:27:57.516,0.0910136593508919,0.011817193384626072,0.04899999999999993
1748,3B004CDB63,20-2025-02-12,2025-02-12 08:43:50.529,0.0918532097116226,0.011215335340435327,0.07499999999999996
1749,01103FD2E8,21-2025-02-12,2025-02-12 08:44:00.528,0.1485039043747999,0.029083492326376487,0.05400000000000027
1750,3B00191394,23-2025-02-12,2025-02-12 08:44:47.530,0.0979645594476272,0.011234876493734022,0.04299999999999993
1751,01103FD2E8,25-2025-02-12,2025-02-12 08:45:05.530,0.1515775609276604,0.028799270245748684,0.05699999999999994
1752,01103FD2E8,26-2025-02-12,2025-02-12 08:45:57.529,0.1450978894709438,0.029237016559002123,0.052000000000000046
1753,3B004CDB63,27-2025-02-12,2025-02-12 08:48:21.531,0.093560126667688,0.010702693284694009,0.04400000000000004
1754,3B004CDB63,29-2025-02-12,2025-02-12 08:51:54.535,0.0918532097116226,0.012621207046072036,0.04499999999999993
1755,3B0018D520,30-2025-02-12,2025-02-12 08:58:46.538,0.0967763563862768,0.012249280866451861,0.050999999999999934
1756,3B004CDB63,31-2025-02-12,2025-02-12 08:59:00.539,0.0918532097116226,0.011731628239742485,0.050000000000000044
1757,01103FD2E8,32-2025-02-12,2025-02-12 09:00:13.540,0.1540778219705781,0.027528654426526765,0.05300000000000016
1758,3B0018D520,34-2025-02-12,2025-02-12 09:01:09.541,0.0967763563862768,0.011820338870286601,0.046999999999999986
1759,01103FD2E8,37-2025-02-12,2025-02-12 09:01:44.541,0.1450978894709438,0.03130745587983695,0.050999999999999934
1760,01103FD2E8,38-2025-02-12,2025-02-12 09:03:37.541,0.1534055798993072,0.029193653679783306,0.052000000000000046
1761,3B0018D520,39-2025-02-12,2025-02-12 09:03:39.543,0.0967763563862768,0.011532151408456613,0.05500000000000005
1762,01103F9A64,41-2025-02-12,2025-02-12 09:05:21.543,0.1652322463377165,0.030491147075932108,0.053999999999999826
1763,01103F9A64,42-2025-02-12,2025-02-12 09:06:17.544,0.1892092603376109,0.022529125196175833,0.04700000000000015
1764,01103F9A64,44-2025-02-12,2025-02-12 09:07:23.545,0.1892092603376109,0.027922115261031458,0.05400000000000005
1765,01103F9A64,45-2025-02-12,2025-02-12 09:08:52.545,0.1626074425100273,0.024293834861564275,0.05499999999999994
1766,3B004AE3AB,47-2025-02-12,2025-02-12 09:19:57.499,0.0964067766276104,0.013779605038984023,0.04500000000000004
1767,3B00192E1E,48-2025-02-12,2025-02-12 09:23:20.500,0.1049138643041158,0.02575801006990791,0.07200000000000001
1768,3B004AE3AB,50-2025-02-12,2025-02-12 09:25:26.501,0.1003657221346216,0.014167377294382246,0.051000000000000156
1769,01101763D0,51-2025-02-12,2025-02-12 09:31:44.506,0.1497460806109001,0.024968673910780094,0.07099999999999995
1770,3B0018A99B,52-2025-02-12,2025-02-12 09:32:36.508,0.0883273548306758,0.005562492999768075,0.04600000000000004
1771,0700ED9568,53-2025-02-12,2025-02-12 09:33:00.506,0.1557656667641276,0.02318476271926695,0.07899999999999996
1772,0700ED9568,54-2025-02-12,2025-02-12 09:36:07.509,0.1416012640908689,0.022721230160793568,0.06899999999999995
1773,3B004CA42C,55-2025-02-12,2025-02-12 09:40:23.510,0.1078656181881558,0.012570458841576487,0.05099999999999999
1774,3B001816CC,56-2025-02-12,2025-02-12 09:40:28.511,0.1005748409386277,0.011856791502308717,0.04600000000000004
1775,3B00191394,57-2025-02-12,2025-02-12 09:41:10.511,0.0979645594476272,1.3966933073065875e-06,0.0019999999999999463
1776,3B00191394,58-2025-02-12,2025-02-12 09:42:03.512,0.0979645594476272,0.010467217391151038,0.04499999999999993
1777,3B00191394,60-2025-02-12,2025-02-12 09:43:04.512,0.0979645594476272,0.0016443798392389562,0.028999999999999915
1778,3B001816CC,63-2025-02-12,2025-02-12 09:44:52.515,0.0911925412978021,0.010728575605290884,0.052999999999999936
1779,3B004CDB63,64-2025-02-12,2025-02-12 09:45:13.514,0.0918532097116226,0.008585331814870574,0.07100000000000001
1780,3B001877B5,68-2025-02-12,2025-02-12 09:49:32.516,0.1720534263134757,0.022035710650748212,0.06499999999999995
1781,3B004CEFFE,69-2025-02-12,2025-02-12 09:52:18.518,0.0945659350834316,0.012304306262632061,0.062000000000000055
1782,01103F9A64,72-2025-02-12,2025-02-12 09:54:28.519,0.1656388605211951,0.024462295873085543,0.052999999999999936
1783,3B0019B8CC,74-2025-02-12,2025-02-12 09:55:18.519,0.1540612059399422,0.026253792779115572,0.05499999999999999
1784,01103F97C4,77-2025-02-12,2025-02-12 09:55:58.520,0.1676441888996202,0.020215874761639777,0.05900000000000016
1785,3B001877B5,85-2025-02-12,2025-02-12 09:57:53.521,0.1720534263134757,0.026629817754752035,0.049000000000000044
1786,011016B2E1,86-2025-02-12,2025-02-12 09:57:58.520,0.097949901711879,0.004155430310335095,0.05099999999999999
1787,01103F9A64,89-2025-02-12,2025-02-12 09:58:23.521,0.1892092603376109,0.02845601765777125,0.05599999999999983
1788,01101763D0,91-2025-02-12,2025-02-12 09:58:39.521,0.1579264392119825,0.022990784643760694,0.068
1789,3B001877B5,92-2025-02-12,2025-02-12 09:58:49.520,0.159740851916075,0.02726810846175628,0.06000000000000005
1790,011016B2E1,93-2025-02-12,2025-02-12 09:59:16.522,0.0919661019817554,0.005517951990966031,0.05500000000000005
1791,3B0019B8CC,94-2025-02-12,2025-02-12 09:59:28.522,0.1572893558760479,0.011539493976015922,0.04300000000000015
1792,3B001870F2,95-2025-02-12,2025-02-12 09:59:52.522,0.0920557521077199,0.011748647681459546,0.04599999999999982
1793,01103FD2E8,96-2025-02-12,2025-02-12 10:00:05.522,0.1551554989940527,0.011506168549592414,0.04300000000000015
1794,011016B2E1,97-2025-02-12,2025-02-12 10:00:36.522,0.097949901711879,-2.8115243384944144e-05,0.03400000000000003
1795,011016B2E1,101-2025-02-12,2025-02-12 10:01:41.523,0.097949901711879,0.00011563326363672855,0.02200000000000002
1796,01103FD2E8,102-2025-02-12,2025-02-12 10:02:06.523,0.1566989953742627,0.026511802524792138,0.058000000000000274
1797,3B0019B8CC,104-2025-02-12,2025-02-12 10:02:19.521,0.1540612059399421,0.009167873417475228,0.038000000000000034
1798,011016B2E1,106-2025-02-12,2025-02-12 10:02:42.522,0.095604020775123,0.005367275724001002,0.052999999999999936
1799,3B004CDB63,109-2025-02-12,2025-02-12 10:04:54.524,0.0918532097116226,0.01210065354001542,0.061
1800,3B004CDB63,114-2025-02-12,2025-02-12 10:07:25.526,0.0918532097116226,0.01222223330231518,0.05299999999999999
1801,3B0019F652,115-2025-02-12,2025-02-12 10:08:03.525,0.0835820603764899,0.004042313435031941,0.04499999999999993
1802,3B0019F652,117-2025-02-12,2025-02-12 10:08:44.525,0.0885024370460512,0.004410911535924061,0.04999999999999982
1803,3B00186448,119-2025-02-12,2025-02-12 10:12:52.517,0.1600507092974815,0.02902805596950851,0.05699999999999994
1804,3B0019B8CC,120-2025-02-12,2025-02-12 10:12:57.516,0.1540612059399422,0.022725891229282206,0.06500000000000006
1805,3B00186448,122-2025-02-12,2025-02-12 10:14:05.506,0.1499705050319192,-0.0003925282982863121,0.04699999999999971
1806,3B0019B8CC,123-2025-02-12,2025-02-12 10:14:14.504,0.1540612059399422,0.023685423672163378,0.07499999999999996
1807,01103FD2E8,125-2025-02-12,2025-02-12 10:14:51.498,0.0790589938558779,0.029786097648253955,0.07199999999999962
1808,3B0018D520,130-2025-02-12,2025-02-12 10:16:48.482,0.0971614450806317,0.011558823615135225,0.05400000000000027
1809,01103FD2E8,131-2025-02-12,2025-02-12 10:17:17.481,0.1613827481591926,0.02648009913779309,0.08099999999999996
1810,3B00484043,133-2025-02-12,2025-02-12 10:17:30.483,0.0900786846302019,0.003231564141744549,0.08299999999999974
1811,3B0018C6F9,135-2025-02-12,2025-02-12 10:18:12.482,0.0995207441742754,0.005820200264078793,0.03899999999999998
1812,3B0018F763,136-2025-02-12,2025-02-12 10:23:22.485,0.1094391649153988,0.005412321499231758,0.04299999999999998
1813,3B00182DFC,142-2025-02-12,2025-02-12 10:24:20.486,0.0960316735637713,0.013722481358852555,0.05400000000000005
1814,3B001877B5,143-2025-02-12,2025-02-12 10:25:02.486,0.1654362260033577,0.024505735632231726,0.08100000000000018
1815,3B00186448,144-2025-02-12,2025-02-12 10:25:12.487,0.1208931239580095,0.024129216743201027,0.07200000000000006
1816,3B001877B5,145-2025-02-12,2025-02-12 10:25:21.486,0.1416686064502176,0.023436982592701636,0.07100000000000017
1817,3B0018F763,146-2025-02-12,2025-02-12 10:26:32.488,0.1094391649153988,0.006318004161637939,0.040000000000000036
1818,3B00182A81,147-2025-02-12,2025-02-12 10:27:17.488,0.0972733502010784,0.009358673027360747,0.07999999999999996
1819,3B0018F763,148-2025-02-12,2025-02-12 10:27:31.487,0.1094391649153988,0.00640342671634779,0.04399999999999993
1820,3B004CD4DE,149-2025-02-12,2025-02-12 10:27:36.487,0.0965457734981728,0.013282036767901528,0.05600000000000005
1821,3B001870F2,151-2025-02-12,2025-02-12 10:28:51.489,0.0946290522697299,0.014135470955146622,0.052999999999999936
1822,3B001877B5,152-2025-02-12,2025-02-12 10:29:11.489,0.1720534263134757,3.806143932291117e-06,0.0020000000000000018
1823,3B001870F2,154-2025-02-12,2025-02-12 10:30:06.488,0.092250967064722,0.00778847355628514,0.06999999999999995
1824,3B00191394,156-2025-02-12,2025-02-12 10:31:14.488,0.0979645594476272,0.011572948576699644,0.045999999999999985
1825,3B001870F2,159-2025-02-12,2025-02-12 10:33:01.490,0.0949816235401202,0.004390153395962689,0.03500000000000014
1826,3B004CD4DE,160-2025-02-12,2025-02-12 10:33:07.491,0.1003986183690209,0.0020211024165309966,0.029000000000000026
1827,01103FD532,161-2025-02-12,2025-02-12 10:34:27.491,0.1724878927364887,0.022195612006116354,0.06999999999999984
1828,3B004CDB63,162-2025-02-12,2025-02-12 10:34:59.491,0.0918532097116226,0.011303719690690248,0.06900000000000006
1829,3B00186448,164-2025-02-12,2025-02-12 10:36:14.492,0.149041935224709,0.022347861846718973,0.06899999999999995
1830,3B00186448,168-2025-02-12,2025-02-12 10:37:56.493,0.1499705050319191,-0.0006859240572362832,0.03500000000000014
1831,3B00186448,170-2025-02-12,2025-02-12 10:38:49.493,0.1602769042493896,0.02814226317479198,0.08400000000000007
1832,3B0019F652,173-2025-02-12,2025-02-12 10:39:42.494,0.0885024370460512,0.004725759573247815,0.04499999999999993
1833,3B00186448,176-2025-02-12,2025-02-12 10:40:42.494,0.1629065474728191,0.02427119779786257,0.07599999999999985
1834,01103FD532,177-2025-02-12,2025-02-12 10:41:00.494,0.1657965285729926,0.010771370461596378,0.06000000000000005
1835,01103FD532,178-2025-02-12,2025-02-12 10:41:30.493,0.1648401505208903,0.02124040458633137,0.05300000000000016
1836,011016B2E1,180-2025-02-12,2025-02-12 10:41:42.493,0.0938407656529208,0.004376229772014851,0.07099999999999995
1837,3B0018A99B,181-2025-02-12,2025-02-12 10:42:14.494,0.0883273548306758,1.3594087477028685e-05,0.006000000000000005
1838,3B001816CC,182-2025-02-12,2025-02-12 10:42:51.496,0.1005748409386277,0.0035098497903378154,0.055999999999999994
1839,01103FD2E8,183-2025-02-12,2025-02-12 10:43:02.494,0.1450978894709438,0.010321255224824188,0.049000000000000155
1840,01103FD2E8,187-2025-02-12,2025-02-12 10:44:47.495,0.1224171401276747,0.013278846746935581,0.061000000000000165
1841,3B00191394,189-2025-02-12,2025-02-12 10:45:28.497,0.0979645594476272,0.004463069479311195,0.044999999999999984
1842,3B00191394,193-2025-02-12,2025-02-12 10:46:54.496,0.091464579502597,0.011475122257794866,0.05400000000000005
1843,01101763D0,194-2025-02-12,2025-02-12 10:47:40.496,0.1497460806109001,1.2665539903472522e-06,0.0019999999999997797
1844,3B0019248A,195-2025-02-12,2025-02-12 10:47:54.496,0.1238041149837782,0.004891944273401011,0.03600000000000003
1845,01101763D0,196-2025-02-12,2025-02-12 10:49:06.498,0.1497460806109001,0.008617940206952793,0.040000000000000036
1846,3B00191394,197-2025-02-12,2025-02-12 10:49:14.498,0.0979645594476272,0.010356460190406425,0.057999999999999996
1847,3B0018C2F6,200-2025-02-12,2025-02-12 10:56:28.501,0.1551360655387342,0.02904741742569628,0.050000000000000044
1848,3B004CDB63,201-2025-02-12,2025-02-12 10:56:43.501,0.0918532097116226,0.012159189425662003,0.04999999999999999
1849,3B0018C2F6,202-2025-02-12,2025-02-12 10:57:01.503,0.1500125646148875,0.026493647503736444,0.07499999999999996
1850,3B0018C2F6,203-2025-02-12,2025-02-12 10:58:00.502,0.1500125646148875,0.02090798164998113,0.05499999999999994
1851,011016B2E1,204-2025-02-12,2025-02-12 10:58:15.502,0.097949901711879,-0.00022043253756240733,0.03299999999999992
1852,011016B2E1,205-2025-02-12,2025-02-12 10:58:59.504,0.097949901711879,0.0007070533102258441,0.02400000000000002
1853,3B001870F2,206-2025-02-12,2025-02-12 11:00:32.504,0.0930652263761651,0.011732715066178871,0.051999999999999935
1854,01103F97C4,208-2025-02-12,2025-02-12 11:05:43.506,0.1676441888996202,0.02172823063797928,0.04199999999999998
1855,3B0018D520,209-2025-02-12,2025-02-12 11:07:07.507,0.0967763563862768,0.01270856406310123,0.06700000000000006
1856,01103F97C4,210-2025-02-12,2025-02-12 11:07:16.507,0.1352238342097188,0.024842639175568098,0.07099999999999995
1857,3B004C4B80,211-2025-02-12,2025-02-12 11:07:32.507,0.1023562086436667,0.014100771573111126,0.05299999999999999
1858,3B001877B5,212-2025-02-12,2025-02-12 11:07:46.507,0.1498618799098811,0.02366917391349167,0.07099999999999995
1859,3B0019F652,213-2025-02-12,2025-02-12 11:07:52.507,0.0885024370460512,0.008889085732526818,0.05799999999999994
1860,3B004B0F76,214-2025-02-12,2025-02-12 11:08:16.508,0.1599113396077151,0.020373838320003217,0.06900000000000017
1861,3B004CDB63,215-2025-02-12,2025-02-12 11:08:21.508,0.0918532097116226,0.013683056934923428,0.050999999999999934
1862,011016B2E1,217-2025-02-12,2025-02-12 11:08:36.508,0.097949901711879,0.01269925323523954,0.05300000000000005
1863,3B004C4B80,218-2025-02-12,2025-02-12 11:08:39.509,0.1023562086436667,0.013077626243866661,0.05899999999999994
1864,3B0019B8CC,221-2025-02-12,2025-02-12 11:09:28.508,0.1540612059399422,0.025195547481932732,0.05900000000000016
1865,3B0019F652,222-2025-02-12,2025-02-12 11:09:37.509,0.0885024370460512,0.009586765983397864,0.06799999999999995
1866,3B0018C2F6,223-2025-02-12,2025-02-12 11:10:34.509,0.1135788448644897,0.025500566671389332,0.050000000000000044
1867,01103FD532,224-2025-02-12,2025-02-12 11:10:59.508,0.1694199642197809,0.01896958889811662,0.0649999999999995
1868,3B0019B8CC,227-2025-02-12,2025-02-12 11:11:32.510,0.1540612059399421,0.02636537853012416,0.052999999999999936
1869,01103F88A1,228-2025-02-12,2025-02-12 11:11:45.508,0.1192401311160238,0.012885600237682994,0.059
1870,3B0019F652,229-2025-02-12,2025-02-12 11:12:06.506,0.0858716851721489,0.010116071701773685,0.053999999999999826
1871,3B0018D520,230-2025-02-12,2025-02-12 11:12:10.506,0.0967763563862768,0.012497921176663812,0.057999999999999996
1872,011016B2E1,232-2025-02-12,2025-02-12 11:13:14.497,0.097949901711879,0.00407941626435645,0.035999999999999976
1873,3B0018A99B,234-2025-02-12,2025-02-12 11:13:28.498,0.0883273548306757,0.0035596450595339344,0.03299999999999992
1874,3B00191394,236-2025-02-12,2025-02-12 11:13:51.494,0.0979645594476272,0.010386126558997616,0.050000000000000044
1875,3B0018D520,237-2025-02-12,2025-02-12 11:14:17.489,0.0977295781574548,0.012354831138475601,0.050999999999999934
1876,3B0019B8CC,240-2025-02-12,2025-02-12 11:14:42.486,0.1540612059399422,0.02601255049195682,0.051999999999999824
1877,01103FD2E8,242-2025-02-12,2025-02-12 11:15:47.479,0.1613002762856832,0.029528903173794054,0.04899999999999993
1878,3B0018D520,244-2025-02-12,2025-02-12 11:17:11.472,0.0967763563862768,0.011509862717329216,0.051999999999999824
1879,3B004CDB63,245-2025-02-12,2025-02-12 11:17:23.472,0.0918532097116226,0.012595312192790427,0.04799999999999999
1880,01103FD2E8,247-2025-02-12,2025-02-12 11:17:41.472,0.0834828581821008,0.030491117842374096,0.07299999999999995
1881,3B004ACEEA,248-2025-02-12,2025-02-12 11:18:09.474,0.1340366575653846,0.012434536567756217,0.04499999999999993
1882,3B00191394,249-2025-02-12,2025-02-12 11:18:18.474,0.0979645594476272,0.011142973275834737,0.049000000000000044
1883,3B0019B8CC,250-2025-02-12,2025-02-12 11:18:30.473,0.1540612059399422,0.026610006785648562,0.05399999999999994
1884,01103FD532,251-2025-02-12,2025-02-12 11:18:48.474,0.1719614761544193,0.01783675224363359,0.06800000000000006
1885,3B0018D520,252-2025-02-12,2025-02-12 11:18:56.473,0.0967763563862768,0.011377673413971012,0.065
1886,3B004ACEEA,253-2025-02-12,2025-02-12 11:19:08.474,0.1340366575653846,0.010391846697205354,0.04799999999999993
1887,3B004CA42C,259-2025-02-12,2025-02-12 11:21:22.476,0.1034674262631248,0.014039237717896464,0.05699999999999994
1888,01103F97C4,260-2025-02-12,2025-02-12 11:21:44.476,0.1520991543105883,0.026736810644278342,0.07500000000000007
1889,01103F97C4,262-2025-02-12,2025-02-12 11:23:04.474,0.1384621737390276,0.026616086099064098,0.050999999999999934
1890,011016B2E1,265-2025-02-12,2025-02-12 11:23:58.475,0.097949901711879,0.011025581935174295,0.063
1891,3B00186448,267-2025-02-12,2025-02-12 11:24:38.475,0.1576909466859353,0.02765522375342807,0.07400000000000007
1892,3B00191394,272-2025-02-12,2025-02-12 11:26:20.478,0.0979645594476272,0.011139372532107238,0.056999999999999995
1893,3B001877B5,273-2025-02-12,2025-02-12 11:26:50.478,0.1720534263134757,0.025589921116010786,0.05799999999999994
1894,3B00191394,276-2025-02-12,2025-02-12 11:28:30.478,0.0979645594476272,0.010219738216949877,0.04699999999999993
1895,3B00191394,277-2025-02-12,2025-02-12 11:29:11.478,0.0950579028865163,0.010753276316578058,0.052999999999999936
1896,3B001877B5,279-2025-02-12,2025-02-12 11:29:38.479,0.1653072972342955,0.026041072455404667,0.07200000000000006
1897,3B004CD4DE,280-2025-02-12,2025-02-12 11:29:41.479,0.1003986183690209,0.014235731900269605,0.07700000000000007
1898,3B004CA42C,281-2025-02-12,2025-02-12 11:29:53.479,0.1078656181881558,0.013393495181452856,0.09299999999999997
1899,3B00484043,283-2025-02-12,2025-02-12 11:30:18.479,0.0938208148313449,0.002810476636342388,0.05399999999999999
1900,3B00185CB8,284-2025-02-12,2025-02-12 11:30:45.480,0.0985461603137759,0.005864938819279674,0.04500000000000004
1901,3B001877B5,285-2025-02-12,2025-02-12 11:30:58.480,0.1720534263134757,0.025678293044992837,0.06699999999999995
1902,3B00182DFC,286-2025-02-12,2025-02-12 11:31:08.481,0.0960316735637713,0.014884314050990144,0.04799999999999993
1903,3B0018C2F6,288-2025-02-12,2025-02-12 11:31:56.479,0.1515817439692619,0.02345787489953255,0.04600000000000004
1904,3B001877B5,290-2025-02-12,2025-02-12 11:32:46.479,0.1667463987055132,0.025662924782772076,0.07800000000000007
1905,3B00186448,291-2025-02-12,2025-02-12 11:33:14.481,0.1325729012040772,0.026930944065865596,0.07100000000000017
1906,3B00186448,294-2025-02-12,2025-02-12 11:33:53.481,0.1284695305659375,0.02640059022916091,0.052999999999999936
1907,3B0019F652,298-2025-02-12,2025-02-12 11:42:45.486,0.0885024370460512,0.00962802566505417,0.06499999999999995
1908,3B001857EE,299-2025-02-12,2025-02-12 11:43:59.487,0.1069375408356136,0.014646978802418295,0.05500000000000005
1909,3B0019F652,300-2025-02-12,2025-02-12 11:44:50.485,0.0885024370460512,0.01041989739839762,0.04700000000000015
1910,3B004ACEEA,303-2025-02-12,2025-02-12 11:45:43.487,0.1010781354614467,0.014555360649921282,0.04400000000000004
1911,3B001857EE,305-2025-02-12,2025-02-12 11:46:20.488,0.1069375408356136,0.004356015482103118,0.03699999999999992
1912,3B0018A99B,306-2025-02-12,2025-02-12 11:48:01.487,0.0883273548306758,0.00447311311037041,0.038000000000000034
1913,3B004ACEEA,307-2025-02-12,2025-02-12 11:49:03.487,0.097195942739106,0.011108267179013911,0.07299999999999951
1914,3B0018F763,308-2025-02-12,2025-02-12 11:49:49.490,0.0882019420166415,0.005157017356636978,0.08000000000000007
1915,3B0018F763,309-2025-02-12,2025-02-12 11:50:25.488,0.1094391649153988,0.006475348869608558,0.04200000000000004
1916,3B00484043,310-2025-02-12,2025-02-12 11:50:49.489,0.0919619928025797,0.0025907409876656383,0.10300000000000001
1917,3B001870F2,312-2025-02-12,2025-02-12 11:51:41.489,0.0931039693789204,0.012651163521860135,0.053999999999999826
1918,3B004CDB63,313-2025-02-12,2025-02-12 11:52:02.490,0.0918532097116226,0.012926993472223699,0.04899999999999999
1919,3B004C4B80,316-2025-02-12,2025-02-12 11:52:56.490,0.1023562086436667,0.011766081382770832,0.08199999999999999
1920,3B004C4B80,319-2025-02-12,2025-02-12 11:55:22.492,0.1023562086436667,0.005295039513222353,0.05400000000000005
1921,3B004ACEEA,321-2025-02-12,2025-02-12 11:55:41.492,0.1340366575653846,0.012992879018416456,0.04600000000000004
1922,3B004CDB63,324-2025-02-12,2025-02-12 11:56:01.491,0.0918532097116226,0.01230562450703468,0.046999999999999986
1923,3B00186448,326-2025-02-12,2025-02-12 11:56:45.492,0.1499705050319192,0.0253727611686352,0.07100000000000001
1924,3B0018C2F6,328-2025-02-12,2025-02-12 11:57:18.491,0.1500125646148875,0.024242819237301306,0.07799999999999985
1925,3B004ACEEA,332-2025-02-12,2025-02-12 11:57:53.493,0.1340366575653846,0.00961158072009391,0.04499999999999993
1926,3B00186448,335-2025-02-12,2025-02-12 11:58:24.494,0.1463754415781827,0.027240612118814265,0.07200000000000006
1927,3B0018D520,336-2025-02-12,2025-02-12 11:58:29.493,0.0967763563862768,0.0034572360887293453,0.06300000000000006
1928,3B0018F763,338-2025-02-12,2025-02-12 11:58:47.492,0.1094391649153988,0.006087109894685933,0.038000000000000034
1929,011016B2E1,339-2025-02-12,2025-02-12 11:58:52.494,0.0958298462249759,0.0044896513859899075,0.038999999999999924
1930,3B0018C2F6,340-2025-02-12,2025-02-12 11:58:58.494,0.1230733301469935,0.026231180848236793,0.04600000000000004
1931,3B001870F2,342-2025-02-12,2025-02-12 11:59:15.493,0.0967317133589356,0.005050188123870916,0.040999999999999925
1932,01103FD2E8,343-2025-02-12,2025-02-12 11:59:22.494,0.1450978894709438,0.011693207882826268,0.05700000000000016
1933,01103FD532,344-2025-02-12,2025-02-12 12:00:02.493,0.1706038029872537,0.021614428601408463,0.07299999999999995
1934,3B004C4B80,345-2025-02-12,2025-02-12 12:00:13.494,0.1070701097391588,0.01486809031670281,0.05400000000000005
1935,3B00199DE5,347-2025-02-12,2025-02-12 12:03:38.496,0.1085900641703506,0.0057921443458113534,0.06199999999999983
1936,3B00191394,349-2025-02-12,2025-02-12 12:04:07.495,0.0979645594476272,0.0042527391761851855,0.04200000000000004
1937,01101763D0,350-2025-02-12,2025-02-12 12:04:35.498,0.1497460806109001,0.008483025151477872,0.04499999999999993
1938,01103FD2E8,351-2025-02-12,2025-02-12 12:05:02.497,0.1574501305815403,0.02899717001480764,0.06400000000000006
1939,3B00182DFC,357-2025-02-12,2025-02-12 12:06:11.497,0.0960316735637713,0.01514673118188067,0.06700000000000006
1940,3B00191394,358-2025-02-12,2025-02-12 12:06:16.496,0.0979645594476272,0.00340342137025952,0.062
1941,3B00182DFC,361-2025-02-12,2025-02-12 12:07:35.497,0.0960316735637713,0.0025804142005560545,0.026000000000000023
1942,3B0018D520,363-2025-02-12,2025-02-12 12:07:54.498,0.0967763563862768,0.012507257114294757,0.052999999999999936
1943,011016B2E1,366-2025-02-12,2025-02-12 12:09:42.498,0.0975712245993194,0.005738511222639024,0.03599999999999959
1944,3B00191394,369-2025-02-12,2025-02-12 12:13:13.493,0.0979645594476272,0.010274316975255719,0.05799999999999994
1945,01103F97C4,372-2025-02-12,2025-02-12 12:14:16.488,0.1471560413547673,0.028276317684097187,0.07799999999999985
1946,3B0019248A,374-2025-02-12,2025-02-12 12:14:38.487,0.1238041149837782,0.006566424431465541,0.04499999999999993
1947,01103F97C4,376-2025-02-12,2025-02-12 12:15:26.484,0.1613261217129638,0.025902359316269687,0.052000000000000046
1948,3B004CC5C5,378-2025-02-12,2025-02-12 12:15:41.483,0.090335045912243,0.013246111476650219,0.05600000000000005
1949,011016B2E1,382-2025-02-12,2025-02-12 12:16:37.480,0.097949901711879,0.016202194374143584,0.051000000000000156
1950,3B0019B8CC,384-2025-02-12,2025-02-12 12:18:07.478,0.1540612059399422,0.010277885788606216,0.04400000000000004
1951,3B00186448,385-2025-02-12,2025-02-12 12:18:32.477,0.1626059214980566,0.023261350756305293,0.06499999999999995
1952,3B004CDB63,387-2025-02-12,2025-02-12 12:18:53.476,0.099639007075787,0.010862901502506052,0.06099999999999994
1953,3B0019B8CC,388-2025-02-12,2025-02-12 12:19:13.475,0.1540612059399421,0.011377006529661515,0.04399999999999982
1954,011016B2E1,390-2025-02-12,2025-02-12 12:20:00.476,0.097949901711879,0.003208580967493136,0.033999999999999975
1955,3B00186448,391-2025-02-12,2025-02-12 12:20:09.475,0.1148619634635704,0.02883587287546393,0.07299999999999995
1956,3B004CDB63,392-2025-02-12,2025-02-12 12:20:21.475,0.0918532097116226,0.003922028380518286,0.09699999999999998
1957,01103FD532,394-2025-02-12,2025-02-12 12:20:52.474,0.1712564811480661,0.022061509807659446,0.05999999999999983
1958,3B004AB6A7,395-2025-02-12,2025-02-12 12:20:59.474,0.1049930336483549,0.015013749604041324,0.06700000000000017
1959,3B001877B5,396-2025-02-12,2025-02-12 12:21:24.472,0.1689777787788599,0.024922484049937313,0.06400000000000006
1960,3B0049A710,401-2025-02-12,2025-02-12 12:23:33.473,0.0961437705181517,0.0042725840728660295,0.06800000000000006
1961,3B00484043,404-2025-02-12,2025-02-12 12:24:16.473,0.0918486445676972,0.0043306064177714675,0.08200000000000002
1962,3B0018D520,405-2025-02-12,2025-02-12 12:24:26.472,0.098418127936723,0.0034893625512973773,0.09799999999999986
1963,3B00199DE5,407-2025-02-12,2025-02-12 12:24:40.471,0.1085900641703506,0.011358890572809484,0.050000000000000044
1964,3B004ACEEA,408-2025-02-12,2025-02-12 12:24:57.471,0.095942339673275,0.011906632185210781,0.06899999999999995
1965,3B0018F763,410-2025-02-12,2025-02-12 12:26:37.472,0.1094391649153988,0.004333454171531018,0.03700000000000003
1966,3B004ACEEA,411-2025-02-12,2025-02-12 12:26:48.471,0.1340366575653846,0.010993435753029055,0.05299999999999999
1967,3B0048BD5D,418-2025-02-12,2025-02-12 12:37:00.475,0.0897117482341589,0.01142242593974136,0.05999999999999994
1968,3B004CD4DE,421-2025-02-12,2025-02-12 12:37:29.474,0.1003986183690209,0.01361428400886296,0.057999999999999996
1969,01101763D0,423-2025-02-12,2025-02-12 12:38:50.475,0.1497460806109001,0.02422102414905145,0.06099999999999994
1970,3B004CA42C,424-2025-02-12,2025-02-12 12:39:00.474,0.1078656181881558,0.013621606033083593,0.04899999999999999
1971,3B00484043,425-2025-02-12,2025-02-12 12:39:26.475,0.0938208148313449,0.012076451751506874,0.06200000000000028
1972,3B00191394,426-2025-02-12,2025-02-12 12:39:47.476,0.0979645594476272,0.010797013582695546,0.067
1973,3B001857EE,428-2025-02-12,2025-02-12 12:40:05.476,0.103714865102031,0.013909835091813394,0.05500000000000016
1974,3B00186448,429-2025-02-12,2025-02-12 12:40:29.478,0.1499705050319192,0.025938838532753347,0.05999999999999983
1975,3B0018A99B,430-2025-02-12,2025-02-12 12:40:31.475,0.0883273548306758,0.006369756833036555,0.02300000000000002
1976,3B004C4B80,433-2025-02-12,2025-02-12 12:41:30.476,0.1023562086436667,0.012891429326367134,0.05399999999999999
1977,01103FD532,435-2025-02-12,2025-02-12 12:41:52.478,0.1724878927364887,0.019839596774441626,0.05799999999999994
1978,01103F97C4,436-2025-02-12,2025-02-12 12:42:01.477,0.141540803366635,0.026973257888824643,0.07200000000000006
1979,3B00186448,437-2025-02-12,2025-02-12 12:42:19.477,0.1471300256827889,0.025285264289350816,0.07099999999999995
1980,01103F9A64,439-2025-02-12,2025-02-12 12:42:33.476,0.1892092603376109,0.02127779602524822,0.07999999999999996
1981,3B00484043,441-2025-02-12,2025-02-12 12:42:59.477,0.0929219327763579,0.001049372419475049,0.06299999999999972
1982,01103F97C4,442-2025-02-12,2025-02-12 12:43:04.477,0.1373686668610394,0.028586109565048985,0.08700000000000019
1983,3B0019B8CC,443-2025-02-12,2025-02-12 12:43:50.477,0.1540612059399421,0.02791728460128829,0.05400000000000005
1984,3B00186448,444-2025-02-12,2025-02-12 12:44:09.477,0.1140165773503996,0.02580424701207161,0.07200000000000006
1985,01103FD532,445-2025-02-12,2025-02-12 12:44:19.477,0.1724878927364887,0.026754688121367862,0.06499999999999995
1986,3B001877B5,446-2025-02-12,2025-02-12 12:44:22.478,0.1623336671109463,0.023521850491988017,0.07
1987,01103F97C4,447-2025-02-12,2025-02-12 12:44:42.477,0.1580005473840387,0.025928627904014855,0.04500000000000015
1988,01103FD532,449-2025-02-12,2025-02-12 12:45:42.478,0.1718223313606643,0.021840244597721468,0.04899999999999993
1989,3B00182DFC,450-2025-02-12,2025-02-12 12:45:52.478,0.0960316735637713,0.0146074458005138,0.04899999999999999
1990,3B0018D520,452-2025-02-12,2025-02-12 12:46:15.479,0.0967763563862768,0.012606656329631481,0.061999999999999944
1991,3B0019248A,454-2025-02-12,2025-02-12 12:46:54.479,0.0775014343170303,0.006952278636156858,0.04800000000000004
1992,3B00186448,455-2025-02-12,2025-02-12 12:47:07.479,0.1493381124490891,0.02575524006370729,0.07099999999999995
1993,3B001877B5,456-2025-02-12,2025-02-12 12:47:12.479,0.1481646297399453,0.029730391405105375,0.051999999999999824
1994,3B001870F2,457-2025-02-12,2025-02-12 12:47:20.478,0.0970823911006447,0.01434377002209438,0.05900000000000005
1995,3B001877B5,462-2025-02-12,2025-02-12 12:48:49.479,0.1720534263134757,0.02589687741823871,0.06500000000000006
1996,3B00182DFC,465-2025-02-12,2025-02-12 12:50:36.480,0.0960316735637713,0.01458704641455597,0.050999999999999934
1997,3B0018A99B,466-2025-02-12,2025-02-12 12:50:57.479,0.0883273548306757,0.0047356901731021245,0.038999999999999924
1998,3B004CD4DE,468-2025-02-12,2025-02-12 12:51:18.481,0.0988054542266479,0.015311940511341727,0.04899999999999993
1999,3B004CA42C,469-2025-02-12,2025-02-12 12:52:00.481,0.1078656181881558,0.005604610572548888,0.04800000000000004
2000,3B004CC5C5,474-2025-02-12,2025-02-12 12:53:38.481,0.0920052847879434,0.013563347566483225,0.04699999999999993
2001,3B00186448,475-2025-02-12,2025-02-12 12:53:56.482,0.1499705050319191,0.022592713245393015,0.07000000000000006
2002,3B004CC5C5,476-2025-02-12,2025-02-12 12:54:29.483,0.1149927026764903,0.012122419676914804,0.07699999999999996
2003,3B00191394,477-2025-02-12,2025-02-12 12:54:36.482,0.0948841872278726,0.005442190700946184,0.04499999999999993
2004,3B004CA42C,478-2025-02-12,2025-02-12 12:55:00.482,0.1078656181881558,0.013695709134144588,0.057999999999999996
2005,3B00186448,480-2025-02-12,2025-02-12 12:55:14.481,0.1634609147077538,0.022685008159198786,0.06999999999999984
2006,3B00191394,482-2025-02-12,2025-02-12 12:55:33.483,0.0979645594476272,0.010343884459977021,0.04400000000000004
2007,01103FD532,483-2025-02-12,2025-02-12 12:55:58.482,0.1724878927364887,0.028786144692544945,0.051000000000000045
2008,01103FD2E8,489-2025-02-12,2025-02-12 12:57:54.482,0.1450978894709438,0.02683658138837369,0.06699999999999995
2009,01103FD2E8,490-2025-02-12,2025-02-12 12:59:00.483,0.1450978894709437,0.030108323201524227,0.08099999999999996
2010,3B001857EE,491-2025-02-12,2025-02-12 12:59:43.485,0.1069375408356136,0.005221834065685229,0.040000000000000036
2011,3B004C4B80,493-2025-02-12,2025-02-12 13:04:38.486,0.1023562086436667,0.005969749594531483,0.04799999999999999
2012,3B0019B8CC,496-2025-02-12,2025-02-12 13:05:33.488,0.1540612059399422,0.024089378870140916,0.04699999999999993
2013,01101763D0,498-2025-02-12,2025-02-12 13:06:09.486,0.1497460806109001,0.023318987124499473,0.06400000000000006
2014,3B001877B5,500-2025-02-12,2025-02-12 13:07:01.487,0.1012542943163826,0.03223196323820488,0.07500000000000001
2015,3B0018F763,502-2025-02-12,2025-02-12 13:07:20.487,0.1044070236515776,0.0069581701132754815,0.04499999999999993
2016,3B001870F2,503-2025-02-12,2025-02-12 13:07:31.487,0.0967317133589356,0.011686312503832626,0.052000000000000046
2017,01103FD2E8,504-2025-02-12,2025-02-12 13:08:14.488,0.1450978894709437,0.029104654900479386,0.063
2018,3B00484043,505-2025-02-12,2025-02-12 13:08:34.488,0.0943156099361838,0.013427826718759455,0.05299999999999999
2019,3B004CDB63,508-2025-02-12,2025-02-12 13:09:03.488,0.0918532097116226,0.01308998292376417,0.05099999999999999
2020,01103F97C4,509-2025-02-12,2025-02-12 13:09:07.489,0.1676441888996202,0.023266588382072156,0.04699999999999993
2021,3B001877B5,510-2025-02-12,2025-02-12 13:09:16.489,0.1689466866744332,0.026504920561052782,0.06099999999999994
2022,011016B2E1,511-2025-02-12,2025-02-12 13:09:44.489,0.097949901711879,0.00023052362534990606,0.013000000000000012
2023,01103FD2E8,512-2025-02-12,2025-02-12 13:09:49.488,0.1450978894709437,0.011005180970395392,0.051000000000000156
2024,3B0018F763,513-2025-02-12,2025-02-12 13:09:56.489,0.1062597548528725,0.012705835513982395,0.06299999999999994
2025,0700ED9568,514-2025-02-12,2025-02-12 13:10:12.488,0.1435765448508667,0.024498344165528173,0.07000000000000006
2026,01103FD532,515-2025-02-12,2025-02-12 13:11:53.489,0.1743154949394585,0.020374115340799664,0.05600000000000005
2027,011016B2E1,516-2025-02-12,2025-02-12 13:11:57.489,0.097949901711879,0.015520847806261793,0.04800000000000004
2028,3B001857EE,519-2025-02-12,2025-02-12 13:15:26.475,0.1032081674176353,0.005908145217981022,0.042999999999999705
2029,3B0049A710,520-2025-02-12,2025-02-12 13:15:41.473,0.0986234081789731,0.008997790254561424,0.08000000000000007
2030,3B00182A81,522-2025-02-12,2025-02-12 13:17:02.471,0.1200314724929308,0.0017859002735908128,0.062
2031,3B001857EE,524-2025-02-12,2025-02-12 13:17:20.470,0.1069375408356136,0.004447928446884976,0.040000000000000036
2032,3B004CD4DE,526-2025-02-12,2025-02-12 13:21:39.465,0.1003986183690208,0.00397034007249341,0.03400000000000003
2033,3B001870F2,527-2025-02-12,2025-02-12 13:22:23.463,0.0967317133589357,0.006581789408889283,0.06899999999999995
2034,3B004CD4DE,528-2025-02-12,2025-02-12 13:22:41.465,0.1003986183690209,0.006035874750885429,0.038000000000000034
2035,3B00186448,530-2025-02-12,2025-02-12 13:23:43.463,0.1499705050319192,0.02600778465755163,0.07100000000000001
2036,3B001857EE,533-2025-02-12,2025-02-12 13:24:14.464,0.0845313320401194,0.007105879024034196,0.04399999999999982
2037,3B004CDB63,538-2025-02-12,2025-02-12 13:26:30.464,0.0918532097116226,0.0019023547907978178,0.04400000000000004
2038,01103FD2E8,540-2025-02-12,2025-02-12 13:27:44.464,0.1351020275151478,0.008047943712076676,0.04300000000000015
2039,01103FD2E8,543-2025-02-12,2025-02-12 13:28:44.463,0.1450978894709438,0.01135537281559541,0.05699999999999994
2040,3B00186448,545-2025-02-12,2025-02-12 13:29:18.463,0.1480863462594557,0.027632451656439353,0.07299999999999995
2041,3B0018C2F6,549-2025-02-12,2025-02-12 13:30:00.463,0.1329943310962061,0.024700142197438397,0.05400000000000027
2042,3B00199DE5,552-2025-02-12,2025-02-12 13:30:13.463,0.0965947302351746,0.003961421665435346,0.06900000000000006
2043,3B0018F763,553-2025-02-12,2025-02-12 13:30:23.465,0.1067231783768304,0.006343735673521165,0.039000000000000146
2044,3B0019B8CC,554-2025-02-12,2025-02-12 13:30:40.464,0.1540612059399422,0.010452794983374133,0.04299999999999993
2045,0700ED9568,556-2025-02-12,2025-02-12 13:31:06.464,0.153827234463089,0.017812336711179884,0.03299999999999992
2046,3B0018C2F6,557-2025-02-12,2025-02-12 13:31:12.465,0.1500125646148875,0.024909521477435418,0.05400000000000005
2047,3B00199DE5,563-2025-02-12,2025-02-12 13:34:59.465,0.0974596946392911,0.01220131520092795,0.05399999999999994
2048,3B00199DE5,567-2025-02-12,2025-02-12 13:35:51.465,0.0973493450306764,0.012105962722905482,0.05300000000000038
2049,3B004CDB63,570-2025-02-12,2025-02-12 13:36:36.464,0.0918532097116226,0.012636802932543866,0.051000000000000045
2050,3B004ACEEA,571-2025-02-12,2025-02-12 13:36:53.465,0.1340366575653846,0.01020767846010821,0.052000000000000046
2051,3B00484043,572-2025-02-12,2025-02-12 13:39:22.465,0.0938208148313449,0.012679873256992396,0.0519999999999996
2052,01103F97C4,574-2025-02-12,2025-02-12 13:40:24.466,0.1625892396718296,0.021913168639735758,0.06700000000000017
2053,3B001877B5,576-2025-02-12,2025-02-12 13:40:38.466,0.1700471300871984,0.024178363894158318,0.07200000000000006
2054,3B00191394,578-2025-02-12,2025-02-12 13:41:55.467,0.0979645594476272,0.011380660513643389,0.07900000000000001
2055,01103F97C4,580-2025-02-12,2025-02-12 13:42:33.468,0.1644418144177855,0.011571937937157776,0.04300000000000015
2056,3B00191394,582-2025-02-12,2025-02-12 13:43:10.468,0.0979645594476272,0.003104180608495213,0.064
2057,3B00185CB8,583-2025-02-12,2025-02-12 13:43:26.468,0.0985461603137759,0.0016875474730573125,0.029000000000000026
2058,01103FD532,587-2025-02-12,2025-02-12 13:45:17.469,0.1724878927364887,4.989999301687356e-05,0.0040000000000000036
2059,01103F97C4,588-2025-02-12,2025-02-12 13:45:42.469,0.1662048100302387,0.012644860143701973,0.04699999999999971
2060,01103FD532,589-2025-02-12,2025-02-12 13:47:14.470,0.1724878927364887,0.029728294206797536,0.051000000000000045
2061,3B0019F652,591-2025-02-12,2025-02-12 13:48:47.470,0.0885024370460512,0.0021171921272659425,0.04899999999999993
2062,01103FD532,594-2025-02-12,2025-02-12 13:50:55.471,0.1726659886387364,0.02624235561344936,0.0479999999999996
2063,3B004CA42C,597-2025-02-12,2025-02-12 13:52:26.472,0.1677536774245293,0.0007881031047185858,0.04499999999999993
2064,01103FD532,598-2025-02-12,2025-02-12 13:52:27.471,0.1724878927364887,0.005039317196150816,0.06499999999999997
2065,3B001877B5,600-2025-02-12,2025-02-12 13:53:01.471,0.1686150789265885,0.02659607541427985,0.05699999999999994
2066,3B0018F763,603-2025-02-12,2025-02-12 13:55:16.473,0.0762656505320915,0.008111270070949524,0.04599999999999982
2067,3B00186448,609-2025-02-12,2025-02-12 13:56:33.474,0.1457608936362199,0.022458679523700235,0.07600000000000007
2068,3B0049A710,611-2025-02-12,2025-02-12 13:59:58.477,0.0978253008284427,0.013606475422224642,0.07800000000000007
2069,3B0018D520,613-2025-02-12,2025-02-12 14:01:27.476,0.092221699759345,0.013272512889847866,0.05699999999999994
2070,3B00182DFC,617-2025-02-12,2025-02-12 14:03:01.476,0.0960316735637713,0.014793357818240368,0.050999999999999934
2071,3B001877B5,619-2025-02-12,2025-02-12 14:03:58.478,0.1720534263134757,0.02569866685966592,0.06900000000000006
2072,01103F88A1,620-2025-02-12,2025-02-12 14:04:09.477,0.1192401311160238,0.01246537963863794,0.05500000000000005
2073,3B001857EE,621-2025-02-12,2025-02-12 14:04:19.477,0.1069375408356136,0.013374969140432652,0.07200000000000001
2074,3B0018C2F6,622-2025-02-12,2025-02-12 14:04:23.477,0.1500125646148875,0.024784534099968666,0.07399999999999995
2075,3B004C4B80,623-2025-02-12,2025-02-12 14:04:52.478,0.1023562086436667,0.014375082184733486,0.056999999999999995
2076,3B001877B5,624-2025-02-12,2025-02-12 14:05:22.477,0.1715462575621826,0.025998881709066692,0.06600000000000006
2077,3B004B0F76,626-2025-02-12,2025-02-12 14:05:30.477,0.1599113396077151,0.026274596021161865,0.06899999999999995
2078,3B0019B8CC,627-2025-02-12,2025-02-12 14:05:46.478,0.1540612059399422,0.027429782252203275,0.059
2079,3B00182DFC,631-2025-02-12,2025-02-12 14:06:57.478,0.0960316735637713,0.01542590937258107,0.06400000000000006
2080,3B004ACEEA,633-2025-02-12,2025-02-12 14:07:16.478,0.1340366575653846,0.009620707236146999,0.040999999999999925
2081,3B001857EE,634-2025-02-12,2025-02-12 14:07:33.480,0.0834248765840516,0.00795284022157176,0.052000000000000046
2082,3B0018C2F6,635-2025-02-12,2025-02-12 14:08:12.478,0.1537419570955761,0.025946270489249745,0.053999999999999826
2083,3B001877B5,637-2025-02-12,2025-02-12 14:08:19.480,0.1720790658902546,0.021292020887109096,0.06600000000000006
2084,3B00182DFC,638-2025-02-12,2025-02-12 14:08:30.479,0.106054753675951,0.014602371201945259,0.051000000000000156
2085,3B0049A710,639-2025-02-12,2025-02-12 14:08:46.478,0.0981233762583306,0.013692953464091355,0.04499999999999993
2086,3B0018C2F6,640-2025-02-12,2025-02-12 14:09:11.480,0.1584137487012793,0.020199780543293792,0.05500000000000005
2087,3B0018F763,642-2025-02-12,2025-02-12 14:13:12.477,0.1094391649153988,0.014018730448461119,0.06099999999999994
2088,3B0019248A,643-2025-02-12,2025-02-12 14:13:23.474,0.1238041149837782,0.006383273083636596,0.038000000000000034
2089,3B0018C2F6,645-2025-02-12,2025-02-12 14:13:38.473,0.1500125646148875,0.024614388229695843,0.05800000000000005
2090,3B00191394,648-2025-02-12,2025-02-12 14:14:09.471,0.0979645594476272,0.009477491320651671,0.05800000000000005
2091,011016B2E1,650-2025-02-12,2025-02-12 14:14:45.469,0.097949901711879,0.014588943835424468,0.051000000000000045
2092,011016B2E1,654-2025-02-12,2025-02-12 14:15:43.467,0.0988385374960322,0.012868122714434018,0.05599999999999994
2093,3B00191394,656-2025-02-12,2025-02-12 14:15:54.466,0.0979645594476272,0.011543570470391746,0.04899999999999999
2094,3B00199DE5,658-2025-02-12,2025-02-12 14:16:35.463,0.1085900641703506,0.0017169236036878555,0.030000000000000027
2095,3B00199DE5,659-2025-02-12,2025-02-12 14:16:44.463,0.0978076716640352,0.011680611880526675,0.051000000000000156
2096,3B00182A81,660-2025-02-12,2025-02-12 14:16:49.462,0.0966136604635607,0.013185911999967449,0.06600000000000006
2097,3B001870F2,662-2025-02-12,2025-02-12 14:18:06.461,0.097288283165874,0.012909854479077951,0.051000000000000156
2098,01103FD2E8,663-2025-02-12,2025-02-12 14:18:13.461,0.1450978894709437,0.030188349949231173,0.05800000000000005
2099,3B001857EE,664-2025-02-12,2025-02-12 14:18:16.461,0.0788165815374592,0.007693640430702868,0.046999999999999986
2100,3B00186448,665-2025-02-12,2025-02-12 14:18:31.462,0.1210186973262298,0.028757774015030182,0.07200000000000006
2101,3B00484043,666-2025-02-12,2025-02-12 14:18:44.460,0.0952142689321032,0.004646042489698809,0.06800000000000006
2102,3B0018D520,667-2025-02-12,2025-02-12 14:19:06.460,0.0967763563862768,0.0044102332861889635,0.04000000000000001
2103,3B004CA42C,668-2025-02-12,2025-02-12 14:19:12.461,0.1078656181881558,0.005072972166258958,0.04700000000000015
2104,3B0048BD5D,670-2025-02-12,2025-02-12 14:19:40.459,0.0897117482341589,0.010142973368922349,0.06499999999999995
2105,3B004CA42C,671-2025-02-12,2025-02-12 14:24:13.458,0.1091980521542947,0.014290914337777277,0.05500000000000005
2106,3B001857EE,673-2025-02-12,2025-02-12 14:24:22.457,0.1069375408356136,0.0054025430441291605,0.04199999999999998
2107,3B004C4B80,678-2025-02-12,2025-02-12 14:25:39.458,0.1100713977634434,0.01268754524639411,0.052999999999999936
2108,3B00186448,679-2025-02-12,2025-02-12 14:26:01.456,0.1499705050319191,0.024218988860146267,0.07099999999999995
2109,3B0019B8CC,681-2025-02-12,2025-02-12 14:26:24.458,0.1540612059399422,0.009084061812737762,0.038999999999999924
2110,011016B2E1,682-2025-02-12,2025-02-12 14:26:28.457,0.097949901711879,0.015715059989779855,0.04699999999999993
2111,3B00484043,684-2025-02-12,2025-02-12 14:27:06.457,0.093982288132845,0.002993820279813461,0.08299999999999974
2112,3B00186448,686-2025-02-12,2025-02-12 14:27:26.457,0.1270411621405178,0.02873028060648662,0.07400000000000007
2113,3B0019B8CC,687-2025-02-12,2025-02-12 14:27:39.457,0.1540612059399422,0.027399508522673668,0.050000000000000044
2114,3B004CDB63,693-2025-02-12,2025-02-12 14:28:53.457,0.0918532097116226,0.013977883987486615,0.055999999999999994
2115,01103F97C4,694-2025-02-12,2025-02-12 14:28:58.457,0.1676441888996202,0.024036540487431833,0.07400000000000029
2116,01103FD2E8,695-2025-02-12,2025-02-12 14:29:05.457,0.1450978894709437,0.02795945682412858,0.07899999999999974
2117,3B001857EE,697-2025-02-12,2025-02-12 14:29:38.457,0.1069375408356136,0.0074296169162546746,0.04500000000000015
2118,3B0018C2F6,699-2025-02-12,2025-02-12 14:29:56.457,0.1500125646148875,0.024806284054585556,0.07199999999999995
2119,3B00182A81,701-2025-02-12,2025-02-12 14:30:27.457,0.1200314724929308,0.011648079073347325,0.04700000000000004
2120,3B0018A99B,702-2025-02-12,2025-02-12 14:30:46.457,0.0883273548306758,0.003614644219499254,0.03400000000000003
2121,3B004CC5C5,704-2025-02-12,2025-02-12 14:30:52.457,0.1149927026764902,0.00967654389014576,0.04400000000000004
2122,01103F9A64,705-2025-02-12,2025-02-12 14:31:58.457,0.1729850530043379,0.03325692877992033,0.054999999999999716
2123,01103FD532,709-2025-02-12,2025-02-12 14:32:45.459,0.1724878927364887,0.01702756595205839,0.05799999999999983
2124,3B004B0F76,710-2025-02-12,2025-02-12 14:32:47.457,0.1599113396077151,3.1950977012290634e-05,0.008000000000000007
2125,01103F9A64,712-2025-02-12,2025-02-12 14:33:26.458,0.1892092603376109,0.031086677828374383,0.05500000000000016
2126,3B0018C2F6,716-2025-02-12,2025-02-12 14:34:04.457,0.1500125646148875,0.029379602172513702,0.07399999999999984
2127,3B0019F652,717-2025-02-12,2025-02-12 14:34:07.457,0.0885024370460512,0.008468510339257253,0.07099999999999998
2128,3B001877B5,719-2025-02-12,2025-02-12 14:34:26.458,0.1667733794043229,0.025922018859624998,0.06499999999999995
2129,01103FD532,720-2025-02-12,2025-02-12 14:34:37.459,0.1724878927364887,0.02982911230928441,0.05600000000000005
2130,0700ED9568,722-2025-02-12,2025-02-12 14:34:53.457,0.1528441242836287,0.022216466172149243,0.06999999999999984
2131,3B0018C2F6,723-2025-02-12,2025-02-12 14:35:29.459,0.1515393001645649,0.026343558380498254,0.05699999999999994
2132,01103FD532,724-2025-02-12,2025-02-12 14:35:32.458,0.1724878927364887,0.021515324206320543,0.05399999999999994
2133,3B004C0894,725-2025-02-12,2025-02-12 14:35:41.460,0.107373211583945,0.01223930828306779,0.07099999999999995
2134,3B001877B5,726-2025-02-12,2025-02-12 14:35:48.458,0.1720534263134757,0.02089299242792923,0.05600000000000005
2135,3B004C4B80,727-2025-02-12,2025-02-12 14:35:57.459,0.1023562086436667,0.010976890066895346,0.07000000000000003
2136,3B001857EE,730-2025-02-12,2025-02-12 14:36:25.459,0.1069375408356136,0.005557592069436658,0.04299999999999993
2137,3B00186448,733-2025-02-12,2025-02-12 14:36:58.459,0.136908973767688,0.028637242834657378,0.07200000000000006
2138,3B0018C2F6,734-2025-02-12,2025-02-12 14:37:06.459,0.1500125646148875,0.025930553760255742,0.05399999999999999
2139,3B001857EE,735-2025-02-12,2025-02-12 14:37:28.460,0.0832269650930904,0.0072446845379372515,0.04600000000000004
2140,3B004CDB63,736-2025-02-12,2025-02-12 14:38:22.461,0.0918532097116226,0.004132326524042274,0.068
2141,3B004C4B80,737-2025-02-12,2025-02-12 14:38:29.459,0.1023562086436667,0.006511215834353139,0.06899999999999995
2142,3B00192E1E,738-2025-02-12,2025-02-12 14:39:15.460,0.0977611134081493,0.004466150486707509,0.06499999999999995
2143,3B004C4B80,739-2025-02-12,2025-02-12 14:39:39.459,0.1023562086436667,0.006505154951580052,0.06099999999999994
2144,3B00182DFC,741-2025-02-12,2025-02-12 14:40:21.462,0.0960316735637713,0.013960221742239626,0.07099999999999995
2145,3B00192E1E,742-2025-02-12,2025-02-12 14:40:26.461,0.1049138643041158,0.01164491947860512,0.04800000000000004
2146,3B004CC5C5,743-2025-02-12,2025-02-12 14:40:42.460,0.1149927026764903,0.002738394679982957,0.03400000000000003
2147,01103F9A64,744-2025-02-12,2025-02-12 14:41:28.460,0.1892092603376109,0.022572886113716585,0.06499999999999995
2148,3B00484043,746-2025-02-12,2025-02-12 14:41:51.460,0.0938208148313449,0.004333042427985194,0.07
2149,3B0019B8CC,750-2025-02-12,2025-02-12 14:42:14.462,0.1540612059399422,0.009949285380962791,0.041999999999999815
2150,3B0018C2F6,752-2025-02-12,2025-02-12 14:42:31.461,0.1458459642489182,0.02591983757768683,0.07399999999999995
2151,3B004CDB63,753-2025-02-12,2025-02-12 14:42:50.463,0.0918532097116226,0.020357952337491263,0.07200000000000001
2152,01103F9A64,754-2025-02-12,2025-02-12 14:42:55.461,0.1892092603376109,0.02841756927144363,0.05899999999999994
2153,0700ED9568,756-2025-02-12,2025-02-12 14:43:03.461,0.153827234463089,0.023455438982488884,0.07100000000000001
2154,3B00192E1E,760-2025-02-12,2025-02-12 14:43:53.461,0.1049138643041158,0.005021740177129406,0.042999999999999705
2155,3B0018C2F6,761-2025-02-12,2025-02-12 14:43:56.461,0.1577560206036929,0.02520123103204923,0.052000000000000046
2156,3B001877B5,763-2025-02-12,2025-02-12 14:44:46.463,0.1709965752498871,0.026021269336924405,0.06700000000000017
2157,3B0018C2F6,764-2025-02-12,2025-02-12 14:45:00.463,0.1582360637089297,0.025297884660502472,0.054999999999999716
2158,3B0018A99B,765-2025-02-12,2025-02-12 14:45:15.462,0.0883273548306758,0.005149258928386492,0.041000000000000036
2159,3B0018C2F6,768-2025-02-12,2025-02-12 14:46:11.462,0.1567123142016006,0.026708029898026658,0.05600000000000005
2160,3B00186448,769-2025-02-12,2025-02-12 14:46:25.463,0.1384723193694039,0.026335986422058727,0.07200000000000006
2161,3B001877B5,770-2025-02-12,2025-02-12 14:46:36.464,0.1720534263134757,0.022884873970513295,0.06400000000000006
2162,3B0019B8CC,771-2025-02-12,2025-02-12 14:46:59.464,0.1540612059399422,0.001148983270364133,0.017000000000000015
2163,3B001877B5,772-2025-02-12,2025-02-12 14:47:45.462,0.171445309521748,0.02604982914159615,0.06699999999999995
2164,3B0018A99B,773-2025-02-12,2025-02-12 14:47:49.464,0.0883273548306758,0.003659370909158005,0.07300000000000001
2165,3B004C4B80,777-2025-02-12,2025-02-12 14:49:33.463,0.1023562086436667,0.012456760820172628,0.06399999999999995
2166,3B001870F2,778-2025-02-12,2025-02-12 14:49:41.464,0.0967317133589356,0.004710989421818005,0.04300000000000015
2167,3B0018A99B,779-2025-02-12,2025-02-12 14:49:59.464,0.0883273548306758,0.004563729632749834,0.040000000000000036
2168,3B0018F763,780-2025-02-12,2025-02-12 14:50:03.464,0.1094391649153988,0.006425266997112076,0.04200000000000004
2169,3B0018F763,784-2025-02-12,2025-02-12 14:51:05.465,0.108445253317138,0.006810392754059597,0.04400000000000004
2170,3B004C0894,786-2025-02-12,2025-02-12 14:51:33.465,0.1036532827220842,0.010969493326919056,0.07099999999999995
2171,01103FD532,787-2025-02-12,2025-02-12 14:51:48.465,0.1757613827211684,0.023183919441292052,0.07000000000000006
2172,3B004C4B80,788-2025-02-12,2025-02-12 14:51:55.465,0.0829047202018031,0.001786141872744546,0.052000000000000046
2173,3B0018F763,789-2025-02-12,2025-02-12 14:52:05.465,0.1094391649153988,0.01393256563766799,0.04999999999999999
2174,3B004CA42C,791-2025-02-12,2025-02-12 14:52:28.465,0.0844975273170931,0.008241972136433705,0.050999999999999934
2175,0700ED9568,792-2025-02-12,2025-02-12 14:52:47.466,0.156628537789256,0.023587532941991448,0.07200000000000006
2176,01103FD532,793-2025-02-12,2025-02-12 14:53:12.466,0.1750640643430131,0.022174505844099964,0.05600000000000005
2177,3B0018F763,795-2025-02-12,2025-02-12 14:54:07.466,0.1094391649153988,0.0068851046083549545,0.04300000000000015
2178,01103F97C4,797-2025-02-12,2025-02-12 14:54:20.465,0.1676441888996202,0.007467160178903652,0.041999999999999815
2179,01103F97C4,799-2025-02-12,2025-02-12 14:56:41.467,0.164883551435207,0.025514308541228162,0.05500000000000016
2180,01103F97C4,802-2025-02-12,2025-02-12 14:57:59.467,0.1679166657524268,0.010533944542400744,0.04499999999999993
2181,3B00484043,804-2025-02-12,2025-02-12 15:01:46.469,0.0938208148313449,0.00208476732588381,0.06499999999999997
2182,3B004CDB63,805-2025-02-12,2025-02-12 15:02:11.470,0.0980950187612168,0.00361077082953015,0.08899999999999997
2183,3B001857EE,806-2025-02-12,2025-02-12 15:03:13.471,0.1069375408356136,0.001122028073415736,0.025000000000000022
2184,3B004C0894,807-2025-02-12,2025-02-12 15:04:00.470,0.107373211583945,0.004482485955557595,0.03699999999999998
2185,3B00186448,825-2025-02-12,2025-02-12 15:08:00.473,0.1327343114617697,0.019673718543795102,0.06699999999999995
2186,3B001870F2,826-2025-02-12,2025-02-12 15:08:04.472,0.0967317133589356,0.0054035187831249,0.039999999999999925
2187,3B004C4B80,829-2025-02-12,2025-02-12 15:08:37.472,0.1129433145554005,0.00431239913730904,0.04999999999999982
2188,3B0018C2F6,830-2025-02-12,2025-02-12 15:08:43.473,0.1593823547989908,0.021208976815807034,0.05699999999999994
2189,3B004C0894,832-2025-02-12,2025-02-12 15:09:38.474,0.1037383786633429,0.011130298150874846,0.07099999999999995
2190,3B0019F652,834-2025-02-12,2025-02-12 15:10:07.473,0.0885024370460512,0.0015626118594126504,0.04199999999999998
2191,3B0018C2F6,836-2025-02-12,2025-02-12 15:10:37.474,0.1593529852218729,0.02412696803533726,0.05300000000000038
2192,3B00192E1E,837-2025-02-12,2025-02-12 15:10:42.474,0.1049138643041158,0.00039606458460739245,0.026999999999999913
2193,3B004C4B80,838-2025-02-12,2025-02-12 15:10:51.474,0.0817775750236763,0.008336481819286085,0.062000000000000055
2194,3B00199DE5,844-2025-02-12,2025-02-12 15:11:49.473,0.1085900641703506,0.0038826437371323567,0.056999999999999995
2195,3B0018C2F6,847-2025-02-12,2025-02-12 15:13:26.467,0.1479024408230025,0.023494041120981534,0.05600000000000005
2196,3B004ACEEA,848-2025-02-12,2025-02-12 15:13:29.466,0.1340366575653846,0.010960521768778417,0.04099999999999998
2197,3B00191394,853-2025-02-12,2025-02-12 15:15:27.461,0.0979645594476272,0.013763148262059054,0.050999999999999934
2198,3B00182DFC,855-2025-02-12,2025-02-12 15:16:13.458,0.1060455530694717,0.013230078148324468,0.06899999999999995
2199,3B0019F652,856-2025-02-12,2025-02-12 15:16:40.457,0.0756914091375593,0.0028390987220296145,0.07
2200,3B0018D520,858-2025-02-12,2025-02-12 15:16:53.456,0.0999360625844183,0.0033955597139636706,0.06199999999999983
2201,3B0018D520,859-2025-02-12,2025-02-12 15:17:00.456,0.1002530583814174,0.012008310262661739,0.07800000000000007
2202,01103FD532,862-2025-02-12,2025-02-12 15:18:01.456,0.1766563553901008,0.009506701324973981,0.043999999999999595
2203,3B004ACEEA,863-2025-02-12,2025-02-12 15:18:07.456,0.0999393583845667,0.0019671357261167094,0.06099999999999997
2204,3B0018D520,864-2025-02-12,2025-02-12 15:18:12.457,0.0967763563862768,0.004268845100807336,0.05999999999999997
2205,3B0019B8CC,865-2025-02-12,2025-02-12 15:18:16.457,0.1540612059399422,0.010059518379547694,0.039999999999999925
2206,3B004C4B80,867-2025-02-12,2025-02-12 15:18:26.455,0.1023562086436667,0.002447206529280185,0.04500000000000004
2207,01103F9A64,868-2025-02-12,2025-02-12 15:18:40.456,0.179105862743442,0.024333316330856766,0.06599999999999984
2208,01103F9A64,869-2025-02-12,2025-02-12 15:19:18.456,0.1892092603376109,0.02508314181542345,0.05399999999999994
2209,3B00186A36,871-2025-02-12,2025-02-12 15:19:49.455,0.092288488712522,0.003180741659366085,0.08200000000000007
2210,3B00186448,873-2025-02-12,2025-02-12 15:20:58.456,0.1674639413648408,0.02599714454986581,0.05900000000000016
2211,01103FD532,874-2025-02-12,2025-02-12 15:21:19.454,0.1724878927364887,0.02242367591027086,0.06200000000000028
2212,01103F97C4,877-2025-02-12,2025-02-12 15:21:55.454,0.1678110279658173,0.010495368554500124,0.040000000000000036
2213,3B00186448,878-2025-02-12,2025-02-12 15:22:21.454,0.1499705050319192,0.02652199653457115,0.07500000000000007
2214,3B0018C2F6,883-2025-02-12,2025-02-12 15:24:56.455,0.1628550342596065,0.019690303302735964,0.06800000000000006
2215,01103F9A64,884-2025-02-12,2025-02-12 15:25:26.453,0.1764050728756512,0.025887224978834285,0.05900000000000016
2216,3B00186448,885-2025-02-12,2025-02-12 15:25:36.454,0.1499705050319191,0.023527950445754304,0.06999999999999984
2217,3B0018A99B,886-2025-02-12,2025-02-12 15:25:40.454,0.0986143226589296,0.00538972373596031,0.03699999999999992
2218,3B0019248A,887-2025-02-12,2025-02-12 15:25:45.454,0.1238041149837782,0.00656320066443317,0.04500000000000015
2219,3B004C0894,889-2025-02-12,2025-02-12 15:26:09.454,0.107373211583945,0.00282764783803735,0.03399999999999981
2220,3B001870F2,892-2025-02-12,2025-02-12 15:27:00.454,0.0967317133589356,0.01722579508335288,0.09499999999999997
2221,01101763D0,894-2025-02-12,2025-02-12 15:27:52.453,0.1497460806109001,0.0071036462798899904,0.038000000000000034
2222,3B0018C2F6,897-2025-02-12,2025-02-12 15:29:47.453,0.1500125646148875,0.02501991987873923,0.05300000000000016
2223,3B0018C2F6,899-2025-02-12,2025-02-12 15:31:39.453,0.1630684626723879,0.02425731678979649,0.05200000000000049
2224,01103F88A1,900-2025-02-12,2025-02-12 15:32:25.453,0.1192401311160238,0.013447944783686955,0.053999999999999826
2225,3B0018D520,901-2025-02-12,2025-02-12 15:32:37.454,0.0999097668226239,0.0044757983148033115,0.052000000000000046
2226,3B00199DE5,903-2025-02-12,2025-02-12 15:39:14.455,0.0993018511454811,0.008102097356153764,0.06199999999999939
2227,3B00199DE5,905-2025-02-12,2025-02-12 15:40:20.456,0.0992039594950815,0.01058510253065299,0.05799999999999983
2228,3B0018F763,908-2025-02-12,2025-02-12 15:42:00.457,0.1094391649153988,0.012665951774997937,0.06
2229,3B0019F652,909-2025-02-12,2025-02-12 15:42:16.457,0.0885024370460512,0.011443979843316606,0.06900000000000017
2230,3B0019B8CC,911-2025-02-12,2025-02-12 15:42:45.457,0.1540612059399422,0.02789220462359942,0.05600000000000005
2231,3B00182A81,912-2025-02-12,2025-02-12 15:42:50.456,0.1200314724929308,0.012241205049527342,0.04700000000000004
2232,3B004CA42C,915-2025-02-12,2025-02-12 15:43:18.457,0.1078656181881558,0.014854584485869222,0.05800000000000005
2233,01103FD2E8,916-2025-02-12,2025-02-12 15:43:40.457,0.1450978894709438,0.02155511025399046,0.05899999999999994
2234,3B0018C2F6,917-2025-02-12,2025-02-12 15:44:13.457,0.15810608299469,0.023902251641378245,0.052999999999999936
2235,3B0019B8CC,918-2025-02-12,2025-02-12 15:44:42.457,0.1540612059399422,0.029085668656409963,0.05500000000000016
2236,3B00484043,920-2025-02-12,2025-02-12 15:45:26.458,0.0960811615285159,0.011722779584599136,0.052000000000000046
2237,3B0018C2F6,922-2025-02-12,2025-02-12 15:47:27.459,0.1579728111068848,0.022995862471648087,0.06099999999999994
2238,3B0018F763,924-2025-02-12,2025-02-12 15:50:30.460,0.1094391649153988,0.011905793058446898,0.05700000000000005
2239,3B001870F2,926-2025-02-12,2025-02-12 15:51:19.460,0.0967317133589356,0.01338983280827078,0.07500000000000001
2240,3B00186448,927-2025-02-12,2025-02-12 15:51:29.460,0.1499705050319192,0.026429793889324715,0.069
2241,3B004CC5C5,928-2025-02-12,2025-02-12 15:51:41.461,0.1149927026764902,0.009627853555279153,0.049000000000000044
2242,3B0018D520,929-2025-02-12,2025-02-12 15:52:07.461,0.0985217248679199,0.012288810561879852,0.07199999999999984
2243,3B004C4B80,930-2025-02-12,2025-02-12 15:52:13.460,0.1023562086436667,0.012378711654220005,0.08799999999999997
2244,3B00186448,932-2025-02-12,2025-02-12 15:53:08.462,0.1499705050319191,0.02649368012203108,0.064
2245,3B001870F2,933-2025-02-12,2025-02-12 15:55:11.464,0.1071399662731159,0.005643567974609419,0.06900000000000017
2246,3B004ACEEA,934-2025-02-12,2025-02-12 15:55:20.463,0.1340366575653846,0.011211215763842791,0.03500000000000003
2247,3B004CA42C,937-2025-02-12,2025-02-12 15:56:54.462,0.1103183580060573,0.015488779577651143,0.052999999999999936
2248,3B0019F652,938-2025-02-12,2025-02-12 15:57:17.463,0.0885024370460512,0.009591851109264932,0.04800000000000004
2249,3B00192E1E,939-2025-02-12,2025-02-12 15:57:32.462,0.1049138643041158,0.013032497198577745,0.04899999999999993
2250,3B00484043,942-2025-02-12,2025-02-12 15:58:18.464,0.0938208148313449,0.004602872414452534,0.069
2251,3B00182A81,945-2025-02-12,2025-02-12 16:06:37.467,0.0981006282931636,0.012146467880315174,0.04799999999999982
2252,3B00182A81,946-2025-02-12,2025-02-12 16:07:54.469,0.1200314724929308,0.010125165013094206,0.04899999999999993
2253,3B0019B8CC,948-2025-02-12,2025-02-12 16:08:17.468,0.1643448123049442,0.026883703079894856,0.053999999999999826
2254,3B0019F652,951-2025-02-12,2025-02-12 16:09:10.468,0.088214312543012,0.010431400150740672,0.05799999999999983
2255,3B0018F763,952-2025-02-12,2025-02-12 16:09:36.467,0.1092473818819791,0.013904386668843562,0.05400000000000005
2256,3B001870F2,954-2025-02-12,2025-02-12 16:10:43.470,0.0984509269113171,0.011598553130195387,0.052999999999999936
2257,3B001877B5,956-2025-02-12,2025-02-12 16:10:58.468,0.1720534263134757,0.04038691632137228,0.096
2258,01103FD2E8,957-2025-02-12,2025-02-12 16:11:06.468,0.1637523578403979,0.02768700939698999,0.07600000000000007
2259,3B004CD4DE,958-2025-02-12,2025-02-12 16:11:10.470,0.1003986183690209,0.015124746668850622,0.052999999999999936
2260,3B00186448,959-2025-02-12,2025-02-12 16:11:26.468,0.1499705050319191,0.029375363787660515,0.08599999999999985
2261,01103FD532,963-2025-02-12,2025-02-12 16:12:32.468,0.1735942515686935,0.030305609575532345,0.057000000000000384
2262,3B004B0F76,964-2025-02-12,2025-02-12 16:12:43.467,0.1599113396077151,0.021357809619902128,0.07199999999999984
2263,3B001870F2,967-2025-02-12,2025-02-12 16:13:25.466,0.0967317133589357,0.011526557720610144,0.07599999999999985
2264,3B0019F652,969-2025-02-12,2025-02-12 16:13:39.465,0.0882594873666144,0.006857651738413276,0.07000000000000006
2265,3B001877B5,971-2025-02-12,2025-02-12 16:14:06.465,0.1720534263134757,0.025318467383589702,0.06999999999999984
2266,3B0018C2F6,973-2025-02-12,2025-02-12 16:14:31.463,0.1475267868591065,0.02449878643844628,0.050000000000000044
2267,3B0019F652,975-2025-02-12,2025-02-12 16:15:09.465,0.0885024370460512,0.008923579329540864,0.07099999999999995
2268,3B001877B5,976-2025-02-12,2025-02-12 16:15:22.462,0.1760827887770468,0.026314759106201575,0.06799999999999984
2269,01103F88A1,980-2025-02-12,2025-02-12 16:16:01.461,0.1192401311160238,0.012286566401396413,0.07000000000000006
2270,01103FD2E8,982-2025-02-12,2025-02-12 16:16:16.461,0.1450978894709437,0.024533215223830562,0.06699999999999995
2271,3B00186448,983-2025-02-12,2025-02-12 16:16:24.461,0.1499705050319192,0.019482694231999824,0.08299999999999996
2272,01101763D0,986-2025-02-12,2025-02-12 16:17:10.459,0.1608910297790173,0.025807835755632464,0.06000000000000005
2273,3B0018C2F6,989-2025-02-12,2025-02-12 16:18:11.458,0.1500125646148875,0.02450524171030975,0.06199999999999983
2274,01103FD532,992-2025-02-12,2025-02-12 16:18:48.458,0.1785012256902457,0.027155408296048865,0.052999999999999936
2275,3B00484043,994-2025-02-12,2025-02-12 16:19:02.458,0.0938208148313449,0.011984742495515096,0.062000000000000055
2276,3B004CC5C5,995-2025-02-12,2025-02-12 16:19:05.459,0.1149927026764902,0.008163046667823652,0.04400000000000004
2277,3B001877B5,996-2025-02-12,2025-02-12 16:19:10.458,0.1739028182939367,0.023524158067944896,0.06699999999999995
2278,01103FD2E8,997-2025-02-12,2025-02-12 16:19:24.458,0.163697145982554,0.030016370965668032,0.05400000000000027
2279,01103FD532,999-2025-02-12,2025-02-12 16:20:06.458,0.1783998766949828,0.02801301998674368,0.04699999999999971
2280,3B0018C2F6,1001-2025-02-12,2025-02-12 16:20:45.456,0.1598943722096916,0.02472522438038168,0.04700000000000015
2281,3B004CD4DE,1006-2025-02-12,2025-02-12 16:36:12.453,0.1003986183690209,0.015832908949426933,0.050000000000000044
2282,3B00199DE5,1011-2025-02-12,2025-02-12 16:57:28.460,0.1007251561663442,0.011719615259300363,0.05699999999999994
2283,3B00199DE5,1013-2025-02-12,2025-02-12 16:59:25.460,0.1009046364668019,0.012013185134233335,0.05500000000000016
2284,3B00199DE5,1014-2025-02-12,2025-02-12 17:00:55.461,0.1014216963862659,0.012800073358106762,0.052000000000000046
2285,3B00199DE5,1015-2025-02-12,2025-02-12 17:01:38.460,0.1003241406117963,0.012477808039759694,0.04899999999999993
2286,3B00199DE5,1016-2025-02-12,2025-02-12 17:02:18.461,0.101328229058166,0.011850200313947736,0.050000000000000044
2287,3B00199DE5,1-2025-02-16,2025-02-16 08:15:34.966,0.1056314595246609,0.01249329374438741,0.07199999999999995
2288,3B00192E1E,4-2025-02-16,2025-02-16 08:17:16.007,0.1049138643041158,0.004085879933343572,0.03400000000000003
2289,3B004CDB63,5-2025-02-16,2025-02-16 08:17:19.011,0.0918532097116226,0.011151754967017645,0.04999999999999999
2290,3B004CDB63,7-2025-02-16,2025-02-16 08:23:59.311,0.0918532097116226,0.01208237315028243,0.043999999999999984
2291,0700ED9568,8-2025-02-16,2025-02-16 08:25:34.313,0.1395414392008801,0.023389159589862586,0.06299999999999994
2292,3B004CDB63,9-2025-02-16,2025-02-16 08:30:58.317,0.0918532097116226,0.01240821557026121,0.04600000000000004
2293,3B004C6A69,10-2025-02-16,2025-02-16 08:32:16.317,0.0859193409323942,0.014114962828800827,0.041999999999999815
2294,0700ED9568,12-2025-02-16,2025-02-16 08:37:48.321,0.1629727087519889,0.022710901454447686,0.049000000000000044
2295,3B00484043,14-2025-02-16,2025-02-16 08:43:30.327,0.0938208148313449,-0.000672111362337908,0.028999999999999915
2296,3B00484043,15-2025-02-16,2025-02-16 08:43:42.326,0.0938208148313449,-0.0005936045093989899,0.03200000000000003
2297,3B0018A99B,16-2025-02-16,2025-02-16 08:46:33.329,0.090805024761969,0.01171456035462904,0.06300000000000006
2298,3B0018F763,17-2025-02-16,2025-02-16 08:46:38.329,0.1094391649153988,0.013002962098842151,0.044999999999999984
2299,3B001870F2,21-2025-02-16,2025-02-16 08:51:51.332,0.1031217791025664,0.0037110488330727013,0.03699999999999992
2300,3B004CC5C5,24-2025-02-16,2025-02-16 08:52:28.334,0.1149927026764902,0.00811824608908776,0.04800000000000004
2301,3B001870F2,27-2025-02-16,2025-02-16 08:53:52.334,0.0938439385257429,0.01390937148395614,0.05300000000000016
2302,3B0018F763,28-2025-02-16,2025-02-16 08:54:17.335,0.1094391649153988,0.012028616595144712,0.051000000000000045
2303,3B0018F763,33-2025-02-16,2025-02-16 09:02:04.340,0.1094391649153988,0.0062323534496023965,0.04399999999999993
2304,3B0049A710,34-2025-02-16,2025-02-16 09:02:37.340,0.0961196086202998,0.013291652362667425,0.08300000000000002
2305,3B00484043,35-2025-02-16,2025-02-16 09:02:46.340,0.0938208148313449,0.000359796289218325,0.016000000000000014
2306,3B00484043,36-2025-02-16,2025-02-16 09:02:56.339,0.0938208148313449,0.004276417901935705,0.07199999999999995
2307,3B0049A710,37-2025-02-16,2025-02-16 09:03:46.341,0.0961196086202998,0.01427577783963159,0.04499999999999993
2308,3B0018F763,40-2025-02-16,2025-02-16 09:07:04.341,0.1094391649153988,0.006946123181294583,0.040999999999999925
2309,0700ED9568,41-2025-02-16,2025-02-16 09:08:17.341,0.1629727087519889,0.02277014815413892,0.07199999999999995
2310,3B00182DFC,42-2025-02-16,2025-02-16 09:08:30.342,0.0982725277354585,0.013068190874957825,0.07699999999999996
2311,3B0019F652,45-2025-02-16,2025-02-16 09:09:54.343,0.0898887910065372,0.006205477505413025,0.06499999999999995
2312,3B0018F763,47-2025-02-16,2025-02-16 09:11:18.343,0.1094391649153988,0.006294706752851129,0.03699999999999998
2313,01103FD2E8,48-2025-02-16,2025-02-16 09:11:44.343,0.1506351749003677,0.02644964153294176,0.050999999999999934
2314,3B00182DFC,49-2025-02-16,2025-02-16 09:11:54.341,0.103894248890132,0.014434020802740621,0.04800000000000004
2315,3B0019F652,50-2025-02-16,2025-02-16 09:12:16.337,0.0824505181912012,0.006548624373988214,0.06800000000000006
2316,01103FD2E8,51-2025-02-16,2025-02-16 09:20:46.293,0.1512461677394279,0.027748590588617783,0.051999999999999824
2317,3B0019F652,55-2025-02-16,2025-02-16 09:25:27.297,0.0898887910065372,0.006400055508658079,0.06099999999999994
2318,01103FD2E8,56-2025-02-16,2025-02-16 09:26:38.297,0.1564586551747172,0.008845968969608133,0.039000000000000146
2319,3B001857EE,57-2025-02-16,2025-02-16 09:29:13.299,0.1069375408356136,0.0052754583540008185,0.04399999999999993
2320,3B001857EE,61-2025-02-16,2025-02-16 09:30:36.301,0.1069375408356136,0.005668650107709276,0.04400000000000004
2321,3B001857EE,62-2025-02-16,2025-02-16 09:31:19.300,0.1069375408356136,0.0042600115037134696,0.039999999999999925
2322,3B001857EE,63-2025-02-16,2025-02-16 09:32:23.300,0.1069375408356136,0.002242387745740091,0.04400000000000004
2323,3B00186448,65-2025-02-16,2025-02-16 09:33:58.302,0.1499705050319192,0.029277219820428888,0.061000000000000165
2324,3B004B0F76,66-2025-02-16,2025-02-16 09:35:38.303,0.1528309936357074,0.022319065612280344,0.07699999999999996
2325,3B00186448,67-2025-02-16,2025-02-16 09:35:43.303,0.1499705050319192,0.025856123693239048,0.07000000000000006
2326,3B00182DFC,68-2025-02-16,2025-02-16 09:35:57.303,0.103894248890132,0.014085014180504993,0.04899999999999993
2327,01103FD2E8,69-2025-02-16,2025-02-16 09:36:26.304,0.1450978894709437,0.011735776268497491,0.051999999999999824
2328,3B001877B5,70-2025-02-16,2025-02-16 09:36:47.303,0.1601262064418183,0.025527671191226845,0.058000000000000274
2329,3B00182DFC,73-2025-02-16,2025-02-16 09:37:07.304,0.103894248890132,0.014239089619318223,0.04800000000000004
2330,3B001877B5,76-2025-02-16,2025-02-16 09:43:41.307,0.1645918676810441,0.024343012662334164,0.07499999999999996
2331,3B0019B8CC,77-2025-02-16,2025-02-16 09:43:45.306,0.1540612059399422,0.02520230717386483,0.05699999999999994
2332,3B004CDB63,78-2025-02-16,2025-02-16 09:44:46.309,0.0918532097116226,0.013702527885590409,0.05999999999999997
2333,0700ED9568,81-2025-02-16,2025-02-16 09:46:04.310,0.1531562604130097,0.024100241466618422,0.07200000000000006
2334,3B001877B5,82-2025-02-16,2025-02-16 09:47:32.310,0.1720534263134757,0.022870504907356967,0.05799999999999983
2335,3B00186448,84-2025-02-16,2025-02-16 09:51:04.311,0.1499705050319191,0.02983225304786302,0.05800000000000005
2336,01103F97C4,86-2025-02-16,2025-02-16 09:54:10.314,0.1676441888996201,0.03315927424337247,0.07599999999999996
2337,3B0019B8CC,87-2025-02-16,2025-02-16 09:54:21.314,0.1540612059399422,0.026112690878858726,0.05399999999999994
2338,3B004CDB63,89-2025-02-16,2025-02-16 09:55:28.314,0.0918532097116226,0.011673493258363681,0.04300000000000015
2339,3B00186448,90-2025-02-16,2025-02-16 09:55:49.315,0.1499705050319192,0.026648157575478604,0.07299999999999995
2340,3B004CA42C,94-2025-02-16,2025-02-16 10:07:58.321,0.0920177479259772,0.011512373187211693,0.06899999999999995
2341,3B0018C2F6,95-2025-02-16,2025-02-16 10:08:28.322,0.1422385076213657,0.02120071527618458,0.07200000000000006
2342,3B0019B8CC,97-2025-02-16,2025-02-16 10:09:20.323,0.1540612059399422,0.025812394827117786,0.05199999999999999
2343,01103F97C4,98-2025-02-16,2025-02-16 10:09:34.323,0.1676441888996201,0.009455573914101451,0.040999999999999925
2344,3B004C6A69,99-2025-02-16,2025-02-16 10:09:36.323,0.0902404697293862,0.014361859026965912,0.07200000000000006
2345,3B0019248A,100-2025-02-16,2025-02-16 10:09:58.323,0.1098430414554017,0.006069263831572103,0.040999999999999925
2346,3B0049A710,101-2025-02-16,2025-02-16 10:10:23.323,0.0956726262907684,0.012528072883068599,0.07200000000000006
2347,01101763D0,106-2025-02-16,2025-02-16 10:12:17.320,0.1583836721440008,0.023075694079061793,0.061
2348,3B0018C2F6,107-2025-02-16,2025-02-16 10:12:27.319,0.1495562409792158,0.020637284751522506,0.04499999999999993
2349,3B0018A99B,108-2025-02-16,2025-02-16 10:12:39.316,0.0883273548306758,0.0018150436306938874,0.026000000000000023
2350,3B004ACEEA,114-2025-02-16,2025-02-16 10:29:52.289,0.1340366575653846,0.010607609596139876,0.04100000000000001
2351,3B004ACEEA,117-2025-02-16,2025-02-16 10:30:49.290,0.1340366575653846,0.013575632637813815,0.045999999999999985
2352,3B001877B5,119-2025-02-16,2025-02-16 10:31:48.290,0.1632129956652283,0.027269963600315604,0.06000000000000005
2353,3B0019F652,120-2025-02-16,2025-02-16 10:31:56.290,0.0898887910065372,0.002104012764914335,0.061
2354,3B004CA42C,124-2025-02-16,2025-02-16 10:35:09.293,0.0999725037240081,0.004064727659786683,0.07000000000000006
2355,3B004C4B80,126-2025-02-16,2025-02-16 10:36:08.294,0.1021802274803077,0.001429283274681491,0.05999999999999994
2356,3B001877B5,128-2025-02-16,2025-02-16 10:36:52.294,0.162848702811806,0.024529277573101783,0.06700000000000017
2357,3B0018C2F6,130-2025-02-16,2025-02-16 10:37:21.293,0.1500125646148875,0.024309507232308746,0.05400000000000005
2358,3B004CA42C,131-2025-02-16,2025-02-16 10:50:39.302,0.1078656181881558,0.012822380003538473,0.08299999999999996
2359,3B001870F2,132-2025-02-16,2025-02-16 10:55:17.305,0.1031217791025664,0.012699308309854117,0.05399999999999994
2360,3B004CA42C,133-2025-02-16,2025-02-16 10:56:22.305,0.1078656181881559,0.01324428405051741,0.050999999999999934
2361,3B00182DFC,134-2025-02-16,2025-02-16 10:58:15.308,0.1052290090320744,0.015036907181989119,0.07899999999999996
2362,3B001877B5,135-2025-02-16,2025-02-16 10:58:26.307,0.1720534263134757,0.02257591802411741,0.06099999999999997
2363,3B0019B8CC,137-2025-02-16,2025-02-16 10:59:23.307,0.1540612059399422,0.027052899563975483,0.051999999999999824
2364,3B0018C6F9,139-2025-02-16,2025-02-16 11:00:09.307,0.0940380930727395,0.013789577752265735,0.04999999999999993
2365,3B004C4B80,140-2025-02-16,2025-02-16 11:00:38.309,0.0999825031221619,0.011615817936778657,0.05999999999999983
2366,3B004CA42C,141-2025-02-16,2025-02-16 11:00:45.309,0.0996948044931413,0.013868462919031805,0.05600000000000005
2367,3B00182DFC,148-2025-02-16,2025-02-16 11:06:17.313,0.103894248890132,0.01422257467139739,0.07999999999999996
2368,3B001877B5,149-2025-02-16,2025-02-16 11:06:23.311,0.1617071241574315,0.023723016458595567,0.06199999999999983
2369,3B004C6A69,153-2025-02-16,2025-02-16 11:07:43.312,0.0947150014015009,0.014263240101043332,0.06299999999999994
2370,3B0019F652,154-2025-02-16,2025-02-16 11:11:27.314,0.0898887910065373,0.006243568305369641,0.06099999999999994
2371,3B001870F2,164-2025-02-16,2025-02-16 11:19:54.271,0.0967246023278972,0.011359002466330757,0.04800000000000004
2372,3B001877B5,165-2025-02-16,2025-02-16 11:22:02.271,0.1664622619216401,0.02375250000222627,0.05300000000000016
2373,3B001857EE,168-2025-02-16,2025-02-16 11:23:19.274,0.0874616167046659,0.00662727735460065,0.04300000000000004
2374,3B001870F2,169-2025-02-16,2025-02-16 11:23:43.274,0.1031217791025664,0.011664132277641761,0.04799999999999993
2375,3B001857EE,170-2025-02-16,2025-02-16 11:24:47.272,0.1069375408356136,0.012355238346380143,0.05199999999999999
2376,3B001877B5,171-2025-02-16,2025-02-16 11:25:05.273,0.1655712121879599,0.02370975782384539,0.07799999999999985
2377,3B004B0F76,172-2025-02-16,2025-02-16 11:25:14.273,0.1599113396077151,0.02239543208801973,0.07200000000000006
2378,3B004CD4DE,173-2025-02-16,2025-02-16 11:25:19.273,0.095072996479498,0.013632258131803611,0.05399999999999999
2379,3B004CDB63,174-2025-02-16,2025-02-16 11:25:23.273,0.0918532097116226,0.010916675703846633,0.04500000000000001
2380,3B001857EE,180-2025-02-16,2025-02-16 11:26:28.274,0.1069375408356136,0.004485873742736572,0.06800000000000006
2381,3B00182DFC,181-2025-02-16,2025-02-16 11:26:59.275,0.103894248890132,0.01393262490658742,0.04600000000000004
2382,01103F97C4,183-2025-02-16,2025-02-16 11:27:30.275,0.1676441888996202,0.025435905493564774,0.049000000000000155
2383,3B00199DE5,185-2025-02-16,2025-02-16 11:28:19.275,0.1056314595246609,0.011165954253838435,0.05400000000000005
2384,3B0018C2F6,187-2025-02-16,2025-02-16 11:31:11.277,0.1500125646148875,0.02473436406365416,0.04700000000000004
2385,0700ED9568,189-2025-02-16,2025-02-16 11:31:55.275,0.1491187198254703,0.02434299441521712,0.06400000000000006
2386,3B0018C2F6,190-2025-02-16,2025-02-16 11:32:55.276,0.1500125646148875,0.02312728753924883,0.07600000000000007
2387,3B0018F763,191-2025-02-16,2025-02-16 11:33:01.277,0.1014936004544976,0.01256483093350689,0.04700000000000015
2388,3B0019B8CC,192-2025-02-16,2025-02-16 11:33:11.277,0.1540612059399422,0.023141031330732986,0.05400000000000005
2389,3B00182DFC,193-2025-02-16,2025-02-16 11:33:59.277,0.103894248890132,0.013970255834522272,0.04700000000000004
2390,3B00182DFC,195-2025-02-16,2025-02-16 11:35:18.278,0.103894248890132,0.013124389305565812,0.068
2391,011016B2E1,196-2025-02-16,2025-02-16 11:35:41.277,0.1000187153551703,0.004311829096918901,0.052000000000000046
2392,3B001870F2,197-2025-02-16,2025-02-16 11:35:49.278,0.1031217791025664,0.00474149322489238,0.03699999999999992
2393,01103F97C4,198-2025-02-16,2025-02-16 11:35:57.279,0.1676441888996202,0.02461539708986783,0.05400000000000005
2394,3B001857EE,199-2025-02-16,2025-02-16 11:36:07.279,0.1069375408356136,0.005109798611976731,0.04300000000000004
2395,3B004ACEEA,200-2025-02-16,2025-02-16 11:36:12.278,0.1340366575653846,0.011456772087595329,0.049000000000000155
2396,3B00182DFC,201-2025-02-16,2025-02-16 11:36:28.280,0.103894248890132,0.012751269614756033,0.04799999999999999
2397,3B0018F763,203-2025-02-16,2025-02-16 11:36:45.279,0.1094391649153988,0.01396166578790996,0.05499999999999999
2398,01103F97C4,205-2025-02-16,2025-02-16 11:37:00.279,0.1676441888996202,0.02524164761016231,0.052000000000000046
2399,011016B2E1,206-2025-02-16,2025-02-16 11:37:09.278,0.1014097522133409,0.0029160830079728813,0.067
2400,3B0018F763,207-2025-02-16,2025-02-16 11:37:23.278,0.1046311740812513,0.011904259031624976,0.04500000000000015
2401,3B0018F763,216-2025-02-16,2025-02-16 11:40:00.281,0.1040026918570767,0.00615317116325724,0.040999999999999925
2402,3B0019B8CC,217-2025-02-16,2025-02-16 11:40:21.279,0.1540612059399422,0.02443289665571451,0.06600000000000006
2403,3B0018A99B,226-2025-02-16,2025-02-16 11:44:07.281,0.0883273548306757,0.005073048400480107,0.04100000000000015
2404,3B0019F652,229-2025-02-16,2025-02-16 11:45:34.282,0.0898887910065372,0.006616239996869505,0.05600000000000005
2405,3B001870F2,230-2025-02-16,2025-02-16 11:45:37.282,0.1031217791025664,0.010166761106754137,0.07700000000000001
2406,3B00182DFC,231-2025-02-16,2025-02-16 11:45:43.282,0.103894248890132,0.013242760265928029,0.04999999999999999
2407,3B0019B8CC,232-2025-02-16,2025-02-16 11:46:00.282,0.1587257442674772,0.00969954210699075,0.04200000000000004
2408,3B00191394,233-2025-02-16,2025-02-16 11:46:09.282,0.0954459791162276,0.010554973012817036,0.050000000000000044
2409,3B001870F2,234-2025-02-16,2025-02-16 11:48:07.284,0.0952674487186366,0.011608329033316508,0.0519999999999996
2410,3B00191394,235-2025-02-16,2025-02-16 11:48:29.283,0.093567794367351,0.011250497850046523,0.04800000000000004
2411,3B004CDB63,236-2025-02-16,2025-02-16 11:48:47.284,0.0918532097116226,0.012191551908287137,0.05599999999999994
2412,3B0019B8CC,237-2025-02-16,2025-02-16 11:49:47.284,0.1540612059399422,0.02711768399271126,0.07999999999999996
2413,011016B2E1,240-2025-02-16,2025-02-16 11:51:12.285,0.0975076489473913,0.010855460652389397,0.07500000000000018
2414,011016B2E1,241-2025-02-16,2025-02-16 11:51:21.285,0.0986694222009024,0.00452590616822211,0.058000000000000274
2415,3B00191394,245-2025-02-16,2025-02-16 11:56:50.287,0.0882780554265318,0.005614051513417566,0.04600000000000004
2416,3B00191394,247-2025-02-16,2025-02-16 11:58:31.289,0.0979645594476272,0.012194680946485223,0.05199999999999999
2417,3B00484043,249-2025-02-16,2025-02-16 12:00:11.289,0.0938208148313449,0.004424531297439797,0.06599999999999984
2418,3B00484043,251-2025-02-16,2025-02-16 12:00:33.288,0.0945043153140113,0.009693260496319158,0.05800000000000005
2419,3B004CA42C,252-2025-02-16,2025-02-16 12:00:37.289,0.1078656181881559,0.013775597576030068,0.05900000000000016
2420,3B001877B5,253-2025-02-16,2025-02-16 12:00:53.289,0.13557332447006,0.025270465087134174,0.07299999999999995
2421,3B001857EE,255-2025-02-16,2025-02-16 12:01:23.291,0.1069375408356136,0.00423395059186255,0.038999999999999924
2422,011016B2E1,256-2025-02-16,2025-02-16 12:02:13.292,0.0985172743518739,0.0018955434486000841,0.07899999999999996
2423,3B004CA42C,257-2025-02-16,2025-02-16 12:02:22.291,0.1078656181881558,0.014308650814104321,0.05400000000000005
2424,3B001877B5,258-2025-02-16,2025-02-16 12:02:50.290,0.1720534263134757,0.023739882172790428,0.062000000000000055
2425,3B004CDB63,261-2025-02-16,2025-02-16 12:04:54.292,0.0918532097116226,0.013360273652404489,0.043999999999999984
2426,3B0019B8CC,266-2025-02-16,2025-02-16 12:05:36.292,0.1540612059399422,0.026348475661845668,0.050999999999999934
2427,011016B2E1,267-2025-02-16,2025-02-16 12:05:45.291,0.1014097522133409,0.0035495561197884475,0.061
2428,01101763D0,270-2025-02-16,2025-02-16 12:07:45.292,0.1583836721440008,0.024744494417715267,0.05900000000000016
2429,3B001870F2,273-2025-02-16,2025-02-16 12:08:21.293,0.1031217791025664,0.01430531303991362,0.04299999999999993
2430,0700ED9568,277-2025-02-16,2025-02-16 12:09:16.293,0.1402489567304195,0.02512040226347102,0.07400000000000007
2431,3B004CD4DE,278-2025-02-16,2025-02-16 12:09:37.293,0.0922910387822333,0.012763110921781057,0.050000000000000044
2432,011016B2E1,280-2025-02-16,2025-02-16 12:10:52.293,0.1014097522133409,0.0009535399655863868,0.039000000000000035
2433,3B001870F2,283-2025-02-16,2025-02-16 12:12:11.293,0.0965471412724314,0.012630499091576671,0.06800000000000006
2434,3B0019F652,284-2025-02-16,2025-02-16 12:12:57.289,0.0853694438041128,0.005900145621831086,0.06800000000000006
2435,3B004CDB63,285-2025-02-16,2025-02-16 12:13:04.289,0.0918532097116226,0.003973822917450101,0.07799999999999996
2436,3B001870F2,286-2025-02-16,2025-02-16 12:13:49.286,0.0970441818229718,0.004061596020525266,0.03600000000000003
2437,3B00199DE5,289-2025-02-16,2025-02-16 12:14:36.284,0.1056314595246609,0.0029855461705862217,0.08599999999999997
2438,3B0019F652,290-2025-02-16,2025-02-16 12:14:46.282,0.0849023831718321,0.0005536902128183175,0.038999999999999924
2439,3B0019B8CC,292-2025-02-16,2025-02-16 12:16:56.274,0.1578569874570687,0.026257491949925302,0.07800000000000007
2440,3B0018C2F6,293-2025-02-16,2025-02-16 12:17:10.274,0.1500125646148875,0.02595334389357105,0.05399999999999994
2441,01103F97C4,294-2025-02-16,2025-02-16 12:17:16.275,0.1676441888996202,0.017904609319554718,0.08099999999999996
2442,01103F88A1,295-2025-02-16,2025-02-16 12:17:38.274,0.1192401311160238,0.010149682200937952,0.062
2443,3B004C4B80,296-2025-02-16,2025-02-16 12:17:50.272,0.1069740477909914,0.0027309053652902543,0.10399999999999998
2444,01103F97C4,299-2025-02-16,2025-02-16 12:19:02.272,0.1676441888996202,0.025113562366640193,0.050999999999999934
2445,3B001857EE,300-2025-02-16,2025-02-16 12:19:36.271,0.0969994484963388,0.00580390612319898,0.04800000000000004
2446,3B004CA42C,301-2025-02-16,2025-02-16 12:20:06.271,0.1078656181881558,0.0030599302231894845,0.08899999999999997
2447,3B00199DE5,302-2025-02-16,2025-02-16 12:20:17.269,0.1056314595246609,0.014592473113817792,0.050999999999999934
2448,3B0018D520,305-2025-02-16,2025-02-16 12:21:25.268,0.0967763563862768,0.001778032900412553,0.08499999999999996
2449,3B0019B8CC,306-2025-02-16,2025-02-16 12:22:18.267,0.1577449877263495,0.009165413836336074,0.040999999999999925
2450,3B00199DE5,307-2025-02-16,2025-02-16 12:22:39.266,0.1031748877710094,0.0032187140752427314,0.03200000000000003
2451,3B00185CB8,308-2025-02-16,2025-02-16 12:23:03.267,0.0961713399170973,0.004678198500245498,0.07600000000000007
2452,3B0019F652,310-2025-02-16,2025-02-16 12:25:22.266,0.0854708958698491,0.006195339936086992,0.07200000000000006
2453,01103F97C4,311-2025-02-16,2025-02-16 12:25:37.267,0.1676441888996202,0.02405384128382455,0.05799999999999983
2454,3B0019B8CC,313-2025-02-16,2025-02-16 12:26:28.267,0.1540612059399421,0.009403114764767136,0.039000000000000035
2455,3B0019F652,315-2025-02-16,2025-02-16 12:27:34.266,0.0851521209159653,0.002409458699520946,0.06499999999999995
2456,01101763D0,317-2025-02-16,2025-02-16 12:28:28.266,0.1582437155436657,0.024062922227308405,0.06400000000000006
2457,3B001870F2,318-2025-02-16,2025-02-16 12:28:45.267,0.1031217791025664,0.012711268238536062,0.052000000000000046
2458,3B001857EE,319-2025-02-16,2025-02-16 12:28:53.268,0.1069375408356136,0.005265778253020887,0.038000000000000034
2459,3B001886D3,321-2025-02-16,2025-02-16 12:29:14.266,0.1017936073083238,0.011974227743976489,0.06899999999999995
2460,3B0018C2F6,322-2025-02-16,2025-02-16 12:29:36.267,0.1534551979392207,0.018636411423887368,0.07299999999999995
2461,3B004CDB63,323-2025-02-16,2025-02-16 12:30:11.267,0.0918532097116226,0.011805484174056718,0.05699999999999994
2462,3B00484043,324-2025-02-16,2025-02-16 12:35:50.268,0.0945194459548207,0.012343454425715047,0.07299999999999995
2463,3B004CD4DE,325-2025-02-16,2025-02-16 12:35:55.268,0.095072996479498,0.012785243160578368,0.07100000000000001
2464,3B001857EE,326-2025-02-16,2025-02-16 12:36:12.270,0.1069375408356136,0.011379681726095225,0.05900000000000005
2465,3B004AB6A7,328-2025-02-16,2025-02-16 12:37:25.270,0.1010865170433355,0.01515842160387375,0.056999999999999995
2466,3B004CDB63,330-2025-02-16,2025-02-16 12:37:45.270,0.0918532097116226,0.015545799856349242,0.05099999999999999
2467,3B00484043,332-2025-02-16,2025-02-16 12:38:20.270,0.0938208148313449,0.016696167367028298,0.06800000000000006
2468,3B0018D520,333-2025-02-16,2025-02-16 12:38:23.270,0.1009611132219881,0.011909274063707322,0.06000000000000005
2469,3B00191394,334-2025-02-16,2025-02-16 12:38:27.270,0.0982531599128217,0.011433085166512286,0.050999999999999934
2470,3B0019248A,335-2025-02-16,2025-02-16 12:39:11.270,0.1098430414554017,0.0151732773192516,0.04199999999999998
2471,3B00182A81,337-2025-02-16,2025-02-16 12:39:57.269,0.1189321598688551,0.01128041547123309,0.05399999999999999
2472,3B004CA42C,338-2025-02-16,2025-02-16 12:40:16.271,0.1063414449322197,0.014176510314530277,0.05500000000000016
2473,3B001870F2,342-2025-02-16,2025-02-16 12:42:39.270,0.096270504848579,0.011942003563428377,0.05400000000000005
2474,01101763D0,345-2025-02-16,2025-02-16 12:43:11.273,0.1610785942539504,0.024272249203586366,0.05599999999999983
2475,3B004C4B80,346-2025-02-16,2025-02-16 12:43:26.271,0.1060470318247747,0.011629504979396651,0.04999999999999982
2476,3B0018C2F6,347-2025-02-16,2025-02-16 12:43:37.272,0.1500125646148875,0.022742793079127348,0.07599999999999996
2477,3B00191394,349-2025-02-16,2025-02-16 12:46:13.273,0.0979645594476272,0.011563280228007693,0.052000000000000046
2478,3B0018A99B,355-2025-02-16,2025-02-16 12:47:41.275,0.0883273548306758,0.004921068599981088,0.038000000000000034
2479,3B0019F652,356-2025-02-16,2025-02-16 12:47:49.274,0.0898887910065372,0.007759142604745082,0.051000000000000045
2480,01103F97C4,357-2025-02-16,2025-02-16 12:48:01.274,0.1676441888996202,0.025184179322336887,0.04800000000000004
2481,3B0018A99B,358-2025-02-16,2025-02-16 12:48:58.274,0.0883273548306758,0.004929440356087717,0.05599999999999983
2482,01103F97C4,360-2025-02-16,2025-02-16 12:49:35.274,0.1676441888996202,0.026757483782438415,0.05099999999999999
2483,3B0018C2F6,361-2025-02-16,2025-02-16 12:50:08.274,0.1542898035859495,0.024928537623352766,0.04699999999999993
2484,3B004C4B80,364-2025-02-16,2025-02-16 12:51:58.275,0.1060021955153034,0.012857554351809599,0.04999999999999999
2485,3B001857EE,366-2025-02-16,2025-02-16 12:53:44.276,0.1009839086077642,0.013519418516496741,0.05300000000000016
2486,3B0018F763,368-2025-02-16,2025-02-16 12:54:40.277,0.1094391649153988,0.00679167093343889,0.044999999999999984
2487,3B00484043,370-2025-02-16,2025-02-16 12:55:37.276,0.0938208148313449,-0.0007970604531224773,0.039999999999999813
2488,3B00484043,371-2025-02-16,2025-02-16 12:55:44.276,0.0938208148313449,0.00039874398748927114,0.026999999999999913
2489,3B0018F763,372-2025-02-16,2025-02-16 12:56:09.278,0.1094391649153988,0.013143275145990391,0.04899999999999993
2490,3B001870F2,375-2025-02-16,2025-02-16 12:58:42.278,0.1007394610708223,0.011755650967813757,0.052000000000000046
2491,011016B2E1,379-2025-02-16,2025-02-16 12:59:39.279,0.0998383133128998,0.004539989518075842,0.052999999999999936
2492,3B0018C2F6,380-2025-02-16,2025-02-16 12:59:50.280,0.1366415727592928,0.026426535329010178,0.07800000000000007
2493,3B004CA42C,382-2025-02-16,2025-02-16 13:00:29.278,0.1078656181881558,0.01331336014035866,0.05900000000000016
2494,011016B2E1,384-2025-02-16,2025-02-16 13:01:13.280,0.0750438585140983,0.004356000576211703,0.040999999999999925
2495,3B0018C2F6,385-2025-02-16,2025-02-16 13:01:28.281,0.1533349095513876,0.023571221326418416,0.05600000000000005
2496,01101763D0,386-2025-02-16,2025-02-16 13:01:44.279,0.1583836721440008,0.024054898628992506,0.063
2497,011016B2E1,387-2025-02-16,2025-02-16 13:01:56.279,0.1004191455062184,0.004678570802682191,0.0389999999999997
2498,3B0018F763,388-2025-02-16,2025-02-16 13:01:58.280,0.1094391649153988,0.00670812240772182,0.044999999999999984
2499,3B00484043,389-2025-02-16,2025-02-16 13:02:15.280,0.0938208148313449,0.00016069320606784923,0.016000000000000014
2500,3B001877B5,390-2025-02-16,2025-02-16 13:02:54.281,0.1720534263134757,0.027003721404867648,0.05800000000000005
2501,3B00182DFC,391-2025-02-16,2025-02-16 13:03:14.280,0.103894248890132,0.01093808097535801,0.050999999999999934
2502,3B004C4B80,392-2025-02-16,2025-02-16 13:03:30.280,0.1060021955153034,0.012078670999150658,0.06099999999999994
2503,3B0018D520,394-2025-02-16,2025-02-16 13:04:26.282,0.0967763563862768,0.011303756452343428,0.07099999999999995
2504,3B004CD4DE,395-2025-02-16,2025-02-16 13:07:30.282,0.095072996479498,0.012518741611798376,0.061000000000000054
2505,3B001886D3,396-2025-02-16,2025-02-16 13:07:38.283,0.102821322718326,0.011997167893162979,0.051000000000000045
2506,3B004CDB63,398-2025-02-16,2025-02-16 13:08:56.285,0.0918532097116226,0.011757276997970323,0.04500000000000004
2507,3B0018A99B,402-2025-02-16,2025-02-16 13:10:20.283,0.0883273548306758,0.005915007383056661,0.04299999999999998
2508,3B00182DFC,407-2025-02-16,2025-02-16 13:12:18.283,0.103894248890132,0.013476929991977266,0.05300000000000005
2509,3B004CA42C,408-2025-02-16,2025-02-16 13:13:19.279,0.1078656181881558,0.012548535104297941,0.08200000000000002
2510,3B00191394,409-2025-02-16,2025-02-16 13:14:40.274,0.0979645594476272,0.01133826821500999,0.04799999999999993
2511,3B004CD4DE,410-2025-02-16,2025-02-16 13:14:59.273,0.095072996479498,0.011846427979530387,0.057999999999999996
2512,3B001886D3,411-2025-02-16,2025-02-16 13:15:18.272,0.102821322718326,0.012308432584540206,0.05099999999999999
2513,3B0019F652,413-2025-02-16,2025-02-16 13:18:11.263,0.0864305531290162,0.007744049880099203,0.07200000000000006
2514,3B004CD4DE,414-2025-02-16,2025-02-16 13:19:08.263,0.0978989118606104,0.0139671815886794,0.04800000000000004
2515,3B001877B5,417-2025-02-16,2025-02-16 13:20:07.263,0.1720534263134757,0.023876915769383094,0.07500000000000018
2516,3B001886D3,419-2025-02-16,2025-02-16 13:21:09.260,0.102821322718326,0.015524244968868138,0.07499999999999996
2517,3B004C4B80,420-2025-02-16,2025-02-16 13:21:41.260,0.1060021955153034,0.0060698842842635175,0.04800000000000004
2518,3B00484043,421-2025-02-16,2025-02-16 13:21:53.260,0.0938208148313449,3.1749799170207425e-05,0.009000000000000119
2519,3B00484043,422-2025-02-16,2025-02-16 13:22:01.262,0.0938208148313449,0.011996879319308231,0.05600000000000005
2520,011016B2E1,425-2025-02-16,2025-02-16 13:23:13.259,0.1014097522133409,0.0001877161806062056,0.040999999999999925
2521,3B0019F652,429-2025-02-16,2025-02-16 13:25:46.259,0.0898887910065372,0.010031587093585459,0.05600000000000005
2522,3B00186448,434-2025-02-16,2025-02-16 13:27:53.259,0.1499705050319192,0.029788072614189268,0.06800000000000006
2523,3B004ACEEA,436-2025-02-16,2025-02-16 13:28:10.259,0.0983201078949983,0.010675849479788653,0.07299999999999995
2524,3B00186448,440-2025-02-16,2025-02-16 13:29:25.260,0.1266928835294717,0.029005431687958806,0.07499999999999996
2525,3B0018C2F6,441-2025-02-16,2025-02-16 13:29:36.259,0.1500125646148875,0.024511074743846263,0.05400000000000005
2526,3B00182DFC,443-2025-02-16,2025-02-16 13:29:47.260,0.1054374004900236,0.014458452281096316,0.0479999999999996
2527,3B001870F2,444-2025-02-16,2025-02-16 13:30:24.260,0.1031217791025664,0.01425773931830841,0.04599999999999982
2528,3B0018F763,445-2025-02-16,2025-02-16 13:30:36.260,0.1094391649153988,0.006891245271338644,0.04800000000000004
2529,01103FD532,447-2025-02-16,2025-02-16 13:30:53.259,0.1725531674907046,0.01810296568655012,0.05099999999999971
2530,3B00484043,448-2025-02-16,2025-02-16 13:31:07.260,0.0959056252971204,0.004141366982624408,0.05999999999999997
2531,01103FD532,450-2025-02-16,2025-02-16 13:32:23.259,0.1647989150504872,0.025688757556712447,0.07200000000000006
2532,01103FD532,454-2025-02-16,2025-02-16 13:32:42.259,0.1709130399977566,0.02248485244170666,0.052000000000000046
2533,3B00191394,455-2025-02-16,2025-02-16 13:32:51.260,0.0948935877844911,0.011325927097797865,0.052999999999999936
2534,3B0018F763,456-2025-02-16,2025-02-16 13:33:15.259,0.1055004245135425,0.005754185862537518,0.04200000000000004
2535,3B004CDB63,460-2025-02-16,2025-02-16 13:36:43.263,0.0918532097116226,0.012578788519866504,0.066
2536,3B00199DE5,461-2025-02-16,2025-02-16 13:37:06.262,0.100594336903787,0.010851340750908486,0.052999999999999936
2537,3B001886D3,463-2025-02-16,2025-02-16 13:41:07.263,0.102314122056178,0.015644996352556482,0.08099999999999996
2538,3B00484043,464-2025-02-16,2025-02-16 13:42:36.264,0.0938208148313449,-0.00045645818491268784,0.041999999999999926
2539,3B004CA42C,467-2025-02-16,2025-02-16 13:43:07.265,0.1078656181881559,0.0028900576408577615,0.09400000000000003
2540,01103FD532,468-2025-02-16,2025-02-16 13:43:18.264,0.1704201009948482,0.02088808982186649,0.05400000000000027
2541,3B001870F2,470-2025-02-16,2025-02-16 13:44:14.264,0.1031217791025664,0.0008751939553943012,0.020999999999999908
2542,01103FD532,474-2025-02-16,2025-02-16 13:45:35.264,0.1724878927364887,0.0279075162927135,0.050000000000000044
2543,3B00182DFC,477-2025-02-16,2025-02-16 13:46:28.265,0.103894248890132,0.012366443047533532,0.061
2544,3B00186448,478-2025-02-16,2025-02-16 13:46:58.265,0.1417322628842058,0.026388764932879814,0.06599999999999984
2545,3B0019B8CC,479-2025-02-16,2025-02-16 13:47:08.266,0.1540612059399422,0.0250235122172126,0.06400000000000006
2546,3B0018A99B,480-2025-02-16,2025-02-16 13:47:29.266,0.0883273548306758,0.005704615083811039,0.040000000000000036
2547,3B00186448,481-2025-02-16,2025-02-16 13:48:15.265,0.1673151067501292,0.022806490083557347,0.05899999999999994
2548,01103FD532,484-2025-02-16,2025-02-16 13:50:04.267,0.1726174786537411,0.02848398682178384,0.051000000000000045
2549,3B00182DFC,488-2025-02-16,2025-02-16 13:51:28.269,0.103894248890132,0.013806128626178232,0.052999999999999936
2550,3B004ACEEA,489-2025-02-16,2025-02-16 13:51:44.268,0.1340366575653846,0.010940922324576071,0.04700000000000015
2551,3B00182DFC,490-2025-02-16,2025-02-16 13:52:10.268,0.1049324543528607,0.012545459385089571,0.07199999999999995
2552,3B0018C2F6,492-2025-02-16,2025-02-16 13:52:26.267,0.1500125646148875,0.020875132413772864,0.07999999999999996
2553,3B001886D3,493-2025-02-16,2025-02-16 13:52:40.268,0.1048616904548497,0.015047966468304827,0.06800000000000006
2554,3B0018C2F6,496-2025-02-16,2025-02-16 13:53:32.269,0.155894609712424,0.024291624126875404,0.04899999999999993
2555,3B001877B5,497-2025-02-16,2025-02-16 13:53:55.268,0.1682524507829367,0.025949022662869567,0.0810000000000004
2556,3B00191394,500-2025-02-16,2025-02-16 13:54:38.269,0.0973669786060279,0.011059178355222512,0.04499999999999993
2557,3B001857EE,501-2025-02-16,2025-02-16 13:57:27.271,0.1069375408356136,0.0002866036339640957,0.014000000000000012
2558,3B00484043,506-2025-02-16,2025-02-16 13:59:39.271,0.0939990523093985,0.0035343798491248284,0.06300000000000006
2559,3B00484043,507-2025-02-16,2025-02-16 13:59:47.271,0.0948962949580815,0.011942249303196274,0.05799999999999983
2560,3B00484043,509-2025-02-16,2025-02-16 14:00:56.272,0.0938208148313449,0.0015643460987336574,0.07400000000000001
2561,3B004CA42C,512-2025-02-16,2025-02-16 14:02:10.272,0.1078656181881559,0.00396796010567422,0.06
2562,3B0018C2F6,516-2025-02-16,2025-02-16 14:04:14.273,0.1547962542941974,0.026088816309075814,0.04800000000000004
2563,3B00199DE5,518-2025-02-16,2025-02-16 14:04:33.273,0.1056314595246609,0.003910495859736551,0.03699999999999992
2564,3B004AB6A7,520-2025-02-16,2025-02-16 14:06:01.273,0.1055936135929207,0.01419068703748593,0.052000000000000046
2565,3B001886D3,523-2025-02-16,2025-02-16 14:06:55.275,0.1034345824145347,0.012528211000141355,0.052999999999999936
2566,3B001886D3,530-2025-02-16,2025-02-16 14:08:31.276,0.1028213227183261,0.012774053395554527,0.05199999999999999
2567,3B00186448,531-2025-02-16,2025-02-16 14:08:35.275,0.1499705050319192,0.027553819198125665,0.08599999999999985
2568,3B001857EE,532-2025-02-16,2025-02-16 14:08:51.275,0.1069375408356136,0.0055864794734842545,0.040999999999999925
2569,011016B2E1,535-2025-02-16,2025-02-16 14:11:21.276,0.0971450187194096,0.016050603566668223,0.04800000000000004
2570,3B0018F763,537-2025-02-16,2025-02-16 14:11:36.276,0.1052471297041096,0.002915747895723021,0.05799999999999983
2571,3B0019F652,538-2025-02-16,2025-02-16 14:11:39.276,0.0898887910065372,0.0015711104456246129,0.05499999999999994
2572,3B0018F763,542-2025-02-16,2025-02-16 14:12:53.271,0.1059235487303443,0.004689770886336851,0.040000000000000036
2573,3B0019F652,543-2025-02-16,2025-02-16 14:13:09.271,0.0875223345923217,0.008792474943087786,0.07299999999999995
2574,3B0019B8CC,545-2025-02-16,2025-02-16 14:14:05.266,0.1447389529005493,0.01154292575396002,0.04800000000000004
2575,011016B2E1,546-2025-02-16,2025-02-16 14:14:13.266,0.1003004391468614,0.003681059316959694,0.05199999999999999
2576,3B0018C2F6,548-2025-02-16,2025-02-16 14:14:26.265,0.1133310873588795,0.024707447538032855,0.07299999999999995
2577,3B00186448,549-2025-02-16,2025-02-16 14:15:36.261,0.1405529582216506,0.020683263431837733,0.09000000000000008
2578,3B0018F763,551-2025-02-16,2025-02-16 14:16:03.258,0.1094391649153988,0.003078185934825701,0.03600000000000003
2579,3B0019B8CC,552-2025-02-16,2025-02-16 14:16:10.258,0.1540612059399422,0.00981576725215126,0.038000000000000034
2580,3B0019F652,553-2025-02-16,2025-02-16 14:17:02.256,0.0875650749472825,0.004114541746622572,0.07200000000000006
2581,3B0018F763,554-2025-02-16,2025-02-16 14:17:18.255,0.1062584232263224,0.006550564195914361,0.041999999999999815
2582,3B004CA42C,555-2025-02-16,2025-02-16 14:17:44.255,0.1078656181881558,0.00423103354181278,0.07200000000000001
2583,3B001886D3,559-2025-02-16,2025-02-16 14:18:49.252,0.105082199774452,0.003988180670470499,0.03799999999999981
2584,3B0018C2F6,560-2025-02-16,2025-02-16 14:19:10.252,0.1580650915734839,0.022878621566264957,0.050999999999999934
2585,3B00484043,561-2025-02-16,2025-02-16 14:19:29.251,0.0950484214224753,0.008281184423434272,0.06999999999999984
2586,3B00186448,562-2025-02-16,2025-02-16 14:19:43.252,0.1638087093818878,0.02543783564459135,0.0690000000000004
2587,3B00484043,564-2025-02-16,2025-02-16 14:21:01.250,0.0938208148313449,0.00456633848345084,0.06399999999999997
2588,3B0018F763,566-2025-02-16,2025-02-16 14:22:31.248,0.1094391649153988,0.0039013229510862844,0.030000000000000027
2589,3B004CDB63,569-2025-02-16,2025-02-16 14:30:48.248,0.0918532097116226,0.014846312377365386,0.052999999999999936
2590,3B004CDB63,570-2025-02-16,2025-02-16 14:33:39.249,0.0918532097116226,0.012320013564409866,0.07200000000000006
2591,01103F88A1,571-2025-02-16,2025-02-16 14:33:43.248,0.1192401311160238,0.014199988950420482,0.061
2592,3B004CA42C,572-2025-02-16,2025-02-16 14:33:54.249,0.1078656181881558,0.013735499985112863,0.08500000000000002
2593,3B0019F652,573-2025-02-16,2025-02-16 14:36:54.249,0.0859344659319602,0.008646260578343163,0.050000000000000266
2594,3B0019F652,575-2025-02-16,2025-02-16 14:37:40.250,0.0854548120762564,0.009010496945669837,0.06699999999999973
2595,3B0019F652,577-2025-02-16,2025-02-16 14:39:18.249,0.0898887910065372,0.009833521423195185,0.063
2596,3B004CDB63,578-2025-02-16,2025-02-16 14:39:37.250,0.0918532097116226,0.013621842361285653,0.04599999999999993
2597,3B0019248A,579-2025-02-16,2025-02-16 14:39:42.250,0.1098430414554017,0.016046137347158776,0.050999999999999934
2598,3B0019248A,580-2025-02-16,2025-02-16 14:42:05.251,0.1098430414554017,0.0137121343861479,0.04600000000000004
2599,3B00191394,582-2025-02-16,2025-02-16 14:43:42.252,0.0971177262341095,0.011410153078364191,0.04899999999999993
2600,3B0018C2F6,583-2025-02-16,2025-02-16 14:43:47.251,0.1500125646148875,0.024975531573070187,0.07400000000000001
2601,3B00186448,584-2025-02-16,2025-02-16 14:43:57.252,0.1255654381957639,0.023624183036983448,0.06900000000000006
2602,3B0019248A,588-2025-02-16,2025-02-16 14:49:27.256,0.1060537410544807,0.016971922242634694,0.05600000000000005
2603,3B001857EE,593-2025-02-16,2025-02-16 14:51:30.256,0.1030198164356292,0.0066892137066330406,0.04600000000000004
2604,3B00182DFC,594-2025-02-16,2025-02-16 14:52:39.256,0.103894248890132,0.013983629578005991,0.05900000000000005
2605,3B0019248A,595-2025-02-16,2025-02-16 14:52:51.257,0.1098430414554017,0.007188210625978138,0.05400000000000005
2606,3B0019F652,596-2025-02-16,2025-02-16 14:52:59.257,0.0898887910065372,0.008240127065252397,0.05600000000000005
2607,3B004ACEEA,598-2025-02-16,2025-02-16 14:53:24.257,0.1340366575653846,0.011326479785301246,0.04199999999999998
2608,3B0019F652,599-2025-02-16,2025-02-16 14:53:53.256,0.084760133666697,0.009623085620630004,0.05899999999999972
2609,3B0019B8CC,600-2025-02-16,2025-02-16 14:54:05.256,0.1612290662319343,0.027112675231255948,0.050999999999999934
2610,3B00182DFC,601-2025-02-16,2025-02-16 14:54:19.258,0.103894248890132,0.013840769018827699,0.04700000000000004
2611,3B0019B8CC,602-2025-02-16,2025-02-16 14:54:32.259,0.1540612059399422,0.027931095502578124,0.05600000000000005
2612,3B004CA42C,604-2025-02-16,2025-02-16 14:55:14.258,0.1078656181881558,0.01478033685019602,0.05499999999999999
2613,3B0018A99B,605-2025-02-16,2025-02-16 14:55:29.258,0.0883273548306757,0.012424668190410323,0.07699999999999996
2614,3B00182DFC,606-2025-02-16,2025-02-16 14:55:41.258,0.103894248890132,0.015174245519584387,0.04899999999999999
2615,3B0018C2F6,607-2025-02-16,2025-02-16 14:56:23.258,0.1199723907368257,0.02993157168394786,0.07299999999999995
2616,3B0018C2F6,608-2025-02-16,2025-02-16 14:56:43.258,0.0960191581319576,0.029357352035269783,0.07800000000000029
2617,3B004CA42C,610-2025-02-16,2025-02-16 14:58:55.258,0.1090696546236508,0.014659869265404368,0.05500000000000016
2618,3B00191394,612-2025-02-16,2025-02-16 14:59:11.260,0.0979645594476272,0.012051802140849461,0.052999999999999936
2619,3B0018C2F6,613-2025-02-16,2025-02-16 14:59:46.261,0.1500125646148875,0.023777694707760994,0.07999999999999985
2620,3B00191394,614-2025-02-16,2025-02-16 15:01:45.262,0.0979645594476272,0.012205622043430531,0.04800000000000004
2621,3B0018F763,616-2025-02-16,2025-02-16 15:04:07.262,0.1094391649153988,0.006703274633668199,0.04400000000000004
2622,3B004CD4DE,617-2025-02-16,2025-02-16 15:04:22.262,0.095072996479498,0.013330598524617421,0.04299999999999993
2623,3B0019248A,620-2025-02-16,2025-02-16 15:05:14.262,0.0757414731541328,0.00780688730788027,0.050000000000000044
2624,3B00191394,623-2025-02-16,2025-02-16 15:05:42.263,0.0979645594476272,0.012505392196939335,0.05699999999999994
2625,3B001857EE,624-2025-02-16,2025-02-16 15:05:49.262,0.1069375408356136,0.004655595140501107,0.040999999999999925
2626,3B0019F652,625-2025-02-16,2025-02-16 15:05:55.262,0.0869782296688809,0.010485902568089633,0.07500000000000018
2627,3B00484043,626-2025-02-16,2025-02-16 15:07:22.263,0.096208720111505,0.0034019617773096552,0.07699999999999996
2628,3B0019F652,627-2025-02-16,2025-02-16 15:07:39.263,0.0876205509837282,0.007880460429227703,0.07000000000000028
2629,3B00186448,628-2025-02-16,2025-02-16 15:07:43.263,0.1324362672047186,0.02814570710632048,0.06899999999999995
2630,3B0019F652,631-2025-02-16,2025-02-16 15:08:23.263,0.0898887910065372,0.009564876337945807,0.052999999999999936
2631,3B00484043,632-2025-02-16,2025-02-16 15:08:31.263,0.0938208148313449,0.00017035538628575413,0.017000000000000126
2632,3B004ACEEA,633-2025-02-16,2025-02-16 15:08:39.264,0.1340366575653846,0.011230654609738579,0.04500000000000004
2633,3B00186448,638-2025-02-16,2025-02-16 15:09:44.264,0.1666274926184566,0.025350705919696716,0.06599999999999984
2634,3B004ACEEA,639-2025-02-16,2025-02-16 15:09:48.264,0.1340366575653846,0.010731649542547952,0.04700000000000004
2635,3B0019F652,643-2025-02-16,2025-02-16 15:10:24.265,0.0898887910065372,0.009347750644609652,0.05699999999999994
2636,3B004C4B80,646-2025-02-16,2025-02-16 15:11:09.266,0.1060021955153034,0.015074723251680303,0.059
2637,01103F88A1,647-2025-02-16,2025-02-16 15:11:27.266,0.1072402905595485,0.012214389317536685,0.053999999999999826
2638,3B0019F652,648-2025-02-16,2025-02-16 15:11:32.266,0.0889924532576448,0.0010330034736701363,0.03200000000000003
2639,3B004ACEEA,649-2025-02-16,2025-02-16 15:11:59.265,0.1340366575653846,0.009660849076338409,0.05399999999999994
2640,3B0018F763,650-2025-02-16,2025-02-16 15:12:23.263,0.1094391649153988,0.006777202677467525,0.03999999999999998
2641,3B0019B8CC,651-2025-02-16,2025-02-16 15:12:56.260,0.1541161835705003,0.02892806606631691,0.05499999999999994
2642,3B00182DFC,652-2025-02-16,2025-02-16 15:13:02.259,0.103894248890132,0.015776341731578613,0.050000000000000044
2643,3B004C4B80,654-2025-02-16,2025-02-16 15:13:50.257,0.1124423533676365,0.0063761481954249435,0.05400000000000027
2644,3B001857EE,661-2025-02-16,2025-02-16 15:22:01.245,0.1069375408356136,0.0045729103667350775,0.040000000000000036
2645,3B0018C2F6,662-2025-02-16,2025-02-16 15:25:54.245,0.1500125646148875,0.024614844066376963,0.05399999999999999
2646,3B004CD4DE,664-2025-02-16,2025-02-16 15:33:48.247,0.095072996479498,0.015287442379900047,0.07799999999999996
2647,3B004ACEEA,666-2025-02-16,2025-02-16 15:35:47.247,0.1340366575653846,0.011454912512283994,0.040999999999999925
2648,3B004CD4DE,667-2025-02-16,2025-02-16 15:36:31.247,0.095072996479498,0.013770270762321428,0.07899999999999996
2649,3B0018C2F6,668-2025-02-16,2025-02-16 15:36:57.246,0.1552167603258259,0.021585166726301848,0.07599999999999985
2650,3B004ACEEA,671-2025-02-16,2025-02-16 15:39:03.249,0.1340366575653846,0.011347555811361376,0.04299999999999998
2651,3B004CD4DE,672-2025-02-16,2025-02-16 15:40:09.249,0.095072996479498,0.011720318265850986,0.04999999999999999
2652,3B004ACEEA,673-2025-02-16,2025-02-16 15:40:48.249,0.1340366575653846,0.011113488548106187,0.040999999999999925
2653,3B004ACEEA,675-2025-02-16,2025-02-16 15:41:37.248,0.1340366575653846,0.010337472892690264,0.04200000000000004
2654,3B004C4B80,677-2025-02-16,2025-02-16 15:42:21.249,0.1060021955153034,0.012539945432341305,0.05900000000000005
2655,3B0018A99B,678-2025-02-16,2025-02-16 15:42:35.248,0.0778632683554233,0.005801087443446682,0.040999999999999925
2656,3B0018C2F6,684-2025-02-16,2025-02-16 15:51:28.251,0.1522998731395368,0.024834114094545078,0.07599999999999996
2657,3B0018C2F6,685-2025-02-16,2025-02-16 15:53:10.251,0.1500125646148875,0.020462485627139863,0.06099999999999994
2658,3B0019F652,689-2025-02-16,2025-02-16 15:56:43.253,0.0870155840405826,0.009775015723080252,0.053999999999999826
2659,3B0019248A,690-2025-02-16,2025-02-16 15:58:08.253,0.1098430414554017,0.0013325566440899447,0.02400000000000002
2660,3B0019F652,691-2025-02-16,2025-02-16 15:58:47.254,0.0898887910065372,0.0013686135512223751,0.06000000000000005
2661,3B0018F763,692-2025-02-16,2025-02-16 15:58:53.254,0.1094391649153988,0.006569561516701444,0.040000000000000036
2662,3B004C4B80,693-2025-02-16,2025-02-16 15:59:03.254,0.1026292784794712,0.006222936037708623,0.05099999999999971
2663,3B004CEFFE,697-2025-02-16,2025-02-16 16:06:00.259,0.1020544328593473,0.011323280118014041,0.055999999999999994
2664,3B0019B8CC,700-2025-02-16,2025-02-16 16:06:52.258,0.1540612059399422,0.02798878398346047,0.04899999999999993
2665,3B0019248A,701-2025-02-16,2025-02-16 16:07:26.258,0.1098430414554017,0.007492627703920956,0.04599999999999982
2666,3B004CEFFE,702-2025-02-16,2025-02-16 16:07:37.258,0.0933217506429286,0.0011515105856721348,0.040000000000000036
2667,3B0018C2F6,703-2025-02-16,2025-02-16 16:08:41.259,0.1500125646148875,0.02578009220284589,0.05499999999999994
2668,3B0018F763,706-2025-02-16,2025-02-16 16:11:19.260,0.1094391649153988,0.006813262974308912,0.043999999999999984
2669,3B0018F763,709-2025-02-16,2025-02-16 16:12:48.258,0.107459913684644,0.013590059616053871,0.050000000000000044
2670,3B0018C2F6,710-2025-02-16,2025-02-16 16:15:29.254,0.1500125646148875,0.024061948039962616,0.06499999999999995
2671,3B0019B8CC,712-2025-02-16,2025-02-16 16:19:39.248,0.1540612059399422,0.02670371287491988,0.07200000000000006
2672,3B0018C2F6,713-2025-02-16,2025-02-16 16:21:15.248,0.0946987279064006,0.0297546423319706,0.07299999999999995
2673,3B00484043,715-2025-02-16,2025-02-16 16:22:53.244,0.0938208148313449,-0.0004133101989461407,0.04700000000000015
2674,3B0018C2F6,717-2025-02-16,2025-02-16 16:24:25.243,0.1623886935837779,0.023259781160310997,0.07299999999999995
2675,3B0018C2F6,719-2025-02-16,2025-02-16 16:29:10.241,0.1500125646148875,0.024403376940589017,0.052000000000000046
2676,3B00484043,720-2025-02-16,2025-02-16 16:29:31.240,0.0938208148313449,0.00834261599937851,0.038000000000000034
2677,3B00484043,722-2025-02-16,2025-02-16 16:31:35.240,0.0962458642913604,0.004918541927921267,0.06199999999999983
2678,3B00484043,723-2025-02-16,2025-02-16 16:32:21.241,0.095557863089591,0.012275049436215203,0.06400000000000006
2679,3B0019B8CC,724-2025-02-16,2025-02-16 16:35:58.240,0.1587809164585733,0.01022980606102398,0.03799999999999981
2680,01103F88A1,727-2025-02-16,2025-02-16 16:55:57.246,0.1192401311160237,0.01340175778656667,0.04899999999999993
2681,01103F9664,729-2025-02-16,2025-02-16 17:10:06.254,0.1672708257298136,0.025350824731476075,0.062000000000000055
2682,3B00199DE5,1-2025-02-19,2025-02-19 07:08:18.601,0.1056314595246609,0.013029334721973311,0.04700000000000015
2683,3B00484043,2-2025-02-19,2025-02-19 07:12:08.599,0.0895458954856361,0.004779242946106927,0.07500000000000018
2684,3B00199DE5,4-2025-02-19,2025-02-19 07:12:49.600,0.0971818284749654,0.014899674770829137,0.052999999999999936
2685,3B0018C6F9,6-2025-02-19,2025-02-19 07:18:59.596,0.0911656885226543,0.003662443014481918,0.08300000000000018
2686,3B00484043,7-2025-02-19,2025-02-19 07:19:53.597,0.0932078621326897,6.286263266066584e-05,0.008999999999999897
2687,3B0019B8CC,8-2025-02-19,2025-02-19 07:36:19.591,0.1572272238629591,0.02478054120721217,0.049000000000000044
2688,01101763D0,10-2025-02-19,2025-02-19 07:37:45.590,0.1546318327075709,0.018675664242103828,0.06400000000000006
2689,3B00192E1E,11-2025-02-19,2025-02-19 07:38:15.589,0.1007525158752752,0.003577895640529637,0.03600000000000003
2690,3B00192E1E,12-2025-02-19,2025-02-19 07:39:43.590,0.0902926569026956,0.003710280577589561,0.06300000000000006
2691,3B00192E1E,13-2025-02-19,2025-02-19 07:40:29.591,0.0911397905515719,0.004129972929259972,0.050000000000000044
2692,3B00484043,15-2025-02-19,2025-02-19 07:44:38.587,0.0896841264112718,0.01038101688635185,0.053999999999999826
2693,3B00484043,16-2025-02-19,2025-02-19 07:47:24.588,0.0905016285870531,0.011274032308377134,0.0519999999999996
2694,3B0018A99B,18-2025-02-19,2025-02-19 07:49:52.586,0.0883273548306758,0.003524871020063429,0.03200000000000003
2695,3B0018A99B,19-2025-02-19,2025-02-19 07:52:05.585,0.0859906673170464,0.0034335377814218317,0.028000000000000025
2696,3B0019F652,20-2025-02-19,2025-02-19 08:01:46.583,0.0802198549278098,0.007768161912463329,0.06299999999999994
2697,3B0019F652,21-2025-02-19,2025-02-19 08:03:42.582,0.0814741674227741,0.004593455685273974,0.07200000000000006
2698,3B0019F652,23-2025-02-19,2025-02-19 08:04:54.581,0.0885024370460512,0.007707479009823016,0.06000000000000005
2699,3B0019F652,25-2025-02-19,2025-02-19 08:09:09.581,0.0885024370460512,0.007088545206006918,0.06799999999999984
2700,3B0018F763,27-2025-02-19,2025-02-19 08:17:19.578,0.0984168433569358,0.004171940790614268,0.05400000000000027
2701,3B0018F763,28-2025-02-19,2025-02-19 08:19:02.579,0.1094391649153988,0.006106223568995029,0.039000000000000035
2702,3B0018F763,29-2025-02-19,2025-02-19 08:20:16.577,0.0973212173708863,0.006412282207046642,0.038000000000000034
2703,3B0019F652,32-2025-02-19,2025-02-19 08:34:24.571,0.0885024370460512,0.0014427591187441075,0.06500000000000006
2704,0700ED9568,33-2025-02-19,2025-02-19 08:35:13.570,0.1498754521231646,0.02346691930876272,0.07100000000000006
2705,3B001877B5,40-2025-02-19,2025-02-19 08:47:54.566,0.1595634121856095,0.021909650677267682,0.07200000000000006
2706,3B001877B5,41-2025-02-19,2025-02-19 08:49:49.565,0.1300219301928728,0.022511495846566292,0.07099999999999973
2707,3B00192E1E,42-2025-02-19,2025-02-19 08:50:07.567,0.0932194907006349,0.004119811040447155,0.07299999999999995
2708,3B004AB6A7,45-2025-02-19,2025-02-19 09:01:35.562,0.0919451513839727,0.011976262406576768,0.05700000000000016
2709,3B004CDB63,49-2025-02-19,2025-02-19 09:19:23.556,0.1001657141423627,0.010301762185612573,0.043999999999999984
2710,3B004CA42C,50-2025-02-19,2025-02-19 09:21:23.556,0.0994924140067638,0.013638779545314226,0.05400000000000005
2711,3B0019B8CC,51-2025-02-19,2025-02-19 09:21:51.553,0.157227223862959,0.023087538448105703,0.05300000000000005
2712,3B004AE3AB,54-2025-02-19,2025-02-19 09:31:28.551,0.0964067766276104,0.014121756695966674,0.06499999999999995
2713,3B00192E1E,57-2025-02-19,2025-02-19 09:34:14.549,0.0924712575797722,0.012927172230060903,0.04800000000000004
2714,3B00192E1E,58-2025-02-19,2025-02-19 09:35:26.548,0.1007525158752752,0.0037640983551744675,0.055999999999999994
2715,3B004CA42C,61-2025-02-19,2025-02-19 09:50:56.543,0.1078656181881558,0.013329194899787448,0.04999999999999999
2716,3B004CDB63,63-2025-02-19,2025-02-19 10:05:23.542,0.0920282884600069,0.011731025925250592,0.04399999999999993
2717,3B00182DFC,64-2025-02-19,2025-02-19 10:05:28.540,0.0960316735637713,0.014705563502954964,0.05399999999999999
2718,01103F9664,66-2025-02-19,2025-02-19 10:10:16.539,0.1519487934538086,0.00019789004520101865,0.017999999999999794
2719,01103F9664,67-2025-02-19,2025-02-19 10:11:28.538,0.1519487934538086,0.00011178203263785089,0.01100000000000012
2720,01103F9664,68-2025-02-19,2025-02-19 10:12:36.537,0.1519487934538086,0.02190535641676348,0.05999999999999961
2721,3B0018F763,70-2025-02-19,2025-02-19 10:15:56.536,0.1094391649153988,0.012230360929465329,0.06700000000000006
2722,3B0019B8CC,73-2025-02-19,2025-02-19 10:42:35.527,0.1572272238629591,0.02195838592930564,0.07299999999999995
2723,3B00191394,74-2025-02-19,2025-02-19 10:42:50.527,0.0979645594476272,0.009801259060695873,0.04799999999999993
2724,3B0019B8CC,78-2025-02-19,2025-02-19 10:45:21.527,0.1572272238629591,0.025925069617077284,0.06000000000000005
2725,3B004CA42C,79-2025-02-19,2025-02-19 10:45:37.528,0.0996682229024411,0.01355646515228816,0.05599999999999994
2726,3B0019B8CC,80-2025-02-19,2025-02-19 10:46:29.527,0.152934573134423,0.027791217661053205,0.05899999999999994
2727,3B0019B8CC,82-2025-02-19,2025-02-19 10:47:28.526,0.157227223862959,0.02127850241130862,0.053999999999999826
2728,3B00191394,84-2025-02-19,2025-02-19 10:47:44.527,0.0979645594476272,0.011103631635765748,0.04500000000000015
2729,3B0019B8CC,86-2025-02-19,2025-02-19 10:49:17.526,0.1585664047430278,0.02258031762139638,0.05899999999999972
2730,3B004CA42C,88-2025-02-19,2025-02-19 10:49:29.526,0.1078656181881558,0.013978294526721939,0.05999999999999983
2731,3B0018C2F6,89-2025-02-19,2025-02-19 10:53:30.525,0.1406396010383175,0.023096632519979385,0.05599999999999994
2732,3B0018C2F6,90-2025-02-19,2025-02-19 10:54:31.525,0.1447912238885449,0.02269035106712773,0.052000000000000046
2733,3B0018C2F6,91-2025-02-19,2025-02-19 10:55:26.526,0.1500125646148875,0.019725464003624134,0.05999999999999994
2734,01103F97C4,92-2025-02-19,2025-02-19 10:57:27.523,0.1568761923925159,0.02453215391739902,0.05500000000000016
2735,01103F97C4,93-2025-02-19,2025-02-19 10:58:37.524,0.1575052510190074,0.02490182490695352,0.06000000000000005
2736,01103F97C4,94-2025-02-19,2025-02-19 11:00:02.522,0.1830689426539151,0.026366189036168833,0.04600000000000004
2737,01103F97C4,95-2025-02-19,2025-02-19 11:01:24.522,0.1566681889920381,0.02412482489228362,0.05699999999999994
2738,3B00191394,98-2025-02-19,2025-02-19 11:03:55.523,0.0979645594476272,0.01028869508968381,0.046999999999999986
2739,01103F97C4,99-2025-02-19,2025-02-19 11:05:21.522,0.1624846850235889,0.0150282405520588,0.06899999999999995
2740,3B00191394,100-2025-02-19,2025-02-19 11:05:33.521,0.0979645594476272,0.011197952612806684,0.04999999999999996
2741,3B004CEFFE,103-2025-02-19,2025-02-19 11:07:31.521,0.09748280762938,0.004711929762879666,0.04300000000000015
2742,3B00191394,104-2025-02-19,2025-02-19 11:08:19.522,0.0979645594476272,0.01090566296615586,0.050000000000000044
2743,3B004CA42C,105-2025-02-19,2025-02-19 11:10:44.523,0.1022092667744135,0.013653524546336813,0.05800000000000005
2744,3B0018C2F6,106-2025-02-19,2025-02-19 11:11:44.521,0.1500125646148875,0.0269027796257741,0.05800000000000005
2745,3B0018C2F6,110-2025-02-19,2025-02-19 11:13:40.521,0.1500125646148875,0.021740503544615052,0.06299999999999972
2746,01103F9664,112-2025-02-19,2025-02-19 11:16:57.518,0.1519487934538086,-0.0028985821320668516,0.09899999999999998
2747,3B0019248A,116-2025-02-19,2025-02-19 11:19:28.518,0.1290834692699101,0.010849470433179242,0.07800000000000007
2748,3B0019248A,117-2025-02-19,2025-02-19 11:20:28.518,0.1098430414554017,0.011174558739428795,0.07899999999999996
2749,01103F97C4,119-2025-02-19,2025-02-19 11:21:45.519,0.1830689426539151,0.02531515719007707,0.04699999999999993
2750,3B00484043,120-2025-02-19,2025-02-19 11:21:51.518,0.093889172010989,0.004619226753613731,0.07000000000000028
2751,01103F97C4,121-2025-02-19,2025-02-19 11:23:32.517,0.161176623726294,0.0246595826913532,0.052000000000000046
2752,01103F97C4,123-2025-02-19,2025-02-19 11:24:40.517,0.162177997142867,0.02503002935463039,0.05200000000000049
2753,01103F97C4,124-2025-02-19,2025-02-19 11:26:03.517,0.1640260383565998,0.025888026759883834,0.08099999999999996
2754,01103F88A1,125-2025-02-19,2025-02-19 11:27:25.518,0.1044697491157489,0.01190562671073955,0.06500000000000017
2755,01103F97C4,126-2025-02-19,2025-02-19 11:29:28.518,0.1646797502667395,0.010936637773275871,0.04700000000000015
2756,3B004AB6A7,127-2025-02-19,2025-02-19 11:30:18.517,0.0979126887006078,0.01174643115006826,0.06400000000000006
2757,3B0018F763,129-2025-02-19,2025-02-19 11:42:20.517,0.1094391649153988,0.006653555923423677,0.04400000000000004
2758,3B0018F763,131-2025-02-19,2025-02-19 11:44:36.516,0.1094391649153988,0.006489860956059255,0.04399999999999993
2759,3B0018C2F6,132-2025-02-19,2025-02-19 11:45:59.517,0.1500125646148875,0.024657283788494435,0.052999999999999936
2760,01103F88A1,133-2025-02-19,2025-02-19 11:49:02.517,0.1192401311160237,0.005052727175589451,0.04300000000000004
2761,3B0018C2F6,135-2025-02-19,2025-02-19 11:51:39.516,0.1500125646148875,0.02349079016427925,0.05699999999999994
2762,3B0018F763,136-2025-02-19,2025-02-19 11:55:17.517,0.1094391649153988,0.006142925709722172,0.040000000000000036
2763,3B0018C2F6,138-2025-02-19,2025-02-19 11:55:42.517,0.1517531974522701,0.02202688905480917,0.052000000000000046
2764,3B0019248A,139-2025-02-19,2025-02-19 11:57:35.516,0.1098430414554017,0.005395289735958113,0.03499999999999992
2765,3B0018F763,142-2025-02-19,2025-02-19 11:59:07.516,0.1094391649153988,0.006722750919262829,0.041000000000000036
2766,01101763D0,143-2025-02-19,2025-02-19 11:59:15.516,0.1572738948710552,0.02355566454945537,0.05999999999999961
2767,3B00484043,144-2025-02-19,2025-02-19 12:00:24.516,0.0932078621326897,0.012289733397061665,0.051000000000000156
2768,3B0018F763,145-2025-02-19,2025-02-19 12:00:32.517,0.1049660469699154,0.012918247407735901,0.051000000000000045
2769,3B0018C2F6,146-2025-02-19,2025-02-19 12:01:40.517,0.1551186790373594,0.02216538800105565,0.05800000000000005
2770,0700ED9568,148-2025-02-19,2025-02-19 12:02:29.516,0.159118468713607,0.022464661161521134,0.07299999999999995
2771,3B0018C2F6,149-2025-02-19,2025-02-19 12:03:05.516,0.1538157908437643,0.020981184939016777,0.05400000000000027
2772,0700ED9568,150-2025-02-19,2025-02-19 12:03:35.515,0.1620681592787435,0.019242207575126034,0.04499999999999993
2773,0700ED9568,152-2025-02-19,2025-02-19 12:04:23.516,0.162972708751989,0.022957612691941846,0.06499999999999995
2774,01103FD2E8,154-2025-02-19,2025-02-19 12:05:06.516,0.1564310375285263,0.030233904010089744,0.052000000000000046
2775,01103F97C4,157-2025-02-19,2025-02-19 12:07:13.516,0.1830689426539151,0.02776820832718674,0.051000000000000156
2776,3B004CDB63,159-2025-02-19,2025-02-19 12:08:58.516,0.1001657141423627,0.011246134028039203,0.04500000000000004
2777,3B0019B8CC,161-2025-02-19,2025-02-19 12:12:44.514,0.1552753528482821,0.02437735353092432,0.06699999999999973
2778,3B004CEFFE,162-2025-02-19,2025-02-19 12:13:22.515,0.1020544328593473,0.00026029560465053614,0.03300000000000003
2779,01103FD2E8,163-2025-02-19,2025-02-19 12:14:22.515,0.1538428085632561,0.02898334501943998,0.04899999999999993
2780,3B004CDB63,164-2025-02-19,2025-02-19 12:15:04.515,0.1001657141423627,0.01074157529897508,0.04500000000000001
2781,3B0019B8CC,165-2025-02-19,2025-02-19 12:15:32.515,0.157227223862959,0.025078830769122918,0.05399999999999994
2782,3B0019B8CC,167-2025-02-19,2025-02-19 12:17:47.514,0.1572272238629591,0.023458071885047834,0.049000000000000044
2783,3B004CEFFE,168-2025-02-19,2025-02-19 12:18:12.514,0.1020544328593473,0.011039181902267027,0.052000000000000046
2784,3B0019248A,169-2025-02-19,2025-02-19 12:21:59.514,0.0821362257593609,0.007332187007365024,0.04499999999999993
2785,3B001857EE,172-2025-02-19,2025-02-19 12:23:36.514,0.0997243569097518,0.010681882282520901,0.05999999999999983
2786,3B0018C2F6,179-2025-02-19,2025-02-19 12:25:56.513,0.1211598660607131,0.025150063432821983,0.052999999999999936
2787,011016B2E1,180-2025-02-19,2025-02-19 12:26:01.515,0.097568753187463,0.01187184655082316,0.07599999999999996
2788,3B0018C2F6,182-2025-02-19,2025-02-19 12:39:46.515,0.1371011437488154,0.026098840222115754,0.05700000000000016
2789,3B004CDB63,183-2025-02-19,2025-02-19 12:40:58.515,0.1001657141423628,0.01056441187015256,0.04899999999999999
2790,01103FD532,184-2025-02-19,2025-02-19 12:41:12.515,0.1675937444373067,0.02309110232075338,0.06000000000000005
2791,3B001857EE,185-2025-02-19,2025-02-19 12:41:20.515,0.0992668504643225,0.005534701617364449,0.04400000000000004
2792,3B00199DE5,187-2025-02-19,2025-02-19 12:41:45.517,0.1042393064243032,0.016752382467772227,0.053999999999999826
2793,3B004CEFFE,189-2025-02-19,2025-02-19 12:42:04.515,0.1020544328593473,0.004625478987402228,0.04300000000000004
2794,01103FD532,191-2025-02-19,2025-02-19 12:42:40.516,0.1685736306771122,0.021483517283971423,0.0680000000000005
2795,3B00182A81,196-2025-02-19,2025-02-19 12:45:59.516,0.1189321598688551,0.0038440435782655007,0.051000000000000045
2796,3B0018F763,197-2025-02-19,2025-02-19 12:46:43.515,0.1094391649153988,0.012362998471547496,0.05699999999999994
2797,3B0019248A,198-2025-02-19,2025-02-19 12:46:59.518,0.1098430414554017,0.0067543688885876195,0.040000000000000036
2798,3B00182A81,199-2025-02-19,2025-02-19 12:47:17.516,0.0989053598586136,0.0036908347959674153,0.08000000000000007
2799,3B001857EE,201-2025-02-19,2025-02-19 13:05:44.519,0.1069375408356136,0.013535364293559629,0.05400000000000005
2800,3B001877B5,203-2025-02-19,2025-02-19 13:07:10.520,0.1720534263134757,0.02501443768321679,0.05800000000000005
2801,3B001877B5,205-2025-02-19,2025-02-19 13:08:56.520,0.1664295283640716,0.025835876981513146,0.05899999999999972
2802,011016B2E1,206-2025-02-19,2025-02-19 13:08:59.520,0.097949901711879,0.006199041948125211,0.041000000000000036
2803,3B004CDB63,207-2025-02-19,2025-02-19 13:09:25.521,0.1001657141423628,0.009477304819877711,0.04099999999999998
2804,3B0019248A,208-2025-02-19,2025-02-19 13:10:39.520,0.1721072753021055,0.007553848885165995,0.08099999999999996
2805,3B0018C2F6,210-2025-02-19,2025-02-19 13:11:06.521,0.1500125646148875,0.022584492470415985,0.052000000000000046
2806,3B001857EE,212-2025-02-19,2025-02-19 13:11:31.520,0.1069375408356136,0.004336313163003829,0.043999999999999984
2807,3B0018C2F6,214-2025-02-19,2025-02-19 13:12:30.520,0.1500125646148875,0.011305702674499585,0.03300000000000003
2808,3B001870F2,215-2025-02-19,2025-02-19 13:14:06.521,0.0967317133589357,0.01442547334808777,0.05500000000000016
2809,3B00191394,220-2025-02-19,2025-02-19 13:16:06.520,0.0979645594476272,0.01000995656013783,0.07200000000000001
2810,3B001870F2,221-2025-02-19,2025-02-19 13:16:10.521,0.0967317133589356,0.0031715531988695802,0.040000000000000036
2811,3B004B0F76,222-2025-02-19,2025-02-19 13:16:29.520,0.1573558959733797,0.024377607170735335,0.06899999999999995
2812,3B00191394,223-2025-02-19,2025-02-19 13:16:47.521,0.0979645594476272,0.010742146368732351,0.06700000000000006
2813,3B0018C2F6,224-2025-02-19,2025-02-19 13:17:05.522,0.1500125646148875,0.024697657996676083,0.050999999999999934
2814,3B00199DE5,230-2025-02-19,2025-02-19 13:18:20.521,0.1039258683716499,0.015875220425535425,0.050000000000000266
2815,3B00191394,231-2025-02-19,2025-02-19 13:18:25.521,0.0956059896011259,0.01005084422018012,0.06400000000000006
2816,3B004CEFFE,235-2025-02-19,2025-02-19 13:19:53.521,0.1020544328593473,0.005000116545462312,0.04299999999999993
2817,3B004AB6A7,236-2025-02-19,2025-02-19 13:19:59.521,0.1040595213723091,0.004201502920816997,0.05599999999999994
2818,3B00182DFC,237-2025-02-19,2025-02-19 13:20:03.520,0.0960316735637713,0.0015074643528083327,0.02200000000000002
2819,01103F97C4,238-2025-02-19,2025-02-19 13:20:09.521,0.1627791736267264,0.025025258118414502,0.07399999999999984
2820,011016B2E1,239-2025-02-19,2025-02-19 13:20:14.521,0.097949901711879,0.011144402956901528,0.08799999999999997
2821,3B00182DFC,242-2025-02-19,2025-02-19 13:21:06.521,0.0960316735637713,0.018209119126232895,0.06799999999999995
2822,3B001870F2,243-2025-02-19,2025-02-19 13:21:11.521,0.0989292681254367,0.006378709909397292,0.04300000000000015
2823,3B0018C2F6,245-2025-02-19,2025-02-19 13:21:18.520,0.1522789432822036,0.020334854757745914,0.07499999999999996
2824,011016B2E1,246-2025-02-19,2025-02-19 13:21:37.520,0.097949901711879,0.016163422696477994,0.04800000000000004
2825,3B004CD4DE,248-2025-02-19,2025-02-19 13:21:54.520,0.0989851622858526,0.011959446663496772,0.04499999999999993
2826,3B00199DE5,250-2025-02-19,2025-02-19 13:22:47.522,0.1039013980780927,0.015456994500002676,0.04700000000000015
2827,3B00182DFC,252-2025-02-19,2025-02-19 13:23:20.521,0.0960316735637713,0.011986163228534867,0.062000000000000055
2828,01103F97C4,253-2025-02-19,2025-02-19 13:23:30.521,0.1666995014077361,0.023975930239354508,0.07299999999999995
2829,01103F97C4,254-2025-02-19,2025-02-19 13:24:36.521,0.1648054482282658,0.02712490908543403,0.05699999999999994
2830,3B004CD4DE,261-2025-02-19,2025-02-19 13:30:27.522,0.1003986183690209,0.012842976724487132,0.050000000000000044
2831,011016B2E1,262-2025-02-19,2025-02-19 13:31:25.523,0.097949901711879,0.012810853100445392,0.06300000000000017
2832,3B00484043,263-2025-02-19,2025-02-19 13:32:02.522,0.0967743843340801,0.004413693724327175,0.06000000000000005
2833,3B00191394,265-2025-02-19,2025-02-19 13:32:25.523,0.0963964490352047,0.011948455349802814,0.04899999999999993
2834,3B001886D3,267-2025-02-19,2025-02-19 13:33:36.521,0.1051746594351193,0.012995325197367555,0.06299999999999994
2835,3B00191394,268-2025-02-19,2025-02-19 13:33:45.522,0.0979645594476272,0.005717986127075718,0.049000000000000155
2836,3B0018C2F6,269-2025-02-19,2025-02-19 13:33:58.522,0.1564700177856533,0.022570890825694957,0.05400000000000005
2837,3B004CDB63,270-2025-02-19,2025-02-19 13:34:21.523,0.1001657141423627,0.01066525803677758,0.04799999999999999
2838,3B001886D3,272-2025-02-19,2025-02-19 13:35:13.523,0.102821322718326,0.011550348801326535,0.07000000000000006
2839,3B00192E1E,273-2025-02-19,2025-02-19 13:35:22.522,0.1007525158752752,0.004256434674211255,0.03999999999999998
2840,011016B2E1,274-2025-02-19,2025-02-19 13:35:43.523,0.097639684429242,0.014927857643687443,0.05099999999999971
2841,3B0018F763,277-2025-02-19,2025-02-19 13:35:59.522,0.1094391649153988,0.006402732817019303,0.040000000000000036
2842,011016B2E1,280-2025-02-19,2025-02-19 13:37:04.524,0.097949901711879,0.012306601058304873,0.05499999999999994
2843,3B001877B5,281-2025-02-19,2025-02-19 13:37:19.522,0.1661303669742927,0.02726481119535888,0.06000000000000005
2844,3B00192E1E,282-2025-02-19,2025-02-19 13:37:51.524,0.098599587150006,0.004652133293396693,0.06299999999999994
2845,01101763D0,285-2025-02-19,2025-02-19 13:41:54.525,0.1583836721440008,0.022426194439144342,0.07200000000000001
2846,3B0018C2F6,288-2025-02-19,2025-02-19 13:44:39.524,0.1500125646148875,0.022177209573112446,0.07499999999999996
2847,3B00199DE5,291-2025-02-19,2025-02-19 13:45:17.525,0.1070155481356521,0.013757698593873217,0.053999999999999826
2848,3B00192E1E,292-2025-02-19,2025-02-19 13:45:45.524,0.1007525158752752,0.004019721769021554,0.03600000000000003
2849,3B00199DE5,293-2025-02-19,2025-02-19 13:48:42.525,0.1053931838214139,0.015755369818530943,0.05600000000000005
2850,3B00484043,297-2025-02-19,2025-02-19 13:50:11.525,0.0965496452791784,0.012461732674716836,0.052000000000000046
2851,011016B2E1,299-2025-02-19,2025-02-19 13:51:33.526,0.0989155657668921,0.01447363987652526,0.04800000000000004
2852,3B001886D3,311-2025-02-19,2025-02-19 13:57:39.527,0.1055990142430929,0.015298230513389148,0.05000000000000071
2853,3B001886D3,313-2025-02-19,2025-02-19 13:58:30.526,0.1046133910873082,0.005542089467055061,0.043999999999999595
2854,3B004CD4DE,314-2025-02-19,2025-02-19 13:58:41.527,0.1003986183690209,0.012275762042198376,0.06099999999999994
2855,3B001877B5,315-2025-02-19,2025-02-19 13:59:01.526,0.1699783120877087,0.0265133253024243,0.06600000000000006
2856,01103F97C4,316-2025-02-19,2025-02-19 13:59:16.526,0.1830689426539151,0.02812479977784995,0.052999999999999936
2857,3B001886D3,318-2025-02-19,2025-02-19 13:59:45.528,0.1051869651070944,0.011984755113026243,0.05799999999999983
2858,3B00199DE5,320-2025-02-19,2025-02-19 14:00:32.527,0.104928565914372,0.015802744713179766,0.05600000000000005
2859,3B00191394,321-2025-02-19,2025-02-19 14:00:47.527,0.0979645594476272,0.004283977526490153,0.034999999999999976
2860,3B004CD4DE,322-2025-02-19,2025-02-19 14:01:28.528,0.1003986183690209,0.015665835138149172,0.066
2861,3B004CDB63,323-2025-02-19,2025-02-19 14:01:40.527,0.1001657141423627,0.009745248616654673,0.04699999999999993
2862,3B004CEFFE,325-2025-02-19,2025-02-19 14:06:11.529,0.1020544328593473,0.0037778553479107355,0.038999999999999924
2863,3B004CD4DE,326-2025-02-19,2025-02-19 14:06:31.529,0.0751022715648698,0.005363813248102692,0.03699999999999992
2864,011016B2E1,327-2025-02-19,2025-02-19 14:06:34.528,0.0998465834968804,0.013791719129608417,0.05400000000000005
2865,3B001857EE,328-2025-02-19,2025-02-19 14:06:59.528,0.0777267044391392,0.007152206903305064,0.04899999999999999
2866,3B0018C2F6,331-2025-02-19,2025-02-19 14:07:21.529,0.1557496990294127,0.0062078728184595455,0.09799999999999986
2867,3B001886D3,334-2025-02-19,2025-02-19 14:08:02.527,0.1064324350031172,0.01232647446918148,0.05899999999999972
2868,3B0018C2F6,339-2025-02-19,2025-02-19 14:10:23.529,0.1533282011809214,0.024513289254513747,0.04999999999999982
2869,3B00192E1E,340-2025-02-19,2025-02-19 14:10:47.530,0.1001677167016677,0.004345781040181738,0.06999999999999995
2870,3B004CEFFE,341-2025-02-19,2025-02-19 14:11:27.530,0.1020544328593473,0.01101188511808622,0.06299999999999994
2871,3B00484043,342-2025-02-19,2025-02-19 14:15:34.532,0.0974682428139363,0.012180256902914325,0.06400000000000006
2872,01103F97C4,343-2025-02-19,2025-02-19 14:15:38.529,0.183068942653915,0.02521379751162106,0.04799999999999999
2873,01103F97C4,344-2025-02-19,2025-02-19 14:16:54.531,0.1613796337199191,0.02622768276322906,0.05400000000000005
2874,01103F88A1,345-2025-02-19,2025-02-19 14:16:59.530,0.1192401311160237,0.011501265559454715,0.05299999999999999
2875,3B0018A99B,350-2025-02-19,2025-02-19 14:18:58.531,0.0883273548306757,0.012657778594653658,0.05399999999999994
2876,3B0018F763,352-2025-02-19,2025-02-19 14:19:38.530,0.1094391649153988,0.013316047277371623,0.051000000000000045
2877,3B001877B5,353-2025-02-19,2025-02-19 14:20:01.531,0.1658644339680937,0.02325402241231764,0.06700000000000017
2878,3B00191394,355-2025-02-19,2025-02-19 14:20:20.531,0.0962420135327434,0.012066752835284036,0.050999999999999934
2879,3B0018A99B,357-2025-02-19,2025-02-19 14:21:25.532,0.0883273548306757,0.004669081964354222,0.041000000000000036
2880,3B004CD4DE,359-2025-02-19,2025-02-19 14:24:45.534,0.1012637825832143,0.011796970543655264,0.05400000000000005
2881,3B0018C2F6,360-2025-02-19,2025-02-19 14:25:03.533,0.1533442199589741,0.02234333206790744,0.08000000000000007
2882,3B004CD4DE,362-2025-02-19,2025-02-19 14:26:45.532,0.0972755828997005,0.012569392965599011,0.06399999999999983
2883,3B00484043,363-2025-02-19,2025-02-19 14:28:28.533,0.0950761723754081,0.0035583556451861233,0.07799999999999985
2884,3B004CDB63,364-2025-02-19,2025-02-19 14:29:36.534,0.1001657141423628,0.011342369188186712,0.04899999999999993
2885,3B004CDB63,365-2025-02-19,2025-02-19 14:30:40.533,0.1001657141423628,0.010956330405787485,0.06
2886,3B004CDB63,366-2025-02-19,2025-02-19 14:31:23.533,0.0978579239362286,0.012395872952192353,0.050000000000000044
2887,3B004CDB63,367-2025-02-19,2025-02-19 14:31:54.534,0.1001657141423628,0.010706618323260874,0.05800000000000005
2888,3B00192E1E,368-2025-02-19,2025-02-19 14:37:27.535,0.1007525158752752,0.004237499155592969,0.03699999999999992
2889,3B00484043,370-2025-02-19,2025-02-19 14:37:54.535,0.097392428346704,0.01338871474529943,0.053999999999999826
2890,3B001877B5,371-2025-02-19,2025-02-19 14:38:01.536,0.1672961922979934,0.023053536247731047,0.06600000000000028
2891,01103F97C4,372-2025-02-19,2025-02-19 14:38:11.536,0.1745636682793271,0.007992865479448353,0.03799999999999981
2892,3B00191394,373-2025-02-19,2025-02-19 14:38:23.537,0.0979645594476272,0.012648282246247314,0.04799999999999999
2893,3B004CDB63,374-2025-02-19,2025-02-19 14:38:29.535,0.1001657141423628,0.011900790367160553,0.04499999999999993
2894,3B004CA42C,375-2025-02-19,2025-02-19 14:38:57.536,0.0766635509211524,0.007279827748173849,0.07100000000000006
2895,3B00199DE5,376-2025-02-19,2025-02-19 14:39:02.536,0.1037503863464573,0.01576167125213322,0.051000000000000156
2896,3B004CD4DE,378-2025-02-19,2025-02-19 14:43:17.537,0.1003986183690209,0.013541616407457052,0.05900000000000016
2897,3B0018C2F6,379-2025-02-19,2025-02-19 14:46:17.538,0.1522385619756807,0.02601208921251438,0.053999999999999826
2898,3B004CEFFE,380-2025-02-19,2025-02-19 14:46:26.536,0.1020544328593473,0.004394253976025389,0.041000000000000036
2899,3B00191394,382-2025-02-19,2025-02-19 14:46:54.538,0.0979645594476272,0.01181773491005831,0.04799999999999999
2900,3B004B0F76,387-2025-02-19,2025-02-19 14:50:12.538,0.1220906378975628,0.022327264852976328,0.07799999999999985
2901,3B004CDB63,389-2025-02-19,2025-02-19 14:53:08.539,0.096959935770592,0.011529968218430883,0.04999999999999982
2902,01103F97C4,391-2025-02-19,2025-02-19 14:53:58.540,0.1676249623678569,0.0287255869479211,0.052000000000000046
2903,3B004CDB63,393-2025-02-19,2025-02-19 14:55:00.541,0.1001657141423628,0.012212574164235877,0.05399999999999994
2904,01103F97C4,397-2025-02-19,2025-02-19 14:56:55.541,0.1726987873386301,0.025454727538461744,0.051000000000000156
2905,01103F97C4,400-2025-02-19,2025-02-19 14:58:44.540,0.1674725138567293,0.028856288274867893,0.051000000000000156
2906,3B0018C2F6,403-2025-02-19,2025-02-19 15:00:39.541,0.1497482189578545,0.020981788173659113,0.07200000000000006
2907,3B00191394,407-2025-02-19,2025-02-19 15:02:11.542,0.0979645594476272,0.012990879625911205,0.08100000000000007
2908,3B0018C2F6,409-2025-02-19,2025-02-19 15:02:32.541,0.1500125646148875,0.026900441459381558,0.04700000000000015
2909,3B00191394,410-2025-02-19,2025-02-19 15:03:39.541,0.0990829530600594,0.010745412922241557,0.051000000000000156
2910,3B00191394,411-2025-02-19,2025-02-19 15:04:25.543,0.0983215477668667,0.01193389691929274,0.053999999999999826
2911,3B004CEFFE,415-2025-02-19,2025-02-19 15:08:31.543,0.1020544328593473,0.004759044969418511,0.041000000000000036
2912,3B0018F763,417-2025-02-19,2025-02-19 15:09:23.544,0.1047650407338861,0.011304437331371871,0.06000000000000005
2913,3B0018F763,418-2025-02-19,2025-02-19 15:10:19.543,0.1094391649153988,0.006721512109342529,0.04400000000000004
2914,3B00484043,422-2025-02-19,2025-02-19 15:12:30.544,0.0932078621326897,-0.0004899896928041645,0.03700000000000003
2915,3B00191394,428-2025-02-19,2025-02-19 15:13:56.543,0.0979645594476272,0.010946274871093344,0.07299999999999995
2916,3B004CD4DE,433-2025-02-19,2025-02-19 15:15:24.541,0.1032610524604035,0.010427749634118128,0.04599999999999982
2917,3B00199DE5,436-2025-02-19,2025-02-19 15:16:37.539,0.1024394130233541,0.026724657124820875,0.0730000000000004
2918,3B004CDB63,437-2025-02-19,2025-02-19 15:16:50.539,0.0992448823056329,0.004209742719700877,0.08699999999999997
2919,3B0018A99B,438-2025-02-19,2025-02-19 15:17:07.539,0.0883273548306758,0.0012584919681499116,0.020999999999999908
2920,01103F97C4,439-2025-02-19,2025-02-19 15:17:17.540,0.1584999337599584,0.023084804486182997,0.07699999999999996
2921,3B0018A99B,441-2025-02-19,2025-02-19 15:17:39.539,0.0883273548306757,0.005241421887956701,0.041000000000000036
2922,3B004CDB63,443-2025-02-19,2025-02-19 15:18:24.538,0.0992399400024807,0.011675044776715913,0.04799999999999999
2923,3B004CDB63,446-2025-02-19,2025-02-19 15:19:32.537,0.0983364361044697,0.004176432203252223,0.08199999999999985
2924,3B00191394,447-2025-02-19,2025-02-19 15:20:22.538,0.1038250510262535,6.78807857664386e-05,0.05899999999999994
2925,3B00199DE5,449-2025-02-19,2025-02-19 15:20:45.537,0.1051187452413308,0.002188683617297369,0.09199999999999964
2926,3B00199DE5,452-2025-02-19,2025-02-19 15:22:00.535,0.1039900718765323,0.01598836565409007,0.051000000000000156
2927,3B00191394,454-2025-02-19,2025-02-19 15:22:46.535,0.0968499666146718,0.010269186216117453,0.05499999999999994
2928,01103F88A1,455-2025-02-19,2025-02-19 15:23:02.536,0.1723161971451603,0.006449532018698566,0.08100000000000007
2929,3B001877B5,456-2025-02-19,2025-02-19 15:23:10.535,0.1712948837796337,0.02390044822907892,0.06700000000000017
2930,3B00199DE5,467-2025-02-19,2025-02-19 15:31:59.529,0.1051984044051947,0.01519556357709699,0.053999999999999826
2931,0700ED9568,468-2025-02-19,2025-02-19 15:34:10.528,0.162972708751989,0.022373459629949,0.06999999999999995
2932,3B001877B5,470-2025-02-19,2025-02-19 15:34:48.527,0.1695859135211773,0.022653257826595698,0.06700000000000017
2933,3B00484043,471-2025-02-19,2025-02-19 15:34:51.528,0.0932078621326897,0.0008659528857084183,0.061999999999999944
2934,0700ED9568,472-2025-02-19,2025-02-19 15:35:57.528,0.162109329723828,0.024067026224136662,0.06499999999999995
2935,3B0018C2F6,473-2025-02-19,2025-02-19 15:36:06.527,0.1167907152915919,0.026248413245811508,0.07400000000000029
2936,01103F97C4,474-2025-02-19,2025-02-19 15:36:19.526,0.1674166622049918,0.025184716718006987,0.05899999999999994
2937,3B001877B5,476-2025-02-19,2025-02-19 15:37:08.527,0.1721127709483179,0.026210125551585563,0.05600000000000005
2938,0700ED9568,477-2025-02-19,2025-02-19 15:37:42.526,0.1617329043603934,0.024086043130069634,0.07099999999999973
2939,01103F97C4,478-2025-02-19,2025-02-19 15:37:50.526,0.169937018560775,0.012904493277376161,0.050000000000000266
2940,3B0018C2F6,479-2025-02-19,2025-02-19 15:37:55.526,0.1308287169186006,0.025074919080705367,0.06499999999999995
2941,3B00192E1E,481-2025-02-19,2025-02-19 16:02:18.515,0.1007525158752752,0.013083562600787326,0.05699999999999994
2942,3B00484043,483-2025-02-19,2025-02-19 16:02:59.517,0.0932078621326897,-8.144843522958159e-05,0.04700000000000004
2943,3B00199DE5,485-2025-02-19,2025-02-19 16:03:18.516,0.1022486958611114,0.01586257416629996,0.052999999999999936
2944,3B0018C2F6,486-2025-02-19,2025-02-19 16:04:23.514,0.1500125646148875,0.027305792413470163,0.052999999999999936
2945,3B00199DE5,487-2025-02-19,2025-02-19 16:04:29.515,0.1031257337631573,0.016383904217839435,0.05099999999999999
2946,3B0018C2F6,488-2025-02-19,2025-02-19 16:08:43.514,0.1222968600155974,0.02536507476134082,0.08099999999999996
2947,3B004CDB63,491-2025-02-19,2025-02-19 16:14:33.510,0.1001657141423628,0.011025637369574856,0.07
2948,3B004CC5C5,494-2025-02-19,2025-02-19 16:26:28.508,0.0911423546047057,0.01283402169208982,0.05600000000000005
2949,3B001877B5,495-2025-02-19,2025-02-19 16:27:06.507,0.170424761705949,0.025955984129518793,0.05899999999999994
2950,3B004CC5C5,499-2025-02-19,2025-02-19 16:28:15.507,0.0907956262371814,0.013011930793440086,0.052999999999999936
2951,3B004CC5C5,500-2025-02-19,2025-02-19 16:29:37.507,0.0920346095570566,0.014013138081411556,0.06000000000000005
2952,3B004CDB63,503-2025-02-19,2025-02-19 16:29:55.506,0.1564120531543485,0.023275398058002682,0.08899999999999997
2953,3B004CC5C5,504-2025-02-19,2025-02-19 16:30:31.507,0.0920346095570566,0.011203466165432842,0.07399999999999984
2954,3B001877B5,505-2025-02-19,2025-02-19 16:31:39.506,0.1720534263134757,0.026456328376448412,0.06099999999999994
2955,3B004CA42C,506-2025-02-19,2025-02-19 16:31:51.507,0.1083517669085663,0.012975972081052455,0.08000000000000007
2956,3B004CDB63,507-2025-02-19,2025-02-19 16:32:12.507,0.1001657141423628,0.012249974827908893,0.05499999999999999
2957,3B004CC5C5,508-2025-02-19,2025-02-19 16:32:45.505,0.0934465895490382,0.01205376462813419,0.04600000000000004
2958,3B0018A99B,509-2025-02-19,2025-02-19 16:32:57.506,0.0803066425319711,0.006237648642508032,0.049000000000000155
2959,3B004CDB63,512-2025-02-19,2025-02-19 16:34:38.506,0.1001657141423628,0.012259895686238625,0.06300000000000006
2960,3B00199DE5,514-2025-02-19,2025-02-19 16:35:02.505,0.1045035881221839,0.015808511595033815,0.05600000000000005
2961,3B004CDB63,515-2025-02-19,2025-02-19 16:35:50.506,0.0989385358070212,0.012206539089016914,0.06699999999999995
2962,3B004CDB63,516-2025-02-19,2025-02-19 16:36:39.504,0.1001657141423628,0.011657195711463508,0.05400000000000005
2963,3B004CC5C5,520-2025-02-19,2025-02-19 16:37:56.505,0.0919833719743267,0.012806931868169585,0.05400000000000027
2964,3B00484043,521-2025-02-19,2025-02-19 16:38:49.505,0.0932078621326897,4.01244966139877e-06,0.04999999999999982
2965,3B001877B5,523-2025-02-19,2025-02-19 16:39:31.505,0.1695891104699004,0.02892673627263899,0.06000000000000005
2966,3B004CC5C5,524-2025-02-19,2025-02-19 16:39:51.504,0.0941194927117473,0.012086363901879744,0.050000000000000044
2967,3B001816CC,525-2025-02-19,2025-02-19 16:41:23.504,0.0890337103336595,0.012382855982380687,0.063
